chip_id,city,block,split,detector,method,config,level,iou,matches,predictions,references,removed,chance_matches,label
AOI_2_Vegas_img1007,AOI_2_Vegas,AOI_2_Vegas:-11528:3618,test,owlv2,blur_resize,fixed,0.3,0.25,28,151,34,41,10.9,owlv2
AOI_2_Vegas_img1007,AOI_2_Vegas,AOI_2_Vegas:-11528:3618,test,owlv2,blur_resize,fixed,0.45,0.25,25,71,34,46,8.25,owlv2
AOI_2_Vegas_img1007,AOI_2_Vegas,AOI_2_Vegas:-11528:3618,test,owlv2,blur_resize,fixed,0.6,0.25,25,60,34,36,7.95,owlv2
AOI_2_Vegas_img1007,AOI_2_Vegas,AOI_2_Vegas:-11528:3618,test,owlv2,blur_resize,fixed,0.9,0.25,24,49,34,38,6.6,owlv2
AOI_2_Vegas_img1007,AOI_2_Vegas,AOI_2_Vegas:-11528:3618,test,owlv2,blur_resize,fixed,1.2,0.25,25,43,34,36,6.05,owlv2
AOI_2_Vegas_img1007,AOI_2_Vegas,AOI_2_Vegas:-11528:3618,test,owlv2,blur_resize,fixed,1.8,0.25,23,31,34,25,4.6,owlv2
AOI_2_Vegas_img1007,AOI_2_Vegas,AOI_2_Vegas:-11528:3618,test,owlv2,blur_resize,fixed,2.4,0.25,16,23,34,22,4.3,owlv2
AOI_2_Vegas_img1007,AOI_2_Vegas,AOI_2_Vegas:-11528:3618,test,owlv2,blur_resize,fixed,3.6,0.25,0,0,34,0,0.0,owlv2
AOI_2_Vegas_img1007,AOI_2_Vegas,AOI_2_Vegas:-11528:3618,test,owlv2,blur_resize,fixed,5.0,0.25,0,0,34,0,0.0,owlv2
AOI_2_Vegas_img1007,AOI_2_Vegas,AOI_2_Vegas:-11528:3618,test,owlv2,blur_resize,fixed,10.0,0.25,0,0,34,0,0.0,owlv2
AOI_2_Vegas_img101,AOI_2_Vegas,AOI_2_Vegas:-11531:3620,test,owlv2,blur_resize,fixed,0.3,0.25,21,166,30,38,9.6,owlv2
AOI_2_Vegas_img101,AOI_2_Vegas,AOI_2_Vegas:-11531:3620,test,owlv2,blur_resize,fixed,0.45,0.25,19,102,30,30,7.5,owlv2
AOI_2_Vegas_img101,AOI_2_Vegas,AOI_2_Vegas:-11531:3620,test,owlv2,blur_resize,fixed,0.6,0.25,14,76,30,25,5.6,owlv2
AOI_2_Vegas_img101,AOI_2_Vegas,AOI_2_Vegas:-11531:3620,test,owlv2,blur_resize,fixed,0.9,0.25,13,51,30,21,4.5,owlv2
AOI_2_Vegas_img101,AOI_2_Vegas,AOI_2_Vegas:-11531:3620,test,owlv2,blur_resize,fixed,1.2,0.25,8,41,30,20,3.4,owlv2
AOI_2_Vegas_img101,AOI_2_Vegas,AOI_2_Vegas:-11531:3620,test,owlv2,blur_resize,fixed,1.8,0.25,15,56,30,22,5.45,owlv2
AOI_2_Vegas_img101,AOI_2_Vegas,AOI_2_Vegas:-11531:3620,test,owlv2,blur_resize,fixed,2.4,0.25,15,38,30,21,3.75,owlv2
AOI_2_Vegas_img101,AOI_2_Vegas,AOI_2_Vegas:-11531:3620,test,owlv2,blur_resize,fixed,3.6,0.25,4,4,30,9,0.8,owlv2
AOI_2_Vegas_img101,AOI_2_Vegas,AOI_2_Vegas:-11531:3620,test,owlv2,blur_resize,fixed,5.0,0.25,0,0,30,0,0.0,owlv2
AOI_2_Vegas_img101,AOI_2_Vegas,AOI_2_Vegas:-11531:3620,test,owlv2,blur_resize,fixed,10.0,0.25,0,0,30,0,0.0,owlv2
AOI_2_Vegas_img1035,AOI_2_Vegas,AOI_2_Vegas:-11528:3623,test,owlv2,blur_resize,fixed,0.3,0.25,0,0,0,0,0.0,owlv2
AOI_2_Vegas_img1035,AOI_2_Vegas,AOI_2_Vegas:-11528:3623,test,owlv2,blur_resize,fixed,0.45,0.25,0,0,0,0,0.0,owlv2
AOI_2_Vegas_img1035,AOI_2_Vegas,AOI_2_Vegas:-11528:3623,test,owlv2,blur_resize,fixed,0.6,0.25,0,0,0,0,0.0,owlv2
AOI_2_Vegas_img1035,AOI_2_Vegas,AOI_2_Vegas:-11528:3623,test,owlv2,blur_resize,fixed,0.9,0.25,0,0,0,0,0.0,owlv2
AOI_2_Vegas_img1035,AOI_2_Vegas,AOI_2_Vegas:-11528:3623,test,owlv2,blur_resize,fixed,1.2,0.25,0,0,0,0,0.0,owlv2
AOI_2_Vegas_img1035,AOI_2_Vegas,AOI_2_Vegas:-11528:3623,test,owlv2,blur_resize,fixed,1.8,0.25,0,0,0,0,0.0,owlv2
AOI_2_Vegas_img1035,AOI_2_Vegas,AOI_2_Vegas:-11528:3623,test,owlv2,blur_resize,fixed,2.4,0.25,0,0,0,0,0.0,owlv2
AOI_2_Vegas_img1035,AOI_2_Vegas,AOI_2_Vegas:-11528:3623,test,owlv2,blur_resize,fixed,3.6,0.25,0,0,0,0,0.0,owlv2
AOI_2_Vegas_img1035,AOI_2_Vegas,AOI_2_Vegas:-11528:3623,test,owlv2,blur_resize,fixed,5.0,0.25,0,0,0,0,0.0,owlv2
AOI_2_Vegas_img1035,AOI_2_Vegas,AOI_2_Vegas:-11528:3623,test,owlv2,blur_resize,fixed,10.0,0.25,0,0,0,0,0.0,owlv2
AOI_2_Vegas_img1041,AOI_2_Vegas,AOI_2_Vegas:-11528:3613,test,owlv2,blur_resize,fixed,0.3,0.25,33,156,39,62,11.55,owlv2
AOI_2_Vegas_img1041,AOI_2_Vegas,AOI_2_Vegas:-11528:3613,test,owlv2,blur_resize,fixed,0.45,0.25,29,68,39,48,6.95,owlv2
AOI_2_Vegas_img1041,AOI_2_Vegas,AOI_2_Vegas:-11528:3613,test,owlv2,blur_resize,fixed,0.6,0.25,27,53,39,36,7.3,owlv2
AOI_2_Vegas_img1041,AOI_2_Vegas,AOI_2_Vegas:-11528:3613,test,owlv2,blur_resize,fixed,0.9,0.25,24,32,39,17,3.5,owlv2
AOI_2_Vegas_img1041,AOI_2_Vegas,AOI_2_Vegas:-11528:3613,test,owlv2,blur_resize,fixed,1.2,0.25,24,36,39,21,4.55,owlv2
AOI_2_Vegas_img1041,AOI_2_Vegas,AOI_2_Vegas:-11528:3613,test,owlv2,blur_resize,fixed,1.8,0.25,19,21,39,15,2.85,owlv2
AOI_2_Vegas_img1041,AOI_2_Vegas,AOI_2_Vegas:-11528:3613,test,owlv2,blur_resize,fixed,2.4,0.25,8,8,39,7,1.3,owlv2
AOI_2_Vegas_img1041,AOI_2_Vegas,AOI_2_Vegas:-11528:3613,test,owlv2,blur_resize,fixed,3.6,0.25,0,0,39,1,0.0,owlv2
AOI_2_Vegas_img1041,AOI_2_Vegas,AOI_2_Vegas:-11528:3613,test,owlv2,blur_resize,fixed,5.0,0.25,0,0,39,0,0.0,owlv2
AOI_2_Vegas_img1041,AOI_2_Vegas,AOI_2_Vegas:-11528:3613,test,owlv2,blur_resize,fixed,10.0,0.25,0,0,39,0,0.0,owlv2
AOI_2_Vegas_img1104,AOI_2_Vegas,AOI_2_Vegas:-11528:3613,test,owlv2,blur_resize,fixed,0.3,0.25,6,38,10,11,0.05,owlv2
AOI_2_Vegas_img1104,AOI_2_Vegas,AOI_2_Vegas:-11528:3613,test,owlv2,blur_resize,fixed,0.45,0.25,3,7,10,7,0.0,owlv2
AOI_2_Vegas_img1104,AOI_2_Vegas,AOI_2_Vegas:-11528:3613,test,owlv2,blur_resize,fixed,0.6,0.25,1,5,10,6,0.0,owlv2
AOI_2_Vegas_img1104,AOI_2_Vegas,AOI_2_Vegas:-11528:3613,test,owlv2,blur_resize,fixed,0.9,0.25,0,1,10,7,0.0,owlv2
AOI_2_Vegas_img1104,AOI_2_Vegas,AOI_2_Vegas:-11528:3613,test,owlv2,blur_resize,fixed,1.2,0.25,0,3,10,9,0.0,owlv2
AOI_2_Vegas_img1104,AOI_2_Vegas,AOI_2_Vegas:-11528:3613,test,owlv2,blur_resize,fixed,1.8,0.25,0,0,10,6,0.0,owlv2
AOI_2_Vegas_img1104,AOI_2_Vegas,AOI_2_Vegas:-11528:3613,test,owlv2,blur_resize,fixed,2.4,0.25,0,0,10,4,0.0,owlv2
AOI_2_Vegas_img1104,AOI_2_Vegas,AOI_2_Vegas:-11528:3613,test,owlv2,blur_resize,fixed,3.6,0.25,0,0,10,2,0.0,owlv2
AOI_2_Vegas_img1104,AOI_2_Vegas,AOI_2_Vegas:-11528:3613,test,owlv2,blur_resize,fixed,5.0,0.25,0,0,10,5,0.0,owlv2
AOI_2_Vegas_img1104,AOI_2_Vegas,AOI_2_Vegas:-11528:3613,test,owlv2,blur_resize,fixed,10.0,0.25,0,0,10,0,0.0,owlv2
AOI_2_Vegas_img1122,AOI_2_Vegas,AOI_2_Vegas:-11528:3616,test,owlv2,blur_resize,fixed,0.3,0.25,16,112,29,56,6.05,owlv2
AOI_2_Vegas_img1122,AOI_2_Vegas,AOI_2_Vegas:-11528:3616,test,owlv2,blur_resize,fixed,0.45,0.25,13,48,29,37,4.35,owlv2
AOI_2_Vegas_img1122,AOI_2_Vegas,AOI_2_Vegas:-11528:3616,test,owlv2,blur_resize,fixed,0.6,0.25,10,22,29,28,3.3,owlv2
AOI_2_Vegas_img1122,AOI_2_Vegas,AOI_2_Vegas:-11528:3616,test,owlv2,blur_resize,fixed,0.9,0.25,6,7,29,18,1.6,owlv2
AOI_2_Vegas_img1122,AOI_2_Vegas,AOI_2_Vegas:-11528:3616,test,owlv2,blur_resize,fixed,1.2,0.25,4,4,29,5,0.8,owlv2
AOI_2_Vegas_img1122,AOI_2_Vegas,AOI_2_Vegas:-11528:3616,test,owlv2,blur_resize,fixed,1.8,0.25,0,0,29,1,0.0,owlv2
AOI_2_Vegas_img1122,AOI_2_Vegas,AOI_2_Vegas:-11528:3616,test,owlv2,blur_resize,fixed,2.4,0.25,0,0,29,2,0.0,owlv2
AOI_2_Vegas_img1122,AOI_2_Vegas,AOI_2_Vegas:-11528:3616,test,owlv2,blur_resize,fixed,3.6,0.25,0,0,29,1,0.0,owlv2
AOI_2_Vegas_img1122,AOI_2_Vegas,AOI_2_Vegas:-11528:3616,test,owlv2,blur_resize,fixed,5.0,0.25,0,0,29,0,0.0,owlv2
AOI_2_Vegas_img1122,AOI_2_Vegas,AOI_2_Vegas:-11528:3616,test,owlv2,blur_resize,fixed,10.0,0.25,0,0,29,1,0.0,owlv2
AOI_2_Vegas_img1163,AOI_2_Vegas,AOI_2_Vegas:-11528:3623,test,owlv2,blur_resize,fixed,0.3,0.25,31,292,33,51,14.3,owlv2
AOI_2_Vegas_img1163,AOI_2_Vegas,AOI_2_Vegas:-11528:3623,test,owlv2,blur_resize,fixed,0.45,0.25,27,174,33,40,11.75,owlv2
AOI_2_Vegas_img1163,AOI_2_Vegas,AOI_2_Vegas:-11528:3623,test,owlv2,blur_resize,fixed,0.6,0.25,27,139,33,43,11.2,owlv2
AOI_2_Vegas_img1163,AOI_2_Vegas,AOI_2_Vegas:-11528:3623,test,owlv2,blur_resize,fixed,0.9,0.25,25,96,33,39,10.1,owlv2
AOI_2_Vegas_img1163,AOI_2_Vegas,AOI_2_Vegas:-11528:3623,test,owlv2,blur_resize,fixed,1.2,0.25,23,58,33,35,7.5,owlv2
AOI_2_Vegas_img1163,AOI_2_Vegas,AOI_2_Vegas:-11528:3623,test,owlv2,blur_resize,fixed,1.8,0.25,17,28,33,30,5.35,owlv2
AOI_2_Vegas_img1163,AOI_2_Vegas,AOI_2_Vegas:-11528:3623,test,owlv2,blur_resize,fixed,2.4,0.25,9,11,33,25,2.45,owlv2
AOI_2_Vegas_img1163,AOI_2_Vegas,AOI_2_Vegas:-11528:3623,test,owlv2,blur_resize,fixed,3.6,0.25,0,0,33,5,0.0,owlv2
AOI_2_Vegas_img1163,AOI_2_Vegas,AOI_2_Vegas:-11528:3623,test,owlv2,blur_resize,fixed,5.0,0.25,0,0,33,1,0.0,owlv2
AOI_2_Vegas_img1163,AOI_2_Vegas,AOI_2_Vegas:-11528:3623,test,owlv2,blur_resize,fixed,10.0,0.25,0,0,33,0,0.0,owlv2
AOI_2_Vegas_img118,AOI_2_Vegas,AOI_2_Vegas:-11531:3613,test,owlv2,blur_resize,fixed,0.3,0.25,26,263,27,68,16.0,owlv2
AOI_2_Vegas_img118,AOI_2_Vegas,AOI_2_Vegas:-11531:3613,test,owlv2,blur_resize,fixed,0.45,0.25,23,111,27,45,11.05,owlv2
AOI_2_Vegas_img118,AOI_2_Vegas,AOI_2_Vegas:-11531:3613,test,owlv2,blur_resize,fixed,0.6,0.25,23,61,27,24,8.4,owlv2
AOI_2_Vegas_img118,AOI_2_Vegas,AOI_2_Vegas:-11531:3613,test,owlv2,blur_resize,fixed,0.9,0.25,22,51,27,24,7.4,owlv2
AOI_2_Vegas_img118,AOI_2_Vegas,AOI_2_Vegas:-11531:3613,test,owlv2,blur_resize,fixed,1.2,0.25,22,60,27,26,8.45,owlv2
AOI_2_Vegas_img118,AOI_2_Vegas,AOI_2_Vegas:-11531:3613,test,owlv2,blur_resize,fixed,1.8,0.25,21,54,27,22,7.9,owlv2
AOI_2_Vegas_img118,AOI_2_Vegas,AOI_2_Vegas:-11531:3613,test,owlv2,blur_resize,fixed,2.4,0.25,17,23,27,19,4.5,owlv2
AOI_2_Vegas_img118,AOI_2_Vegas,AOI_2_Vegas:-11531:3613,test,owlv2,blur_resize,fixed,3.6,0.25,0,0,27,3,0.0,owlv2
AOI_2_Vegas_img118,AOI_2_Vegas,AOI_2_Vegas:-11531:3613,test,owlv2,blur_resize,fixed,5.0,0.25,0,0,27,0,0.0,owlv2
AOI_2_Vegas_img118,AOI_2_Vegas,AOI_2_Vegas:-11531:3613,test,owlv2,blur_resize,fixed,10.0,0.25,0,0,27,0,0.0,owlv2
AOI_2_Vegas_img1197,AOI_2_Vegas,AOI_2_Vegas:-11528:3618,test,owlv2,blur_resize,fixed,0.3,0.25,49,257,50,42,26.45,owlv2
AOI_2_Vegas_img1197,AOI_2_Vegas,AOI_2_Vegas:-11528:3618,test,owlv2,blur_resize,fixed,0.45,0.25,46,159,50,39,22.25,owlv2
AOI_2_Vegas_img1197,AOI_2_Vegas,AOI_2_Vegas:-11528:3618,test,owlv2,blur_resize,fixed,0.6,0.25,45,127,50,35,19.0,owlv2
AOI_2_Vegas_img1197,AOI_2_Vegas,AOI_2_Vegas:-11528:3618,test,owlv2,blur_resize,fixed,0.9,0.25,38,82,50,38,14.2,owlv2
AOI_2_Vegas_img1197,AOI_2_Vegas,AOI_2_Vegas:-11528:3618,test,owlv2,blur_resize,fixed,1.2,0.25,37,80,50,36,14.0,owlv2
AOI_2_Vegas_img1197,AOI_2_Vegas,AOI_2_Vegas:-11528:3618,test,owlv2,blur_resize,fixed,1.8,0.25,29,43,50,31,9.4,owlv2
AOI_2_Vegas_img1197,AOI_2_Vegas,AOI_2_Vegas:-11528:3618,test,owlv2,blur_resize,fixed,2.4,0.25,4,5,50,14,0.8,owlv2
AOI_2_Vegas_img1197,AOI_2_Vegas,AOI_2_Vegas:-11528:3618,test,owlv2,blur_resize,fixed,3.6,0.25,0,0,50,2,0.0,owlv2
AOI_2_Vegas_img1197,AOI_2_Vegas,AOI_2_Vegas:-11528:3618,test,owlv2,blur_resize,fixed,5.0,0.25,0,0,50,2,0.0,owlv2
AOI_2_Vegas_img1197,AOI_2_Vegas,AOI_2_Vegas:-11528:3618,test,owlv2,blur_resize,fixed,10.0,0.25,0,0,50,0,0.0,owlv2
AOI_2_Vegas_img1215,AOI_2_Vegas,AOI_2_Vegas:-11528:3621,test,owlv2,blur_resize,fixed,0.3,0.25,26,276,29,44,16.15,owlv2
AOI_2_Vegas_img1215,AOI_2_Vegas,AOI_2_Vegas:-11528:3621,test,owlv2,blur_resize,fixed,0.45,0.25,23,115,29,31,10.6,owlv2
AOI_2_Vegas_img1215,AOI_2_Vegas,AOI_2_Vegas:-11528:3621,test,owlv2,blur_resize,fixed,0.6,0.25,21,80,29,19,9.5,owlv2
AOI_2_Vegas_img1215,AOI_2_Vegas,AOI_2_Vegas:-11528:3621,test,owlv2,blur_resize,fixed,0.9,0.25,18,36,29,6,5.6,owlv2
AOI_2_Vegas_img1215,AOI_2_Vegas,AOI_2_Vegas:-11528:3621,test,owlv2,blur_resize,fixed,1.2,0.25,18,35,29,9,5.6,owlv2
AOI_2_Vegas_img1215,AOI_2_Vegas,AOI_2_Vegas:-11528:3621,test,owlv2,blur_resize,fixed,1.8,0.25,17,29,29,11,5.15,owlv2
AOI_2_Vegas_img1215,AOI_2_Vegas,AOI_2_Vegas:-11528:3621,test,owlv2,blur_resize,fixed,2.4,0.25,1,1,29,1,0.35,owlv2
AOI_2_Vegas_img1215,AOI_2_Vegas,AOI_2_Vegas:-11528:3621,test,owlv2,blur_resize,fixed,3.6,0.25,0,0,29,0,0.0,owlv2
AOI_2_Vegas_img1215,AOI_2_Vegas,AOI_2_Vegas:-11528:3621,test,owlv2,blur_resize,fixed,5.0,0.25,0,0,29,0,0.0,owlv2
AOI_2_Vegas_img1215,AOI_2_Vegas,AOI_2_Vegas:-11528:3621,test,owlv2,blur_resize,fixed,10.0,0.25,0,0,29,0,0.0,owlv2
AOI_2_Vegas_img1216,AOI_2_Vegas,AOI_2_Vegas:-11528:3621,test,owlv2,blur_resize,fixed,0.3,0.25,29,325,31,42,11.05,owlv2
AOI_2_Vegas_img1216,AOI_2_Vegas,AOI_2_Vegas:-11528:3621,test,owlv2,blur_resize,fixed,0.45,0.25,28,135,31,23,7.45,owlv2
AOI_2_Vegas_img1216,AOI_2_Vegas,AOI_2_Vegas:-11528:3621,test,owlv2,blur_resize,fixed,0.6,0.25,25,81,31,18,6.7,owlv2
AOI_2_Vegas_img1216,AOI_2_Vegas,AOI_2_Vegas:-11528:3621,test,owlv2,blur_resize,fixed,0.9,0.25,24,43,31,12,4.9,owlv2
AOI_2_Vegas_img1216,AOI_2_Vegas,AOI_2_Vegas:-11528:3621,test,owlv2,blur_resize,fixed,1.2,0.25,22,39,31,10,3.7,owlv2
AOI_2_Vegas_img1216,AOI_2_Vegas,AOI_2_Vegas:-11528:3621,test,owlv2,blur_resize,fixed,1.8,0.25,22,33,31,6,4.2,owlv2
AOI_2_Vegas_img1216,AOI_2_Vegas,AOI_2_Vegas:-11528:3621,test,owlv2,blur_resize,fixed,2.4,0.25,22,26,31,3,2.5,owlv2
AOI_2_Vegas_img1216,AOI_2_Vegas,AOI_2_Vegas:-11528:3621,test,owlv2,blur_resize,fixed,3.6,0.25,6,6,31,3,1.0,owlv2
AOI_2_Vegas_img1216,AOI_2_Vegas,AOI_2_Vegas:-11528:3621,test,owlv2,blur_resize,fixed,5.0,0.25,0,0,31,0,0.0,owlv2
AOI_2_Vegas_img1216,AOI_2_Vegas,AOI_2_Vegas:-11528:3621,test,owlv2,blur_resize,fixed,10.0,0.25,0,0,31,0,0.0,owlv2
AOI_2_Vegas_img1217,AOI_2_Vegas,AOI_2_Vegas:-11528:3621,test,owlv2,blur_resize,fixed,0.3,0.25,50,210,52,51,27.1,owlv2
AOI_2_Vegas_img1217,AOI_2_Vegas,AOI_2_Vegas:-11528:3621,test,owlv2,blur_resize,fixed,0.45,0.25,48,121,52,41,20.6,owlv2
AOI_2_Vegas_img1217,AOI_2_Vegas,AOI_2_Vegas:-11528:3621,test,owlv2,blur_resize,fixed,0.6,0.25,48,103,52,30,19.65,owlv2
AOI_2_Vegas_img1217,AOI_2_Vegas,AOI_2_Vegas:-11528:3621,test,owlv2,blur_resize,fixed,0.9,0.25,46,87,52,27,17.65,owlv2
AOI_2_Vegas_img1217,AOI_2_Vegas,AOI_2_Vegas:-11528:3621,test,owlv2,blur_resize,fixed,1.2,0.25,46,72,52,31,15.85,owlv2
AOI_2_Vegas_img1217,AOI_2_Vegas,AOI_2_Vegas:-11528:3621,test,owlv2,blur_resize,fixed,1.8,0.25,43,52,52,29,12.55,owlv2
AOI_2_Vegas_img1217,AOI_2_Vegas,AOI_2_Vegas:-11528:3621,test,owlv2,blur_resize,fixed,2.4,0.25,37,39,52,20,10.25,owlv2
AOI_2_Vegas_img1217,AOI_2_Vegas,AOI_2_Vegas:-11528:3621,test,owlv2,blur_resize,fixed,3.6,0.25,0,0,52,4,0.0,owlv2
AOI_2_Vegas_img1217,AOI_2_Vegas,AOI_2_Vegas:-11528:3621,test,owlv2,blur_resize,fixed,5.0,0.25,0,0,52,0,0.0,owlv2
AOI_2_Vegas_img1217,AOI_2_Vegas,AOI_2_Vegas:-11528:3621,test,owlv2,blur_resize,fixed,10.0,0.25,0,0,52,0,0.0,owlv2
AOI_2_Vegas_img1246,AOI_2_Vegas,AOI_2_Vegas:-11528:3615,test,owlv2,blur_resize,fixed,0.3,0.25,29,155,40,41,10.85,owlv2
AOI_2_Vegas_img1246,AOI_2_Vegas,AOI_2_Vegas:-11528:3615,test,owlv2,blur_resize,fixed,0.45,0.25,26,92,40,33,9.85,owlv2
AOI_2_Vegas_img1246,AOI_2_Vegas,AOI_2_Vegas:-11528:3615,test,owlv2,blur_resize,fixed,0.6,0.25,24,65,40,37,8.9,owlv2
AOI_2_Vegas_img1246,AOI_2_Vegas,AOI_2_Vegas:-11528:3615,test,owlv2,blur_resize,fixed,0.9,0.25,22,56,40,35,8.05,owlv2
AOI_2_Vegas_img1246,AOI_2_Vegas,AOI_2_Vegas:-11528:3615,test,owlv2,blur_resize,fixed,1.2,0.25,20,45,40,32,7.4,owlv2
AOI_2_Vegas_img1246,AOI_2_Vegas,AOI_2_Vegas:-11528:3615,test,owlv2,blur_resize,fixed,1.8,0.25,18,31,40,24,5.25,owlv2
AOI_2_Vegas_img1246,AOI_2_Vegas,AOI_2_Vegas:-11528:3615,test,owlv2,blur_resize,fixed,2.4,0.25,1,2,40,5,0.65,owlv2
AOI_2_Vegas_img1246,AOI_2_Vegas,AOI_2_Vegas:-11528:3615,test,owlv2,blur_resize,fixed,3.6,0.25,0,0,40,0,0.0,owlv2
AOI_2_Vegas_img1246,AOI_2_Vegas,AOI_2_Vegas:-11528:3615,test,owlv2,blur_resize,fixed,5.0,0.25,0,0,40,0,0.0,owlv2
AOI_2_Vegas_img1246,AOI_2_Vegas,AOI_2_Vegas:-11528:3615,test,owlv2,blur_resize,fixed,10.0,0.25,0,0,40,1,0.0,owlv2
AOI_2_Vegas_img1290,AOI_2_Vegas,AOI_2_Vegas:-11528:3623,test,owlv2,blur_resize,fixed,0.3,0.25,41,105,45,31,12.65,owlv2
AOI_2_Vegas_img1290,AOI_2_Vegas,AOI_2_Vegas:-11528:3623,test,owlv2,blur_resize,fixed,0.45,0.25,37,58,45,28,9.35,owlv2
AOI_2_Vegas_img1290,AOI_2_Vegas,AOI_2_Vegas:-11528:3623,test,owlv2,blur_resize,fixed,0.6,0.25,26,38,45,25,6.2,owlv2
AOI_2_Vegas_img1290,AOI_2_Vegas,AOI_2_Vegas:-11528:3623,test,owlv2,blur_resize,fixed,0.9,0.25,23,28,45,20,4.05,owlv2
AOI_2_Vegas_img1290,AOI_2_Vegas,AOI_2_Vegas:-11528:3623,test,owlv2,blur_resize,fixed,1.2,0.25,27,35,45,27,6.15,owlv2
AOI_2_Vegas_img1290,AOI_2_Vegas,AOI_2_Vegas:-11528:3623,test,owlv2,blur_resize,fixed,1.8,0.25,12,21,45,23,3.5,owlv2
AOI_2_Vegas_img1290,AOI_2_Vegas,AOI_2_Vegas:-11528:3623,test,owlv2,blur_resize,fixed,2.4,0.25,6,7,45,16,0.85,owlv2
AOI_2_Vegas_img1290,AOI_2_Vegas,AOI_2_Vegas:-11528:3623,test,owlv2,blur_resize,fixed,3.6,0.25,0,0,45,0,0.0,owlv2
AOI_2_Vegas_img1290,AOI_2_Vegas,AOI_2_Vegas:-11528:3623,test,owlv2,blur_resize,fixed,5.0,0.25,0,0,45,1,0.0,owlv2
AOI_2_Vegas_img1290,AOI_2_Vegas,AOI_2_Vegas:-11528:3623,test,owlv2,blur_resize,fixed,10.0,0.25,0,0,45,0,0.0,owlv2
AOI_2_Vegas_img1381,AOI_2_Vegas,AOI_2_Vegas:-11527:3617,test,owlv2,blur_resize,fixed,0.3,0.25,50,234,52,52,20.1,owlv2
AOI_2_Vegas_img1381,AOI_2_Vegas,AOI_2_Vegas:-11527:3617,test,owlv2,blur_resize,fixed,0.45,0.25,38,67,52,25,11.35,owlv2
AOI_2_Vegas_img1381,AOI_2_Vegas,AOI_2_Vegas:-11527:3617,test,owlv2,blur_resize,fixed,0.6,0.25,29,41,52,17,9.7,owlv2
AOI_2_Vegas_img1381,AOI_2_Vegas,AOI_2_Vegas:-11527:3617,test,owlv2,blur_resize,fixed,0.9,0.25,23,28,52,12,6.95,owlv2
AOI_2_Vegas_img1381,AOI_2_Vegas,AOI_2_Vegas:-11527:3617,test,owlv2,blur_resize,fixed,1.2,0.25,24,32,52,14,7.55,owlv2
AOI_2_Vegas_img1381,AOI_2_Vegas,AOI_2_Vegas:-11527:3617,test,owlv2,blur_resize,fixed,1.8,0.25,11,12,52,3,3.6,owlv2
AOI_2_Vegas_img1381,AOI_2_Vegas,AOI_2_Vegas:-11527:3617,test,owlv2,blur_resize,fixed,2.4,0.25,0,0,52,1,0.0,owlv2
AOI_2_Vegas_img1381,AOI_2_Vegas,AOI_2_Vegas:-11527:3617,test,owlv2,blur_resize,fixed,3.6,0.25,0,0,52,0,0.0,owlv2
AOI_2_Vegas_img1381,AOI_2_Vegas,AOI_2_Vegas:-11527:3617,test,owlv2,blur_resize,fixed,5.0,0.25,0,0,52,0,0.0,owlv2
AOI_2_Vegas_img1381,AOI_2_Vegas,AOI_2_Vegas:-11527:3617,test,owlv2,blur_resize,fixed,10.0,0.25,0,0,52,0,0.0,owlv2
AOI_2_Vegas_img139,AOI_2_Vegas,AOI_2_Vegas:-11531:3617,test,owlv2,blur_resize,fixed,0.3,0.25,23,154,26,26,7.15,owlv2
AOI_2_Vegas_img139,AOI_2_Vegas,AOI_2_Vegas:-11531:3617,test,owlv2,blur_resize,fixed,0.45,0.25,17,75,26,22,5.15,owlv2
AOI_2_Vegas_img139,AOI_2_Vegas,AOI_2_Vegas:-11531:3617,test,owlv2,blur_resize,fixed,0.6,0.25,16,63,26,21,4.65,owlv2
AOI_2_Vegas_img139,AOI_2_Vegas,AOI_2_Vegas:-11531:3617,test,owlv2,blur_resize,fixed,0.9,0.25,18,45,26,17,3.85,owlv2
AOI_2_Vegas_img139,AOI_2_Vegas,AOI_2_Vegas:-11531:3617,test,owlv2,blur_resize,fixed,1.2,0.25,20,61,26,21,5.05,owlv2
AOI_2_Vegas_img139,AOI_2_Vegas,AOI_2_Vegas:-11531:3617,test,owlv2,blur_resize,fixed,1.8,0.25,10,28,26,27,3.1,owlv2
AOI_2_Vegas_img139,AOI_2_Vegas,AOI_2_Vegas:-11531:3617,test,owlv2,blur_resize,fixed,2.4,0.25,2,2,26,16,0.45,owlv2
AOI_2_Vegas_img139,AOI_2_Vegas,AOI_2_Vegas:-11531:3617,test,owlv2,blur_resize,fixed,3.6,0.25,0,0,26,8,0.0,owlv2
AOI_2_Vegas_img139,AOI_2_Vegas,AOI_2_Vegas:-11531:3617,test,owlv2,blur_resize,fixed,5.0,0.25,0,0,26,6,0.0,owlv2
AOI_2_Vegas_img139,AOI_2_Vegas,AOI_2_Vegas:-11531:3617,test,owlv2,blur_resize,fixed,10.0,0.25,0,0,26,0,0.0,owlv2
AOI_2_Vegas_img1489,AOI_2_Vegas,AOI_2_Vegas:-11527:3614,test,owlv2,blur_resize,fixed,0.3,0.25,4,25,14,40,0.85,owlv2
AOI_2_Vegas_img1489,AOI_2_Vegas,AOI_2_Vegas:-11527:3614,test,owlv2,blur_resize,fixed,0.45,0.25,2,3,14,17,0.25,owlv2
AOI_2_Vegas_img1489,AOI_2_Vegas,AOI_2_Vegas:-11527:3614,test,owlv2,blur_resize,fixed,0.6,0.25,0,1,14,9,0.1,owlv2
AOI_2_Vegas_img1489,AOI_2_Vegas,AOI_2_Vegas:-11527:3614,test,owlv2,blur_resize,fixed,0.9,0.25,0,0,14,0,0.0,owlv2
AOI_2_Vegas_img1489,AOI_2_Vegas,AOI_2_Vegas:-11527:3614,test,owlv2,blur_resize,fixed,1.2,0.25,0,0,14,0,0.0,owlv2
AOI_2_Vegas_img1489,AOI_2_Vegas,AOI_2_Vegas:-11527:3614,test,owlv2,blur_resize,fixed,1.8,0.25,0,0,14,0,0.0,owlv2
AOI_2_Vegas_img1489,AOI_2_Vegas,AOI_2_Vegas:-11527:3614,test,owlv2,blur_resize,fixed,2.4,0.25,0,0,14,0,0.0,owlv2
AOI_2_Vegas_img1489,AOI_2_Vegas,AOI_2_Vegas:-11527:3614,test,owlv2,blur_resize,fixed,3.6,0.25,0,0,14,2,0.0,owlv2
AOI_2_Vegas_img1489,AOI_2_Vegas,AOI_2_Vegas:-11527:3614,test,owlv2,blur_resize,fixed,5.0,0.25,0,0,14,1,0.0,owlv2
AOI_2_Vegas_img1489,AOI_2_Vegas,AOI_2_Vegas:-11527:3614,test,owlv2,blur_resize,fixed,10.0,0.25,0,0,14,0,0.0,owlv2
AOI_2_Vegas_img1504,AOI_2_Vegas,AOI_2_Vegas:-11527:3616,test,owlv2,blur_resize,fixed,0.3,0.25,9,65,11,7,0.85,owlv2
AOI_2_Vegas_img1504,AOI_2_Vegas,AOI_2_Vegas:-11527:3616,test,owlv2,blur_resize,fixed,0.45,0.25,9,47,11,6,0.7,owlv2
AOI_2_Vegas_img1504,AOI_2_Vegas,AOI_2_Vegas:-11527:3616,test,owlv2,blur_resize,fixed,0.6,0.25,9,33,11,6,0.7,owlv2
AOI_2_Vegas_img1504,AOI_2_Vegas,AOI_2_Vegas:-11527:3616,test,owlv2,blur_resize,fixed,0.9,0.25,9,20,11,4,0.55,owlv2
AOI_2_Vegas_img1504,AOI_2_Vegas,AOI_2_Vegas:-11527:3616,test,owlv2,blur_resize,fixed,1.2,0.25,8,16,11,0,0.1,owlv2
AOI_2_Vegas_img1504,AOI_2_Vegas,AOI_2_Vegas:-11527:3616,test,owlv2,blur_resize,fixed,1.8,0.25,4,4,11,0,0.0,owlv2
AOI_2_Vegas_img1504,AOI_2_Vegas,AOI_2_Vegas:-11527:3616,test,owlv2,blur_resize,fixed,2.4,0.25,1,1,11,0,0.0,owlv2
AOI_2_Vegas_img1504,AOI_2_Vegas,AOI_2_Vegas:-11527:3616,test,owlv2,blur_resize,fixed,3.6,0.25,0,0,11,1,0.0,owlv2
AOI_2_Vegas_img1504,AOI_2_Vegas,AOI_2_Vegas:-11527:3616,test,owlv2,blur_resize,fixed,5.0,0.25,0,0,11,0,0.0,owlv2
AOI_2_Vegas_img1504,AOI_2_Vegas,AOI_2_Vegas:-11527:3616,test,owlv2,blur_resize,fixed,10.0,0.25,0,0,11,0,0.0,owlv2
AOI_2_Vegas_img1510,AOI_2_Vegas,AOI_2_Vegas:-11527:3618,test,owlv2,blur_resize,fixed,0.3,0.25,1,22,1,6,0.0,owlv2
AOI_2_Vegas_img1510,AOI_2_Vegas,AOI_2_Vegas:-11527:3618,test,owlv2,blur_resize,fixed,0.45,0.25,1,11,1,3,0.05,owlv2
AOI_2_Vegas_img1510,AOI_2_Vegas,AOI_2_Vegas:-11527:3618,test,owlv2,blur_resize,fixed,0.6,0.25,1,6,1,3,0.0,owlv2
AOI_2_Vegas_img1510,AOI_2_Vegas,AOI_2_Vegas:-11527:3618,test,owlv2,blur_resize,fixed,0.9,0.25,0,3,1,1,0.0,owlv2
AOI_2_Vegas_img1510,AOI_2_Vegas,AOI_2_Vegas:-11527:3618,test,owlv2,blur_resize,fixed,1.2,0.25,0,2,1,1,0.0,owlv2
AOI_2_Vegas_img1510,AOI_2_Vegas,AOI_2_Vegas:-11527:3618,test,owlv2,blur_resize,fixed,1.8,0.25,0,0,1,1,0.0,owlv2
AOI_2_Vegas_img1510,AOI_2_Vegas,AOI_2_Vegas:-11527:3618,test,owlv2,blur_resize,fixed,2.4,0.25,0,0,1,0,0.0,owlv2
AOI_2_Vegas_img1510,AOI_2_Vegas,AOI_2_Vegas:-11527:3618,test,owlv2,blur_resize,fixed,3.6,0.25,0,0,1,0,0.0,owlv2
AOI_2_Vegas_img1510,AOI_2_Vegas,AOI_2_Vegas:-11527:3618,test,owlv2,blur_resize,fixed,5.0,0.25,0,0,1,0,0.0,owlv2
AOI_2_Vegas_img1510,AOI_2_Vegas,AOI_2_Vegas:-11527:3618,test,owlv2,blur_resize,fixed,10.0,0.25,0,0,1,0,0.0,owlv2
AOI_2_Vegas_img1536,AOI_2_Vegas,AOI_2_Vegas:-11527:3622,test,owlv2,blur_resize,fixed,0.3,0.25,17,71,24,29,2.55,owlv2
AOI_2_Vegas_img1536,AOI_2_Vegas,AOI_2_Vegas:-11527:3622,test,owlv2,blur_resize,fixed,0.45,0.25,15,50,24,29,3.7,owlv2
AOI_2_Vegas_img1536,AOI_2_Vegas,AOI_2_Vegas:-11527:3622,test,owlv2,blur_resize,fixed,0.6,0.25,14,36,24,21,2.1,owlv2
AOI_2_Vegas_img1536,AOI_2_Vegas,AOI_2_Vegas:-11527:3622,test,owlv2,blur_resize,fixed,0.9,0.25,12,25,24,18,2.3,owlv2
AOI_2_Vegas_img1536,AOI_2_Vegas,AOI_2_Vegas:-11527:3622,test,owlv2,blur_resize,fixed,1.2,0.25,5,12,24,14,0.65,owlv2
AOI_2_Vegas_img1536,AOI_2_Vegas,AOI_2_Vegas:-11527:3622,test,owlv2,blur_resize,fixed,1.8,0.25,3,5,24,11,0.5,owlv2
AOI_2_Vegas_img1536,AOI_2_Vegas,AOI_2_Vegas:-11527:3622,test,owlv2,blur_resize,fixed,2.4,0.25,0,0,24,3,0.0,owlv2
AOI_2_Vegas_img1536,AOI_2_Vegas,AOI_2_Vegas:-11527:3622,test,owlv2,blur_resize,fixed,3.6,0.25,0,0,24,0,0.0,owlv2
AOI_2_Vegas_img1536,AOI_2_Vegas,AOI_2_Vegas:-11527:3622,test,owlv2,blur_resize,fixed,5.0,0.25,0,0,24,0,0.0,owlv2
AOI_2_Vegas_img1536,AOI_2_Vegas,AOI_2_Vegas:-11527:3622,test,owlv2,blur_resize,fixed,10.0,0.25,0,0,24,0,0.0,owlv2
AOI_2_Vegas_img1540,AOI_2_Vegas,AOI_2_Vegas:-11527:3623,test,owlv2,blur_resize,fixed,0.3,0.25,34,138,36,36,11.05,owlv2
AOI_2_Vegas_img1540,AOI_2_Vegas,AOI_2_Vegas:-11527:3623,test,owlv2,blur_resize,fixed,0.45,0.25,33,57,36,22,8.25,owlv2
AOI_2_Vegas_img1540,AOI_2_Vegas,AOI_2_Vegas:-11527:3623,test,owlv2,blur_resize,fixed,0.6,0.25,29,45,36,17,8.15,owlv2
AOI_2_Vegas_img1540,AOI_2_Vegas,AOI_2_Vegas:-11527:3623,test,owlv2,blur_resize,fixed,0.9,0.25,23,32,36,17,5.45,owlv2
AOI_2_Vegas_img1540,AOI_2_Vegas,AOI_2_Vegas:-11527:3623,test,owlv2,blur_resize,fixed,1.2,0.25,14,17,36,12,3.9,owlv2
AOI_2_Vegas_img1540,AOI_2_Vegas,AOI_2_Vegas:-11527:3623,test,owlv2,blur_resize,fixed,1.8,0.25,5,7,36,12,1.05,owlv2
AOI_2_Vegas_img1540,AOI_2_Vegas,AOI_2_Vegas:-11527:3623,test,owlv2,blur_resize,fixed,2.4,0.25,1,1,36,10,0.35,owlv2
AOI_2_Vegas_img1540,AOI_2_Vegas,AOI_2_Vegas:-11527:3623,test,owlv2,blur_resize,fixed,3.6,0.25,0,0,36,11,0.0,owlv2
AOI_2_Vegas_img1540,AOI_2_Vegas,AOI_2_Vegas:-11527:3623,test,owlv2,blur_resize,fixed,5.0,0.25,0,0,36,1,0.0,owlv2
AOI_2_Vegas_img1540,AOI_2_Vegas,AOI_2_Vegas:-11527:3623,test,owlv2,blur_resize,fixed,10.0,0.25,0,0,36,0,0.0,owlv2
AOI_2_Vegas_img1542,AOI_2_Vegas,AOI_2_Vegas:-11527:3612,test,owlv2,blur_resize,fixed,0.3,0.25,58,273,61,42,33.5,owlv2
AOI_2_Vegas_img1542,AOI_2_Vegas,AOI_2_Vegas:-11527:3612,test,owlv2,blur_resize,fixed,0.45,0.25,53,135,61,28,24.85,owlv2
AOI_2_Vegas_img1542,AOI_2_Vegas,AOI_2_Vegas:-11527:3612,test,owlv2,blur_resize,fixed,0.6,0.25,35,55,61,18,13.95,owlv2
AOI_2_Vegas_img1542,AOI_2_Vegas,AOI_2_Vegas:-11527:3612,test,owlv2,blur_resize,fixed,0.9,0.25,10,20,61,15,5.35,owlv2
AOI_2_Vegas_img1542,AOI_2_Vegas,AOI_2_Vegas:-11527:3612,test,owlv2,blur_resize,fixed,1.2,0.25,2,5,61,9,1.8,owlv2
AOI_2_Vegas_img1542,AOI_2_Vegas,AOI_2_Vegas:-11527:3612,test,owlv2,blur_resize,fixed,1.8,0.25,0,4,61,7,0.85,owlv2
AOI_2_Vegas_img1542,AOI_2_Vegas,AOI_2_Vegas:-11527:3612,test,owlv2,blur_resize,fixed,2.4,0.25,0,0,61,4,0.0,owlv2
AOI_2_Vegas_img1542,AOI_2_Vegas,AOI_2_Vegas:-11527:3612,test,owlv2,blur_resize,fixed,3.6,0.25,0,0,61,1,0.0,owlv2
AOI_2_Vegas_img1542,AOI_2_Vegas,AOI_2_Vegas:-11527:3612,test,owlv2,blur_resize,fixed,5.0,0.25,0,0,61,0,0.0,owlv2
AOI_2_Vegas_img1542,AOI_2_Vegas,AOI_2_Vegas:-11527:3612,test,owlv2,blur_resize,fixed,10.0,0.25,0,0,61,0,0.0,owlv2
AOI_2_Vegas_img1548,AOI_2_Vegas,AOI_2_Vegas:-11527:3613,test,owlv2,blur_resize,fixed,0.3,0.25,16,155,26,59,6.0,owlv2
AOI_2_Vegas_img1548,AOI_2_Vegas,AOI_2_Vegas:-11527:3613,test,owlv2,blur_resize,fixed,0.45,0.25,14,107,26,55,6.0,owlv2
AOI_2_Vegas_img1548,AOI_2_Vegas,AOI_2_Vegas:-11527:3613,test,owlv2,blur_resize,fixed,0.6,0.25,14,86,26,60,5.1,owlv2
AOI_2_Vegas_img1548,AOI_2_Vegas,AOI_2_Vegas:-11527:3613,test,owlv2,blur_resize,fixed,0.9,0.25,14,71,26,57,4.9,owlv2
AOI_2_Vegas_img1548,AOI_2_Vegas,AOI_2_Vegas:-11527:3613,test,owlv2,blur_resize,fixed,1.2,0.25,12,71,26,59,5.05,owlv2
AOI_2_Vegas_img1548,AOI_2_Vegas,AOI_2_Vegas:-11527:3613,test,owlv2,blur_resize,fixed,1.8,0.25,6,15,26,30,1.3,owlv2
AOI_2_Vegas_img1548,AOI_2_Vegas,AOI_2_Vegas:-11527:3613,test,owlv2,blur_resize,fixed,2.4,0.25,1,3,26,11,0.55,owlv2
AOI_2_Vegas_img1548,AOI_2_Vegas,AOI_2_Vegas:-11527:3613,test,owlv2,blur_resize,fixed,3.6,0.25,0,0,26,0,0.0,owlv2
AOI_2_Vegas_img1548,AOI_2_Vegas,AOI_2_Vegas:-11527:3613,test,owlv2,blur_resize,fixed,5.0,0.25,0,0,26,0,0.0,owlv2
AOI_2_Vegas_img1548,AOI_2_Vegas,AOI_2_Vegas:-11527:3613,test,owlv2,blur_resize,fixed,10.0,0.25,0,0,26,0,0.0,owlv2
AOI_2_Vegas_img1566,AOI_2_Vegas,AOI_2_Vegas:-11527:3616,test,owlv2,blur_resize,fixed,0.3,0.25,14,75,16,35,1.15,owlv2
AOI_2_Vegas_img1566,AOI_2_Vegas,AOI_2_Vegas:-11527:3616,test,owlv2,blur_resize,fixed,0.45,0.25,13,48,16,38,0.75,owlv2
AOI_2_Vegas_img1566,AOI_2_Vegas,AOI_2_Vegas:-11527:3616,test,owlv2,blur_resize,fixed,0.6,0.25,13,38,16,24,0.65,owlv2
AOI_2_Vegas_img1566,AOI_2_Vegas,AOI_2_Vegas:-11527:3616,test,owlv2,blur_resize,fixed,0.9,0.25,9,15,16,19,0.25,owlv2
AOI_2_Vegas_img1566,AOI_2_Vegas,AOI_2_Vegas:-11527:3616,test,owlv2,blur_resize,fixed,1.2,0.25,2,4,16,18,0.1,owlv2
AOI_2_Vegas_img1566,AOI_2_Vegas,AOI_2_Vegas:-11527:3616,test,owlv2,blur_resize,fixed,1.8,0.25,0,0,16,8,0.0,owlv2
AOI_2_Vegas_img1566,AOI_2_Vegas,AOI_2_Vegas:-11527:3616,test,owlv2,blur_resize,fixed,2.4,0.25,0,0,16,12,0.0,owlv2
AOI_2_Vegas_img1566,AOI_2_Vegas,AOI_2_Vegas:-11527:3616,test,owlv2,blur_resize,fixed,3.6,0.25,0,0,16,8,0.0,owlv2
AOI_2_Vegas_img1566,AOI_2_Vegas,AOI_2_Vegas:-11527:3616,test,owlv2,blur_resize,fixed,5.0,0.25,0,0,16,4,0.0,owlv2
AOI_2_Vegas_img1566,AOI_2_Vegas,AOI_2_Vegas:-11527:3616,test,owlv2,blur_resize,fixed,10.0,0.25,0,0,16,0,0.0,owlv2
AOI_2_Vegas_img1582,AOI_2_Vegas,AOI_2_Vegas:-11527:3619,test,owlv2,blur_resize,fixed,0.3,0.25,13,90,19,56,1.6,owlv2
AOI_2_Vegas_img1582,AOI_2_Vegas,AOI_2_Vegas:-11527:3619,test,owlv2,blur_resize,fixed,0.45,0.25,10,25,19,34,1.25,owlv2
AOI_2_Vegas_img1582,AOI_2_Vegas,AOI_2_Vegas:-11527:3619,test,owlv2,blur_resize,fixed,0.6,0.25,10,24,19,34,1.0,owlv2
AOI_2_Vegas_img1582,AOI_2_Vegas,AOI_2_Vegas:-11527:3619,test,owlv2,blur_resize,fixed,0.9,0.25,5,8,19,16,0.35,owlv2
AOI_2_Vegas_img1582,AOI_2_Vegas,AOI_2_Vegas:-11527:3619,test,owlv2,blur_resize,fixed,1.2,0.25,4,4,19,17,0.1,owlv2
AOI_2_Vegas_img1582,AOI_2_Vegas,AOI_2_Vegas:-11527:3619,test,owlv2,blur_resize,fixed,1.8,0.25,3,6,19,21,0.45,owlv2
AOI_2_Vegas_img1582,AOI_2_Vegas,AOI_2_Vegas:-11527:3619,test,owlv2,blur_resize,fixed,2.4,0.25,4,4,19,19,0.25,owlv2
AOI_2_Vegas_img1582,AOI_2_Vegas,AOI_2_Vegas:-11527:3619,test,owlv2,blur_resize,fixed,3.6,0.25,0,0,19,1,0.0,owlv2
AOI_2_Vegas_img1582,AOI_2_Vegas,AOI_2_Vegas:-11527:3619,test,owlv2,blur_resize,fixed,5.0,0.25,0,0,19,0,0.0,owlv2
AOI_2_Vegas_img1582,AOI_2_Vegas,AOI_2_Vegas:-11527:3619,test,owlv2,blur_resize,fixed,10.0,0.25,0,0,19,0,0.0,owlv2
AOI_2_Vegas_img1601,AOI_2_Vegas,AOI_2_Vegas:-11527:3623,test,owlv2,blur_resize,fixed,0.3,0.25,15,135,17,74,5.05,owlv2
AOI_2_Vegas_img1601,AOI_2_Vegas,AOI_2_Vegas:-11527:3623,test,owlv2,blur_resize,fixed,0.45,0.25,11,85,17,69,4.65,owlv2
AOI_2_Vegas_img1601,AOI_2_Vegas,AOI_2_Vegas:-11527:3623,test,owlv2,blur_resize,fixed,0.6,0.25,11,68,17,62,4.15,owlv2
AOI_2_Vegas_img1601,AOI_2_Vegas,AOI_2_Vegas:-11527:3623,test,owlv2,blur_resize,fixed,0.9,0.25,8,51,17,57,3.8,owlv2
AOI_2_Vegas_img1601,AOI_2_Vegas,AOI_2_Vegas:-11527:3623,test,owlv2,blur_resize,fixed,1.2,0.25,8,48,17,67,3.65,owlv2
AOI_2_Vegas_img1601,AOI_2_Vegas,AOI_2_Vegas:-11527:3623,test,owlv2,blur_resize,fixed,1.8,0.25,6,29,17,57,3.0,owlv2
AOI_2_Vegas_img1601,AOI_2_Vegas,AOI_2_Vegas:-11527:3623,test,owlv2,blur_resize,fixed,2.4,0.25,3,8,17,46,1.35,owlv2
AOI_2_Vegas_img1601,AOI_2_Vegas,AOI_2_Vegas:-11527:3623,test,owlv2,blur_resize,fixed,3.6,0.25,0,0,17,0,0.0,owlv2
AOI_2_Vegas_img1601,AOI_2_Vegas,AOI_2_Vegas:-11527:3623,test,owlv2,blur_resize,fixed,5.0,0.25,0,0,17,0,0.0,owlv2
AOI_2_Vegas_img1601,AOI_2_Vegas,AOI_2_Vegas:-11527:3623,test,owlv2,blur_resize,fixed,10.0,0.25,0,0,17,0,0.0,owlv2
AOI_2_Vegas_img1605,AOI_2_Vegas,AOI_2_Vegas:-11527:3612,test,owlv2,blur_resize,fixed,0.3,0.25,20,105,22,30,4.05,owlv2
AOI_2_Vegas_img1605,AOI_2_Vegas,AOI_2_Vegas:-11527:3612,test,owlv2,blur_resize,fixed,0.45,0.25,19,72,22,29,4.2,owlv2
AOI_2_Vegas_img1605,AOI_2_Vegas,AOI_2_Vegas:-11527:3612,test,owlv2,blur_resize,fixed,0.6,0.25,19,54,22,26,3.35,owlv2
AOI_2_Vegas_img1605,AOI_2_Vegas,AOI_2_Vegas:-11527:3612,test,owlv2,blur_resize,fixed,0.9,0.25,14,24,22,21,1.8,owlv2
AOI_2_Vegas_img1605,AOI_2_Vegas,AOI_2_Vegas:-11527:3612,test,owlv2,blur_resize,fixed,1.2,0.25,12,18,22,26,1.25,owlv2
AOI_2_Vegas_img1605,AOI_2_Vegas,AOI_2_Vegas:-11527:3612,test,owlv2,blur_resize,fixed,1.8,0.25,5,6,22,10,0.55,owlv2
AOI_2_Vegas_img1605,AOI_2_Vegas,AOI_2_Vegas:-11527:3612,test,owlv2,blur_resize,fixed,2.4,0.25,0,0,22,6,0.0,owlv2
AOI_2_Vegas_img1605,AOI_2_Vegas,AOI_2_Vegas:-11527:3612,test,owlv2,blur_resize,fixed,3.6,0.25,0,0,22,2,0.0,owlv2
AOI_2_Vegas_img1605,AOI_2_Vegas,AOI_2_Vegas:-11527:3612,test,owlv2,blur_resize,fixed,5.0,0.25,0,0,22,3,0.0,owlv2
AOI_2_Vegas_img1605,AOI_2_Vegas,AOI_2_Vegas:-11527:3612,test,owlv2,blur_resize,fixed,10.0,0.25,0,0,22,0,0.0,owlv2
AOI_2_Vegas_img1626,AOI_2_Vegas,AOI_2_Vegas:-11527:3616,test,owlv2,blur_resize,fixed,0.3,0.25,34,168,38,58,14.7,owlv2
AOI_2_Vegas_img1626,AOI_2_Vegas,AOI_2_Vegas:-11527:3616,test,owlv2,blur_resize,fixed,0.45,0.25,28,65,38,47,9.45,owlv2
AOI_2_Vegas_img1626,AOI_2_Vegas,AOI_2_Vegas:-11527:3616,test,owlv2,blur_resize,fixed,0.6,0.25,28,47,38,38,8.05,owlv2
AOI_2_Vegas_img1626,AOI_2_Vegas,AOI_2_Vegas:-11527:3616,test,owlv2,blur_resize,fixed,0.9,0.25,25,40,38,39,7.45,owlv2
AOI_2_Vegas_img1626,AOI_2_Vegas,AOI_2_Vegas:-11527:3616,test,owlv2,blur_resize,fixed,1.2,0.25,26,50,38,36,8.85,owlv2
AOI_2_Vegas_img1626,AOI_2_Vegas,AOI_2_Vegas:-11527:3616,test,owlv2,blur_resize,fixed,1.8,0.25,17,32,38,31,6.5,owlv2
AOI_2_Vegas_img1626,AOI_2_Vegas,AOI_2_Vegas:-11527:3616,test,owlv2,blur_resize,fixed,2.4,0.25,0,0,38,0,0.0,owlv2
AOI_2_Vegas_img1626,AOI_2_Vegas,AOI_2_Vegas:-11527:3616,test,owlv2,blur_resize,fixed,3.6,0.25,0,0,38,0,0.0,owlv2
AOI_2_Vegas_img1626,AOI_2_Vegas,AOI_2_Vegas:-11527:3616,test,owlv2,blur_resize,fixed,5.0,0.25,0,0,38,0,0.0,owlv2
AOI_2_Vegas_img1626,AOI_2_Vegas,AOI_2_Vegas:-11527:3616,test,owlv2,blur_resize,fixed,10.0,0.25,0,0,38,0,0.0,owlv2
AOI_2_Vegas_img166,AOI_2_Vegas,AOI_2_Vegas:-11531:3612,test,owlv2,blur_resize,fixed,0.3,0.25,18,85,18,14,6.9,owlv2
AOI_2_Vegas_img166,AOI_2_Vegas,AOI_2_Vegas:-11531:3612,test,owlv2,blur_resize,fixed,0.45,0.25,18,58,18,11,4.8,owlv2
AOI_2_Vegas_img166,AOI_2_Vegas,AOI_2_Vegas:-11531:3612,test,owlv2,blur_resize,fixed,0.6,0.25,18,39,18,10,3.95,owlv2
AOI_2_Vegas_img166,AOI_2_Vegas,AOI_2_Vegas:-11531:3612,test,owlv2,blur_resize,fixed,0.9,0.25,18,20,18,7,2.15,owlv2
AOI_2_Vegas_img166,AOI_2_Vegas,AOI_2_Vegas:-11531:3612,test,owlv2,blur_resize,fixed,1.2,0.25,16,16,18,1,1.75,owlv2
AOI_2_Vegas_img166,AOI_2_Vegas,AOI_2_Vegas:-11531:3612,test,owlv2,blur_resize,fixed,1.8,0.25,15,15,18,5,1.05,owlv2
AOI_2_Vegas_img166,AOI_2_Vegas,AOI_2_Vegas:-11531:3612,test,owlv2,blur_resize,fixed,2.4,0.25,7,7,18,1,1.0,owlv2
AOI_2_Vegas_img166,AOI_2_Vegas,AOI_2_Vegas:-11531:3612,test,owlv2,blur_resize,fixed,3.6,0.25,0,0,18,0,0.0,owlv2
AOI_2_Vegas_img166,AOI_2_Vegas,AOI_2_Vegas:-11531:3612,test,owlv2,blur_resize,fixed,5.0,0.25,0,0,18,0,0.0,owlv2
AOI_2_Vegas_img166,AOI_2_Vegas,AOI_2_Vegas:-11531:3612,test,owlv2,blur_resize,fixed,10.0,0.25,0,0,18,0,0.0,owlv2
AOI_2_Vegas_img1669,AOI_2_Vegas,AOI_2_Vegas:-11526:3613,test,owlv2,blur_resize,fixed,0.3,0.25,22,219,28,58,8.95,owlv2
AOI_2_Vegas_img1669,AOI_2_Vegas,AOI_2_Vegas:-11526:3613,test,owlv2,blur_resize,fixed,0.45,0.25,19,114,28,49,7.5,owlv2
AOI_2_Vegas_img1669,AOI_2_Vegas,AOI_2_Vegas:-11526:3613,test,owlv2,blur_resize,fixed,0.6,0.25,20,80,28,44,5.8,owlv2
AOI_2_Vegas_img1669,AOI_2_Vegas,AOI_2_Vegas:-11526:3613,test,owlv2,blur_resize,fixed,0.9,0.25,18,82,28,48,5.35,owlv2
AOI_2_Vegas_img1669,AOI_2_Vegas,AOI_2_Vegas:-11526:3613,test,owlv2,blur_resize,fixed,1.2,0.25,16,70,28,53,5.85,owlv2
AOI_2_Vegas_img1669,AOI_2_Vegas,AOI_2_Vegas:-11526:3613,test,owlv2,blur_resize,fixed,1.8,0.25,10,42,28,37,3.9,owlv2
AOI_2_Vegas_img1669,AOI_2_Vegas,AOI_2_Vegas:-11526:3613,test,owlv2,blur_resize,fixed,2.4,0.25,2,4,28,19,0.45,owlv2
AOI_2_Vegas_img1669,AOI_2_Vegas,AOI_2_Vegas:-11526:3613,test,owlv2,blur_resize,fixed,3.6,0.25,0,0,28,1,0.0,owlv2
AOI_2_Vegas_img1669,AOI_2_Vegas,AOI_2_Vegas:-11526:3613,test,owlv2,blur_resize,fixed,5.0,0.25,0,0,28,0,0.0,owlv2
AOI_2_Vegas_img1669,AOI_2_Vegas,AOI_2_Vegas:-11526:3613,test,owlv2,blur_resize,fixed,10.0,0.25,0,0,28,0,0.0,owlv2
AOI_2_Vegas_img1671,AOI_2_Vegas,AOI_2_Vegas:-11526:3613,test,owlv2,blur_resize,fixed,0.3,0.25,17,125,21,52,5.1,owlv2
AOI_2_Vegas_img1671,AOI_2_Vegas,AOI_2_Vegas:-11526:3613,test,owlv2,blur_resize,fixed,0.45,0.25,17,88,21,46,4.5,owlv2
AOI_2_Vegas_img1671,AOI_2_Vegas,AOI_2_Vegas:-11526:3613,test,owlv2,blur_resize,fixed,0.6,0.25,15,82,21,44,5.0,owlv2
AOI_2_Vegas_img1671,AOI_2_Vegas,AOI_2_Vegas:-11526:3613,test,owlv2,blur_resize,fixed,0.9,0.25,15,81,21,47,4.7,owlv2
AOI_2_Vegas_img1671,AOI_2_Vegas,AOI_2_Vegas:-11526:3613,test,owlv2,blur_resize,fixed,1.2,0.25,12,80,21,51,4.8,owlv2
AOI_2_Vegas_img1671,AOI_2_Vegas,AOI_2_Vegas:-11526:3613,test,owlv2,blur_resize,fixed,1.8,0.25,11,37,21,37,2.65,owlv2
AOI_2_Vegas_img1671,AOI_2_Vegas,AOI_2_Vegas:-11526:3613,test,owlv2,blur_resize,fixed,2.4,0.25,4,10,21,34,1.05,owlv2
AOI_2_Vegas_img1671,AOI_2_Vegas,AOI_2_Vegas:-11526:3613,test,owlv2,blur_resize,fixed,3.6,0.25,1,1,21,16,0.15,owlv2
AOI_2_Vegas_img1671,AOI_2_Vegas,AOI_2_Vegas:-11526:3613,test,owlv2,blur_resize,fixed,5.0,0.25,0,0,21,3,0.0,owlv2
AOI_2_Vegas_img1671,AOI_2_Vegas,AOI_2_Vegas:-11526:3613,test,owlv2,blur_resize,fixed,10.0,0.25,0,0,21,0,0.0,owlv2
AOI_2_Vegas_img1697,AOI_2_Vegas,AOI_2_Vegas:-11526:3618,test,owlv2,blur_resize,fixed,0.3,0.25,6,22,9,32,0.4,owlv2
AOI_2_Vegas_img1697,AOI_2_Vegas,AOI_2_Vegas:-11526:3618,test,owlv2,blur_resize,fixed,0.45,0.25,2,3,9,16,0.25,owlv2
AOI_2_Vegas_img1697,AOI_2_Vegas,AOI_2_Vegas:-11526:3618,test,owlv2,blur_resize,fixed,0.6,0.25,1,1,9,6,0.0,owlv2
AOI_2_Vegas_img1697,AOI_2_Vegas,AOI_2_Vegas:-11526:3618,test,owlv2,blur_resize,fixed,0.9,0.25,0,0,9,4,0.0,owlv2
AOI_2_Vegas_img1697,AOI_2_Vegas,AOI_2_Vegas:-11526:3618,test,owlv2,blur_resize,fixed,1.2,0.25,0,0,9,3,0.0,owlv2
AOI_2_Vegas_img1697,AOI_2_Vegas,AOI_2_Vegas:-11526:3618,test,owlv2,blur_resize,fixed,1.8,0.25,0,0,9,3,0.0,owlv2
AOI_2_Vegas_img1697,AOI_2_Vegas,AOI_2_Vegas:-11526:3618,test,owlv2,blur_resize,fixed,2.4,0.25,0,0,9,3,0.0,owlv2
AOI_2_Vegas_img1697,AOI_2_Vegas,AOI_2_Vegas:-11526:3618,test,owlv2,blur_resize,fixed,3.6,0.25,0,0,9,1,0.0,owlv2
AOI_2_Vegas_img1697,AOI_2_Vegas,AOI_2_Vegas:-11526:3618,test,owlv2,blur_resize,fixed,5.0,0.25,0,0,9,5,0.0,owlv2
AOI_2_Vegas_img1697,AOI_2_Vegas,AOI_2_Vegas:-11526:3618,test,owlv2,blur_resize,fixed,10.0,0.25,0,0,9,0,0.0,owlv2
AOI_2_Vegas_img1746,AOI_2_Vegas,AOI_2_Vegas:-11526:3615,test,owlv2,blur_resize,fixed,0.3,0.25,13,219,18,59,5.05,owlv2
AOI_2_Vegas_img1746,AOI_2_Vegas,AOI_2_Vegas:-11526:3615,test,owlv2,blur_resize,fixed,0.45,0.25,13,116,18,43,2.7,owlv2
AOI_2_Vegas_img1746,AOI_2_Vegas,AOI_2_Vegas:-11526:3615,test,owlv2,blur_resize,fixed,0.6,0.25,11,99,18,40,3.4,owlv2
AOI_2_Vegas_img1746,AOI_2_Vegas,AOI_2_Vegas:-11526:3615,test,owlv2,blur_resize,fixed,0.9,0.25,8,101,18,34,3.2,owlv2
AOI_2_Vegas_img1746,AOI_2_Vegas,AOI_2_Vegas:-11526:3615,test,owlv2,blur_resize,fixed,1.2,0.25,7,102,18,35,3.45,owlv2
AOI_2_Vegas_img1746,AOI_2_Vegas,AOI_2_Vegas:-11526:3615,test,owlv2,blur_resize,fixed,1.8,0.25,7,37,18,14,1.7,owlv2
AOI_2_Vegas_img1746,AOI_2_Vegas,AOI_2_Vegas:-11526:3615,test,owlv2,blur_resize,fixed,2.4,0.25,5,6,18,12,1.05,owlv2
AOI_2_Vegas_img1746,AOI_2_Vegas,AOI_2_Vegas:-11526:3615,test,owlv2,blur_resize,fixed,3.6,0.25,0,0,18,3,0.0,owlv2
AOI_2_Vegas_img1746,AOI_2_Vegas,AOI_2_Vegas:-11526:3615,test,owlv2,blur_resize,fixed,5.0,0.25,0,0,18,5,0.0,owlv2
AOI_2_Vegas_img1746,AOI_2_Vegas,AOI_2_Vegas:-11526:3615,test,owlv2,blur_resize,fixed,10.0,0.25,0,0,18,0,0.0,owlv2
AOI_2_Vegas_img1762,AOI_2_Vegas,AOI_2_Vegas:-11526:3618,test,owlv2,blur_resize,fixed,0.3,0.25,62,262,71,30,37.1,owlv2
AOI_2_Vegas_img1762,AOI_2_Vegas,AOI_2_Vegas:-11526:3618,test,owlv2,blur_resize,fixed,0.45,0.25,54,128,71,24,24.8,owlv2
AOI_2_Vegas_img1762,AOI_2_Vegas,AOI_2_Vegas:-11526:3618,test,owlv2,blur_resize,fixed,0.6,0.25,26,29,71,12,7.65,owlv2
AOI_2_Vegas_img1762,AOI_2_Vegas,AOI_2_Vegas:-11526:3618,test,owlv2,blur_resize,fixed,0.9,0.25,0,0,71,0,0.0,owlv2
AOI_2_Vegas_img1762,AOI_2_Vegas,AOI_2_Vegas:-11526:3618,test,owlv2,blur_resize,fixed,1.2,0.25,0,0,71,3,0.0,owlv2
AOI_2_Vegas_img1762,AOI_2_Vegas,AOI_2_Vegas:-11526:3618,test,owlv2,blur_resize,fixed,1.8,0.25,0,0,71,0,0.0,owlv2
AOI_2_Vegas_img1762,AOI_2_Vegas,AOI_2_Vegas:-11526:3618,test,owlv2,blur_resize,fixed,2.4,0.25,0,0,71,0,0.0,owlv2
AOI_2_Vegas_img1762,AOI_2_Vegas,AOI_2_Vegas:-11526:3618,test,owlv2,blur_resize,fixed,3.6,0.25,0,0,71,0,0.0,owlv2
AOI_2_Vegas_img1762,AOI_2_Vegas,AOI_2_Vegas:-11526:3618,test,owlv2,blur_resize,fixed,5.0,0.25,0,0,71,0,0.0,owlv2
AOI_2_Vegas_img1762,AOI_2_Vegas,AOI_2_Vegas:-11526:3618,test,owlv2,blur_resize,fixed,10.0,0.25,0,0,71,0,0.0,owlv2
AOI_2_Vegas_img1773,AOI_2_Vegas,AOI_2_Vegas:-11526:3620,test,owlv2,blur_resize,fixed,0.3,0.25,2,102,9,54,0.25,owlv2
AOI_2_Vegas_img1773,AOI_2_Vegas,AOI_2_Vegas:-11526:3620,test,owlv2,blur_resize,fixed,0.45,0.25,1,32,9,27,0.55,owlv2
AOI_2_Vegas_img1773,AOI_2_Vegas,AOI_2_Vegas:-11526:3620,test,owlv2,blur_resize,fixed,0.6,0.25,1,26,9,23,0.25,owlv2
AOI_2_Vegas_img1773,AOI_2_Vegas,AOI_2_Vegas:-11526:3620,test,owlv2,blur_resize,fixed,0.9,0.25,0,12,9,19,0.25,owlv2
AOI_2_Vegas_img1773,AOI_2_Vegas,AOI_2_Vegas:-11526:3620,test,owlv2,blur_resize,fixed,1.2,0.25,0,9,9,19,0.05,owlv2
AOI_2_Vegas_img1773,AOI_2_Vegas,AOI_2_Vegas:-11526:3620,test,owlv2,blur_resize,fixed,1.8,0.25,0,13,9,33,0.25,owlv2
AOI_2_Vegas_img1773,AOI_2_Vegas,AOI_2_Vegas:-11526:3620,test,owlv2,blur_resize,fixed,2.4,0.25,0,9,9,29,0.1,owlv2
AOI_2_Vegas_img1773,AOI_2_Vegas,AOI_2_Vegas:-11526:3620,test,owlv2,blur_resize,fixed,3.6,0.25,0,0,9,11,0.0,owlv2
AOI_2_Vegas_img1773,AOI_2_Vegas,AOI_2_Vegas:-11526:3620,test,owlv2,blur_resize,fixed,5.0,0.25,0,0,9,9,0.0,owlv2
AOI_2_Vegas_img1773,AOI_2_Vegas,AOI_2_Vegas:-11526:3620,test,owlv2,blur_resize,fixed,10.0,0.25,0,0,9,0,0.0,owlv2
AOI_2_Vegas_img1784,AOI_2_Vegas,AOI_2_Vegas:-11526:3622,test,owlv2,blur_resize,fixed,0.3,0.25,41,256,53,42,13.95,owlv2
AOI_2_Vegas_img1784,AOI_2_Vegas,AOI_2_Vegas:-11526:3622,test,owlv2,blur_resize,fixed,0.45,0.25,33,85,53,41,6.3,owlv2
AOI_2_Vegas_img1784,AOI_2_Vegas,AOI_2_Vegas:-11526:3622,test,owlv2,blur_resize,fixed,0.6,0.25,18,47,53,38,5.3,owlv2
AOI_2_Vegas_img1784,AOI_2_Vegas,AOI_2_Vegas:-11526:3622,test,owlv2,blur_resize,fixed,0.9,0.25,13,29,53,19,4.25,owlv2
AOI_2_Vegas_img1784,AOI_2_Vegas,AOI_2_Vegas:-11526:3622,test,owlv2,blur_resize,fixed,1.2,0.25,13,18,53,20,3.0,owlv2
AOI_2_Vegas_img1784,AOI_2_Vegas,AOI_2_Vegas:-11526:3622,test,owlv2,blur_resize,fixed,1.8,0.25,10,11,53,15,2.3,owlv2
AOI_2_Vegas_img1784,AOI_2_Vegas,AOI_2_Vegas:-11526:3622,test,owlv2,blur_resize,fixed,2.4,0.25,0,0,53,1,0.0,owlv2
AOI_2_Vegas_img1784,AOI_2_Vegas,AOI_2_Vegas:-11526:3622,test,owlv2,blur_resize,fixed,3.6,0.25,0,0,53,0,0.0,owlv2
AOI_2_Vegas_img1784,AOI_2_Vegas,AOI_2_Vegas:-11526:3622,test,owlv2,blur_resize,fixed,5.0,0.25,0,0,53,0,0.0,owlv2
AOI_2_Vegas_img1784,AOI_2_Vegas,AOI_2_Vegas:-11526:3622,test,owlv2,blur_resize,fixed,10.0,0.25,0,0,53,0,0.0,owlv2
AOI_2_Vegas_img1791,AOI_2_Vegas,AOI_2_Vegas:-11526:3612,test,owlv2,blur_resize,fixed,0.3,0.25,5,78,6,23,0.25,owlv2
AOI_2_Vegas_img1791,AOI_2_Vegas,AOI_2_Vegas:-11526:3612,test,owlv2,blur_resize,fixed,0.45,0.25,6,43,6,20,0.1,owlv2
AOI_2_Vegas_img1791,AOI_2_Vegas,AOI_2_Vegas:-11526:3612,test,owlv2,blur_resize,fixed,0.6,0.25,3,17,6,14,0.2,owlv2
AOI_2_Vegas_img1791,AOI_2_Vegas,AOI_2_Vegas:-11526:3612,test,owlv2,blur_resize,fixed,0.9,0.25,1,4,6,7,0.15,owlv2
AOI_2_Vegas_img1791,AOI_2_Vegas,AOI_2_Vegas:-11526:3612,test,owlv2,blur_resize,fixed,1.2,0.25,0,3,6,6,0.1,owlv2
AOI_2_Vegas_img1791,AOI_2_Vegas,AOI_2_Vegas:-11526:3612,test,owlv2,blur_resize,fixed,1.8,0.25,0,0,6,7,0.0,owlv2
AOI_2_Vegas_img1791,AOI_2_Vegas,AOI_2_Vegas:-11526:3612,test,owlv2,blur_resize,fixed,2.4,0.25,0,0,6,3,0.0,owlv2
AOI_2_Vegas_img1791,AOI_2_Vegas,AOI_2_Vegas:-11526:3612,test,owlv2,blur_resize,fixed,3.6,0.25,0,0,6,3,0.0,owlv2
AOI_2_Vegas_img1791,AOI_2_Vegas,AOI_2_Vegas:-11526:3612,test,owlv2,blur_resize,fixed,5.0,0.25,0,0,6,3,0.0,owlv2
AOI_2_Vegas_img1791,AOI_2_Vegas,AOI_2_Vegas:-11526:3612,test,owlv2,blur_resize,fixed,10.0,0.25,0,0,6,0,0.0,owlv2
AOI_2_Vegas_img1816,AOI_2_Vegas,AOI_2_Vegas:-11526:3617,test,owlv2,blur_resize,fixed,0.3,0.25,42,187,45,68,17.75,owlv2
AOI_2_Vegas_img1816,AOI_2_Vegas,AOI_2_Vegas:-11526:3617,test,owlv2,blur_resize,fixed,0.45,0.25,37,86,45,56,14.75,owlv2
AOI_2_Vegas_img1816,AOI_2_Vegas,AOI_2_Vegas:-11526:3617,test,owlv2,blur_resize,fixed,0.6,0.25,33,63,45,51,12.4,owlv2
AOI_2_Vegas_img1816,AOI_2_Vegas,AOI_2_Vegas:-11526:3617,test,owlv2,blur_resize,fixed,0.9,0.25,29,51,45,42,11.1,owlv2
AOI_2_Vegas_img1816,AOI_2_Vegas,AOI_2_Vegas:-11526:3617,test,owlv2,blur_resize,fixed,1.2,0.25,27,54,45,40,12.05,owlv2
AOI_2_Vegas_img1816,AOI_2_Vegas,AOI_2_Vegas:-11526:3617,test,owlv2,blur_resize,fixed,1.8,0.25,17,26,45,30,6.15,owlv2
AOI_2_Vegas_img1816,AOI_2_Vegas,AOI_2_Vegas:-11526:3617,test,owlv2,blur_resize,fixed,2.4,0.25,1,2,45,11,0.35,owlv2
AOI_2_Vegas_img1816,AOI_2_Vegas,AOI_2_Vegas:-11526:3617,test,owlv2,blur_resize,fixed,3.6,0.25,0,0,45,0,0.0,owlv2
AOI_2_Vegas_img1816,AOI_2_Vegas,AOI_2_Vegas:-11526:3617,test,owlv2,blur_resize,fixed,5.0,0.25,0,0,45,0,0.0,owlv2
AOI_2_Vegas_img1816,AOI_2_Vegas,AOI_2_Vegas:-11526:3617,test,owlv2,blur_resize,fixed,10.0,0.25,0,0,45,0,0.0,owlv2
AOI_2_Vegas_img1827,AOI_2_Vegas,AOI_2_Vegas:-11526:3619,test,owlv2,blur_resize,fixed,0.3,0.25,57,240,58,46,30.9,owlv2
AOI_2_Vegas_img1827,AOI_2_Vegas,AOI_2_Vegas:-11526:3619,test,owlv2,blur_resize,fixed,0.45,0.25,57,150,58,42,27.8,owlv2
AOI_2_Vegas_img1827,AOI_2_Vegas,AOI_2_Vegas:-11526:3619,test,owlv2,blur_resize,fixed,0.6,0.25,56,102,58,31,23.55,owlv2
AOI_2_Vegas_img1827,AOI_2_Vegas,AOI_2_Vegas:-11526:3619,test,owlv2,blur_resize,fixed,0.9,0.25,46,60,58,17,14.35,owlv2
AOI_2_Vegas_img1827,AOI_2_Vegas,AOI_2_Vegas:-11526:3619,test,owlv2,blur_resize,fixed,1.2,0.25,48,59,58,16,15.35,owlv2
AOI_2_Vegas_img1827,AOI_2_Vegas,AOI_2_Vegas:-11526:3619,test,owlv2,blur_resize,fixed,1.8,0.25,3,3,58,3,0.7,owlv2
AOI_2_Vegas_img1827,AOI_2_Vegas,AOI_2_Vegas:-11526:3619,test,owlv2,blur_resize,fixed,2.4,0.25,0,0,58,0,0.0,owlv2
AOI_2_Vegas_img1827,AOI_2_Vegas,AOI_2_Vegas:-11526:3619,test,owlv2,blur_resize,fixed,3.6,0.25,0,0,58,0,0.0,owlv2
AOI_2_Vegas_img1827,AOI_2_Vegas,AOI_2_Vegas:-11526:3619,test,owlv2,blur_resize,fixed,5.0,0.25,0,0,58,0,0.0,owlv2
AOI_2_Vegas_img1827,AOI_2_Vegas,AOI_2_Vegas:-11526:3619,test,owlv2,blur_resize,fixed,10.0,0.25,0,0,58,0,0.0,owlv2
AOI_2_Vegas_img1862,AOI_2_Vegas,AOI_2_Vegas:-11526:3614,test,owlv2,blur_resize,fixed,0.3,0.25,7,101,13,86,2.35,owlv2
AOI_2_Vegas_img1862,AOI_2_Vegas,AOI_2_Vegas:-11526:3614,test,owlv2,blur_resize,fixed,0.45,0.25,7,57,13,72,1.35,owlv2
AOI_2_Vegas_img1862,AOI_2_Vegas,AOI_2_Vegas:-11526:3614,test,owlv2,blur_resize,fixed,0.6,0.25,6,40,13,56,0.55,owlv2
AOI_2_Vegas_img1862,AOI_2_Vegas,AOI_2_Vegas:-11526:3614,test,owlv2,blur_resize,fixed,0.9,0.25,5,13,13,31,0.25,owlv2
AOI_2_Vegas_img1862,AOI_2_Vegas,AOI_2_Vegas:-11526:3614,test,owlv2,blur_resize,fixed,1.2,0.25,4,6,13,36,0.1,owlv2
AOI_2_Vegas_img1862,AOI_2_Vegas,AOI_2_Vegas:-11526:3614,test,owlv2,blur_resize,fixed,1.8,0.25,1,1,13,18,0.05,owlv2
AOI_2_Vegas_img1862,AOI_2_Vegas,AOI_2_Vegas:-11526:3614,test,owlv2,blur_resize,fixed,2.4,0.25,0,0,13,8,0.0,owlv2
AOI_2_Vegas_img1862,AOI_2_Vegas,AOI_2_Vegas:-11526:3614,test,owlv2,blur_resize,fixed,3.6,0.25,0,0,13,7,0.0,owlv2
AOI_2_Vegas_img1862,AOI_2_Vegas,AOI_2_Vegas:-11526:3614,test,owlv2,blur_resize,fixed,5.0,0.25,0,0,13,7,0.0,owlv2
AOI_2_Vegas_img1862,AOI_2_Vegas,AOI_2_Vegas:-11526:3614,test,owlv2,blur_resize,fixed,10.0,0.25,0,0,13,0,0.0,owlv2
AOI_2_Vegas_img189,AOI_2_Vegas,AOI_2_Vegas:-11531:3616,test,owlv2,blur_resize,fixed,0.3,0.25,16,85,17,39,5.0,owlv2
AOI_2_Vegas_img189,AOI_2_Vegas,AOI_2_Vegas:-11531:3616,test,owlv2,blur_resize,fixed,0.45,0.25,11,57,17,27,4.6,owlv2
AOI_2_Vegas_img189,AOI_2_Vegas,AOI_2_Vegas:-11531:3616,test,owlv2,blur_resize,fixed,0.6,0.25,11,50,17,27,5.0,owlv2
AOI_2_Vegas_img189,AOI_2_Vegas,AOI_2_Vegas:-11531:3616,test,owlv2,blur_resize,fixed,0.9,0.25,7,31,17,30,3.4,owlv2
AOI_2_Vegas_img189,AOI_2_Vegas,AOI_2_Vegas:-11531:3616,test,owlv2,blur_resize,fixed,1.2,0.25,10,44,17,31,5.15,owlv2
AOI_2_Vegas_img189,AOI_2_Vegas,AOI_2_Vegas:-11531:3616,test,owlv2,blur_resize,fixed,1.8,0.25,9,44,17,26,5.2,owlv2
AOI_2_Vegas_img189,AOI_2_Vegas,AOI_2_Vegas:-11531:3616,test,owlv2,blur_resize,fixed,2.4,0.25,8,30,17,23,3.0,owlv2
AOI_2_Vegas_img189,AOI_2_Vegas,AOI_2_Vegas:-11531:3616,test,owlv2,blur_resize,fixed,3.6,0.25,3,6,17,26,0.8,owlv2
AOI_2_Vegas_img189,AOI_2_Vegas,AOI_2_Vegas:-11531:3616,test,owlv2,blur_resize,fixed,5.0,0.25,1,1,17,7,0.2,owlv2
AOI_2_Vegas_img189,AOI_2_Vegas,AOI_2_Vegas:-11531:3616,test,owlv2,blur_resize,fixed,10.0,0.25,0,0,17,0,0.0,owlv2
AOI_2_Vegas_img1894,AOI_2_Vegas,AOI_2_Vegas:-11526:3620,test,owlv2,blur_resize,fixed,0.3,0.25,4,36,9,41,0.5,owlv2
AOI_2_Vegas_img1894,AOI_2_Vegas,AOI_2_Vegas:-11526:3620,test,owlv2,blur_resize,fixed,0.45,0.25,4,20,9,32,0.65,owlv2
AOI_2_Vegas_img1894,AOI_2_Vegas,AOI_2_Vegas:-11526:3620,test,owlv2,blur_resize,fixed,0.6,0.25,3,10,9,25,0.2,owlv2
AOI_2_Vegas_img1894,AOI_2_Vegas,AOI_2_Vegas:-11526:3620,test,owlv2,blur_resize,fixed,0.9,0.25,1,3,9,18,0.0,owlv2
AOI_2_Vegas_img1894,AOI_2_Vegas,AOI_2_Vegas:-11526:3620,test,owlv2,blur_resize,fixed,1.2,0.25,1,1,9,6,0.0,owlv2
AOI_2_Vegas_img1894,AOI_2_Vegas,AOI_2_Vegas:-11526:3620,test,owlv2,blur_resize,fixed,1.8,0.25,0,0,9,2,0.0,owlv2
AOI_2_Vegas_img1894,AOI_2_Vegas,AOI_2_Vegas:-11526:3620,test,owlv2,blur_resize,fixed,2.4,0.25,0,0,9,0,0.0,owlv2
AOI_2_Vegas_img1894,AOI_2_Vegas,AOI_2_Vegas:-11526:3620,test,owlv2,blur_resize,fixed,3.6,0.25,0,0,9,2,0.0,owlv2
AOI_2_Vegas_img1894,AOI_2_Vegas,AOI_2_Vegas:-11526:3620,test,owlv2,blur_resize,fixed,5.0,0.25,0,0,9,1,0.0,owlv2
AOI_2_Vegas_img1894,AOI_2_Vegas,AOI_2_Vegas:-11526:3620,test,owlv2,blur_resize,fixed,10.0,0.25,0,0,9,0,0.0,owlv2
AOI_2_Vegas_img190,AOI_2_Vegas,AOI_2_Vegas:-11531:3616,test,owlv2,blur_resize,fixed,0.3,0.25,17,92,22,29,6.45,owlv2
AOI_2_Vegas_img190,AOI_2_Vegas,AOI_2_Vegas:-11531:3616,test,owlv2,blur_resize,fixed,0.45,0.25,13,38,22,16,4.15,owlv2
AOI_2_Vegas_img190,AOI_2_Vegas,AOI_2_Vegas:-11531:3616,test,owlv2,blur_resize,fixed,0.6,0.25,15,43,22,18,5.1,owlv2
AOI_2_Vegas_img190,AOI_2_Vegas,AOI_2_Vegas:-11531:3616,test,owlv2,blur_resize,fixed,0.9,0.25,14,33,22,19,4.9,owlv2
AOI_2_Vegas_img190,AOI_2_Vegas,AOI_2_Vegas:-11531:3616,test,owlv2,blur_resize,fixed,1.2,0.25,14,32,22,20,3.9,owlv2
AOI_2_Vegas_img190,AOI_2_Vegas,AOI_2_Vegas:-11531:3616,test,owlv2,blur_resize,fixed,1.8,0.25,7,14,22,18,1.85,owlv2
AOI_2_Vegas_img190,AOI_2_Vegas,AOI_2_Vegas:-11531:3616,test,owlv2,blur_resize,fixed,2.4,0.25,2,5,22,20,0.55,owlv2
AOI_2_Vegas_img190,AOI_2_Vegas,AOI_2_Vegas:-11531:3616,test,owlv2,blur_resize,fixed,3.6,0.25,0,1,22,13,0.25,owlv2
AOI_2_Vegas_img190,AOI_2_Vegas,AOI_2_Vegas:-11531:3616,test,owlv2,blur_resize,fixed,5.0,0.25,0,0,22,2,0.0,owlv2
AOI_2_Vegas_img190,AOI_2_Vegas,AOI_2_Vegas:-11531:3616,test,owlv2,blur_resize,fixed,10.0,0.25,0,0,22,0,0.0,owlv2
AOI_2_Vegas_img1915,AOI_2_Vegas,AOI_2_Vegas:-11526:3612,test,owlv2,blur_resize,fixed,0.3,0.25,11,140,18,36,3.9,owlv2
AOI_2_Vegas_img1915,AOI_2_Vegas,AOI_2_Vegas:-11526:3612,test,owlv2,blur_resize,fixed,0.45,0.25,10,82,18,30,2.8,owlv2
AOI_2_Vegas_img1915,AOI_2_Vegas,AOI_2_Vegas:-11526:3612,test,owlv2,blur_resize,fixed,0.6,0.25,10,65,18,25,2.4,owlv2
AOI_2_Vegas_img1915,AOI_2_Vegas,AOI_2_Vegas:-11526:3612,test,owlv2,blur_resize,fixed,0.9,0.25,9,50,18,28,2.6,owlv2
AOI_2_Vegas_img1915,AOI_2_Vegas,AOI_2_Vegas:-11526:3612,test,owlv2,blur_resize,fixed,1.2,0.25,9,47,18,27,2.4,owlv2
AOI_2_Vegas_img1915,AOI_2_Vegas,AOI_2_Vegas:-11526:3612,test,owlv2,blur_resize,fixed,1.8,0.25,6,19,18,22,1.5,owlv2
AOI_2_Vegas_img1915,AOI_2_Vegas,AOI_2_Vegas:-11526:3612,test,owlv2,blur_resize,fixed,2.4,0.25,4,8,18,20,0.4,owlv2
AOI_2_Vegas_img1915,AOI_2_Vegas,AOI_2_Vegas:-11526:3612,test,owlv2,blur_resize,fixed,3.6,0.25,0,0,18,3,0.0,owlv2
AOI_2_Vegas_img1915,AOI_2_Vegas,AOI_2_Vegas:-11526:3612,test,owlv2,blur_resize,fixed,5.0,0.25,0,0,18,0,0.0,owlv2
AOI_2_Vegas_img1915,AOI_2_Vegas,AOI_2_Vegas:-11526:3612,test,owlv2,blur_resize,fixed,10.0,0.25,0,0,18,0,0.0,owlv2
AOI_2_Vegas_img1970,AOI_2_Vegas,AOI_2_Vegas:-11526:3622,test,owlv2,blur_resize,fixed,0.3,0.25,0,4,1,5,0.0,owlv2
AOI_2_Vegas_img1970,AOI_2_Vegas,AOI_2_Vegas:-11526:3622,test,owlv2,blur_resize,fixed,0.45,0.25,0,2,1,5,0.0,owlv2
AOI_2_Vegas_img1970,AOI_2_Vegas,AOI_2_Vegas:-11526:3622,test,owlv2,blur_resize,fixed,0.6,0.25,0,6,1,4,0.0,owlv2
AOI_2_Vegas_img1970,AOI_2_Vegas,AOI_2_Vegas:-11526:3622,test,owlv2,blur_resize,fixed,0.9,0.25,0,1,1,1,0.0,owlv2
AOI_2_Vegas_img1970,AOI_2_Vegas,AOI_2_Vegas:-11526:3622,test,owlv2,blur_resize,fixed,1.2,0.25,0,0,1,0,0.0,owlv2
AOI_2_Vegas_img1970,AOI_2_Vegas,AOI_2_Vegas:-11526:3622,test,owlv2,blur_resize,fixed,1.8,0.25,0,0,1,0,0.0,owlv2
AOI_2_Vegas_img1970,AOI_2_Vegas,AOI_2_Vegas:-11526:3622,test,owlv2,blur_resize,fixed,2.4,0.25,0,0,1,0,0.0,owlv2
AOI_2_Vegas_img1970,AOI_2_Vegas,AOI_2_Vegas:-11526:3622,test,owlv2,blur_resize,fixed,3.6,0.25,0,0,1,0,0.0,owlv2
AOI_2_Vegas_img1970,AOI_2_Vegas,AOI_2_Vegas:-11526:3622,test,owlv2,blur_resize,fixed,5.0,0.25,0,0,1,1,0.0,owlv2
AOI_2_Vegas_img1970,AOI_2_Vegas,AOI_2_Vegas:-11526:3622,test,owlv2,blur_resize,fixed,10.0,0.25,0,0,1,0,0.0,owlv2
AOI_2_Vegas_img1973,AOI_2_Vegas,AOI_2_Vegas:-11526:3623,test,owlv2,blur_resize,fixed,0.3,0.25,1,7,4,1,0.0,owlv2
AOI_2_Vegas_img1973,AOI_2_Vegas,AOI_2_Vegas:-11526:3623,test,owlv2,blur_resize,fixed,0.45,0.25,0,4,4,2,0.0,owlv2
AOI_2_Vegas_img1973,AOI_2_Vegas,AOI_2_Vegas:-11526:3623,test,owlv2,blur_resize,fixed,0.6,0.25,0,3,4,1,0.0,owlv2
AOI_2_Vegas_img1973,AOI_2_Vegas,AOI_2_Vegas:-11526:3623,test,owlv2,blur_resize,fixed,0.9,0.25,0,3,4,0,0.0,owlv2
AOI_2_Vegas_img1973,AOI_2_Vegas,AOI_2_Vegas:-11526:3623,test,owlv2,blur_resize,fixed,1.2,0.25,0,1,4,1,0.0,owlv2
AOI_2_Vegas_img1973,AOI_2_Vegas,AOI_2_Vegas:-11526:3623,test,owlv2,blur_resize,fixed,1.8,0.25,0,0,4,2,0.0,owlv2
AOI_2_Vegas_img1973,AOI_2_Vegas,AOI_2_Vegas:-11526:3623,test,owlv2,blur_resize,fixed,2.4,0.25,0,0,4,0,0.0,owlv2
AOI_2_Vegas_img1973,AOI_2_Vegas,AOI_2_Vegas:-11526:3623,test,owlv2,blur_resize,fixed,3.6,0.25,0,0,4,2,0.0,owlv2
AOI_2_Vegas_img1973,AOI_2_Vegas,AOI_2_Vegas:-11526:3623,test,owlv2,blur_resize,fixed,5.0,0.25,0,0,4,2,0.0,owlv2
AOI_2_Vegas_img1973,AOI_2_Vegas,AOI_2_Vegas:-11526:3623,test,owlv2,blur_resize,fixed,10.0,0.25,0,0,4,0,0.0,owlv2
AOI_2_Vegas_img1985,AOI_2_Vegas,AOI_2_Vegas:-11526:3614,test,owlv2,blur_resize,fixed,0.3,0.25,18,161,25,55,6.5,owlv2
AOI_2_Vegas_img1985,AOI_2_Vegas,AOI_2_Vegas:-11526:3614,test,owlv2,blur_resize,fixed,0.45,0.25,13,77,25,46,4.5,owlv2
AOI_2_Vegas_img1985,AOI_2_Vegas,AOI_2_Vegas:-11526:3614,test,owlv2,blur_resize,fixed,0.6,0.25,12,60,25,40,4.85,owlv2
AOI_2_Vegas_img1985,AOI_2_Vegas,AOI_2_Vegas:-11526:3614,test,owlv2,blur_resize,fixed,0.9,0.25,12,42,25,43,2.55,owlv2
AOI_2_Vegas_img1985,AOI_2_Vegas,AOI_2_Vegas:-11526:3614,test,owlv2,blur_resize,fixed,1.2,0.25,14,48,25,53,3.5,owlv2
AOI_2_Vegas_img1985,AOI_2_Vegas,AOI_2_Vegas:-11526:3614,test,owlv2,blur_resize,fixed,1.8,0.25,10,35,25,41,3.5,owlv2
AOI_2_Vegas_img1985,AOI_2_Vegas,AOI_2_Vegas:-11526:3614,test,owlv2,blur_resize,fixed,2.4,0.25,7,12,25,33,1.65,owlv2
AOI_2_Vegas_img1985,AOI_2_Vegas,AOI_2_Vegas:-11526:3614,test,owlv2,blur_resize,fixed,3.6,0.25,0,0,25,3,0.0,owlv2
AOI_2_Vegas_img1985,AOI_2_Vegas,AOI_2_Vegas:-11526:3614,test,owlv2,blur_resize,fixed,5.0,0.25,0,0,25,1,0.0,owlv2
AOI_2_Vegas_img1985,AOI_2_Vegas,AOI_2_Vegas:-11526:3614,test,owlv2,blur_resize,fixed,10.0,0.25,0,0,25,0,0.0,owlv2
AOI_2_Vegas_img2046,AOI_2_Vegas,AOI_2_Vegas:-11525:3613,test,owlv2,blur_resize,fixed,0.3,0.25,27,242,32,69,10.3,owlv2
AOI_2_Vegas_img2046,AOI_2_Vegas,AOI_2_Vegas:-11525:3613,test,owlv2,blur_resize,fixed,0.45,0.25,19,124,32,60,9.0,owlv2
AOI_2_Vegas_img2046,AOI_2_Vegas,AOI_2_Vegas:-11525:3613,test,owlv2,blur_resize,fixed,0.6,0.25,17,95,32,60,6.85,owlv2
AOI_2_Vegas_img2046,AOI_2_Vegas,AOI_2_Vegas:-11525:3613,test,owlv2,blur_resize,fixed,0.9,0.25,17,84,32,54,7.05,owlv2
AOI_2_Vegas_img2046,AOI_2_Vegas,AOI_2_Vegas:-11525:3613,test,owlv2,blur_resize,fixed,1.2,0.25,17,86,32,67,6.95,owlv2
AOI_2_Vegas_img2046,AOI_2_Vegas,AOI_2_Vegas:-11525:3613,test,owlv2,blur_resize,fixed,1.8,0.25,12,50,32,66,5.1,owlv2
AOI_2_Vegas_img2046,AOI_2_Vegas,AOI_2_Vegas:-11525:3613,test,owlv2,blur_resize,fixed,2.4,0.25,5,11,32,26,1.0,owlv2
AOI_2_Vegas_img2046,AOI_2_Vegas,AOI_2_Vegas:-11525:3613,test,owlv2,blur_resize,fixed,3.6,0.25,0,0,32,4,0.0,owlv2
AOI_2_Vegas_img2046,AOI_2_Vegas,AOI_2_Vegas:-11525:3613,test,owlv2,blur_resize,fixed,5.0,0.25,0,0,32,1,0.0,owlv2
AOI_2_Vegas_img2046,AOI_2_Vegas,AOI_2_Vegas:-11525:3613,test,owlv2,blur_resize,fixed,10.0,0.25,0,0,32,0,0.0,owlv2
AOI_2_Vegas_img2065,AOI_2_Vegas,AOI_2_Vegas:-11525:3617,test,owlv2,blur_resize,fixed,0.3,0.25,44,315,57,60,23.85,owlv2
AOI_2_Vegas_img2065,AOI_2_Vegas,AOI_2_Vegas:-11525:3617,test,owlv2,blur_resize,fixed,0.45,0.25,34,120,57,38,16.3,owlv2
AOI_2_Vegas_img2065,AOI_2_Vegas,AOI_2_Vegas:-11525:3617,test,owlv2,blur_resize,fixed,0.6,0.25,32,103,57,33,15.65,owlv2
AOI_2_Vegas_img2065,AOI_2_Vegas,AOI_2_Vegas:-11525:3617,test,owlv2,blur_resize,fixed,0.9,0.25,28,79,57,37,12.65,owlv2
AOI_2_Vegas_img2065,AOI_2_Vegas,AOI_2_Vegas:-11525:3617,test,owlv2,blur_resize,fixed,1.2,0.25,32,95,57,38,14.6,owlv2
AOI_2_Vegas_img2065,AOI_2_Vegas,AOI_2_Vegas:-11525:3617,test,owlv2,blur_resize,fixed,1.8,0.25,27,55,57,18,11.45,owlv2
AOI_2_Vegas_img2065,AOI_2_Vegas,AOI_2_Vegas:-11525:3617,test,owlv2,blur_resize,fixed,2.4,0.25,0,0,57,0,0.0,owlv2
AOI_2_Vegas_img2065,AOI_2_Vegas,AOI_2_Vegas:-11525:3617,test,owlv2,blur_resize,fixed,3.6,0.25,0,0,57,0,0.0,owlv2
AOI_2_Vegas_img2065,AOI_2_Vegas,AOI_2_Vegas:-11525:3617,test,owlv2,blur_resize,fixed,5.0,0.25,0,0,57,0,0.0,owlv2
AOI_2_Vegas_img2065,AOI_2_Vegas,AOI_2_Vegas:-11525:3617,test,owlv2,blur_resize,fixed,10.0,0.25,0,0,57,0,0.0,owlv2
AOI_2_Vegas_img2108,AOI_2_Vegas,AOI_2_Vegas:-11525:3613,test,owlv2,blur_resize,fixed,0.3,0.25,20,279,21,52,7.1,owlv2
AOI_2_Vegas_img2108,AOI_2_Vegas,AOI_2_Vegas:-11525:3613,test,owlv2,blur_resize,fixed,0.45,0.25,18,153,21,43,5.85,owlv2
AOI_2_Vegas_img2108,AOI_2_Vegas,AOI_2_Vegas:-11525:3613,test,owlv2,blur_resize,fixed,0.6,0.25,17,100,21,36,4.55,owlv2
AOI_2_Vegas_img2108,AOI_2_Vegas,AOI_2_Vegas:-11525:3613,test,owlv2,blur_resize,fixed,0.9,0.25,17,86,21,45,5.05,owlv2
AOI_2_Vegas_img2108,AOI_2_Vegas,AOI_2_Vegas:-11525:3613,test,owlv2,blur_resize,fixed,1.2,0.25,15,73,21,44,4.0,owlv2
AOI_2_Vegas_img2108,AOI_2_Vegas,AOI_2_Vegas:-11525:3613,test,owlv2,blur_resize,fixed,1.8,0.25,13,44,21,37,3.15,owlv2
AOI_2_Vegas_img2108,AOI_2_Vegas,AOI_2_Vegas:-11525:3613,test,owlv2,blur_resize,fixed,2.4,0.25,7,11,21,18,0.9,owlv2
AOI_2_Vegas_img2108,AOI_2_Vegas,AOI_2_Vegas:-11525:3613,test,owlv2,blur_resize,fixed,3.6,0.25,0,0,21,0,0.0,owlv2
AOI_2_Vegas_img2108,AOI_2_Vegas,AOI_2_Vegas:-11525:3613,test,owlv2,blur_resize,fixed,5.0,0.25,0,0,21,0,0.0,owlv2
AOI_2_Vegas_img2108,AOI_2_Vegas,AOI_2_Vegas:-11525:3613,test,owlv2,blur_resize,fixed,10.0,0.25,0,0,21,0,0.0,owlv2
AOI_2_Vegas_img2109,AOI_2_Vegas,AOI_2_Vegas:-11525:3613,test,owlv2,blur_resize,fixed,0.3,0.25,20,161,24,45,4.05,owlv2
AOI_2_Vegas_img2109,AOI_2_Vegas,AOI_2_Vegas:-11525:3613,test,owlv2,blur_resize,fixed,0.45,0.25,10,67,24,30,2.3,owlv2
AOI_2_Vegas_img2109,AOI_2_Vegas,AOI_2_Vegas:-11525:3613,test,owlv2,blur_resize,fixed,0.6,0.25,6,30,24,19,1.85,owlv2
AOI_2_Vegas_img2109,AOI_2_Vegas,AOI_2_Vegas:-11525:3613,test,owlv2,blur_resize,fixed,0.9,0.25,5,24,24,23,1.45,owlv2
AOI_2_Vegas_img2109,AOI_2_Vegas,AOI_2_Vegas:-11525:3613,test,owlv2,blur_resize,fixed,1.2,0.25,4,9,24,17,0.35,owlv2
AOI_2_Vegas_img2109,AOI_2_Vegas,AOI_2_Vegas:-11525:3613,test,owlv2,blur_resize,fixed,1.8,0.25,2,5,24,16,0.2,owlv2
AOI_2_Vegas_img2109,AOI_2_Vegas,AOI_2_Vegas:-11525:3613,test,owlv2,blur_resize,fixed,2.4,0.25,0,0,24,1,0.0,owlv2
AOI_2_Vegas_img2109,AOI_2_Vegas,AOI_2_Vegas:-11525:3613,test,owlv2,blur_resize,fixed,3.6,0.25,0,0,24,0,0.0,owlv2
AOI_2_Vegas_img2109,AOI_2_Vegas,AOI_2_Vegas:-11525:3613,test,owlv2,blur_resize,fixed,5.0,0.25,0,0,24,0,0.0,owlv2
AOI_2_Vegas_img2109,AOI_2_Vegas,AOI_2_Vegas:-11525:3613,test,owlv2,blur_resize,fixed,10.0,0.25,0,0,24,0,0.0,owlv2
AOI_2_Vegas_img2110,AOI_2_Vegas,AOI_2_Vegas:-11525:3613,test,owlv2,blur_resize,fixed,0.3,0.25,9,44,12,35,1.1,owlv2
AOI_2_Vegas_img2110,AOI_2_Vegas,AOI_2_Vegas:-11525:3613,test,owlv2,blur_resize,fixed,0.45,0.25,9,26,12,23,0.7,owlv2
AOI_2_Vegas_img2110,AOI_2_Vegas,AOI_2_Vegas:-11525:3613,test,owlv2,blur_resize,fixed,0.6,0.25,7,24,12,25,0.6,owlv2
AOI_2_Vegas_img2110,AOI_2_Vegas,AOI_2_Vegas:-11525:3613,test,owlv2,blur_resize,fixed,0.9,0.25,6,20,12,27,0.65,owlv2
AOI_2_Vegas_img2110,AOI_2_Vegas,AOI_2_Vegas:-11525:3613,test,owlv2,blur_resize,fixed,1.2,0.25,4,13,12,30,0.4,owlv2
AOI_2_Vegas_img2110,AOI_2_Vegas,AOI_2_Vegas:-11525:3613,test,owlv2,blur_resize,fixed,1.8,0.25,1,3,12,12,0.1,owlv2
AOI_2_Vegas_img2110,AOI_2_Vegas,AOI_2_Vegas:-11525:3613,test,owlv2,blur_resize,fixed,2.4,0.25,0,0,12,0,0.0,owlv2
AOI_2_Vegas_img2110,AOI_2_Vegas,AOI_2_Vegas:-11525:3613,test,owlv2,blur_resize,fixed,3.6,0.25,0,0,12,0,0.0,owlv2
AOI_2_Vegas_img2110,AOI_2_Vegas,AOI_2_Vegas:-11525:3613,test,owlv2,blur_resize,fixed,5.0,0.25,0,0,12,0,0.0,owlv2
AOI_2_Vegas_img2110,AOI_2_Vegas,AOI_2_Vegas:-11525:3613,test,owlv2,blur_resize,fixed,10.0,0.25,0,0,12,0,0.0,owlv2
AOI_2_Vegas_img2202,AOI_2_Vegas,AOI_2_Vegas:-11525:3617,test,owlv2,blur_resize,fixed,0.3,0.25,0,0,0,0,0.0,owlv2
AOI_2_Vegas_img2202,AOI_2_Vegas,AOI_2_Vegas:-11525:3617,test,owlv2,blur_resize,fixed,0.45,0.25,0,0,0,0,0.0,owlv2
AOI_2_Vegas_img2202,AOI_2_Vegas,AOI_2_Vegas:-11525:3617,test,owlv2,blur_resize,fixed,0.6,0.25,0,0,0,0,0.0,owlv2
AOI_2_Vegas_img2202,AOI_2_Vegas,AOI_2_Vegas:-11525:3617,test,owlv2,blur_resize,fixed,0.9,0.25,0,0,0,0,0.0,owlv2
AOI_2_Vegas_img2202,AOI_2_Vegas,AOI_2_Vegas:-11525:3617,test,owlv2,blur_resize,fixed,1.2,0.25,0,0,0,0,0.0,owlv2
AOI_2_Vegas_img2202,AOI_2_Vegas,AOI_2_Vegas:-11525:3617,test,owlv2,blur_resize,fixed,1.8,0.25,0,0,0,0,0.0,owlv2
AOI_2_Vegas_img2202,AOI_2_Vegas,AOI_2_Vegas:-11525:3617,test,owlv2,blur_resize,fixed,2.4,0.25,0,0,0,0,0.0,owlv2
AOI_2_Vegas_img2202,AOI_2_Vegas,AOI_2_Vegas:-11525:3617,test,owlv2,blur_resize,fixed,3.6,0.25,0,0,0,0,0.0,owlv2
AOI_2_Vegas_img2202,AOI_2_Vegas,AOI_2_Vegas:-11525:3617,test,owlv2,blur_resize,fixed,5.0,0.25,0,0,0,0,0.0,owlv2
AOI_2_Vegas_img2202,AOI_2_Vegas,AOI_2_Vegas:-11525:3617,test,owlv2,blur_resize,fixed,10.0,0.25,0,0,0,0,0.0,owlv2
AOI_2_Vegas_img2207,AOI_2_Vegas,AOI_2_Vegas:-11525:3618,test,owlv2,blur_resize,fixed,0.3,0.25,15,60,24,52,5.4,owlv2
AOI_2_Vegas_img2207,AOI_2_Vegas,AOI_2_Vegas:-11525:3618,test,owlv2,blur_resize,fixed,0.45,0.25,13,27,24,35,3.6,owlv2
AOI_2_Vegas_img2207,AOI_2_Vegas,AOI_2_Vegas:-11525:3618,test,owlv2,blur_resize,fixed,0.6,0.25,10,15,24,33,2.75,owlv2
AOI_2_Vegas_img2207,AOI_2_Vegas,AOI_2_Vegas:-11525:3618,test,owlv2,blur_resize,fixed,0.9,0.25,3,4,24,28,0.85,owlv2
AOI_2_Vegas_img2207,AOI_2_Vegas,AOI_2_Vegas:-11525:3618,test,owlv2,blur_resize,fixed,1.2,0.25,2,3,24,21,0.3,owlv2
AOI_2_Vegas_img2207,AOI_2_Vegas,AOI_2_Vegas:-11525:3618,test,owlv2,blur_resize,fixed,1.8,0.25,2,3,24,13,0.5,owlv2
AOI_2_Vegas_img2207,AOI_2_Vegas,AOI_2_Vegas:-11525:3618,test,owlv2,blur_resize,fixed,2.4,0.25,0,0,24,3,0.0,owlv2
AOI_2_Vegas_img2207,AOI_2_Vegas,AOI_2_Vegas:-11525:3618,test,owlv2,blur_resize,fixed,3.6,0.25,0,0,24,0,0.0,owlv2
AOI_2_Vegas_img2207,AOI_2_Vegas,AOI_2_Vegas:-11525:3618,test,owlv2,blur_resize,fixed,5.0,0.25,0,0,24,0,0.0,owlv2
AOI_2_Vegas_img2207,AOI_2_Vegas,AOI_2_Vegas:-11525:3618,test,owlv2,blur_resize,fixed,10.0,0.25,0,0,24,0,0.0,owlv2
AOI_2_Vegas_img2218,AOI_2_Vegas,AOI_2_Vegas:-11525:3620,test,owlv2,blur_resize,fixed,0.3,0.25,14,175,14,45,3.25,owlv2
AOI_2_Vegas_img2218,AOI_2_Vegas,AOI_2_Vegas:-11525:3620,test,owlv2,blur_resize,fixed,0.45,0.25,14,72,14,40,2.1,owlv2
AOI_2_Vegas_img2218,AOI_2_Vegas,AOI_2_Vegas:-11525:3620,test,owlv2,blur_resize,fixed,0.6,0.25,13,44,14,37,2.1,owlv2
AOI_2_Vegas_img2218,AOI_2_Vegas,AOI_2_Vegas:-11525:3620,test,owlv2,blur_resize,fixed,0.9,0.25,11,24,14,32,1.0,owlv2
AOI_2_Vegas_img2218,AOI_2_Vegas,AOI_2_Vegas:-11525:3620,test,owlv2,blur_resize,fixed,1.2,0.25,11,18,14,28,0.8,owlv2
AOI_2_Vegas_img2218,AOI_2_Vegas,AOI_2_Vegas:-11525:3620,test,owlv2,blur_resize,fixed,1.8,0.25,3,4,14,20,0.2,owlv2
AOI_2_Vegas_img2218,AOI_2_Vegas,AOI_2_Vegas:-11525:3620,test,owlv2,blur_resize,fixed,2.4,0.25,0,0,14,3,0.0,owlv2
AOI_2_Vegas_img2218,AOI_2_Vegas,AOI_2_Vegas:-11525:3620,test,owlv2,blur_resize,fixed,3.6,0.25,0,0,14,3,0.0,owlv2
AOI_2_Vegas_img2218,AOI_2_Vegas,AOI_2_Vegas:-11525:3620,test,owlv2,blur_resize,fixed,5.0,0.25,0,0,14,3,0.0,owlv2
AOI_2_Vegas_img2218,AOI_2_Vegas,AOI_2_Vegas:-11525:3620,test,owlv2,blur_resize,fixed,10.0,0.25,0,0,14,1,0.0,owlv2
AOI_2_Vegas_img2230,AOI_2_Vegas,AOI_2_Vegas:-11525:3622,test,owlv2,blur_resize,fixed,0.3,0.25,23,201,30,56,10.2,owlv2
AOI_2_Vegas_img2230,AOI_2_Vegas,AOI_2_Vegas:-11525:3622,test,owlv2,blur_resize,fixed,0.45,0.25,22,129,30,40,8.8,owlv2
AOI_2_Vegas_img2230,AOI_2_Vegas,AOI_2_Vegas:-11525:3622,test,owlv2,blur_resize,fixed,0.6,0.25,20,91,30,41,8.05,owlv2
AOI_2_Vegas_img2230,AOI_2_Vegas,AOI_2_Vegas:-11525:3622,test,owlv2,blur_resize,fixed,0.9,0.25,15,54,30,36,6.4,owlv2
AOI_2_Vegas_img2230,AOI_2_Vegas,AOI_2_Vegas:-11525:3622,test,owlv2,blur_resize,fixed,1.2,0.25,13,33,30,35,5.35,owlv2
AOI_2_Vegas_img2230,AOI_2_Vegas,AOI_2_Vegas:-11525:3622,test,owlv2,blur_resize,fixed,1.8,0.25,9,21,30,33,4.0,owlv2
AOI_2_Vegas_img2230,AOI_2_Vegas,AOI_2_Vegas:-11525:3622,test,owlv2,blur_resize,fixed,2.4,0.25,4,6,30,26,1.75,owlv2
AOI_2_Vegas_img2230,AOI_2_Vegas,AOI_2_Vegas:-11525:3622,test,owlv2,blur_resize,fixed,3.6,0.25,0,0,30,8,0.0,owlv2
AOI_2_Vegas_img2230,AOI_2_Vegas,AOI_2_Vegas:-11525:3622,test,owlv2,blur_resize,fixed,5.0,0.25,0,0,30,0,0.0,owlv2
AOI_2_Vegas_img2230,AOI_2_Vegas,AOI_2_Vegas:-11525:3622,test,owlv2,blur_resize,fixed,10.0,0.25,0,0,30,1,0.0,owlv2
AOI_2_Vegas_img2236,AOI_2_Vegas,AOI_2_Vegas:-11525:3623,test,owlv2,blur_resize,fixed,0.3,0.25,60,218,73,66,31.4,owlv2
AOI_2_Vegas_img2236,AOI_2_Vegas,AOI_2_Vegas:-11525:3623,test,owlv2,blur_resize,fixed,0.45,0.25,53,91,73,42,21.0,owlv2
AOI_2_Vegas_img2236,AOI_2_Vegas,AOI_2_Vegas:-11525:3623,test,owlv2,blur_resize,fixed,0.6,0.25,42,75,73,47,18.45,owlv2
AOI_2_Vegas_img2236,AOI_2_Vegas,AOI_2_Vegas:-11525:3623,test,owlv2,blur_resize,fixed,0.9,0.25,37,67,73,64,15.45,owlv2
AOI_2_Vegas_img2236,AOI_2_Vegas,AOI_2_Vegas:-11525:3623,test,owlv2,blur_resize,fixed,1.2,0.25,34,50,73,56,13.05,owlv2
AOI_2_Vegas_img2236,AOI_2_Vegas,AOI_2_Vegas:-11525:3623,test,owlv2,blur_resize,fixed,1.8,0.25,17,20,73,42,5.4,owlv2
AOI_2_Vegas_img2236,AOI_2_Vegas,AOI_2_Vegas:-11525:3623,test,owlv2,blur_resize,fixed,2.4,0.25,4,9,73,38,2.95,owlv2
AOI_2_Vegas_img2236,AOI_2_Vegas,AOI_2_Vegas:-11525:3623,test,owlv2,blur_resize,fixed,3.6,0.25,0,0,73,18,0.0,owlv2
AOI_2_Vegas_img2236,AOI_2_Vegas,AOI_2_Vegas:-11525:3623,test,owlv2,blur_resize,fixed,5.0,0.25,0,0,73,0,0.0,owlv2
AOI_2_Vegas_img2236,AOI_2_Vegas,AOI_2_Vegas:-11525:3623,test,owlv2,blur_resize,fixed,10.0,0.25,0,0,73,0,0.0,owlv2
AOI_2_Vegas_img2267,AOI_2_Vegas,AOI_2_Vegas:-11525:3616,test,owlv2,blur_resize,fixed,0.3,0.25,51,284,58,62,22.2,owlv2
AOI_2_Vegas_img2267,AOI_2_Vegas,AOI_2_Vegas:-11525:3616,test,owlv2,blur_resize,fixed,0.45,0.25,46,153,58,36,16.05,owlv2
AOI_2_Vegas_img2267,AOI_2_Vegas,AOI_2_Vegas:-11525:3616,test,owlv2,blur_resize,fixed,0.6,0.25,44,89,58,24,12.2,owlv2
AOI_2_Vegas_img2267,AOI_2_Vegas,AOI_2_Vegas:-11525:3616,test,owlv2,blur_resize,fixed,0.9,0.25,42,68,58,19,11.1,owlv2
AOI_2_Vegas_img2267,AOI_2_Vegas,AOI_2_Vegas:-11525:3616,test,owlv2,blur_resize,fixed,1.2,0.25,40,58,58,17,9.3,owlv2
AOI_2_Vegas_img2267,AOI_2_Vegas,AOI_2_Vegas:-11525:3616,test,owlv2,blur_resize,fixed,1.8,0.25,39,50,58,17,9.0,owlv2
AOI_2_Vegas_img2267,AOI_2_Vegas,AOI_2_Vegas:-11525:3616,test,owlv2,blur_resize,fixed,2.4,0.25,14,16,58,18,3.1,owlv2
AOI_2_Vegas_img2267,AOI_2_Vegas,AOI_2_Vegas:-11525:3616,test,owlv2,blur_resize,fixed,3.6,0.25,0,0,58,0,0.0,owlv2
AOI_2_Vegas_img2267,AOI_2_Vegas,AOI_2_Vegas:-11525:3616,test,owlv2,blur_resize,fixed,5.0,0.25,0,0,58,0,0.0,owlv2
AOI_2_Vegas_img2267,AOI_2_Vegas,AOI_2_Vegas:-11525:3616,test,owlv2,blur_resize,fixed,10.0,0.25,0,0,58,0,0.0,owlv2
AOI_2_Vegas_img227,AOI_2_Vegas,AOI_2_Vegas:-11530:3613,test,owlv2,blur_resize,fixed,0.3,0.25,37,210,42,62,20.3,owlv2
AOI_2_Vegas_img227,AOI_2_Vegas,AOI_2_Vegas:-11530:3613,test,owlv2,blur_resize,fixed,0.45,0.25,34,113,42,38,15.3,owlv2
AOI_2_Vegas_img227,AOI_2_Vegas,AOI_2_Vegas:-11530:3613,test,owlv2,blur_resize,fixed,0.6,0.25,31,58,42,25,11.05,owlv2
AOI_2_Vegas_img227,AOI_2_Vegas,AOI_2_Vegas:-11530:3613,test,owlv2,blur_resize,fixed,0.9,0.25,28,43,42,18,9.8,owlv2
AOI_2_Vegas_img227,AOI_2_Vegas,AOI_2_Vegas:-11530:3613,test,owlv2,blur_resize,fixed,1.2,0.25,27,34,42,17,7.1,owlv2
AOI_2_Vegas_img227,AOI_2_Vegas,AOI_2_Vegas:-11530:3613,test,owlv2,blur_resize,fixed,1.8,0.25,24,29,42,10,7.15,owlv2
AOI_2_Vegas_img227,AOI_2_Vegas,AOI_2_Vegas:-11530:3613,test,owlv2,blur_resize,fixed,2.4,0.25,6,6,42,4,1.65,owlv2
AOI_2_Vegas_img227,AOI_2_Vegas,AOI_2_Vegas:-11530:3613,test,owlv2,blur_resize,fixed,3.6,0.25,0,0,42,0,0.0,owlv2
AOI_2_Vegas_img227,AOI_2_Vegas,AOI_2_Vegas:-11530:3613,test,owlv2,blur_resize,fixed,5.0,0.25,0,0,42,0,0.0,owlv2
AOI_2_Vegas_img227,AOI_2_Vegas,AOI_2_Vegas:-11530:3613,test,owlv2,blur_resize,fixed,10.0,0.25,0,0,42,0,0.0,owlv2
AOI_2_Vegas_img2276,AOI_2_Vegas,AOI_2_Vegas:-11525:3617,test,owlv2,blur_resize,fixed,0.3,0.25,0,0,0,1,0.0,owlv2
AOI_2_Vegas_img2276,AOI_2_Vegas,AOI_2_Vegas:-11525:3617,test,owlv2,blur_resize,fixed,0.45,0.25,0,0,0,0,0.0,owlv2
AOI_2_Vegas_img2276,AOI_2_Vegas,AOI_2_Vegas:-11525:3617,test,owlv2,blur_resize,fixed,0.6,0.25,0,0,0,0,0.0,owlv2
AOI_2_Vegas_img2276,AOI_2_Vegas,AOI_2_Vegas:-11525:3617,test,owlv2,blur_resize,fixed,0.9,0.25,0,0,0,0,0.0,owlv2
AOI_2_Vegas_img2276,AOI_2_Vegas,AOI_2_Vegas:-11525:3617,test,owlv2,blur_resize,fixed,1.2,0.25,0,0,0,0,0.0,owlv2
AOI_2_Vegas_img2276,AOI_2_Vegas,AOI_2_Vegas:-11525:3617,test,owlv2,blur_resize,fixed,1.8,0.25,0,0,0,0,0.0,owlv2
AOI_2_Vegas_img2276,AOI_2_Vegas,AOI_2_Vegas:-11525:3617,test,owlv2,blur_resize,fixed,2.4,0.25,0,0,0,0,0.0,owlv2
AOI_2_Vegas_img2276,AOI_2_Vegas,AOI_2_Vegas:-11525:3617,test,owlv2,blur_resize,fixed,3.6,0.25,0,0,0,0,0.0,owlv2
AOI_2_Vegas_img2276,AOI_2_Vegas,AOI_2_Vegas:-11525:3617,test,owlv2,blur_resize,fixed,5.0,0.25,0,0,0,0,0.0,owlv2
AOI_2_Vegas_img2276,AOI_2_Vegas,AOI_2_Vegas:-11525:3617,test,owlv2,blur_resize,fixed,10.0,0.25,0,0,0,0,0.0,owlv2
AOI_2_Vegas_img2281,AOI_2_Vegas,AOI_2_Vegas:-11525:3618,test,owlv2,blur_resize,fixed,0.3,0.25,5,31,14,34,0.5,owlv2
AOI_2_Vegas_img2281,AOI_2_Vegas,AOI_2_Vegas:-11525:3618,test,owlv2,blur_resize,fixed,0.45,0.25,1,6,14,12,0.15,owlv2
AOI_2_Vegas_img2281,AOI_2_Vegas,AOI_2_Vegas:-11525:3618,test,owlv2,blur_resize,fixed,0.6,0.25,0,0,14,4,0.0,owlv2
AOI_2_Vegas_img2281,AOI_2_Vegas,AOI_2_Vegas:-11525:3618,test,owlv2,blur_resize,fixed,0.9,0.25,0,0,14,0,0.0,owlv2
AOI_2_Vegas_img2281,AOI_2_Vegas,AOI_2_Vegas:-11525:3618,test,owlv2,blur_resize,fixed,1.2,0.25,0,0,14,0,0.0,owlv2
AOI_2_Vegas_img2281,AOI_2_Vegas,AOI_2_Vegas:-11525:3618,test,owlv2,blur_resize,fixed,1.8,0.25,0,0,14,4,0.0,owlv2
AOI_2_Vegas_img2281,AOI_2_Vegas,AOI_2_Vegas:-11525:3618,test,owlv2,blur_resize,fixed,2.4,0.25,0,0,14,9,0.0,owlv2
AOI_2_Vegas_img2281,AOI_2_Vegas,AOI_2_Vegas:-11525:3618,test,owlv2,blur_resize,fixed,3.6,0.25,0,0,14,7,0.0,owlv2
AOI_2_Vegas_img2281,AOI_2_Vegas,AOI_2_Vegas:-11525:3618,test,owlv2,blur_resize,fixed,5.0,0.25,0,0,14,4,0.0,owlv2
AOI_2_Vegas_img2281,AOI_2_Vegas,AOI_2_Vegas:-11525:3618,test,owlv2,blur_resize,fixed,10.0,0.25,0,0,14,0,0.0,owlv2
AOI_2_Vegas_img2302,AOI_2_Vegas,AOI_2_Vegas:-11525:3622,test,owlv2,blur_resize,fixed,0.3,0.25,50,367,58,70,26.15,owlv2
AOI_2_Vegas_img2302,AOI_2_Vegas,AOI_2_Vegas:-11525:3622,test,owlv2,blur_resize,fixed,0.45,0.25,38,118,58,40,18.15,owlv2
AOI_2_Vegas_img2302,AOI_2_Vegas,AOI_2_Vegas:-11525:3622,test,owlv2,blur_resize,fixed,0.6,0.25,37,88,58,37,14.2,owlv2
AOI_2_Vegas_img2302,AOI_2_Vegas,AOI_2_Vegas:-11525:3622,test,owlv2,blur_resize,fixed,0.9,0.25,35,86,58,28,13.65,owlv2
AOI_2_Vegas_img2302,AOI_2_Vegas,AOI_2_Vegas:-11525:3622,test,owlv2,blur_resize,fixed,1.2,0.25,30,61,58,25,12.3,owlv2
AOI_2_Vegas_img2302,AOI_2_Vegas,AOI_2_Vegas:-11525:3622,test,owlv2,blur_resize,fixed,1.8,0.25,21,30,58,24,6.5,owlv2
AOI_2_Vegas_img2302,AOI_2_Vegas,AOI_2_Vegas:-11525:3622,test,owlv2,blur_resize,fixed,2.4,0.25,3,3,58,1,0.85,owlv2
AOI_2_Vegas_img2302,AOI_2_Vegas,AOI_2_Vegas:-11525:3622,test,owlv2,blur_resize,fixed,3.6,0.25,0,0,58,0,0.0,owlv2
AOI_2_Vegas_img2302,AOI_2_Vegas,AOI_2_Vegas:-11525:3622,test,owlv2,blur_resize,fixed,5.0,0.25,0,0,58,0,0.0,owlv2
AOI_2_Vegas_img2302,AOI_2_Vegas,AOI_2_Vegas:-11525:3622,test,owlv2,blur_resize,fixed,10.0,0.25,0,0,58,0,0.0,owlv2
AOI_2_Vegas_img2359,AOI_2_Vegas,AOI_2_Vegas:-11525:3619,test,owlv2,blur_resize,fixed,0.3,0.25,10,65,15,34,1.4,owlv2
AOI_2_Vegas_img2359,AOI_2_Vegas,AOI_2_Vegas:-11525:3619,test,owlv2,blur_resize,fixed,0.45,0.25,9,34,15,28,1.55,owlv2
AOI_2_Vegas_img2359,AOI_2_Vegas,AOI_2_Vegas:-11525:3619,test,owlv2,blur_resize,fixed,0.6,0.25,9,27,15,27,0.9,owlv2
AOI_2_Vegas_img2359,AOI_2_Vegas,AOI_2_Vegas:-11525:3619,test,owlv2,blur_resize,fixed,0.9,0.25,7,19,15,21,0.95,owlv2
AOI_2_Vegas_img2359,AOI_2_Vegas,AOI_2_Vegas:-11525:3619,test,owlv2,blur_resize,fixed,1.2,0.25,6,13,15,21,0.8,owlv2
AOI_2_Vegas_img2359,AOI_2_Vegas,AOI_2_Vegas:-11525:3619,test,owlv2,blur_resize,fixed,1.8,0.25,2,4,15,18,0.4,owlv2
AOI_2_Vegas_img2359,AOI_2_Vegas,AOI_2_Vegas:-11525:3619,test,owlv2,blur_resize,fixed,2.4,0.25,0,0,15,6,0.0,owlv2
AOI_2_Vegas_img2359,AOI_2_Vegas,AOI_2_Vegas:-11525:3619,test,owlv2,blur_resize,fixed,3.6,0.25,0,0,15,0,0.0,owlv2
AOI_2_Vegas_img2359,AOI_2_Vegas,AOI_2_Vegas:-11525:3619,test,owlv2,blur_resize,fixed,5.0,0.25,0,0,15,3,0.0,owlv2
AOI_2_Vegas_img2359,AOI_2_Vegas,AOI_2_Vegas:-11525:3619,test,owlv2,blur_resize,fixed,10.0,0.25,0,0,15,0,0.0,owlv2
AOI_2_Vegas_img2379,AOI_2_Vegas,AOI_2_Vegas:-11525:3623,test,owlv2,blur_resize,fixed,0.3,0.25,47,275,55,52,25.6,owlv2
AOI_2_Vegas_img2379,AOI_2_Vegas,AOI_2_Vegas:-11525:3623,test,owlv2,blur_resize,fixed,0.45,0.25,46,140,55,33,19.2,owlv2
AOI_2_Vegas_img2379,AOI_2_Vegas,AOI_2_Vegas:-11525:3623,test,owlv2,blur_resize,fixed,0.6,0.25,43,106,55,29,15.25,owlv2
AOI_2_Vegas_img2379,AOI_2_Vegas,AOI_2_Vegas:-11525:3623,test,owlv2,blur_resize,fixed,0.9,0.25,36,73,55,22,12.9,owlv2
AOI_2_Vegas_img2379,AOI_2_Vegas,AOI_2_Vegas:-11525:3623,test,owlv2,blur_resize,fixed,1.2,0.25,25,34,55,21,6.7,owlv2
AOI_2_Vegas_img2379,AOI_2_Vegas,AOI_2_Vegas:-11525:3623,test,owlv2,blur_resize,fixed,1.8,0.25,5,6,55,7,1.2,owlv2
AOI_2_Vegas_img2379,AOI_2_Vegas,AOI_2_Vegas:-11525:3623,test,owlv2,blur_resize,fixed,2.4,0.25,1,1,55,6,0.2,owlv2
AOI_2_Vegas_img2379,AOI_2_Vegas,AOI_2_Vegas:-11525:3623,test,owlv2,blur_resize,fixed,3.6,0.25,0,0,55,2,0.0,owlv2
AOI_2_Vegas_img2379,AOI_2_Vegas,AOI_2_Vegas:-11525:3623,test,owlv2,blur_resize,fixed,5.0,0.25,0,0,55,0,0.0,owlv2
AOI_2_Vegas_img2379,AOI_2_Vegas,AOI_2_Vegas:-11525:3623,test,owlv2,blur_resize,fixed,10.0,0.25,0,0,55,0,0.0,owlv2
AOI_2_Vegas_img2415,AOI_2_Vegas,AOI_2_Vegas:-11524:3615,test,owlv2,blur_resize,fixed,0.3,0.25,20,137,28,63,6.85,owlv2
AOI_2_Vegas_img2415,AOI_2_Vegas,AOI_2_Vegas:-11524:3615,test,owlv2,blur_resize,fixed,0.45,0.25,20,63,28,45,4.75,owlv2
AOI_2_Vegas_img2415,AOI_2_Vegas,AOI_2_Vegas:-11524:3615,test,owlv2,blur_resize,fixed,0.6,0.25,15,38,28,37,3.05,owlv2
AOI_2_Vegas_img2415,AOI_2_Vegas,AOI_2_Vegas:-11524:3615,test,owlv2,blur_resize,fixed,0.9,0.25,6,24,28,39,2.4,owlv2
AOI_2_Vegas_img2415,AOI_2_Vegas,AOI_2_Vegas:-11524:3615,test,owlv2,blur_resize,fixed,1.2,0.25,8,21,28,40,2.45,owlv2
AOI_2_Vegas_img2415,AOI_2_Vegas,AOI_2_Vegas:-11524:3615,test,owlv2,blur_resize,fixed,1.8,0.25,4,7,28,37,1.4,owlv2
AOI_2_Vegas_img2415,AOI_2_Vegas,AOI_2_Vegas:-11524:3615,test,owlv2,blur_resize,fixed,2.4,0.25,2,2,28,31,0.55,owlv2
AOI_2_Vegas_img2415,AOI_2_Vegas,AOI_2_Vegas:-11524:3615,test,owlv2,blur_resize,fixed,3.6,0.25,0,0,28,2,0.0,owlv2
AOI_2_Vegas_img2415,AOI_2_Vegas,AOI_2_Vegas:-11524:3615,test,owlv2,blur_resize,fixed,5.0,0.25,0,0,28,1,0.0,owlv2
AOI_2_Vegas_img2415,AOI_2_Vegas,AOI_2_Vegas:-11524:3615,test,owlv2,blur_resize,fixed,10.0,0.25,0,0,28,0,0.0,owlv2
AOI_2_Vegas_img2420,AOI_2_Vegas,AOI_2_Vegas:-11524:3616,test,owlv2,blur_resize,fixed,0.3,0.25,50,321,65,57,17.5,owlv2
AOI_2_Vegas_img2420,AOI_2_Vegas,AOI_2_Vegas:-11524:3616,test,owlv2,blur_resize,fixed,0.45,0.25,46,156,65,65,14.65,owlv2
AOI_2_Vegas_img2420,AOI_2_Vegas,AOI_2_Vegas:-11524:3616,test,owlv2,blur_resize,fixed,0.6,0.25,38,99,65,47,12.05,owlv2
AOI_2_Vegas_img2420,AOI_2_Vegas,AOI_2_Vegas:-11524:3616,test,owlv2,blur_resize,fixed,0.9,0.25,33,75,65,40,10.9,owlv2
AOI_2_Vegas_img2420,AOI_2_Vegas,AOI_2_Vegas:-11524:3616,test,owlv2,blur_resize,fixed,1.2,0.25,33,70,65,36,10.5,owlv2
AOI_2_Vegas_img2420,AOI_2_Vegas,AOI_2_Vegas:-11524:3616,test,owlv2,blur_resize,fixed,1.8,0.25,27,41,65,30,6.35,owlv2
AOI_2_Vegas_img2420,AOI_2_Vegas,AOI_2_Vegas:-11524:3616,test,owlv2,blur_resize,fixed,2.4,0.25,10,13,65,15,2.15,owlv2
AOI_2_Vegas_img2420,AOI_2_Vegas,AOI_2_Vegas:-11524:3616,test,owlv2,blur_resize,fixed,3.6,0.25,0,0,65,0,0.0,owlv2
AOI_2_Vegas_img2420,AOI_2_Vegas,AOI_2_Vegas:-11524:3616,test,owlv2,blur_resize,fixed,5.0,0.25,0,0,65,0,0.0,owlv2
AOI_2_Vegas_img2420,AOI_2_Vegas,AOI_2_Vegas:-11524:3616,test,owlv2,blur_resize,fixed,10.0,0.25,0,0,65,0,0.0,owlv2
AOI_2_Vegas_img244,AOI_2_Vegas,AOI_2_Vegas:-11530:3616,test,owlv2,blur_resize,fixed,0.3,0.25,15,139,18,38,5.25,owlv2
AOI_2_Vegas_img244,AOI_2_Vegas,AOI_2_Vegas:-11530:3616,test,owlv2,blur_resize,fixed,0.45,0.25,13,66,18,27,3.9,owlv2
AOI_2_Vegas_img244,AOI_2_Vegas,AOI_2_Vegas:-11530:3616,test,owlv2,blur_resize,fixed,0.6,0.25,12,58,18,27,3.35,owlv2
AOI_2_Vegas_img244,AOI_2_Vegas,AOI_2_Vegas:-11530:3616,test,owlv2,blur_resize,fixed,0.9,0.25,13,55,18,35,3.8,owlv2
AOI_2_Vegas_img244,AOI_2_Vegas,AOI_2_Vegas:-11530:3616,test,owlv2,blur_resize,fixed,1.2,0.25,14,59,18,34,3.45,owlv2
AOI_2_Vegas_img244,AOI_2_Vegas,AOI_2_Vegas:-11530:3616,test,owlv2,blur_resize,fixed,1.8,0.25,10,29,18,18,1.8,owlv2
AOI_2_Vegas_img244,AOI_2_Vegas,AOI_2_Vegas:-11530:3616,test,owlv2,blur_resize,fixed,2.4,0.25,9,17,18,9,1.75,owlv2
AOI_2_Vegas_img244,AOI_2_Vegas,AOI_2_Vegas:-11530:3616,test,owlv2,blur_resize,fixed,3.6,0.25,0,0,18,0,0.0,owlv2
AOI_2_Vegas_img244,AOI_2_Vegas,AOI_2_Vegas:-11530:3616,test,owlv2,blur_resize,fixed,5.0,0.25,0,0,18,0,0.0,owlv2
AOI_2_Vegas_img244,AOI_2_Vegas,AOI_2_Vegas:-11530:3616,test,owlv2,blur_resize,fixed,10.0,0.25,0,0,18,0,0.0,owlv2
AOI_2_Vegas_img2447,AOI_2_Vegas,AOI_2_Vegas:-11524:3621,test,owlv2,blur_resize,fixed,0.3,0.25,51,214,56,39,31.2,owlv2
AOI_2_Vegas_img2447,AOI_2_Vegas,AOI_2_Vegas:-11524:3621,test,owlv2,blur_resize,fixed,0.45,0.25,50,87,56,20,19.55,owlv2
AOI_2_Vegas_img2447,AOI_2_Vegas,AOI_2_Vegas:-11524:3621,test,owlv2,blur_resize,fixed,0.6,0.25,50,68,56,12,16.9,owlv2
AOI_2_Vegas_img2447,AOI_2_Vegas,AOI_2_Vegas:-11524:3621,test,owlv2,blur_resize,fixed,0.9,0.25,50,62,56,9,17.15,owlv2
AOI_2_Vegas_img2447,AOI_2_Vegas,AOI_2_Vegas:-11524:3621,test,owlv2,blur_resize,fixed,1.2,0.25,50,57,56,7,16.05,owlv2
AOI_2_Vegas_img2447,AOI_2_Vegas,AOI_2_Vegas:-11524:3621,test,owlv2,blur_resize,fixed,1.8,0.25,41,44,56,12,13.5,owlv2
AOI_2_Vegas_img2447,AOI_2_Vegas,AOI_2_Vegas:-11524:3621,test,owlv2,blur_resize,fixed,2.4,0.25,11,11,56,4,4.4,owlv2
AOI_2_Vegas_img2447,AOI_2_Vegas,AOI_2_Vegas:-11524:3621,test,owlv2,blur_resize,fixed,3.6,0.25,0,0,56,15,0.0,owlv2
AOI_2_Vegas_img2447,AOI_2_Vegas,AOI_2_Vegas:-11524:3621,test,owlv2,blur_resize,fixed,5.0,0.25,0,0,56,2,0.0,owlv2
AOI_2_Vegas_img2447,AOI_2_Vegas,AOI_2_Vegas:-11524:3621,test,owlv2,blur_resize,fixed,10.0,0.25,0,0,56,0,0.0,owlv2
AOI_2_Vegas_img2453,AOI_2_Vegas,AOI_2_Vegas:-11524:3622,test,owlv2,blur_resize,fixed,0.3,0.25,33,214,46,74,13.25,owlv2
AOI_2_Vegas_img2453,AOI_2_Vegas,AOI_2_Vegas:-11524:3622,test,owlv2,blur_resize,fixed,0.45,0.25,24,144,46,74,12.3,owlv2
AOI_2_Vegas_img2453,AOI_2_Vegas,AOI_2_Vegas:-11524:3622,test,owlv2,blur_resize,fixed,0.6,0.25,18,115,46,71,10.55,owlv2
AOI_2_Vegas_img2453,AOI_2_Vegas,AOI_2_Vegas:-11524:3622,test,owlv2,blur_resize,fixed,0.9,0.25,16,99,46,70,10.0,owlv2
AOI_2_Vegas_img2453,AOI_2_Vegas,AOI_2_Vegas:-11524:3622,test,owlv2,blur_resize,fixed,1.2,0.25,13,98,46,93,10.65,owlv2
AOI_2_Vegas_img2453,AOI_2_Vegas,AOI_2_Vegas:-11524:3622,test,owlv2,blur_resize,fixed,1.8,0.25,9,52,46,67,6.05,owlv2
AOI_2_Vegas_img2453,AOI_2_Vegas,AOI_2_Vegas:-11524:3622,test,owlv2,blur_resize,fixed,2.4,0.25,6,17,46,44,2.85,owlv2
AOI_2_Vegas_img2453,AOI_2_Vegas,AOI_2_Vegas:-11524:3622,test,owlv2,blur_resize,fixed,3.6,0.25,0,0,46,3,0.0,owlv2
AOI_2_Vegas_img2453,AOI_2_Vegas,AOI_2_Vegas:-11524:3622,test,owlv2,blur_resize,fixed,5.0,0.25,0,0,46,1,0.0,owlv2
AOI_2_Vegas_img2453,AOI_2_Vegas,AOI_2_Vegas:-11524:3622,test,owlv2,blur_resize,fixed,10.0,0.25,0,0,46,0,0.0,owlv2
AOI_2_Vegas_img2462,AOI_2_Vegas,AOI_2_Vegas:-11524:3623,test,owlv2,blur_resize,fixed,0.3,0.25,56,282,80,84,23.25,owlv2
AOI_2_Vegas_img2462,AOI_2_Vegas,AOI_2_Vegas:-11524:3623,test,owlv2,blur_resize,fixed,0.45,0.25,37,78,80,43,10.6,owlv2
AOI_2_Vegas_img2462,AOI_2_Vegas,AOI_2_Vegas:-11524:3623,test,owlv2,blur_resize,fixed,0.6,0.25,35,77,80,47,11.25,owlv2
AOI_2_Vegas_img2462,AOI_2_Vegas,AOI_2_Vegas:-11524:3623,test,owlv2,blur_resize,fixed,0.9,0.25,35,74,80,48,11.95,owlv2
AOI_2_Vegas_img2462,AOI_2_Vegas,AOI_2_Vegas:-11524:3623,test,owlv2,blur_resize,fixed,1.2,0.25,31,67,80,52,11.25,owlv2
AOI_2_Vegas_img2462,AOI_2_Vegas,AOI_2_Vegas:-11524:3623,test,owlv2,blur_resize,fixed,1.8,0.25,28,53,80,47,11.6,owlv2
AOI_2_Vegas_img2462,AOI_2_Vegas,AOI_2_Vegas:-11524:3623,test,owlv2,blur_resize,fixed,2.4,0.25,23,25,80,24,5.2,owlv2
AOI_2_Vegas_img2462,AOI_2_Vegas,AOI_2_Vegas:-11524:3623,test,owlv2,blur_resize,fixed,3.6,0.25,0,0,80,0,0.0,owlv2
AOI_2_Vegas_img2462,AOI_2_Vegas,AOI_2_Vegas:-11524:3623,test,owlv2,blur_resize,fixed,5.0,0.25,0,0,80,0,0.0,owlv2
AOI_2_Vegas_img2462,AOI_2_Vegas,AOI_2_Vegas:-11524:3623,test,owlv2,blur_resize,fixed,10.0,0.25,0,0,80,0,0.0,owlv2
AOI_2_Vegas_img2474,AOI_2_Vegas,AOI_2_Vegas:-11524:3625,test,owlv2,blur_resize,fixed,0.3,0.25,23,224,30,61,8.55,owlv2
AOI_2_Vegas_img2474,AOI_2_Vegas,AOI_2_Vegas:-11524:3625,test,owlv2,blur_resize,fixed,0.45,0.25,21,114,30,49,6.85,owlv2
AOI_2_Vegas_img2474,AOI_2_Vegas,AOI_2_Vegas:-11524:3625,test,owlv2,blur_resize,fixed,0.6,0.25,18,95,30,47,6.1,owlv2
AOI_2_Vegas_img2474,AOI_2_Vegas,AOI_2_Vegas:-11524:3625,test,owlv2,blur_resize,fixed,0.9,0.25,17,82,30,41,6.25,owlv2
AOI_2_Vegas_img2474,AOI_2_Vegas,AOI_2_Vegas:-11524:3625,test,owlv2,blur_resize,fixed,1.2,0.25,16,63,30,37,5.65,owlv2
AOI_2_Vegas_img2474,AOI_2_Vegas,AOI_2_Vegas:-11524:3625,test,owlv2,blur_resize,fixed,1.8,0.25,11,37,30,32,3.55,owlv2
AOI_2_Vegas_img2474,AOI_2_Vegas,AOI_2_Vegas:-11524:3625,test,owlv2,blur_resize,fixed,2.4,0.25,5,9,30,33,0.85,owlv2
AOI_2_Vegas_img2474,AOI_2_Vegas,AOI_2_Vegas:-11524:3625,test,owlv2,blur_resize,fixed,3.6,0.25,0,0,30,1,0.0,owlv2
AOI_2_Vegas_img2474,AOI_2_Vegas,AOI_2_Vegas:-11524:3625,test,owlv2,blur_resize,fixed,5.0,0.25,0,0,30,0,0.0,owlv2
AOI_2_Vegas_img2474,AOI_2_Vegas,AOI_2_Vegas:-11524:3625,test,owlv2,blur_resize,fixed,10.0,0.25,0,0,30,0,0.0,owlv2
AOI_2_Vegas_img2479,AOI_2_Vegas,AOI_2_Vegas:-11524:3612,test,owlv2,blur_resize,fixed,0.3,0.25,21,186,23,68,8.9,owlv2
AOI_2_Vegas_img2479,AOI_2_Vegas,AOI_2_Vegas:-11524:3612,test,owlv2,blur_resize,fixed,0.45,0.25,19,108,23,59,7.35,owlv2
AOI_2_Vegas_img2479,AOI_2_Vegas,AOI_2_Vegas:-11524:3612,test,owlv2,blur_resize,fixed,0.6,0.25,18,80,23,54,6.25,owlv2
AOI_2_Vegas_img2479,AOI_2_Vegas,AOI_2_Vegas:-11524:3612,test,owlv2,blur_resize,fixed,0.9,0.25,15,51,23,47,4.45,owlv2
AOI_2_Vegas_img2479,AOI_2_Vegas,AOI_2_Vegas:-11524:3612,test,owlv2,blur_resize,fixed,1.2,0.25,15,58,23,55,5.5,owlv2
AOI_2_Vegas_img2479,AOI_2_Vegas,AOI_2_Vegas:-11524:3612,test,owlv2,blur_resize,fixed,1.8,0.25,10,48,23,59,4.05,owlv2
AOI_2_Vegas_img2479,AOI_2_Vegas,AOI_2_Vegas:-11524:3612,test,owlv2,blur_resize,fixed,2.4,0.25,9,22,23,57,2.35,owlv2
AOI_2_Vegas_img2479,AOI_2_Vegas,AOI_2_Vegas:-11524:3612,test,owlv2,blur_resize,fixed,3.6,0.25,0,0,23,7,0.0,owlv2
AOI_2_Vegas_img2479,AOI_2_Vegas,AOI_2_Vegas:-11524:3612,test,owlv2,blur_resize,fixed,5.0,0.25,0,0,23,1,0.0,owlv2
AOI_2_Vegas_img2479,AOI_2_Vegas,AOI_2_Vegas:-11524:3612,test,owlv2,blur_resize,fixed,10.0,0.25,0,0,23,0,0.0,owlv2
AOI_2_Vegas_img2516,AOI_2_Vegas,AOI_2_Vegas:-11524:3619,test,owlv2,blur_resize,fixed,0.3,0.25,70,298,82,53,34.2,owlv2
AOI_2_Vegas_img2516,AOI_2_Vegas,AOI_2_Vegas:-11524:3619,test,owlv2,blur_resize,fixed,0.45,0.25,61,162,82,41,23.0,owlv2
AOI_2_Vegas_img2516,AOI_2_Vegas,AOI_2_Vegas:-11524:3619,test,owlv2,blur_resize,fixed,0.6,0.25,53,109,82,34,17.5,owlv2
AOI_2_Vegas_img2516,AOI_2_Vegas,AOI_2_Vegas:-11524:3619,test,owlv2,blur_resize,fixed,0.9,0.25,47,99,82,39,14.9,owlv2
AOI_2_Vegas_img2516,AOI_2_Vegas,AOI_2_Vegas:-11524:3619,test,owlv2,blur_resize,fixed,1.2,0.25,38,77,82,43,13.05,owlv2
AOI_2_Vegas_img2516,AOI_2_Vegas,AOI_2_Vegas:-11524:3619,test,owlv2,blur_resize,fixed,1.8,0.25,11,20,82,24,3.65,owlv2
AOI_2_Vegas_img2516,AOI_2_Vegas,AOI_2_Vegas:-11524:3619,test,owlv2,blur_resize,fixed,2.4,0.25,3,3,82,5,0.55,owlv2
AOI_2_Vegas_img2516,AOI_2_Vegas,AOI_2_Vegas:-11524:3619,test,owlv2,blur_resize,fixed,3.6,0.25,0,0,82,1,0.0,owlv2
AOI_2_Vegas_img2516,AOI_2_Vegas,AOI_2_Vegas:-11524:3619,test,owlv2,blur_resize,fixed,5.0,0.25,0,0,82,1,0.0,owlv2
AOI_2_Vegas_img2516,AOI_2_Vegas,AOI_2_Vegas:-11524:3619,test,owlv2,blur_resize,fixed,10.0,0.25,0,0,82,0,0.0,owlv2
AOI_2_Vegas_img2567,AOI_2_Vegas,AOI_2_Vegas:-11524:3614,test,owlv2,blur_resize,fixed,0.3,0.25,14,102,20,63,2.95,owlv2
AOI_2_Vegas_img2567,AOI_2_Vegas,AOI_2_Vegas:-11524:3614,test,owlv2,blur_resize,fixed,0.45,0.25,8,18,20,21,1.0,owlv2
AOI_2_Vegas_img2567,AOI_2_Vegas,AOI_2_Vegas:-11524:3614,test,owlv2,blur_resize,fixed,0.6,0.25,2,9,20,11,0.55,owlv2
AOI_2_Vegas_img2567,AOI_2_Vegas,AOI_2_Vegas:-11524:3614,test,owlv2,blur_resize,fixed,0.9,0.25,1,3,20,7,0.2,owlv2
AOI_2_Vegas_img2567,AOI_2_Vegas,AOI_2_Vegas:-11524:3614,test,owlv2,blur_resize,fixed,1.2,0.25,1,2,20,6,0.15,owlv2
AOI_2_Vegas_img2567,AOI_2_Vegas,AOI_2_Vegas:-11524:3614,test,owlv2,blur_resize,fixed,1.8,0.25,0,0,20,6,0.0,owlv2
AOI_2_Vegas_img2567,AOI_2_Vegas,AOI_2_Vegas:-11524:3614,test,owlv2,blur_resize,fixed,2.4,0.25,0,0,20,8,0.0,owlv2
AOI_2_Vegas_img2567,AOI_2_Vegas,AOI_2_Vegas:-11524:3614,test,owlv2,blur_resize,fixed,3.6,0.25,0,0,20,1,0.0,owlv2
AOI_2_Vegas_img2567,AOI_2_Vegas,AOI_2_Vegas:-11524:3614,test,owlv2,blur_resize,fixed,5.0,0.25,0,0,20,4,0.0,owlv2
AOI_2_Vegas_img2567,AOI_2_Vegas,AOI_2_Vegas:-11524:3614,test,owlv2,blur_resize,fixed,10.0,0.25,0,0,20,0,0.0,owlv2
AOI_2_Vegas_img2614,AOI_2_Vegas,AOI_2_Vegas:-11524:3622,test,owlv2,blur_resize,fixed,0.3,0.25,39,281,44,53,25.45,owlv2
AOI_2_Vegas_img2614,AOI_2_Vegas,AOI_2_Vegas:-11524:3622,test,owlv2,blur_resize,fixed,0.45,0.25,35,76,44,28,16.05,owlv2
AOI_2_Vegas_img2614,AOI_2_Vegas,AOI_2_Vegas:-11524:3622,test,owlv2,blur_resize,fixed,0.6,0.25,30,38,44,21,10.2,owlv2
AOI_2_Vegas_img2614,AOI_2_Vegas,AOI_2_Vegas:-11524:3622,test,owlv2,blur_resize,fixed,0.9,0.25,28,38,44,18,9.25,owlv2
AOI_2_Vegas_img2614,AOI_2_Vegas,AOI_2_Vegas:-11524:3622,test,owlv2,blur_resize,fixed,1.2,0.25,26,39,44,19,9.55,owlv2
AOI_2_Vegas_img2614,AOI_2_Vegas,AOI_2_Vegas:-11524:3622,test,owlv2,blur_resize,fixed,1.8,0.25,23,27,44,7,6.8,owlv2
AOI_2_Vegas_img2614,AOI_2_Vegas,AOI_2_Vegas:-11524:3622,test,owlv2,blur_resize,fixed,2.4,0.25,10,11,44,6,3.4,owlv2
AOI_2_Vegas_img2614,AOI_2_Vegas,AOI_2_Vegas:-11524:3622,test,owlv2,blur_resize,fixed,3.6,0.25,0,0,44,1,0.0,owlv2
AOI_2_Vegas_img2614,AOI_2_Vegas,AOI_2_Vegas:-11524:3622,test,owlv2,blur_resize,fixed,5.0,0.25,0,0,44,0,0.0,owlv2
AOI_2_Vegas_img2614,AOI_2_Vegas,AOI_2_Vegas:-11524:3622,test,owlv2,blur_resize,fixed,10.0,0.25,0,0,44,0,0.0,owlv2
AOI_2_Vegas_img2623,AOI_2_Vegas,AOI_2_Vegas:-11524:3624,test,owlv2,blur_resize,fixed,0.3,0.25,9,147,13,46,2.3,owlv2
AOI_2_Vegas_img2623,AOI_2_Vegas,AOI_2_Vegas:-11524:3624,test,owlv2,blur_resize,fixed,0.45,0.25,8,65,13,31,1.55,owlv2
AOI_2_Vegas_img2623,AOI_2_Vegas,AOI_2_Vegas:-11524:3624,test,owlv2,blur_resize,fixed,0.6,0.25,9,65,13,31,1.55,owlv2
AOI_2_Vegas_img2623,AOI_2_Vegas,AOI_2_Vegas:-11524:3624,test,owlv2,blur_resize,fixed,0.9,0.25,6,37,13,26,1.6,owlv2
AOI_2_Vegas_img2623,AOI_2_Vegas,AOI_2_Vegas:-11524:3624,test,owlv2,blur_resize,fixed,1.2,0.25,5,32,13,21,1.15,owlv2
AOI_2_Vegas_img2623,AOI_2_Vegas,AOI_2_Vegas:-11524:3624,test,owlv2,blur_resize,fixed,1.8,0.25,3,17,13,18,0.75,owlv2
AOI_2_Vegas_img2623,AOI_2_Vegas,AOI_2_Vegas:-11524:3624,test,owlv2,blur_resize,fixed,2.4,0.25,2,6,13,23,0.35,owlv2
AOI_2_Vegas_img2623,AOI_2_Vegas,AOI_2_Vegas:-11524:3624,test,owlv2,blur_resize,fixed,3.6,0.25,0,0,13,7,0.0,owlv2
AOI_2_Vegas_img2623,AOI_2_Vegas,AOI_2_Vegas:-11524:3624,test,owlv2,blur_resize,fixed,5.0,0.25,0,0,13,2,0.0,owlv2
AOI_2_Vegas_img2623,AOI_2_Vegas,AOI_2_Vegas:-11524:3624,test,owlv2,blur_resize,fixed,10.0,0.25,0,0,13,0,0.0,owlv2
AOI_2_Vegas_img263,AOI_2_Vegas,AOI_2_Vegas:-11530:3620,test,owlv2,blur_resize,fixed,0.3,0.25,44,325,44,58,26.25,owlv2
AOI_2_Vegas_img263,AOI_2_Vegas,AOI_2_Vegas:-11530:3620,test,owlv2,blur_resize,fixed,0.45,0.25,39,129,44,45,19.5,owlv2
AOI_2_Vegas_img263,AOI_2_Vegas,AOI_2_Vegas:-11530:3620,test,owlv2,blur_resize,fixed,0.6,0.25,40,86,44,39,15.65,owlv2
AOI_2_Vegas_img263,AOI_2_Vegas,AOI_2_Vegas:-11530:3620,test,owlv2,blur_resize,fixed,0.9,0.25,39,59,44,31,12.85,owlv2
AOI_2_Vegas_img263,AOI_2_Vegas,AOI_2_Vegas:-11530:3620,test,owlv2,blur_resize,fixed,1.2,0.25,39,61,44,27,14.25,owlv2
AOI_2_Vegas_img263,AOI_2_Vegas,AOI_2_Vegas:-11530:3620,test,owlv2,blur_resize,fixed,1.8,0.25,31,41,44,17,9.65,owlv2
AOI_2_Vegas_img263,AOI_2_Vegas,AOI_2_Vegas:-11530:3620,test,owlv2,blur_resize,fixed,2.4,0.25,22,24,44,12,7.05,owlv2
AOI_2_Vegas_img263,AOI_2_Vegas,AOI_2_Vegas:-11530:3620,test,owlv2,blur_resize,fixed,3.6,0.25,0,0,44,0,0.0,owlv2
AOI_2_Vegas_img263,AOI_2_Vegas,AOI_2_Vegas:-11530:3620,test,owlv2,blur_resize,fixed,5.0,0.25,0,0,44,0,0.0,owlv2
AOI_2_Vegas_img263,AOI_2_Vegas,AOI_2_Vegas:-11530:3620,test,owlv2,blur_resize,fixed,10.0,0.25,0,0,44,0,0.0,owlv2
AOI_2_Vegas_img2668,AOI_2_Vegas,AOI_2_Vegas:-11524:3618,test,owlv2,blur_resize,fixed,0.3,0.25,47,302,65,60,26.55,owlv2
AOI_2_Vegas_img2668,AOI_2_Vegas,AOI_2_Vegas:-11524:3618,test,owlv2,blur_resize,fixed,0.45,0.25,45,185,65,45,23.5,owlv2
AOI_2_Vegas_img2668,AOI_2_Vegas,AOI_2_Vegas:-11524:3618,test,owlv2,blur_resize,fixed,0.6,0.25,43,117,65,46,18.4,owlv2
AOI_2_Vegas_img2668,AOI_2_Vegas,AOI_2_Vegas:-11524:3618,test,owlv2,blur_resize,fixed,0.9,0.25,40,78,65,31,14.9,owlv2
AOI_2_Vegas_img2668,AOI_2_Vegas,AOI_2_Vegas:-11524:3618,test,owlv2,blur_resize,fixed,1.2,0.25,42,84,65,30,14.8,owlv2
AOI_2_Vegas_img2668,AOI_2_Vegas,AOI_2_Vegas:-11524:3618,test,owlv2,blur_resize,fixed,1.8,0.25,39,66,65,35,13.3,owlv2
AOI_2_Vegas_img2668,AOI_2_Vegas,AOI_2_Vegas:-11524:3618,test,owlv2,blur_resize,fixed,2.4,0.25,30,32,65,23,7.55,owlv2
AOI_2_Vegas_img2668,AOI_2_Vegas,AOI_2_Vegas:-11524:3618,test,owlv2,blur_resize,fixed,3.6,0.25,0,0,65,1,0.0,owlv2
AOI_2_Vegas_img2668,AOI_2_Vegas,AOI_2_Vegas:-11524:3618,test,owlv2,blur_resize,fixed,5.0,0.25,0,0,65,0,0.0,owlv2
AOI_2_Vegas_img2668,AOI_2_Vegas,AOI_2_Vegas:-11524:3618,test,owlv2,blur_resize,fixed,10.0,0.25,0,0,65,0,0.0,owlv2
AOI_2_Vegas_img2695,AOI_2_Vegas,AOI_2_Vegas:-11524:3623,test,owlv2,blur_resize,fixed,0.3,0.25,42,220,52,50,17.6,owlv2
AOI_2_Vegas_img2695,AOI_2_Vegas,AOI_2_Vegas:-11524:3623,test,owlv2,blur_resize,fixed,0.45,0.25,34,91,52,45,10.65,owlv2
AOI_2_Vegas_img2695,AOI_2_Vegas,AOI_2_Vegas:-11524:3623,test,owlv2,blur_resize,fixed,0.6,0.25,25,47,52,30,7.3,owlv2
AOI_2_Vegas_img2695,AOI_2_Vegas,AOI_2_Vegas:-11524:3623,test,owlv2,blur_resize,fixed,0.9,0.25,22,39,52,17,6.45,owlv2
AOI_2_Vegas_img2695,AOI_2_Vegas,AOI_2_Vegas:-11524:3623,test,owlv2,blur_resize,fixed,1.2,0.25,17,29,52,27,6.15,owlv2
AOI_2_Vegas_img2695,AOI_2_Vegas,AOI_2_Vegas:-11524:3623,test,owlv2,blur_resize,fixed,1.8,0.25,8,11,52,9,2.1,owlv2
AOI_2_Vegas_img2695,AOI_2_Vegas,AOI_2_Vegas:-11524:3623,test,owlv2,blur_resize,fixed,2.4,0.25,0,0,52,0,0.0,owlv2
AOI_2_Vegas_img2695,AOI_2_Vegas,AOI_2_Vegas:-11524:3623,test,owlv2,blur_resize,fixed,3.6,0.25,0,0,52,0,0.0,owlv2
AOI_2_Vegas_img2695,AOI_2_Vegas,AOI_2_Vegas:-11524:3623,test,owlv2,blur_resize,fixed,5.0,0.25,0,0,52,0,0.0,owlv2
AOI_2_Vegas_img2695,AOI_2_Vegas,AOI_2_Vegas:-11524:3623,test,owlv2,blur_resize,fixed,10.0,0.25,0,0,52,0,0.0,owlv2
AOI_2_Vegas_img2751,AOI_2_Vegas,AOI_2_Vegas:-11524:3619,test,owlv2,blur_resize,fixed,0.3,0.25,36,183,42,55,16.8,owlv2
AOI_2_Vegas_img2751,AOI_2_Vegas,AOI_2_Vegas:-11524:3619,test,owlv2,blur_resize,fixed,0.45,0.25,34,112,42,50,12.85,owlv2
AOI_2_Vegas_img2751,AOI_2_Vegas,AOI_2_Vegas:-11524:3619,test,owlv2,blur_resize,fixed,0.6,0.25,32,80,42,44,10.9,owlv2
AOI_2_Vegas_img2751,AOI_2_Vegas,AOI_2_Vegas:-11524:3619,test,owlv2,blur_resize,fixed,0.9,0.25,31,65,42,43,10.1,owlv2
AOI_2_Vegas_img2751,AOI_2_Vegas,AOI_2_Vegas:-11524:3619,test,owlv2,blur_resize,fixed,1.2,0.25,29,51,42,38,8.6,owlv2
AOI_2_Vegas_img2751,AOI_2_Vegas,AOI_2_Vegas:-11524:3619,test,owlv2,blur_resize,fixed,1.8,0.25,5,5,42,18,1.15,owlv2
AOI_2_Vegas_img2751,AOI_2_Vegas,AOI_2_Vegas:-11524:3619,test,owlv2,blur_resize,fixed,2.4,0.25,0,0,42,2,0.0,owlv2
AOI_2_Vegas_img2751,AOI_2_Vegas,AOI_2_Vegas:-11524:3619,test,owlv2,blur_resize,fixed,3.6,0.25,0,0,42,0,0.0,owlv2
AOI_2_Vegas_img2751,AOI_2_Vegas,AOI_2_Vegas:-11524:3619,test,owlv2,blur_resize,fixed,5.0,0.25,0,0,42,1,0.0,owlv2
AOI_2_Vegas_img2751,AOI_2_Vegas,AOI_2_Vegas:-11524:3619,test,owlv2,blur_resize,fixed,10.0,0.25,0,0,42,0,0.0,owlv2
AOI_2_Vegas_img2760,AOI_2_Vegas,AOI_2_Vegas:-11524:3620,test,owlv2,blur_resize,fixed,0.3,0.25,50,340,58,62,22.55,owlv2
AOI_2_Vegas_img2760,AOI_2_Vegas,AOI_2_Vegas:-11524:3620,test,owlv2,blur_resize,fixed,0.45,0.25,48,182,58,47,17.6,owlv2
AOI_2_Vegas_img2760,AOI_2_Vegas,AOI_2_Vegas:-11524:3620,test,owlv2,blur_resize,fixed,0.6,0.25,46,131,58,42,15.0,owlv2
AOI_2_Vegas_img2760,AOI_2_Vegas,AOI_2_Vegas:-11524:3620,test,owlv2,blur_resize,fixed,0.9,0.25,35,90,58,31,12.15,owlv2
AOI_2_Vegas_img2760,AOI_2_Vegas,AOI_2_Vegas:-11524:3620,test,owlv2,blur_resize,fixed,1.2,0.25,33,69,58,26,10.55,owlv2
AOI_2_Vegas_img2760,AOI_2_Vegas,AOI_2_Vegas:-11524:3620,test,owlv2,blur_resize,fixed,1.8,0.25,17,31,58,18,4.85,owlv2
AOI_2_Vegas_img2760,AOI_2_Vegas,AOI_2_Vegas:-11524:3620,test,owlv2,blur_resize,fixed,2.4,0.25,3,3,58,7,0.85,owlv2
AOI_2_Vegas_img2760,AOI_2_Vegas,AOI_2_Vegas:-11524:3620,test,owlv2,blur_resize,fixed,3.6,0.25,0,0,58,0,0.0,owlv2
AOI_2_Vegas_img2760,AOI_2_Vegas,AOI_2_Vegas:-11524:3620,test,owlv2,blur_resize,fixed,5.0,0.25,0,0,58,0,0.0,owlv2
AOI_2_Vegas_img2760,AOI_2_Vegas,AOI_2_Vegas:-11524:3620,test,owlv2,blur_resize,fixed,10.0,0.25,0,0,58,0,0.0,owlv2
AOI_2_Vegas_img2801,AOI_2_Vegas,AOI_2_Vegas:-11524:3613,test,owlv2,blur_resize,fixed,0.3,0.25,24,183,26,64,6.3,owlv2
AOI_2_Vegas_img2801,AOI_2_Vegas,AOI_2_Vegas:-11524:3613,test,owlv2,blur_resize,fixed,0.45,0.25,19,89,26,42,5.2,owlv2
AOI_2_Vegas_img2801,AOI_2_Vegas,AOI_2_Vegas:-11524:3613,test,owlv2,blur_resize,fixed,0.6,0.25,17,60,26,45,3.85,owlv2
AOI_2_Vegas_img2801,AOI_2_Vegas,AOI_2_Vegas:-11524:3613,test,owlv2,blur_resize,fixed,0.9,0.25,14,63,26,42,3.65,owlv2
AOI_2_Vegas_img2801,AOI_2_Vegas,AOI_2_Vegas:-11524:3613,test,owlv2,blur_resize,fixed,1.2,0.25,12,45,26,37,3.5,owlv2
AOI_2_Vegas_img2801,AOI_2_Vegas,AOI_2_Vegas:-11524:3613,test,owlv2,blur_resize,fixed,1.8,0.25,7,12,26,32,1.25,owlv2
AOI_2_Vegas_img2801,AOI_2_Vegas,AOI_2_Vegas:-11524:3613,test,owlv2,blur_resize,fixed,2.4,0.25,2,5,26,22,0.6,owlv2
AOI_2_Vegas_img2801,AOI_2_Vegas,AOI_2_Vegas:-11524:3613,test,owlv2,blur_resize,fixed,3.6,0.25,0,0,26,6,0.0,owlv2
AOI_2_Vegas_img2801,AOI_2_Vegas,AOI_2_Vegas:-11524:3613,test,owlv2,blur_resize,fixed,5.0,0.25,0,0,26,0,0.0,owlv2
AOI_2_Vegas_img2801,AOI_2_Vegas,AOI_2_Vegas:-11524:3613,test,owlv2,blur_resize,fixed,10.0,0.25,0,0,26,0,0.0,owlv2
AOI_2_Vegas_img2824,AOI_2_Vegas,AOI_2_Vegas:-11524:3618,test,owlv2,blur_resize,fixed,0.3,0.25,27,120,31,59,7.4,owlv2
AOI_2_Vegas_img2824,AOI_2_Vegas,AOI_2_Vegas:-11524:3618,test,owlv2,blur_resize,fixed,0.45,0.25,22,62,31,47,6.0,owlv2
AOI_2_Vegas_img2824,AOI_2_Vegas,AOI_2_Vegas:-11524:3618,test,owlv2,blur_resize,fixed,0.6,0.25,16,39,31,50,4.4,owlv2
AOI_2_Vegas_img2824,AOI_2_Vegas,AOI_2_Vegas:-11524:3618,test,owlv2,blur_resize,fixed,0.9,0.25,14,26,31,51,3.45,owlv2
AOI_2_Vegas_img2824,AOI_2_Vegas,AOI_2_Vegas:-11524:3618,test,owlv2,blur_resize,fixed,1.2,0.25,12,24,31,48,2.85,owlv2
AOI_2_Vegas_img2824,AOI_2_Vegas,AOI_2_Vegas:-11524:3618,test,owlv2,blur_resize,fixed,1.8,0.25,7,16,31,41,3.0,owlv2
AOI_2_Vegas_img2824,AOI_2_Vegas,AOI_2_Vegas:-11524:3618,test,owlv2,blur_resize,fixed,2.4,0.25,2,2,31,33,0.2,owlv2
AOI_2_Vegas_img2824,AOI_2_Vegas,AOI_2_Vegas:-11524:3618,test,owlv2,blur_resize,fixed,3.6,0.25,0,0,31,11,0.0,owlv2
AOI_2_Vegas_img2824,AOI_2_Vegas,AOI_2_Vegas:-11524:3618,test,owlv2,blur_resize,fixed,5.0,0.25,0,0,31,2,0.0,owlv2
AOI_2_Vegas_img2824,AOI_2_Vegas,AOI_2_Vegas:-11524:3618,test,owlv2,blur_resize,fixed,10.0,0.25,0,0,31,1,0.0,owlv2
AOI_2_Vegas_img2852,AOI_2_Vegas,AOI_2_Vegas:-11524:3622,test,owlv2,blur_resize,fixed,0.3,0.25,30,160,49,44,10.35,owlv2
AOI_2_Vegas_img2852,AOI_2_Vegas,AOI_2_Vegas:-11524:3622,test,owlv2,blur_resize,fixed,0.45,0.25,17,79,49,37,7.15,owlv2
AOI_2_Vegas_img2852,AOI_2_Vegas,AOI_2_Vegas:-11524:3622,test,owlv2,blur_resize,fixed,0.6,0.25,15,62,49,36,7.05,owlv2
AOI_2_Vegas_img2852,AOI_2_Vegas,AOI_2_Vegas:-11524:3622,test,owlv2,blur_resize,fixed,0.9,0.25,13,45,49,30,4.6,owlv2
AOI_2_Vegas_img2852,AOI_2_Vegas,AOI_2_Vegas:-11524:3622,test,owlv2,blur_resize,fixed,1.2,0.25,6,15,49,19,2.35,owlv2
AOI_2_Vegas_img2852,AOI_2_Vegas,AOI_2_Vegas:-11524:3622,test,owlv2,blur_resize,fixed,1.8,0.25,2,3,49,12,0.45,owlv2
AOI_2_Vegas_img2852,AOI_2_Vegas,AOI_2_Vegas:-11524:3622,test,owlv2,blur_resize,fixed,2.4,0.25,0,0,49,0,0.0,owlv2
AOI_2_Vegas_img2852,AOI_2_Vegas,AOI_2_Vegas:-11524:3622,test,owlv2,blur_resize,fixed,3.6,0.25,0,0,49,0,0.0,owlv2
AOI_2_Vegas_img2852,AOI_2_Vegas,AOI_2_Vegas:-11524:3622,test,owlv2,blur_resize,fixed,5.0,0.25,0,0,49,0,0.0,owlv2
AOI_2_Vegas_img2852,AOI_2_Vegas,AOI_2_Vegas:-11524:3622,test,owlv2,blur_resize,fixed,10.0,0.25,0,0,49,0,0.0,owlv2
AOI_2_Vegas_img286,AOI_2_Vegas,AOI_2_Vegas:-11530:3614,test,owlv2,blur_resize,fixed,0.3,0.25,2,59,6,49,0.6,owlv2
AOI_2_Vegas_img286,AOI_2_Vegas,AOI_2_Vegas:-11530:3614,test,owlv2,blur_resize,fixed,0.45,0.25,2,29,6,30,0.2,owlv2
AOI_2_Vegas_img286,AOI_2_Vegas,AOI_2_Vegas:-11530:3614,test,owlv2,blur_resize,fixed,0.6,0.25,2,14,6,21,0.1,owlv2
AOI_2_Vegas_img286,AOI_2_Vegas,AOI_2_Vegas:-11530:3614,test,owlv2,blur_resize,fixed,0.9,0.25,2,5,6,13,0.2,owlv2
AOI_2_Vegas_img286,AOI_2_Vegas,AOI_2_Vegas:-11530:3614,test,owlv2,blur_resize,fixed,1.2,0.25,2,4,6,8,0.15,owlv2
AOI_2_Vegas_img286,AOI_2_Vegas,AOI_2_Vegas:-11530:3614,test,owlv2,blur_resize,fixed,1.8,0.25,2,2,6,3,0.15,owlv2
AOI_2_Vegas_img286,AOI_2_Vegas,AOI_2_Vegas:-11530:3614,test,owlv2,blur_resize,fixed,2.4,0.25,0,0,6,0,0.0,owlv2
AOI_2_Vegas_img286,AOI_2_Vegas,AOI_2_Vegas:-11530:3614,test,owlv2,blur_resize,fixed,3.6,0.25,0,0,6,0,0.0,owlv2
AOI_2_Vegas_img286,AOI_2_Vegas,AOI_2_Vegas:-11530:3614,test,owlv2,blur_resize,fixed,5.0,0.25,0,0,6,7,0.0,owlv2
AOI_2_Vegas_img286,AOI_2_Vegas,AOI_2_Vegas:-11530:3614,test,owlv2,blur_resize,fixed,10.0,0.25,0,0,6,0,0.0,owlv2
AOI_2_Vegas_img2870,AOI_2_Vegas,AOI_2_Vegas:-11524:3626,test,owlv2,blur_resize,fixed,0.3,0.25,15,141,16,16,3.45,owlv2
AOI_2_Vegas_img2870,AOI_2_Vegas,AOI_2_Vegas:-11524:3626,test,owlv2,blur_resize,fixed,0.45,0.25,13,71,16,10,2.4,owlv2
AOI_2_Vegas_img2870,AOI_2_Vegas,AOI_2_Vegas:-11524:3626,test,owlv2,blur_resize,fixed,0.6,0.25,12,53,16,9,1.45,owlv2
AOI_2_Vegas_img2870,AOI_2_Vegas,AOI_2_Vegas:-11524:3626,test,owlv2,blur_resize,fixed,0.9,0.25,9,42,16,12,1.7,owlv2
AOI_2_Vegas_img2870,AOI_2_Vegas,AOI_2_Vegas:-11524:3626,test,owlv2,blur_resize,fixed,1.2,0.25,8,40,16,13,1.9,owlv2
AOI_2_Vegas_img2870,AOI_2_Vegas,AOI_2_Vegas:-11524:3626,test,owlv2,blur_resize,fixed,1.8,0.25,5,6,16,11,0.45,owlv2
AOI_2_Vegas_img2870,AOI_2_Vegas,AOI_2_Vegas:-11524:3626,test,owlv2,blur_resize,fixed,2.4,0.25,0,0,16,0,0.0,owlv2
AOI_2_Vegas_img2870,AOI_2_Vegas,AOI_2_Vegas:-11524:3626,test,owlv2,blur_resize,fixed,3.6,0.25,0,0,16,0,0.0,owlv2
AOI_2_Vegas_img2870,AOI_2_Vegas,AOI_2_Vegas:-11524:3626,test,owlv2,blur_resize,fixed,5.0,0.25,0,0,16,0,0.0,owlv2
AOI_2_Vegas_img2870,AOI_2_Vegas,AOI_2_Vegas:-11524:3626,test,owlv2,blur_resize,fixed,10.0,0.25,0,0,16,0,0.0,owlv2
AOI_2_Vegas_img2875,AOI_2_Vegas,AOI_2_Vegas:-11523:3613,test,owlv2,blur_resize,fixed,0.3,0.25,23,164,31,68,6.9,owlv2
AOI_2_Vegas_img2875,AOI_2_Vegas,AOI_2_Vegas:-11523:3613,test,owlv2,blur_resize,fixed,0.45,0.25,16,74,31,63,5.2,owlv2
AOI_2_Vegas_img2875,AOI_2_Vegas,AOI_2_Vegas:-11523:3613,test,owlv2,blur_resize,fixed,0.6,0.25,14,51,31,57,3.95,owlv2
AOI_2_Vegas_img2875,AOI_2_Vegas,AOI_2_Vegas:-11523:3613,test,owlv2,blur_resize,fixed,0.9,0.25,12,36,31,43,3.15,owlv2
AOI_2_Vegas_img2875,AOI_2_Vegas,AOI_2_Vegas:-11523:3613,test,owlv2,blur_resize,fixed,1.2,0.25,13,47,31,53,4.1,owlv2
AOI_2_Vegas_img2875,AOI_2_Vegas,AOI_2_Vegas:-11523:3613,test,owlv2,blur_resize,fixed,1.8,0.25,7,30,31,38,3.2,owlv2
AOI_2_Vegas_img2875,AOI_2_Vegas,AOI_2_Vegas:-11523:3613,test,owlv2,blur_resize,fixed,2.4,0.25,4,19,31,38,2.15,owlv2
AOI_2_Vegas_img2875,AOI_2_Vegas,AOI_2_Vegas:-11523:3613,test,owlv2,blur_resize,fixed,3.6,0.25,0,0,31,1,0.0,owlv2
AOI_2_Vegas_img2875,AOI_2_Vegas,AOI_2_Vegas:-11523:3613,test,owlv2,blur_resize,fixed,5.0,0.25,0,0,31,0,0.0,owlv2
AOI_2_Vegas_img2875,AOI_2_Vegas,AOI_2_Vegas:-11523:3613,test,owlv2,blur_resize,fixed,10.0,0.25,0,0,31,0,0.0,owlv2
AOI_2_Vegas_img288,AOI_2_Vegas,AOI_2_Vegas:-11530:3614,test,owlv2,blur_resize,fixed,0.3,0.25,28,174,37,64,10.45,owlv2
AOI_2_Vegas_img288,AOI_2_Vegas,AOI_2_Vegas:-11530:3614,test,owlv2,blur_resize,fixed,0.45,0.25,24,95,37,49,7.7,owlv2
AOI_2_Vegas_img288,AOI_2_Vegas,AOI_2_Vegas:-11530:3614,test,owlv2,blur_resize,fixed,0.6,0.25,23,71,37,41,7.35,owlv2
AOI_2_Vegas_img288,AOI_2_Vegas,AOI_2_Vegas:-11530:3614,test,owlv2,blur_resize,fixed,0.9,0.25,20,46,37,23,5.65,owlv2
AOI_2_Vegas_img288,AOI_2_Vegas,AOI_2_Vegas:-11530:3614,test,owlv2,blur_resize,fixed,1.2,0.25,16,36,37,24,4.75,owlv2
AOI_2_Vegas_img288,AOI_2_Vegas,AOI_2_Vegas:-11530:3614,test,owlv2,blur_resize,fixed,1.8,0.25,14,19,37,18,2.1,owlv2
AOI_2_Vegas_img288,AOI_2_Vegas,AOI_2_Vegas:-11530:3614,test,owlv2,blur_resize,fixed,2.4,0.25,2,3,37,10,0.45,owlv2
AOI_2_Vegas_img288,AOI_2_Vegas,AOI_2_Vegas:-11530:3614,test,owlv2,blur_resize,fixed,3.6,0.25,0,0,37,0,0.0,owlv2
AOI_2_Vegas_img288,AOI_2_Vegas,AOI_2_Vegas:-11530:3614,test,owlv2,blur_resize,fixed,5.0,0.25,0,0,37,0,0.0,owlv2
AOI_2_Vegas_img288,AOI_2_Vegas,AOI_2_Vegas:-11530:3614,test,owlv2,blur_resize,fixed,10.0,0.25,0,0,37,0,0.0,owlv2
AOI_2_Vegas_img2888,AOI_2_Vegas,AOI_2_Vegas:-11523:3615,test,owlv2,blur_resize,fixed,0.3,0.25,0,13,0,14,0.0,owlv2
AOI_2_Vegas_img2888,AOI_2_Vegas,AOI_2_Vegas:-11523:3615,test,owlv2,blur_resize,fixed,0.45,0.25,0,3,0,2,0.0,owlv2
AOI_2_Vegas_img2888,AOI_2_Vegas,AOI_2_Vegas:-11523:3615,test,owlv2,blur_resize,fixed,0.6,0.25,0,0,0,0,0.0,owlv2
AOI_2_Vegas_img2888,AOI_2_Vegas,AOI_2_Vegas:-11523:3615,test,owlv2,blur_resize,fixed,0.9,0.25,0,0,0,0,0.0,owlv2
AOI_2_Vegas_img2888,AOI_2_Vegas,AOI_2_Vegas:-11523:3615,test,owlv2,blur_resize,fixed,1.2,0.25,0,0,0,1,0.0,owlv2
AOI_2_Vegas_img2888,AOI_2_Vegas,AOI_2_Vegas:-11523:3615,test,owlv2,blur_resize,fixed,1.8,0.25,0,0,0,0,0.0,owlv2
AOI_2_Vegas_img2888,AOI_2_Vegas,AOI_2_Vegas:-11523:3615,test,owlv2,blur_resize,fixed,2.4,0.25,0,0,0,0,0.0,owlv2
AOI_2_Vegas_img2888,AOI_2_Vegas,AOI_2_Vegas:-11523:3615,test,owlv2,blur_resize,fixed,3.6,0.25,0,0,0,2,0.0,owlv2
AOI_2_Vegas_img2888,AOI_2_Vegas,AOI_2_Vegas:-11523:3615,test,owlv2,blur_resize,fixed,5.0,0.25,0,0,0,3,0.0,owlv2
AOI_2_Vegas_img2888,AOI_2_Vegas,AOI_2_Vegas:-11523:3615,test,owlv2,blur_resize,fixed,10.0,0.25,0,0,0,0,0.0,owlv2
AOI_2_Vegas_img297,AOI_2_Vegas,AOI_2_Vegas:-11530:3616,test,owlv2,blur_resize,fixed,0.3,0.25,0,0,0,0,0.0,owlv2
AOI_2_Vegas_img297,AOI_2_Vegas,AOI_2_Vegas:-11530:3616,test,owlv2,blur_resize,fixed,0.45,0.25,0,0,0,0,0.0,owlv2
AOI_2_Vegas_img297,AOI_2_Vegas,AOI_2_Vegas:-11530:3616,test,owlv2,blur_resize,fixed,0.6,0.25,0,0,0,0,0.0,owlv2
AOI_2_Vegas_img297,AOI_2_Vegas,AOI_2_Vegas:-11530:3616,test,owlv2,blur_resize,fixed,0.9,0.25,0,0,0,0,0.0,owlv2
AOI_2_Vegas_img297,AOI_2_Vegas,AOI_2_Vegas:-11530:3616,test,owlv2,blur_resize,fixed,1.2,0.25,0,0,0,0,0.0,owlv2
AOI_2_Vegas_img297,AOI_2_Vegas,AOI_2_Vegas:-11530:3616,test,owlv2,blur_resize,fixed,1.8,0.25,0,0,0,0,0.0,owlv2
AOI_2_Vegas_img297,AOI_2_Vegas,AOI_2_Vegas:-11530:3616,test,owlv2,blur_resize,fixed,2.4,0.25,0,0,0,0,0.0,owlv2
AOI_2_Vegas_img297,AOI_2_Vegas,AOI_2_Vegas:-11530:3616,test,owlv2,blur_resize,fixed,3.6,0.25,0,0,0,0,0.0,owlv2
AOI_2_Vegas_img297,AOI_2_Vegas,AOI_2_Vegas:-11530:3616,test,owlv2,blur_resize,fixed,5.0,0.25,0,0,0,0,0.0,owlv2
AOI_2_Vegas_img297,AOI_2_Vegas,AOI_2_Vegas:-11530:3616,test,owlv2,blur_resize,fixed,10.0,0.25,0,0,0,0,0.0,owlv2
AOI_2_Vegas_img2978,AOI_2_Vegas,AOI_2_Vegas:-11523:3617,test,owlv2,blur_resize,fixed,0.3,0.25,23,198,30,46,8.45,owlv2
AOI_2_Vegas_img2978,AOI_2_Vegas,AOI_2_Vegas:-11523:3617,test,owlv2,blur_resize,fixed,0.45,0.25,15,75,30,30,4.7,owlv2
AOI_2_Vegas_img2978,AOI_2_Vegas,AOI_2_Vegas:-11523:3617,test,owlv2,blur_resize,fixed,0.6,0.25,15,64,30,30,4.55,owlv2
AOI_2_Vegas_img2978,AOI_2_Vegas,AOI_2_Vegas:-11523:3617,test,owlv2,blur_resize,fixed,0.9,0.25,13,36,30,28,3.1,owlv2
AOI_2_Vegas_img2978,AOI_2_Vegas,AOI_2_Vegas:-11523:3617,test,owlv2,blur_resize,fixed,1.2,0.25,11,30,30,22,3.0,owlv2
AOI_2_Vegas_img2978,AOI_2_Vegas,AOI_2_Vegas:-11523:3617,test,owlv2,blur_resize,fixed,1.8,0.25,7,12,30,20,1.5,owlv2
AOI_2_Vegas_img2978,AOI_2_Vegas,AOI_2_Vegas:-11523:3617,test,owlv2,blur_resize,fixed,2.4,0.25,2,5,30,18,0.5,owlv2
AOI_2_Vegas_img2978,AOI_2_Vegas,AOI_2_Vegas:-11523:3617,test,owlv2,blur_resize,fixed,3.6,0.25,0,1,30,16,0.05,owlv2
AOI_2_Vegas_img2978,AOI_2_Vegas,AOI_2_Vegas:-11523:3617,test,owlv2,blur_resize,fixed,5.0,0.25,0,0,30,2,0.0,owlv2
AOI_2_Vegas_img2978,AOI_2_Vegas,AOI_2_Vegas:-11523:3617,test,owlv2,blur_resize,fixed,10.0,0.25,0,0,30,0,0.0,owlv2
AOI_2_Vegas_img3018,AOI_2_Vegas,AOI_2_Vegas:-11523:3624,test,owlv2,blur_resize,fixed,0.3,0.25,44,231,61,79,25.6,owlv2
AOI_2_Vegas_img3018,AOI_2_Vegas,AOI_2_Vegas:-11523:3624,test,owlv2,blur_resize,fixed,0.45,0.25,39,137,61,70,19.7,owlv2
AOI_2_Vegas_img3018,AOI_2_Vegas,AOI_2_Vegas:-11523:3624,test,owlv2,blur_resize,fixed,0.6,0.25,33,93,61,66,17.3,owlv2
AOI_2_Vegas_img3018,AOI_2_Vegas,AOI_2_Vegas:-11523:3624,test,owlv2,blur_resize,fixed,0.9,0.25,32,80,61,63,14.65,owlv2
AOI_2_Vegas_img3018,AOI_2_Vegas,AOI_2_Vegas:-11523:3624,test,owlv2,blur_resize,fixed,1.2,0.25,38,86,61,58,16.0,owlv2
AOI_2_Vegas_img3018,AOI_2_Vegas,AOI_2_Vegas:-11523:3624,test,owlv2,blur_resize,fixed,1.8,0.25,23,44,61,39,10.15,owlv2
AOI_2_Vegas_img3018,AOI_2_Vegas,AOI_2_Vegas:-11523:3624,test,owlv2,blur_resize,fixed,2.4,0.25,14,18,61,38,4.75,owlv2
AOI_2_Vegas_img3018,AOI_2_Vegas,AOI_2_Vegas:-11523:3624,test,owlv2,blur_resize,fixed,3.6,0.25,0,0,61,0,0.0,owlv2
AOI_2_Vegas_img3018,AOI_2_Vegas,AOI_2_Vegas:-11523:3624,test,owlv2,blur_resize,fixed,5.0,0.25,0,0,61,0,0.0,owlv2
AOI_2_Vegas_img3018,AOI_2_Vegas,AOI_2_Vegas:-11523:3624,test,owlv2,blur_resize,fixed,10.0,0.25,0,0,61,0,0.0,owlv2
AOI_2_Vegas_img3077,AOI_2_Vegas,AOI_2_Vegas:-11523:3620,test,owlv2,blur_resize,fixed,0.3,0.25,25,183,32,62,7.45,owlv2
AOI_2_Vegas_img3077,AOI_2_Vegas,AOI_2_Vegas:-11523:3620,test,owlv2,blur_resize,fixed,0.45,0.25,24,129,32,59,6.5,owlv2
AOI_2_Vegas_img3077,AOI_2_Vegas,AOI_2_Vegas:-11523:3620,test,owlv2,blur_resize,fixed,0.6,0.25,23,113,32,48,6.35,owlv2
AOI_2_Vegas_img3077,AOI_2_Vegas,AOI_2_Vegas:-11523:3620,test,owlv2,blur_resize,fixed,0.9,0.25,24,109,32,54,7.55,owlv2
AOI_2_Vegas_img3077,AOI_2_Vegas,AOI_2_Vegas:-11523:3620,test,owlv2,blur_resize,fixed,1.2,0.25,17,83,32,62,6.25,owlv2
AOI_2_Vegas_img3077,AOI_2_Vegas,AOI_2_Vegas:-11523:3620,test,owlv2,blur_resize,fixed,1.8,0.25,12,45,32,49,4.95,owlv2
AOI_2_Vegas_img3077,AOI_2_Vegas,AOI_2_Vegas:-11523:3620,test,owlv2,blur_resize,fixed,2.4,0.25,6,16,32,61,1.8,owlv2
AOI_2_Vegas_img3077,AOI_2_Vegas,AOI_2_Vegas:-11523:3620,test,owlv2,blur_resize,fixed,3.6,0.25,0,0,32,0,0.0,owlv2
AOI_2_Vegas_img3077,AOI_2_Vegas,AOI_2_Vegas:-11523:3620,test,owlv2,blur_resize,fixed,5.0,0.25,0,0,32,0,0.0,owlv2
AOI_2_Vegas_img3077,AOI_2_Vegas,AOI_2_Vegas:-11523:3620,test,owlv2,blur_resize,fixed,10.0,0.25,0,0,32,0,0.0,owlv2
AOI_2_Vegas_img3082,AOI_2_Vegas,AOI_2_Vegas:-11523:3621,test,owlv2,blur_resize,fixed,0.3,0.25,5,65,7,42,0.85,owlv2
AOI_2_Vegas_img3082,AOI_2_Vegas,AOI_2_Vegas:-11523:3621,test,owlv2,blur_resize,fixed,0.45,0.25,4,29,7,31,0.5,owlv2
AOI_2_Vegas_img3082,AOI_2_Vegas,AOI_2_Vegas:-11523:3621,test,owlv2,blur_resize,fixed,0.6,0.25,3,16,7,26,0.65,owlv2
AOI_2_Vegas_img3082,AOI_2_Vegas,AOI_2_Vegas:-11523:3621,test,owlv2,blur_resize,fixed,0.9,0.25,1,1,7,8,0.1,owlv2
AOI_2_Vegas_img3082,AOI_2_Vegas,AOI_2_Vegas:-11523:3621,test,owlv2,blur_resize,fixed,1.2,0.25,0,0,7,4,0.0,owlv2
AOI_2_Vegas_img3082,AOI_2_Vegas,AOI_2_Vegas:-11523:3621,test,owlv2,blur_resize,fixed,1.8,0.25,0,1,7,4,0.1,owlv2
AOI_2_Vegas_img3082,AOI_2_Vegas,AOI_2_Vegas:-11523:3621,test,owlv2,blur_resize,fixed,2.4,0.25,0,0,7,1,0.0,owlv2
AOI_2_Vegas_img3082,AOI_2_Vegas,AOI_2_Vegas:-11523:3621,test,owlv2,blur_resize,fixed,3.6,0.25,0,0,7,0,0.0,owlv2
AOI_2_Vegas_img3082,AOI_2_Vegas,AOI_2_Vegas:-11523:3621,test,owlv2,blur_resize,fixed,5.0,0.25,0,0,7,0,0.0,owlv2
AOI_2_Vegas_img3082,AOI_2_Vegas,AOI_2_Vegas:-11523:3621,test,owlv2,blur_resize,fixed,10.0,0.25,0,0,7,0,0.0,owlv2
AOI_2_Vegas_img311,AOI_2_Vegas,AOI_2_Vegas:-11530:3618,test,owlv2,blur_resize,fixed,0.3,0.25,9,192,15,36,0.85,owlv2
AOI_2_Vegas_img311,AOI_2_Vegas,AOI_2_Vegas:-11530:3618,test,owlv2,blur_resize,fixed,0.45,0.25,8,75,15,21,0.35,owlv2
AOI_2_Vegas_img311,AOI_2_Vegas,AOI_2_Vegas:-11530:3618,test,owlv2,blur_resize,fixed,0.6,0.25,8,92,15,28,0.6,owlv2
AOI_2_Vegas_img311,AOI_2_Vegas,AOI_2_Vegas:-11530:3618,test,owlv2,blur_resize,fixed,0.9,0.25,6,85,15,36,0.6,owlv2
AOI_2_Vegas_img311,AOI_2_Vegas,AOI_2_Vegas:-11530:3618,test,owlv2,blur_resize,fixed,1.2,0.25,6,72,15,29,0.3,owlv2
AOI_2_Vegas_img311,AOI_2_Vegas,AOI_2_Vegas:-11530:3618,test,owlv2,blur_resize,fixed,1.8,0.25,6,34,15,16,0.4,owlv2
AOI_2_Vegas_img311,AOI_2_Vegas,AOI_2_Vegas:-11530:3618,test,owlv2,blur_resize,fixed,2.4,0.25,2,6,15,15,0.1,owlv2
AOI_2_Vegas_img311,AOI_2_Vegas,AOI_2_Vegas:-11530:3618,test,owlv2,blur_resize,fixed,3.6,0.25,0,1,15,2,0.0,owlv2
AOI_2_Vegas_img311,AOI_2_Vegas,AOI_2_Vegas:-11530:3618,test,owlv2,blur_resize,fixed,5.0,0.25,0,0,15,1,0.0,owlv2
AOI_2_Vegas_img311,AOI_2_Vegas,AOI_2_Vegas:-11530:3618,test,owlv2,blur_resize,fixed,10.0,0.25,0,0,15,0,0.0,owlv2
AOI_2_Vegas_img3117,AOI_2_Vegas,AOI_2_Vegas:-11523:3613,test,owlv2,blur_resize,fixed,0.3,0.25,13,222,18,81,8.65,owlv2
AOI_2_Vegas_img3117,AOI_2_Vegas,AOI_2_Vegas:-11523:3613,test,owlv2,blur_resize,fixed,0.45,0.25,10,83,18,63,5.9,owlv2
AOI_2_Vegas_img3117,AOI_2_Vegas,AOI_2_Vegas:-11523:3613,test,owlv2,blur_resize,fixed,0.6,0.25,9,54,18,59,5.2,owlv2
AOI_2_Vegas_img3117,AOI_2_Vegas,AOI_2_Vegas:-11523:3613,test,owlv2,blur_resize,fixed,0.9,0.25,6,44,18,64,3.95,owlv2
AOI_2_Vegas_img3117,AOI_2_Vegas,AOI_2_Vegas:-11523:3613,test,owlv2,blur_resize,fixed,1.2,0.25,6,40,18,58,4.3,owlv2
AOI_2_Vegas_img3117,AOI_2_Vegas,AOI_2_Vegas:-11523:3613,test,owlv2,blur_resize,fixed,1.8,0.25,4,19,18,44,2.5,owlv2
AOI_2_Vegas_img3117,AOI_2_Vegas,AOI_2_Vegas:-11523:3613,test,owlv2,blur_resize,fixed,2.4,0.25,2,7,18,29,1.15,owlv2
AOI_2_Vegas_img3117,AOI_2_Vegas,AOI_2_Vegas:-11523:3613,test,owlv2,blur_resize,fixed,3.6,0.25,1,1,18,3,0.15,owlv2
AOI_2_Vegas_img3117,AOI_2_Vegas,AOI_2_Vegas:-11523:3613,test,owlv2,blur_resize,fixed,5.0,0.25,0,0,18,4,0.0,owlv2
AOI_2_Vegas_img3117,AOI_2_Vegas,AOI_2_Vegas:-11523:3613,test,owlv2,blur_resize,fixed,10.0,0.25,0,0,18,0,0.0,owlv2
AOI_2_Vegas_img3122,AOI_2_Vegas,AOI_2_Vegas:-11523:3614,test,owlv2,blur_resize,fixed,0.3,0.25,18,143,27,67,4.65,owlv2
AOI_2_Vegas_img3122,AOI_2_Vegas,AOI_2_Vegas:-11523:3614,test,owlv2,blur_resize,fixed,0.45,0.25,14,54,27,43,3.15,owlv2
AOI_2_Vegas_img3122,AOI_2_Vegas,AOI_2_Vegas:-11523:3614,test,owlv2,blur_resize,fixed,0.6,0.25,12,37,27,33,2.25,owlv2
AOI_2_Vegas_img3122,AOI_2_Vegas,AOI_2_Vegas:-11523:3614,test,owlv2,blur_resize,fixed,0.9,0.25,11,28,27,31,2.4,owlv2
AOI_2_Vegas_img3122,AOI_2_Vegas,AOI_2_Vegas:-11523:3614,test,owlv2,blur_resize,fixed,1.2,0.25,11,22,27,37,2.15,owlv2
AOI_2_Vegas_img3122,AOI_2_Vegas,AOI_2_Vegas:-11523:3614,test,owlv2,blur_resize,fixed,1.8,0.25,1,2,27,19,0.1,owlv2
AOI_2_Vegas_img3122,AOI_2_Vegas,AOI_2_Vegas:-11523:3614,test,owlv2,blur_resize,fixed,2.4,0.25,0,0,27,1,0.0,owlv2
AOI_2_Vegas_img3122,AOI_2_Vegas,AOI_2_Vegas:-11523:3614,test,owlv2,blur_resize,fixed,3.6,0.25,0,0,27,0,0.0,owlv2
AOI_2_Vegas_img3122,AOI_2_Vegas,AOI_2_Vegas:-11523:3614,test,owlv2,blur_resize,fixed,5.0,0.25,0,0,27,0,0.0,owlv2
AOI_2_Vegas_img3122,AOI_2_Vegas,AOI_2_Vegas:-11523:3614,test,owlv2,blur_resize,fixed,10.0,0.25,0,0,27,0,0.0,owlv2
AOI_2_Vegas_img3131,AOI_2_Vegas,AOI_2_Vegas:-11523:3616,test,owlv2,blur_resize,fixed,0.3,0.25,53,306,65,70,21.6,owlv2
AOI_2_Vegas_img3131,AOI_2_Vegas,AOI_2_Vegas:-11523:3616,test,owlv2,blur_resize,fixed,0.45,0.25,44,142,65,52,16.85,owlv2
AOI_2_Vegas_img3131,AOI_2_Vegas,AOI_2_Vegas:-11523:3616,test,owlv2,blur_resize,fixed,0.6,0.25,42,100,65,44,13.15,owlv2
AOI_2_Vegas_img3131,AOI_2_Vegas,AOI_2_Vegas:-11523:3616,test,owlv2,blur_resize,fixed,0.9,0.25,41,102,65,33,13.8,owlv2
AOI_2_Vegas_img3131,AOI_2_Vegas,AOI_2_Vegas:-11523:3616,test,owlv2,blur_resize,fixed,1.2,0.25,40,102,65,35,13.95,owlv2
AOI_2_Vegas_img3131,AOI_2_Vegas,AOI_2_Vegas:-11523:3616,test,owlv2,blur_resize,fixed,1.8,0.25,15,22,65,2,4.15,owlv2
AOI_2_Vegas_img3131,AOI_2_Vegas,AOI_2_Vegas:-11523:3616,test,owlv2,blur_resize,fixed,2.4,0.25,1,2,65,0,0.5,owlv2
AOI_2_Vegas_img3131,AOI_2_Vegas,AOI_2_Vegas:-11523:3616,test,owlv2,blur_resize,fixed,3.6,0.25,0,0,65,0,0.0,owlv2
AOI_2_Vegas_img3131,AOI_2_Vegas,AOI_2_Vegas:-11523:3616,test,owlv2,blur_resize,fixed,5.0,0.25,0,0,65,0,0.0,owlv2
AOI_2_Vegas_img3131,AOI_2_Vegas,AOI_2_Vegas:-11523:3616,test,owlv2,blur_resize,fixed,10.0,0.25,0,0,65,0,0.0,owlv2
AOI_2_Vegas_img3134,AOI_2_Vegas,AOI_2_Vegas:-11523:3616,test,owlv2,blur_resize,fixed,0.3,0.25,43,257,58,69,19.55,owlv2
AOI_2_Vegas_img3134,AOI_2_Vegas,AOI_2_Vegas:-11523:3616,test,owlv2,blur_resize,fixed,0.45,0.25,38,98,58,48,15.2,owlv2
AOI_2_Vegas_img3134,AOI_2_Vegas,AOI_2_Vegas:-11523:3616,test,owlv2,blur_resize,fixed,0.6,0.25,32,55,58,31,9.75,owlv2
AOI_2_Vegas_img3134,AOI_2_Vegas,AOI_2_Vegas:-11523:3616,test,owlv2,blur_resize,fixed,0.9,0.25,26,43,58,27,8.5,owlv2
AOI_2_Vegas_img3134,AOI_2_Vegas,AOI_2_Vegas:-11523:3616,test,owlv2,blur_resize,fixed,1.2,0.25,24,34,58,16,7.7,owlv2
AOI_2_Vegas_img3134,AOI_2_Vegas,AOI_2_Vegas:-11523:3616,test,owlv2,blur_resize,fixed,1.8,0.25,14,18,58,6,3.7,owlv2
AOI_2_Vegas_img3134,AOI_2_Vegas,AOI_2_Vegas:-11523:3616,test,owlv2,blur_resize,fixed,2.4,0.25,0,0,58,2,0.0,owlv2
AOI_2_Vegas_img3134,AOI_2_Vegas,AOI_2_Vegas:-11523:3616,test,owlv2,blur_resize,fixed,3.6,0.25,0,0,58,0,0.0,owlv2
AOI_2_Vegas_img3134,AOI_2_Vegas,AOI_2_Vegas:-11523:3616,test,owlv2,blur_resize,fixed,5.0,0.25,0,0,58,0,0.0,owlv2
AOI_2_Vegas_img3134,AOI_2_Vegas,AOI_2_Vegas:-11523:3616,test,owlv2,blur_resize,fixed,10.0,0.25,0,0,58,0,0.0,owlv2
AOI_2_Vegas_img3146,AOI_2_Vegas,AOI_2_Vegas:-11523:3619,test,owlv2,blur_resize,fixed,0.3,0.25,22,117,38,55,4.65,owlv2
AOI_2_Vegas_img3146,AOI_2_Vegas,AOI_2_Vegas:-11523:3619,test,owlv2,blur_resize,fixed,0.45,0.25,4,22,38,32,1.6,owlv2
AOI_2_Vegas_img3146,AOI_2_Vegas,AOI_2_Vegas:-11523:3619,test,owlv2,blur_resize,fixed,0.6,0.25,1,12,38,30,1.25,owlv2
AOI_2_Vegas_img3146,AOI_2_Vegas,AOI_2_Vegas:-11523:3619,test,owlv2,blur_resize,fixed,0.9,0.25,0,5,38,31,0.4,owlv2
AOI_2_Vegas_img3146,AOI_2_Vegas,AOI_2_Vegas:-11523:3619,test,owlv2,blur_resize,fixed,1.2,0.25,0,5,38,32,0.45,owlv2
AOI_2_Vegas_img3146,AOI_2_Vegas,AOI_2_Vegas:-11523:3619,test,owlv2,blur_resize,fixed,1.8,0.25,0,0,38,15,0.0,owlv2
AOI_2_Vegas_img3146,AOI_2_Vegas,AOI_2_Vegas:-11523:3619,test,owlv2,blur_resize,fixed,2.4,0.25,0,0,38,10,0.0,owlv2
AOI_2_Vegas_img3146,AOI_2_Vegas,AOI_2_Vegas:-11523:3619,test,owlv2,blur_resize,fixed,3.6,0.25,0,0,38,0,0.0,owlv2
AOI_2_Vegas_img3146,AOI_2_Vegas,AOI_2_Vegas:-11523:3619,test,owlv2,blur_resize,fixed,5.0,0.25,0,0,38,0,0.0,owlv2
AOI_2_Vegas_img3146,AOI_2_Vegas,AOI_2_Vegas:-11523:3619,test,owlv2,blur_resize,fixed,10.0,0.25,0,0,38,0,0.0,owlv2
AOI_2_Vegas_img3170,AOI_2_Vegas,AOI_2_Vegas:-11523:3623,test,owlv2,blur_resize,fixed,0.3,0.25,0,0,0,0,0.0,owlv2
AOI_2_Vegas_img3170,AOI_2_Vegas,AOI_2_Vegas:-11523:3623,test,owlv2,blur_resize,fixed,0.45,0.25,0,0,0,0,0.0,owlv2
AOI_2_Vegas_img3170,AOI_2_Vegas,AOI_2_Vegas:-11523:3623,test,owlv2,blur_resize,fixed,0.6,0.25,0,0,0,0,0.0,owlv2
AOI_2_Vegas_img3170,AOI_2_Vegas,AOI_2_Vegas:-11523:3623,test,owlv2,blur_resize,fixed,0.9,0.25,0,0,0,0,0.0,owlv2
AOI_2_Vegas_img3170,AOI_2_Vegas,AOI_2_Vegas:-11523:3623,test,owlv2,blur_resize,fixed,1.2,0.25,0,0,0,0,0.0,owlv2
AOI_2_Vegas_img3170,AOI_2_Vegas,AOI_2_Vegas:-11523:3623,test,owlv2,blur_resize,fixed,1.8,0.25,0,0,0,0,0.0,owlv2
AOI_2_Vegas_img3170,AOI_2_Vegas,AOI_2_Vegas:-11523:3623,test,owlv2,blur_resize,fixed,2.4,0.25,0,0,0,0,0.0,owlv2
AOI_2_Vegas_img3170,AOI_2_Vegas,AOI_2_Vegas:-11523:3623,test,owlv2,blur_resize,fixed,3.6,0.25,0,0,0,0,0.0,owlv2
AOI_2_Vegas_img3170,AOI_2_Vegas,AOI_2_Vegas:-11523:3623,test,owlv2,blur_resize,fixed,5.0,0.25,0,0,0,0,0.0,owlv2
AOI_2_Vegas_img3170,AOI_2_Vegas,AOI_2_Vegas:-11523:3623,test,owlv2,blur_resize,fixed,10.0,0.25,0,0,0,0,0.0,owlv2
AOI_2_Vegas_img3207,AOI_2_Vegas,AOI_2_Vegas:-11523:3615,test,owlv2,blur_resize,fixed,0.3,0.25,17,129,29,52,4.75,owlv2
AOI_2_Vegas_img3207,AOI_2_Vegas,AOI_2_Vegas:-11523:3615,test,owlv2,blur_resize,fixed,0.45,0.25,7,39,29,35,1.55,owlv2
AOI_2_Vegas_img3207,AOI_2_Vegas,AOI_2_Vegas:-11523:3615,test,owlv2,blur_resize,fixed,0.6,0.25,6,25,29,29,1.75,owlv2
AOI_2_Vegas_img3207,AOI_2_Vegas,AOI_2_Vegas:-11523:3615,test,owlv2,blur_resize,fixed,0.9,0.25,1,11,29,26,0.75,owlv2
AOI_2_Vegas_img3207,AOI_2_Vegas,AOI_2_Vegas:-11523:3615,test,owlv2,blur_resize,fixed,1.2,0.25,2,7,29,25,0.7,owlv2
AOI_2_Vegas_img3207,AOI_2_Vegas,AOI_2_Vegas:-11523:3615,test,owlv2,blur_resize,fixed,1.8,0.25,1,3,29,20,0.1,owlv2
AOI_2_Vegas_img3207,AOI_2_Vegas,AOI_2_Vegas:-11523:3615,test,owlv2,blur_resize,fixed,2.4,0.25,0,0,29,0,0.0,owlv2
AOI_2_Vegas_img3207,AOI_2_Vegas,AOI_2_Vegas:-11523:3615,test,owlv2,blur_resize,fixed,3.6,0.25,0,0,29,0,0.0,owlv2
AOI_2_Vegas_img3207,AOI_2_Vegas,AOI_2_Vegas:-11523:3615,test,owlv2,blur_resize,fixed,5.0,0.25,0,0,29,3,0.0,owlv2
AOI_2_Vegas_img3207,AOI_2_Vegas,AOI_2_Vegas:-11523:3615,test,owlv2,blur_resize,fixed,10.0,0.25,0,0,29,0,0.0,owlv2
AOI_2_Vegas_img3214,AOI_2_Vegas,AOI_2_Vegas:-11523:3617,test,owlv2,blur_resize,fixed,0.3,0.25,45,205,69,65,19.25,owlv2
AOI_2_Vegas_img3214,AOI_2_Vegas,AOI_2_Vegas:-11523:3617,test,owlv2,blur_resize,fixed,0.45,0.25,36,97,69,40,13.6,owlv2
AOI_2_Vegas_img3214,AOI_2_Vegas,AOI_2_Vegas:-11523:3617,test,owlv2,blur_resize,fixed,0.6,0.25,32,69,69,33,11.35,owlv2
AOI_2_Vegas_img3214,AOI_2_Vegas,AOI_2_Vegas:-11523:3617,test,owlv2,blur_resize,fixed,0.9,0.25,32,46,69,19,9.35,owlv2
AOI_2_Vegas_img3214,AOI_2_Vegas,AOI_2_Vegas:-11523:3617,test,owlv2,blur_resize,fixed,1.2,0.25,32,43,69,19,8.15,owlv2
AOI_2_Vegas_img3214,AOI_2_Vegas,AOI_2_Vegas:-11523:3617,test,owlv2,blur_resize,fixed,1.8,0.25,30,35,69,13,8.0,owlv2
AOI_2_Vegas_img3214,AOI_2_Vegas,AOI_2_Vegas:-11523:3617,test,owlv2,blur_resize,fixed,2.4,0.25,27,31,69,5,7.3,owlv2
AOI_2_Vegas_img3214,AOI_2_Vegas,AOI_2_Vegas:-11523:3617,test,owlv2,blur_resize,fixed,3.6,0.25,0,0,69,2,0.0,owlv2
AOI_2_Vegas_img3214,AOI_2_Vegas,AOI_2_Vegas:-11523:3617,test,owlv2,blur_resize,fixed,5.0,0.25,0,0,69,0,0.0,owlv2
AOI_2_Vegas_img3214,AOI_2_Vegas,AOI_2_Vegas:-11523:3617,test,owlv2,blur_resize,fixed,10.0,0.25,0,0,69,0,0.0,owlv2
AOI_2_Vegas_img324,AOI_2_Vegas,AOI_2_Vegas:-11530:3621,test,owlv2,blur_resize,fixed,0.3,0.25,23,312,24,54,12.35,owlv2
AOI_2_Vegas_img324,AOI_2_Vegas,AOI_2_Vegas:-11530:3621,test,owlv2,blur_resize,fixed,0.45,0.25,22,168,24,42,9.05,owlv2
AOI_2_Vegas_img324,AOI_2_Vegas,AOI_2_Vegas:-11530:3621,test,owlv2,blur_resize,fixed,0.6,0.25,22,125,24,40,8.7,owlv2
AOI_2_Vegas_img324,AOI_2_Vegas,AOI_2_Vegas:-11530:3621,test,owlv2,blur_resize,fixed,0.9,0.25,19,52,24,27,5.6,owlv2
AOI_2_Vegas_img324,AOI_2_Vegas,AOI_2_Vegas:-11530:3621,test,owlv2,blur_resize,fixed,1.2,0.25,17,32,24,32,4.85,owlv2
AOI_2_Vegas_img324,AOI_2_Vegas,AOI_2_Vegas:-11530:3621,test,owlv2,blur_resize,fixed,1.8,0.25,12,17,24,24,2.55,owlv2
AOI_2_Vegas_img324,AOI_2_Vegas,AOI_2_Vegas:-11530:3621,test,owlv2,blur_resize,fixed,2.4,0.25,9,12,24,18,1.7,owlv2
AOI_2_Vegas_img324,AOI_2_Vegas,AOI_2_Vegas:-11530:3621,test,owlv2,blur_resize,fixed,3.6,0.25,0,0,24,4,0.0,owlv2
AOI_2_Vegas_img324,AOI_2_Vegas,AOI_2_Vegas:-11530:3621,test,owlv2,blur_resize,fixed,5.0,0.25,0,0,24,1,0.0,owlv2
AOI_2_Vegas_img324,AOI_2_Vegas,AOI_2_Vegas:-11530:3621,test,owlv2,blur_resize,fixed,10.0,0.25,0,0,24,0,0.0,owlv2
AOI_2_Vegas_img3248,AOI_2_Vegas,AOI_2_Vegas:-11523:3623,test,owlv2,blur_resize,fixed,0.3,0.25,1,68,4,51,0.5,owlv2
AOI_2_Vegas_img3248,AOI_2_Vegas,AOI_2_Vegas:-11523:3623,test,owlv2,blur_resize,fixed,0.45,0.25,0,2,4,11,0.05,owlv2
AOI_2_Vegas_img3248,AOI_2_Vegas,AOI_2_Vegas:-11523:3623,test,owlv2,blur_resize,fixed,0.6,0.25,0,0,4,7,0.0,owlv2
AOI_2_Vegas_img3248,AOI_2_Vegas,AOI_2_Vegas:-11523:3623,test,owlv2,blur_resize,fixed,0.9,0.25,0,0,4,5,0.0,owlv2
AOI_2_Vegas_img3248,AOI_2_Vegas,AOI_2_Vegas:-11523:3623,test,owlv2,blur_resize,fixed,1.2,0.25,0,0,4,2,0.0,owlv2
AOI_2_Vegas_img3248,AOI_2_Vegas,AOI_2_Vegas:-11523:3623,test,owlv2,blur_resize,fixed,1.8,0.25,0,0,4,4,0.0,owlv2
AOI_2_Vegas_img3248,AOI_2_Vegas,AOI_2_Vegas:-11523:3623,test,owlv2,blur_resize,fixed,2.4,0.25,0,0,4,3,0.0,owlv2
AOI_2_Vegas_img3248,AOI_2_Vegas,AOI_2_Vegas:-11523:3623,test,owlv2,blur_resize,fixed,3.6,0.25,0,0,4,5,0.0,owlv2
AOI_2_Vegas_img3248,AOI_2_Vegas,AOI_2_Vegas:-11523:3623,test,owlv2,blur_resize,fixed,5.0,0.25,0,0,4,8,0.0,owlv2
AOI_2_Vegas_img3248,AOI_2_Vegas,AOI_2_Vegas:-11523:3623,test,owlv2,blur_resize,fixed,10.0,0.25,0,0,4,1,0.0,owlv2
AOI_2_Vegas_img3267,AOI_2_Vegas,AOI_2_Vegas:-11523:3612,test,owlv2,blur_resize,fixed,0.3,0.25,7,54,10,49,1.0,owlv2
AOI_2_Vegas_img3267,AOI_2_Vegas,AOI_2_Vegas:-11523:3612,test,owlv2,blur_resize,fixed,0.45,0.25,6,21,10,39,0.75,owlv2
AOI_2_Vegas_img3267,AOI_2_Vegas,AOI_2_Vegas:-11523:3612,test,owlv2,blur_resize,fixed,0.6,0.25,3,8,10,19,0.3,owlv2
AOI_2_Vegas_img3267,AOI_2_Vegas,AOI_2_Vegas:-11523:3612,test,owlv2,blur_resize,fixed,0.9,0.25,2,2,10,5,0.3,owlv2
AOI_2_Vegas_img3267,AOI_2_Vegas,AOI_2_Vegas:-11523:3612,test,owlv2,blur_resize,fixed,1.2,0.25,2,2,10,1,0.1,owlv2
AOI_2_Vegas_img3267,AOI_2_Vegas,AOI_2_Vegas:-11523:3612,test,owlv2,blur_resize,fixed,1.8,0.25,1,1,10,4,0.1,owlv2
AOI_2_Vegas_img3267,AOI_2_Vegas,AOI_2_Vegas:-11523:3612,test,owlv2,blur_resize,fixed,2.4,0.25,0,0,10,1,0.0,owlv2
AOI_2_Vegas_img3267,AOI_2_Vegas,AOI_2_Vegas:-11523:3612,test,owlv2,blur_resize,fixed,3.6,0.25,0,0,10,2,0.0,owlv2
AOI_2_Vegas_img3267,AOI_2_Vegas,AOI_2_Vegas:-11523:3612,test,owlv2,blur_resize,fixed,5.0,0.25,0,0,10,1,0.0,owlv2
AOI_2_Vegas_img3267,AOI_2_Vegas,AOI_2_Vegas:-11523:3612,test,owlv2,blur_resize,fixed,10.0,0.25,0,0,10,0,0.0,owlv2
AOI_2_Vegas_img3280,AOI_2_Vegas,AOI_2_Vegas:-11523:3614,test,owlv2,blur_resize,fixed,0.3,0.25,7,104,11,48,2.55,owlv2
AOI_2_Vegas_img3280,AOI_2_Vegas,AOI_2_Vegas:-11523:3614,test,owlv2,blur_resize,fixed,0.45,0.25,7,37,11,36,1.05,owlv2
AOI_2_Vegas_img3280,AOI_2_Vegas,AOI_2_Vegas:-11523:3614,test,owlv2,blur_resize,fixed,0.6,0.25,6,29,11,28,0.9,owlv2
AOI_2_Vegas_img3280,AOI_2_Vegas,AOI_2_Vegas:-11523:3614,test,owlv2,blur_resize,fixed,0.9,0.25,4,31,11,24,1.05,owlv2
AOI_2_Vegas_img3280,AOI_2_Vegas,AOI_2_Vegas:-11523:3614,test,owlv2,blur_resize,fixed,1.2,0.25,7,34,11,24,1.2,owlv2
AOI_2_Vegas_img3280,AOI_2_Vegas,AOI_2_Vegas:-11523:3614,test,owlv2,blur_resize,fixed,1.8,0.25,4,25,11,36,1.1,owlv2
AOI_2_Vegas_img3280,AOI_2_Vegas,AOI_2_Vegas:-11523:3614,test,owlv2,blur_resize,fixed,2.4,0.25,2,14,11,34,0.75,owlv2
AOI_2_Vegas_img3280,AOI_2_Vegas,AOI_2_Vegas:-11523:3614,test,owlv2,blur_resize,fixed,3.6,0.25,0,2,11,12,0.05,owlv2
AOI_2_Vegas_img3280,AOI_2_Vegas,AOI_2_Vegas:-11523:3614,test,owlv2,blur_resize,fixed,5.0,0.25,0,0,11,3,0.0,owlv2
AOI_2_Vegas_img3280,AOI_2_Vegas,AOI_2_Vegas:-11523:3614,test,owlv2,blur_resize,fixed,10.0,0.25,0,0,11,0,0.0,owlv2
AOI_2_Vegas_img3288,AOI_2_Vegas,AOI_2_Vegas:-11523:3616,test,owlv2,blur_resize,fixed,0.3,0.25,26,127,32,32,5.2,owlv2
AOI_2_Vegas_img3288,AOI_2_Vegas,AOI_2_Vegas:-11523:3616,test,owlv2,blur_resize,fixed,0.45,0.25,21,60,32,30,3.05,owlv2
AOI_2_Vegas_img3288,AOI_2_Vegas,AOI_2_Vegas:-11523:3616,test,owlv2,blur_resize,fixed,0.6,0.25,19,41,32,33,2.8,owlv2
AOI_2_Vegas_img3288,AOI_2_Vegas,AOI_2_Vegas:-11523:3616,test,owlv2,blur_resize,fixed,0.9,0.25,15,29,32,28,2.1,owlv2
AOI_2_Vegas_img3288,AOI_2_Vegas,AOI_2_Vegas:-11523:3616,test,owlv2,blur_resize,fixed,1.2,0.25,15,26,32,29,2.0,owlv2
AOI_2_Vegas_img3288,AOI_2_Vegas,AOI_2_Vegas:-11523:3616,test,owlv2,blur_resize,fixed,1.8,0.25,15,19,32,23,1.3,owlv2
AOI_2_Vegas_img3288,AOI_2_Vegas,AOI_2_Vegas:-11523:3616,test,owlv2,blur_resize,fixed,2.4,0.25,7,9,32,30,0.9,owlv2
AOI_2_Vegas_img3288,AOI_2_Vegas,AOI_2_Vegas:-11523:3616,test,owlv2,blur_resize,fixed,3.6,0.25,0,0,32,8,0.0,owlv2
AOI_2_Vegas_img3288,AOI_2_Vegas,AOI_2_Vegas:-11523:3616,test,owlv2,blur_resize,fixed,5.0,0.25,0,0,32,4,0.0,owlv2
AOI_2_Vegas_img3288,AOI_2_Vegas,AOI_2_Vegas:-11523:3616,test,owlv2,blur_resize,fixed,10.0,0.25,0,0,32,0,0.0,owlv2
AOI_2_Vegas_img3311,AOI_2_Vegas,AOI_2_Vegas:-11523:3620,test,owlv2,blur_resize,fixed,0.3,0.25,39,124,54,36,15.95,owlv2
AOI_2_Vegas_img3311,AOI_2_Vegas,AOI_2_Vegas:-11523:3620,test,owlv2,blur_resize,fixed,0.45,0.25,28,54,54,31,10.3,owlv2
AOI_2_Vegas_img3311,AOI_2_Vegas,AOI_2_Vegas:-11523:3620,test,owlv2,blur_resize,fixed,0.6,0.25,18,35,54,21,7.85,owlv2
AOI_2_Vegas_img3311,AOI_2_Vegas,AOI_2_Vegas:-11523:3620,test,owlv2,blur_resize,fixed,0.9,0.25,21,44,54,42,9.95,owlv2
AOI_2_Vegas_img3311,AOI_2_Vegas,AOI_2_Vegas:-11523:3620,test,owlv2,blur_resize,fixed,1.2,0.25,21,43,54,50,9.6,owlv2
AOI_2_Vegas_img3311,AOI_2_Vegas,AOI_2_Vegas:-11523:3620,test,owlv2,blur_resize,fixed,1.8,0.25,14,22,54,25,5.65,owlv2
AOI_2_Vegas_img3311,AOI_2_Vegas,AOI_2_Vegas:-11523:3620,test,owlv2,blur_resize,fixed,2.4,0.25,6,14,54,21,3.85,owlv2
AOI_2_Vegas_img3311,AOI_2_Vegas,AOI_2_Vegas:-11523:3620,test,owlv2,blur_resize,fixed,3.6,0.25,0,0,54,0,0.0,owlv2
AOI_2_Vegas_img3311,AOI_2_Vegas,AOI_2_Vegas:-11523:3620,test,owlv2,blur_resize,fixed,5.0,0.25,0,0,54,2,0.0,owlv2
AOI_2_Vegas_img3311,AOI_2_Vegas,AOI_2_Vegas:-11523:3620,test,owlv2,blur_resize,fixed,10.0,0.25,0,0,54,0,0.0,owlv2
AOI_2_Vegas_img3326,AOI_2_Vegas,AOI_2_Vegas:-11523:3622,test,owlv2,blur_resize,fixed,0.3,0.25,18,352,26,83,7.6,owlv2
AOI_2_Vegas_img3326,AOI_2_Vegas,AOI_2_Vegas:-11523:3622,test,owlv2,blur_resize,fixed,0.45,0.25,13,137,26,47,4.55,owlv2
AOI_2_Vegas_img3326,AOI_2_Vegas,AOI_2_Vegas:-11523:3622,test,owlv2,blur_resize,fixed,0.6,0.25,11,124,26,47,4.85,owlv2
AOI_2_Vegas_img3326,AOI_2_Vegas,AOI_2_Vegas:-11523:3622,test,owlv2,blur_resize,fixed,0.9,0.25,11,125,26,59,4.55,owlv2
AOI_2_Vegas_img3326,AOI_2_Vegas,AOI_2_Vegas:-11523:3622,test,owlv2,blur_resize,fixed,1.2,0.25,7,87,26,59,4.3,owlv2
AOI_2_Vegas_img3326,AOI_2_Vegas,AOI_2_Vegas:-11523:3622,test,owlv2,blur_resize,fixed,1.8,0.25,7,50,26,58,3.3,owlv2
AOI_2_Vegas_img3326,AOI_2_Vegas,AOI_2_Vegas:-11523:3622,test,owlv2,blur_resize,fixed,2.4,0.25,5,25,26,31,1.35,owlv2
AOI_2_Vegas_img3326,AOI_2_Vegas,AOI_2_Vegas:-11523:3622,test,owlv2,blur_resize,fixed,3.6,0.25,0,0,26,4,0.0,owlv2
AOI_2_Vegas_img3326,AOI_2_Vegas,AOI_2_Vegas:-11523:3622,test,owlv2,blur_resize,fixed,5.0,0.25,0,0,26,0,0.0,owlv2
AOI_2_Vegas_img3326,AOI_2_Vegas,AOI_2_Vegas:-11523:3622,test,owlv2,blur_resize,fixed,10.0,0.25,0,0,26,0,0.0,owlv2
AOI_2_Vegas_img3335,AOI_2_Vegas,AOI_2_Vegas:-11523:3624,test,owlv2,blur_resize,fixed,0.3,0.25,42,286,43,49,25.75,owlv2
AOI_2_Vegas_img3335,AOI_2_Vegas,AOI_2_Vegas:-11523:3624,test,owlv2,blur_resize,fixed,0.45,0.25,40,144,43,38,20.7,owlv2
AOI_2_Vegas_img3335,AOI_2_Vegas,AOI_2_Vegas:-11523:3624,test,owlv2,blur_resize,fixed,0.6,0.25,38,81,43,28,16.5,owlv2
AOI_2_Vegas_img3335,AOI_2_Vegas,AOI_2_Vegas:-11523:3624,test,owlv2,blur_resize,fixed,0.9,0.25,35,64,43,33,13.65,owlv2
AOI_2_Vegas_img3335,AOI_2_Vegas,AOI_2_Vegas:-11523:3624,test,owlv2,blur_resize,fixed,1.2,0.25,34,72,43,47,15.75,owlv2
AOI_2_Vegas_img3335,AOI_2_Vegas,AOI_2_Vegas:-11523:3624,test,owlv2,blur_resize,fixed,1.8,0.25,8,8,43,9,2.5,owlv2
AOI_2_Vegas_img3335,AOI_2_Vegas,AOI_2_Vegas:-11523:3624,test,owlv2,blur_resize,fixed,2.4,0.25,0,0,43,2,0.0,owlv2
AOI_2_Vegas_img3335,AOI_2_Vegas,AOI_2_Vegas:-11523:3624,test,owlv2,blur_resize,fixed,3.6,0.25,0,0,43,0,0.0,owlv2
AOI_2_Vegas_img3335,AOI_2_Vegas,AOI_2_Vegas:-11523:3624,test,owlv2,blur_resize,fixed,5.0,0.25,0,0,43,0,0.0,owlv2
AOI_2_Vegas_img3335,AOI_2_Vegas,AOI_2_Vegas:-11523:3624,test,owlv2,blur_resize,fixed,10.0,0.25,0,0,43,0,0.0,owlv2
AOI_2_Vegas_img3344,AOI_2_Vegas,AOI_2_Vegas:-11523:3626,test,owlv2,blur_resize,fixed,0.3,0.25,8,65,8,16,1.6,owlv2
AOI_2_Vegas_img3344,AOI_2_Vegas,AOI_2_Vegas:-11523:3626,test,owlv2,blur_resize,fixed,0.45,0.25,8,32,8,16,1.1,owlv2
AOI_2_Vegas_img3344,AOI_2_Vegas,AOI_2_Vegas:-11523:3626,test,owlv2,blur_resize,fixed,0.6,0.25,7,21,8,14,0.75,owlv2
AOI_2_Vegas_img3344,AOI_2_Vegas,AOI_2_Vegas:-11523:3626,test,owlv2,blur_resize,fixed,0.9,0.25,5,10,8,12,0.5,owlv2
AOI_2_Vegas_img3344,AOI_2_Vegas,AOI_2_Vegas:-11523:3626,test,owlv2,blur_resize,fixed,1.2,0.25,2,3,8,12,0.2,owlv2
AOI_2_Vegas_img3344,AOI_2_Vegas,AOI_2_Vegas:-11523:3626,test,owlv2,blur_resize,fixed,1.8,0.25,0,0,8,0,0.0,owlv2
AOI_2_Vegas_img3344,AOI_2_Vegas,AOI_2_Vegas:-11523:3626,test,owlv2,blur_resize,fixed,2.4,0.25,0,0,8,0,0.0,owlv2
AOI_2_Vegas_img3344,AOI_2_Vegas,AOI_2_Vegas:-11523:3626,test,owlv2,blur_resize,fixed,3.6,0.25,0,0,8,0,0.0,owlv2
AOI_2_Vegas_img3344,AOI_2_Vegas,AOI_2_Vegas:-11523:3626,test,owlv2,blur_resize,fixed,5.0,0.25,0,0,8,0,0.0,owlv2
AOI_2_Vegas_img3344,AOI_2_Vegas,AOI_2_Vegas:-11523:3626,test,owlv2,blur_resize,fixed,10.0,0.25,0,0,8,0,0.0,owlv2
AOI_2_Vegas_img3373,AOI_2_Vegas,AOI_2_Vegas:-11522:3617,test,owlv2,blur_resize,fixed,0.3,0.25,38,255,42,48,17.4,owlv2
AOI_2_Vegas_img3373,AOI_2_Vegas,AOI_2_Vegas:-11522:3617,test,owlv2,blur_resize,fixed,0.45,0.25,34,62,42,22,11.0,owlv2
AOI_2_Vegas_img3373,AOI_2_Vegas,AOI_2_Vegas:-11522:3617,test,owlv2,blur_resize,fixed,0.6,0.25,29,38,42,12,8.0,owlv2
AOI_2_Vegas_img3373,AOI_2_Vegas,AOI_2_Vegas:-11522:3617,test,owlv2,blur_resize,fixed,0.9,0.25,27,38,42,21,7.85,owlv2
AOI_2_Vegas_img3373,AOI_2_Vegas,AOI_2_Vegas:-11522:3617,test,owlv2,blur_resize,fixed,1.2,0.25,26,39,42,31,7.95,owlv2
AOI_2_Vegas_img3373,AOI_2_Vegas,AOI_2_Vegas:-11522:3617,test,owlv2,blur_resize,fixed,1.8,0.25,4,4,42,12,0.95,owlv2
AOI_2_Vegas_img3373,AOI_2_Vegas,AOI_2_Vegas:-11522:3617,test,owlv2,blur_resize,fixed,2.4,0.25,0,0,42,0,0.0,owlv2
AOI_2_Vegas_img3373,AOI_2_Vegas,AOI_2_Vegas:-11522:3617,test,owlv2,blur_resize,fixed,3.6,0.25,0,0,42,0,0.0,owlv2
AOI_2_Vegas_img3373,AOI_2_Vegas,AOI_2_Vegas:-11522:3617,test,owlv2,blur_resize,fixed,5.0,0.25,0,0,42,0,0.0,owlv2
AOI_2_Vegas_img3373,AOI_2_Vegas,AOI_2_Vegas:-11522:3617,test,owlv2,blur_resize,fixed,10.0,0.25,0,0,42,0,0.0,owlv2
AOI_2_Vegas_img3377,AOI_2_Vegas,AOI_2_Vegas:-11522:3618,test,owlv2,blur_resize,fixed,0.3,0.25,10,143,21,63,3.45,owlv2
AOI_2_Vegas_img3377,AOI_2_Vegas,AOI_2_Vegas:-11522:3618,test,owlv2,blur_resize,fixed,0.45,0.25,11,106,21,46,2.85,owlv2
AOI_2_Vegas_img3377,AOI_2_Vegas,AOI_2_Vegas:-11522:3618,test,owlv2,blur_resize,fixed,0.6,0.25,9,98,21,33,3.0,owlv2
AOI_2_Vegas_img3377,AOI_2_Vegas,AOI_2_Vegas:-11522:3618,test,owlv2,blur_resize,fixed,0.9,0.25,8,54,21,16,1.9,owlv2
AOI_2_Vegas_img3377,AOI_2_Vegas,AOI_2_Vegas:-11522:3618,test,owlv2,blur_resize,fixed,1.2,0.25,7,38,21,11,1.2,owlv2
AOI_2_Vegas_img3377,AOI_2_Vegas,AOI_2_Vegas:-11522:3618,test,owlv2,blur_resize,fixed,1.8,0.25,4,26,21,8,1.1,owlv2
AOI_2_Vegas_img3377,AOI_2_Vegas,AOI_2_Vegas:-11522:3618,test,owlv2,blur_resize,fixed,2.4,0.25,0,0,21,3,0.0,owlv2
AOI_2_Vegas_img3377,AOI_2_Vegas,AOI_2_Vegas:-11522:3618,test,owlv2,blur_resize,fixed,3.6,0.25,0,0,21,0,0.0,owlv2
AOI_2_Vegas_img3377,AOI_2_Vegas,AOI_2_Vegas:-11522:3618,test,owlv2,blur_resize,fixed,5.0,0.25,0,0,21,1,0.0,owlv2
AOI_2_Vegas_img3377,AOI_2_Vegas,AOI_2_Vegas:-11522:3618,test,owlv2,blur_resize,fixed,10.0,0.25,0,0,21,0,0.0,owlv2
AOI_2_Vegas_img3404,AOI_2_Vegas,AOI_2_Vegas:-11522:3622,test,owlv2,blur_resize,fixed,0.3,0.25,7,288,10,77,2.8,owlv2
AOI_2_Vegas_img3404,AOI_2_Vegas,AOI_2_Vegas:-11522:3622,test,owlv2,blur_resize,fixed,0.45,0.25,6,69,10,38,1.5,owlv2
AOI_2_Vegas_img3404,AOI_2_Vegas,AOI_2_Vegas:-11522:3622,test,owlv2,blur_resize,fixed,0.6,0.25,5,52,10,39,0.55,owlv2
AOI_2_Vegas_img3404,AOI_2_Vegas,AOI_2_Vegas:-11522:3622,test,owlv2,blur_resize,fixed,0.9,0.25,2,35,10,38,1.25,owlv2
AOI_2_Vegas_img3404,AOI_2_Vegas,AOI_2_Vegas:-11522:3622,test,owlv2,blur_resize,fixed,1.2,0.25,2,25,10,37,1.05,owlv2
AOI_2_Vegas_img3404,AOI_2_Vegas,AOI_2_Vegas:-11522:3622,test,owlv2,blur_resize,fixed,1.8,0.25,1,10,10,36,0.55,owlv2
AOI_2_Vegas_img3404,AOI_2_Vegas,AOI_2_Vegas:-11522:3622,test,owlv2,blur_resize,fixed,2.4,0.25,2,3,10,35,0.1,owlv2
AOI_2_Vegas_img3404,AOI_2_Vegas,AOI_2_Vegas:-11522:3622,test,owlv2,blur_resize,fixed,3.6,0.25,2,2,10,27,0.05,owlv2
AOI_2_Vegas_img3404,AOI_2_Vegas,AOI_2_Vegas:-11522:3622,test,owlv2,blur_resize,fixed,5.0,0.25,0,0,10,2,0.0,owlv2
AOI_2_Vegas_img3404,AOI_2_Vegas,AOI_2_Vegas:-11522:3622,test,owlv2,blur_resize,fixed,10.0,0.25,0,0,10,0,0.0,owlv2
AOI_2_Vegas_img3406,AOI_2_Vegas,AOI_2_Vegas:-11522:3623,test,owlv2,blur_resize,fixed,0.3,0.25,24,243,28,63,7.1,owlv2
AOI_2_Vegas_img3406,AOI_2_Vegas,AOI_2_Vegas:-11522:3623,test,owlv2,blur_resize,fixed,0.45,0.25,21,125,28,48,5.7,owlv2
AOI_2_Vegas_img3406,AOI_2_Vegas,AOI_2_Vegas:-11522:3623,test,owlv2,blur_resize,fixed,0.6,0.25,19,88,28,41,5.25,owlv2
AOI_2_Vegas_img3406,AOI_2_Vegas,AOI_2_Vegas:-11522:3623,test,owlv2,blur_resize,fixed,0.9,0.25,15,52,28,37,3.6,owlv2
AOI_2_Vegas_img3406,AOI_2_Vegas,AOI_2_Vegas:-11522:3623,test,owlv2,blur_resize,fixed,1.2,0.25,12,43,28,38,3.55,owlv2
AOI_2_Vegas_img3406,AOI_2_Vegas,AOI_2_Vegas:-11522:3623,test,owlv2,blur_resize,fixed,1.8,0.25,8,22,28,19,2.1,owlv2
AOI_2_Vegas_img3406,AOI_2_Vegas,AOI_2_Vegas:-11522:3623,test,owlv2,blur_resize,fixed,2.4,0.25,3,5,28,10,0.55,owlv2
AOI_2_Vegas_img3406,AOI_2_Vegas,AOI_2_Vegas:-11522:3623,test,owlv2,blur_resize,fixed,3.6,0.25,0,0,28,2,0.0,owlv2
AOI_2_Vegas_img3406,AOI_2_Vegas,AOI_2_Vegas:-11522:3623,test,owlv2,blur_resize,fixed,5.0,0.25,0,0,28,1,0.0,owlv2
AOI_2_Vegas_img3406,AOI_2_Vegas,AOI_2_Vegas:-11522:3623,test,owlv2,blur_resize,fixed,10.0,0.25,0,0,28,0,0.0,owlv2
AOI_2_Vegas_img3411,AOI_2_Vegas,AOI_2_Vegas:-11522:3623,test,owlv2,blur_resize,fixed,0.3,0.25,34,220,37,47,16.4,owlv2
AOI_2_Vegas_img3411,AOI_2_Vegas,AOI_2_Vegas:-11522:3623,test,owlv2,blur_resize,fixed,0.45,0.25,33,97,37,36,11.55,owlv2
AOI_2_Vegas_img3411,AOI_2_Vegas,AOI_2_Vegas:-11522:3623,test,owlv2,blur_resize,fixed,0.6,0.25,33,66,37,27,9.85,owlv2
AOI_2_Vegas_img3411,AOI_2_Vegas,AOI_2_Vegas:-11522:3623,test,owlv2,blur_resize,fixed,0.9,0.25,31,58,37,29,10.3,owlv2
AOI_2_Vegas_img3411,AOI_2_Vegas,AOI_2_Vegas:-11522:3623,test,owlv2,blur_resize,fixed,1.2,0.25,32,56,37,23,9.35,owlv2
AOI_2_Vegas_img3411,AOI_2_Vegas,AOI_2_Vegas:-11522:3623,test,owlv2,blur_resize,fixed,1.8,0.25,30,38,37,23,7.55,owlv2
AOI_2_Vegas_img3411,AOI_2_Vegas,AOI_2_Vegas:-11522:3623,test,owlv2,blur_resize,fixed,2.4,0.25,4,4,37,5,0.9,owlv2
AOI_2_Vegas_img3411,AOI_2_Vegas,AOI_2_Vegas:-11522:3623,test,owlv2,blur_resize,fixed,3.6,0.25,0,0,37,1,0.0,owlv2
AOI_2_Vegas_img3411,AOI_2_Vegas,AOI_2_Vegas:-11522:3623,test,owlv2,blur_resize,fixed,5.0,0.25,0,0,37,1,0.0,owlv2
AOI_2_Vegas_img3411,AOI_2_Vegas,AOI_2_Vegas:-11522:3623,test,owlv2,blur_resize,fixed,10.0,0.25,0,0,37,0,0.0,owlv2
AOI_2_Vegas_img3412,AOI_2_Vegas,AOI_2_Vegas:-11522:3624,test,owlv2,blur_resize,fixed,0.3,0.25,35,198,46,63,15.6,owlv2
AOI_2_Vegas_img3412,AOI_2_Vegas,AOI_2_Vegas:-11522:3624,test,owlv2,blur_resize,fixed,0.45,0.25,36,118,46,57,13.55,owlv2
AOI_2_Vegas_img3412,AOI_2_Vegas,AOI_2_Vegas:-11522:3624,test,owlv2,blur_resize,fixed,0.6,0.25,33,86,46,47,11.85,owlv2
AOI_2_Vegas_img3412,AOI_2_Vegas,AOI_2_Vegas:-11522:3624,test,owlv2,blur_resize,fixed,0.9,0.25,28,67,46,27,11.65,owlv2
AOI_2_Vegas_img3412,AOI_2_Vegas,AOI_2_Vegas:-11522:3624,test,owlv2,blur_resize,fixed,1.2,0.25,28,56,46,30,9.3,owlv2
AOI_2_Vegas_img3412,AOI_2_Vegas,AOI_2_Vegas:-11522:3624,test,owlv2,blur_resize,fixed,1.8,0.25,28,42,46,21,8.15,owlv2
AOI_2_Vegas_img3412,AOI_2_Vegas,AOI_2_Vegas:-11522:3624,test,owlv2,blur_resize,fixed,2.4,0.25,22,30,46,7,6.45,owlv2
AOI_2_Vegas_img3412,AOI_2_Vegas,AOI_2_Vegas:-11522:3624,test,owlv2,blur_resize,fixed,3.6,0.25,0,1,46,1,0.1,owlv2
AOI_2_Vegas_img3412,AOI_2_Vegas,AOI_2_Vegas:-11522:3624,test,owlv2,blur_resize,fixed,5.0,0.25,0,0,46,0,0.0,owlv2
AOI_2_Vegas_img3412,AOI_2_Vegas,AOI_2_Vegas:-11522:3624,test,owlv2,blur_resize,fixed,10.0,0.25,0,0,46,0,0.0,owlv2
AOI_2_Vegas_img3422,AOI_2_Vegas,AOI_2_Vegas:-11522:3625,test,owlv2,blur_resize,fixed,0.3,0.25,34,220,36,71,19.3,owlv2
AOI_2_Vegas_img3422,AOI_2_Vegas,AOI_2_Vegas:-11522:3625,test,owlv2,blur_resize,fixed,0.45,0.25,30,98,36,50,14.5,owlv2
AOI_2_Vegas_img3422,AOI_2_Vegas,AOI_2_Vegas:-11522:3625,test,owlv2,blur_resize,fixed,0.6,0.25,26,80,36,47,13.95,owlv2
AOI_2_Vegas_img3422,AOI_2_Vegas,AOI_2_Vegas:-11522:3625,test,owlv2,blur_resize,fixed,0.9,0.25,22,55,36,36,11.0,owlv2
AOI_2_Vegas_img3422,AOI_2_Vegas,AOI_2_Vegas:-11522:3625,test,owlv2,blur_resize,fixed,1.2,0.25,23,45,36,51,9.95,owlv2
AOI_2_Vegas_img3422,AOI_2_Vegas,AOI_2_Vegas:-11522:3625,test,owlv2,blur_resize,fixed,1.8,0.25,24,38,36,46,8.75,owlv2
AOI_2_Vegas_img3422,AOI_2_Vegas,AOI_2_Vegas:-11522:3625,test,owlv2,blur_resize,fixed,2.4,0.25,3,3,36,6,0.85,owlv2
AOI_2_Vegas_img3422,AOI_2_Vegas,AOI_2_Vegas:-11522:3625,test,owlv2,blur_resize,fixed,3.6,0.25,0,0,36,0,0.0,owlv2
AOI_2_Vegas_img3422,AOI_2_Vegas,AOI_2_Vegas:-11522:3625,test,owlv2,blur_resize,fixed,5.0,0.25,0,0,36,0,0.0,owlv2
AOI_2_Vegas_img3422,AOI_2_Vegas,AOI_2_Vegas:-11522:3625,test,owlv2,blur_resize,fixed,10.0,0.25,0,0,36,0,0.0,owlv2
AOI_2_Vegas_img3427,AOI_2_Vegas,AOI_2_Vegas:-11522:3612,test,owlv2,blur_resize,fixed,0.3,0.25,27,104,36,56,7.55,owlv2
AOI_2_Vegas_img3427,AOI_2_Vegas,AOI_2_Vegas:-11522:3612,test,owlv2,blur_resize,fixed,0.45,0.25,18,50,36,51,6.45,owlv2
AOI_2_Vegas_img3427,AOI_2_Vegas,AOI_2_Vegas:-11522:3612,test,owlv2,blur_resize,fixed,0.6,0.25,9,33,36,50,5.25,owlv2
AOI_2_Vegas_img3427,AOI_2_Vegas,AOI_2_Vegas:-11522:3612,test,owlv2,blur_resize,fixed,0.9,0.25,10,35,36,50,5.05,owlv2
AOI_2_Vegas_img3427,AOI_2_Vegas,AOI_2_Vegas:-11522:3612,test,owlv2,blur_resize,fixed,1.2,0.25,11,39,36,47,5.5,owlv2
AOI_2_Vegas_img3427,AOI_2_Vegas,AOI_2_Vegas:-11522:3612,test,owlv2,blur_resize,fixed,1.8,0.25,6,19,36,38,3.15,owlv2
AOI_2_Vegas_img3427,AOI_2_Vegas,AOI_2_Vegas:-11522:3612,test,owlv2,blur_resize,fixed,2.4,0.25,0,1,36,10,0.15,owlv2
AOI_2_Vegas_img3427,AOI_2_Vegas,AOI_2_Vegas:-11522:3612,test,owlv2,blur_resize,fixed,3.6,0.25,0,0,36,0,0.0,owlv2
AOI_2_Vegas_img3427,AOI_2_Vegas,AOI_2_Vegas:-11522:3612,test,owlv2,blur_resize,fixed,5.0,0.25,0,0,36,0,0.0,owlv2
AOI_2_Vegas_img3427,AOI_2_Vegas,AOI_2_Vegas:-11522:3612,test,owlv2,blur_resize,fixed,10.0,0.25,0,0,36,0,0.0,owlv2
AOI_2_Vegas_img3448,AOI_2_Vegas,AOI_2_Vegas:-11522:3616,test,owlv2,blur_resize,fixed,0.3,0.25,19,164,32,39,7.65,owlv2
AOI_2_Vegas_img3448,AOI_2_Vegas,AOI_2_Vegas:-11522:3616,test,owlv2,blur_resize,fixed,0.45,0.25,17,92,32,28,6.55,owlv2
AOI_2_Vegas_img3448,AOI_2_Vegas,AOI_2_Vegas:-11522:3616,test,owlv2,blur_resize,fixed,0.6,0.25,17,80,32,29,6.7,owlv2
AOI_2_Vegas_img3448,AOI_2_Vegas,AOI_2_Vegas:-11522:3616,test,owlv2,blur_resize,fixed,0.9,0.25,17,56,32,25,3.95,owlv2
AOI_2_Vegas_img3448,AOI_2_Vegas,AOI_2_Vegas:-11522:3616,test,owlv2,blur_resize,fixed,1.2,0.25,16,55,32,25,4.05,owlv2
AOI_2_Vegas_img3448,AOI_2_Vegas,AOI_2_Vegas:-11522:3616,test,owlv2,blur_resize,fixed,1.8,0.25,15,25,32,15,2.35,owlv2
AOI_2_Vegas_img3448,AOI_2_Vegas,AOI_2_Vegas:-11522:3616,test,owlv2,blur_resize,fixed,2.4,0.25,5,7,32,13,0.8,owlv2
AOI_2_Vegas_img3448,AOI_2_Vegas,AOI_2_Vegas:-11522:3616,test,owlv2,blur_resize,fixed,3.6,0.25,0,0,32,7,0.0,owlv2
AOI_2_Vegas_img3448,AOI_2_Vegas,AOI_2_Vegas:-11522:3616,test,owlv2,blur_resize,fixed,5.0,0.25,0,0,32,8,0.0,owlv2
AOI_2_Vegas_img3448,AOI_2_Vegas,AOI_2_Vegas:-11522:3616,test,owlv2,blur_resize,fixed,10.0,0.25,0,0,32,0,0.0,owlv2
AOI_2_Vegas_img3460,AOI_2_Vegas,AOI_2_Vegas:-11522:3618,test,owlv2,blur_resize,fixed,0.3,0.25,33,177,34,39,9.35,owlv2
AOI_2_Vegas_img3460,AOI_2_Vegas,AOI_2_Vegas:-11522:3618,test,owlv2,blur_resize,fixed,0.45,0.25,26,91,34,24,6.65,owlv2
AOI_2_Vegas_img3460,AOI_2_Vegas,AOI_2_Vegas:-11522:3618,test,owlv2,blur_resize,fixed,0.6,0.25,21,76,34,21,6.85,owlv2
AOI_2_Vegas_img3460,AOI_2_Vegas,AOI_2_Vegas:-11522:3618,test,owlv2,blur_resize,fixed,0.9,0.25,21,79,34,45,7.2,owlv2
AOI_2_Vegas_img3460,AOI_2_Vegas,AOI_2_Vegas:-11522:3618,test,owlv2,blur_resize,fixed,1.2,0.25,14,48,34,41,5.5,owlv2
AOI_2_Vegas_img3460,AOI_2_Vegas,AOI_2_Vegas:-11522:3618,test,owlv2,blur_resize,fixed,1.8,0.25,6,12,34,13,2.05,owlv2
AOI_2_Vegas_img3460,AOI_2_Vegas,AOI_2_Vegas:-11522:3618,test,owlv2,blur_resize,fixed,2.4,0.25,1,1,34,1,0.15,owlv2
AOI_2_Vegas_img3460,AOI_2_Vegas,AOI_2_Vegas:-11522:3618,test,owlv2,blur_resize,fixed,3.6,0.25,0,0,34,0,0.0,owlv2
AOI_2_Vegas_img3460,AOI_2_Vegas,AOI_2_Vegas:-11522:3618,test,owlv2,blur_resize,fixed,5.0,0.25,0,0,34,0,0.0,owlv2
AOI_2_Vegas_img3460,AOI_2_Vegas,AOI_2_Vegas:-11522:3618,test,owlv2,blur_resize,fixed,10.0,0.25,0,0,34,0,0.0,owlv2
AOI_2_Vegas_img347,AOI_2_Vegas,AOI_2_Vegas:-11530:3614,test,owlv2,blur_resize,fixed,0.3,0.25,12,70,34,42,5.6,owlv2
AOI_2_Vegas_img347,AOI_2_Vegas,AOI_2_Vegas:-11530:3614,test,owlv2,blur_resize,fixed,0.45,0.25,10,29,34,30,3.85,owlv2
AOI_2_Vegas_img347,AOI_2_Vegas,AOI_2_Vegas:-11530:3614,test,owlv2,blur_resize,fixed,0.6,0.25,8,15,34,25,1.55,owlv2
AOI_2_Vegas_img347,AOI_2_Vegas,AOI_2_Vegas:-11530:3614,test,owlv2,blur_resize,fixed,0.9,0.25,7,16,34,21,2.1,owlv2
AOI_2_Vegas_img347,AOI_2_Vegas,AOI_2_Vegas:-11530:3614,test,owlv2,blur_resize,fixed,1.2,0.25,5,12,34,21,1.6,owlv2
AOI_2_Vegas_img347,AOI_2_Vegas,AOI_2_Vegas:-11530:3614,test,owlv2,blur_resize,fixed,1.8,0.25,2,4,34,9,0.8,owlv2
AOI_2_Vegas_img347,AOI_2_Vegas,AOI_2_Vegas:-11530:3614,test,owlv2,blur_resize,fixed,2.4,0.25,0,0,34,1,0.0,owlv2
AOI_2_Vegas_img347,AOI_2_Vegas,AOI_2_Vegas:-11530:3614,test,owlv2,blur_resize,fixed,3.6,0.25,0,0,34,0,0.0,owlv2
AOI_2_Vegas_img347,AOI_2_Vegas,AOI_2_Vegas:-11530:3614,test,owlv2,blur_resize,fixed,5.0,0.25,0,0,34,0,0.0,owlv2
AOI_2_Vegas_img347,AOI_2_Vegas,AOI_2_Vegas:-11530:3614,test,owlv2,blur_resize,fixed,10.0,0.25,0,0,34,0,0.0,owlv2
AOI_2_Vegas_img3471,AOI_2_Vegas,AOI_2_Vegas:-11522:3620,test,owlv2,blur_resize,fixed,0.3,0.25,29,253,31,50,11.95,owlv2
AOI_2_Vegas_img3471,AOI_2_Vegas,AOI_2_Vegas:-11522:3620,test,owlv2,blur_resize,fixed,0.45,0.25,25,141,31,43,8.65,owlv2
AOI_2_Vegas_img3471,AOI_2_Vegas,AOI_2_Vegas:-11522:3620,test,owlv2,blur_resize,fixed,0.6,0.25,22,77,31,37,6.25,owlv2
AOI_2_Vegas_img3471,AOI_2_Vegas,AOI_2_Vegas:-11522:3620,test,owlv2,blur_resize,fixed,0.9,0.25,19,52,31,31,5.65,owlv2
AOI_2_Vegas_img3471,AOI_2_Vegas,AOI_2_Vegas:-11522:3620,test,owlv2,blur_resize,fixed,1.2,0.25,21,55,31,38,5.75,owlv2
AOI_2_Vegas_img3471,AOI_2_Vegas,AOI_2_Vegas:-11522:3620,test,owlv2,blur_resize,fixed,1.8,0.25,12,30,31,28,3.6,owlv2
AOI_2_Vegas_img3471,AOI_2_Vegas,AOI_2_Vegas:-11522:3620,test,owlv2,blur_resize,fixed,2.4,0.25,11,17,31,24,2.75,owlv2
AOI_2_Vegas_img3471,AOI_2_Vegas,AOI_2_Vegas:-11522:3620,test,owlv2,blur_resize,fixed,3.6,0.25,4,5,31,17,1.25,owlv2
AOI_2_Vegas_img3471,AOI_2_Vegas,AOI_2_Vegas:-11522:3620,test,owlv2,blur_resize,fixed,5.0,0.25,0,0,31,3,0.0,owlv2
AOI_2_Vegas_img3471,AOI_2_Vegas,AOI_2_Vegas:-11522:3620,test,owlv2,blur_resize,fixed,10.0,0.25,0,0,31,0,0.0,owlv2
AOI_2_Vegas_img3506,AOI_2_Vegas,AOI_2_Vegas:-11522:3612,test,owlv2,blur_resize,fixed,0.3,0.25,40,164,46,52,12.6,owlv2
AOI_2_Vegas_img3506,AOI_2_Vegas,AOI_2_Vegas:-11522:3612,test,owlv2,blur_resize,fixed,0.45,0.25,23,72,46,37,8.15,owlv2
AOI_2_Vegas_img3506,AOI_2_Vegas,AOI_2_Vegas:-11522:3612,test,owlv2,blur_resize,fixed,0.6,0.25,19,51,46,42,6.65,owlv2
AOI_2_Vegas_img3506,AOI_2_Vegas,AOI_2_Vegas:-11522:3612,test,owlv2,blur_resize,fixed,0.9,0.25,18,44,46,39,6.0,owlv2
AOI_2_Vegas_img3506,AOI_2_Vegas,AOI_2_Vegas:-11522:3612,test,owlv2,blur_resize,fixed,1.2,0.25,18,40,46,39,5.75,owlv2
AOI_2_Vegas_img3506,AOI_2_Vegas,AOI_2_Vegas:-11522:3612,test,owlv2,blur_resize,fixed,1.8,0.25,15,30,46,28,5.25,owlv2
AOI_2_Vegas_img3506,AOI_2_Vegas,AOI_2_Vegas:-11522:3612,test,owlv2,blur_resize,fixed,2.4,0.25,3,4,46,16,0.5,owlv2
AOI_2_Vegas_img3506,AOI_2_Vegas,AOI_2_Vegas:-11522:3612,test,owlv2,blur_resize,fixed,3.6,0.25,0,0,46,4,0.0,owlv2
AOI_2_Vegas_img3506,AOI_2_Vegas,AOI_2_Vegas:-11522:3612,test,owlv2,blur_resize,fixed,5.0,0.25,0,0,46,1,0.0,owlv2
AOI_2_Vegas_img3506,AOI_2_Vegas,AOI_2_Vegas:-11522:3612,test,owlv2,blur_resize,fixed,10.0,0.25,0,0,46,0,0.0,owlv2
AOI_2_Vegas_img3514,AOI_2_Vegas,AOI_2_Vegas:-11522:3614,test,owlv2,blur_resize,fixed,0.3,0.25,10,72,15,44,1.1,owlv2
AOI_2_Vegas_img3514,AOI_2_Vegas,AOI_2_Vegas:-11522:3614,test,owlv2,blur_resize,fixed,0.45,0.25,9,26,15,33,1.05,owlv2
AOI_2_Vegas_img3514,AOI_2_Vegas,AOI_2_Vegas:-11522:3614,test,owlv2,blur_resize,fixed,0.6,0.25,6,15,15,24,0.35,owlv2
AOI_2_Vegas_img3514,AOI_2_Vegas,AOI_2_Vegas:-11522:3614,test,owlv2,blur_resize,fixed,0.9,0.25,4,7,15,16,0.25,owlv2
AOI_2_Vegas_img3514,AOI_2_Vegas,AOI_2_Vegas:-11522:3614,test,owlv2,blur_resize,fixed,1.2,0.25,3,6,15,26,0.35,owlv2
AOI_2_Vegas_img3514,AOI_2_Vegas,AOI_2_Vegas:-11522:3614,test,owlv2,blur_resize,fixed,1.8,0.25,2,4,15,12,0.25,owlv2
AOI_2_Vegas_img3514,AOI_2_Vegas,AOI_2_Vegas:-11522:3614,test,owlv2,blur_resize,fixed,2.4,0.25,0,2,15,8,0.1,owlv2
AOI_2_Vegas_img3514,AOI_2_Vegas,AOI_2_Vegas:-11522:3614,test,owlv2,blur_resize,fixed,3.6,0.25,0,0,15,0,0.0,owlv2
AOI_2_Vegas_img3514,AOI_2_Vegas,AOI_2_Vegas:-11522:3614,test,owlv2,blur_resize,fixed,5.0,0.25,0,0,15,4,0.0,owlv2
AOI_2_Vegas_img3514,AOI_2_Vegas,AOI_2_Vegas:-11522:3614,test,owlv2,blur_resize,fixed,10.0,0.25,0,0,15,0,0.0,owlv2
AOI_2_Vegas_img3538,AOI_2_Vegas,AOI_2_Vegas:-11522:3618,test,owlv2,blur_resize,fixed,0.3,0.25,26,140,38,50,8.75,owlv2
AOI_2_Vegas_img3538,AOI_2_Vegas,AOI_2_Vegas:-11522:3618,test,owlv2,blur_resize,fixed,0.45,0.25,23,71,38,45,5.75,owlv2
AOI_2_Vegas_img3538,AOI_2_Vegas,AOI_2_Vegas:-11522:3618,test,owlv2,blur_resize,fixed,0.6,0.25,21,46,38,36,5.05,owlv2
AOI_2_Vegas_img3538,AOI_2_Vegas,AOI_2_Vegas:-11522:3618,test,owlv2,blur_resize,fixed,0.9,0.25,19,28,38,31,3.85,owlv2
AOI_2_Vegas_img3538,AOI_2_Vegas,AOI_2_Vegas:-11522:3618,test,owlv2,blur_resize,fixed,1.2,0.25,14,20,38,26,2.6,owlv2
AOI_2_Vegas_img3538,AOI_2_Vegas,AOI_2_Vegas:-11522:3618,test,owlv2,blur_resize,fixed,1.8,0.25,12,14,38,25,2.2,owlv2
AOI_2_Vegas_img3538,AOI_2_Vegas,AOI_2_Vegas:-11522:3618,test,owlv2,blur_resize,fixed,2.4,0.25,0,0,38,6,0.0,owlv2
AOI_2_Vegas_img3538,AOI_2_Vegas,AOI_2_Vegas:-11522:3618,test,owlv2,blur_resize,fixed,3.6,0.25,0,0,38,0,0.0,owlv2
AOI_2_Vegas_img3538,AOI_2_Vegas,AOI_2_Vegas:-11522:3618,test,owlv2,blur_resize,fixed,5.0,0.25,0,0,38,0,0.0,owlv2
AOI_2_Vegas_img3538,AOI_2_Vegas,AOI_2_Vegas:-11522:3618,test,owlv2,blur_resize,fixed,10.0,0.25,0,0,38,0,0.0,owlv2
AOI_2_Vegas_img355,AOI_2_Vegas,AOI_2_Vegas:-11530:3616,test,owlv2,blur_resize,fixed,0.3,0.25,28,75,34,27,9.8,owlv2
AOI_2_Vegas_img355,AOI_2_Vegas,AOI_2_Vegas:-11530:3616,test,owlv2,blur_resize,fixed,0.45,0.25,26,38,34,23,6.8,owlv2
AOI_2_Vegas_img355,AOI_2_Vegas,AOI_2_Vegas:-11530:3616,test,owlv2,blur_resize,fixed,0.6,0.25,28,40,34,28,7.65,owlv2
AOI_2_Vegas_img355,AOI_2_Vegas,AOI_2_Vegas:-11530:3616,test,owlv2,blur_resize,fixed,0.9,0.25,26,35,34,26,7.15,owlv2
AOI_2_Vegas_img355,AOI_2_Vegas,AOI_2_Vegas:-11530:3616,test,owlv2,blur_resize,fixed,1.2,0.25,28,38,34,24,7.5,owlv2
AOI_2_Vegas_img355,AOI_2_Vegas,AOI_2_Vegas:-11530:3616,test,owlv2,blur_resize,fixed,1.8,0.25,6,12,34,10,2.95,owlv2
AOI_2_Vegas_img355,AOI_2_Vegas,AOI_2_Vegas:-11530:3616,test,owlv2,blur_resize,fixed,2.4,0.25,4,8,34,7,1.65,owlv2
AOI_2_Vegas_img355,AOI_2_Vegas,AOI_2_Vegas:-11530:3616,test,owlv2,blur_resize,fixed,3.6,0.25,0,1,34,10,0.15,owlv2
AOI_2_Vegas_img355,AOI_2_Vegas,AOI_2_Vegas:-11530:3616,test,owlv2,blur_resize,fixed,5.0,0.25,0,0,34,2,0.0,owlv2
AOI_2_Vegas_img355,AOI_2_Vegas,AOI_2_Vegas:-11530:3616,test,owlv2,blur_resize,fixed,10.0,0.25,0,0,34,0,0.0,owlv2
AOI_2_Vegas_img3573,AOI_2_Vegas,AOI_2_Vegas:-11522:3624,test,owlv2,blur_resize,fixed,0.3,0.25,49,162,53,43,21.35,owlv2
AOI_2_Vegas_img3573,AOI_2_Vegas,AOI_2_Vegas:-11522:3624,test,owlv2,blur_resize,fixed,0.45,0.25,46,139,53,42,19.25,owlv2
AOI_2_Vegas_img3573,AOI_2_Vegas,AOI_2_Vegas:-11522:3624,test,owlv2,blur_resize,fixed,0.6,0.25,43,114,53,34,17.85,owlv2
AOI_2_Vegas_img3573,AOI_2_Vegas,AOI_2_Vegas:-11522:3624,test,owlv2,blur_resize,fixed,0.9,0.25,35,71,53,23,12.75,owlv2
AOI_2_Vegas_img3573,AOI_2_Vegas,AOI_2_Vegas:-11522:3624,test,owlv2,blur_resize,fixed,1.2,0.25,11,14,53,9,3.4,owlv2
AOI_2_Vegas_img3573,AOI_2_Vegas,AOI_2_Vegas:-11522:3624,test,owlv2,blur_resize,fixed,1.8,0.25,0,1,53,4,0.35,owlv2
AOI_2_Vegas_img3573,AOI_2_Vegas,AOI_2_Vegas:-11522:3624,test,owlv2,blur_resize,fixed,2.4,0.25,0,0,53,1,0.0,owlv2
AOI_2_Vegas_img3573,AOI_2_Vegas,AOI_2_Vegas:-11522:3624,test,owlv2,blur_resize,fixed,3.6,0.25,0,0,53,2,0.0,owlv2
AOI_2_Vegas_img3573,AOI_2_Vegas,AOI_2_Vegas:-11522:3624,test,owlv2,blur_resize,fixed,5.0,0.25,0,0,53,0,0.0,owlv2
AOI_2_Vegas_img3573,AOI_2_Vegas,AOI_2_Vegas:-11522:3624,test,owlv2,blur_resize,fixed,10.0,0.25,0,0,53,0,0.0,owlv2
AOI_2_Vegas_img3603,AOI_2_Vegas,AOI_2_Vegas:-11522:3616,test,owlv2,blur_resize,fixed,0.3,0.25,43,278,53,74,25.5,owlv2
AOI_2_Vegas_img3603,AOI_2_Vegas,AOI_2_Vegas:-11522:3616,test,owlv2,blur_resize,fixed,0.45,0.25,39,153,53,53,20.2,owlv2
AOI_2_Vegas_img3603,AOI_2_Vegas,AOI_2_Vegas:-11522:3616,test,owlv2,blur_resize,fixed,0.6,0.25,34,102,53,55,18.65,owlv2
AOI_2_Vegas_img3603,AOI_2_Vegas,AOI_2_Vegas:-11522:3616,test,owlv2,blur_resize,fixed,0.9,0.25,27,58,53,56,12.35,owlv2
AOI_2_Vegas_img3603,AOI_2_Vegas,AOI_2_Vegas:-11522:3616,test,owlv2,blur_resize,fixed,1.2,0.25,23,43,53,57,9.3,owlv2
AOI_2_Vegas_img3603,AOI_2_Vegas,AOI_2_Vegas:-11522:3616,test,owlv2,blur_resize,fixed,1.8,0.25,22,29,53,28,6.85,owlv2
AOI_2_Vegas_img3603,AOI_2_Vegas,AOI_2_Vegas:-11522:3616,test,owlv2,blur_resize,fixed,2.4,0.25,1,1,53,6,0.3,owlv2
AOI_2_Vegas_img3603,AOI_2_Vegas,AOI_2_Vegas:-11522:3616,test,owlv2,blur_resize,fixed,3.6,0.25,0,0,53,0,0.0,owlv2
AOI_2_Vegas_img3603,AOI_2_Vegas,AOI_2_Vegas:-11522:3616,test,owlv2,blur_resize,fixed,5.0,0.25,0,0,53,1,0.0,owlv2
AOI_2_Vegas_img3603,AOI_2_Vegas,AOI_2_Vegas:-11522:3616,test,owlv2,blur_resize,fixed,10.0,0.25,0,0,53,0,0.0,owlv2
AOI_2_Vegas_img3659,AOI_2_Vegas,AOI_2_Vegas:-11522:3625,test,owlv2,blur_resize,fixed,0.3,0.25,30,134,32,32,9.5,owlv2
AOI_2_Vegas_img3659,AOI_2_Vegas,AOI_2_Vegas:-11522:3625,test,owlv2,blur_resize,fixed,0.45,0.25,27,68,32,25,8.3,owlv2
AOI_2_Vegas_img3659,AOI_2_Vegas,AOI_2_Vegas:-11522:3625,test,owlv2,blur_resize,fixed,0.6,0.25,25,59,32,27,7.45,owlv2
AOI_2_Vegas_img3659,AOI_2_Vegas,AOI_2_Vegas:-11522:3625,test,owlv2,blur_resize,fixed,0.9,0.25,24,60,32,21,7.1,owlv2
AOI_2_Vegas_img3659,AOI_2_Vegas,AOI_2_Vegas:-11522:3625,test,owlv2,blur_resize,fixed,1.2,0.25,25,75,32,23,8.3,owlv2
AOI_2_Vegas_img3659,AOI_2_Vegas,AOI_2_Vegas:-11522:3625,test,owlv2,blur_resize,fixed,1.8,0.25,27,78,32,11,8.55,owlv2
AOI_2_Vegas_img3659,AOI_2_Vegas,AOI_2_Vegas:-11522:3625,test,owlv2,blur_resize,fixed,2.4,0.25,16,23,32,10,3.85,owlv2
AOI_2_Vegas_img3659,AOI_2_Vegas,AOI_2_Vegas:-11522:3625,test,owlv2,blur_resize,fixed,3.6,0.25,0,1,32,0,0.15,owlv2
AOI_2_Vegas_img3659,AOI_2_Vegas,AOI_2_Vegas:-11522:3625,test,owlv2,blur_resize,fixed,5.0,0.25,0,0,32,0,0.0,owlv2
AOI_2_Vegas_img3659,AOI_2_Vegas,AOI_2_Vegas:-11522:3625,test,owlv2,blur_resize,fixed,10.0,0.25,0,0,32,0,0.0,owlv2
AOI_2_Vegas_img3673,AOI_2_Vegas,AOI_2_Vegas:-11522:3614,test,owlv2,blur_resize,fixed,0.3,0.25,3,85,7,57,0.7,owlv2
AOI_2_Vegas_img3673,AOI_2_Vegas,AOI_2_Vegas:-11522:3614,test,owlv2,blur_resize,fixed,0.45,0.25,2,36,7,42,0.2,owlv2
AOI_2_Vegas_img3673,AOI_2_Vegas,AOI_2_Vegas:-11522:3614,test,owlv2,blur_resize,fixed,0.6,0.25,1,14,7,33,0.05,owlv2
AOI_2_Vegas_img3673,AOI_2_Vegas,AOI_2_Vegas:-11522:3614,test,owlv2,blur_resize,fixed,0.9,0.25,0,6,7,20,0.1,owlv2
AOI_2_Vegas_img3673,AOI_2_Vegas,AOI_2_Vegas:-11522:3614,test,owlv2,blur_resize,fixed,1.2,0.25,0,2,7,12,0.1,owlv2
AOI_2_Vegas_img3673,AOI_2_Vegas,AOI_2_Vegas:-11522:3614,test,owlv2,blur_resize,fixed,1.8,0.25,0,2,7,12,0.0,owlv2
AOI_2_Vegas_img3673,AOI_2_Vegas,AOI_2_Vegas:-11522:3614,test,owlv2,blur_resize,fixed,2.4,0.25,0,0,7,9,0.0,owlv2
AOI_2_Vegas_img3673,AOI_2_Vegas,AOI_2_Vegas:-11522:3614,test,owlv2,blur_resize,fixed,3.6,0.25,0,0,7,1,0.0,owlv2
AOI_2_Vegas_img3673,AOI_2_Vegas,AOI_2_Vegas:-11522:3614,test,owlv2,blur_resize,fixed,5.0,0.25,0,0,7,6,0.0,owlv2
AOI_2_Vegas_img3673,AOI_2_Vegas,AOI_2_Vegas:-11522:3614,test,owlv2,blur_resize,fixed,10.0,0.25,0,0,7,0,0.0,owlv2
AOI_2_Vegas_img3679,AOI_2_Vegas,AOI_2_Vegas:-11522:3615,test,owlv2,blur_resize,fixed,0.3,0.25,39,263,43,61,19.95,owlv2
AOI_2_Vegas_img3679,AOI_2_Vegas,AOI_2_Vegas:-11522:3615,test,owlv2,blur_resize,fixed,0.45,0.25,38,147,43,59,17.55,owlv2
AOI_2_Vegas_img3679,AOI_2_Vegas,AOI_2_Vegas:-11522:3615,test,owlv2,blur_resize,fixed,0.6,0.25,36,110,43,43,16.2,owlv2
AOI_2_Vegas_img3679,AOI_2_Vegas,AOI_2_Vegas:-11522:3615,test,owlv2,blur_resize,fixed,0.9,0.25,35,92,43,54,12.95,owlv2
AOI_2_Vegas_img3679,AOI_2_Vegas,AOI_2_Vegas:-11522:3615,test,owlv2,blur_resize,fixed,1.2,0.25,35,80,43,50,12.2,owlv2
AOI_2_Vegas_img3679,AOI_2_Vegas,AOI_2_Vegas:-11522:3615,test,owlv2,blur_resize,fixed,1.8,0.25,24,41,43,29,8.2,owlv2
AOI_2_Vegas_img3679,AOI_2_Vegas,AOI_2_Vegas:-11522:3615,test,owlv2,blur_resize,fixed,2.4,0.25,1,1,43,4,0.25,owlv2
AOI_2_Vegas_img3679,AOI_2_Vegas,AOI_2_Vegas:-11522:3615,test,owlv2,blur_resize,fixed,3.6,0.25,0,0,43,0,0.0,owlv2
AOI_2_Vegas_img3679,AOI_2_Vegas,AOI_2_Vegas:-11522:3615,test,owlv2,blur_resize,fixed,5.0,0.25,0,0,43,0,0.0,owlv2
AOI_2_Vegas_img3679,AOI_2_Vegas,AOI_2_Vegas:-11522:3615,test,owlv2,blur_resize,fixed,10.0,0.25,0,0,43,0,0.0,owlv2
AOI_2_Vegas_img3718,AOI_2_Vegas,AOI_2_Vegas:-11522:3622,test,owlv2,blur_resize,fixed,0.3,0.25,24,180,29,51,5.1,owlv2
AOI_2_Vegas_img3718,AOI_2_Vegas,AOI_2_Vegas:-11522:3622,test,owlv2,blur_resize,fixed,0.45,0.25,23,125,29,41,4.45,owlv2
AOI_2_Vegas_img3718,AOI_2_Vegas,AOI_2_Vegas:-11522:3622,test,owlv2,blur_resize,fixed,0.6,0.25,19,105,29,42,4.65,owlv2
AOI_2_Vegas_img3718,AOI_2_Vegas,AOI_2_Vegas:-11522:3622,test,owlv2,blur_resize,fixed,0.9,0.25,13,84,29,48,3.85,owlv2
AOI_2_Vegas_img3718,AOI_2_Vegas,AOI_2_Vegas:-11522:3622,test,owlv2,blur_resize,fixed,1.2,0.25,10,63,29,43,4.05,owlv2
AOI_2_Vegas_img3718,AOI_2_Vegas,AOI_2_Vegas:-11522:3622,test,owlv2,blur_resize,fixed,1.8,0.25,8,31,29,40,2.6,owlv2
AOI_2_Vegas_img3718,AOI_2_Vegas,AOI_2_Vegas:-11522:3622,test,owlv2,blur_resize,fixed,2.4,0.25,0,0,29,22,0.0,owlv2
AOI_2_Vegas_img3718,AOI_2_Vegas,AOI_2_Vegas:-11522:3622,test,owlv2,blur_resize,fixed,3.6,0.25,0,0,29,0,0.0,owlv2
AOI_2_Vegas_img3718,AOI_2_Vegas,AOI_2_Vegas:-11522:3622,test,owlv2,blur_resize,fixed,5.0,0.25,0,0,29,2,0.0,owlv2
AOI_2_Vegas_img3718,AOI_2_Vegas,AOI_2_Vegas:-11522:3622,test,owlv2,blur_resize,fixed,10.0,0.25,0,0,29,0,0.0,owlv2
AOI_2_Vegas_img3747,AOI_2_Vegas,AOI_2_Vegas:-11522:3613,test,owlv2,blur_resize,fixed,0.3,0.25,51,346,56,59,28.5,owlv2
AOI_2_Vegas_img3747,AOI_2_Vegas,AOI_2_Vegas:-11522:3613,test,owlv2,blur_resize,fixed,0.45,0.25,44,172,56,53,21.4,owlv2
AOI_2_Vegas_img3747,AOI_2_Vegas,AOI_2_Vegas:-11522:3613,test,owlv2,blur_resize,fixed,0.6,0.25,42,143,56,57,21.35,owlv2
AOI_2_Vegas_img3747,AOI_2_Vegas,AOI_2_Vegas:-11522:3613,test,owlv2,blur_resize,fixed,0.9,0.25,38,107,56,46,19.45,owlv2
AOI_2_Vegas_img3747,AOI_2_Vegas,AOI_2_Vegas:-11522:3613,test,owlv2,blur_resize,fixed,1.2,0.25,34,86,56,51,17.05,owlv2
AOI_2_Vegas_img3747,AOI_2_Vegas,AOI_2_Vegas:-11522:3613,test,owlv2,blur_resize,fixed,1.8,0.25,30,37,56,20,8.95,owlv2
AOI_2_Vegas_img3747,AOI_2_Vegas,AOI_2_Vegas:-11522:3613,test,owlv2,blur_resize,fixed,2.4,0.25,1,1,56,7,0.2,owlv2
AOI_2_Vegas_img3747,AOI_2_Vegas,AOI_2_Vegas:-11522:3613,test,owlv2,blur_resize,fixed,3.6,0.25,0,0,56,0,0.0,owlv2
AOI_2_Vegas_img3747,AOI_2_Vegas,AOI_2_Vegas:-11522:3613,test,owlv2,blur_resize,fixed,5.0,0.25,0,0,56,0,0.0,owlv2
AOI_2_Vegas_img3747,AOI_2_Vegas,AOI_2_Vegas:-11522:3613,test,owlv2,blur_resize,fixed,10.0,0.25,0,0,56,0,0.0,owlv2
AOI_2_Vegas_img375,AOI_2_Vegas,AOI_2_Vegas:-11530:3619,test,owlv2,blur_resize,fixed,0.3,0.25,19,181,22,56,8.7,owlv2
AOI_2_Vegas_img375,AOI_2_Vegas,AOI_2_Vegas:-11530:3619,test,owlv2,blur_resize,fixed,0.45,0.25,15,88,22,49,6.35,owlv2
AOI_2_Vegas_img375,AOI_2_Vegas,AOI_2_Vegas:-11530:3619,test,owlv2,blur_resize,fixed,0.6,0.25,17,70,22,50,5.05,owlv2
AOI_2_Vegas_img375,AOI_2_Vegas,AOI_2_Vegas:-11530:3619,test,owlv2,blur_resize,fixed,0.9,0.25,13,46,22,47,4.15,owlv2
AOI_2_Vegas_img375,AOI_2_Vegas,AOI_2_Vegas:-11530:3619,test,owlv2,blur_resize,fixed,1.2,0.25,13,36,22,36,3.8,owlv2
AOI_2_Vegas_img375,AOI_2_Vegas,AOI_2_Vegas:-11530:3619,test,owlv2,blur_resize,fixed,1.8,0.25,6,14,22,27,1.65,owlv2
AOI_2_Vegas_img375,AOI_2_Vegas,AOI_2_Vegas:-11530:3619,test,owlv2,blur_resize,fixed,2.4,0.25,1,2,22,18,0.3,owlv2
AOI_2_Vegas_img375,AOI_2_Vegas,AOI_2_Vegas:-11530:3619,test,owlv2,blur_resize,fixed,3.6,0.25,0,0,22,0,0.0,owlv2
AOI_2_Vegas_img375,AOI_2_Vegas,AOI_2_Vegas:-11530:3619,test,owlv2,blur_resize,fixed,5.0,0.25,0,0,22,0,0.0,owlv2
AOI_2_Vegas_img375,AOI_2_Vegas,AOI_2_Vegas:-11530:3619,test,owlv2,blur_resize,fixed,10.0,0.25,0,0,22,0,0.0,owlv2
AOI_2_Vegas_img3757,AOI_2_Vegas,AOI_2_Vegas:-11522:3615,test,owlv2,blur_resize,fixed,0.3,0.25,43,211,59,73,20.15,owlv2
AOI_2_Vegas_img3757,AOI_2_Vegas,AOI_2_Vegas:-11522:3615,test,owlv2,blur_resize,fixed,0.45,0.25,35,72,59,33,11.8,owlv2
AOI_2_Vegas_img3757,AOI_2_Vegas,AOI_2_Vegas:-11522:3615,test,owlv2,blur_resize,fixed,0.6,0.25,29,34,59,13,8.9,owlv2
AOI_2_Vegas_img3757,AOI_2_Vegas,AOI_2_Vegas:-11522:3615,test,owlv2,blur_resize,fixed,0.9,0.25,16,20,59,8,5.6,owlv2
AOI_2_Vegas_img3757,AOI_2_Vegas,AOI_2_Vegas:-11522:3615,test,owlv2,blur_resize,fixed,1.2,0.25,26,40,59,12,9.0,owlv2
AOI_2_Vegas_img3757,AOI_2_Vegas,AOI_2_Vegas:-11522:3615,test,owlv2,blur_resize,fixed,1.8,0.25,12,15,59,9,4.5,owlv2
AOI_2_Vegas_img3757,AOI_2_Vegas,AOI_2_Vegas:-11522:3615,test,owlv2,blur_resize,fixed,2.4,0.25,0,0,59,5,0.0,owlv2
AOI_2_Vegas_img3757,AOI_2_Vegas,AOI_2_Vegas:-11522:3615,test,owlv2,blur_resize,fixed,3.6,0.25,0,0,59,0,0.0,owlv2
AOI_2_Vegas_img3757,AOI_2_Vegas,AOI_2_Vegas:-11522:3615,test,owlv2,blur_resize,fixed,5.0,0.25,0,0,59,0,0.0,owlv2
AOI_2_Vegas_img3757,AOI_2_Vegas,AOI_2_Vegas:-11522:3615,test,owlv2,blur_resize,fixed,10.0,0.25,0,0,59,0,0.0,owlv2
AOI_2_Vegas_img3785,AOI_2_Vegas,AOI_2_Vegas:-11522:3620,test,owlv2,blur_resize,fixed,0.3,0.25,23,196,28,61,5.9,owlv2
AOI_2_Vegas_img3785,AOI_2_Vegas,AOI_2_Vegas:-11522:3620,test,owlv2,blur_resize,fixed,0.45,0.25,20,127,28,62,4.4,owlv2
AOI_2_Vegas_img3785,AOI_2_Vegas,AOI_2_Vegas:-11522:3620,test,owlv2,blur_resize,fixed,0.6,0.25,17,103,28,63,4.35,owlv2
AOI_2_Vegas_img3785,AOI_2_Vegas,AOI_2_Vegas:-11522:3620,test,owlv2,blur_resize,fixed,0.9,0.25,16,80,28,65,3.55,owlv2
AOI_2_Vegas_img3785,AOI_2_Vegas,AOI_2_Vegas:-11522:3620,test,owlv2,blur_resize,fixed,1.2,0.25,15,60,28,59,3.95,owlv2
AOI_2_Vegas_img3785,AOI_2_Vegas,AOI_2_Vegas:-11522:3620,test,owlv2,blur_resize,fixed,1.8,0.25,8,16,28,50,1.2,owlv2
AOI_2_Vegas_img3785,AOI_2_Vegas,AOI_2_Vegas:-11522:3620,test,owlv2,blur_resize,fixed,2.4,0.25,1,2,28,29,0.45,owlv2
AOI_2_Vegas_img3785,AOI_2_Vegas,AOI_2_Vegas:-11522:3620,test,owlv2,blur_resize,fixed,3.6,0.25,0,0,28,24,0.0,owlv2
AOI_2_Vegas_img3785,AOI_2_Vegas,AOI_2_Vegas:-11522:3620,test,owlv2,blur_resize,fixed,5.0,0.25,0,0,28,6,0.0,owlv2
AOI_2_Vegas_img3785,AOI_2_Vegas,AOI_2_Vegas:-11522:3620,test,owlv2,blur_resize,fixed,10.0,0.25,0,0,28,0,0.0,owlv2
AOI_2_Vegas_img3787,AOI_2_Vegas,AOI_2_Vegas:-11522:3620,test,owlv2,blur_resize,fixed,0.3,0.25,41,146,48,49,9.45,owlv2
AOI_2_Vegas_img3787,AOI_2_Vegas,AOI_2_Vegas:-11522:3620,test,owlv2,blur_resize,fixed,0.45,0.25,35,73,48,31,6.55,owlv2
AOI_2_Vegas_img3787,AOI_2_Vegas,AOI_2_Vegas:-11522:3620,test,owlv2,blur_resize,fixed,0.6,0.25,30,42,48,30,4.15,owlv2
AOI_2_Vegas_img3787,AOI_2_Vegas,AOI_2_Vegas:-11522:3620,test,owlv2,blur_resize,fixed,0.9,0.25,27,45,48,49,5.15,owlv2
AOI_2_Vegas_img3787,AOI_2_Vegas,AOI_2_Vegas:-11522:3620,test,owlv2,blur_resize,fixed,1.2,0.25,24,37,48,49,3.75,owlv2
AOI_2_Vegas_img3787,AOI_2_Vegas,AOI_2_Vegas:-11522:3620,test,owlv2,blur_resize,fixed,1.8,0.25,14,17,48,51,1.6,owlv2
AOI_2_Vegas_img3787,AOI_2_Vegas,AOI_2_Vegas:-11522:3620,test,owlv2,blur_resize,fixed,2.4,0.25,5,5,48,35,1.05,owlv2
AOI_2_Vegas_img3787,AOI_2_Vegas,AOI_2_Vegas:-11522:3620,test,owlv2,blur_resize,fixed,3.6,0.25,0,0,48,11,0.0,owlv2
AOI_2_Vegas_img3787,AOI_2_Vegas,AOI_2_Vegas:-11522:3620,test,owlv2,blur_resize,fixed,5.0,0.25,0,0,48,4,0.0,owlv2
AOI_2_Vegas_img3787,AOI_2_Vegas,AOI_2_Vegas:-11522:3620,test,owlv2,blur_resize,fixed,10.0,0.25,0,0,48,0,0.0,owlv2
AOI_2_Vegas_img3792,AOI_2_Vegas,AOI_2_Vegas:-11522:3621,test,owlv2,blur_resize,fixed,0.3,0.25,1,36,1,5,0.0,owlv2
AOI_2_Vegas_img3792,AOI_2_Vegas,AOI_2_Vegas:-11522:3621,test,owlv2,blur_resize,fixed,0.45,0.25,1,20,1,1,0.0,owlv2
AOI_2_Vegas_img3792,AOI_2_Vegas,AOI_2_Vegas:-11522:3621,test,owlv2,blur_resize,fixed,0.6,0.25,1,22,1,3,0.0,owlv2
AOI_2_Vegas_img3792,AOI_2_Vegas,AOI_2_Vegas:-11522:3621,test,owlv2,blur_resize,fixed,0.9,0.25,1,5,1,2,0.0,owlv2
AOI_2_Vegas_img3792,AOI_2_Vegas,AOI_2_Vegas:-11522:3621,test,owlv2,blur_resize,fixed,1.2,0.25,0,6,1,1,0.0,owlv2
AOI_2_Vegas_img3792,AOI_2_Vegas,AOI_2_Vegas:-11522:3621,test,owlv2,blur_resize,fixed,1.8,0.25,0,1,1,1,0.0,owlv2
AOI_2_Vegas_img3792,AOI_2_Vegas,AOI_2_Vegas:-11522:3621,test,owlv2,blur_resize,fixed,2.4,0.25,0,0,1,1,0.0,owlv2
AOI_2_Vegas_img3792,AOI_2_Vegas,AOI_2_Vegas:-11522:3621,test,owlv2,blur_resize,fixed,3.6,0.25,0,0,1,0,0.0,owlv2
AOI_2_Vegas_img3792,AOI_2_Vegas,AOI_2_Vegas:-11522:3621,test,owlv2,blur_resize,fixed,5.0,0.25,0,0,1,0,0.0,owlv2
AOI_2_Vegas_img3792,AOI_2_Vegas,AOI_2_Vegas:-11522:3621,test,owlv2,blur_resize,fixed,10.0,0.25,0,0,1,0,0.0,owlv2
AOI_2_Vegas_img3815,AOI_2_Vegas,AOI_2_Vegas:-11522:3625,test,owlv2,blur_resize,fixed,0.3,0.25,22,165,23,51,12.45,owlv2
AOI_2_Vegas_img3815,AOI_2_Vegas,AOI_2_Vegas:-11522:3625,test,owlv2,blur_resize,fixed,0.45,0.25,20,77,23,42,9.6,owlv2
AOI_2_Vegas_img3815,AOI_2_Vegas,AOI_2_Vegas:-11522:3625,test,owlv2,blur_resize,fixed,0.6,0.25,19,64,23,37,8.9,owlv2
AOI_2_Vegas_img3815,AOI_2_Vegas,AOI_2_Vegas:-11522:3625,test,owlv2,blur_resize,fixed,0.9,0.25,17,57,23,29,8.45,owlv2
AOI_2_Vegas_img3815,AOI_2_Vegas,AOI_2_Vegas:-11522:3625,test,owlv2,blur_resize,fixed,1.2,0.25,19,59,23,30,8.95,owlv2
AOI_2_Vegas_img3815,AOI_2_Vegas,AOI_2_Vegas:-11522:3625,test,owlv2,blur_resize,fixed,1.8,0.25,17,38,23,33,6.5,owlv2
AOI_2_Vegas_img3815,AOI_2_Vegas,AOI_2_Vegas:-11522:3625,test,owlv2,blur_resize,fixed,2.4,0.25,13,27,23,28,4.3,owlv2
AOI_2_Vegas_img3815,AOI_2_Vegas,AOI_2_Vegas:-11522:3625,test,owlv2,blur_resize,fixed,3.6,0.25,1,1,23,2,0.2,owlv2
AOI_2_Vegas_img3815,AOI_2_Vegas,AOI_2_Vegas:-11522:3625,test,owlv2,blur_resize,fixed,5.0,0.25,0,0,23,0,0.0,owlv2
AOI_2_Vegas_img3815,AOI_2_Vegas,AOI_2_Vegas:-11522:3625,test,owlv2,blur_resize,fixed,10.0,0.25,0,0,23,0,0.0,owlv2
AOI_2_Vegas_img3832,AOI_2_Vegas,AOI_2_Vegas:-11521:3614,test,owlv2,blur_resize,fixed,0.3,0.25,3,130,4,47,0.15,owlv2
AOI_2_Vegas_img3832,AOI_2_Vegas,AOI_2_Vegas:-11521:3614,test,owlv2,blur_resize,fixed,0.45,0.25,3,62,4,27,0.1,owlv2
AOI_2_Vegas_img3832,AOI_2_Vegas,AOI_2_Vegas:-11521:3614,test,owlv2,blur_resize,fixed,0.6,0.25,2,35,4,14,0.15,owlv2
AOI_2_Vegas_img3832,AOI_2_Vegas,AOI_2_Vegas:-11521:3614,test,owlv2,blur_resize,fixed,0.9,0.25,1,12,4,7,0.1,owlv2
AOI_2_Vegas_img3832,AOI_2_Vegas,AOI_2_Vegas:-11521:3614,test,owlv2,blur_resize,fixed,1.2,0.25,0,0,4,2,0.0,owlv2
AOI_2_Vegas_img3832,AOI_2_Vegas,AOI_2_Vegas:-11521:3614,test,owlv2,blur_resize,fixed,1.8,0.25,0,0,4,1,0.0,owlv2
AOI_2_Vegas_img3832,AOI_2_Vegas,AOI_2_Vegas:-11521:3614,test,owlv2,blur_resize,fixed,2.4,0.25,0,0,4,2,0.0,owlv2
AOI_2_Vegas_img3832,AOI_2_Vegas,AOI_2_Vegas:-11521:3614,test,owlv2,blur_resize,fixed,3.6,0.25,0,0,4,0,0.0,owlv2
AOI_2_Vegas_img3832,AOI_2_Vegas,AOI_2_Vegas:-11521:3614,test,owlv2,blur_resize,fixed,5.0,0.25,0,0,4,0,0.0,owlv2
AOI_2_Vegas_img3832,AOI_2_Vegas,AOI_2_Vegas:-11521:3614,test,owlv2,blur_resize,fixed,10.0,0.25,0,0,4,0,0.0,owlv2
AOI_2_Vegas_img3849,AOI_2_Vegas,AOI_2_Vegas:-11521:3617,test,owlv2,blur_resize,fixed,0.3,0.25,58,143,88,40,21.1,owlv2
AOI_2_Vegas_img3849,AOI_2_Vegas,AOI_2_Vegas:-11521:3617,test,owlv2,blur_resize,fixed,0.45,0.25,43,60,88,23,13.7,owlv2
AOI_2_Vegas_img3849,AOI_2_Vegas,AOI_2_Vegas:-11521:3617,test,owlv2,blur_resize,fixed,0.6,0.25,29,31,88,9,7.65,owlv2
AOI_2_Vegas_img3849,AOI_2_Vegas,AOI_2_Vegas:-11521:3617,test,owlv2,blur_resize,fixed,0.9,0.25,27,29,88,4,8.6,owlv2
AOI_2_Vegas_img3849,AOI_2_Vegas,AOI_2_Vegas:-11521:3617,test,owlv2,blur_resize,fixed,1.2,0.25,33,36,88,8,7.9,owlv2
AOI_2_Vegas_img3849,AOI_2_Vegas,AOI_2_Vegas:-11521:3617,test,owlv2,blur_resize,fixed,1.8,0.25,10,10,88,12,2.5,owlv2
AOI_2_Vegas_img3849,AOI_2_Vegas,AOI_2_Vegas:-11521:3617,test,owlv2,blur_resize,fixed,2.4,0.25,0,0,88,0,0.0,owlv2
AOI_2_Vegas_img3849,AOI_2_Vegas,AOI_2_Vegas:-11521:3617,test,owlv2,blur_resize,fixed,3.6,0.25,0,0,88,0,0.0,owlv2
AOI_2_Vegas_img3849,AOI_2_Vegas,AOI_2_Vegas:-11521:3617,test,owlv2,blur_resize,fixed,5.0,0.25,0,0,88,0,0.0,owlv2
AOI_2_Vegas_img3849,AOI_2_Vegas,AOI_2_Vegas:-11521:3617,test,owlv2,blur_resize,fixed,10.0,0.25,0,0,88,0,0.0,owlv2
AOI_2_Vegas_img3856,AOI_2_Vegas,AOI_2_Vegas:-11521:3618,test,owlv2,blur_resize,fixed,0.3,0.25,8,50,13,21,0.55,owlv2
AOI_2_Vegas_img3856,AOI_2_Vegas,AOI_2_Vegas:-11521:3618,test,owlv2,blur_resize,fixed,0.45,0.25,5,19,13,15,0.5,owlv2
AOI_2_Vegas_img3856,AOI_2_Vegas,AOI_2_Vegas:-11521:3618,test,owlv2,blur_resize,fixed,0.6,0.25,4,10,13,11,0.4,owlv2
AOI_2_Vegas_img3856,AOI_2_Vegas,AOI_2_Vegas:-11521:3618,test,owlv2,blur_resize,fixed,0.9,0.25,3,6,13,7,0.35,owlv2
AOI_2_Vegas_img3856,AOI_2_Vegas,AOI_2_Vegas:-11521:3618,test,owlv2,blur_resize,fixed,1.2,0.25,2,2,13,4,0.1,owlv2
AOI_2_Vegas_img3856,AOI_2_Vegas,AOI_2_Vegas:-11521:3618,test,owlv2,blur_resize,fixed,1.8,0.25,0,0,13,10,0.0,owlv2
AOI_2_Vegas_img3856,AOI_2_Vegas,AOI_2_Vegas:-11521:3618,test,owlv2,blur_resize,fixed,2.4,0.25,0,0,13,7,0.0,owlv2
AOI_2_Vegas_img3856,AOI_2_Vegas,AOI_2_Vegas:-11521:3618,test,owlv2,blur_resize,fixed,3.6,0.25,0,0,13,2,0.0,owlv2
AOI_2_Vegas_img3856,AOI_2_Vegas,AOI_2_Vegas:-11521:3618,test,owlv2,blur_resize,fixed,5.0,0.25,0,0,13,5,0.0,owlv2
AOI_2_Vegas_img3856,AOI_2_Vegas,AOI_2_Vegas:-11521:3618,test,owlv2,blur_resize,fixed,10.0,0.25,0,0,13,0,0.0,owlv2
AOI_2_Vegas_img3857,AOI_2_Vegas,AOI_2_Vegas:-11521:3619,test,owlv2,blur_resize,fixed,0.3,0.25,32,149,36,65,5.85,owlv2
AOI_2_Vegas_img3857,AOI_2_Vegas,AOI_2_Vegas:-11521:3619,test,owlv2,blur_resize,fixed,0.45,0.25,18,74,36,51,3.25,owlv2
AOI_2_Vegas_img3857,AOI_2_Vegas,AOI_2_Vegas:-11521:3619,test,owlv2,blur_resize,fixed,0.6,0.25,17,65,36,45,3.05,owlv2
AOI_2_Vegas_img3857,AOI_2_Vegas,AOI_2_Vegas:-11521:3619,test,owlv2,blur_resize,fixed,0.9,0.25,12,33,36,43,2.35,owlv2
AOI_2_Vegas_img3857,AOI_2_Vegas,AOI_2_Vegas:-11521:3619,test,owlv2,blur_resize,fixed,1.2,0.25,7,13,36,31,1.4,owlv2
AOI_2_Vegas_img3857,AOI_2_Vegas,AOI_2_Vegas:-11521:3619,test,owlv2,blur_resize,fixed,1.8,0.25,1,1,36,11,0.15,owlv2
AOI_2_Vegas_img3857,AOI_2_Vegas,AOI_2_Vegas:-11521:3619,test,owlv2,blur_resize,fixed,2.4,0.25,0,0,36,1,0.0,owlv2
AOI_2_Vegas_img3857,AOI_2_Vegas,AOI_2_Vegas:-11521:3619,test,owlv2,blur_resize,fixed,3.6,0.25,0,0,36,1,0.0,owlv2
AOI_2_Vegas_img3857,AOI_2_Vegas,AOI_2_Vegas:-11521:3619,test,owlv2,blur_resize,fixed,5.0,0.25,0,0,36,5,0.0,owlv2
AOI_2_Vegas_img3857,AOI_2_Vegas,AOI_2_Vegas:-11521:3619,test,owlv2,blur_resize,fixed,10.0,0.25,0,0,36,0,0.0,owlv2
AOI_2_Vegas_img3858,AOI_2_Vegas,AOI_2_Vegas:-11521:3619,test,owlv2,blur_resize,fixed,0.3,0.25,16,112,21,38,2.65,owlv2
AOI_2_Vegas_img3858,AOI_2_Vegas,AOI_2_Vegas:-11521:3619,test,owlv2,blur_resize,fixed,0.45,0.25,10,48,21,36,1.55,owlv2
AOI_2_Vegas_img3858,AOI_2_Vegas,AOI_2_Vegas:-11521:3619,test,owlv2,blur_resize,fixed,0.6,0.25,7,33,21,28,1.05,owlv2
AOI_2_Vegas_img3858,AOI_2_Vegas,AOI_2_Vegas:-11521:3619,test,owlv2,blur_resize,fixed,0.9,0.25,5,15,21,18,0.6,owlv2
AOI_2_Vegas_img3858,AOI_2_Vegas,AOI_2_Vegas:-11521:3619,test,owlv2,blur_resize,fixed,1.2,0.25,5,19,21,30,0.85,owlv2
AOI_2_Vegas_img3858,AOI_2_Vegas,AOI_2_Vegas:-11521:3619,test,owlv2,blur_resize,fixed,1.8,0.25,4,10,21,40,0.65,owlv2
AOI_2_Vegas_img3858,AOI_2_Vegas,AOI_2_Vegas:-11521:3619,test,owlv2,blur_resize,fixed,2.4,0.25,2,7,21,31,0.55,owlv2
AOI_2_Vegas_img3858,AOI_2_Vegas,AOI_2_Vegas:-11521:3619,test,owlv2,blur_resize,fixed,3.6,0.25,0,0,21,17,0.0,owlv2
AOI_2_Vegas_img3858,AOI_2_Vegas,AOI_2_Vegas:-11521:3619,test,owlv2,blur_resize,fixed,5.0,0.25,0,0,21,10,0.0,owlv2
AOI_2_Vegas_img3858,AOI_2_Vegas,AOI_2_Vegas:-11521:3619,test,owlv2,blur_resize,fixed,10.0,0.25,0,0,21,0,0.0,owlv2
AOI_2_Vegas_img386,AOI_2_Vegas,AOI_2_Vegas:-11530:3621,test,owlv2,blur_resize,fixed,0.3,0.25,31,161,34,34,13.05,owlv2
AOI_2_Vegas_img386,AOI_2_Vegas,AOI_2_Vegas:-11530:3621,test,owlv2,blur_resize,fixed,0.45,0.25,29,85,34,27,12.65,owlv2
AOI_2_Vegas_img386,AOI_2_Vegas,AOI_2_Vegas:-11530:3621,test,owlv2,blur_resize,fixed,0.6,0.25,23,49,34,21,8.25,owlv2
AOI_2_Vegas_img386,AOI_2_Vegas,AOI_2_Vegas:-11530:3621,test,owlv2,blur_resize,fixed,0.9,0.25,23,38,34,20,7.35,owlv2
AOI_2_Vegas_img386,AOI_2_Vegas,AOI_2_Vegas:-11530:3621,test,owlv2,blur_resize,fixed,1.2,0.25,18,28,34,26,5.75,owlv2
AOI_2_Vegas_img386,AOI_2_Vegas,AOI_2_Vegas:-11530:3621,test,owlv2,blur_resize,fixed,1.8,0.25,10,14,34,23,3.25,owlv2
AOI_2_Vegas_img386,AOI_2_Vegas,AOI_2_Vegas:-11530:3621,test,owlv2,blur_resize,fixed,2.4,0.25,4,4,34,24,1.2,owlv2
AOI_2_Vegas_img386,AOI_2_Vegas,AOI_2_Vegas:-11530:3621,test,owlv2,blur_resize,fixed,3.6,0.25,7,7,34,16,1.55,owlv2
AOI_2_Vegas_img386,AOI_2_Vegas,AOI_2_Vegas:-11530:3621,test,owlv2,blur_resize,fixed,5.0,0.25,0,0,34,3,0.0,owlv2
AOI_2_Vegas_img386,AOI_2_Vegas,AOI_2_Vegas:-11530:3621,test,owlv2,blur_resize,fixed,10.0,0.25,0,0,34,0,0.0,owlv2
AOI_2_Vegas_img3864,AOI_2_Vegas,AOI_2_Vegas:-11521:3620,test,owlv2,blur_resize,fixed,0.3,0.25,34,179,36,56,6.55,owlv2
AOI_2_Vegas_img3864,AOI_2_Vegas,AOI_2_Vegas:-11521:3620,test,owlv2,blur_resize,fixed,0.45,0.25,25,127,36,50,4.65,owlv2
AOI_2_Vegas_img3864,AOI_2_Vegas,AOI_2_Vegas:-11521:3620,test,owlv2,blur_resize,fixed,0.6,0.25,22,96,36,45,4.05,owlv2
AOI_2_Vegas_img3864,AOI_2_Vegas,AOI_2_Vegas:-11521:3620,test,owlv2,blur_resize,fixed,0.9,0.25,18,54,36,31,3.0,owlv2
AOI_2_Vegas_img3864,AOI_2_Vegas,AOI_2_Vegas:-11521:3620,test,owlv2,blur_resize,fixed,1.2,0.25,9,36,36,40,1.85,owlv2
AOI_2_Vegas_img3864,AOI_2_Vegas,AOI_2_Vegas:-11521:3620,test,owlv2,blur_resize,fixed,1.8,0.25,5,9,36,20,0.65,owlv2
AOI_2_Vegas_img3864,AOI_2_Vegas,AOI_2_Vegas:-11521:3620,test,owlv2,blur_resize,fixed,2.4,0.25,0,1,36,2,0.15,owlv2
AOI_2_Vegas_img3864,AOI_2_Vegas,AOI_2_Vegas:-11521:3620,test,owlv2,blur_resize,fixed,3.6,0.25,0,0,36,0,0.0,owlv2
AOI_2_Vegas_img3864,AOI_2_Vegas,AOI_2_Vegas:-11521:3620,test,owlv2,blur_resize,fixed,5.0,0.25,0,0,36,0,0.0,owlv2
AOI_2_Vegas_img3864,AOI_2_Vegas,AOI_2_Vegas:-11521:3620,test,owlv2,blur_resize,fixed,10.0,0.25,0,0,36,0,0.0,owlv2
AOI_2_Vegas_img3886,AOI_2_Vegas,AOI_2_Vegas:-11521:3624,test,owlv2,blur_resize,fixed,0.3,0.25,26,123,30,43,11.4,owlv2
AOI_2_Vegas_img3886,AOI_2_Vegas,AOI_2_Vegas:-11521:3624,test,owlv2,blur_resize,fixed,0.45,0.25,25,82,30,44,9.25,owlv2
AOI_2_Vegas_img3886,AOI_2_Vegas,AOI_2_Vegas:-11521:3624,test,owlv2,blur_resize,fixed,0.6,0.25,23,64,30,45,8.15,owlv2
AOI_2_Vegas_img3886,AOI_2_Vegas,AOI_2_Vegas:-11521:3624,test,owlv2,blur_resize,fixed,0.9,0.25,24,48,30,41,7.55,owlv2
AOI_2_Vegas_img3886,AOI_2_Vegas,AOI_2_Vegas:-11521:3624,test,owlv2,blur_resize,fixed,1.2,0.25,24,43,30,40,7.1,owlv2
AOI_2_Vegas_img3886,AOI_2_Vegas,AOI_2_Vegas:-11521:3624,test,owlv2,blur_resize,fixed,1.8,0.25,15,29,30,41,5.25,owlv2
AOI_2_Vegas_img3886,AOI_2_Vegas,AOI_2_Vegas:-11521:3624,test,owlv2,blur_resize,fixed,2.4,0.25,4,4,30,9,0.8,owlv2
AOI_2_Vegas_img3886,AOI_2_Vegas,AOI_2_Vegas:-11521:3624,test,owlv2,blur_resize,fixed,3.6,0.25,0,0,30,1,0.0,owlv2
AOI_2_Vegas_img3886,AOI_2_Vegas,AOI_2_Vegas:-11521:3624,test,owlv2,blur_resize,fixed,5.0,0.25,0,0,30,1,0.0,owlv2
AOI_2_Vegas_img3886,AOI_2_Vegas,AOI_2_Vegas:-11521:3624,test,owlv2,blur_resize,fixed,10.0,0.25,0,0,30,0,0.0,owlv2
AOI_2_Vegas_img3920,AOI_2_Vegas,AOI_2_Vegas:-11521:3616,test,owlv2,blur_resize,fixed,0.3,0.25,7,64,13,40,1.0,owlv2
AOI_2_Vegas_img3920,AOI_2_Vegas,AOI_2_Vegas:-11521:3616,test,owlv2,blur_resize,fixed,0.45,0.25,5,30,13,31,0.45,owlv2
AOI_2_Vegas_img3920,AOI_2_Vegas,AOI_2_Vegas:-11521:3616,test,owlv2,blur_resize,fixed,0.6,0.25,4,17,13,26,0.8,owlv2
AOI_2_Vegas_img3920,AOI_2_Vegas,AOI_2_Vegas:-11521:3616,test,owlv2,blur_resize,fixed,0.9,0.25,4,15,13,21,0.35,owlv2
AOI_2_Vegas_img3920,AOI_2_Vegas,AOI_2_Vegas:-11521:3616,test,owlv2,blur_resize,fixed,1.2,0.25,3,7,13,18,0.35,owlv2
AOI_2_Vegas_img3920,AOI_2_Vegas,AOI_2_Vegas:-11521:3616,test,owlv2,blur_resize,fixed,1.8,0.25,0,0,13,9,0.0,owlv2
AOI_2_Vegas_img3920,AOI_2_Vegas,AOI_2_Vegas:-11521:3616,test,owlv2,blur_resize,fixed,2.4,0.25,0,0,13,1,0.0,owlv2
AOI_2_Vegas_img3920,AOI_2_Vegas,AOI_2_Vegas:-11521:3616,test,owlv2,blur_resize,fixed,3.6,0.25,0,0,13,0,0.0,owlv2
AOI_2_Vegas_img3920,AOI_2_Vegas,AOI_2_Vegas:-11521:3616,test,owlv2,blur_resize,fixed,5.0,0.25,0,0,13,4,0.0,owlv2
AOI_2_Vegas_img3920,AOI_2_Vegas,AOI_2_Vegas:-11521:3616,test,owlv2,blur_resize,fixed,10.0,0.25,0,0,13,0,0.0,owlv2
AOI_2_Vegas_img3949,AOI_2_Vegas,AOI_2_Vegas:-11521:3621,test,owlv2,blur_resize,fixed,0.3,0.25,5,84,10,27,1.45,owlv2
AOI_2_Vegas_img3949,AOI_2_Vegas,AOI_2_Vegas:-11521:3621,test,owlv2,blur_resize,fixed,0.45,0.25,2,7,10,12,0.5,owlv2
AOI_2_Vegas_img3949,AOI_2_Vegas,AOI_2_Vegas:-11521:3621,test,owlv2,blur_resize,fixed,0.6,0.25,2,4,10,20,0.05,owlv2
AOI_2_Vegas_img3949,AOI_2_Vegas,AOI_2_Vegas:-11521:3621,test,owlv2,blur_resize,fixed,0.9,0.25,2,7,10,29,0.25,owlv2
AOI_2_Vegas_img3949,AOI_2_Vegas,AOI_2_Vegas:-11521:3621,test,owlv2,blur_resize,fixed,1.2,0.25,1,5,10,27,0.3,owlv2
AOI_2_Vegas_img3949,AOI_2_Vegas,AOI_2_Vegas:-11521:3621,test,owlv2,blur_resize,fixed,1.8,0.25,2,2,10,25,0.15,owlv2
AOI_2_Vegas_img3949,AOI_2_Vegas,AOI_2_Vegas:-11521:3621,test,owlv2,blur_resize,fixed,2.4,0.25,1,1,10,15,0.15,owlv2
AOI_2_Vegas_img3949,AOI_2_Vegas,AOI_2_Vegas:-11521:3621,test,owlv2,blur_resize,fixed,3.6,0.25,0,0,10,5,0.0,owlv2
AOI_2_Vegas_img3949,AOI_2_Vegas,AOI_2_Vegas:-11521:3621,test,owlv2,blur_resize,fixed,5.0,0.25,0,0,10,0,0.0,owlv2
AOI_2_Vegas_img3949,AOI_2_Vegas,AOI_2_Vegas:-11521:3621,test,owlv2,blur_resize,fixed,10.0,0.25,0,0,10,0,0.0,owlv2
AOI_2_Vegas_img3961,AOI_2_Vegas,AOI_2_Vegas:-11521:3623,test,owlv2,blur_resize,fixed,0.3,0.25,25,119,35,38,5.75,owlv2
AOI_2_Vegas_img3961,AOI_2_Vegas,AOI_2_Vegas:-11521:3623,test,owlv2,blur_resize,fixed,0.45,0.25,18,56,35,16,4.1,owlv2
AOI_2_Vegas_img3961,AOI_2_Vegas,AOI_2_Vegas:-11521:3623,test,owlv2,blur_resize,fixed,0.6,0.25,16,34,35,14,2.35,owlv2
AOI_2_Vegas_img3961,AOI_2_Vegas,AOI_2_Vegas:-11521:3623,test,owlv2,blur_resize,fixed,0.9,0.25,11,18,35,11,1.75,owlv2
AOI_2_Vegas_img3961,AOI_2_Vegas,AOI_2_Vegas:-11521:3623,test,owlv2,blur_resize,fixed,1.2,0.25,13,30,35,18,2.65,owlv2
AOI_2_Vegas_img3961,AOI_2_Vegas,AOI_2_Vegas:-11521:3623,test,owlv2,blur_resize,fixed,1.8,0.25,7,24,35,24,2.1,owlv2
AOI_2_Vegas_img3961,AOI_2_Vegas,AOI_2_Vegas:-11521:3623,test,owlv2,blur_resize,fixed,2.4,0.25,2,3,35,6,0.05,owlv2
AOI_2_Vegas_img3961,AOI_2_Vegas,AOI_2_Vegas:-11521:3623,test,owlv2,blur_resize,fixed,3.6,0.25,0,0,35,0,0.0,owlv2
AOI_2_Vegas_img3961,AOI_2_Vegas,AOI_2_Vegas:-11521:3623,test,owlv2,blur_resize,fixed,5.0,0.25,0,0,35,2,0.0,owlv2
AOI_2_Vegas_img3961,AOI_2_Vegas,AOI_2_Vegas:-11521:3623,test,owlv2,blur_resize,fixed,10.0,0.25,0,0,35,0,0.0,owlv2
AOI_2_Vegas_img3962,AOI_2_Vegas,AOI_2_Vegas:-11521:3623,test,owlv2,blur_resize,fixed,0.3,0.25,41,324,51,80,10.8,owlv2
AOI_2_Vegas_img3962,AOI_2_Vegas,AOI_2_Vegas:-11521:3623,test,owlv2,blur_resize,fixed,0.45,0.25,37,189,51,65,8.85,owlv2
AOI_2_Vegas_img3962,AOI_2_Vegas,AOI_2_Vegas:-11521:3623,test,owlv2,blur_resize,fixed,0.6,0.25,33,149,51,64,6.4,owlv2
AOI_2_Vegas_img3962,AOI_2_Vegas,AOI_2_Vegas:-11521:3623,test,owlv2,blur_resize,fixed,0.9,0.25,22,86,51,58,6.2,owlv2
AOI_2_Vegas_img3962,AOI_2_Vegas,AOI_2_Vegas:-11521:3623,test,owlv2,blur_resize,fixed,1.2,0.25,15,40,51,41,3.1,owlv2
AOI_2_Vegas_img3962,AOI_2_Vegas,AOI_2_Vegas:-11521:3623,test,owlv2,blur_resize,fixed,1.8,0.25,2,4,51,27,0.45,owlv2
AOI_2_Vegas_img3962,AOI_2_Vegas,AOI_2_Vegas:-11521:3623,test,owlv2,blur_resize,fixed,2.4,0.25,0,0,51,2,0.0,owlv2
AOI_2_Vegas_img3962,AOI_2_Vegas,AOI_2_Vegas:-11521:3623,test,owlv2,blur_resize,fixed,3.6,0.25,0,0,51,0,0.0,owlv2
AOI_2_Vegas_img3962,AOI_2_Vegas,AOI_2_Vegas:-11521:3623,test,owlv2,blur_resize,fixed,5.0,0.25,0,0,51,0,0.0,owlv2
AOI_2_Vegas_img3962,AOI_2_Vegas,AOI_2_Vegas:-11521:3623,test,owlv2,blur_resize,fixed,10.0,0.25,0,0,51,0,0.0,owlv2
AOI_2_Vegas_img3990,AOI_2_Vegas,AOI_2_Vegas:-11521:3614,test,owlv2,blur_resize,fixed,0.3,0.25,0,40,2,35,0.0,owlv2
AOI_2_Vegas_img3990,AOI_2_Vegas,AOI_2_Vegas:-11521:3614,test,owlv2,blur_resize,fixed,0.45,0.25,0,5,2,15,0.0,owlv2
AOI_2_Vegas_img3990,AOI_2_Vegas,AOI_2_Vegas:-11521:3614,test,owlv2,blur_resize,fixed,0.6,0.25,0,2,2,7,0.0,owlv2
AOI_2_Vegas_img3990,AOI_2_Vegas,AOI_2_Vegas:-11521:3614,test,owlv2,blur_resize,fixed,0.9,0.25,0,0,2,1,0.0,owlv2
AOI_2_Vegas_img3990,AOI_2_Vegas,AOI_2_Vegas:-11521:3614,test,owlv2,blur_resize,fixed,1.2,0.25,0,0,2,1,0.0,owlv2
AOI_2_Vegas_img3990,AOI_2_Vegas,AOI_2_Vegas:-11521:3614,test,owlv2,blur_resize,fixed,1.8,0.25,0,0,2,0,0.0,owlv2
AOI_2_Vegas_img3990,AOI_2_Vegas,AOI_2_Vegas:-11521:3614,test,owlv2,blur_resize,fixed,2.4,0.25,0,0,2,0,0.0,owlv2
AOI_2_Vegas_img3990,AOI_2_Vegas,AOI_2_Vegas:-11521:3614,test,owlv2,blur_resize,fixed,3.6,0.25,0,0,2,0,0.0,owlv2
AOI_2_Vegas_img3990,AOI_2_Vegas,AOI_2_Vegas:-11521:3614,test,owlv2,blur_resize,fixed,5.0,0.25,0,0,2,6,0.0,owlv2
AOI_2_Vegas_img3990,AOI_2_Vegas,AOI_2_Vegas:-11521:3614,test,owlv2,blur_resize,fixed,10.0,0.25,0,0,2,0,0.0,owlv2
AOI_2_Vegas_img400,AOI_2_Vegas,AOI_2_Vegas:-11530:3613,test,owlv2,blur_resize,fixed,0.3,0.25,55,329,58,65,34.7,owlv2
AOI_2_Vegas_img400,AOI_2_Vegas,AOI_2_Vegas:-11530:3613,test,owlv2,blur_resize,fixed,0.45,0.25,48,72,58,31,18.2,owlv2
AOI_2_Vegas_img400,AOI_2_Vegas,AOI_2_Vegas:-11530:3613,test,owlv2,blur_resize,fixed,0.6,0.25,40,42,58,27,11.9,owlv2
AOI_2_Vegas_img400,AOI_2_Vegas,AOI_2_Vegas:-11530:3613,test,owlv2,blur_resize,fixed,0.9,0.25,29,31,58,18,9.3,owlv2
AOI_2_Vegas_img400,AOI_2_Vegas,AOI_2_Vegas:-11530:3613,test,owlv2,blur_resize,fixed,1.2,0.25,17,20,58,11,5.65,owlv2
AOI_2_Vegas_img400,AOI_2_Vegas,AOI_2_Vegas:-11530:3613,test,owlv2,blur_resize,fixed,1.8,0.25,4,5,58,8,1.75,owlv2
AOI_2_Vegas_img400,AOI_2_Vegas,AOI_2_Vegas:-11530:3613,test,owlv2,blur_resize,fixed,2.4,0.25,2,2,58,7,0.5,owlv2
AOI_2_Vegas_img400,AOI_2_Vegas,AOI_2_Vegas:-11530:3613,test,owlv2,blur_resize,fixed,3.6,0.25,0,0,58,2,0.0,owlv2
AOI_2_Vegas_img400,AOI_2_Vegas,AOI_2_Vegas:-11530:3613,test,owlv2,blur_resize,fixed,5.0,0.25,0,0,58,0,0.0,owlv2
AOI_2_Vegas_img400,AOI_2_Vegas,AOI_2_Vegas:-11530:3613,test,owlv2,blur_resize,fixed,10.0,0.25,0,0,58,0,0.0,owlv2
AOI_2_Vegas_img4008,AOI_2_Vegas,AOI_2_Vegas:-11521:3617,test,owlv2,blur_resize,fixed,0.3,0.25,0,26,4,36,0.1,owlv2
AOI_2_Vegas_img4008,AOI_2_Vegas,AOI_2_Vegas:-11521:3617,test,owlv2,blur_resize,fixed,0.45,0.25,0,3,4,16,0.1,owlv2
AOI_2_Vegas_img4008,AOI_2_Vegas,AOI_2_Vegas:-11521:3617,test,owlv2,blur_resize,fixed,0.6,0.25,0,0,4,5,0.0,owlv2
AOI_2_Vegas_img4008,AOI_2_Vegas,AOI_2_Vegas:-11521:3617,test,owlv2,blur_resize,fixed,0.9,0.25,0,0,4,0,0.0,owlv2
AOI_2_Vegas_img4008,AOI_2_Vegas,AOI_2_Vegas:-11521:3617,test,owlv2,blur_resize,fixed,1.2,0.25,0,0,4,1,0.0,owlv2
AOI_2_Vegas_img4008,AOI_2_Vegas,AOI_2_Vegas:-11521:3617,test,owlv2,blur_resize,fixed,1.8,0.25,0,0,4,1,0.0,owlv2
AOI_2_Vegas_img4008,AOI_2_Vegas,AOI_2_Vegas:-11521:3617,test,owlv2,blur_resize,fixed,2.4,0.25,0,0,4,1,0.0,owlv2
AOI_2_Vegas_img4008,AOI_2_Vegas,AOI_2_Vegas:-11521:3617,test,owlv2,blur_resize,fixed,3.6,0.25,0,0,4,1,0.0,owlv2
AOI_2_Vegas_img4008,AOI_2_Vegas,AOI_2_Vegas:-11521:3617,test,owlv2,blur_resize,fixed,5.0,0.25,0,0,4,10,0.0,owlv2
AOI_2_Vegas_img4008,AOI_2_Vegas,AOI_2_Vegas:-11521:3617,test,owlv2,blur_resize,fixed,10.0,0.25,0,0,4,1,0.0,owlv2
AOI_2_Vegas_img4012,AOI_2_Vegas,AOI_2_Vegas:-11521:3618,test,owlv2,blur_resize,fixed,0.3,0.25,0,1,0,0,0.0,owlv2
AOI_2_Vegas_img4012,AOI_2_Vegas,AOI_2_Vegas:-11521:3618,test,owlv2,blur_resize,fixed,0.45,0.25,0,0,0,0,0.0,owlv2
AOI_2_Vegas_img4012,AOI_2_Vegas,AOI_2_Vegas:-11521:3618,test,owlv2,blur_resize,fixed,0.6,0.25,0,0,0,0,0.0,owlv2
AOI_2_Vegas_img4012,AOI_2_Vegas,AOI_2_Vegas:-11521:3618,test,owlv2,blur_resize,fixed,0.9,0.25,0,0,0,0,0.0,owlv2
AOI_2_Vegas_img4012,AOI_2_Vegas,AOI_2_Vegas:-11521:3618,test,owlv2,blur_resize,fixed,1.2,0.25,0,0,0,0,0.0,owlv2
AOI_2_Vegas_img4012,AOI_2_Vegas,AOI_2_Vegas:-11521:3618,test,owlv2,blur_resize,fixed,1.8,0.25,0,0,0,0,0.0,owlv2
AOI_2_Vegas_img4012,AOI_2_Vegas,AOI_2_Vegas:-11521:3618,test,owlv2,blur_resize,fixed,2.4,0.25,0,0,0,0,0.0,owlv2
AOI_2_Vegas_img4012,AOI_2_Vegas,AOI_2_Vegas:-11521:3618,test,owlv2,blur_resize,fixed,3.6,0.25,0,0,0,0,0.0,owlv2
AOI_2_Vegas_img4012,AOI_2_Vegas,AOI_2_Vegas:-11521:3618,test,owlv2,blur_resize,fixed,5.0,0.25,0,0,0,0,0.0,owlv2
AOI_2_Vegas_img4012,AOI_2_Vegas,AOI_2_Vegas:-11521:3618,test,owlv2,blur_resize,fixed,10.0,0.25,0,0,0,0,0.0,owlv2
AOI_2_Vegas_img4113,AOI_2_Vegas,AOI_2_Vegas:-11521:3622,test,owlv2,blur_resize,fixed,0.3,0.25,34,287,41,62,18.9,owlv2
AOI_2_Vegas_img4113,AOI_2_Vegas,AOI_2_Vegas:-11521:3622,test,owlv2,blur_resize,fixed,0.45,0.25,33,112,41,40,13.75,owlv2
AOI_2_Vegas_img4113,AOI_2_Vegas,AOI_2_Vegas:-11521:3622,test,owlv2,blur_resize,fixed,0.6,0.25,30,79,41,37,13.4,owlv2
AOI_2_Vegas_img4113,AOI_2_Vegas,AOI_2_Vegas:-11521:3622,test,owlv2,blur_resize,fixed,0.9,0.25,29,44,41,28,7.4,owlv2
AOI_2_Vegas_img4113,AOI_2_Vegas,AOI_2_Vegas:-11521:3622,test,owlv2,blur_resize,fixed,1.2,0.25,29,37,41,31,6.65,owlv2
AOI_2_Vegas_img4113,AOI_2_Vegas,AOI_2_Vegas:-11521:3622,test,owlv2,blur_resize,fixed,1.8,0.25,27,35,41,23,6.85,owlv2
AOI_2_Vegas_img4113,AOI_2_Vegas,AOI_2_Vegas:-11521:3622,test,owlv2,blur_resize,fixed,2.4,0.25,13,16,41,21,3.45,owlv2
AOI_2_Vegas_img4113,AOI_2_Vegas,AOI_2_Vegas:-11521:3622,test,owlv2,blur_resize,fixed,3.6,0.25,0,0,41,2,0.0,owlv2
AOI_2_Vegas_img4113,AOI_2_Vegas,AOI_2_Vegas:-11521:3622,test,owlv2,blur_resize,fixed,5.0,0.25,0,0,41,0,0.0,owlv2
AOI_2_Vegas_img4113,AOI_2_Vegas,AOI_2_Vegas:-11521:3622,test,owlv2,blur_resize,fixed,10.0,0.25,0,0,41,0,0.0,owlv2
AOI_2_Vegas_img4146,AOI_2_Vegas,AOI_2_Vegas:-11521:3614,test,owlv2,blur_resize,fixed,0.3,0.25,49,269,66,62,22.35,owlv2
AOI_2_Vegas_img4146,AOI_2_Vegas,AOI_2_Vegas:-11521:3614,test,owlv2,blur_resize,fixed,0.45,0.25,40,173,66,49,18.9,owlv2
AOI_2_Vegas_img4146,AOI_2_Vegas,AOI_2_Vegas:-11521:3614,test,owlv2,blur_resize,fixed,0.6,0.25,36,126,66,40,16.5,owlv2
AOI_2_Vegas_img4146,AOI_2_Vegas,AOI_2_Vegas:-11521:3614,test,owlv2,blur_resize,fixed,0.9,0.25,35,133,66,42,16.8,owlv2
AOI_2_Vegas_img4146,AOI_2_Vegas,AOI_2_Vegas:-11521:3614,test,owlv2,blur_resize,fixed,1.2,0.25,35,109,66,43,16.25,owlv2
AOI_2_Vegas_img4146,AOI_2_Vegas,AOI_2_Vegas:-11521:3614,test,owlv2,blur_resize,fixed,1.8,0.25,20,43,66,27,7.6,owlv2
AOI_2_Vegas_img4146,AOI_2_Vegas,AOI_2_Vegas:-11521:3614,test,owlv2,blur_resize,fixed,2.4,0.25,2,6,66,9,1.2,owlv2
AOI_2_Vegas_img4146,AOI_2_Vegas,AOI_2_Vegas:-11521:3614,test,owlv2,blur_resize,fixed,3.6,0.25,0,0,66,0,0.0,owlv2
AOI_2_Vegas_img4146,AOI_2_Vegas,AOI_2_Vegas:-11521:3614,test,owlv2,blur_resize,fixed,5.0,0.25,0,0,66,0,0.0,owlv2
AOI_2_Vegas_img4146,AOI_2_Vegas,AOI_2_Vegas:-11521:3614,test,owlv2,blur_resize,fixed,10.0,0.25,0,0,66,0,0.0,owlv2
AOI_2_Vegas_img4155,AOI_2_Vegas,AOI_2_Vegas:-11521:3615,test,owlv2,blur_resize,fixed,0.3,0.25,0,1,1,4,0.0,owlv2
AOI_2_Vegas_img4155,AOI_2_Vegas,AOI_2_Vegas:-11521:3615,test,owlv2,blur_resize,fixed,0.45,0.25,0,1,1,0,0.0,owlv2
AOI_2_Vegas_img4155,AOI_2_Vegas,AOI_2_Vegas:-11521:3615,test,owlv2,blur_resize,fixed,0.6,0.25,0,0,1,0,0.0,owlv2
AOI_2_Vegas_img4155,AOI_2_Vegas,AOI_2_Vegas:-11521:3615,test,owlv2,blur_resize,fixed,0.9,0.25,0,0,1,0,0.0,owlv2
AOI_2_Vegas_img4155,AOI_2_Vegas,AOI_2_Vegas:-11521:3615,test,owlv2,blur_resize,fixed,1.2,0.25,0,0,1,0,0.0,owlv2
AOI_2_Vegas_img4155,AOI_2_Vegas,AOI_2_Vegas:-11521:3615,test,owlv2,blur_resize,fixed,1.8,0.25,0,0,1,0,0.0,owlv2
AOI_2_Vegas_img4155,AOI_2_Vegas,AOI_2_Vegas:-11521:3615,test,owlv2,blur_resize,fixed,2.4,0.25,0,0,1,0,0.0,owlv2
AOI_2_Vegas_img4155,AOI_2_Vegas,AOI_2_Vegas:-11521:3615,test,owlv2,blur_resize,fixed,3.6,0.25,0,0,1,0,0.0,owlv2
AOI_2_Vegas_img4155,AOI_2_Vegas,AOI_2_Vegas:-11521:3615,test,owlv2,blur_resize,fixed,5.0,0.25,0,0,1,0,0.0,owlv2
AOI_2_Vegas_img4155,AOI_2_Vegas,AOI_2_Vegas:-11521:3615,test,owlv2,blur_resize,fixed,10.0,0.25,0,0,1,0,0.0,owlv2
AOI_2_Vegas_img416,AOI_2_Vegas,AOI_2_Vegas:-11530:3616,test,owlv2,blur_resize,fixed,0.3,0.25,16,329,18,53,6.8,owlv2
AOI_2_Vegas_img416,AOI_2_Vegas,AOI_2_Vegas:-11530:3616,test,owlv2,blur_resize,fixed,0.45,0.25,13,115,18,33,4.3,owlv2
AOI_2_Vegas_img416,AOI_2_Vegas,AOI_2_Vegas:-11530:3616,test,owlv2,blur_resize,fixed,0.6,0.25,13,101,18,29,3.75,owlv2
AOI_2_Vegas_img416,AOI_2_Vegas,AOI_2_Vegas:-11530:3616,test,owlv2,blur_resize,fixed,0.9,0.25,10,72,18,28,3.15,owlv2
AOI_2_Vegas_img416,AOI_2_Vegas,AOI_2_Vegas:-11530:3616,test,owlv2,blur_resize,fixed,1.2,0.25,11,57,18,32,3.05,owlv2
AOI_2_Vegas_img416,AOI_2_Vegas,AOI_2_Vegas:-11530:3616,test,owlv2,blur_resize,fixed,1.8,0.25,10,48,18,19,1.95,owlv2
AOI_2_Vegas_img416,AOI_2_Vegas,AOI_2_Vegas:-11530:3616,test,owlv2,blur_resize,fixed,2.4,0.25,9,22,18,16,1.35,owlv2
AOI_2_Vegas_img416,AOI_2_Vegas,AOI_2_Vegas:-11530:3616,test,owlv2,blur_resize,fixed,3.6,0.25,0,0,18,6,0.0,owlv2
AOI_2_Vegas_img416,AOI_2_Vegas,AOI_2_Vegas:-11530:3616,test,owlv2,blur_resize,fixed,5.0,0.25,0,0,18,0,0.0,owlv2
AOI_2_Vegas_img416,AOI_2_Vegas,AOI_2_Vegas:-11530:3616,test,owlv2,blur_resize,fixed,10.0,0.25,0,0,18,0,0.0,owlv2
AOI_2_Vegas_img4169,AOI_2_Vegas,AOI_2_Vegas:-11521:3618,test,owlv2,blur_resize,fixed,0.3,0.25,0,5,0,0,0.0,owlv2
AOI_2_Vegas_img4169,AOI_2_Vegas,AOI_2_Vegas:-11521:3618,test,owlv2,blur_resize,fixed,0.45,0.25,0,0,0,0,0.0,owlv2
AOI_2_Vegas_img4169,AOI_2_Vegas,AOI_2_Vegas:-11521:3618,test,owlv2,blur_resize,fixed,0.6,0.25,0,0,0,0,0.0,owlv2
AOI_2_Vegas_img4169,AOI_2_Vegas,AOI_2_Vegas:-11521:3618,test,owlv2,blur_resize,fixed,0.9,0.25,0,0,0,0,0.0,owlv2
AOI_2_Vegas_img4169,AOI_2_Vegas,AOI_2_Vegas:-11521:3618,test,owlv2,blur_resize,fixed,1.2,0.25,0,0,0,0,0.0,owlv2
AOI_2_Vegas_img4169,AOI_2_Vegas,AOI_2_Vegas:-11521:3618,test,owlv2,blur_resize,fixed,1.8,0.25,0,0,0,0,0.0,owlv2
AOI_2_Vegas_img4169,AOI_2_Vegas,AOI_2_Vegas:-11521:3618,test,owlv2,blur_resize,fixed,2.4,0.25,0,0,0,0,0.0,owlv2
AOI_2_Vegas_img4169,AOI_2_Vegas,AOI_2_Vegas:-11521:3618,test,owlv2,blur_resize,fixed,3.6,0.25,0,0,0,0,0.0,owlv2
AOI_2_Vegas_img4169,AOI_2_Vegas,AOI_2_Vegas:-11521:3618,test,owlv2,blur_resize,fixed,5.0,0.25,0,0,0,0,0.0,owlv2
AOI_2_Vegas_img4169,AOI_2_Vegas,AOI_2_Vegas:-11521:3618,test,owlv2,blur_resize,fixed,10.0,0.25,0,0,0,0,0.0,owlv2
AOI_2_Vegas_img4176,AOI_2_Vegas,AOI_2_Vegas:-11521:3619,test,owlv2,blur_resize,fixed,0.3,0.25,56,353,63,91,27.35,owlv2
AOI_2_Vegas_img4176,AOI_2_Vegas,AOI_2_Vegas:-11521:3619,test,owlv2,blur_resize,fixed,0.45,0.25,52,177,63,50,20.8,owlv2
AOI_2_Vegas_img4176,AOI_2_Vegas,AOI_2_Vegas:-11521:3619,test,owlv2,blur_resize,fixed,0.6,0.25,42,101,63,37,14.6,owlv2
AOI_2_Vegas_img4176,AOI_2_Vegas,AOI_2_Vegas:-11521:3619,test,owlv2,blur_resize,fixed,0.9,0.25,29,60,63,35,11.95,owlv2
AOI_2_Vegas_img4176,AOI_2_Vegas,AOI_2_Vegas:-11521:3619,test,owlv2,blur_resize,fixed,1.2,0.25,24,40,63,32,8.8,owlv2
AOI_2_Vegas_img4176,AOI_2_Vegas,AOI_2_Vegas:-11521:3619,test,owlv2,blur_resize,fixed,1.8,0.25,15,22,63,14,5.05,owlv2
AOI_2_Vegas_img4176,AOI_2_Vegas,AOI_2_Vegas:-11521:3619,test,owlv2,blur_resize,fixed,2.4,0.25,6,8,63,8,2.45,owlv2
AOI_2_Vegas_img4176,AOI_2_Vegas,AOI_2_Vegas:-11521:3619,test,owlv2,blur_resize,fixed,3.6,0.25,0,0,63,1,0.0,owlv2
AOI_2_Vegas_img4176,AOI_2_Vegas,AOI_2_Vegas:-11521:3619,test,owlv2,blur_resize,fixed,5.0,0.25,0,0,63,0,0.0,owlv2
AOI_2_Vegas_img4176,AOI_2_Vegas,AOI_2_Vegas:-11521:3619,test,owlv2,blur_resize,fixed,10.0,0.25,0,0,63,0,0.0,owlv2
AOI_2_Vegas_img4187,AOI_2_Vegas,AOI_2_Vegas:-11521:3621,test,owlv2,blur_resize,fixed,0.3,0.25,0,1,0,0,0.0,owlv2
AOI_2_Vegas_img4187,AOI_2_Vegas,AOI_2_Vegas:-11521:3621,test,owlv2,blur_resize,fixed,0.45,0.25,0,0,0,0,0.0,owlv2
AOI_2_Vegas_img4187,AOI_2_Vegas,AOI_2_Vegas:-11521:3621,test,owlv2,blur_resize,fixed,0.6,0.25,0,0,0,0,0.0,owlv2
AOI_2_Vegas_img4187,AOI_2_Vegas,AOI_2_Vegas:-11521:3621,test,owlv2,blur_resize,fixed,0.9,0.25,0,0,0,0,0.0,owlv2
AOI_2_Vegas_img4187,AOI_2_Vegas,AOI_2_Vegas:-11521:3621,test,owlv2,blur_resize,fixed,1.2,0.25,0,0,0,0,0.0,owlv2
AOI_2_Vegas_img4187,AOI_2_Vegas,AOI_2_Vegas:-11521:3621,test,owlv2,blur_resize,fixed,1.8,0.25,0,0,0,0,0.0,owlv2
AOI_2_Vegas_img4187,AOI_2_Vegas,AOI_2_Vegas:-11521:3621,test,owlv2,blur_resize,fixed,2.4,0.25,0,0,0,0,0.0,owlv2
AOI_2_Vegas_img4187,AOI_2_Vegas,AOI_2_Vegas:-11521:3621,test,owlv2,blur_resize,fixed,3.6,0.25,0,0,0,0,0.0,owlv2
AOI_2_Vegas_img4187,AOI_2_Vegas,AOI_2_Vegas:-11521:3621,test,owlv2,blur_resize,fixed,5.0,0.25,0,0,0,0,0.0,owlv2
AOI_2_Vegas_img4187,AOI_2_Vegas,AOI_2_Vegas:-11521:3621,test,owlv2,blur_resize,fixed,10.0,0.25,0,0,0,0,0.0,owlv2
AOI_2_Vegas_img4206,AOI_2_Vegas,AOI_2_Vegas:-11521:3624,test,owlv2,blur_resize,fixed,0.3,0.25,34,269,47,50,17.05,owlv2
AOI_2_Vegas_img4206,AOI_2_Vegas,AOI_2_Vegas:-11521:3624,test,owlv2,blur_resize,fixed,0.45,0.25,29,162,47,45,14.25,owlv2
AOI_2_Vegas_img4206,AOI_2_Vegas,AOI_2_Vegas:-11521:3624,test,owlv2,blur_resize,fixed,0.6,0.25,26,136,47,42,12.9,owlv2
AOI_2_Vegas_img4206,AOI_2_Vegas,AOI_2_Vegas:-11521:3624,test,owlv2,blur_resize,fixed,0.9,0.25,23,119,47,49,13.15,owlv2
AOI_2_Vegas_img4206,AOI_2_Vegas,AOI_2_Vegas:-11521:3624,test,owlv2,blur_resize,fixed,1.2,0.25,23,86,47,50,10.4,owlv2
AOI_2_Vegas_img4206,AOI_2_Vegas,AOI_2_Vegas:-11521:3624,test,owlv2,blur_resize,fixed,1.8,0.25,20,38,47,37,5.95,owlv2
AOI_2_Vegas_img4206,AOI_2_Vegas,AOI_2_Vegas:-11521:3624,test,owlv2,blur_resize,fixed,2.4,0.25,12,18,47,22,2.85,owlv2
AOI_2_Vegas_img4206,AOI_2_Vegas,AOI_2_Vegas:-11521:3624,test,owlv2,blur_resize,fixed,3.6,0.25,1,1,47,17,0.35,owlv2
AOI_2_Vegas_img4206,AOI_2_Vegas,AOI_2_Vegas:-11521:3624,test,owlv2,blur_resize,fixed,5.0,0.25,0,0,47,5,0.0,owlv2
AOI_2_Vegas_img4206,AOI_2_Vegas,AOI_2_Vegas:-11521:3624,test,owlv2,blur_resize,fixed,10.0,0.25,0,0,47,0,0.0,owlv2
AOI_2_Vegas_img4218,AOI_2_Vegas,AOI_2_Vegas:-11520:3612,test,owlv2,blur_resize,fixed,0.3,0.25,19,92,26,30,5.85,owlv2
AOI_2_Vegas_img4218,AOI_2_Vegas,AOI_2_Vegas:-11520:3612,test,owlv2,blur_resize,fixed,0.45,0.25,8,22,26,18,2.1,owlv2
AOI_2_Vegas_img4218,AOI_2_Vegas,AOI_2_Vegas:-11520:3612,test,owlv2,blur_resize,fixed,0.6,0.25,3,6,26,12,0.8,owlv2
AOI_2_Vegas_img4218,AOI_2_Vegas,AOI_2_Vegas:-11520:3612,test,owlv2,blur_resize,fixed,0.9,0.25,4,7,26,12,1.05,owlv2
AOI_2_Vegas_img4218,AOI_2_Vegas,AOI_2_Vegas:-11520:3612,test,owlv2,blur_resize,fixed,1.2,0.25,6,11,26,13,1.05,owlv2
AOI_2_Vegas_img4218,AOI_2_Vegas,AOI_2_Vegas:-11520:3612,test,owlv2,blur_resize,fixed,1.8,0.25,0,0,26,13,0.0,owlv2
AOI_2_Vegas_img4218,AOI_2_Vegas,AOI_2_Vegas:-11520:3612,test,owlv2,blur_resize,fixed,2.4,0.25,0,0,26,6,0.0,owlv2
AOI_2_Vegas_img4218,AOI_2_Vegas,AOI_2_Vegas:-11520:3612,test,owlv2,blur_resize,fixed,3.6,0.25,0,0,26,2,0.0,owlv2
AOI_2_Vegas_img4218,AOI_2_Vegas,AOI_2_Vegas:-11520:3612,test,owlv2,blur_resize,fixed,5.0,0.25,0,0,26,4,0.0,owlv2
AOI_2_Vegas_img4218,AOI_2_Vegas,AOI_2_Vegas:-11520:3612,test,owlv2,blur_resize,fixed,10.0,0.25,0,0,26,2,0.0,owlv2
AOI_2_Vegas_img4238,AOI_2_Vegas,AOI_2_Vegas:-11520:3616,test,owlv2,blur_resize,fixed,0.3,0.25,64,330,77,59,26.55,owlv2
AOI_2_Vegas_img4238,AOI_2_Vegas,AOI_2_Vegas:-11520:3616,test,owlv2,blur_resize,fixed,0.45,0.25,49,124,77,39,16.7,owlv2
AOI_2_Vegas_img4238,AOI_2_Vegas,AOI_2_Vegas:-11520:3616,test,owlv2,blur_resize,fixed,0.6,0.25,42,78,77,37,12.05,owlv2
AOI_2_Vegas_img4238,AOI_2_Vegas,AOI_2_Vegas:-11520:3616,test,owlv2,blur_resize,fixed,0.9,0.25,36,54,77,32,10.35,owlv2
AOI_2_Vegas_img4238,AOI_2_Vegas,AOI_2_Vegas:-11520:3616,test,owlv2,blur_resize,fixed,1.2,0.25,38,56,77,24,9.55,owlv2
AOI_2_Vegas_img4238,AOI_2_Vegas,AOI_2_Vegas:-11520:3616,test,owlv2,blur_resize,fixed,1.8,0.25,29,31,77,24,6.15,owlv2
AOI_2_Vegas_img4238,AOI_2_Vegas,AOI_2_Vegas:-11520:3616,test,owlv2,blur_resize,fixed,2.4,0.25,0,1,77,0,0.0,owlv2
AOI_2_Vegas_img4238,AOI_2_Vegas,AOI_2_Vegas:-11520:3616,test,owlv2,blur_resize,fixed,3.6,0.25,0,0,77,0,0.0,owlv2
AOI_2_Vegas_img4238,AOI_2_Vegas,AOI_2_Vegas:-11520:3616,test,owlv2,blur_resize,fixed,5.0,0.25,0,0,77,0,0.0,owlv2
AOI_2_Vegas_img4238,AOI_2_Vegas,AOI_2_Vegas:-11520:3616,test,owlv2,blur_resize,fixed,10.0,0.25,0,0,77,0,0.0,owlv2
AOI_2_Vegas_img4249,AOI_2_Vegas,AOI_2_Vegas:-11520:3618,test,owlv2,blur_resize,fixed,0.3,0.25,1,47,1,24,0.05,owlv2
AOI_2_Vegas_img4249,AOI_2_Vegas,AOI_2_Vegas:-11520:3618,test,owlv2,blur_resize,fixed,0.45,0.25,1,32,1,17,0.05,owlv2
AOI_2_Vegas_img4249,AOI_2_Vegas,AOI_2_Vegas:-11520:3618,test,owlv2,blur_resize,fixed,0.6,0.25,1,27,1,15,0.2,owlv2
AOI_2_Vegas_img4249,AOI_2_Vegas,AOI_2_Vegas:-11520:3618,test,owlv2,blur_resize,fixed,0.9,0.25,1,16,1,11,0.1,owlv2
AOI_2_Vegas_img4249,AOI_2_Vegas,AOI_2_Vegas:-11520:3618,test,owlv2,blur_resize,fixed,1.2,0.25,0,8,1,10,0.0,owlv2
AOI_2_Vegas_img4249,AOI_2_Vegas,AOI_2_Vegas:-11520:3618,test,owlv2,blur_resize,fixed,1.8,0.25,0,3,1,8,0.0,owlv2
AOI_2_Vegas_img4249,AOI_2_Vegas,AOI_2_Vegas:-11520:3618,test,owlv2,blur_resize,fixed,2.4,0.25,0,0,1,9,0.0,owlv2
AOI_2_Vegas_img4249,AOI_2_Vegas,AOI_2_Vegas:-11520:3618,test,owlv2,blur_resize,fixed,3.6,0.25,0,0,1,3,0.0,owlv2
AOI_2_Vegas_img4249,AOI_2_Vegas,AOI_2_Vegas:-11520:3618,test,owlv2,blur_resize,fixed,5.0,0.25,0,0,1,2,0.0,owlv2
AOI_2_Vegas_img4249,AOI_2_Vegas,AOI_2_Vegas:-11520:3618,test,owlv2,blur_resize,fixed,10.0,0.25,0,0,1,0,0.0,owlv2
AOI_2_Vegas_img4264,AOI_2_Vegas,AOI_2_Vegas:-11520:3620,test,owlv2,blur_resize,fixed,0.3,0.25,2,20,7,9,0.25,owlv2
AOI_2_Vegas_img4264,AOI_2_Vegas,AOI_2_Vegas:-11520:3620,test,owlv2,blur_resize,fixed,0.45,0.25,1,5,7,3,0.0,owlv2
AOI_2_Vegas_img4264,AOI_2_Vegas,AOI_2_Vegas:-11520:3620,test,owlv2,blur_resize,fixed,0.6,0.25,1,5,7,3,0.05,owlv2
AOI_2_Vegas_img4264,AOI_2_Vegas,AOI_2_Vegas:-11520:3620,test,owlv2,blur_resize,fixed,0.9,0.25,1,9,7,6,0.25,owlv2
AOI_2_Vegas_img4264,AOI_2_Vegas,AOI_2_Vegas:-11520:3620,test,owlv2,blur_resize,fixed,1.2,0.25,0,3,7,4,0.05,owlv2
AOI_2_Vegas_img4264,AOI_2_Vegas,AOI_2_Vegas:-11520:3620,test,owlv2,blur_resize,fixed,1.8,0.25,2,4,7,7,0.1,owlv2
AOI_2_Vegas_img4264,AOI_2_Vegas,AOI_2_Vegas:-11520:3620,test,owlv2,blur_resize,fixed,2.4,0.25,0,2,7,7,0.05,owlv2
AOI_2_Vegas_img4264,AOI_2_Vegas,AOI_2_Vegas:-11520:3620,test,owlv2,blur_resize,fixed,3.6,0.25,0,1,7,5,0.05,owlv2
AOI_2_Vegas_img4264,AOI_2_Vegas,AOI_2_Vegas:-11520:3620,test,owlv2,blur_resize,fixed,5.0,0.25,0,0,7,0,0.0,owlv2
AOI_2_Vegas_img4264,AOI_2_Vegas,AOI_2_Vegas:-11520:3620,test,owlv2,blur_resize,fixed,10.0,0.25,0,0,7,0,0.0,owlv2
AOI_2_Vegas_img4266,AOI_2_Vegas,AOI_2_Vegas:-11520:3621,test,owlv2,blur_resize,fixed,0.3,0.25,0,1,0,0,0.0,owlv2
AOI_2_Vegas_img4266,AOI_2_Vegas,AOI_2_Vegas:-11520:3621,test,owlv2,blur_resize,fixed,0.45,0.25,0,0,0,0,0.0,owlv2
AOI_2_Vegas_img4266,AOI_2_Vegas,AOI_2_Vegas:-11520:3621,test,owlv2,blur_resize,fixed,0.6,0.25,0,0,0,0,0.0,owlv2
AOI_2_Vegas_img4266,AOI_2_Vegas,AOI_2_Vegas:-11520:3621,test,owlv2,blur_resize,fixed,0.9,0.25,0,0,0,0,0.0,owlv2
AOI_2_Vegas_img4266,AOI_2_Vegas,AOI_2_Vegas:-11520:3621,test,owlv2,blur_resize,fixed,1.2,0.25,0,0,0,0,0.0,owlv2
AOI_2_Vegas_img4266,AOI_2_Vegas,AOI_2_Vegas:-11520:3621,test,owlv2,blur_resize,fixed,1.8,0.25,0,0,0,0,0.0,owlv2
AOI_2_Vegas_img4266,AOI_2_Vegas,AOI_2_Vegas:-11520:3621,test,owlv2,blur_resize,fixed,2.4,0.25,0,0,0,0,0.0,owlv2
AOI_2_Vegas_img4266,AOI_2_Vegas,AOI_2_Vegas:-11520:3621,test,owlv2,blur_resize,fixed,3.6,0.25,0,0,0,0,0.0,owlv2
AOI_2_Vegas_img4266,AOI_2_Vegas,AOI_2_Vegas:-11520:3621,test,owlv2,blur_resize,fixed,5.0,0.25,0,0,0,0,0.0,owlv2
AOI_2_Vegas_img4266,AOI_2_Vegas,AOI_2_Vegas:-11520:3621,test,owlv2,blur_resize,fixed,10.0,0.25,0,0,0,0,0.0,owlv2
AOI_2_Vegas_img4279,AOI_2_Vegas,AOI_2_Vegas:-11520:3623,test,owlv2,blur_resize,fixed,0.3,0.25,52,333,58,63,24.15,owlv2
AOI_2_Vegas_img4279,AOI_2_Vegas,AOI_2_Vegas:-11520:3623,test,owlv2,blur_resize,fixed,0.45,0.25,45,141,58,40,15.6,owlv2
AOI_2_Vegas_img4279,AOI_2_Vegas,AOI_2_Vegas:-11520:3623,test,owlv2,blur_resize,fixed,0.6,0.25,37,79,58,23,11.85,owlv2
AOI_2_Vegas_img4279,AOI_2_Vegas,AOI_2_Vegas:-11520:3623,test,owlv2,blur_resize,fixed,0.9,0.25,33,67,58,26,10.5,owlv2
AOI_2_Vegas_img4279,AOI_2_Vegas,AOI_2_Vegas:-11520:3623,test,owlv2,blur_resize,fixed,1.2,0.25,32,61,58,27,11.15,owlv2
AOI_2_Vegas_img4279,AOI_2_Vegas,AOI_2_Vegas:-11520:3623,test,owlv2,blur_resize,fixed,1.8,0.25,25,38,58,27,7.3,owlv2
AOI_2_Vegas_img4279,AOI_2_Vegas,AOI_2_Vegas:-11520:3623,test,owlv2,blur_resize,fixed,2.4,0.25,21,25,58,12,5.6,owlv2
AOI_2_Vegas_img4279,AOI_2_Vegas,AOI_2_Vegas:-11520:3623,test,owlv2,blur_resize,fixed,3.6,0.25,0,0,58,0,0.0,owlv2
AOI_2_Vegas_img4279,AOI_2_Vegas,AOI_2_Vegas:-11520:3623,test,owlv2,blur_resize,fixed,5.0,0.25,0,0,58,0,0.0,owlv2
AOI_2_Vegas_img4279,AOI_2_Vegas,AOI_2_Vegas:-11520:3623,test,owlv2,blur_resize,fixed,10.0,0.25,0,0,58,0,0.0,owlv2
AOI_2_Vegas_img4287,AOI_2_Vegas,AOI_2_Vegas:-11520:3625,test,owlv2,blur_resize,fixed,0.3,0.25,48,318,56,53,26.0,owlv2
AOI_2_Vegas_img4287,AOI_2_Vegas,AOI_2_Vegas:-11520:3625,test,owlv2,blur_resize,fixed,0.45,0.25,41,156,56,35,20.2,owlv2
AOI_2_Vegas_img4287,AOI_2_Vegas,AOI_2_Vegas:-11520:3625,test,owlv2,blur_resize,fixed,0.6,0.25,41,110,56,24,18.9,owlv2
AOI_2_Vegas_img4287,AOI_2_Vegas,AOI_2_Vegas:-11520:3625,test,owlv2,blur_resize,fixed,0.9,0.25,29,43,56,13,10.75,owlv2
AOI_2_Vegas_img4287,AOI_2_Vegas,AOI_2_Vegas:-11520:3625,test,owlv2,blur_resize,fixed,1.2,0.25,23,44,56,14,11.1,owlv2
AOI_2_Vegas_img4287,AOI_2_Vegas,AOI_2_Vegas:-11520:3625,test,owlv2,blur_resize,fixed,1.8,0.25,15,18,56,22,4.1,owlv2
AOI_2_Vegas_img4287,AOI_2_Vegas,AOI_2_Vegas:-11520:3625,test,owlv2,blur_resize,fixed,2.4,0.25,1,1,56,1,0.25,owlv2
AOI_2_Vegas_img4287,AOI_2_Vegas,AOI_2_Vegas:-11520:3625,test,owlv2,blur_resize,fixed,3.6,0.25,0,0,56,1,0.0,owlv2
AOI_2_Vegas_img4287,AOI_2_Vegas,AOI_2_Vegas:-11520:3625,test,owlv2,blur_resize,fixed,5.0,0.25,0,0,56,1,0.0,owlv2
AOI_2_Vegas_img4287,AOI_2_Vegas,AOI_2_Vegas:-11520:3625,test,owlv2,blur_resize,fixed,10.0,0.25,0,0,56,0,0.0,owlv2
AOI_2_Vegas_img4316,AOI_2_Vegas,AOI_2_Vegas:-11520:3616,test,owlv2,blur_resize,fixed,0.3,0.25,46,334,57,57,20.1,owlv2
AOI_2_Vegas_img4316,AOI_2_Vegas,AOI_2_Vegas:-11520:3616,test,owlv2,blur_resize,fixed,0.45,0.25,36,107,57,45,13.0,owlv2
AOI_2_Vegas_img4316,AOI_2_Vegas,AOI_2_Vegas:-11520:3616,test,owlv2,blur_resize,fixed,0.6,0.25,29,67,57,39,9.9,owlv2
AOI_2_Vegas_img4316,AOI_2_Vegas,AOI_2_Vegas:-11520:3616,test,owlv2,blur_resize,fixed,0.9,0.25,29,69,57,38,9.4,owlv2
AOI_2_Vegas_img4316,AOI_2_Vegas,AOI_2_Vegas:-11520:3616,test,owlv2,blur_resize,fixed,1.2,0.25,27,61,57,29,9.15,owlv2
AOI_2_Vegas_img4316,AOI_2_Vegas,AOI_2_Vegas:-11520:3616,test,owlv2,blur_resize,fixed,1.8,0.25,20,24,57,10,4.6,owlv2
AOI_2_Vegas_img4316,AOI_2_Vegas,AOI_2_Vegas:-11520:3616,test,owlv2,blur_resize,fixed,2.4,0.25,0,0,57,0,0.0,owlv2
AOI_2_Vegas_img4316,AOI_2_Vegas,AOI_2_Vegas:-11520:3616,test,owlv2,blur_resize,fixed,3.6,0.25,0,0,57,0,0.0,owlv2
AOI_2_Vegas_img4316,AOI_2_Vegas,AOI_2_Vegas:-11520:3616,test,owlv2,blur_resize,fixed,5.0,0.25,0,0,57,0,0.0,owlv2
AOI_2_Vegas_img4316,AOI_2_Vegas,AOI_2_Vegas:-11520:3616,test,owlv2,blur_resize,fixed,10.0,0.25,0,0,57,0,0.0,owlv2
AOI_2_Vegas_img4325,AOI_2_Vegas,AOI_2_Vegas:-11520:3617,test,owlv2,blur_resize,fixed,0.3,0.25,47,243,57,42,26.3,owlv2
AOI_2_Vegas_img4325,AOI_2_Vegas,AOI_2_Vegas:-11520:3617,test,owlv2,blur_resize,fixed,0.45,0.25,39,120,57,40,19.9,owlv2
AOI_2_Vegas_img4325,AOI_2_Vegas,AOI_2_Vegas:-11520:3617,test,owlv2,blur_resize,fixed,0.6,0.25,34,81,57,38,15.7,owlv2
AOI_2_Vegas_img4325,AOI_2_Vegas,AOI_2_Vegas:-11520:3617,test,owlv2,blur_resize,fixed,0.9,0.25,31,65,57,37,13.95,owlv2
AOI_2_Vegas_img4325,AOI_2_Vegas,AOI_2_Vegas:-11520:3617,test,owlv2,blur_resize,fixed,1.2,0.25,22,48,57,32,10.65,owlv2
AOI_2_Vegas_img4325,AOI_2_Vegas,AOI_2_Vegas:-11520:3617,test,owlv2,blur_resize,fixed,1.8,0.25,14,22,57,22,5.55,owlv2
AOI_2_Vegas_img4325,AOI_2_Vegas,AOI_2_Vegas:-11520:3617,test,owlv2,blur_resize,fixed,2.4,0.25,1,3,57,8,1.1,owlv2
AOI_2_Vegas_img4325,AOI_2_Vegas,AOI_2_Vegas:-11520:3617,test,owlv2,blur_resize,fixed,3.6,0.25,0,0,57,0,0.0,owlv2
AOI_2_Vegas_img4325,AOI_2_Vegas,AOI_2_Vegas:-11520:3617,test,owlv2,blur_resize,fixed,5.0,0.25,0,0,57,0,0.0,owlv2
AOI_2_Vegas_img4325,AOI_2_Vegas,AOI_2_Vegas:-11520:3617,test,owlv2,blur_resize,fixed,10.0,0.25,0,0,57,0,0.0,owlv2
AOI_2_Vegas_img4329,AOI_2_Vegas,AOI_2_Vegas:-11520:3618,test,owlv2,blur_resize,fixed,0.3,0.25,0,6,0,0,0.0,owlv2
AOI_2_Vegas_img4329,AOI_2_Vegas,AOI_2_Vegas:-11520:3618,test,owlv2,blur_resize,fixed,0.45,0.25,0,0,0,0,0.0,owlv2
AOI_2_Vegas_img4329,AOI_2_Vegas,AOI_2_Vegas:-11520:3618,test,owlv2,blur_resize,fixed,0.6,0.25,0,0,0,0,0.0,owlv2
AOI_2_Vegas_img4329,AOI_2_Vegas,AOI_2_Vegas:-11520:3618,test,owlv2,blur_resize,fixed,0.9,0.25,0,0,0,0,0.0,owlv2
AOI_2_Vegas_img4329,AOI_2_Vegas,AOI_2_Vegas:-11520:3618,test,owlv2,blur_resize,fixed,1.2,0.25,0,0,0,0,0.0,owlv2
AOI_2_Vegas_img4329,AOI_2_Vegas,AOI_2_Vegas:-11520:3618,test,owlv2,blur_resize,fixed,1.8,0.25,0,0,0,0,0.0,owlv2
AOI_2_Vegas_img4329,AOI_2_Vegas,AOI_2_Vegas:-11520:3618,test,owlv2,blur_resize,fixed,2.4,0.25,0,0,0,0,0.0,owlv2
AOI_2_Vegas_img4329,AOI_2_Vegas,AOI_2_Vegas:-11520:3618,test,owlv2,blur_resize,fixed,3.6,0.25,0,0,0,0,0.0,owlv2
AOI_2_Vegas_img4329,AOI_2_Vegas,AOI_2_Vegas:-11520:3618,test,owlv2,blur_resize,fixed,5.0,0.25,0,0,0,0,0.0,owlv2
AOI_2_Vegas_img4329,AOI_2_Vegas,AOI_2_Vegas:-11520:3618,test,owlv2,blur_resize,fixed,10.0,0.25,0,0,0,0,0.0,owlv2
AOI_2_Vegas_img4331,AOI_2_Vegas,AOI_2_Vegas:-11520:3618,test,owlv2,blur_resize,fixed,0.3,0.25,16,89,23,48,4.4,owlv2
AOI_2_Vegas_img4331,AOI_2_Vegas,AOI_2_Vegas:-11520:3618,test,owlv2,blur_resize,fixed,0.45,0.25,12,52,23,40,3.9,owlv2
AOI_2_Vegas_img4331,AOI_2_Vegas,AOI_2_Vegas:-11520:3618,test,owlv2,blur_resize,fixed,0.6,0.25,10,39,23,38,3.4,owlv2
AOI_2_Vegas_img4331,AOI_2_Vegas,AOI_2_Vegas:-11520:3618,test,owlv2,blur_resize,fixed,0.9,0.25,9,39,23,39,4.3,owlv2
AOI_2_Vegas_img4331,AOI_2_Vegas,AOI_2_Vegas:-11520:3618,test,owlv2,blur_resize,fixed,1.2,0.25,6,36,23,45,3.5,owlv2
AOI_2_Vegas_img4331,AOI_2_Vegas,AOI_2_Vegas:-11520:3618,test,owlv2,blur_resize,fixed,1.8,0.25,7,26,23,36,3.25,owlv2
AOI_2_Vegas_img4331,AOI_2_Vegas,AOI_2_Vegas:-11520:3618,test,owlv2,blur_resize,fixed,2.4,0.25,4,19,23,35,2.4,owlv2
AOI_2_Vegas_img4331,AOI_2_Vegas,AOI_2_Vegas:-11520:3618,test,owlv2,blur_resize,fixed,3.6,0.25,1,1,23,22,0.2,owlv2
AOI_2_Vegas_img4331,AOI_2_Vegas,AOI_2_Vegas:-11520:3618,test,owlv2,blur_resize,fixed,5.0,0.25,0,0,23,5,0.0,owlv2
AOI_2_Vegas_img4331,AOI_2_Vegas,AOI_2_Vegas:-11520:3618,test,owlv2,blur_resize,fixed,10.0,0.25,0,0,23,0,0.0,owlv2
AOI_2_Vegas_img4337,AOI_2_Vegas,AOI_2_Vegas:-11520:3619,test,owlv2,blur_resize,fixed,0.3,0.25,19,196,25,56,5.6,owlv2
AOI_2_Vegas_img4337,AOI_2_Vegas,AOI_2_Vegas:-11520:3619,test,owlv2,blur_resize,fixed,0.45,0.25,12,64,25,35,2.1,owlv2
AOI_2_Vegas_img4337,AOI_2_Vegas,AOI_2_Vegas:-11520:3619,test,owlv2,blur_resize,fixed,0.6,0.25,12,71,25,36,4.15,owlv2
AOI_2_Vegas_img4337,AOI_2_Vegas,AOI_2_Vegas:-11520:3619,test,owlv2,blur_resize,fixed,0.9,0.25,11,41,25,28,2.5,owlv2
AOI_2_Vegas_img4337,AOI_2_Vegas,AOI_2_Vegas:-11520:3619,test,owlv2,blur_resize,fixed,1.2,0.25,11,29,25,24,2.5,owlv2
AOI_2_Vegas_img4337,AOI_2_Vegas,AOI_2_Vegas:-11520:3619,test,owlv2,blur_resize,fixed,1.8,0.25,13,32,25,30,2.45,owlv2
AOI_2_Vegas_img4337,AOI_2_Vegas,AOI_2_Vegas:-11520:3619,test,owlv2,blur_resize,fixed,2.4,0.25,9,15,25,27,1.6,owlv2
AOI_2_Vegas_img4337,AOI_2_Vegas,AOI_2_Vegas:-11520:3619,test,owlv2,blur_resize,fixed,3.6,0.25,0,0,25,8,0.0,owlv2
AOI_2_Vegas_img4337,AOI_2_Vegas,AOI_2_Vegas:-11520:3619,test,owlv2,blur_resize,fixed,5.0,0.25,0,0,25,0,0.0,owlv2
AOI_2_Vegas_img4337,AOI_2_Vegas,AOI_2_Vegas:-11520:3619,test,owlv2,blur_resize,fixed,10.0,0.25,0,0,25,0,0.0,owlv2
AOI_2_Vegas_img4353,AOI_2_Vegas,AOI_2_Vegas:-11520:3622,test,owlv2,blur_resize,fixed,0.3,0.25,21,150,23,39,8.2,owlv2
AOI_2_Vegas_img4353,AOI_2_Vegas,AOI_2_Vegas:-11520:3622,test,owlv2,blur_resize,fixed,0.45,0.25,17,80,23,30,6.45,owlv2
AOI_2_Vegas_img4353,AOI_2_Vegas,AOI_2_Vegas:-11520:3622,test,owlv2,blur_resize,fixed,0.6,0.25,16,60,23,29,5.95,owlv2
AOI_2_Vegas_img4353,AOI_2_Vegas,AOI_2_Vegas:-11520:3622,test,owlv2,blur_resize,fixed,0.9,0.25,14,41,23,24,4.75,owlv2
AOI_2_Vegas_img4353,AOI_2_Vegas,AOI_2_Vegas:-11520:3622,test,owlv2,blur_resize,fixed,1.2,0.25,14,34,23,29,4.45,owlv2
AOI_2_Vegas_img4353,AOI_2_Vegas,AOI_2_Vegas:-11520:3622,test,owlv2,blur_resize,fixed,1.8,0.25,10,16,23,32,2.45,owlv2
AOI_2_Vegas_img4353,AOI_2_Vegas,AOI_2_Vegas:-11520:3622,test,owlv2,blur_resize,fixed,2.4,0.25,10,10,23,25,1.2,owlv2
AOI_2_Vegas_img4353,AOI_2_Vegas,AOI_2_Vegas:-11520:3622,test,owlv2,blur_resize,fixed,3.6,0.25,0,0,23,1,0.0,owlv2
AOI_2_Vegas_img4353,AOI_2_Vegas,AOI_2_Vegas:-11520:3622,test,owlv2,blur_resize,fixed,5.0,0.25,0,0,23,2,0.0,owlv2
AOI_2_Vegas_img4353,AOI_2_Vegas,AOI_2_Vegas:-11520:3622,test,owlv2,blur_resize,fixed,10.0,0.25,0,0,23,0,0.0,owlv2
AOI_2_Vegas_img4369,AOI_2_Vegas,AOI_2_Vegas:-11520:3625,test,owlv2,blur_resize,fixed,0.3,0.25,36,141,45,43,14.8,owlv2
AOI_2_Vegas_img4369,AOI_2_Vegas,AOI_2_Vegas:-11520:3625,test,owlv2,blur_resize,fixed,0.45,0.25,33,101,45,44,12.2,owlv2
AOI_2_Vegas_img4369,AOI_2_Vegas,AOI_2_Vegas:-11520:3625,test,owlv2,blur_resize,fixed,0.6,0.25,31,64,45,35,9.65,owlv2
AOI_2_Vegas_img4369,AOI_2_Vegas,AOI_2_Vegas:-11520:3625,test,owlv2,blur_resize,fixed,0.9,0.25,29,49,45,36,8.1,owlv2
AOI_2_Vegas_img4369,AOI_2_Vegas,AOI_2_Vegas:-11520:3625,test,owlv2,blur_resize,fixed,1.2,0.25,28,54,45,31,7.8,owlv2
AOI_2_Vegas_img4369,AOI_2_Vegas,AOI_2_Vegas:-11520:3625,test,owlv2,blur_resize,fixed,1.8,0.25,24,29,45,15,5.45,owlv2
AOI_2_Vegas_img4369,AOI_2_Vegas,AOI_2_Vegas:-11520:3625,test,owlv2,blur_resize,fixed,2.4,0.25,7,8,45,6,1.45,owlv2
AOI_2_Vegas_img4369,AOI_2_Vegas,AOI_2_Vegas:-11520:3625,test,owlv2,blur_resize,fixed,3.6,0.25,0,0,45,0,0.0,owlv2
AOI_2_Vegas_img4369,AOI_2_Vegas,AOI_2_Vegas:-11520:3625,test,owlv2,blur_resize,fixed,5.0,0.25,0,0,45,0,0.0,owlv2
AOI_2_Vegas_img4369,AOI_2_Vegas,AOI_2_Vegas:-11520:3625,test,owlv2,blur_resize,fixed,10.0,0.25,0,0,45,0,0.0,owlv2
AOI_2_Vegas_img4402,AOI_2_Vegas,AOI_2_Vegas:-11520:3617,test,owlv2,blur_resize,fixed,0.3,0.25,0,11,0,5,0.0,owlv2
AOI_2_Vegas_img4402,AOI_2_Vegas,AOI_2_Vegas:-11520:3617,test,owlv2,blur_resize,fixed,0.45,0.25,0,0,0,2,0.0,owlv2
AOI_2_Vegas_img4402,AOI_2_Vegas,AOI_2_Vegas:-11520:3617,test,owlv2,blur_resize,fixed,0.6,0.25,0,0,0,2,0.0,owlv2
AOI_2_Vegas_img4402,AOI_2_Vegas,AOI_2_Vegas:-11520:3617,test,owlv2,blur_resize,fixed,0.9,0.25,0,0,0,1,0.0,owlv2
AOI_2_Vegas_img4402,AOI_2_Vegas,AOI_2_Vegas:-11520:3617,test,owlv2,blur_resize,fixed,1.2,0.25,0,1,0,1,0.0,owlv2
AOI_2_Vegas_img4402,AOI_2_Vegas,AOI_2_Vegas:-11520:3617,test,owlv2,blur_resize,fixed,1.8,0.25,0,1,0,1,0.0,owlv2
AOI_2_Vegas_img4402,AOI_2_Vegas,AOI_2_Vegas:-11520:3617,test,owlv2,blur_resize,fixed,2.4,0.25,0,1,0,1,0.0,owlv2
AOI_2_Vegas_img4402,AOI_2_Vegas,AOI_2_Vegas:-11520:3617,test,owlv2,blur_resize,fixed,3.6,0.25,0,0,0,0,0.0,owlv2
AOI_2_Vegas_img4402,AOI_2_Vegas,AOI_2_Vegas:-11520:3617,test,owlv2,blur_resize,fixed,5.0,0.25,0,0,0,2,0.0,owlv2
AOI_2_Vegas_img4402,AOI_2_Vegas,AOI_2_Vegas:-11520:3617,test,owlv2,blur_resize,fixed,10.0,0.25,0,0,0,0,0.0,owlv2
AOI_2_Vegas_img4447,AOI_2_Vegas,AOI_2_Vegas:-11520:3625,test,owlv2,blur_resize,fixed,0.3,0.25,13,144,15,44,3.25,owlv2
AOI_2_Vegas_img4447,AOI_2_Vegas,AOI_2_Vegas:-11520:3625,test,owlv2,blur_resize,fixed,0.45,0.25,12,71,15,35,2.0,owlv2
AOI_2_Vegas_img4447,AOI_2_Vegas,AOI_2_Vegas:-11520:3625,test,owlv2,blur_resize,fixed,0.6,0.25,13,37,15,38,1.6,owlv2
AOI_2_Vegas_img4447,AOI_2_Vegas,AOI_2_Vegas:-11520:3625,test,owlv2,blur_resize,fixed,0.9,0.25,11,30,15,41,1.35,owlv2
AOI_2_Vegas_img4447,AOI_2_Vegas,AOI_2_Vegas:-11520:3625,test,owlv2,blur_resize,fixed,1.2,0.25,10,27,15,36,1.4,owlv2
AOI_2_Vegas_img4447,AOI_2_Vegas,AOI_2_Vegas:-11520:3625,test,owlv2,blur_resize,fixed,1.8,0.25,6,18,15,34,1.05,owlv2
AOI_2_Vegas_img4447,AOI_2_Vegas,AOI_2_Vegas:-11520:3625,test,owlv2,blur_resize,fixed,2.4,0.25,2,4,15,27,0.15,owlv2
AOI_2_Vegas_img4447,AOI_2_Vegas,AOI_2_Vegas:-11520:3625,test,owlv2,blur_resize,fixed,3.6,0.25,0,0,15,0,0.0,owlv2
AOI_2_Vegas_img4447,AOI_2_Vegas,AOI_2_Vegas:-11520:3625,test,owlv2,blur_resize,fixed,5.0,0.25,0,0,15,6,0.0,owlv2
AOI_2_Vegas_img4447,AOI_2_Vegas,AOI_2_Vegas:-11520:3625,test,owlv2,blur_resize,fixed,10.0,0.25,0,0,15,0,0.0,owlv2
AOI_2_Vegas_img4468,AOI_2_Vegas,AOI_2_Vegas:-11520:3615,test,owlv2,blur_resize,fixed,0.3,0.25,27,180,28,53,11.5,owlv2
AOI_2_Vegas_img4468,AOI_2_Vegas,AOI_2_Vegas:-11520:3615,test,owlv2,blur_resize,fixed,0.45,0.25,24,99,28,37,9.6,owlv2
AOI_2_Vegas_img4468,AOI_2_Vegas,AOI_2_Vegas:-11520:3615,test,owlv2,blur_resize,fixed,0.6,0.25,22,87,28,37,8.65,owlv2
AOI_2_Vegas_img4468,AOI_2_Vegas,AOI_2_Vegas:-11520:3615,test,owlv2,blur_resize,fixed,0.9,0.25,20,79,28,39,8.45,owlv2
AOI_2_Vegas_img4468,AOI_2_Vegas,AOI_2_Vegas:-11520:3615,test,owlv2,blur_resize,fixed,1.2,0.25,20,69,28,46,8.35,owlv2
AOI_2_Vegas_img4468,AOI_2_Vegas,AOI_2_Vegas:-11520:3615,test,owlv2,blur_resize,fixed,1.8,0.25,17,47,28,37,6.4,owlv2
AOI_2_Vegas_img4468,AOI_2_Vegas,AOI_2_Vegas:-11520:3615,test,owlv2,blur_resize,fixed,2.4,0.25,2,9,28,21,1.35,owlv2
AOI_2_Vegas_img4468,AOI_2_Vegas,AOI_2_Vegas:-11520:3615,test,owlv2,blur_resize,fixed,3.6,0.25,0,0,28,1,0.0,owlv2
AOI_2_Vegas_img4468,AOI_2_Vegas,AOI_2_Vegas:-11520:3615,test,owlv2,blur_resize,fixed,5.0,0.25,0,0,28,0,0.0,owlv2
AOI_2_Vegas_img4468,AOI_2_Vegas,AOI_2_Vegas:-11520:3615,test,owlv2,blur_resize,fixed,10.0,0.25,0,0,28,0,0.0,owlv2
AOI_2_Vegas_img4470,AOI_2_Vegas,AOI_2_Vegas:-11520:3615,test,owlv2,blur_resize,fixed,0.3,0.25,15,136,20,51,3.65,owlv2
AOI_2_Vegas_img4470,AOI_2_Vegas,AOI_2_Vegas:-11520:3615,test,owlv2,blur_resize,fixed,0.45,0.25,13,48,20,39,1.5,owlv2
AOI_2_Vegas_img4470,AOI_2_Vegas,AOI_2_Vegas:-11520:3615,test,owlv2,blur_resize,fixed,0.6,0.25,10,31,20,29,1.9,owlv2
AOI_2_Vegas_img4470,AOI_2_Vegas,AOI_2_Vegas:-11520:3615,test,owlv2,blur_resize,fixed,0.9,0.25,5,14,20,26,0.6,owlv2
AOI_2_Vegas_img4470,AOI_2_Vegas,AOI_2_Vegas:-11520:3615,test,owlv2,blur_resize,fixed,1.2,0.25,2,9,20,25,0.6,owlv2
AOI_2_Vegas_img4470,AOI_2_Vegas,AOI_2_Vegas:-11520:3615,test,owlv2,blur_resize,fixed,1.8,0.25,0,3,20,26,0.3,owlv2
AOI_2_Vegas_img4470,AOI_2_Vegas,AOI_2_Vegas:-11520:3615,test,owlv2,blur_resize,fixed,2.4,0.25,0,1,20,26,0.0,owlv2
AOI_2_Vegas_img4470,AOI_2_Vegas,AOI_2_Vegas:-11520:3615,test,owlv2,blur_resize,fixed,3.6,0.25,0,0,20,11,0.0,owlv2
AOI_2_Vegas_img4470,AOI_2_Vegas,AOI_2_Vegas:-11520:3615,test,owlv2,blur_resize,fixed,5.0,0.25,0,0,20,8,0.0,owlv2
AOI_2_Vegas_img4470,AOI_2_Vegas,AOI_2_Vegas:-11520:3615,test,owlv2,blur_resize,fixed,10.0,0.25,0,0,20,0,0.0,owlv2
AOI_2_Vegas_img4479,AOI_2_Vegas,AOI_2_Vegas:-11520:3617,test,owlv2,blur_resize,fixed,0.3,0.25,3,84,3,40,0.9,owlv2
AOI_2_Vegas_img4479,AOI_2_Vegas,AOI_2_Vegas:-11520:3617,test,owlv2,blur_resize,fixed,0.45,0.25,2,19,3,21,0.05,owlv2
AOI_2_Vegas_img4479,AOI_2_Vegas,AOI_2_Vegas:-11520:3617,test,owlv2,blur_resize,fixed,0.6,0.25,1,15,3,17,0.2,owlv2
AOI_2_Vegas_img4479,AOI_2_Vegas,AOI_2_Vegas:-11520:3617,test,owlv2,blur_resize,fixed,0.9,0.25,1,10,3,7,0.15,owlv2
AOI_2_Vegas_img4479,AOI_2_Vegas,AOI_2_Vegas:-11520:3617,test,owlv2,blur_resize,fixed,1.2,0.25,0,6,3,7,0.25,owlv2
AOI_2_Vegas_img4479,AOI_2_Vegas,AOI_2_Vegas:-11520:3617,test,owlv2,blur_resize,fixed,1.8,0.25,0,3,3,6,0.05,owlv2
AOI_2_Vegas_img4479,AOI_2_Vegas,AOI_2_Vegas:-11520:3617,test,owlv2,blur_resize,fixed,2.4,0.25,0,0,3,6,0.0,owlv2
AOI_2_Vegas_img4479,AOI_2_Vegas,AOI_2_Vegas:-11520:3617,test,owlv2,blur_resize,fixed,3.6,0.25,0,0,3,1,0.0,owlv2
AOI_2_Vegas_img4479,AOI_2_Vegas,AOI_2_Vegas:-11520:3617,test,owlv2,blur_resize,fixed,5.0,0.25,0,0,3,0,0.0,owlv2
AOI_2_Vegas_img4479,AOI_2_Vegas,AOI_2_Vegas:-11520:3617,test,owlv2,blur_resize,fixed,10.0,0.25,0,0,3,0,0.0,owlv2
AOI_2_Vegas_img4488,AOI_2_Vegas,AOI_2_Vegas:-11520:3618,test,owlv2,blur_resize,fixed,0.3,0.25,0,4,0,0,0.0,owlv2
AOI_2_Vegas_img4488,AOI_2_Vegas,AOI_2_Vegas:-11520:3618,test,owlv2,blur_resize,fixed,0.45,0.25,0,1,0,0,0.0,owlv2
AOI_2_Vegas_img4488,AOI_2_Vegas,AOI_2_Vegas:-11520:3618,test,owlv2,blur_resize,fixed,0.6,0.25,0,0,0,0,0.0,owlv2
AOI_2_Vegas_img4488,AOI_2_Vegas,AOI_2_Vegas:-11520:3618,test,owlv2,blur_resize,fixed,0.9,0.25,0,0,0,0,0.0,owlv2
AOI_2_Vegas_img4488,AOI_2_Vegas,AOI_2_Vegas:-11520:3618,test,owlv2,blur_resize,fixed,1.2,0.25,0,0,0,0,0.0,owlv2
AOI_2_Vegas_img4488,AOI_2_Vegas,AOI_2_Vegas:-11520:3618,test,owlv2,blur_resize,fixed,1.8,0.25,0,0,0,0,0.0,owlv2
AOI_2_Vegas_img4488,AOI_2_Vegas,AOI_2_Vegas:-11520:3618,test,owlv2,blur_resize,fixed,2.4,0.25,0,0,0,0,0.0,owlv2
AOI_2_Vegas_img4488,AOI_2_Vegas,AOI_2_Vegas:-11520:3618,test,owlv2,blur_resize,fixed,3.6,0.25,0,0,0,0,0.0,owlv2
AOI_2_Vegas_img4488,AOI_2_Vegas,AOI_2_Vegas:-11520:3618,test,owlv2,blur_resize,fixed,5.0,0.25,0,0,0,0,0.0,owlv2
AOI_2_Vegas_img4488,AOI_2_Vegas,AOI_2_Vegas:-11520:3618,test,owlv2,blur_resize,fixed,10.0,0.25,0,0,0,0,0.0,owlv2
AOI_2_Vegas_img4518,AOI_2_Vegas,AOI_2_Vegas:-11520:3623,test,owlv2,blur_resize,fixed,0.3,0.25,9,39,12,29,1.3,owlv2
AOI_2_Vegas_img4518,AOI_2_Vegas,AOI_2_Vegas:-11520:3623,test,owlv2,blur_resize,fixed,0.45,0.25,7,14,12,14,0.95,owlv2
AOI_2_Vegas_img4518,AOI_2_Vegas,AOI_2_Vegas:-11520:3623,test,owlv2,blur_resize,fixed,0.6,0.25,7,11,12,10,0.75,owlv2
AOI_2_Vegas_img4518,AOI_2_Vegas,AOI_2_Vegas:-11520:3623,test,owlv2,blur_resize,fixed,0.9,0.25,6,9,12,8,0.8,owlv2
AOI_2_Vegas_img4518,AOI_2_Vegas,AOI_2_Vegas:-11520:3623,test,owlv2,blur_resize,fixed,1.2,0.25,7,7,12,10,0.3,owlv2
AOI_2_Vegas_img4518,AOI_2_Vegas,AOI_2_Vegas:-11520:3623,test,owlv2,blur_resize,fixed,1.8,0.25,6,11,12,11,0.5,owlv2
AOI_2_Vegas_img4518,AOI_2_Vegas,AOI_2_Vegas:-11520:3623,test,owlv2,blur_resize,fixed,2.4,0.25,4,4,12,3,0.45,owlv2
AOI_2_Vegas_img4518,AOI_2_Vegas,AOI_2_Vegas:-11520:3623,test,owlv2,blur_resize,fixed,3.6,0.25,0,0,12,0,0.0,owlv2
AOI_2_Vegas_img4518,AOI_2_Vegas,AOI_2_Vegas:-11520:3623,test,owlv2,blur_resize,fixed,5.0,0.25,0,0,12,5,0.0,owlv2
AOI_2_Vegas_img4518,AOI_2_Vegas,AOI_2_Vegas:-11520:3623,test,owlv2,blur_resize,fixed,10.0,0.25,0,0,12,0,0.0,owlv2
AOI_2_Vegas_img4554,AOI_2_Vegas,AOI_2_Vegas:-11520:3616,test,owlv2,blur_resize,fixed,0.3,0.25,15,115,22,33,2.9,owlv2
AOI_2_Vegas_img4554,AOI_2_Vegas,AOI_2_Vegas:-11520:3616,test,owlv2,blur_resize,fixed,0.45,0.25,13,70,22,26,2.8,owlv2
AOI_2_Vegas_img4554,AOI_2_Vegas,AOI_2_Vegas:-11520:3616,test,owlv2,blur_resize,fixed,0.6,0.25,12,40,22,16,1.95,owlv2
AOI_2_Vegas_img4554,AOI_2_Vegas,AOI_2_Vegas:-11520:3616,test,owlv2,blur_resize,fixed,0.9,0.25,11,27,22,14,2.45,owlv2
AOI_2_Vegas_img4554,AOI_2_Vegas,AOI_2_Vegas:-11520:3616,test,owlv2,blur_resize,fixed,1.2,0.25,10,18,22,12,1.6,owlv2
AOI_2_Vegas_img4554,AOI_2_Vegas,AOI_2_Vegas:-11520:3616,test,owlv2,blur_resize,fixed,1.8,0.25,8,16,22,9,1.6,owlv2
AOI_2_Vegas_img4554,AOI_2_Vegas,AOI_2_Vegas:-11520:3616,test,owlv2,blur_resize,fixed,2.4,0.25,0,0,22,0,0.0,owlv2
AOI_2_Vegas_img4554,AOI_2_Vegas,AOI_2_Vegas:-11520:3616,test,owlv2,blur_resize,fixed,3.6,0.25,0,0,22,0,0.0,owlv2
AOI_2_Vegas_img4554,AOI_2_Vegas,AOI_2_Vegas:-11520:3616,test,owlv2,blur_resize,fixed,5.0,0.25,0,0,22,1,0.0,owlv2
AOI_2_Vegas_img4554,AOI_2_Vegas,AOI_2_Vegas:-11520:3616,test,owlv2,blur_resize,fixed,10.0,0.25,0,0,22,0,0.0,owlv2
AOI_2_Vegas_img4562,AOI_2_Vegas,AOI_2_Vegas:-11520:3617,test,owlv2,blur_resize,fixed,0.3,0.25,38,208,46,50,22.85,owlv2
AOI_2_Vegas_img4562,AOI_2_Vegas,AOI_2_Vegas:-11520:3617,test,owlv2,blur_resize,fixed,0.45,0.25,35,84,46,45,15.75,owlv2
AOI_2_Vegas_img4562,AOI_2_Vegas,AOI_2_Vegas:-11520:3617,test,owlv2,blur_resize,fixed,0.6,0.25,33,56,46,38,12.95,owlv2
AOI_2_Vegas_img4562,AOI_2_Vegas,AOI_2_Vegas:-11520:3617,test,owlv2,blur_resize,fixed,0.9,0.25,28,49,46,35,11.65,owlv2
AOI_2_Vegas_img4562,AOI_2_Vegas,AOI_2_Vegas:-11520:3617,test,owlv2,blur_resize,fixed,1.2,0.25,23,34,46,31,9.4,owlv2
AOI_2_Vegas_img4562,AOI_2_Vegas,AOI_2_Vegas:-11520:3617,test,owlv2,blur_resize,fixed,1.8,0.25,11,12,46,8,3.55,owlv2
AOI_2_Vegas_img4562,AOI_2_Vegas,AOI_2_Vegas:-11520:3617,test,owlv2,blur_resize,fixed,2.4,0.25,0,0,46,0,0.0,owlv2
AOI_2_Vegas_img4562,AOI_2_Vegas,AOI_2_Vegas:-11520:3617,test,owlv2,blur_resize,fixed,3.6,0.25,0,0,46,0,0.0,owlv2
AOI_2_Vegas_img4562,AOI_2_Vegas,AOI_2_Vegas:-11520:3617,test,owlv2,blur_resize,fixed,5.0,0.25,0,0,46,0,0.0,owlv2
AOI_2_Vegas_img4562,AOI_2_Vegas,AOI_2_Vegas:-11520:3617,test,owlv2,blur_resize,fixed,10.0,0.25,0,0,46,0,0.0,owlv2
AOI_2_Vegas_img458,AOI_2_Vegas,AOI_2_Vegas:-11530:3613,test,owlv2,blur_resize,fixed,0.3,0.25,41,246,56,100,22.1,owlv2
AOI_2_Vegas_img458,AOI_2_Vegas,AOI_2_Vegas:-11530:3613,test,owlv2,blur_resize,fixed,0.45,0.25,33,124,56,67,16.45,owlv2
AOI_2_Vegas_img458,AOI_2_Vegas,AOI_2_Vegas:-11530:3613,test,owlv2,blur_resize,fixed,0.6,0.25,30,97,56,50,13.55,owlv2
AOI_2_Vegas_img458,AOI_2_Vegas,AOI_2_Vegas:-11530:3613,test,owlv2,blur_resize,fixed,0.9,0.25,25,75,56,60,11.05,owlv2
AOI_2_Vegas_img458,AOI_2_Vegas,AOI_2_Vegas:-11530:3613,test,owlv2,blur_resize,fixed,1.2,0.25,26,76,56,64,12.7,owlv2
AOI_2_Vegas_img458,AOI_2_Vegas,AOI_2_Vegas:-11530:3613,test,owlv2,blur_resize,fixed,1.8,0.25,23,38,56,55,7.55,owlv2
AOI_2_Vegas_img458,AOI_2_Vegas,AOI_2_Vegas:-11530:3613,test,owlv2,blur_resize,fixed,2.4,0.25,4,8,56,36,1.9,owlv2
AOI_2_Vegas_img458,AOI_2_Vegas,AOI_2_Vegas:-11530:3613,test,owlv2,blur_resize,fixed,3.6,0.25,0,0,56,0,0.0,owlv2
AOI_2_Vegas_img458,AOI_2_Vegas,AOI_2_Vegas:-11530:3613,test,owlv2,blur_resize,fixed,5.0,0.25,0,0,56,0,0.0,owlv2
AOI_2_Vegas_img458,AOI_2_Vegas,AOI_2_Vegas:-11530:3613,test,owlv2,blur_resize,fixed,10.0,0.25,0,0,56,0,0.0,owlv2
AOI_2_Vegas_img4582,AOI_2_Vegas,AOI_2_Vegas:-11520:3621,test,owlv2,blur_resize,fixed,0.3,0.25,0,4,0,1,0.0,owlv2
AOI_2_Vegas_img4582,AOI_2_Vegas,AOI_2_Vegas:-11520:3621,test,owlv2,blur_resize,fixed,0.45,0.25,0,0,0,0,0.0,owlv2
AOI_2_Vegas_img4582,AOI_2_Vegas,AOI_2_Vegas:-11520:3621,test,owlv2,blur_resize,fixed,0.6,0.25,0,0,0,0,0.0,owlv2
AOI_2_Vegas_img4582,AOI_2_Vegas,AOI_2_Vegas:-11520:3621,test,owlv2,blur_resize,fixed,0.9,0.25,0,0,0,0,0.0,owlv2
AOI_2_Vegas_img4582,AOI_2_Vegas,AOI_2_Vegas:-11520:3621,test,owlv2,blur_resize,fixed,1.2,0.25,0,0,0,0,0.0,owlv2
AOI_2_Vegas_img4582,AOI_2_Vegas,AOI_2_Vegas:-11520:3621,test,owlv2,blur_resize,fixed,1.8,0.25,0,0,0,0,0.0,owlv2
AOI_2_Vegas_img4582,AOI_2_Vegas,AOI_2_Vegas:-11520:3621,test,owlv2,blur_resize,fixed,2.4,0.25,0,0,0,0,0.0,owlv2
AOI_2_Vegas_img4582,AOI_2_Vegas,AOI_2_Vegas:-11520:3621,test,owlv2,blur_resize,fixed,3.6,0.25,0,0,0,0,0.0,owlv2
AOI_2_Vegas_img4582,AOI_2_Vegas,AOI_2_Vegas:-11520:3621,test,owlv2,blur_resize,fixed,5.0,0.25,0,0,0,0,0.0,owlv2
AOI_2_Vegas_img4582,AOI_2_Vegas,AOI_2_Vegas:-11520:3621,test,owlv2,blur_resize,fixed,10.0,0.25,0,0,0,0,0.0,owlv2
AOI_2_Vegas_img460,AOI_2_Vegas,AOI_2_Vegas:-11530:3613,test,owlv2,blur_resize,fixed,0.3,0.25,39,206,50,46,20.8,owlv2
AOI_2_Vegas_img460,AOI_2_Vegas,AOI_2_Vegas:-11530:3613,test,owlv2,blur_resize,fixed,0.45,0.25,38,83,50,23,13.9,owlv2
AOI_2_Vegas_img460,AOI_2_Vegas,AOI_2_Vegas:-11530:3613,test,owlv2,blur_resize,fixed,0.6,0.25,34,54,50,18,10.6,owlv2
AOI_2_Vegas_img460,AOI_2_Vegas,AOI_2_Vegas:-11530:3613,test,owlv2,blur_resize,fixed,0.9,0.25,33,52,50,15,9.15,owlv2
AOI_2_Vegas_img460,AOI_2_Vegas,AOI_2_Vegas:-11530:3613,test,owlv2,blur_resize,fixed,1.2,0.25,32,49,50,16,9.35,owlv2
AOI_2_Vegas_img460,AOI_2_Vegas,AOI_2_Vegas:-11530:3613,test,owlv2,blur_resize,fixed,1.8,0.25,28,32,50,4,7.3,owlv2
AOI_2_Vegas_img460,AOI_2_Vegas,AOI_2_Vegas:-11530:3613,test,owlv2,blur_resize,fixed,2.4,0.25,0,0,50,0,0.0,owlv2
AOI_2_Vegas_img460,AOI_2_Vegas,AOI_2_Vegas:-11530:3613,test,owlv2,blur_resize,fixed,3.6,0.25,0,0,50,0,0.0,owlv2
AOI_2_Vegas_img460,AOI_2_Vegas,AOI_2_Vegas:-11530:3613,test,owlv2,blur_resize,fixed,5.0,0.25,0,0,50,1,0.0,owlv2
AOI_2_Vegas_img460,AOI_2_Vegas,AOI_2_Vegas:-11530:3613,test,owlv2,blur_resize,fixed,10.0,0.25,0,0,50,0,0.0,owlv2
AOI_2_Vegas_img4614,AOI_2_Vegas,AOI_2_Vegas:-11520:3613,test,owlv2,blur_resize,fixed,0.3,0.25,3,19,8,26,0.65,owlv2
AOI_2_Vegas_img4614,AOI_2_Vegas,AOI_2_Vegas:-11520:3613,test,owlv2,blur_resize,fixed,0.45,0.25,3,11,8,19,0.35,owlv2
AOI_2_Vegas_img4614,AOI_2_Vegas,AOI_2_Vegas:-11520:3613,test,owlv2,blur_resize,fixed,0.6,0.25,1,3,8,12,0.1,owlv2
AOI_2_Vegas_img4614,AOI_2_Vegas,AOI_2_Vegas:-11520:3613,test,owlv2,blur_resize,fixed,0.9,0.25,0,0,8,3,0.0,owlv2
AOI_2_Vegas_img4614,AOI_2_Vegas,AOI_2_Vegas:-11520:3613,test,owlv2,blur_resize,fixed,1.2,0.25,0,0,8,0,0.0,owlv2
AOI_2_Vegas_img4614,AOI_2_Vegas,AOI_2_Vegas:-11520:3613,test,owlv2,blur_resize,fixed,1.8,0.25,0,0,8,0,0.0,owlv2
AOI_2_Vegas_img4614,AOI_2_Vegas,AOI_2_Vegas:-11520:3613,test,owlv2,blur_resize,fixed,2.4,0.25,0,0,8,0,0.0,owlv2
AOI_2_Vegas_img4614,AOI_2_Vegas,AOI_2_Vegas:-11520:3613,test,owlv2,blur_resize,fixed,3.6,0.25,0,0,8,3,0.0,owlv2
AOI_2_Vegas_img4614,AOI_2_Vegas,AOI_2_Vegas:-11520:3613,test,owlv2,blur_resize,fixed,5.0,0.25,0,0,8,5,0.0,owlv2
AOI_2_Vegas_img4614,AOI_2_Vegas,AOI_2_Vegas:-11520:3613,test,owlv2,blur_resize,fixed,10.0,0.25,0,0,8,0,0.0,owlv2
AOI_2_Vegas_img4684,AOI_2_Vegas,AOI_2_Vegas:-11520:3625,test,owlv2,blur_resize,fixed,0.3,0.25,6,75,8,55,0.5,owlv2
AOI_2_Vegas_img4684,AOI_2_Vegas,AOI_2_Vegas:-11520:3625,test,owlv2,blur_resize,fixed,0.45,0.25,3,19,8,23,0.1,owlv2
AOI_2_Vegas_img4684,AOI_2_Vegas,AOI_2_Vegas:-11520:3625,test,owlv2,blur_resize,fixed,0.6,0.25,2,12,8,13,0.05,owlv2
AOI_2_Vegas_img4684,AOI_2_Vegas,AOI_2_Vegas:-11520:3625,test,owlv2,blur_resize,fixed,0.9,0.25,0,8,8,12,0.0,owlv2
AOI_2_Vegas_img4684,AOI_2_Vegas,AOI_2_Vegas:-11520:3625,test,owlv2,blur_resize,fixed,1.2,0.25,0,8,8,14,0.0,owlv2
AOI_2_Vegas_img4684,AOI_2_Vegas,AOI_2_Vegas:-11520:3625,test,owlv2,blur_resize,fixed,1.8,0.25,0,3,8,8,0.0,owlv2
AOI_2_Vegas_img4684,AOI_2_Vegas,AOI_2_Vegas:-11520:3625,test,owlv2,blur_resize,fixed,2.4,0.25,0,0,8,3,0.0,owlv2
AOI_2_Vegas_img4684,AOI_2_Vegas,AOI_2_Vegas:-11520:3625,test,owlv2,blur_resize,fixed,3.6,0.25,0,0,8,4,0.0,owlv2
AOI_2_Vegas_img4684,AOI_2_Vegas,AOI_2_Vegas:-11520:3625,test,owlv2,blur_resize,fixed,5.0,0.25,0,0,8,13,0.0,owlv2
AOI_2_Vegas_img4684,AOI_2_Vegas,AOI_2_Vegas:-11520:3625,test,owlv2,blur_resize,fixed,10.0,0.25,0,0,8,0,0.0,owlv2
AOI_2_Vegas_img4696,AOI_2_Vegas,AOI_2_Vegas:-11519:3613,test,owlv2,blur_resize,fixed,0.3,0.25,5,42,12,54,1.0,owlv2
AOI_2_Vegas_img4696,AOI_2_Vegas,AOI_2_Vegas:-11519:3613,test,owlv2,blur_resize,fixed,0.45,0.25,2,4,12,12,0.1,owlv2
AOI_2_Vegas_img4696,AOI_2_Vegas,AOI_2_Vegas:-11519:3613,test,owlv2,blur_resize,fixed,0.6,0.25,0,0,12,2,0.0,owlv2
AOI_2_Vegas_img4696,AOI_2_Vegas,AOI_2_Vegas:-11519:3613,test,owlv2,blur_resize,fixed,0.9,0.25,0,0,12,0,0.0,owlv2
AOI_2_Vegas_img4696,AOI_2_Vegas,AOI_2_Vegas:-11519:3613,test,owlv2,blur_resize,fixed,1.2,0.25,0,0,12,0,0.0,owlv2
AOI_2_Vegas_img4696,AOI_2_Vegas,AOI_2_Vegas:-11519:3613,test,owlv2,blur_resize,fixed,1.8,0.25,0,0,12,0,0.0,owlv2
AOI_2_Vegas_img4696,AOI_2_Vegas,AOI_2_Vegas:-11519:3613,test,owlv2,blur_resize,fixed,2.4,0.25,0,0,12,0,0.0,owlv2
AOI_2_Vegas_img4696,AOI_2_Vegas,AOI_2_Vegas:-11519:3613,test,owlv2,blur_resize,fixed,3.6,0.25,0,0,12,0,0.0,owlv2
AOI_2_Vegas_img4696,AOI_2_Vegas,AOI_2_Vegas:-11519:3613,test,owlv2,blur_resize,fixed,5.0,0.25,0,0,12,2,0.0,owlv2
AOI_2_Vegas_img4696,AOI_2_Vegas,AOI_2_Vegas:-11519:3613,test,owlv2,blur_resize,fixed,10.0,0.25,0,0,12,0,0.0,owlv2
AOI_2_Vegas_img4701,AOI_2_Vegas,AOI_2_Vegas:-11519:3614,test,owlv2,blur_resize,fixed,0.3,0.25,1,15,3,17,0.05,owlv2
AOI_2_Vegas_img4701,AOI_2_Vegas,AOI_2_Vegas:-11519:3614,test,owlv2,blur_resize,fixed,0.45,0.25,1,1,3,5,0.05,owlv2
AOI_2_Vegas_img4701,AOI_2_Vegas,AOI_2_Vegas:-11519:3614,test,owlv2,blur_resize,fixed,0.6,0.25,0,0,3,3,0.0,owlv2
AOI_2_Vegas_img4701,AOI_2_Vegas,AOI_2_Vegas:-11519:3614,test,owlv2,blur_resize,fixed,0.9,0.25,0,0,3,2,0.0,owlv2
AOI_2_Vegas_img4701,AOI_2_Vegas,AOI_2_Vegas:-11519:3614,test,owlv2,blur_resize,fixed,1.2,0.25,0,0,3,2,0.0,owlv2
AOI_2_Vegas_img4701,AOI_2_Vegas,AOI_2_Vegas:-11519:3614,test,owlv2,blur_resize,fixed,1.8,0.25,0,0,3,1,0.0,owlv2
AOI_2_Vegas_img4701,AOI_2_Vegas,AOI_2_Vegas:-11519:3614,test,owlv2,blur_resize,fixed,2.4,0.25,0,0,3,1,0.0,owlv2
AOI_2_Vegas_img4701,AOI_2_Vegas,AOI_2_Vegas:-11519:3614,test,owlv2,blur_resize,fixed,3.6,0.25,0,0,3,0,0.0,owlv2
AOI_2_Vegas_img4701,AOI_2_Vegas,AOI_2_Vegas:-11519:3614,test,owlv2,blur_resize,fixed,5.0,0.25,0,0,3,5,0.0,owlv2
AOI_2_Vegas_img4701,AOI_2_Vegas,AOI_2_Vegas:-11519:3614,test,owlv2,blur_resize,fixed,10.0,0.25,0,0,3,0,0.0,owlv2
AOI_2_Vegas_img4721,AOI_2_Vegas,AOI_2_Vegas:-11519:3618,test,owlv2,blur_resize,fixed,0.3,0.25,39,260,49,64,13.55,owlv2
AOI_2_Vegas_img4721,AOI_2_Vegas,AOI_2_Vegas:-11519:3618,test,owlv2,blur_resize,fixed,0.45,0.25,31,117,49,42,10.05,owlv2
AOI_2_Vegas_img4721,AOI_2_Vegas,AOI_2_Vegas:-11519:3618,test,owlv2,blur_resize,fixed,0.6,0.25,25,75,49,40,7.25,owlv2
AOI_2_Vegas_img4721,AOI_2_Vegas,AOI_2_Vegas:-11519:3618,test,owlv2,blur_resize,fixed,0.9,0.25,20,60,49,29,6.9,owlv2
AOI_2_Vegas_img4721,AOI_2_Vegas,AOI_2_Vegas:-11519:3618,test,owlv2,blur_resize,fixed,1.2,0.25,20,63,49,36,7.5,owlv2
AOI_2_Vegas_img4721,AOI_2_Vegas,AOI_2_Vegas:-11519:3618,test,owlv2,blur_resize,fixed,1.8,0.25,16,36,49,16,4.05,owlv2
AOI_2_Vegas_img4721,AOI_2_Vegas,AOI_2_Vegas:-11519:3618,test,owlv2,blur_resize,fixed,2.4,0.25,8,10,49,0,1.65,owlv2
AOI_2_Vegas_img4721,AOI_2_Vegas,AOI_2_Vegas:-11519:3618,test,owlv2,blur_resize,fixed,3.6,0.25,0,0,49,0,0.0,owlv2
AOI_2_Vegas_img4721,AOI_2_Vegas,AOI_2_Vegas:-11519:3618,test,owlv2,blur_resize,fixed,5.0,0.25,0,0,49,0,0.0,owlv2
AOI_2_Vegas_img4721,AOI_2_Vegas,AOI_2_Vegas:-11519:3618,test,owlv2,blur_resize,fixed,10.0,0.25,0,0,49,0,0.0,owlv2
AOI_2_Vegas_img4785,AOI_2_Vegas,AOI_2_Vegas:-11519:3615,test,owlv2,blur_resize,fixed,0.3,0.25,44,167,53,56,14.6,owlv2
AOI_2_Vegas_img4785,AOI_2_Vegas,AOI_2_Vegas:-11519:3615,test,owlv2,blur_resize,fixed,0.45,0.25,42,121,53,41,13.1,owlv2
AOI_2_Vegas_img4785,AOI_2_Vegas,AOI_2_Vegas:-11519:3615,test,owlv2,blur_resize,fixed,0.6,0.25,34,112,53,46,13.9,owlv2
AOI_2_Vegas_img4785,AOI_2_Vegas,AOI_2_Vegas:-11519:3615,test,owlv2,blur_resize,fixed,0.9,0.25,32,101,53,46,14.35,owlv2
AOI_2_Vegas_img4785,AOI_2_Vegas,AOI_2_Vegas:-11519:3615,test,owlv2,blur_resize,fixed,1.2,0.25,28,76,53,41,9.7,owlv2
AOI_2_Vegas_img4785,AOI_2_Vegas,AOI_2_Vegas:-11519:3615,test,owlv2,blur_resize,fixed,1.8,0.25,3,5,53,10,0.9,owlv2
AOI_2_Vegas_img4785,AOI_2_Vegas,AOI_2_Vegas:-11519:3615,test,owlv2,blur_resize,fixed,2.4,0.25,0,0,53,0,0.0,owlv2
AOI_2_Vegas_img4785,AOI_2_Vegas,AOI_2_Vegas:-11519:3615,test,owlv2,blur_resize,fixed,3.6,0.25,0,0,53,0,0.0,owlv2
AOI_2_Vegas_img4785,AOI_2_Vegas,AOI_2_Vegas:-11519:3615,test,owlv2,blur_resize,fixed,5.0,0.25,0,0,53,0,0.0,owlv2
AOI_2_Vegas_img4785,AOI_2_Vegas,AOI_2_Vegas:-11519:3615,test,owlv2,blur_resize,fixed,10.0,0.25,0,0,53,0,0.0,owlv2
AOI_2_Vegas_img4786,AOI_2_Vegas,AOI_2_Vegas:-11519:3615,test,owlv2,blur_resize,fixed,0.3,0.25,43,134,52,27,14.15,owlv2
AOI_2_Vegas_img4786,AOI_2_Vegas,AOI_2_Vegas:-11519:3615,test,owlv2,blur_resize,fixed,0.45,0.25,38,86,52,22,11.05,owlv2
AOI_2_Vegas_img4786,AOI_2_Vegas,AOI_2_Vegas:-11519:3615,test,owlv2,blur_resize,fixed,0.6,0.25,33,69,52,26,10.7,owlv2
AOI_2_Vegas_img4786,AOI_2_Vegas,AOI_2_Vegas:-11519:3615,test,owlv2,blur_resize,fixed,0.9,0.25,32,58,52,22,8.8,owlv2
AOI_2_Vegas_img4786,AOI_2_Vegas,AOI_2_Vegas:-11519:3615,test,owlv2,blur_resize,fixed,1.2,0.25,23,51,52,18,6.8,owlv2
AOI_2_Vegas_img4786,AOI_2_Vegas,AOI_2_Vegas:-11519:3615,test,owlv2,blur_resize,fixed,1.8,0.25,8,9,52,3,1.8,owlv2
AOI_2_Vegas_img4786,AOI_2_Vegas,AOI_2_Vegas:-11519:3615,test,owlv2,blur_resize,fixed,2.4,0.25,0,0,52,0,0.0,owlv2
AOI_2_Vegas_img4786,AOI_2_Vegas,AOI_2_Vegas:-11519:3615,test,owlv2,blur_resize,fixed,3.6,0.25,0,0,52,0,0.0,owlv2
AOI_2_Vegas_img4786,AOI_2_Vegas,AOI_2_Vegas:-11519:3615,test,owlv2,blur_resize,fixed,5.0,0.25,0,0,52,0,0.0,owlv2
AOI_2_Vegas_img4786,AOI_2_Vegas,AOI_2_Vegas:-11519:3615,test,owlv2,blur_resize,fixed,10.0,0.25,0,0,52,0,0.0,owlv2
AOI_2_Vegas_img4794,AOI_2_Vegas,AOI_2_Vegas:-11519:3616,test,owlv2,blur_resize,fixed,0.3,0.25,4,39,5,9,0.3,owlv2
AOI_2_Vegas_img4794,AOI_2_Vegas,AOI_2_Vegas:-11519:3616,test,owlv2,blur_resize,fixed,0.45,0.25,3,23,5,5,0.1,owlv2
AOI_2_Vegas_img4794,AOI_2_Vegas,AOI_2_Vegas:-11519:3616,test,owlv2,blur_resize,fixed,0.6,0.25,3,18,5,7,0.15,owlv2
AOI_2_Vegas_img4794,AOI_2_Vegas,AOI_2_Vegas:-11519:3616,test,owlv2,blur_resize,fixed,0.9,0.25,3,13,5,6,0.3,owlv2
AOI_2_Vegas_img4794,AOI_2_Vegas,AOI_2_Vegas:-11519:3616,test,owlv2,blur_resize,fixed,1.2,0.25,3,9,5,7,0.05,owlv2
AOI_2_Vegas_img4794,AOI_2_Vegas,AOI_2_Vegas:-11519:3616,test,owlv2,blur_resize,fixed,1.8,0.25,2,4,5,5,0.05,owlv2
AOI_2_Vegas_img4794,AOI_2_Vegas,AOI_2_Vegas:-11519:3616,test,owlv2,blur_resize,fixed,2.4,0.25,0,0,5,1,0.0,owlv2
AOI_2_Vegas_img4794,AOI_2_Vegas,AOI_2_Vegas:-11519:3616,test,owlv2,blur_resize,fixed,3.6,0.25,0,0,5,0,0.0,owlv2
AOI_2_Vegas_img4794,AOI_2_Vegas,AOI_2_Vegas:-11519:3616,test,owlv2,blur_resize,fixed,5.0,0.25,0,0,5,0,0.0,owlv2
AOI_2_Vegas_img4794,AOI_2_Vegas,AOI_2_Vegas:-11519:3616,test,owlv2,blur_resize,fixed,10.0,0.25,0,0,5,0,0.0,owlv2
AOI_2_Vegas_img4805,AOI_2_Vegas,AOI_2_Vegas:-11519:3618,test,owlv2,blur_resize,fixed,0.3,0.25,23,138,26,40,4.3,owlv2
AOI_2_Vegas_img4805,AOI_2_Vegas,AOI_2_Vegas:-11519:3618,test,owlv2,blur_resize,fixed,0.45,0.25,19,62,26,36,3.45,owlv2
AOI_2_Vegas_img4805,AOI_2_Vegas,AOI_2_Vegas:-11519:3618,test,owlv2,blur_resize,fixed,0.6,0.25,16,41,26,35,3.05,owlv2
AOI_2_Vegas_img4805,AOI_2_Vegas,AOI_2_Vegas:-11519:3618,test,owlv2,blur_resize,fixed,0.9,0.25,13,30,26,34,2.75,owlv2
AOI_2_Vegas_img4805,AOI_2_Vegas,AOI_2_Vegas:-11519:3618,test,owlv2,blur_resize,fixed,1.2,0.25,11,19,26,27,2.0,owlv2
AOI_2_Vegas_img4805,AOI_2_Vegas,AOI_2_Vegas:-11519:3618,test,owlv2,blur_resize,fixed,1.8,0.25,9,23,26,42,2.05,owlv2
AOI_2_Vegas_img4805,AOI_2_Vegas,AOI_2_Vegas:-11519:3618,test,owlv2,blur_resize,fixed,2.4,0.25,5,11,26,29,1.05,owlv2
AOI_2_Vegas_img4805,AOI_2_Vegas,AOI_2_Vegas:-11519:3618,test,owlv2,blur_resize,fixed,3.6,0.25,0,0,26,3,0.0,owlv2
AOI_2_Vegas_img4805,AOI_2_Vegas,AOI_2_Vegas:-11519:3618,test,owlv2,blur_resize,fixed,5.0,0.25,0,0,26,2,0.0,owlv2
AOI_2_Vegas_img4805,AOI_2_Vegas,AOI_2_Vegas:-11519:3618,test,owlv2,blur_resize,fixed,10.0,0.25,0,0,26,0,0.0,owlv2
