chip_id,city,block,split,detector,method,config,level,iou,matches,predictions,references,removed,chance_matches,label
AOI_2_Vegas_img1007,AOI_2_Vegas,AOI_2_Vegas:-11528:3618,test,owlvit,blur_resize,fixed,0.3,0.5,14,22,34,33,0.65,owlvit
AOI_2_Vegas_img1007,AOI_2_Vegas,AOI_2_Vegas:-11528:3618,test,owlvit,blur_resize,fixed,0.45,0.5,12,20,34,29,0.3,owlvit
AOI_2_Vegas_img1007,AOI_2_Vegas,AOI_2_Vegas:-11528:3618,test,owlvit,blur_resize,fixed,0.6,0.5,7,13,34,19,0.05,owlvit
AOI_2_Vegas_img1007,AOI_2_Vegas,AOI_2_Vegas:-11528:3618,test,owlvit,blur_resize,fixed,0.9,0.5,1,1,34,15,0.05,owlvit
AOI_2_Vegas_img1007,AOI_2_Vegas,AOI_2_Vegas:-11528:3618,test,owlvit,blur_resize,fixed,1.2,0.5,0,0,34,7,0.0,owlvit
AOI_2_Vegas_img1007,AOI_2_Vegas,AOI_2_Vegas:-11528:3618,test,owlvit,blur_resize,fixed,1.8,0.5,0,0,34,6,0.0,owlvit
AOI_2_Vegas_img1007,AOI_2_Vegas,AOI_2_Vegas:-11528:3618,test,owlvit,blur_resize,fixed,2.4,0.5,0,0,34,7,0.0,owlvit
AOI_2_Vegas_img1007,AOI_2_Vegas,AOI_2_Vegas:-11528:3618,test,owlvit,blur_resize,fixed,3.6,0.5,0,0,34,4,0.0,owlvit
AOI_2_Vegas_img1007,AOI_2_Vegas,AOI_2_Vegas:-11528:3618,test,owlvit,blur_resize,fixed,5.0,0.5,0,0,34,3,0.0,owlvit
AOI_2_Vegas_img1007,AOI_2_Vegas,AOI_2_Vegas:-11528:3618,test,owlvit,blur_resize,fixed,10.0,0.5,0,0,34,0,0.0,owlvit
AOI_2_Vegas_img101,AOI_2_Vegas,AOI_2_Vegas:-11531:3620,test,owlvit,blur_resize,fixed,0.3,0.5,12,138,30,44,1.2,owlvit
AOI_2_Vegas_img101,AOI_2_Vegas,AOI_2_Vegas:-11531:3620,test,owlvit,blur_resize,fixed,0.45,0.5,12,120,30,48,1.05,owlvit
AOI_2_Vegas_img101,AOI_2_Vegas,AOI_2_Vegas:-11531:3620,test,owlvit,blur_resize,fixed,0.6,0.5,12,92,30,46,1.35,owlvit
AOI_2_Vegas_img101,AOI_2_Vegas,AOI_2_Vegas:-11531:3620,test,owlvit,blur_resize,fixed,0.9,0.5,10,73,30,52,0.85,owlvit
AOI_2_Vegas_img101,AOI_2_Vegas,AOI_2_Vegas:-11531:3620,test,owlvit,blur_resize,fixed,1.2,0.5,8,52,30,50,0.65,owlvit
AOI_2_Vegas_img101,AOI_2_Vegas,AOI_2_Vegas:-11531:3620,test,owlvit,blur_resize,fixed,1.8,0.5,5,12,30,27,0.05,owlvit
AOI_2_Vegas_img101,AOI_2_Vegas,AOI_2_Vegas:-11531:3620,test,owlvit,blur_resize,fixed,2.4,0.5,1,1,30,10,0.0,owlvit
AOI_2_Vegas_img101,AOI_2_Vegas,AOI_2_Vegas:-11531:3620,test,owlvit,blur_resize,fixed,3.6,0.5,0,0,30,4,0.0,owlvit
AOI_2_Vegas_img101,AOI_2_Vegas,AOI_2_Vegas:-11531:3620,test,owlvit,blur_resize,fixed,5.0,0.5,0,0,30,0,0.0,owlvit
AOI_2_Vegas_img101,AOI_2_Vegas,AOI_2_Vegas:-11531:3620,test,owlvit,blur_resize,fixed,10.0,0.5,0,0,30,0,0.0,owlvit
AOI_2_Vegas_img1035,AOI_2_Vegas,AOI_2_Vegas:-11528:3623,test,owlvit,blur_resize,fixed,0.3,0.5,0,0,0,2,0.0,owlvit
AOI_2_Vegas_img1035,AOI_2_Vegas,AOI_2_Vegas:-11528:3623,test,owlvit,blur_resize,fixed,0.45,0.5,0,0,0,1,0.0,owlvit
AOI_2_Vegas_img1035,AOI_2_Vegas,AOI_2_Vegas:-11528:3623,test,owlvit,blur_resize,fixed,0.6,0.5,0,0,0,1,0.0,owlvit
AOI_2_Vegas_img1035,AOI_2_Vegas,AOI_2_Vegas:-11528:3623,test,owlvit,blur_resize,fixed,0.9,0.5,0,0,0,1,0.0,owlvit
AOI_2_Vegas_img1035,AOI_2_Vegas,AOI_2_Vegas:-11528:3623,test,owlvit,blur_resize,fixed,1.2,0.5,0,0,0,1,0.0,owlvit
AOI_2_Vegas_img1035,AOI_2_Vegas,AOI_2_Vegas:-11528:3623,test,owlvit,blur_resize,fixed,1.8,0.5,0,0,0,1,0.0,owlvit
AOI_2_Vegas_img1035,AOI_2_Vegas,AOI_2_Vegas:-11528:3623,test,owlvit,blur_resize,fixed,2.4,0.5,0,0,0,1,0.0,owlvit
AOI_2_Vegas_img1035,AOI_2_Vegas,AOI_2_Vegas:-11528:3623,test,owlvit,blur_resize,fixed,3.6,0.5,0,0,0,2,0.0,owlvit
AOI_2_Vegas_img1035,AOI_2_Vegas,AOI_2_Vegas:-11528:3623,test,owlvit,blur_resize,fixed,5.0,0.5,0,0,0,1,0.0,owlvit
AOI_2_Vegas_img1035,AOI_2_Vegas,AOI_2_Vegas:-11528:3623,test,owlvit,blur_resize,fixed,10.0,0.5,0,0,0,1,0.0,owlvit
AOI_2_Vegas_img1041,AOI_2_Vegas,AOI_2_Vegas:-11528:3613,test,owlvit,blur_resize,fixed,0.3,0.5,15,28,39,54,0.6,owlvit
AOI_2_Vegas_img1041,AOI_2_Vegas,AOI_2_Vegas:-11528:3613,test,owlvit,blur_resize,fixed,0.45,0.5,12,23,39,51,0.35,owlvit
AOI_2_Vegas_img1041,AOI_2_Vegas,AOI_2_Vegas:-11528:3613,test,owlvit,blur_resize,fixed,0.6,0.5,10,23,39,45,0.45,owlvit
AOI_2_Vegas_img1041,AOI_2_Vegas,AOI_2_Vegas:-11528:3613,test,owlvit,blur_resize,fixed,0.9,0.5,10,18,39,41,0.4,owlvit
AOI_2_Vegas_img1041,AOI_2_Vegas,AOI_2_Vegas:-11528:3613,test,owlvit,blur_resize,fixed,1.2,0.5,10,22,39,34,0.55,owlvit
AOI_2_Vegas_img1041,AOI_2_Vegas,AOI_2_Vegas:-11528:3613,test,owlvit,blur_resize,fixed,1.8,0.5,8,17,39,43,0.3,owlvit
AOI_2_Vegas_img1041,AOI_2_Vegas,AOI_2_Vegas:-11528:3613,test,owlvit,blur_resize,fixed,2.4,0.5,6,16,39,38,0.2,owlvit
AOI_2_Vegas_img1041,AOI_2_Vegas,AOI_2_Vegas:-11528:3613,test,owlvit,blur_resize,fixed,3.6,0.5,1,2,39,18,0.0,owlvit
AOI_2_Vegas_img1041,AOI_2_Vegas,AOI_2_Vegas:-11528:3613,test,owlvit,blur_resize,fixed,5.0,0.5,0,0,39,11,0.0,owlvit
AOI_2_Vegas_img1041,AOI_2_Vegas,AOI_2_Vegas:-11528:3613,test,owlvit,blur_resize,fixed,10.0,0.5,0,0,39,1,0.0,owlvit
AOI_2_Vegas_img1104,AOI_2_Vegas,AOI_2_Vegas:-11528:3613,test,owlvit,blur_resize,fixed,0.3,0.5,0,8,10,16,0.05,owlvit
AOI_2_Vegas_img1104,AOI_2_Vegas,AOI_2_Vegas:-11528:3613,test,owlvit,blur_resize,fixed,0.45,0.5,0,3,10,12,0.0,owlvit
AOI_2_Vegas_img1104,AOI_2_Vegas,AOI_2_Vegas:-11528:3613,test,owlvit,blur_resize,fixed,0.6,0.5,0,2,10,11,0.0,owlvit
AOI_2_Vegas_img1104,AOI_2_Vegas,AOI_2_Vegas:-11528:3613,test,owlvit,blur_resize,fixed,0.9,0.5,0,0,10,10,0.0,owlvit
AOI_2_Vegas_img1104,AOI_2_Vegas,AOI_2_Vegas:-11528:3613,test,owlvit,blur_resize,fixed,1.2,0.5,0,0,10,8,0.0,owlvit
AOI_2_Vegas_img1104,AOI_2_Vegas,AOI_2_Vegas:-11528:3613,test,owlvit,blur_resize,fixed,1.8,0.5,0,0,10,11,0.0,owlvit
AOI_2_Vegas_img1104,AOI_2_Vegas,AOI_2_Vegas:-11528:3613,test,owlvit,blur_resize,fixed,2.4,0.5,0,0,10,8,0.0,owlvit
AOI_2_Vegas_img1104,AOI_2_Vegas,AOI_2_Vegas:-11528:3613,test,owlvit,blur_resize,fixed,3.6,0.5,0,0,10,4,0.0,owlvit
AOI_2_Vegas_img1104,AOI_2_Vegas,AOI_2_Vegas:-11528:3613,test,owlvit,blur_resize,fixed,5.0,0.5,0,0,10,0,0.0,owlvit
AOI_2_Vegas_img1104,AOI_2_Vegas,AOI_2_Vegas:-11528:3613,test,owlvit,blur_resize,fixed,10.0,0.5,0,0,10,0,0.0,owlvit
AOI_2_Vegas_img1122,AOI_2_Vegas,AOI_2_Vegas:-11528:3616,test,owlvit,blur_resize,fixed,0.3,0.5,9,27,29,56,0.4,owlvit
AOI_2_Vegas_img1122,AOI_2_Vegas,AOI_2_Vegas:-11528:3616,test,owlvit,blur_resize,fixed,0.45,0.5,9,24,29,60,0.35,owlvit
AOI_2_Vegas_img1122,AOI_2_Vegas,AOI_2_Vegas:-11528:3616,test,owlvit,blur_resize,fixed,0.6,0.5,8,19,29,55,0.2,owlvit
AOI_2_Vegas_img1122,AOI_2_Vegas,AOI_2_Vegas:-11528:3616,test,owlvit,blur_resize,fixed,0.9,0.5,6,15,29,48,0.2,owlvit
AOI_2_Vegas_img1122,AOI_2_Vegas,AOI_2_Vegas:-11528:3616,test,owlvit,blur_resize,fixed,1.2,0.5,3,4,29,38,0.15,owlvit
AOI_2_Vegas_img1122,AOI_2_Vegas,AOI_2_Vegas:-11528:3616,test,owlvit,blur_resize,fixed,1.8,0.5,0,0,29,18,0.0,owlvit
AOI_2_Vegas_img1122,AOI_2_Vegas,AOI_2_Vegas:-11528:3616,test,owlvit,blur_resize,fixed,2.4,0.5,0,0,29,9,0.0,owlvit
AOI_2_Vegas_img1122,AOI_2_Vegas,AOI_2_Vegas:-11528:3616,test,owlvit,blur_resize,fixed,3.6,0.5,0,0,29,6,0.0,owlvit
AOI_2_Vegas_img1122,AOI_2_Vegas,AOI_2_Vegas:-11528:3616,test,owlvit,blur_resize,fixed,5.0,0.5,0,0,29,4,0.0,owlvit
AOI_2_Vegas_img1122,AOI_2_Vegas,AOI_2_Vegas:-11528:3616,test,owlvit,blur_resize,fixed,10.0,0.5,0,0,29,2,0.0,owlvit
AOI_2_Vegas_img1163,AOI_2_Vegas,AOI_2_Vegas:-11528:3623,test,owlvit,blur_resize,fixed,0.3,0.5,22,103,33,39,1.7,owlvit
AOI_2_Vegas_img1163,AOI_2_Vegas,AOI_2_Vegas:-11528:3623,test,owlvit,blur_resize,fixed,0.45,0.5,15,86,33,41,1.4,owlvit
AOI_2_Vegas_img1163,AOI_2_Vegas,AOI_2_Vegas:-11528:3623,test,owlvit,blur_resize,fixed,0.6,0.5,15,65,33,38,0.7,owlvit
AOI_2_Vegas_img1163,AOI_2_Vegas,AOI_2_Vegas:-11528:3623,test,owlvit,blur_resize,fixed,0.9,0.5,15,43,33,35,1.0,owlvit
AOI_2_Vegas_img1163,AOI_2_Vegas,AOI_2_Vegas:-11528:3623,test,owlvit,blur_resize,fixed,1.2,0.5,9,16,33,30,0.25,owlvit
AOI_2_Vegas_img1163,AOI_2_Vegas,AOI_2_Vegas:-11528:3623,test,owlvit,blur_resize,fixed,1.8,0.5,0,1,33,10,0.0,owlvit
AOI_2_Vegas_img1163,AOI_2_Vegas,AOI_2_Vegas:-11528:3623,test,owlvit,blur_resize,fixed,2.4,0.5,0,0,33,3,0.0,owlvit
AOI_2_Vegas_img1163,AOI_2_Vegas,AOI_2_Vegas:-11528:3623,test,owlvit,blur_resize,fixed,3.6,0.5,0,0,33,6,0.0,owlvit
AOI_2_Vegas_img1163,AOI_2_Vegas,AOI_2_Vegas:-11528:3623,test,owlvit,blur_resize,fixed,5.0,0.5,0,0,33,3,0.0,owlvit
AOI_2_Vegas_img1163,AOI_2_Vegas,AOI_2_Vegas:-11528:3623,test,owlvit,blur_resize,fixed,10.0,0.5,0,0,33,0,0.0,owlvit
AOI_2_Vegas_img118,AOI_2_Vegas,AOI_2_Vegas:-11531:3613,test,owlvit,blur_resize,fixed,0.3,0.5,19,80,27,27,2.45,owlvit
AOI_2_Vegas_img118,AOI_2_Vegas,AOI_2_Vegas:-11531:3613,test,owlvit,blur_resize,fixed,0.45,0.5,19,73,27,26,1.95,owlvit
AOI_2_Vegas_img118,AOI_2_Vegas,AOI_2_Vegas:-11531:3613,test,owlvit,blur_resize,fixed,0.6,0.5,19,70,27,21,2.1,owlvit
AOI_2_Vegas_img118,AOI_2_Vegas,AOI_2_Vegas:-11531:3613,test,owlvit,blur_resize,fixed,0.9,0.5,18,50,27,19,1.65,owlvit
AOI_2_Vegas_img118,AOI_2_Vegas,AOI_2_Vegas:-11531:3613,test,owlvit,blur_resize,fixed,1.2,0.5,18,42,27,20,1.0,owlvit
AOI_2_Vegas_img118,AOI_2_Vegas,AOI_2_Vegas:-11531:3613,test,owlvit,blur_resize,fixed,1.8,0.5,9,12,27,25,0.45,owlvit
AOI_2_Vegas_img118,AOI_2_Vegas,AOI_2_Vegas:-11531:3613,test,owlvit,blur_resize,fixed,2.4,0.5,4,5,27,18,0.2,owlvit
AOI_2_Vegas_img118,AOI_2_Vegas,AOI_2_Vegas:-11531:3613,test,owlvit,blur_resize,fixed,3.6,0.5,2,2,27,10,0.1,owlvit
AOI_2_Vegas_img118,AOI_2_Vegas,AOI_2_Vegas:-11531:3613,test,owlvit,blur_resize,fixed,5.0,0.5,0,0,27,9,0.0,owlvit
AOI_2_Vegas_img118,AOI_2_Vegas,AOI_2_Vegas:-11531:3613,test,owlvit,blur_resize,fixed,10.0,0.5,0,0,27,0,0.0,owlvit
AOI_2_Vegas_img1197,AOI_2_Vegas,AOI_2_Vegas:-11528:3618,test,owlvit,blur_resize,fixed,0.3,0.5,17,39,50,36,1.2,owlvit
AOI_2_Vegas_img1197,AOI_2_Vegas,AOI_2_Vegas:-11528:3618,test,owlvit,blur_resize,fixed,0.45,0.5,5,8,50,25,0.1,owlvit
AOI_2_Vegas_img1197,AOI_2_Vegas,AOI_2_Vegas:-11528:3618,test,owlvit,blur_resize,fixed,0.6,0.5,0,2,50,15,0.05,owlvit
AOI_2_Vegas_img1197,AOI_2_Vegas,AOI_2_Vegas:-11528:3618,test,owlvit,blur_resize,fixed,0.9,0.5,0,0,50,7,0.0,owlvit
AOI_2_Vegas_img1197,AOI_2_Vegas,AOI_2_Vegas:-11528:3618,test,owlvit,blur_resize,fixed,1.2,0.5,0,0,50,6,0.0,owlvit
AOI_2_Vegas_img1197,AOI_2_Vegas,AOI_2_Vegas:-11528:3618,test,owlvit,blur_resize,fixed,1.8,0.5,0,0,50,7,0.0,owlvit
AOI_2_Vegas_img1197,AOI_2_Vegas,AOI_2_Vegas:-11528:3618,test,owlvit,blur_resize,fixed,2.4,0.5,0,0,50,4,0.0,owlvit
AOI_2_Vegas_img1197,AOI_2_Vegas,AOI_2_Vegas:-11528:3618,test,owlvit,blur_resize,fixed,3.6,0.5,0,0,50,5,0.0,owlvit
AOI_2_Vegas_img1197,AOI_2_Vegas,AOI_2_Vegas:-11528:3618,test,owlvit,blur_resize,fixed,5.0,0.5,0,0,50,5,0.0,owlvit
AOI_2_Vegas_img1197,AOI_2_Vegas,AOI_2_Vegas:-11528:3618,test,owlvit,blur_resize,fixed,10.0,0.5,0,0,50,0,0.0,owlvit
AOI_2_Vegas_img1215,AOI_2_Vegas,AOI_2_Vegas:-11528:3621,test,owlvit,blur_resize,fixed,0.3,0.5,17,121,29,15,2.35,owlvit
AOI_2_Vegas_img1215,AOI_2_Vegas,AOI_2_Vegas:-11528:3621,test,owlvit,blur_resize,fixed,0.45,0.5,19,91,29,17,2.55,owlvit
AOI_2_Vegas_img1215,AOI_2_Vegas,AOI_2_Vegas:-11528:3621,test,owlvit,blur_resize,fixed,0.6,0.5,18,76,29,17,2.2,owlvit
AOI_2_Vegas_img1215,AOI_2_Vegas,AOI_2_Vegas:-11528:3621,test,owlvit,blur_resize,fixed,0.9,0.5,17,62,29,19,2.1,owlvit
AOI_2_Vegas_img1215,AOI_2_Vegas,AOI_2_Vegas:-11528:3621,test,owlvit,blur_resize,fixed,1.2,0.5,15,42,29,20,1.8,owlvit
AOI_2_Vegas_img1215,AOI_2_Vegas,AOI_2_Vegas:-11528:3621,test,owlvit,blur_resize,fixed,1.8,0.5,11,23,29,17,1.1,owlvit
AOI_2_Vegas_img1215,AOI_2_Vegas,AOI_2_Vegas:-11528:3621,test,owlvit,blur_resize,fixed,2.4,0.5,0,0,29,0,0.0,owlvit
AOI_2_Vegas_img1215,AOI_2_Vegas,AOI_2_Vegas:-11528:3621,test,owlvit,blur_resize,fixed,3.6,0.5,0,0,29,1,0.0,owlvit
AOI_2_Vegas_img1215,AOI_2_Vegas,AOI_2_Vegas:-11528:3621,test,owlvit,blur_resize,fixed,5.0,0.5,0,0,29,1,0.0,owlvit
AOI_2_Vegas_img1215,AOI_2_Vegas,AOI_2_Vegas:-11528:3621,test,owlvit,blur_resize,fixed,10.0,0.5,0,0,29,0,0.0,owlvit
AOI_2_Vegas_img1216,AOI_2_Vegas,AOI_2_Vegas:-11528:3621,test,owlvit,blur_resize,fixed,0.3,0.5,14,85,31,30,0.9,owlvit
AOI_2_Vegas_img1216,AOI_2_Vegas,AOI_2_Vegas:-11528:3621,test,owlvit,blur_resize,fixed,0.45,0.5,14,63,31,31,0.8,owlvit
AOI_2_Vegas_img1216,AOI_2_Vegas,AOI_2_Vegas:-11528:3621,test,owlvit,blur_resize,fixed,0.6,0.5,13,43,31,28,0.45,owlvit
AOI_2_Vegas_img1216,AOI_2_Vegas,AOI_2_Vegas:-11528:3621,test,owlvit,blur_resize,fixed,0.9,0.5,13,32,31,25,0.45,owlvit
AOI_2_Vegas_img1216,AOI_2_Vegas,AOI_2_Vegas:-11528:3621,test,owlvit,blur_resize,fixed,1.2,0.5,8,25,31,21,0.4,owlvit
AOI_2_Vegas_img1216,AOI_2_Vegas,AOI_2_Vegas:-11528:3621,test,owlvit,blur_resize,fixed,1.8,0.5,1,1,31,11,0.0,owlvit
AOI_2_Vegas_img1216,AOI_2_Vegas,AOI_2_Vegas:-11528:3621,test,owlvit,blur_resize,fixed,2.4,0.5,0,0,31,5,0.0,owlvit
AOI_2_Vegas_img1216,AOI_2_Vegas,AOI_2_Vegas:-11528:3621,test,owlvit,blur_resize,fixed,3.6,0.5,0,0,31,2,0.0,owlvit
AOI_2_Vegas_img1216,AOI_2_Vegas,AOI_2_Vegas:-11528:3621,test,owlvit,blur_resize,fixed,5.0,0.5,0,0,31,1,0.0,owlvit
AOI_2_Vegas_img1216,AOI_2_Vegas,AOI_2_Vegas:-11528:3621,test,owlvit,blur_resize,fixed,10.0,0.5,0,0,31,0,0.0,owlvit
AOI_2_Vegas_img1217,AOI_2_Vegas,AOI_2_Vegas:-11528:3621,test,owlvit,blur_resize,fixed,0.3,0.5,28,82,52,43,1.75,owlvit
AOI_2_Vegas_img1217,AOI_2_Vegas,AOI_2_Vegas:-11528:3621,test,owlvit,blur_resize,fixed,0.45,0.5,24,72,52,41,1.9,owlvit
AOI_2_Vegas_img1217,AOI_2_Vegas,AOI_2_Vegas:-11528:3621,test,owlvit,blur_resize,fixed,0.6,0.5,23,65,52,32,1.45,owlvit
AOI_2_Vegas_img1217,AOI_2_Vegas,AOI_2_Vegas:-11528:3621,test,owlvit,blur_resize,fixed,0.9,0.5,14,43,52,31,0.75,owlvit
AOI_2_Vegas_img1217,AOI_2_Vegas,AOI_2_Vegas:-11528:3621,test,owlvit,blur_resize,fixed,1.2,0.5,1,12,52,19,0.1,owlvit
AOI_2_Vegas_img1217,AOI_2_Vegas,AOI_2_Vegas:-11528:3621,test,owlvit,blur_resize,fixed,1.8,0.5,0,0,52,2,0.0,owlvit
AOI_2_Vegas_img1217,AOI_2_Vegas,AOI_2_Vegas:-11528:3621,test,owlvit,blur_resize,fixed,2.4,0.5,0,0,52,2,0.0,owlvit
AOI_2_Vegas_img1217,AOI_2_Vegas,AOI_2_Vegas:-11528:3621,test,owlvit,blur_resize,fixed,3.6,0.5,0,0,52,1,0.0,owlvit
AOI_2_Vegas_img1217,AOI_2_Vegas,AOI_2_Vegas:-11528:3621,test,owlvit,blur_resize,fixed,5.0,0.5,0,0,52,1,0.0,owlvit
AOI_2_Vegas_img1217,AOI_2_Vegas,AOI_2_Vegas:-11528:3621,test,owlvit,blur_resize,fixed,10.0,0.5,0,0,52,0,0.0,owlvit
AOI_2_Vegas_img1246,AOI_2_Vegas,AOI_2_Vegas:-11528:3615,test,owlvit,blur_resize,fixed,0.3,0.5,16,63,40,34,1.3,owlvit
AOI_2_Vegas_img1246,AOI_2_Vegas,AOI_2_Vegas:-11528:3615,test,owlvit,blur_resize,fixed,0.45,0.5,13,46,40,33,1.3,owlvit
AOI_2_Vegas_img1246,AOI_2_Vegas,AOI_2_Vegas:-11528:3615,test,owlvit,blur_resize,fixed,0.6,0.5,14,35,40,28,0.65,owlvit
AOI_2_Vegas_img1246,AOI_2_Vegas,AOI_2_Vegas:-11528:3615,test,owlvit,blur_resize,fixed,0.9,0.5,12,26,40,26,0.95,owlvit
AOI_2_Vegas_img1246,AOI_2_Vegas,AOI_2_Vegas:-11528:3615,test,owlvit,blur_resize,fixed,1.2,0.5,4,6,40,8,0.3,owlvit
AOI_2_Vegas_img1246,AOI_2_Vegas,AOI_2_Vegas:-11528:3615,test,owlvit,blur_resize,fixed,1.8,0.5,0,0,40,3,0.0,owlvit
AOI_2_Vegas_img1246,AOI_2_Vegas,AOI_2_Vegas:-11528:3615,test,owlvit,blur_resize,fixed,2.4,0.5,0,0,40,4,0.0,owlvit
AOI_2_Vegas_img1246,AOI_2_Vegas,AOI_2_Vegas:-11528:3615,test,owlvit,blur_resize,fixed,3.6,0.5,0,0,40,3,0.0,owlvit
AOI_2_Vegas_img1246,AOI_2_Vegas,AOI_2_Vegas:-11528:3615,test,owlvit,blur_resize,fixed,5.0,0.5,0,0,40,4,0.0,owlvit
AOI_2_Vegas_img1246,AOI_2_Vegas,AOI_2_Vegas:-11528:3615,test,owlvit,blur_resize,fixed,10.0,0.5,0,0,40,1,0.0,owlvit
AOI_2_Vegas_img1290,AOI_2_Vegas,AOI_2_Vegas:-11528:3623,test,owlvit,blur_resize,fixed,0.3,0.5,17,43,45,37,0.75,owlvit
AOI_2_Vegas_img1290,AOI_2_Vegas,AOI_2_Vegas:-11528:3623,test,owlvit,blur_resize,fixed,0.45,0.5,11,30,45,41,0.65,owlvit
AOI_2_Vegas_img1290,AOI_2_Vegas,AOI_2_Vegas:-11528:3623,test,owlvit,blur_resize,fixed,0.6,0.5,9,22,45,32,0.25,owlvit
AOI_2_Vegas_img1290,AOI_2_Vegas,AOI_2_Vegas:-11528:3623,test,owlvit,blur_resize,fixed,0.9,0.5,7,18,45,29,0.15,owlvit
AOI_2_Vegas_img1290,AOI_2_Vegas,AOI_2_Vegas:-11528:3623,test,owlvit,blur_resize,fixed,1.2,0.5,3,12,45,26,0.15,owlvit
AOI_2_Vegas_img1290,AOI_2_Vegas,AOI_2_Vegas:-11528:3623,test,owlvit,blur_resize,fixed,1.8,0.5,3,5,45,15,0.05,owlvit
AOI_2_Vegas_img1290,AOI_2_Vegas,AOI_2_Vegas:-11528:3623,test,owlvit,blur_resize,fixed,2.4,0.5,1,1,45,9,0.0,owlvit
AOI_2_Vegas_img1290,AOI_2_Vegas,AOI_2_Vegas:-11528:3623,test,owlvit,blur_resize,fixed,3.6,0.5,0,0,45,8,0.0,owlvit
AOI_2_Vegas_img1290,AOI_2_Vegas,AOI_2_Vegas:-11528:3623,test,owlvit,blur_resize,fixed,5.0,0.5,0,0,45,6,0.0,owlvit
AOI_2_Vegas_img1290,AOI_2_Vegas,AOI_2_Vegas:-11528:3623,test,owlvit,blur_resize,fixed,10.0,0.5,0,0,45,0,0.0,owlvit
AOI_2_Vegas_img1381,AOI_2_Vegas,AOI_2_Vegas:-11527:3617,test,owlvit,blur_resize,fixed,0.3,0.5,21,60,52,28,2.15,owlvit
AOI_2_Vegas_img1381,AOI_2_Vegas,AOI_2_Vegas:-11527:3617,test,owlvit,blur_resize,fixed,0.45,0.5,23,57,52,26,2.1,owlvit
AOI_2_Vegas_img1381,AOI_2_Vegas,AOI_2_Vegas:-11527:3617,test,owlvit,blur_resize,fixed,0.6,0.5,19,50,52,25,1.8,owlvit
AOI_2_Vegas_img1381,AOI_2_Vegas,AOI_2_Vegas:-11527:3617,test,owlvit,blur_resize,fixed,0.9,0.5,15,40,52,23,1.45,owlvit
AOI_2_Vegas_img1381,AOI_2_Vegas,AOI_2_Vegas:-11527:3617,test,owlvit,blur_resize,fixed,1.2,0.5,11,24,52,19,0.7,owlvit
AOI_2_Vegas_img1381,AOI_2_Vegas,AOI_2_Vegas:-11527:3617,test,owlvit,blur_resize,fixed,1.8,0.5,2,3,52,4,0.3,owlvit
AOI_2_Vegas_img1381,AOI_2_Vegas,AOI_2_Vegas:-11527:3617,test,owlvit,blur_resize,fixed,2.4,0.5,0,0,52,1,0.0,owlvit
AOI_2_Vegas_img1381,AOI_2_Vegas,AOI_2_Vegas:-11527:3617,test,owlvit,blur_resize,fixed,3.6,0.5,0,0,52,1,0.0,owlvit
AOI_2_Vegas_img1381,AOI_2_Vegas,AOI_2_Vegas:-11527:3617,test,owlvit,blur_resize,fixed,5.0,0.5,0,0,52,1,0.0,owlvit
AOI_2_Vegas_img1381,AOI_2_Vegas,AOI_2_Vegas:-11527:3617,test,owlvit,blur_resize,fixed,10.0,0.5,0,0,52,0,0.0,owlvit
AOI_2_Vegas_img139,AOI_2_Vegas,AOI_2_Vegas:-11531:3617,test,owlvit,blur_resize,fixed,0.3,0.5,8,68,26,33,0.65,owlvit
AOI_2_Vegas_img139,AOI_2_Vegas,AOI_2_Vegas:-11531:3617,test,owlvit,blur_resize,fixed,0.45,0.5,6,49,26,32,0.5,owlvit
AOI_2_Vegas_img139,AOI_2_Vegas,AOI_2_Vegas:-11531:3617,test,owlvit,blur_resize,fixed,0.6,0.5,8,40,26,28,0.6,owlvit
AOI_2_Vegas_img139,AOI_2_Vegas,AOI_2_Vegas:-11531:3617,test,owlvit,blur_resize,fixed,0.9,0.5,6,25,26,35,0.35,owlvit
AOI_2_Vegas_img139,AOI_2_Vegas,AOI_2_Vegas:-11531:3617,test,owlvit,blur_resize,fixed,1.2,0.5,3,9,26,25,0.2,owlvit
AOI_2_Vegas_img139,AOI_2_Vegas,AOI_2_Vegas:-11531:3617,test,owlvit,blur_resize,fixed,1.8,0.5,0,0,26,11,0.0,owlvit
AOI_2_Vegas_img139,AOI_2_Vegas,AOI_2_Vegas:-11531:3617,test,owlvit,blur_resize,fixed,2.4,0.5,0,0,26,6,0.0,owlvit
AOI_2_Vegas_img139,AOI_2_Vegas,AOI_2_Vegas:-11531:3617,test,owlvit,blur_resize,fixed,3.6,0.5,0,0,26,3,0.0,owlvit
AOI_2_Vegas_img139,AOI_2_Vegas,AOI_2_Vegas:-11531:3617,test,owlvit,blur_resize,fixed,5.0,0.5,0,0,26,2,0.0,owlvit
AOI_2_Vegas_img139,AOI_2_Vegas,AOI_2_Vegas:-11531:3617,test,owlvit,blur_resize,fixed,10.0,0.5,0,0,26,0,0.0,owlvit
AOI_2_Vegas_img1489,AOI_2_Vegas,AOI_2_Vegas:-11527:3614,test,owlvit,blur_resize,fixed,0.3,0.5,1,2,14,17,0.05,owlvit
AOI_2_Vegas_img1489,AOI_2_Vegas,AOI_2_Vegas:-11527:3614,test,owlvit,blur_resize,fixed,0.45,0.5,0,0,14,8,0.0,owlvit
AOI_2_Vegas_img1489,AOI_2_Vegas,AOI_2_Vegas:-11527:3614,test,owlvit,blur_resize,fixed,0.6,0.5,0,0,14,7,0.0,owlvit
AOI_2_Vegas_img1489,AOI_2_Vegas,AOI_2_Vegas:-11527:3614,test,owlvit,blur_resize,fixed,0.9,0.5,0,0,14,3,0.0,owlvit
AOI_2_Vegas_img1489,AOI_2_Vegas,AOI_2_Vegas:-11527:3614,test,owlvit,blur_resize,fixed,1.2,0.5,0,0,14,3,0.0,owlvit
AOI_2_Vegas_img1489,AOI_2_Vegas,AOI_2_Vegas:-11527:3614,test,owlvit,blur_resize,fixed,1.8,0.5,0,0,14,1,0.0,owlvit
AOI_2_Vegas_img1489,AOI_2_Vegas,AOI_2_Vegas:-11527:3614,test,owlvit,blur_resize,fixed,2.4,0.5,0,0,14,3,0.0,owlvit
AOI_2_Vegas_img1489,AOI_2_Vegas,AOI_2_Vegas:-11527:3614,test,owlvit,blur_resize,fixed,3.6,0.5,0,0,14,6,0.0,owlvit
AOI_2_Vegas_img1489,AOI_2_Vegas,AOI_2_Vegas:-11527:3614,test,owlvit,blur_resize,fixed,5.0,0.5,0,0,14,4,0.0,owlvit
AOI_2_Vegas_img1489,AOI_2_Vegas,AOI_2_Vegas:-11527:3614,test,owlvit,blur_resize,fixed,10.0,0.5,0,0,14,3,0.0,owlvit
AOI_2_Vegas_img1504,AOI_2_Vegas,AOI_2_Vegas:-11527:3616,test,owlvit,blur_resize,fixed,0.3,0.5,1,23,11,16,0.0,owlvit
AOI_2_Vegas_img1504,AOI_2_Vegas,AOI_2_Vegas:-11527:3616,test,owlvit,blur_resize,fixed,0.45,0.5,0,10,11,10,0.05,owlvit
AOI_2_Vegas_img1504,AOI_2_Vegas,AOI_2_Vegas:-11527:3616,test,owlvit,blur_resize,fixed,0.6,0.5,0,4,11,3,0.0,owlvit
AOI_2_Vegas_img1504,AOI_2_Vegas,AOI_2_Vegas:-11527:3616,test,owlvit,blur_resize,fixed,0.9,0.5,0,1,11,0,0.0,owlvit
AOI_2_Vegas_img1504,AOI_2_Vegas,AOI_2_Vegas:-11527:3616,test,owlvit,blur_resize,fixed,1.2,0.5,0,0,11,0,0.0,owlvit
AOI_2_Vegas_img1504,AOI_2_Vegas,AOI_2_Vegas:-11527:3616,test,owlvit,blur_resize,fixed,1.8,0.5,0,0,11,0,0.0,owlvit
AOI_2_Vegas_img1504,AOI_2_Vegas,AOI_2_Vegas:-11527:3616,test,owlvit,blur_resize,fixed,2.4,0.5,0,0,11,2,0.0,owlvit
AOI_2_Vegas_img1504,AOI_2_Vegas,AOI_2_Vegas:-11527:3616,test,owlvit,blur_resize,fixed,3.6,0.5,0,0,11,7,0.0,owlvit
AOI_2_Vegas_img1504,AOI_2_Vegas,AOI_2_Vegas:-11527:3616,test,owlvit,blur_resize,fixed,5.0,0.5,0,0,11,0,0.0,owlvit
AOI_2_Vegas_img1504,AOI_2_Vegas,AOI_2_Vegas:-11527:3616,test,owlvit,blur_resize,fixed,10.0,0.5,0,0,11,0,0.0,owlvit
AOI_2_Vegas_img1510,AOI_2_Vegas,AOI_2_Vegas:-11527:3618,test,owlvit,blur_resize,fixed,0.3,0.5,0,3,1,19,0.0,owlvit
AOI_2_Vegas_img1510,AOI_2_Vegas,AOI_2_Vegas:-11527:3618,test,owlvit,blur_resize,fixed,0.45,0.5,0,3,1,13,0.0,owlvit
AOI_2_Vegas_img1510,AOI_2_Vegas,AOI_2_Vegas:-11527:3618,test,owlvit,blur_resize,fixed,0.6,0.5,0,1,1,11,0.0,owlvit
AOI_2_Vegas_img1510,AOI_2_Vegas,AOI_2_Vegas:-11527:3618,test,owlvit,blur_resize,fixed,0.9,0.5,0,0,1,9,0.0,owlvit
AOI_2_Vegas_img1510,AOI_2_Vegas,AOI_2_Vegas:-11527:3618,test,owlvit,blur_resize,fixed,1.2,0.5,0,0,1,5,0.0,owlvit
AOI_2_Vegas_img1510,AOI_2_Vegas,AOI_2_Vegas:-11527:3618,test,owlvit,blur_resize,fixed,1.8,0.5,0,0,1,6,0.0,owlvit
AOI_2_Vegas_img1510,AOI_2_Vegas,AOI_2_Vegas:-11527:3618,test,owlvit,blur_resize,fixed,2.4,0.5,0,0,1,4,0.0,owlvit
AOI_2_Vegas_img1510,AOI_2_Vegas,AOI_2_Vegas:-11527:3618,test,owlvit,blur_resize,fixed,3.6,0.5,0,0,1,2,0.0,owlvit
AOI_2_Vegas_img1510,AOI_2_Vegas,AOI_2_Vegas:-11527:3618,test,owlvit,blur_resize,fixed,5.0,0.5,0,0,1,1,0.0,owlvit
AOI_2_Vegas_img1510,AOI_2_Vegas,AOI_2_Vegas:-11527:3618,test,owlvit,blur_resize,fixed,10.0,0.5,0,0,1,0,0.0,owlvit
AOI_2_Vegas_img1536,AOI_2_Vegas,AOI_2_Vegas:-11527:3622,test,owlvit,blur_resize,fixed,0.3,0.5,4,4,24,20,0.0,owlvit
AOI_2_Vegas_img1536,AOI_2_Vegas,AOI_2_Vegas:-11527:3622,test,owlvit,blur_resize,fixed,0.45,0.5,3,3,24,18,0.05,owlvit
AOI_2_Vegas_img1536,AOI_2_Vegas,AOI_2_Vegas:-11527:3622,test,owlvit,blur_resize,fixed,0.6,0.5,3,3,24,15,0.0,owlvit
AOI_2_Vegas_img1536,AOI_2_Vegas,AOI_2_Vegas:-11527:3622,test,owlvit,blur_resize,fixed,0.9,0.5,1,1,24,13,0.0,owlvit
AOI_2_Vegas_img1536,AOI_2_Vegas,AOI_2_Vegas:-11527:3622,test,owlvit,blur_resize,fixed,1.2,0.5,1,1,24,9,0.0,owlvit
AOI_2_Vegas_img1536,AOI_2_Vegas,AOI_2_Vegas:-11527:3622,test,owlvit,blur_resize,fixed,1.8,0.5,0,0,24,4,0.0,owlvit
AOI_2_Vegas_img1536,AOI_2_Vegas,AOI_2_Vegas:-11527:3622,test,owlvit,blur_resize,fixed,2.4,0.5,0,0,24,4,0.0,owlvit
AOI_2_Vegas_img1536,AOI_2_Vegas,AOI_2_Vegas:-11527:3622,test,owlvit,blur_resize,fixed,3.6,0.5,0,0,24,3,0.0,owlvit
AOI_2_Vegas_img1536,AOI_2_Vegas,AOI_2_Vegas:-11527:3622,test,owlvit,blur_resize,fixed,5.0,0.5,0,0,24,4,0.0,owlvit
AOI_2_Vegas_img1536,AOI_2_Vegas,AOI_2_Vegas:-11527:3622,test,owlvit,blur_resize,fixed,10.0,0.5,0,0,24,0,0.0,owlvit
AOI_2_Vegas_img1540,AOI_2_Vegas,AOI_2_Vegas:-11527:3623,test,owlvit,blur_resize,fixed,0.3,0.5,15,56,36,37,1.15,owlvit
AOI_2_Vegas_img1540,AOI_2_Vegas,AOI_2_Vegas:-11527:3623,test,owlvit,blur_resize,fixed,0.45,0.5,15,42,36,36,0.7,owlvit
AOI_2_Vegas_img1540,AOI_2_Vegas,AOI_2_Vegas:-11527:3623,test,owlvit,blur_resize,fixed,0.6,0.5,10,22,36,30,0.3,owlvit
AOI_2_Vegas_img1540,AOI_2_Vegas,AOI_2_Vegas:-11527:3623,test,owlvit,blur_resize,fixed,0.9,0.5,4,14,36,31,0.25,owlvit
AOI_2_Vegas_img1540,AOI_2_Vegas,AOI_2_Vegas:-11527:3623,test,owlvit,blur_resize,fixed,1.2,0.5,2,8,36,26,0.1,owlvit
AOI_2_Vegas_img1540,AOI_2_Vegas,AOI_2_Vegas:-11527:3623,test,owlvit,blur_resize,fixed,1.8,0.5,2,5,36,20,0.0,owlvit
AOI_2_Vegas_img1540,AOI_2_Vegas,AOI_2_Vegas:-11527:3623,test,owlvit,blur_resize,fixed,2.4,0.5,2,7,36,30,0.05,owlvit
AOI_2_Vegas_img1540,AOI_2_Vegas,AOI_2_Vegas:-11527:3623,test,owlvit,blur_resize,fixed,3.6,0.5,0,0,36,28,0.0,owlvit
AOI_2_Vegas_img1540,AOI_2_Vegas,AOI_2_Vegas:-11527:3623,test,owlvit,blur_resize,fixed,5.0,0.5,0,0,36,16,0.0,owlvit
AOI_2_Vegas_img1540,AOI_2_Vegas,AOI_2_Vegas:-11527:3623,test,owlvit,blur_resize,fixed,10.0,0.5,0,0,36,0,0.0,owlvit
AOI_2_Vegas_img1542,AOI_2_Vegas,AOI_2_Vegas:-11527:3612,test,owlvit,blur_resize,fixed,0.3,0.5,0,0,61,18,0.0,owlvit
AOI_2_Vegas_img1542,AOI_2_Vegas,AOI_2_Vegas:-11527:3612,test,owlvit,blur_resize,fixed,0.45,0.5,0,0,61,13,0.0,owlvit
AOI_2_Vegas_img1542,AOI_2_Vegas,AOI_2_Vegas:-11527:3612,test,owlvit,blur_resize,fixed,0.6,0.5,0,0,61,13,0.0,owlvit
AOI_2_Vegas_img1542,AOI_2_Vegas,AOI_2_Vegas:-11527:3612,test,owlvit,blur_resize,fixed,0.9,0.5,0,0,61,8,0.0,owlvit
AOI_2_Vegas_img1542,AOI_2_Vegas,AOI_2_Vegas:-11527:3612,test,owlvit,blur_resize,fixed,1.2,0.5,0,0,61,8,0.0,owlvit
AOI_2_Vegas_img1542,AOI_2_Vegas,AOI_2_Vegas:-11527:3612,test,owlvit,blur_resize,fixed,1.8,0.5,0,0,61,3,0.0,owlvit
AOI_2_Vegas_img1542,AOI_2_Vegas,AOI_2_Vegas:-11527:3612,test,owlvit,blur_resize,fixed,2.4,0.5,0,0,61,2,0.0,owlvit
AOI_2_Vegas_img1542,AOI_2_Vegas,AOI_2_Vegas:-11527:3612,test,owlvit,blur_resize,fixed,3.6,0.5,0,0,61,1,0.0,owlvit
AOI_2_Vegas_img1542,AOI_2_Vegas,AOI_2_Vegas:-11527:3612,test,owlvit,blur_resize,fixed,5.0,0.5,0,0,61,1,0.0,owlvit
AOI_2_Vegas_img1542,AOI_2_Vegas,AOI_2_Vegas:-11527:3612,test,owlvit,blur_resize,fixed,10.0,0.5,0,0,61,0,0.0,owlvit
AOI_2_Vegas_img1548,AOI_2_Vegas,AOI_2_Vegas:-11527:3613,test,owlvit,blur_resize,fixed,0.3,0.5,6,65,26,53,0.25,owlvit
AOI_2_Vegas_img1548,AOI_2_Vegas,AOI_2_Vegas:-11527:3613,test,owlvit,blur_resize,fixed,0.45,0.5,5,49,26,47,0.4,owlvit
AOI_2_Vegas_img1548,AOI_2_Vegas,AOI_2_Vegas:-11527:3613,test,owlvit,blur_resize,fixed,0.6,0.5,4,38,26,48,0.4,owlvit
AOI_2_Vegas_img1548,AOI_2_Vegas,AOI_2_Vegas:-11527:3613,test,owlvit,blur_resize,fixed,0.9,0.5,5,32,26,42,0.4,owlvit
AOI_2_Vegas_img1548,AOI_2_Vegas,AOI_2_Vegas:-11527:3613,test,owlvit,blur_resize,fixed,1.2,0.5,3,17,26,35,0.25,owlvit
AOI_2_Vegas_img1548,AOI_2_Vegas,AOI_2_Vegas:-11527:3613,test,owlvit,blur_resize,fixed,1.8,0.5,3,5,26,20,0.2,owlvit
AOI_2_Vegas_img1548,AOI_2_Vegas,AOI_2_Vegas:-11527:3613,test,owlvit,blur_resize,fixed,2.4,0.5,0,0,26,6,0.0,owlvit
AOI_2_Vegas_img1548,AOI_2_Vegas,AOI_2_Vegas:-11527:3613,test,owlvit,blur_resize,fixed,3.6,0.5,0,0,26,2,0.0,owlvit
AOI_2_Vegas_img1548,AOI_2_Vegas,AOI_2_Vegas:-11527:3613,test,owlvit,blur_resize,fixed,5.0,0.5,0,0,26,1,0.0,owlvit
AOI_2_Vegas_img1548,AOI_2_Vegas,AOI_2_Vegas:-11527:3613,test,owlvit,blur_resize,fixed,10.0,0.5,0,0,26,0,0.0,owlvit
AOI_2_Vegas_img1566,AOI_2_Vegas,AOI_2_Vegas:-11527:3616,test,owlvit,blur_resize,fixed,0.3,0.5,4,55,16,49,0.1,owlvit
AOI_2_Vegas_img1566,AOI_2_Vegas,AOI_2_Vegas:-11527:3616,test,owlvit,blur_resize,fixed,0.45,0.5,1,19,16,33,0.0,owlvit
AOI_2_Vegas_img1566,AOI_2_Vegas,AOI_2_Vegas:-11527:3616,test,owlvit,blur_resize,fixed,0.6,0.5,1,15,16,27,0.0,owlvit
AOI_2_Vegas_img1566,AOI_2_Vegas,AOI_2_Vegas:-11527:3616,test,owlvit,blur_resize,fixed,0.9,0.5,1,15,16,24,0.05,owlvit
AOI_2_Vegas_img1566,AOI_2_Vegas,AOI_2_Vegas:-11527:3616,test,owlvit,blur_resize,fixed,1.2,0.5,1,9,16,21,0.0,owlvit
AOI_2_Vegas_img1566,AOI_2_Vegas,AOI_2_Vegas:-11527:3616,test,owlvit,blur_resize,fixed,1.8,0.5,1,2,16,10,0.0,owlvit
AOI_2_Vegas_img1566,AOI_2_Vegas,AOI_2_Vegas:-11527:3616,test,owlvit,blur_resize,fixed,2.4,0.5,0,1,16,10,0.0,owlvit
AOI_2_Vegas_img1566,AOI_2_Vegas,AOI_2_Vegas:-11527:3616,test,owlvit,blur_resize,fixed,3.6,0.5,0,0,16,3,0.0,owlvit
AOI_2_Vegas_img1566,AOI_2_Vegas,AOI_2_Vegas:-11527:3616,test,owlvit,blur_resize,fixed,5.0,0.5,0,0,16,3,0.0,owlvit
AOI_2_Vegas_img1566,AOI_2_Vegas,AOI_2_Vegas:-11527:3616,test,owlvit,blur_resize,fixed,10.0,0.5,0,0,16,0,0.0,owlvit
AOI_2_Vegas_img1582,AOI_2_Vegas,AOI_2_Vegas:-11527:3619,test,owlvit,blur_resize,fixed,0.3,0.5,5,70,19,64,0.1,owlvit
AOI_2_Vegas_img1582,AOI_2_Vegas,AOI_2_Vegas:-11527:3619,test,owlvit,blur_resize,fixed,0.45,0.5,5,59,19,63,0.2,owlvit
AOI_2_Vegas_img1582,AOI_2_Vegas,AOI_2_Vegas:-11527:3619,test,owlvit,blur_resize,fixed,0.6,0.5,4,35,19,61,0.05,owlvit
AOI_2_Vegas_img1582,AOI_2_Vegas,AOI_2_Vegas:-11527:3619,test,owlvit,blur_resize,fixed,0.9,0.5,3,28,19,56,0.1,owlvit
AOI_2_Vegas_img1582,AOI_2_Vegas,AOI_2_Vegas:-11527:3619,test,owlvit,blur_resize,fixed,1.2,0.5,2,19,19,46,0.0,owlvit
AOI_2_Vegas_img1582,AOI_2_Vegas,AOI_2_Vegas:-11527:3619,test,owlvit,blur_resize,fixed,1.8,0.5,0,4,19,30,0.0,owlvit
AOI_2_Vegas_img1582,AOI_2_Vegas,AOI_2_Vegas:-11527:3619,test,owlvit,blur_resize,fixed,2.4,0.5,0,2,19,21,0.0,owlvit
AOI_2_Vegas_img1582,AOI_2_Vegas,AOI_2_Vegas:-11527:3619,test,owlvit,blur_resize,fixed,3.6,0.5,0,0,19,8,0.0,owlvit
AOI_2_Vegas_img1582,AOI_2_Vegas,AOI_2_Vegas:-11527:3619,test,owlvit,blur_resize,fixed,5.0,0.5,0,0,19,2,0.0,owlvit
AOI_2_Vegas_img1582,AOI_2_Vegas,AOI_2_Vegas:-11527:3619,test,owlvit,blur_resize,fixed,10.0,0.5,0,0,19,1,0.0,owlvit
AOI_2_Vegas_img1601,AOI_2_Vegas,AOI_2_Vegas:-11527:3623,test,owlvit,blur_resize,fixed,0.3,0.5,4,48,17,50,0.4,owlvit
AOI_2_Vegas_img1601,AOI_2_Vegas,AOI_2_Vegas:-11527:3623,test,owlvit,blur_resize,fixed,0.45,0.5,5,34,17,47,0.35,owlvit
AOI_2_Vegas_img1601,AOI_2_Vegas,AOI_2_Vegas:-11527:3623,test,owlvit,blur_resize,fixed,0.6,0.5,3,35,17,48,0.3,owlvit
AOI_2_Vegas_img1601,AOI_2_Vegas,AOI_2_Vegas:-11527:3623,test,owlvit,blur_resize,fixed,0.9,0.5,4,26,17,45,0.2,owlvit
AOI_2_Vegas_img1601,AOI_2_Vegas,AOI_2_Vegas:-11527:3623,test,owlvit,blur_resize,fixed,1.2,0.5,3,17,17,44,0.15,owlvit
AOI_2_Vegas_img1601,AOI_2_Vegas,AOI_2_Vegas:-11527:3623,test,owlvit,blur_resize,fixed,1.8,0.5,2,6,17,36,0.15,owlvit
AOI_2_Vegas_img1601,AOI_2_Vegas,AOI_2_Vegas:-11527:3623,test,owlvit,blur_resize,fixed,2.4,0.5,1,2,17,17,0.0,owlvit
AOI_2_Vegas_img1601,AOI_2_Vegas,AOI_2_Vegas:-11527:3623,test,owlvit,blur_resize,fixed,3.6,0.5,0,0,17,3,0.0,owlvit
AOI_2_Vegas_img1601,AOI_2_Vegas,AOI_2_Vegas:-11527:3623,test,owlvit,blur_resize,fixed,5.0,0.5,0,0,17,1,0.0,owlvit
AOI_2_Vegas_img1601,AOI_2_Vegas,AOI_2_Vegas:-11527:3623,test,owlvit,blur_resize,fixed,10.0,0.5,0,0,17,1,0.0,owlvit
AOI_2_Vegas_img1605,AOI_2_Vegas,AOI_2_Vegas:-11527:3612,test,owlvit,blur_resize,fixed,0.3,0.5,13,22,22,40,0.0,owlvit
AOI_2_Vegas_img1605,AOI_2_Vegas,AOI_2_Vegas:-11527:3612,test,owlvit,blur_resize,fixed,0.45,0.5,11,22,22,32,0.1,owlvit
AOI_2_Vegas_img1605,AOI_2_Vegas,AOI_2_Vegas:-11527:3612,test,owlvit,blur_resize,fixed,0.6,0.5,9,19,22,29,0.1,owlvit
AOI_2_Vegas_img1605,AOI_2_Vegas,AOI_2_Vegas:-11527:3612,test,owlvit,blur_resize,fixed,0.9,0.5,10,18,22,26,0.05,owlvit
AOI_2_Vegas_img1605,AOI_2_Vegas,AOI_2_Vegas:-11527:3612,test,owlvit,blur_resize,fixed,1.2,0.5,8,18,22,22,0.25,owlvit
AOI_2_Vegas_img1605,AOI_2_Vegas,AOI_2_Vegas:-11527:3612,test,owlvit,blur_resize,fixed,1.8,0.5,0,0,22,17,0.0,owlvit
AOI_2_Vegas_img1605,AOI_2_Vegas,AOI_2_Vegas:-11527:3612,test,owlvit,blur_resize,fixed,2.4,0.5,0,0,22,12,0.0,owlvit
AOI_2_Vegas_img1605,AOI_2_Vegas,AOI_2_Vegas:-11527:3612,test,owlvit,blur_resize,fixed,3.6,0.5,0,0,22,12,0.0,owlvit
AOI_2_Vegas_img1605,AOI_2_Vegas,AOI_2_Vegas:-11527:3612,test,owlvit,blur_resize,fixed,5.0,0.5,0,0,22,5,0.0,owlvit
AOI_2_Vegas_img1605,AOI_2_Vegas,AOI_2_Vegas:-11527:3612,test,owlvit,blur_resize,fixed,10.0,0.5,0,0,22,1,0.0,owlvit
AOI_2_Vegas_img1626,AOI_2_Vegas,AOI_2_Vegas:-11527:3616,test,owlvit,blur_resize,fixed,0.3,0.5,19,29,38,29,0.75,owlvit
AOI_2_Vegas_img1626,AOI_2_Vegas,AOI_2_Vegas:-11527:3616,test,owlvit,blur_resize,fixed,0.45,0.5,14,29,38,27,1.15,owlvit
AOI_2_Vegas_img1626,AOI_2_Vegas,AOI_2_Vegas:-11527:3616,test,owlvit,blur_resize,fixed,0.6,0.5,13,25,38,25,0.8,owlvit
AOI_2_Vegas_img1626,AOI_2_Vegas,AOI_2_Vegas:-11527:3616,test,owlvit,blur_resize,fixed,0.9,0.5,10,21,38,27,0.7,owlvit
AOI_2_Vegas_img1626,AOI_2_Vegas,AOI_2_Vegas:-11527:3616,test,owlvit,blur_resize,fixed,1.2,0.5,4,12,38,15,0.25,owlvit
AOI_2_Vegas_img1626,AOI_2_Vegas,AOI_2_Vegas:-11527:3616,test,owlvit,blur_resize,fixed,1.8,0.5,0,1,38,6,0.0,owlvit
AOI_2_Vegas_img1626,AOI_2_Vegas,AOI_2_Vegas:-11527:3616,test,owlvit,blur_resize,fixed,2.4,0.5,0,0,38,4,0.0,owlvit
AOI_2_Vegas_img1626,AOI_2_Vegas,AOI_2_Vegas:-11527:3616,test,owlvit,blur_resize,fixed,3.6,0.5,0,0,38,4,0.0,owlvit
AOI_2_Vegas_img1626,AOI_2_Vegas,AOI_2_Vegas:-11527:3616,test,owlvit,blur_resize,fixed,5.0,0.5,0,0,38,2,0.0,owlvit
AOI_2_Vegas_img1626,AOI_2_Vegas,AOI_2_Vegas:-11527:3616,test,owlvit,blur_resize,fixed,10.0,0.5,0,0,38,0,0.0,owlvit
AOI_2_Vegas_img166,AOI_2_Vegas,AOI_2_Vegas:-11531:3612,test,owlvit,blur_resize,fixed,0.3,0.5,13,38,18,13,0.65,owlvit
AOI_2_Vegas_img166,AOI_2_Vegas,AOI_2_Vegas:-11531:3612,test,owlvit,blur_resize,fixed,0.45,0.5,14,35,18,10,0.55,owlvit
AOI_2_Vegas_img166,AOI_2_Vegas,AOI_2_Vegas:-11531:3612,test,owlvit,blur_resize,fixed,0.6,0.5,14,30,18,7,0.3,owlvit
AOI_2_Vegas_img166,AOI_2_Vegas,AOI_2_Vegas:-11531:3612,test,owlvit,blur_resize,fixed,0.9,0.5,13,32,18,7,0.95,owlvit
AOI_2_Vegas_img166,AOI_2_Vegas,AOI_2_Vegas:-11531:3612,test,owlvit,blur_resize,fixed,1.2,0.5,12,32,18,7,0.55,owlvit
AOI_2_Vegas_img166,AOI_2_Vegas,AOI_2_Vegas:-11531:3612,test,owlvit,blur_resize,fixed,1.8,0.5,9,13,18,3,0.2,owlvit
AOI_2_Vegas_img166,AOI_2_Vegas,AOI_2_Vegas:-11531:3612,test,owlvit,blur_resize,fixed,2.4,0.5,0,0,18,2,0.0,owlvit
AOI_2_Vegas_img166,AOI_2_Vegas,AOI_2_Vegas:-11531:3612,test,owlvit,blur_resize,fixed,3.6,0.5,2,2,18,1,0.1,owlvit
AOI_2_Vegas_img166,AOI_2_Vegas,AOI_2_Vegas:-11531:3612,test,owlvit,blur_resize,fixed,5.0,0.5,0,0,18,1,0.0,owlvit
AOI_2_Vegas_img166,AOI_2_Vegas,AOI_2_Vegas:-11531:3612,test,owlvit,blur_resize,fixed,10.0,0.5,0,0,18,1,0.0,owlvit
AOI_2_Vegas_img1669,AOI_2_Vegas,AOI_2_Vegas:-11526:3613,test,owlvit,blur_resize,fixed,0.3,0.5,9,74,28,38,0.9,owlvit
AOI_2_Vegas_img1669,AOI_2_Vegas,AOI_2_Vegas:-11526:3613,test,owlvit,blur_resize,fixed,0.45,0.5,8,48,28,34,0.5,owlvit
AOI_2_Vegas_img1669,AOI_2_Vegas,AOI_2_Vegas:-11526:3613,test,owlvit,blur_resize,fixed,0.6,0.5,7,38,28,38,0.35,owlvit
AOI_2_Vegas_img1669,AOI_2_Vegas,AOI_2_Vegas:-11526:3613,test,owlvit,blur_resize,fixed,0.9,0.5,4,18,28,31,0.2,owlvit
AOI_2_Vegas_img1669,AOI_2_Vegas,AOI_2_Vegas:-11526:3613,test,owlvit,blur_resize,fixed,1.2,0.5,4,10,28,21,0.3,owlvit
AOI_2_Vegas_img1669,AOI_2_Vegas,AOI_2_Vegas:-11526:3613,test,owlvit,blur_resize,fixed,1.8,0.5,4,5,28,9,0.2,owlvit
AOI_2_Vegas_img1669,AOI_2_Vegas,AOI_2_Vegas:-11526:3613,test,owlvit,blur_resize,fixed,2.4,0.5,3,7,28,37,0.1,owlvit
AOI_2_Vegas_img1669,AOI_2_Vegas,AOI_2_Vegas:-11526:3613,test,owlvit,blur_resize,fixed,3.6,0.5,0,0,28,3,0.0,owlvit
AOI_2_Vegas_img1669,AOI_2_Vegas,AOI_2_Vegas:-11526:3613,test,owlvit,blur_resize,fixed,5.0,0.5,0,0,28,2,0.0,owlvit
AOI_2_Vegas_img1669,AOI_2_Vegas,AOI_2_Vegas:-11526:3613,test,owlvit,blur_resize,fixed,10.0,0.5,0,0,28,0,0.0,owlvit
AOI_2_Vegas_img1671,AOI_2_Vegas,AOI_2_Vegas:-11526:3613,test,owlvit,blur_resize,fixed,0.3,0.5,4,49,21,38,0.4,owlvit
AOI_2_Vegas_img1671,AOI_2_Vegas,AOI_2_Vegas:-11526:3613,test,owlvit,blur_resize,fixed,0.45,0.5,5,35,21,43,0.2,owlvit
AOI_2_Vegas_img1671,AOI_2_Vegas,AOI_2_Vegas:-11526:3613,test,owlvit,blur_resize,fixed,0.6,0.5,6,35,21,40,0.45,owlvit
AOI_2_Vegas_img1671,AOI_2_Vegas,AOI_2_Vegas:-11526:3613,test,owlvit,blur_resize,fixed,0.9,0.5,6,24,21,42,0.35,owlvit
AOI_2_Vegas_img1671,AOI_2_Vegas,AOI_2_Vegas:-11526:3613,test,owlvit,blur_resize,fixed,1.2,0.5,4,13,21,29,0.15,owlvit
AOI_2_Vegas_img1671,AOI_2_Vegas,AOI_2_Vegas:-11526:3613,test,owlvit,blur_resize,fixed,1.8,0.5,1,4,21,12,0.05,owlvit
AOI_2_Vegas_img1671,AOI_2_Vegas,AOI_2_Vegas:-11526:3613,test,owlvit,blur_resize,fixed,2.4,0.5,0,0,21,11,0.0,owlvit
AOI_2_Vegas_img1671,AOI_2_Vegas,AOI_2_Vegas:-11526:3613,test,owlvit,blur_resize,fixed,3.6,0.5,0,0,21,4,0.0,owlvit
AOI_2_Vegas_img1671,AOI_2_Vegas,AOI_2_Vegas:-11526:3613,test,owlvit,blur_resize,fixed,5.0,0.5,0,0,21,1,0.0,owlvit
AOI_2_Vegas_img1671,AOI_2_Vegas,AOI_2_Vegas:-11526:3613,test,owlvit,blur_resize,fixed,10.0,0.5,0,0,21,0,0.0,owlvit
AOI_2_Vegas_img1697,AOI_2_Vegas,AOI_2_Vegas:-11526:3618,test,owlvit,blur_resize,fixed,0.3,0.5,4,16,9,48,0.2,owlvit
AOI_2_Vegas_img1697,AOI_2_Vegas,AOI_2_Vegas:-11526:3618,test,owlvit,blur_resize,fixed,0.45,0.5,3,7,9,38,0.05,owlvit
AOI_2_Vegas_img1697,AOI_2_Vegas,AOI_2_Vegas:-11526:3618,test,owlvit,blur_resize,fixed,0.6,0.5,2,2,9,31,0.05,owlvit
AOI_2_Vegas_img1697,AOI_2_Vegas,AOI_2_Vegas:-11526:3618,test,owlvit,blur_resize,fixed,0.9,0.5,0,0,9,16,0.0,owlvit
AOI_2_Vegas_img1697,AOI_2_Vegas,AOI_2_Vegas:-11526:3618,test,owlvit,blur_resize,fixed,1.2,0.5,0,0,9,7,0.0,owlvit
AOI_2_Vegas_img1697,AOI_2_Vegas,AOI_2_Vegas:-11526:3618,test,owlvit,blur_resize,fixed,1.8,0.5,0,0,9,4,0.0,owlvit
AOI_2_Vegas_img1697,AOI_2_Vegas,AOI_2_Vegas:-11526:3618,test,owlvit,blur_resize,fixed,2.4,0.5,0,0,9,2,0.0,owlvit
AOI_2_Vegas_img1697,AOI_2_Vegas,AOI_2_Vegas:-11526:3618,test,owlvit,blur_resize,fixed,3.6,0.5,0,0,9,1,0.0,owlvit
AOI_2_Vegas_img1697,AOI_2_Vegas,AOI_2_Vegas:-11526:3618,test,owlvit,blur_resize,fixed,5.0,0.5,0,0,9,2,0.0,owlvit
AOI_2_Vegas_img1697,AOI_2_Vegas,AOI_2_Vegas:-11526:3618,test,owlvit,blur_resize,fixed,10.0,0.5,0,0,9,1,0.0,owlvit
AOI_2_Vegas_img1746,AOI_2_Vegas,AOI_2_Vegas:-11526:3615,test,owlvit,blur_resize,fixed,0.3,0.5,5,43,18,35,0.05,owlvit
AOI_2_Vegas_img1746,AOI_2_Vegas,AOI_2_Vegas:-11526:3615,test,owlvit,blur_resize,fixed,0.45,0.5,4,27,18,34,0.25,owlvit
AOI_2_Vegas_img1746,AOI_2_Vegas,AOI_2_Vegas:-11526:3615,test,owlvit,blur_resize,fixed,0.6,0.5,3,17,18,27,0.2,owlvit
AOI_2_Vegas_img1746,AOI_2_Vegas,AOI_2_Vegas:-11526:3615,test,owlvit,blur_resize,fixed,0.9,0.5,2,15,18,27,0.0,owlvit
AOI_2_Vegas_img1746,AOI_2_Vegas,AOI_2_Vegas:-11526:3615,test,owlvit,blur_resize,fixed,1.2,0.5,2,10,18,22,0.0,owlvit
AOI_2_Vegas_img1746,AOI_2_Vegas,AOI_2_Vegas:-11526:3615,test,owlvit,blur_resize,fixed,1.8,0.5,1,1,18,20,0.0,owlvit
AOI_2_Vegas_img1746,AOI_2_Vegas,AOI_2_Vegas:-11526:3615,test,owlvit,blur_resize,fixed,2.4,0.5,0,0,18,15,0.0,owlvit
AOI_2_Vegas_img1746,AOI_2_Vegas,AOI_2_Vegas:-11526:3615,test,owlvit,blur_resize,fixed,3.6,0.5,0,0,18,6,0.0,owlvit
AOI_2_Vegas_img1746,AOI_2_Vegas,AOI_2_Vegas:-11526:3615,test,owlvit,blur_resize,fixed,5.0,0.5,0,0,18,4,0.0,owlvit
AOI_2_Vegas_img1746,AOI_2_Vegas,AOI_2_Vegas:-11526:3615,test,owlvit,blur_resize,fixed,10.0,0.5,0,0,18,0,0.0,owlvit
AOI_2_Vegas_img1762,AOI_2_Vegas,AOI_2_Vegas:-11526:3618,test,owlvit,blur_resize,fixed,0.3,0.5,4,6,71,17,0.2,owlvit
AOI_2_Vegas_img1762,AOI_2_Vegas,AOI_2_Vegas:-11526:3618,test,owlvit,blur_resize,fixed,0.45,0.5,1,1,71,9,0.05,owlvit
AOI_2_Vegas_img1762,AOI_2_Vegas,AOI_2_Vegas:-11526:3618,test,owlvit,blur_resize,fixed,0.6,0.5,0,0,71,11,0.0,owlvit
AOI_2_Vegas_img1762,AOI_2_Vegas,AOI_2_Vegas:-11526:3618,test,owlvit,blur_resize,fixed,0.9,0.5,0,0,71,6,0.0,owlvit
AOI_2_Vegas_img1762,AOI_2_Vegas,AOI_2_Vegas:-11526:3618,test,owlvit,blur_resize,fixed,1.2,0.5,0,0,71,2,0.0,owlvit
AOI_2_Vegas_img1762,AOI_2_Vegas,AOI_2_Vegas:-11526:3618,test,owlvit,blur_resize,fixed,1.8,0.5,0,0,71,1,0.0,owlvit
AOI_2_Vegas_img1762,AOI_2_Vegas,AOI_2_Vegas:-11526:3618,test,owlvit,blur_resize,fixed,2.4,0.5,0,0,71,1,0.0,owlvit
AOI_2_Vegas_img1762,AOI_2_Vegas,AOI_2_Vegas:-11526:3618,test,owlvit,blur_resize,fixed,3.6,0.5,0,0,71,1,0.0,owlvit
AOI_2_Vegas_img1762,AOI_2_Vegas,AOI_2_Vegas:-11526:3618,test,owlvit,blur_resize,fixed,5.0,0.5,0,0,71,1,0.0,owlvit
AOI_2_Vegas_img1762,AOI_2_Vegas,AOI_2_Vegas:-11526:3618,test,owlvit,blur_resize,fixed,10.0,0.5,0,0,71,0,0.0,owlvit
AOI_2_Vegas_img1773,AOI_2_Vegas,AOI_2_Vegas:-11526:3620,test,owlvit,blur_resize,fixed,0.3,0.5,1,4,9,33,0.0,owlvit
AOI_2_Vegas_img1773,AOI_2_Vegas,AOI_2_Vegas:-11526:3620,test,owlvit,blur_resize,fixed,0.45,0.5,0,1,9,28,0.0,owlvit
AOI_2_Vegas_img1773,AOI_2_Vegas,AOI_2_Vegas:-11526:3620,test,owlvit,blur_resize,fixed,0.6,0.5,0,0,9,19,0.0,owlvit
AOI_2_Vegas_img1773,AOI_2_Vegas,AOI_2_Vegas:-11526:3620,test,owlvit,blur_resize,fixed,0.9,0.5,0,0,9,14,0.0,owlvit
AOI_2_Vegas_img1773,AOI_2_Vegas,AOI_2_Vegas:-11526:3620,test,owlvit,blur_resize,fixed,1.2,0.5,0,0,9,21,0.0,owlvit
AOI_2_Vegas_img1773,AOI_2_Vegas,AOI_2_Vegas:-11526:3620,test,owlvit,blur_resize,fixed,1.8,0.5,0,0,9,20,0.0,owlvit
AOI_2_Vegas_img1773,AOI_2_Vegas,AOI_2_Vegas:-11526:3620,test,owlvit,blur_resize,fixed,2.4,0.5,0,0,9,17,0.0,owlvit
AOI_2_Vegas_img1773,AOI_2_Vegas,AOI_2_Vegas:-11526:3620,test,owlvit,blur_resize,fixed,3.6,0.5,0,0,9,8,0.0,owlvit
AOI_2_Vegas_img1773,AOI_2_Vegas,AOI_2_Vegas:-11526:3620,test,owlvit,blur_resize,fixed,5.0,0.5,0,0,9,6,0.0,owlvit
AOI_2_Vegas_img1773,AOI_2_Vegas,AOI_2_Vegas:-11526:3620,test,owlvit,blur_resize,fixed,10.0,0.5,0,0,9,1,0.0,owlvit
AOI_2_Vegas_img1784,AOI_2_Vegas,AOI_2_Vegas:-11526:3622,test,owlvit,blur_resize,fixed,0.3,0.5,22,69,53,38,0.95,owlvit
AOI_2_Vegas_img1784,AOI_2_Vegas,AOI_2_Vegas:-11526:3622,test,owlvit,blur_resize,fixed,0.45,0.5,19,61,53,37,1.4,owlvit
AOI_2_Vegas_img1784,AOI_2_Vegas,AOI_2_Vegas:-11526:3622,test,owlvit,blur_resize,fixed,0.6,0.5,17,52,53,36,1.4,owlvit
AOI_2_Vegas_img1784,AOI_2_Vegas,AOI_2_Vegas:-11526:3622,test,owlvit,blur_resize,fixed,0.9,0.5,15,41,53,35,1.3,owlvit
AOI_2_Vegas_img1784,AOI_2_Vegas,AOI_2_Vegas:-11526:3622,test,owlvit,blur_resize,fixed,1.2,0.5,12,29,53,29,0.5,owlvit
AOI_2_Vegas_img1784,AOI_2_Vegas,AOI_2_Vegas:-11526:3622,test,owlvit,blur_resize,fixed,1.8,0.5,11,14,53,23,0.15,owlvit
AOI_2_Vegas_img1784,AOI_2_Vegas,AOI_2_Vegas:-11526:3622,test,owlvit,blur_resize,fixed,2.4,0.5,2,2,53,14,0.0,owlvit
AOI_2_Vegas_img1784,AOI_2_Vegas,AOI_2_Vegas:-11526:3622,test,owlvit,blur_resize,fixed,3.6,0.5,0,0,53,7,0.0,owlvit
AOI_2_Vegas_img1784,AOI_2_Vegas,AOI_2_Vegas:-11526:3622,test,owlvit,blur_resize,fixed,5.0,0.5,0,0,53,3,0.0,owlvit
AOI_2_Vegas_img1784,AOI_2_Vegas,AOI_2_Vegas:-11526:3622,test,owlvit,blur_resize,fixed,10.0,0.5,0,0,53,0,0.0,owlvit
AOI_2_Vegas_img1791,AOI_2_Vegas,AOI_2_Vegas:-11526:3612,test,owlvit,blur_resize,fixed,0.3,0.5,1,12,6,25,0.0,owlvit
AOI_2_Vegas_img1791,AOI_2_Vegas,AOI_2_Vegas:-11526:3612,test,owlvit,blur_resize,fixed,0.45,0.5,1,5,6,21,0.05,owlvit
AOI_2_Vegas_img1791,AOI_2_Vegas,AOI_2_Vegas:-11526:3612,test,owlvit,blur_resize,fixed,0.6,0.5,1,2,6,15,0.0,owlvit
AOI_2_Vegas_img1791,AOI_2_Vegas,AOI_2_Vegas:-11526:3612,test,owlvit,blur_resize,fixed,0.9,0.5,0,1,6,19,0.0,owlvit
AOI_2_Vegas_img1791,AOI_2_Vegas,AOI_2_Vegas:-11526:3612,test,owlvit,blur_resize,fixed,1.2,0.5,0,1,6,19,0.0,owlvit
AOI_2_Vegas_img1791,AOI_2_Vegas,AOI_2_Vegas:-11526:3612,test,owlvit,blur_resize,fixed,1.8,0.5,0,0,6,12,0.0,owlvit
AOI_2_Vegas_img1791,AOI_2_Vegas,AOI_2_Vegas:-11526:3612,test,owlvit,blur_resize,fixed,2.4,0.5,0,0,6,10,0.0,owlvit
AOI_2_Vegas_img1791,AOI_2_Vegas,AOI_2_Vegas:-11526:3612,test,owlvit,blur_resize,fixed,3.6,0.5,0,0,6,9,0.0,owlvit
AOI_2_Vegas_img1791,AOI_2_Vegas,AOI_2_Vegas:-11526:3612,test,owlvit,blur_resize,fixed,5.0,0.5,0,0,6,3,0.0,owlvit
AOI_2_Vegas_img1791,AOI_2_Vegas,AOI_2_Vegas:-11526:3612,test,owlvit,blur_resize,fixed,10.0,0.5,0,0,6,0,0.0,owlvit
AOI_2_Vegas_img1816,AOI_2_Vegas,AOI_2_Vegas:-11526:3617,test,owlvit,blur_resize,fixed,0.3,0.5,25,84,45,45,2.2,owlvit
AOI_2_Vegas_img1816,AOI_2_Vegas,AOI_2_Vegas:-11526:3617,test,owlvit,blur_resize,fixed,0.45,0.5,21,58,45,35,1.75,owlvit
AOI_2_Vegas_img1816,AOI_2_Vegas,AOI_2_Vegas:-11526:3617,test,owlvit,blur_resize,fixed,0.6,0.5,20,51,45,31,1.9,owlvit
AOI_2_Vegas_img1816,AOI_2_Vegas,AOI_2_Vegas:-11526:3617,test,owlvit,blur_resize,fixed,0.9,0.5,14,38,45,25,2.2,owlvit
AOI_2_Vegas_img1816,AOI_2_Vegas,AOI_2_Vegas:-11526:3617,test,owlvit,blur_resize,fixed,1.2,0.5,12,22,45,26,1.05,owlvit
AOI_2_Vegas_img1816,AOI_2_Vegas,AOI_2_Vegas:-11526:3617,test,owlvit,blur_resize,fixed,1.8,0.5,3,4,45,13,0.15,owlvit
AOI_2_Vegas_img1816,AOI_2_Vegas,AOI_2_Vegas:-11526:3617,test,owlvit,blur_resize,fixed,2.4,0.5,0,2,45,9,0.0,owlvit
AOI_2_Vegas_img1816,AOI_2_Vegas,AOI_2_Vegas:-11526:3617,test,owlvit,blur_resize,fixed,3.6,0.5,0,0,45,3,0.0,owlvit
AOI_2_Vegas_img1816,AOI_2_Vegas,AOI_2_Vegas:-11526:3617,test,owlvit,blur_resize,fixed,5.0,0.5,0,0,45,2,0.0,owlvit
AOI_2_Vegas_img1816,AOI_2_Vegas,AOI_2_Vegas:-11526:3617,test,owlvit,blur_resize,fixed,10.0,0.5,0,0,45,0,0.0,owlvit
AOI_2_Vegas_img1827,AOI_2_Vegas,AOI_2_Vegas:-11526:3619,test,owlvit,blur_resize,fixed,0.3,0.5,0,0,58,9,0.0,owlvit
AOI_2_Vegas_img1827,AOI_2_Vegas,AOI_2_Vegas:-11526:3619,test,owlvit,blur_resize,fixed,0.45,0.5,0,0,58,8,0.0,owlvit
AOI_2_Vegas_img1827,AOI_2_Vegas,AOI_2_Vegas:-11526:3619,test,owlvit,blur_resize,fixed,0.6,0.5,0,0,58,6,0.0,owlvit
AOI_2_Vegas_img1827,AOI_2_Vegas,AOI_2_Vegas:-11526:3619,test,owlvit,blur_resize,fixed,0.9,0.5,0,0,58,8,0.0,owlvit
AOI_2_Vegas_img1827,AOI_2_Vegas,AOI_2_Vegas:-11526:3619,test,owlvit,blur_resize,fixed,1.2,0.5,0,0,58,9,0.0,owlvit
AOI_2_Vegas_img1827,AOI_2_Vegas,AOI_2_Vegas:-11526:3619,test,owlvit,blur_resize,fixed,1.8,0.5,0,0,58,6,0.0,owlvit
AOI_2_Vegas_img1827,AOI_2_Vegas,AOI_2_Vegas:-11526:3619,test,owlvit,blur_resize,fixed,2.4,0.5,0,0,58,1,0.0,owlvit
AOI_2_Vegas_img1827,AOI_2_Vegas,AOI_2_Vegas:-11526:3619,test,owlvit,blur_resize,fixed,3.6,0.5,0,0,58,1,0.0,owlvit
AOI_2_Vegas_img1827,AOI_2_Vegas,AOI_2_Vegas:-11526:3619,test,owlvit,blur_resize,fixed,5.0,0.5,0,0,58,1,0.0,owlvit
AOI_2_Vegas_img1827,AOI_2_Vegas,AOI_2_Vegas:-11526:3619,test,owlvit,blur_resize,fixed,10.0,0.5,0,0,58,1,0.0,owlvit
AOI_2_Vegas_img1862,AOI_2_Vegas,AOI_2_Vegas:-11526:3614,test,owlvit,blur_resize,fixed,0.3,0.5,5,58,13,52,0.3,owlvit
AOI_2_Vegas_img1862,AOI_2_Vegas,AOI_2_Vegas:-11526:3614,test,owlvit,blur_resize,fixed,0.45,0.5,5,49,13,47,0.1,owlvit
AOI_2_Vegas_img1862,AOI_2_Vegas,AOI_2_Vegas:-11526:3614,test,owlvit,blur_resize,fixed,0.6,0.5,5,40,13,53,0.2,owlvit
AOI_2_Vegas_img1862,AOI_2_Vegas,AOI_2_Vegas:-11526:3614,test,owlvit,blur_resize,fixed,0.9,0.5,5,29,13,52,0.15,owlvit
AOI_2_Vegas_img1862,AOI_2_Vegas,AOI_2_Vegas:-11526:3614,test,owlvit,blur_resize,fixed,1.2,0.5,3,18,13,45,0.05,owlvit
AOI_2_Vegas_img1862,AOI_2_Vegas,AOI_2_Vegas:-11526:3614,test,owlvit,blur_resize,fixed,1.8,0.5,2,7,13,38,0.0,owlvit
AOI_2_Vegas_img1862,AOI_2_Vegas,AOI_2_Vegas:-11526:3614,test,owlvit,blur_resize,fixed,2.4,0.5,1,2,13,28,0.0,owlvit
AOI_2_Vegas_img1862,AOI_2_Vegas,AOI_2_Vegas:-11526:3614,test,owlvit,blur_resize,fixed,3.6,0.5,0,0,13,17,0.0,owlvit
AOI_2_Vegas_img1862,AOI_2_Vegas,AOI_2_Vegas:-11526:3614,test,owlvit,blur_resize,fixed,5.0,0.5,0,0,13,10,0.0,owlvit
AOI_2_Vegas_img1862,AOI_2_Vegas,AOI_2_Vegas:-11526:3614,test,owlvit,blur_resize,fixed,10.0,0.5,0,0,13,1,0.0,owlvit
AOI_2_Vegas_img189,AOI_2_Vegas,AOI_2_Vegas:-11531:3616,test,owlvit,blur_resize,fixed,0.3,0.5,5,12,17,24,0.05,owlvit
AOI_2_Vegas_img189,AOI_2_Vegas,AOI_2_Vegas:-11531:3616,test,owlvit,blur_resize,fixed,0.45,0.5,3,9,17,20,0.15,owlvit
AOI_2_Vegas_img189,AOI_2_Vegas,AOI_2_Vegas:-11531:3616,test,owlvit,blur_resize,fixed,0.6,0.5,3,7,17,20,0.05,owlvit
AOI_2_Vegas_img189,AOI_2_Vegas,AOI_2_Vegas:-11531:3616,test,owlvit,blur_resize,fixed,0.9,0.5,5,8,17,19,0.15,owlvit
AOI_2_Vegas_img189,AOI_2_Vegas,AOI_2_Vegas:-11531:3616,test,owlvit,blur_resize,fixed,1.2,0.5,4,9,17,19,0.15,owlvit
AOI_2_Vegas_img189,AOI_2_Vegas,AOI_2_Vegas:-11531:3616,test,owlvit,blur_resize,fixed,1.8,0.5,0,6,17,14,0.05,owlvit
AOI_2_Vegas_img189,AOI_2_Vegas,AOI_2_Vegas:-11531:3616,test,owlvit,blur_resize,fixed,2.4,0.5,0,0,17,7,0.0,owlvit
AOI_2_Vegas_img189,AOI_2_Vegas,AOI_2_Vegas:-11531:3616,test,owlvit,blur_resize,fixed,3.6,0.5,0,0,17,2,0.0,owlvit
AOI_2_Vegas_img189,AOI_2_Vegas,AOI_2_Vegas:-11531:3616,test,owlvit,blur_resize,fixed,5.0,0.5,0,0,17,2,0.0,owlvit
AOI_2_Vegas_img189,AOI_2_Vegas,AOI_2_Vegas:-11531:3616,test,owlvit,blur_resize,fixed,10.0,0.5,0,0,17,0,0.0,owlvit
AOI_2_Vegas_img1894,AOI_2_Vegas,AOI_2_Vegas:-11526:3620,test,owlvit,blur_resize,fixed,0.3,0.5,1,12,9,53,0.0,owlvit
AOI_2_Vegas_img1894,AOI_2_Vegas,AOI_2_Vegas:-11526:3620,test,owlvit,blur_resize,fixed,0.45,0.5,0,5,9,54,0.0,owlvit
AOI_2_Vegas_img1894,AOI_2_Vegas,AOI_2_Vegas:-11526:3620,test,owlvit,blur_resize,fixed,0.6,0.5,0,2,9,38,0.0,owlvit
AOI_2_Vegas_img1894,AOI_2_Vegas,AOI_2_Vegas:-11526:3620,test,owlvit,blur_resize,fixed,0.9,0.5,0,0,9,26,0.0,owlvit
AOI_2_Vegas_img1894,AOI_2_Vegas,AOI_2_Vegas:-11526:3620,test,owlvit,blur_resize,fixed,1.2,0.5,0,0,9,16,0.0,owlvit
AOI_2_Vegas_img1894,AOI_2_Vegas,AOI_2_Vegas:-11526:3620,test,owlvit,blur_resize,fixed,1.8,0.5,0,0,9,4,0.0,owlvit
AOI_2_Vegas_img1894,AOI_2_Vegas,AOI_2_Vegas:-11526:3620,test,owlvit,blur_resize,fixed,2.4,0.5,0,0,9,2,0.0,owlvit
AOI_2_Vegas_img1894,AOI_2_Vegas,AOI_2_Vegas:-11526:3620,test,owlvit,blur_resize,fixed,3.6,0.5,0,0,9,1,0.0,owlvit
AOI_2_Vegas_img1894,AOI_2_Vegas,AOI_2_Vegas:-11526:3620,test,owlvit,blur_resize,fixed,5.0,0.5,0,0,9,0,0.0,owlvit
AOI_2_Vegas_img1894,AOI_2_Vegas,AOI_2_Vegas:-11526:3620,test,owlvit,blur_resize,fixed,10.0,0.5,0,0,9,0,0.0,owlvit
AOI_2_Vegas_img190,AOI_2_Vegas,AOI_2_Vegas:-11531:3616,test,owlvit,blur_resize,fixed,0.3,0.5,11,44,22,21,0.6,owlvit
AOI_2_Vegas_img190,AOI_2_Vegas,AOI_2_Vegas:-11531:3616,test,owlvit,blur_resize,fixed,0.45,0.5,10,43,22,23,0.55,owlvit
AOI_2_Vegas_img190,AOI_2_Vegas,AOI_2_Vegas:-11531:3616,test,owlvit,blur_resize,fixed,0.6,0.5,10,36,22,21,0.55,owlvit
AOI_2_Vegas_img190,AOI_2_Vegas,AOI_2_Vegas:-11531:3616,test,owlvit,blur_resize,fixed,0.9,0.5,10,36,22,21,0.7,owlvit
AOI_2_Vegas_img190,AOI_2_Vegas,AOI_2_Vegas:-11531:3616,test,owlvit,blur_resize,fixed,1.2,0.5,10,34,22,14,0.8,owlvit
AOI_2_Vegas_img190,AOI_2_Vegas,AOI_2_Vegas:-11531:3616,test,owlvit,blur_resize,fixed,1.8,0.5,5,20,22,26,0.55,owlvit
AOI_2_Vegas_img190,AOI_2_Vegas,AOI_2_Vegas:-11531:3616,test,owlvit,blur_resize,fixed,2.4,0.5,4,17,22,26,0.3,owlvit
AOI_2_Vegas_img190,AOI_2_Vegas,AOI_2_Vegas:-11531:3616,test,owlvit,blur_resize,fixed,3.6,0.5,0,0,22,14,0.0,owlvit
AOI_2_Vegas_img190,AOI_2_Vegas,AOI_2_Vegas:-11531:3616,test,owlvit,blur_resize,fixed,5.0,0.5,0,0,22,1,0.0,owlvit
AOI_2_Vegas_img190,AOI_2_Vegas,AOI_2_Vegas:-11531:3616,test,owlvit,blur_resize,fixed,10.0,0.5,0,0,22,0,0.0,owlvit
AOI_2_Vegas_img1915,AOI_2_Vegas,AOI_2_Vegas:-11526:3612,test,owlvit,blur_resize,fixed,0.3,0.5,5,32,18,33,0.15,owlvit
AOI_2_Vegas_img1915,AOI_2_Vegas,AOI_2_Vegas:-11526:3612,test,owlvit,blur_resize,fixed,0.45,0.5,6,31,18,30,0.3,owlvit
AOI_2_Vegas_img1915,AOI_2_Vegas,AOI_2_Vegas:-11526:3612,test,owlvit,blur_resize,fixed,0.6,0.5,5,28,18,22,0.3,owlvit
AOI_2_Vegas_img1915,AOI_2_Vegas,AOI_2_Vegas:-11526:3612,test,owlvit,blur_resize,fixed,0.9,0.5,3,16,18,23,0.1,owlvit
AOI_2_Vegas_img1915,AOI_2_Vegas,AOI_2_Vegas:-11526:3612,test,owlvit,blur_resize,fixed,1.2,0.5,2,7,18,20,0.0,owlvit
AOI_2_Vegas_img1915,AOI_2_Vegas,AOI_2_Vegas:-11526:3612,test,owlvit,blur_resize,fixed,1.8,0.5,0,2,18,11,0.05,owlvit
AOI_2_Vegas_img1915,AOI_2_Vegas,AOI_2_Vegas:-11526:3612,test,owlvit,blur_resize,fixed,2.4,0.5,0,0,18,9,0.0,owlvit
AOI_2_Vegas_img1915,AOI_2_Vegas,AOI_2_Vegas:-11526:3612,test,owlvit,blur_resize,fixed,3.6,0.5,0,0,18,5,0.0,owlvit
AOI_2_Vegas_img1915,AOI_2_Vegas,AOI_2_Vegas:-11526:3612,test,owlvit,blur_resize,fixed,5.0,0.5,0,0,18,3,0.0,owlvit
AOI_2_Vegas_img1915,AOI_2_Vegas,AOI_2_Vegas:-11526:3612,test,owlvit,blur_resize,fixed,10.0,0.5,0,0,18,0,0.0,owlvit
AOI_2_Vegas_img1970,AOI_2_Vegas,AOI_2_Vegas:-11526:3622,test,owlvit,blur_resize,fixed,0.3,0.5,0,0,1,16,0.0,owlvit
AOI_2_Vegas_img1970,AOI_2_Vegas,AOI_2_Vegas:-11526:3622,test,owlvit,blur_resize,fixed,0.45,0.5,0,0,1,18,0.0,owlvit
AOI_2_Vegas_img1970,AOI_2_Vegas,AOI_2_Vegas:-11526:3622,test,owlvit,blur_resize,fixed,0.6,0.5,0,0,1,16,0.0,owlvit
AOI_2_Vegas_img1970,AOI_2_Vegas,AOI_2_Vegas:-11526:3622,test,owlvit,blur_resize,fixed,0.9,0.5,0,0,1,9,0.0,owlvit
AOI_2_Vegas_img1970,AOI_2_Vegas,AOI_2_Vegas:-11526:3622,test,owlvit,blur_resize,fixed,1.2,0.5,0,0,1,7,0.0,owlvit
AOI_2_Vegas_img1970,AOI_2_Vegas,AOI_2_Vegas:-11526:3622,test,owlvit,blur_resize,fixed,1.8,0.5,0,0,1,5,0.0,owlvit
AOI_2_Vegas_img1970,AOI_2_Vegas,AOI_2_Vegas:-11526:3622,test,owlvit,blur_resize,fixed,2.4,0.5,0,0,1,6,0.0,owlvit
AOI_2_Vegas_img1970,AOI_2_Vegas,AOI_2_Vegas:-11526:3622,test,owlvit,blur_resize,fixed,3.6,0.5,0,0,1,6,0.0,owlvit
AOI_2_Vegas_img1970,AOI_2_Vegas,AOI_2_Vegas:-11526:3622,test,owlvit,blur_resize,fixed,5.0,0.5,0,0,1,8,0.0,owlvit
AOI_2_Vegas_img1970,AOI_2_Vegas,AOI_2_Vegas:-11526:3622,test,owlvit,blur_resize,fixed,10.0,0.5,0,0,1,0,0.0,owlvit
AOI_2_Vegas_img1973,AOI_2_Vegas,AOI_2_Vegas:-11526:3623,test,owlvit,blur_resize,fixed,0.3,0.5,0,0,4,4,0.0,owlvit
AOI_2_Vegas_img1973,AOI_2_Vegas,AOI_2_Vegas:-11526:3623,test,owlvit,blur_resize,fixed,0.45,0.5,0,0,4,4,0.0,owlvit
AOI_2_Vegas_img1973,AOI_2_Vegas,AOI_2_Vegas:-11526:3623,test,owlvit,blur_resize,fixed,0.6,0.5,0,0,4,3,0.0,owlvit
AOI_2_Vegas_img1973,AOI_2_Vegas,AOI_2_Vegas:-11526:3623,test,owlvit,blur_resize,fixed,0.9,0.5,0,0,4,4,0.0,owlvit
AOI_2_Vegas_img1973,AOI_2_Vegas,AOI_2_Vegas:-11526:3623,test,owlvit,blur_resize,fixed,1.2,0.5,0,0,4,3,0.0,owlvit
AOI_2_Vegas_img1973,AOI_2_Vegas,AOI_2_Vegas:-11526:3623,test,owlvit,blur_resize,fixed,1.8,0.5,0,0,4,6,0.0,owlvit
AOI_2_Vegas_img1973,AOI_2_Vegas,AOI_2_Vegas:-11526:3623,test,owlvit,blur_resize,fixed,2.4,0.5,0,0,4,5,0.0,owlvit
AOI_2_Vegas_img1973,AOI_2_Vegas,AOI_2_Vegas:-11526:3623,test,owlvit,blur_resize,fixed,3.6,0.5,0,0,4,5,0.0,owlvit
AOI_2_Vegas_img1973,AOI_2_Vegas,AOI_2_Vegas:-11526:3623,test,owlvit,blur_resize,fixed,5.0,0.5,0,0,4,5,0.0,owlvit
AOI_2_Vegas_img1973,AOI_2_Vegas,AOI_2_Vegas:-11526:3623,test,owlvit,blur_resize,fixed,10.0,0.5,0,0,4,0,0.0,owlvit
AOI_2_Vegas_img1985,AOI_2_Vegas,AOI_2_Vegas:-11526:3614,test,owlvit,blur_resize,fixed,0.3,0.5,8,55,25,35,0.65,owlvit
AOI_2_Vegas_img1985,AOI_2_Vegas,AOI_2_Vegas:-11526:3614,test,owlvit,blur_resize,fixed,0.45,0.5,6,44,25,36,0.2,owlvit
AOI_2_Vegas_img1985,AOI_2_Vegas,AOI_2_Vegas:-11526:3614,test,owlvit,blur_resize,fixed,0.6,0.5,7,38,25,34,0.3,owlvit
AOI_2_Vegas_img1985,AOI_2_Vegas,AOI_2_Vegas:-11526:3614,test,owlvit,blur_resize,fixed,0.9,0.5,4,28,25,37,0.25,owlvit
AOI_2_Vegas_img1985,AOI_2_Vegas,AOI_2_Vegas:-11526:3614,test,owlvit,blur_resize,fixed,1.2,0.5,6,26,25,35,0.3,owlvit
AOI_2_Vegas_img1985,AOI_2_Vegas,AOI_2_Vegas:-11526:3614,test,owlvit,blur_resize,fixed,1.8,0.5,4,16,25,34,0.3,owlvit
AOI_2_Vegas_img1985,AOI_2_Vegas,AOI_2_Vegas:-11526:3614,test,owlvit,blur_resize,fixed,2.4,0.5,4,8,25,29,0.1,owlvit
AOI_2_Vegas_img1985,AOI_2_Vegas,AOI_2_Vegas:-11526:3614,test,owlvit,blur_resize,fixed,3.6,0.5,0,0,25,5,0.0,owlvit
AOI_2_Vegas_img1985,AOI_2_Vegas,AOI_2_Vegas:-11526:3614,test,owlvit,blur_resize,fixed,5.0,0.5,0,0,25,1,0.0,owlvit
AOI_2_Vegas_img1985,AOI_2_Vegas,AOI_2_Vegas:-11526:3614,test,owlvit,blur_resize,fixed,10.0,0.5,0,0,25,0,0.0,owlvit
AOI_2_Vegas_img2046,AOI_2_Vegas,AOI_2_Vegas:-11525:3613,test,owlvit,blur_resize,fixed,0.3,0.5,8,54,32,38,0.55,owlvit
AOI_2_Vegas_img2046,AOI_2_Vegas,AOI_2_Vegas:-11525:3613,test,owlvit,blur_resize,fixed,0.45,0.5,7,42,32,43,0.25,owlvit
AOI_2_Vegas_img2046,AOI_2_Vegas,AOI_2_Vegas:-11525:3613,test,owlvit,blur_resize,fixed,0.6,0.5,6,39,32,37,0.5,owlvit
AOI_2_Vegas_img2046,AOI_2_Vegas,AOI_2_Vegas:-11525:3613,test,owlvit,blur_resize,fixed,0.9,0.5,5,37,32,42,0.35,owlvit
AOI_2_Vegas_img2046,AOI_2_Vegas,AOI_2_Vegas:-11525:3613,test,owlvit,blur_resize,fixed,1.2,0.5,6,31,32,41,0.3,owlvit
AOI_2_Vegas_img2046,AOI_2_Vegas,AOI_2_Vegas:-11525:3613,test,owlvit,blur_resize,fixed,1.8,0.5,3,8,32,27,0.1,owlvit
AOI_2_Vegas_img2046,AOI_2_Vegas,AOI_2_Vegas:-11525:3613,test,owlvit,blur_resize,fixed,2.4,0.5,1,3,32,15,0.0,owlvit
AOI_2_Vegas_img2046,AOI_2_Vegas,AOI_2_Vegas:-11525:3613,test,owlvit,blur_resize,fixed,3.6,0.5,0,0,32,1,0.0,owlvit
AOI_2_Vegas_img2046,AOI_2_Vegas,AOI_2_Vegas:-11525:3613,test,owlvit,blur_resize,fixed,5.0,0.5,0,0,32,0,0.0,owlvit
AOI_2_Vegas_img2046,AOI_2_Vegas,AOI_2_Vegas:-11525:3613,test,owlvit,blur_resize,fixed,10.0,0.5,0,0,32,0,0.0,owlvit
AOI_2_Vegas_img2065,AOI_2_Vegas,AOI_2_Vegas:-11525:3617,test,owlvit,blur_resize,fixed,0.3,0.5,17,70,57,22,2.3,owlvit
AOI_2_Vegas_img2065,AOI_2_Vegas,AOI_2_Vegas:-11525:3617,test,owlvit,blur_resize,fixed,0.45,0.5,17,56,57,29,2.75,owlvit
AOI_2_Vegas_img2065,AOI_2_Vegas,AOI_2_Vegas:-11525:3617,test,owlvit,blur_resize,fixed,0.6,0.5,14,54,57,19,1.35,owlvit
AOI_2_Vegas_img2065,AOI_2_Vegas,AOI_2_Vegas:-11525:3617,test,owlvit,blur_resize,fixed,0.9,0.5,11,33,57,15,0.75,owlvit
AOI_2_Vegas_img2065,AOI_2_Vegas,AOI_2_Vegas:-11525:3617,test,owlvit,blur_resize,fixed,1.2,0.5,2,16,57,12,0.25,owlvit
AOI_2_Vegas_img2065,AOI_2_Vegas,AOI_2_Vegas:-11525:3617,test,owlvit,blur_resize,fixed,1.8,0.5,1,6,57,11,0.15,owlvit
AOI_2_Vegas_img2065,AOI_2_Vegas,AOI_2_Vegas:-11525:3617,test,owlvit,blur_resize,fixed,2.4,0.5,0,1,57,5,0.0,owlvit
AOI_2_Vegas_img2065,AOI_2_Vegas,AOI_2_Vegas:-11525:3617,test,owlvit,blur_resize,fixed,3.6,0.5,0,0,57,3,0.0,owlvit
AOI_2_Vegas_img2065,AOI_2_Vegas,AOI_2_Vegas:-11525:3617,test,owlvit,blur_resize,fixed,5.0,0.5,0,0,57,1,0.0,owlvit
AOI_2_Vegas_img2065,AOI_2_Vegas,AOI_2_Vegas:-11525:3617,test,owlvit,blur_resize,fixed,10.0,0.5,0,0,57,0,0.0,owlvit
AOI_2_Vegas_img2108,AOI_2_Vegas,AOI_2_Vegas:-11525:3613,test,owlvit,blur_resize,fixed,0.3,0.5,12,55,21,35,0.35,owlvit
AOI_2_Vegas_img2108,AOI_2_Vegas,AOI_2_Vegas:-11525:3613,test,owlvit,blur_resize,fixed,0.45,0.5,11,55,21,41,0.6,owlvit
AOI_2_Vegas_img2108,AOI_2_Vegas,AOI_2_Vegas:-11525:3613,test,owlvit,blur_resize,fixed,0.6,0.5,9,49,21,42,0.8,owlvit
AOI_2_Vegas_img2108,AOI_2_Vegas,AOI_2_Vegas:-11525:3613,test,owlvit,blur_resize,fixed,0.9,0.5,9,43,21,32,0.3,owlvit
AOI_2_Vegas_img2108,AOI_2_Vegas,AOI_2_Vegas:-11525:3613,test,owlvit,blur_resize,fixed,1.2,0.5,9,36,21,32,0.55,owlvit
AOI_2_Vegas_img2108,AOI_2_Vegas,AOI_2_Vegas:-11525:3613,test,owlvit,blur_resize,fixed,1.8,0.5,5,14,21,23,0.15,owlvit
AOI_2_Vegas_img2108,AOI_2_Vegas,AOI_2_Vegas:-11525:3613,test,owlvit,blur_resize,fixed,2.4,0.5,4,6,21,14,0.0,owlvit
AOI_2_Vegas_img2108,AOI_2_Vegas,AOI_2_Vegas:-11525:3613,test,owlvit,blur_resize,fixed,3.6,0.5,0,0,21,6,0.0,owlvit
AOI_2_Vegas_img2108,AOI_2_Vegas,AOI_2_Vegas:-11525:3613,test,owlvit,blur_resize,fixed,5.0,0.5,0,0,21,2,0.0,owlvit
AOI_2_Vegas_img2108,AOI_2_Vegas,AOI_2_Vegas:-11525:3613,test,owlvit,blur_resize,fixed,10.0,0.5,0,0,21,0,0.0,owlvit
AOI_2_Vegas_img2109,AOI_2_Vegas,AOI_2_Vegas:-11525:3613,test,owlvit,blur_resize,fixed,0.3,0.5,9,29,24,36,0.05,owlvit
AOI_2_Vegas_img2109,AOI_2_Vegas,AOI_2_Vegas:-11525:3613,test,owlvit,blur_resize,fixed,0.45,0.5,7,25,24,44,0.15,owlvit
AOI_2_Vegas_img2109,AOI_2_Vegas,AOI_2_Vegas:-11525:3613,test,owlvit,blur_resize,fixed,0.6,0.5,8,24,24,37,0.05,owlvit
AOI_2_Vegas_img2109,AOI_2_Vegas,AOI_2_Vegas:-11525:3613,test,owlvit,blur_resize,fixed,0.9,0.5,6,23,24,37,0.1,owlvit
AOI_2_Vegas_img2109,AOI_2_Vegas,AOI_2_Vegas:-11525:3613,test,owlvit,blur_resize,fixed,1.2,0.5,5,13,24,29,0.05,owlvit
AOI_2_Vegas_img2109,AOI_2_Vegas,AOI_2_Vegas:-11525:3613,test,owlvit,blur_resize,fixed,1.8,0.5,2,7,24,25,0.2,owlvit
AOI_2_Vegas_img2109,AOI_2_Vegas,AOI_2_Vegas:-11525:3613,test,owlvit,blur_resize,fixed,2.4,0.5,1,3,24,20,0.05,owlvit
AOI_2_Vegas_img2109,AOI_2_Vegas,AOI_2_Vegas:-11525:3613,test,owlvit,blur_resize,fixed,3.6,0.5,0,0,24,9,0.0,owlvit
AOI_2_Vegas_img2109,AOI_2_Vegas,AOI_2_Vegas:-11525:3613,test,owlvit,blur_resize,fixed,5.0,0.5,0,0,24,2,0.0,owlvit
AOI_2_Vegas_img2109,AOI_2_Vegas,AOI_2_Vegas:-11525:3613,test,owlvit,blur_resize,fixed,10.0,0.5,0,0,24,0,0.0,owlvit
AOI_2_Vegas_img2110,AOI_2_Vegas,AOI_2_Vegas:-11525:3613,test,owlvit,blur_resize,fixed,0.3,0.5,5,44,12,74,0.3,owlvit
AOI_2_Vegas_img2110,AOI_2_Vegas,AOI_2_Vegas:-11525:3613,test,owlvit,blur_resize,fixed,0.45,0.5,5,39,12,66,0.1,owlvit
AOI_2_Vegas_img2110,AOI_2_Vegas,AOI_2_Vegas:-11525:3613,test,owlvit,blur_resize,fixed,0.6,0.5,3,10,12,46,0.1,owlvit
AOI_2_Vegas_img2110,AOI_2_Vegas,AOI_2_Vegas:-11525:3613,test,owlvit,blur_resize,fixed,0.9,0.5,1,2,12,34,0.0,owlvit
AOI_2_Vegas_img2110,AOI_2_Vegas,AOI_2_Vegas:-11525:3613,test,owlvit,blur_resize,fixed,1.2,0.5,0,0,12,26,0.0,owlvit
AOI_2_Vegas_img2110,AOI_2_Vegas,AOI_2_Vegas:-11525:3613,test,owlvit,blur_resize,fixed,1.8,0.5,0,0,12,19,0.0,owlvit
AOI_2_Vegas_img2110,AOI_2_Vegas,AOI_2_Vegas:-11525:3613,test,owlvit,blur_resize,fixed,2.4,0.5,0,0,12,7,0.0,owlvit
AOI_2_Vegas_img2110,AOI_2_Vegas,AOI_2_Vegas:-11525:3613,test,owlvit,blur_resize,fixed,3.6,0.5,0,0,12,3,0.0,owlvit
AOI_2_Vegas_img2110,AOI_2_Vegas,AOI_2_Vegas:-11525:3613,test,owlvit,blur_resize,fixed,5.0,0.5,0,0,12,1,0.0,owlvit
AOI_2_Vegas_img2110,AOI_2_Vegas,AOI_2_Vegas:-11525:3613,test,owlvit,blur_resize,fixed,10.0,0.5,0,0,12,0,0.0,owlvit
AOI_2_Vegas_img2202,AOI_2_Vegas,AOI_2_Vegas:-11525:3617,test,owlvit,blur_resize,fixed,0.3,0.5,0,0,0,3,0.0,owlvit
AOI_2_Vegas_img2202,AOI_2_Vegas,AOI_2_Vegas:-11525:3617,test,owlvit,blur_resize,fixed,0.45,0.5,0,0,0,2,0.0,owlvit
AOI_2_Vegas_img2202,AOI_2_Vegas,AOI_2_Vegas:-11525:3617,test,owlvit,blur_resize,fixed,0.6,0.5,0,0,0,3,0.0,owlvit
AOI_2_Vegas_img2202,AOI_2_Vegas,AOI_2_Vegas:-11525:3617,test,owlvit,blur_resize,fixed,0.9,0.5,0,0,0,2,0.0,owlvit
AOI_2_Vegas_img2202,AOI_2_Vegas,AOI_2_Vegas:-11525:3617,test,owlvit,blur_resize,fixed,1.2,0.5,0,0,0,2,0.0,owlvit
AOI_2_Vegas_img2202,AOI_2_Vegas,AOI_2_Vegas:-11525:3617,test,owlvit,blur_resize,fixed,1.8,0.5,0,0,0,2,0.0,owlvit
AOI_2_Vegas_img2202,AOI_2_Vegas,AOI_2_Vegas:-11525:3617,test,owlvit,blur_resize,fixed,2.4,0.5,0,0,0,3,0.0,owlvit
AOI_2_Vegas_img2202,AOI_2_Vegas,AOI_2_Vegas:-11525:3617,test,owlvit,blur_resize,fixed,3.6,0.5,0,0,0,1,0.0,owlvit
AOI_2_Vegas_img2202,AOI_2_Vegas,AOI_2_Vegas:-11525:3617,test,owlvit,blur_resize,fixed,5.0,0.5,0,0,0,1,0.0,owlvit
AOI_2_Vegas_img2202,AOI_2_Vegas,AOI_2_Vegas:-11525:3617,test,owlvit,blur_resize,fixed,10.0,0.5,0,0,0,0,0.0,owlvit
AOI_2_Vegas_img2207,AOI_2_Vegas,AOI_2_Vegas:-11525:3618,test,owlvit,blur_resize,fixed,0.3,0.5,9,9,24,30,0.3,owlvit
AOI_2_Vegas_img2207,AOI_2_Vegas,AOI_2_Vegas:-11525:3618,test,owlvit,blur_resize,fixed,0.45,0.5,9,9,24,30,0.25,owlvit
AOI_2_Vegas_img2207,AOI_2_Vegas,AOI_2_Vegas:-11525:3618,test,owlvit,blur_resize,fixed,0.6,0.5,8,8,24,31,0.25,owlvit
AOI_2_Vegas_img2207,AOI_2_Vegas,AOI_2_Vegas:-11525:3618,test,owlvit,blur_resize,fixed,0.9,0.5,2,2,24,25,0.05,owlvit
AOI_2_Vegas_img2207,AOI_2_Vegas,AOI_2_Vegas:-11525:3618,test,owlvit,blur_resize,fixed,1.2,0.5,0,0,24,15,0.0,owlvit
AOI_2_Vegas_img2207,AOI_2_Vegas,AOI_2_Vegas:-11525:3618,test,owlvit,blur_resize,fixed,1.8,0.5,0,0,24,11,0.0,owlvit
AOI_2_Vegas_img2207,AOI_2_Vegas,AOI_2_Vegas:-11525:3618,test,owlvit,blur_resize,fixed,2.4,0.5,0,0,24,9,0.0,owlvit
AOI_2_Vegas_img2207,AOI_2_Vegas,AOI_2_Vegas:-11525:3618,test,owlvit,blur_resize,fixed,3.6,0.5,0,0,24,5,0.0,owlvit
AOI_2_Vegas_img2207,AOI_2_Vegas,AOI_2_Vegas:-11525:3618,test,owlvit,blur_resize,fixed,5.0,0.5,0,0,24,2,0.0,owlvit
AOI_2_Vegas_img2207,AOI_2_Vegas,AOI_2_Vegas:-11525:3618,test,owlvit,blur_resize,fixed,10.0,0.5,0,0,24,2,0.0,owlvit
AOI_2_Vegas_img2218,AOI_2_Vegas,AOI_2_Vegas:-11525:3620,test,owlvit,blur_resize,fixed,0.3,0.5,7,32,14,44,0.25,owlvit
AOI_2_Vegas_img2218,AOI_2_Vegas,AOI_2_Vegas:-11525:3620,test,owlvit,blur_resize,fixed,0.45,0.5,4,17,14,39,0.05,owlvit
AOI_2_Vegas_img2218,AOI_2_Vegas,AOI_2_Vegas:-11525:3620,test,owlvit,blur_resize,fixed,0.6,0.5,1,5,14,37,0.0,owlvit
AOI_2_Vegas_img2218,AOI_2_Vegas,AOI_2_Vegas:-11525:3620,test,owlvit,blur_resize,fixed,0.9,0.5,1,3,14,28,0.0,owlvit
AOI_2_Vegas_img2218,AOI_2_Vegas,AOI_2_Vegas:-11525:3620,test,owlvit,blur_resize,fixed,1.2,0.5,1,1,14,20,0.0,owlvit
AOI_2_Vegas_img2218,AOI_2_Vegas,AOI_2_Vegas:-11525:3620,test,owlvit,blur_resize,fixed,1.8,0.5,0,0,14,17,0.0,owlvit
AOI_2_Vegas_img2218,AOI_2_Vegas,AOI_2_Vegas:-11525:3620,test,owlvit,blur_resize,fixed,2.4,0.5,0,0,14,17,0.0,owlvit
AOI_2_Vegas_img2218,AOI_2_Vegas,AOI_2_Vegas:-11525:3620,test,owlvit,blur_resize,fixed,3.6,0.5,0,0,14,8,0.0,owlvit
AOI_2_Vegas_img2218,AOI_2_Vegas,AOI_2_Vegas:-11525:3620,test,owlvit,blur_resize,fixed,5.0,0.5,0,0,14,7,0.0,owlvit
AOI_2_Vegas_img2218,AOI_2_Vegas,AOI_2_Vegas:-11525:3620,test,owlvit,blur_resize,fixed,10.0,0.5,0,0,14,2,0.0,owlvit
AOI_2_Vegas_img2230,AOI_2_Vegas,AOI_2_Vegas:-11525:3622,test,owlvit,blur_resize,fixed,0.3,0.5,5,47,30,55,0.4,owlvit
AOI_2_Vegas_img2230,AOI_2_Vegas,AOI_2_Vegas:-11525:3622,test,owlvit,blur_resize,fixed,0.45,0.5,6,35,30,56,0.3,owlvit
AOI_2_Vegas_img2230,AOI_2_Vegas,AOI_2_Vegas:-11525:3622,test,owlvit,blur_resize,fixed,0.6,0.5,6,24,30,49,0.3,owlvit
AOI_2_Vegas_img2230,AOI_2_Vegas,AOI_2_Vegas:-11525:3622,test,owlvit,blur_resize,fixed,0.9,0.5,6,18,30,42,0.6,owlvit
AOI_2_Vegas_img2230,AOI_2_Vegas,AOI_2_Vegas:-11525:3622,test,owlvit,blur_resize,fixed,1.2,0.5,5,10,30,27,0.35,owlvit
AOI_2_Vegas_img2230,AOI_2_Vegas,AOI_2_Vegas:-11525:3622,test,owlvit,blur_resize,fixed,1.8,0.5,4,7,30,16,0.55,owlvit
AOI_2_Vegas_img2230,AOI_2_Vegas,AOI_2_Vegas:-11525:3622,test,owlvit,blur_resize,fixed,2.4,0.5,2,3,30,19,0.15,owlvit
AOI_2_Vegas_img2230,AOI_2_Vegas,AOI_2_Vegas:-11525:3622,test,owlvit,blur_resize,fixed,3.6,0.5,0,0,30,4,0.0,owlvit
AOI_2_Vegas_img2230,AOI_2_Vegas,AOI_2_Vegas:-11525:3622,test,owlvit,blur_resize,fixed,5.0,0.5,0,0,30,2,0.0,owlvit
AOI_2_Vegas_img2230,AOI_2_Vegas,AOI_2_Vegas:-11525:3622,test,owlvit,blur_resize,fixed,10.0,0.5,0,0,30,0,0.0,owlvit
AOI_2_Vegas_img2236,AOI_2_Vegas,AOI_2_Vegas:-11525:3623,test,owlvit,blur_resize,fixed,0.3,0.5,29,60,73,51,2.05,owlvit
AOI_2_Vegas_img2236,AOI_2_Vegas,AOI_2_Vegas:-11525:3623,test,owlvit,blur_resize,fixed,0.45,0.5,25,51,73,48,1.9,owlvit
AOI_2_Vegas_img2236,AOI_2_Vegas,AOI_2_Vegas:-11525:3623,test,owlvit,blur_resize,fixed,0.6,0.5,24,43,73,46,0.75,owlvit
AOI_2_Vegas_img2236,AOI_2_Vegas,AOI_2_Vegas:-11525:3623,test,owlvit,blur_resize,fixed,0.9,0.5,22,42,73,38,1.25,owlvit
AOI_2_Vegas_img2236,AOI_2_Vegas,AOI_2_Vegas:-11525:3623,test,owlvit,blur_resize,fixed,1.2,0.5,20,33,73,37,0.6,owlvit
AOI_2_Vegas_img2236,AOI_2_Vegas,AOI_2_Vegas:-11525:3623,test,owlvit,blur_resize,fixed,1.8,0.5,11,17,73,35,0.45,owlvit
AOI_2_Vegas_img2236,AOI_2_Vegas,AOI_2_Vegas:-11525:3623,test,owlvit,blur_resize,fixed,2.4,0.5,6,12,73,32,0.25,owlvit
AOI_2_Vegas_img2236,AOI_2_Vegas,AOI_2_Vegas:-11525:3623,test,owlvit,blur_resize,fixed,3.6,0.5,1,2,73,23,0.0,owlvit
AOI_2_Vegas_img2236,AOI_2_Vegas,AOI_2_Vegas:-11525:3623,test,owlvit,blur_resize,fixed,5.0,0.5,0,0,73,13,0.0,owlvit
AOI_2_Vegas_img2236,AOI_2_Vegas,AOI_2_Vegas:-11525:3623,test,owlvit,blur_resize,fixed,10.0,0.5,0,0,73,0,0.0,owlvit
AOI_2_Vegas_img2267,AOI_2_Vegas,AOI_2_Vegas:-11525:3616,test,owlvit,blur_resize,fixed,0.3,0.5,23,83,58,33,1.55,owlvit
AOI_2_Vegas_img2267,AOI_2_Vegas,AOI_2_Vegas:-11525:3616,test,owlvit,blur_resize,fixed,0.45,0.5,20,73,58,36,1.45,owlvit
AOI_2_Vegas_img2267,AOI_2_Vegas,AOI_2_Vegas:-11525:3616,test,owlvit,blur_resize,fixed,0.6,0.5,20,67,58,35,1.4,owlvit
AOI_2_Vegas_img2267,AOI_2_Vegas,AOI_2_Vegas:-11525:3616,test,owlvit,blur_resize,fixed,0.9,0.5,21,60,58,31,1.4,owlvit
AOI_2_Vegas_img2267,AOI_2_Vegas,AOI_2_Vegas:-11525:3616,test,owlvit,blur_resize,fixed,1.2,0.5,19,56,58,27,1.0,owlvit
AOI_2_Vegas_img2267,AOI_2_Vegas,AOI_2_Vegas:-11525:3616,test,owlvit,blur_resize,fixed,1.8,0.5,11,40,58,22,1.1,owlvit
AOI_2_Vegas_img2267,AOI_2_Vegas,AOI_2_Vegas:-11525:3616,test,owlvit,blur_resize,fixed,2.4,0.5,5,18,58,22,0.25,owlvit
AOI_2_Vegas_img2267,AOI_2_Vegas,AOI_2_Vegas:-11525:3616,test,owlvit,blur_resize,fixed,3.6,0.5,0,0,58,2,0.0,owlvit
AOI_2_Vegas_img2267,AOI_2_Vegas,AOI_2_Vegas:-11525:3616,test,owlvit,blur_resize,fixed,5.0,0.5,0,0,58,0,0.0,owlvit
AOI_2_Vegas_img2267,AOI_2_Vegas,AOI_2_Vegas:-11525:3616,test,owlvit,blur_resize,fixed,10.0,0.5,0,0,58,0,0.0,owlvit
AOI_2_Vegas_img227,AOI_2_Vegas,AOI_2_Vegas:-11530:3613,test,owlvit,blur_resize,fixed,0.3,0.5,23,85,42,38,2.6,owlvit
AOI_2_Vegas_img227,AOI_2_Vegas,AOI_2_Vegas:-11530:3613,test,owlvit,blur_resize,fixed,0.45,0.5,26,78,42,45,3.0,owlvit
AOI_2_Vegas_img227,AOI_2_Vegas,AOI_2_Vegas:-11530:3613,test,owlvit,blur_resize,fixed,0.6,0.5,24,65,42,46,2.2,owlvit
AOI_2_Vegas_img227,AOI_2_Vegas,AOI_2_Vegas:-11530:3613,test,owlvit,blur_resize,fixed,0.9,0.5,24,53,42,45,1.95,owlvit
AOI_2_Vegas_img227,AOI_2_Vegas,AOI_2_Vegas:-11530:3613,test,owlvit,blur_resize,fixed,1.2,0.5,19,43,42,35,1.45,owlvit
AOI_2_Vegas_img227,AOI_2_Vegas,AOI_2_Vegas:-11530:3613,test,owlvit,blur_resize,fixed,1.8,0.5,11,23,42,16,0.65,owlvit
AOI_2_Vegas_img227,AOI_2_Vegas,AOI_2_Vegas:-11530:3613,test,owlvit,blur_resize,fixed,2.4,0.5,4,8,42,11,0.4,owlvit
AOI_2_Vegas_img227,AOI_2_Vegas,AOI_2_Vegas:-11530:3613,test,owlvit,blur_resize,fixed,3.6,0.5,0,0,42,4,0.0,owlvit
AOI_2_Vegas_img227,AOI_2_Vegas,AOI_2_Vegas:-11530:3613,test,owlvit,blur_resize,fixed,5.0,0.5,0,0,42,2,0.0,owlvit
AOI_2_Vegas_img227,AOI_2_Vegas,AOI_2_Vegas:-11530:3613,test,owlvit,blur_resize,fixed,10.0,0.5,0,0,42,0,0.0,owlvit
AOI_2_Vegas_img2276,AOI_2_Vegas,AOI_2_Vegas:-11525:3617,test,owlvit,blur_resize,fixed,0.3,0.5,0,0,0,2,0.0,owlvit
AOI_2_Vegas_img2276,AOI_2_Vegas,AOI_2_Vegas:-11525:3617,test,owlvit,blur_resize,fixed,0.45,0.5,0,0,0,1,0.0,owlvit
AOI_2_Vegas_img2276,AOI_2_Vegas,AOI_2_Vegas:-11525:3617,test,owlvit,blur_resize,fixed,0.6,0.5,0,0,0,2,0.0,owlvit
AOI_2_Vegas_img2276,AOI_2_Vegas,AOI_2_Vegas:-11525:3617,test,owlvit,blur_resize,fixed,0.9,0.5,0,0,0,1,0.0,owlvit
AOI_2_Vegas_img2276,AOI_2_Vegas,AOI_2_Vegas:-11525:3617,test,owlvit,blur_resize,fixed,1.2,0.5,0,0,0,1,0.0,owlvit
AOI_2_Vegas_img2276,AOI_2_Vegas,AOI_2_Vegas:-11525:3617,test,owlvit,blur_resize,fixed,1.8,0.5,0,0,0,1,0.0,owlvit
AOI_2_Vegas_img2276,AOI_2_Vegas,AOI_2_Vegas:-11525:3617,test,owlvit,blur_resize,fixed,2.4,0.5,0,0,0,1,0.0,owlvit
AOI_2_Vegas_img2276,AOI_2_Vegas,AOI_2_Vegas:-11525:3617,test,owlvit,blur_resize,fixed,3.6,0.5,0,0,0,2,0.0,owlvit
AOI_2_Vegas_img2276,AOI_2_Vegas,AOI_2_Vegas:-11525:3617,test,owlvit,blur_resize,fixed,5.0,0.5,0,0,0,3,0.0,owlvit
AOI_2_Vegas_img2276,AOI_2_Vegas,AOI_2_Vegas:-11525:3617,test,owlvit,blur_resize,fixed,10.0,0.5,0,0,0,0,0.0,owlvit
AOI_2_Vegas_img2281,AOI_2_Vegas,AOI_2_Vegas:-11525:3618,test,owlvit,blur_resize,fixed,0.3,0.5,1,4,14,32,0.05,owlvit
AOI_2_Vegas_img2281,AOI_2_Vegas,AOI_2_Vegas:-11525:3618,test,owlvit,blur_resize,fixed,0.45,0.5,0,1,14,21,0.0,owlvit
AOI_2_Vegas_img2281,AOI_2_Vegas,AOI_2_Vegas:-11525:3618,test,owlvit,blur_resize,fixed,0.6,0.5,0,1,14,11,0.0,owlvit
AOI_2_Vegas_img2281,AOI_2_Vegas,AOI_2_Vegas:-11525:3618,test,owlvit,blur_resize,fixed,0.9,0.5,0,0,14,9,0.0,owlvit
AOI_2_Vegas_img2281,AOI_2_Vegas,AOI_2_Vegas:-11525:3618,test,owlvit,blur_resize,fixed,1.2,0.5,0,0,14,6,0.0,owlvit
AOI_2_Vegas_img2281,AOI_2_Vegas,AOI_2_Vegas:-11525:3618,test,owlvit,blur_resize,fixed,1.8,0.5,0,0,14,2,0.0,owlvit
AOI_2_Vegas_img2281,AOI_2_Vegas,AOI_2_Vegas:-11525:3618,test,owlvit,blur_resize,fixed,2.4,0.5,0,0,14,3,0.0,owlvit
AOI_2_Vegas_img2281,AOI_2_Vegas,AOI_2_Vegas:-11525:3618,test,owlvit,blur_resize,fixed,3.6,0.5,0,0,14,5,0.0,owlvit
AOI_2_Vegas_img2281,AOI_2_Vegas,AOI_2_Vegas:-11525:3618,test,owlvit,blur_resize,fixed,5.0,0.5,0,0,14,1,0.0,owlvit
AOI_2_Vegas_img2281,AOI_2_Vegas,AOI_2_Vegas:-11525:3618,test,owlvit,blur_resize,fixed,10.0,0.5,0,0,14,2,0.0,owlvit
AOI_2_Vegas_img2302,AOI_2_Vegas,AOI_2_Vegas:-11525:3622,test,owlvit,blur_resize,fixed,0.3,0.5,25,93,58,28,3.1,owlvit
AOI_2_Vegas_img2302,AOI_2_Vegas,AOI_2_Vegas:-11525:3622,test,owlvit,blur_resize,fixed,0.45,0.5,26,79,58,18,2.6,owlvit
AOI_2_Vegas_img2302,AOI_2_Vegas,AOI_2_Vegas:-11525:3622,test,owlvit,blur_resize,fixed,0.6,0.5,20,72,58,21,2.3,owlvit
AOI_2_Vegas_img2302,AOI_2_Vegas,AOI_2_Vegas:-11525:3622,test,owlvit,blur_resize,fixed,0.9,0.5,19,55,58,23,2.15,owlvit
AOI_2_Vegas_img2302,AOI_2_Vegas,AOI_2_Vegas:-11525:3622,test,owlvit,blur_resize,fixed,1.2,0.5,17,37,58,17,0.95,owlvit
AOI_2_Vegas_img2302,AOI_2_Vegas,AOI_2_Vegas:-11525:3622,test,owlvit,blur_resize,fixed,1.8,0.5,11,21,58,17,0.9,owlvit
AOI_2_Vegas_img2302,AOI_2_Vegas,AOI_2_Vegas:-11525:3622,test,owlvit,blur_resize,fixed,2.4,0.5,1,3,58,15,0.0,owlvit
AOI_2_Vegas_img2302,AOI_2_Vegas,AOI_2_Vegas:-11525:3622,test,owlvit,blur_resize,fixed,3.6,0.5,0,0,58,3,0.0,owlvit
AOI_2_Vegas_img2302,AOI_2_Vegas,AOI_2_Vegas:-11525:3622,test,owlvit,blur_resize,fixed,5.0,0.5,0,0,58,1,0.0,owlvit
AOI_2_Vegas_img2302,AOI_2_Vegas,AOI_2_Vegas:-11525:3622,test,owlvit,blur_resize,fixed,10.0,0.5,0,0,58,0,0.0,owlvit
AOI_2_Vegas_img2359,AOI_2_Vegas,AOI_2_Vegas:-11525:3619,test,owlvit,blur_resize,fixed,0.3,0.5,2,22,15,33,0.05,owlvit
AOI_2_Vegas_img2359,AOI_2_Vegas,AOI_2_Vegas:-11525:3619,test,owlvit,blur_resize,fixed,0.45,0.5,3,14,15,39,0.15,owlvit
AOI_2_Vegas_img2359,AOI_2_Vegas,AOI_2_Vegas:-11525:3619,test,owlvit,blur_resize,fixed,0.6,0.5,3,10,15,34,0.15,owlvit
AOI_2_Vegas_img2359,AOI_2_Vegas,AOI_2_Vegas:-11525:3619,test,owlvit,blur_resize,fixed,0.9,0.5,3,7,15,25,0.0,owlvit
AOI_2_Vegas_img2359,AOI_2_Vegas,AOI_2_Vegas:-11525:3619,test,owlvit,blur_resize,fixed,1.2,0.5,5,6,15,22,0.0,owlvit
AOI_2_Vegas_img2359,AOI_2_Vegas,AOI_2_Vegas:-11525:3619,test,owlvit,blur_resize,fixed,1.8,0.5,1,3,15,13,0.0,owlvit
AOI_2_Vegas_img2359,AOI_2_Vegas,AOI_2_Vegas:-11525:3619,test,owlvit,blur_resize,fixed,2.4,0.5,1,3,15,14,0.05,owlvit
AOI_2_Vegas_img2359,AOI_2_Vegas,AOI_2_Vegas:-11525:3619,test,owlvit,blur_resize,fixed,3.6,0.5,0,0,15,10,0.0,owlvit
AOI_2_Vegas_img2359,AOI_2_Vegas,AOI_2_Vegas:-11525:3619,test,owlvit,blur_resize,fixed,5.0,0.5,0,0,15,6,0.0,owlvit
AOI_2_Vegas_img2359,AOI_2_Vegas,AOI_2_Vegas:-11525:3619,test,owlvit,blur_resize,fixed,10.0,0.5,0,0,15,0,0.0,owlvit
AOI_2_Vegas_img2379,AOI_2_Vegas,AOI_2_Vegas:-11525:3623,test,owlvit,blur_resize,fixed,0.3,0.5,17,59,55,20,0.55,owlvit
AOI_2_Vegas_img2379,AOI_2_Vegas,AOI_2_Vegas:-11525:3623,test,owlvit,blur_resize,fixed,0.45,0.5,14,41,55,23,0.65,owlvit
AOI_2_Vegas_img2379,AOI_2_Vegas,AOI_2_Vegas:-11525:3623,test,owlvit,blur_resize,fixed,0.6,0.5,10,35,55,17,0.55,owlvit
AOI_2_Vegas_img2379,AOI_2_Vegas,AOI_2_Vegas:-11525:3623,test,owlvit,blur_resize,fixed,0.9,0.5,6,10,55,7,0.1,owlvit
AOI_2_Vegas_img2379,AOI_2_Vegas,AOI_2_Vegas:-11525:3623,test,owlvit,blur_resize,fixed,1.2,0.5,1,1,55,5,0.05,owlvit
AOI_2_Vegas_img2379,AOI_2_Vegas,AOI_2_Vegas:-11525:3623,test,owlvit,blur_resize,fixed,1.8,0.5,0,0,55,3,0.0,owlvit
AOI_2_Vegas_img2379,AOI_2_Vegas,AOI_2_Vegas:-11525:3623,test,owlvit,blur_resize,fixed,2.4,0.5,0,0,55,2,0.0,owlvit
AOI_2_Vegas_img2379,AOI_2_Vegas,AOI_2_Vegas:-11525:3623,test,owlvit,blur_resize,fixed,3.6,0.5,0,0,55,1,0.0,owlvit
AOI_2_Vegas_img2379,AOI_2_Vegas,AOI_2_Vegas:-11525:3623,test,owlvit,blur_resize,fixed,5.0,0.5,0,1,55,2,0.0,owlvit
AOI_2_Vegas_img2379,AOI_2_Vegas,AOI_2_Vegas:-11525:3623,test,owlvit,blur_resize,fixed,10.0,0.5,0,0,55,0,0.0,owlvit
AOI_2_Vegas_img2415,AOI_2_Vegas,AOI_2_Vegas:-11524:3615,test,owlvit,blur_resize,fixed,0.3,0.5,9,51,28,57,0.2,owlvit
AOI_2_Vegas_img2415,AOI_2_Vegas,AOI_2_Vegas:-11524:3615,test,owlvit,blur_resize,fixed,0.45,0.5,6,36,28,57,0.3,owlvit
AOI_2_Vegas_img2415,AOI_2_Vegas,AOI_2_Vegas:-11524:3615,test,owlvit,blur_resize,fixed,0.6,0.5,5,20,28,57,0.25,owlvit
AOI_2_Vegas_img2415,AOI_2_Vegas,AOI_2_Vegas:-11524:3615,test,owlvit,blur_resize,fixed,0.9,0.5,5,11,28,55,0.2,owlvit
AOI_2_Vegas_img2415,AOI_2_Vegas,AOI_2_Vegas:-11524:3615,test,owlvit,blur_resize,fixed,1.2,0.5,3,3,28,34,0.05,owlvit
AOI_2_Vegas_img2415,AOI_2_Vegas,AOI_2_Vegas:-11524:3615,test,owlvit,blur_resize,fixed,1.8,0.5,1,1,28,21,0.0,owlvit
AOI_2_Vegas_img2415,AOI_2_Vegas,AOI_2_Vegas:-11524:3615,test,owlvit,blur_resize,fixed,2.4,0.5,0,0,28,20,0.0,owlvit
AOI_2_Vegas_img2415,AOI_2_Vegas,AOI_2_Vegas:-11524:3615,test,owlvit,blur_resize,fixed,3.6,0.5,0,0,28,13,0.0,owlvit
AOI_2_Vegas_img2415,AOI_2_Vegas,AOI_2_Vegas:-11524:3615,test,owlvit,blur_resize,fixed,5.0,0.5,0,0,28,12,0.0,owlvit
AOI_2_Vegas_img2415,AOI_2_Vegas,AOI_2_Vegas:-11524:3615,test,owlvit,blur_resize,fixed,10.0,0.5,0,0,28,3,0.0,owlvit
AOI_2_Vegas_img2420,AOI_2_Vegas,AOI_2_Vegas:-11524:3616,test,owlvit,blur_resize,fixed,0.3,0.5,14,76,65,36,1.55,owlvit
AOI_2_Vegas_img2420,AOI_2_Vegas,AOI_2_Vegas:-11524:3616,test,owlvit,blur_resize,fixed,0.45,0.5,11,75,65,31,1.8,owlvit
AOI_2_Vegas_img2420,AOI_2_Vegas,AOI_2_Vegas:-11524:3616,test,owlvit,blur_resize,fixed,0.6,0.5,9,70,65,30,1.75,owlvit
AOI_2_Vegas_img2420,AOI_2_Vegas,AOI_2_Vegas:-11524:3616,test,owlvit,blur_resize,fixed,0.9,0.5,6,54,65,28,1.25,owlvit
AOI_2_Vegas_img2420,AOI_2_Vegas,AOI_2_Vegas:-11524:3616,test,owlvit,blur_resize,fixed,1.2,0.5,4,38,65,26,0.95,owlvit
AOI_2_Vegas_img2420,AOI_2_Vegas,AOI_2_Vegas:-11524:3616,test,owlvit,blur_resize,fixed,1.8,0.5,0,0,65,11,0.0,owlvit
AOI_2_Vegas_img2420,AOI_2_Vegas,AOI_2_Vegas:-11524:3616,test,owlvit,blur_resize,fixed,2.4,0.5,0,0,65,13,0.0,owlvit
AOI_2_Vegas_img2420,AOI_2_Vegas,AOI_2_Vegas:-11524:3616,test,owlvit,blur_resize,fixed,3.6,0.5,0,0,65,7,0.0,owlvit
AOI_2_Vegas_img2420,AOI_2_Vegas,AOI_2_Vegas:-11524:3616,test,owlvit,blur_resize,fixed,5.0,0.5,0,0,65,1,0.0,owlvit
AOI_2_Vegas_img2420,AOI_2_Vegas,AOI_2_Vegas:-11524:3616,test,owlvit,blur_resize,fixed,10.0,0.5,0,0,65,0,0.0,owlvit
AOI_2_Vegas_img244,AOI_2_Vegas,AOI_2_Vegas:-11530:3616,test,owlvit,blur_resize,fixed,0.3,0.5,1,31,18,18,0.2,owlvit
AOI_2_Vegas_img244,AOI_2_Vegas,AOI_2_Vegas:-11530:3616,test,owlvit,blur_resize,fixed,0.45,0.5,3,20,18,14,0.2,owlvit
AOI_2_Vegas_img244,AOI_2_Vegas,AOI_2_Vegas:-11530:3616,test,owlvit,blur_resize,fixed,0.6,0.5,2,9,18,11,0.0,owlvit
AOI_2_Vegas_img244,AOI_2_Vegas,AOI_2_Vegas:-11530:3616,test,owlvit,blur_resize,fixed,0.9,0.5,0,4,18,8,0.0,owlvit
AOI_2_Vegas_img244,AOI_2_Vegas,AOI_2_Vegas:-11530:3616,test,owlvit,blur_resize,fixed,1.2,0.5,0,0,18,1,0.0,owlvit
AOI_2_Vegas_img244,AOI_2_Vegas,AOI_2_Vegas:-11530:3616,test,owlvit,blur_resize,fixed,1.8,0.5,0,0,18,2,0.0,owlvit
AOI_2_Vegas_img244,AOI_2_Vegas,AOI_2_Vegas:-11530:3616,test,owlvit,blur_resize,fixed,2.4,0.5,0,0,18,2,0.0,owlvit
AOI_2_Vegas_img244,AOI_2_Vegas,AOI_2_Vegas:-11530:3616,test,owlvit,blur_resize,fixed,3.6,0.5,0,0,18,0,0.0,owlvit
AOI_2_Vegas_img244,AOI_2_Vegas,AOI_2_Vegas:-11530:3616,test,owlvit,blur_resize,fixed,5.0,0.5,0,0,18,0,0.0,owlvit
AOI_2_Vegas_img244,AOI_2_Vegas,AOI_2_Vegas:-11530:3616,test,owlvit,blur_resize,fixed,10.0,0.5,0,0,18,0,0.0,owlvit
AOI_2_Vegas_img2447,AOI_2_Vegas,AOI_2_Vegas:-11524:3621,test,owlvit,blur_resize,fixed,0.3,0.5,45,110,56,31,4.8,owlvit
AOI_2_Vegas_img2447,AOI_2_Vegas,AOI_2_Vegas:-11524:3621,test,owlvit,blur_resize,fixed,0.45,0.5,41,97,56,35,3.25,owlvit
AOI_2_Vegas_img2447,AOI_2_Vegas,AOI_2_Vegas:-11524:3621,test,owlvit,blur_resize,fixed,0.6,0.5,43,90,56,32,4.05,owlvit
AOI_2_Vegas_img2447,AOI_2_Vegas,AOI_2_Vegas:-11524:3621,test,owlvit,blur_resize,fixed,0.9,0.5,41,69,56,25,3.35,owlvit
AOI_2_Vegas_img2447,AOI_2_Vegas,AOI_2_Vegas:-11524:3621,test,owlvit,blur_resize,fixed,1.2,0.5,23,33,56,15,1.0,owlvit
AOI_2_Vegas_img2447,AOI_2_Vegas,AOI_2_Vegas:-11524:3621,test,owlvit,blur_resize,fixed,1.8,0.5,4,6,56,14,0.15,owlvit
AOI_2_Vegas_img2447,AOI_2_Vegas,AOI_2_Vegas:-11524:3621,test,owlvit,blur_resize,fixed,2.4,0.5,4,8,56,18,0.25,owlvit
AOI_2_Vegas_img2447,AOI_2_Vegas,AOI_2_Vegas:-11524:3621,test,owlvit,blur_resize,fixed,3.6,0.5,0,0,56,5,0.0,owlvit
AOI_2_Vegas_img2447,AOI_2_Vegas,AOI_2_Vegas:-11524:3621,test,owlvit,blur_resize,fixed,5.0,0.5,0,0,56,4,0.0,owlvit
AOI_2_Vegas_img2447,AOI_2_Vegas,AOI_2_Vegas:-11524:3621,test,owlvit,blur_resize,fixed,10.0,0.5,0,0,56,0,0.0,owlvit
AOI_2_Vegas_img2453,AOI_2_Vegas,AOI_2_Vegas:-11524:3622,test,owlvit,blur_resize,fixed,0.3,0.5,9,57,46,39,0.9,owlvit
AOI_2_Vegas_img2453,AOI_2_Vegas,AOI_2_Vegas:-11524:3622,test,owlvit,blur_resize,fixed,0.45,0.5,11,56,46,49,0.65,owlvit
AOI_2_Vegas_img2453,AOI_2_Vegas,AOI_2_Vegas:-11524:3622,test,owlvit,blur_resize,fixed,0.6,0.5,7,47,46,44,0.65,owlvit
AOI_2_Vegas_img2453,AOI_2_Vegas,AOI_2_Vegas:-11524:3622,test,owlvit,blur_resize,fixed,0.9,0.5,5,35,46,49,1.05,owlvit
AOI_2_Vegas_img2453,AOI_2_Vegas,AOI_2_Vegas:-11524:3622,test,owlvit,blur_resize,fixed,1.2,0.5,3,18,46,45,0.35,owlvit
AOI_2_Vegas_img2453,AOI_2_Vegas,AOI_2_Vegas:-11524:3622,test,owlvit,blur_resize,fixed,1.8,0.5,2,5,46,35,0.15,owlvit
AOI_2_Vegas_img2453,AOI_2_Vegas,AOI_2_Vegas:-11524:3622,test,owlvit,blur_resize,fixed,2.4,0.5,2,6,46,27,0.0,owlvit
AOI_2_Vegas_img2453,AOI_2_Vegas,AOI_2_Vegas:-11524:3622,test,owlvit,blur_resize,fixed,3.6,0.5,0,0,46,7,0.0,owlvit
AOI_2_Vegas_img2453,AOI_2_Vegas,AOI_2_Vegas:-11524:3622,test,owlvit,blur_resize,fixed,5.0,0.5,0,0,46,1,0.0,owlvit
AOI_2_Vegas_img2453,AOI_2_Vegas,AOI_2_Vegas:-11524:3622,test,owlvit,blur_resize,fixed,10.0,0.5,0,0,46,0,0.0,owlvit
AOI_2_Vegas_img2462,AOI_2_Vegas,AOI_2_Vegas:-11524:3623,test,owlvit,blur_resize,fixed,0.3,0.5,6,59,80,42,0.65,owlvit
AOI_2_Vegas_img2462,AOI_2_Vegas,AOI_2_Vegas:-11524:3623,test,owlvit,blur_resize,fixed,0.45,0.5,5,54,80,45,0.6,owlvit
AOI_2_Vegas_img2462,AOI_2_Vegas,AOI_2_Vegas:-11524:3623,test,owlvit,blur_resize,fixed,0.6,0.5,3,41,80,40,0.7,owlvit
AOI_2_Vegas_img2462,AOI_2_Vegas,AOI_2_Vegas:-11524:3623,test,owlvit,blur_resize,fixed,0.9,0.5,2,26,80,37,0.2,owlvit
AOI_2_Vegas_img2462,AOI_2_Vegas,AOI_2_Vegas:-11524:3623,test,owlvit,blur_resize,fixed,1.2,0.5,2,10,80,23,0.05,owlvit
AOI_2_Vegas_img2462,AOI_2_Vegas,AOI_2_Vegas:-11524:3623,test,owlvit,blur_resize,fixed,1.8,0.5,1,1,80,10,0.0,owlvit
AOI_2_Vegas_img2462,AOI_2_Vegas,AOI_2_Vegas:-11524:3623,test,owlvit,blur_resize,fixed,2.4,0.5,0,0,80,2,0.0,owlvit
AOI_2_Vegas_img2462,AOI_2_Vegas,AOI_2_Vegas:-11524:3623,test,owlvit,blur_resize,fixed,3.6,0.5,0,0,80,0,0.0,owlvit
AOI_2_Vegas_img2462,AOI_2_Vegas,AOI_2_Vegas:-11524:3623,test,owlvit,blur_resize,fixed,5.0,0.5,0,0,80,0,0.0,owlvit
AOI_2_Vegas_img2462,AOI_2_Vegas,AOI_2_Vegas:-11524:3623,test,owlvit,blur_resize,fixed,10.0,0.5,0,0,80,0,0.0,owlvit
AOI_2_Vegas_img2474,AOI_2_Vegas,AOI_2_Vegas:-11524:3625,test,owlvit,blur_resize,fixed,0.3,0.5,8,54,30,41,0.55,owlvit
AOI_2_Vegas_img2474,AOI_2_Vegas,AOI_2_Vegas:-11524:3625,test,owlvit,blur_resize,fixed,0.45,0.5,7,44,30,41,0.55,owlvit
AOI_2_Vegas_img2474,AOI_2_Vegas,AOI_2_Vegas:-11524:3625,test,owlvit,blur_resize,fixed,0.6,0.5,7,34,30,41,0.65,owlvit
AOI_2_Vegas_img2474,AOI_2_Vegas,AOI_2_Vegas:-11524:3625,test,owlvit,blur_resize,fixed,0.9,0.5,9,32,30,32,0.3,owlvit
AOI_2_Vegas_img2474,AOI_2_Vegas,AOI_2_Vegas:-11524:3625,test,owlvit,blur_resize,fixed,1.2,0.5,5,20,30,35,0.15,owlvit
AOI_2_Vegas_img2474,AOI_2_Vegas,AOI_2_Vegas:-11524:3625,test,owlvit,blur_resize,fixed,1.8,0.5,3,11,30,20,0.2,owlvit
AOI_2_Vegas_img2474,AOI_2_Vegas,AOI_2_Vegas:-11524:3625,test,owlvit,blur_resize,fixed,2.4,0.5,1,2,30,10,0.0,owlvit
AOI_2_Vegas_img2474,AOI_2_Vegas,AOI_2_Vegas:-11524:3625,test,owlvit,blur_resize,fixed,3.6,0.5,0,0,30,2,0.0,owlvit
AOI_2_Vegas_img2474,AOI_2_Vegas,AOI_2_Vegas:-11524:3625,test,owlvit,blur_resize,fixed,5.0,0.5,0,0,30,1,0.0,owlvit
AOI_2_Vegas_img2474,AOI_2_Vegas,AOI_2_Vegas:-11524:3625,test,owlvit,blur_resize,fixed,10.0,0.5,0,0,30,0,0.0,owlvit
AOI_2_Vegas_img2479,AOI_2_Vegas,AOI_2_Vegas:-11524:3612,test,owlvit,blur_resize,fixed,0.3,0.5,12,76,23,30,1.3,owlvit
AOI_2_Vegas_img2479,AOI_2_Vegas,AOI_2_Vegas:-11524:3612,test,owlvit,blur_resize,fixed,0.45,0.5,9,63,23,33,1.0,owlvit
AOI_2_Vegas_img2479,AOI_2_Vegas,AOI_2_Vegas:-11524:3612,test,owlvit,blur_resize,fixed,0.6,0.5,10,62,23,30,1.15,owlvit
AOI_2_Vegas_img2479,AOI_2_Vegas,AOI_2_Vegas:-11524:3612,test,owlvit,blur_resize,fixed,0.9,0.5,11,59,23,33,0.8,owlvit
AOI_2_Vegas_img2479,AOI_2_Vegas,AOI_2_Vegas:-11524:3612,test,owlvit,blur_resize,fixed,1.2,0.5,10,50,23,31,0.95,owlvit
AOI_2_Vegas_img2479,AOI_2_Vegas,AOI_2_Vegas:-11524:3612,test,owlvit,blur_resize,fixed,1.8,0.5,7,14,23,21,0.4,owlvit
AOI_2_Vegas_img2479,AOI_2_Vegas,AOI_2_Vegas:-11524:3612,test,owlvit,blur_resize,fixed,2.4,0.5,3,4,23,12,0.05,owlvit
AOI_2_Vegas_img2479,AOI_2_Vegas,AOI_2_Vegas:-11524:3612,test,owlvit,blur_resize,fixed,3.6,0.5,0,0,23,4,0.0,owlvit
AOI_2_Vegas_img2479,AOI_2_Vegas,AOI_2_Vegas:-11524:3612,test,owlvit,blur_resize,fixed,5.0,0.5,0,0,23,3,0.0,owlvit
AOI_2_Vegas_img2479,AOI_2_Vegas,AOI_2_Vegas:-11524:3612,test,owlvit,blur_resize,fixed,10.0,0.5,0,0,23,0,0.0,owlvit
AOI_2_Vegas_img2516,AOI_2_Vegas,AOI_2_Vegas:-11524:3619,test,owlvit,blur_resize,fixed,0.3,0.5,14,21,82,31,0.15,owlvit
AOI_2_Vegas_img2516,AOI_2_Vegas,AOI_2_Vegas:-11524:3619,test,owlvit,blur_resize,fixed,0.45,0.5,14,23,82,31,0.45,owlvit
AOI_2_Vegas_img2516,AOI_2_Vegas,AOI_2_Vegas:-11524:3619,test,owlvit,blur_resize,fixed,0.6,0.5,14,20,82,29,0.3,owlvit
AOI_2_Vegas_img2516,AOI_2_Vegas,AOI_2_Vegas:-11524:3619,test,owlvit,blur_resize,fixed,0.9,0.5,12,19,82,27,0.2,owlvit
AOI_2_Vegas_img2516,AOI_2_Vegas,AOI_2_Vegas:-11524:3619,test,owlvit,blur_resize,fixed,1.2,0.5,8,14,82,21,0.05,owlvit
AOI_2_Vegas_img2516,AOI_2_Vegas,AOI_2_Vegas:-11524:3619,test,owlvit,blur_resize,fixed,1.8,0.5,0,0,82,14,0.0,owlvit
AOI_2_Vegas_img2516,AOI_2_Vegas,AOI_2_Vegas:-11524:3619,test,owlvit,blur_resize,fixed,2.4,0.5,0,0,82,13,0.0,owlvit
AOI_2_Vegas_img2516,AOI_2_Vegas,AOI_2_Vegas:-11524:3619,test,owlvit,blur_resize,fixed,3.6,0.5,0,0,82,7,0.0,owlvit
AOI_2_Vegas_img2516,AOI_2_Vegas,AOI_2_Vegas:-11524:3619,test,owlvit,blur_resize,fixed,5.0,0.5,0,0,82,6,0.0,owlvit
AOI_2_Vegas_img2516,AOI_2_Vegas,AOI_2_Vegas:-11524:3619,test,owlvit,blur_resize,fixed,10.0,0.5,0,0,82,1,0.0,owlvit
AOI_2_Vegas_img2567,AOI_2_Vegas,AOI_2_Vegas:-11524:3614,test,owlvit,blur_resize,fixed,0.3,0.5,2,21,20,51,0.2,owlvit
AOI_2_Vegas_img2567,AOI_2_Vegas,AOI_2_Vegas:-11524:3614,test,owlvit,blur_resize,fixed,0.45,0.5,1,14,20,55,0.05,owlvit
AOI_2_Vegas_img2567,AOI_2_Vegas,AOI_2_Vegas:-11524:3614,test,owlvit,blur_resize,fixed,0.6,0.5,1,8,20,43,0.05,owlvit
AOI_2_Vegas_img2567,AOI_2_Vegas,AOI_2_Vegas:-11524:3614,test,owlvit,blur_resize,fixed,0.9,0.5,1,10,20,41,0.0,owlvit
AOI_2_Vegas_img2567,AOI_2_Vegas,AOI_2_Vegas:-11524:3614,test,owlvit,blur_resize,fixed,1.2,0.5,0,8,20,36,0.1,owlvit
AOI_2_Vegas_img2567,AOI_2_Vegas,AOI_2_Vegas:-11524:3614,test,owlvit,blur_resize,fixed,1.8,0.5,0,3,20,35,0.0,owlvit
AOI_2_Vegas_img2567,AOI_2_Vegas,AOI_2_Vegas:-11524:3614,test,owlvit,blur_resize,fixed,2.4,0.5,0,2,20,26,0.0,owlvit
AOI_2_Vegas_img2567,AOI_2_Vegas,AOI_2_Vegas:-11524:3614,test,owlvit,blur_resize,fixed,3.6,0.5,0,0,20,13,0.0,owlvit
AOI_2_Vegas_img2567,AOI_2_Vegas,AOI_2_Vegas:-11524:3614,test,owlvit,blur_resize,fixed,5.0,0.5,0,0,20,9,0.0,owlvit
AOI_2_Vegas_img2567,AOI_2_Vegas,AOI_2_Vegas:-11524:3614,test,owlvit,blur_resize,fixed,10.0,0.5,0,0,20,0,0.0,owlvit
AOI_2_Vegas_img2614,AOI_2_Vegas,AOI_2_Vegas:-11524:3622,test,owlvit,blur_resize,fixed,0.3,0.5,27,104,44,27,4.1,owlvit
AOI_2_Vegas_img2614,AOI_2_Vegas,AOI_2_Vegas:-11524:3622,test,owlvit,blur_resize,fixed,0.45,0.5,22,86,44,30,3.05,owlvit
AOI_2_Vegas_img2614,AOI_2_Vegas,AOI_2_Vegas:-11524:3622,test,owlvit,blur_resize,fixed,0.6,0.5,25,72,44,33,3.3,owlvit
AOI_2_Vegas_img2614,AOI_2_Vegas,AOI_2_Vegas:-11524:3622,test,owlvit,blur_resize,fixed,0.9,0.5,19,57,44,27,2.2,owlvit
AOI_2_Vegas_img2614,AOI_2_Vegas,AOI_2_Vegas:-11524:3622,test,owlvit,blur_resize,fixed,1.2,0.5,19,41,44,29,1.5,owlvit
AOI_2_Vegas_img2614,AOI_2_Vegas,AOI_2_Vegas:-11524:3622,test,owlvit,blur_resize,fixed,1.8,0.5,2,4,44,8,0.0,owlvit
AOI_2_Vegas_img2614,AOI_2_Vegas,AOI_2_Vegas:-11524:3622,test,owlvit,blur_resize,fixed,2.4,0.5,0,0,44,4,0.0,owlvit
AOI_2_Vegas_img2614,AOI_2_Vegas,AOI_2_Vegas:-11524:3622,test,owlvit,blur_resize,fixed,3.6,0.5,0,0,44,1,0.0,owlvit
AOI_2_Vegas_img2614,AOI_2_Vegas,AOI_2_Vegas:-11524:3622,test,owlvit,blur_resize,fixed,5.0,0.5,0,0,44,1,0.0,owlvit
AOI_2_Vegas_img2614,AOI_2_Vegas,AOI_2_Vegas:-11524:3622,test,owlvit,blur_resize,fixed,10.0,0.5,0,0,44,0,0.0,owlvit
AOI_2_Vegas_img2623,AOI_2_Vegas,AOI_2_Vegas:-11524:3624,test,owlvit,blur_resize,fixed,0.3,0.5,1,49,13,39,0.15,owlvit
AOI_2_Vegas_img2623,AOI_2_Vegas,AOI_2_Vegas:-11524:3624,test,owlvit,blur_resize,fixed,0.45,0.5,2,40,13,46,0.0,owlvit
AOI_2_Vegas_img2623,AOI_2_Vegas,AOI_2_Vegas:-11524:3624,test,owlvit,blur_resize,fixed,0.6,0.5,2,29,13,40,0.1,owlvit
AOI_2_Vegas_img2623,AOI_2_Vegas,AOI_2_Vegas:-11524:3624,test,owlvit,blur_resize,fixed,0.9,0.5,2,28,13,37,0.2,owlvit
AOI_2_Vegas_img2623,AOI_2_Vegas,AOI_2_Vegas:-11524:3624,test,owlvit,blur_resize,fixed,1.2,0.5,0,15,13,40,0.05,owlvit
AOI_2_Vegas_img2623,AOI_2_Vegas,AOI_2_Vegas:-11524:3624,test,owlvit,blur_resize,fixed,1.8,0.5,1,8,13,31,0.1,owlvit
AOI_2_Vegas_img2623,AOI_2_Vegas,AOI_2_Vegas:-11524:3624,test,owlvit,blur_resize,fixed,2.4,0.5,0,1,13,30,0.0,owlvit
AOI_2_Vegas_img2623,AOI_2_Vegas,AOI_2_Vegas:-11524:3624,test,owlvit,blur_resize,fixed,3.6,0.5,0,0,13,2,0.0,owlvit
AOI_2_Vegas_img2623,AOI_2_Vegas,AOI_2_Vegas:-11524:3624,test,owlvit,blur_resize,fixed,5.0,0.5,0,0,13,1,0.0,owlvit
AOI_2_Vegas_img2623,AOI_2_Vegas,AOI_2_Vegas:-11524:3624,test,owlvit,blur_resize,fixed,10.0,0.5,0,0,13,0,0.0,owlvit
AOI_2_Vegas_img263,AOI_2_Vegas,AOI_2_Vegas:-11530:3620,test,owlvit,blur_resize,fixed,0.3,0.5,26,50,44,30,1.9,owlvit
AOI_2_Vegas_img263,AOI_2_Vegas,AOI_2_Vegas:-11530:3620,test,owlvit,blur_resize,fixed,0.45,0.5,20,46,44,31,1.55,owlvit
AOI_2_Vegas_img263,AOI_2_Vegas,AOI_2_Vegas:-11530:3620,test,owlvit,blur_resize,fixed,0.6,0.5,19,39,44,28,1.65,owlvit
AOI_2_Vegas_img263,AOI_2_Vegas,AOI_2_Vegas:-11530:3620,test,owlvit,blur_resize,fixed,0.9,0.5,19,33,44,24,1.25,owlvit
AOI_2_Vegas_img263,AOI_2_Vegas,AOI_2_Vegas:-11530:3620,test,owlvit,blur_resize,fixed,1.2,0.5,10,18,44,20,0.45,owlvit
AOI_2_Vegas_img263,AOI_2_Vegas,AOI_2_Vegas:-11530:3620,test,owlvit,blur_resize,fixed,1.8,0.5,0,0,44,8,0.0,owlvit
AOI_2_Vegas_img263,AOI_2_Vegas,AOI_2_Vegas:-11530:3620,test,owlvit,blur_resize,fixed,2.4,0.5,0,0,44,7,0.0,owlvit
AOI_2_Vegas_img263,AOI_2_Vegas,AOI_2_Vegas:-11530:3620,test,owlvit,blur_resize,fixed,3.6,0.5,0,0,44,10,0.0,owlvit
AOI_2_Vegas_img263,AOI_2_Vegas,AOI_2_Vegas:-11530:3620,test,owlvit,blur_resize,fixed,5.0,0.5,0,0,44,3,0.0,owlvit
AOI_2_Vegas_img263,AOI_2_Vegas,AOI_2_Vegas:-11530:3620,test,owlvit,blur_resize,fixed,10.0,0.5,0,0,44,0,0.0,owlvit
AOI_2_Vegas_img2668,AOI_2_Vegas,AOI_2_Vegas:-11524:3618,test,owlvit,blur_resize,fixed,0.3,0.5,26,74,65,48,2.35,owlvit
AOI_2_Vegas_img2668,AOI_2_Vegas,AOI_2_Vegas:-11524:3618,test,owlvit,blur_resize,fixed,0.45,0.5,19,61,65,48,1.55,owlvit
AOI_2_Vegas_img2668,AOI_2_Vegas,AOI_2_Vegas:-11524:3618,test,owlvit,blur_resize,fixed,0.6,0.5,19,55,65,41,1.35,owlvit
AOI_2_Vegas_img2668,AOI_2_Vegas,AOI_2_Vegas:-11524:3618,test,owlvit,blur_resize,fixed,0.9,0.5,17,47,65,39,0.75,owlvit
AOI_2_Vegas_img2668,AOI_2_Vegas,AOI_2_Vegas:-11524:3618,test,owlvit,blur_resize,fixed,1.2,0.5,13,36,65,34,0.5,owlvit
AOI_2_Vegas_img2668,AOI_2_Vegas,AOI_2_Vegas:-11524:3618,test,owlvit,blur_resize,fixed,1.8,0.5,0,5,65,15,0.25,owlvit
AOI_2_Vegas_img2668,AOI_2_Vegas,AOI_2_Vegas:-11524:3618,test,owlvit,blur_resize,fixed,2.4,0.5,0,0,65,5,0.0,owlvit
AOI_2_Vegas_img2668,AOI_2_Vegas,AOI_2_Vegas:-11524:3618,test,owlvit,blur_resize,fixed,3.6,0.5,0,0,65,1,0.0,owlvit
AOI_2_Vegas_img2668,AOI_2_Vegas,AOI_2_Vegas:-11524:3618,test,owlvit,blur_resize,fixed,5.0,0.5,0,0,65,2,0.0,owlvit
AOI_2_Vegas_img2668,AOI_2_Vegas,AOI_2_Vegas:-11524:3618,test,owlvit,blur_resize,fixed,10.0,0.5,0,0,65,0,0.0,owlvit
AOI_2_Vegas_img2695,AOI_2_Vegas,AOI_2_Vegas:-11524:3623,test,owlvit,blur_resize,fixed,0.3,0.5,21,54,52,31,1.2,owlvit
AOI_2_Vegas_img2695,AOI_2_Vegas,AOI_2_Vegas:-11524:3623,test,owlvit,blur_resize,fixed,0.45,0.5,24,52,52,24,1.25,owlvit
AOI_2_Vegas_img2695,AOI_2_Vegas,AOI_2_Vegas:-11524:3623,test,owlvit,blur_resize,fixed,0.6,0.5,23,47,52,25,1.1,owlvit
AOI_2_Vegas_img2695,AOI_2_Vegas,AOI_2_Vegas:-11524:3623,test,owlvit,blur_resize,fixed,0.9,0.5,20,47,52,25,1.2,owlvit
AOI_2_Vegas_img2695,AOI_2_Vegas,AOI_2_Vegas:-11524:3623,test,owlvit,blur_resize,fixed,1.2,0.5,16,37,52,21,0.6,owlvit
AOI_2_Vegas_img2695,AOI_2_Vegas,AOI_2_Vegas:-11524:3623,test,owlvit,blur_resize,fixed,1.8,0.5,9,14,52,11,0.45,owlvit
AOI_2_Vegas_img2695,AOI_2_Vegas,AOI_2_Vegas:-11524:3623,test,owlvit,blur_resize,fixed,2.4,0.5,1,3,52,7,0.0,owlvit
AOI_2_Vegas_img2695,AOI_2_Vegas,AOI_2_Vegas:-11524:3623,test,owlvit,blur_resize,fixed,3.6,0.5,0,0,52,1,0.0,owlvit
AOI_2_Vegas_img2695,AOI_2_Vegas,AOI_2_Vegas:-11524:3623,test,owlvit,blur_resize,fixed,5.0,0.5,0,0,52,1,0.0,owlvit
AOI_2_Vegas_img2695,AOI_2_Vegas,AOI_2_Vegas:-11524:3623,test,owlvit,blur_resize,fixed,10.0,0.5,0,0,52,0,0.0,owlvit
AOI_2_Vegas_img2751,AOI_2_Vegas,AOI_2_Vegas:-11524:3619,test,owlvit,blur_resize,fixed,0.3,0.5,16,45,42,25,0.9,owlvit
AOI_2_Vegas_img2751,AOI_2_Vegas,AOI_2_Vegas:-11524:3619,test,owlvit,blur_resize,fixed,0.45,0.5,13,35,42,23,0.4,owlvit
AOI_2_Vegas_img2751,AOI_2_Vegas,AOI_2_Vegas:-11524:3619,test,owlvit,blur_resize,fixed,0.6,0.5,10,28,42,24,0.95,owlvit
AOI_2_Vegas_img2751,AOI_2_Vegas,AOI_2_Vegas:-11524:3619,test,owlvit,blur_resize,fixed,0.9,0.5,10,24,42,22,0.6,owlvit
AOI_2_Vegas_img2751,AOI_2_Vegas,AOI_2_Vegas:-11524:3619,test,owlvit,blur_resize,fixed,1.2,0.5,6,8,42,18,0.3,owlvit
AOI_2_Vegas_img2751,AOI_2_Vegas,AOI_2_Vegas:-11524:3619,test,owlvit,blur_resize,fixed,1.8,0.5,2,2,42,10,0.05,owlvit
AOI_2_Vegas_img2751,AOI_2_Vegas,AOI_2_Vegas:-11524:3619,test,owlvit,blur_resize,fixed,2.4,0.5,0,0,42,7,0.0,owlvit
AOI_2_Vegas_img2751,AOI_2_Vegas,AOI_2_Vegas:-11524:3619,test,owlvit,blur_resize,fixed,3.6,0.5,0,0,42,5,0.0,owlvit
AOI_2_Vegas_img2751,AOI_2_Vegas,AOI_2_Vegas:-11524:3619,test,owlvit,blur_resize,fixed,5.0,0.5,0,0,42,4,0.0,owlvit
AOI_2_Vegas_img2751,AOI_2_Vegas,AOI_2_Vegas:-11524:3619,test,owlvit,blur_resize,fixed,10.0,0.5,0,0,42,0,0.0,owlvit
AOI_2_Vegas_img2760,AOI_2_Vegas,AOI_2_Vegas:-11524:3620,test,owlvit,blur_resize,fixed,0.3,0.5,20,90,58,33,1.35,owlvit
AOI_2_Vegas_img2760,AOI_2_Vegas,AOI_2_Vegas:-11524:3620,test,owlvit,blur_resize,fixed,0.45,0.5,16,78,58,30,1.15,owlvit
AOI_2_Vegas_img2760,AOI_2_Vegas,AOI_2_Vegas:-11524:3620,test,owlvit,blur_resize,fixed,0.6,0.5,16,69,58,31,0.95,owlvit
AOI_2_Vegas_img2760,AOI_2_Vegas,AOI_2_Vegas:-11524:3620,test,owlvit,blur_resize,fixed,0.9,0.5,16,55,58,36,1.3,owlvit
AOI_2_Vegas_img2760,AOI_2_Vegas,AOI_2_Vegas:-11524:3620,test,owlvit,blur_resize,fixed,1.2,0.5,10,35,58,24,0.6,owlvit
AOI_2_Vegas_img2760,AOI_2_Vegas,AOI_2_Vegas:-11524:3620,test,owlvit,blur_resize,fixed,1.8,0.5,1,5,58,11,0.0,owlvit
AOI_2_Vegas_img2760,AOI_2_Vegas,AOI_2_Vegas:-11524:3620,test,owlvit,blur_resize,fixed,2.4,0.5,0,0,58,4,0.0,owlvit
AOI_2_Vegas_img2760,AOI_2_Vegas,AOI_2_Vegas:-11524:3620,test,owlvit,blur_resize,fixed,3.6,0.5,0,0,58,3,0.0,owlvit
AOI_2_Vegas_img2760,AOI_2_Vegas,AOI_2_Vegas:-11524:3620,test,owlvit,blur_resize,fixed,5.0,0.5,0,0,58,1,0.0,owlvit
AOI_2_Vegas_img2760,AOI_2_Vegas,AOI_2_Vegas:-11524:3620,test,owlvit,blur_resize,fixed,10.0,0.5,0,0,58,0,0.0,owlvit
AOI_2_Vegas_img2801,AOI_2_Vegas,AOI_2_Vegas:-11524:3613,test,owlvit,blur_resize,fixed,0.3,0.5,9,28,26,32,0.3,owlvit
AOI_2_Vegas_img2801,AOI_2_Vegas,AOI_2_Vegas:-11524:3613,test,owlvit,blur_resize,fixed,0.45,0.5,8,33,26,34,0.05,owlvit
AOI_2_Vegas_img2801,AOI_2_Vegas,AOI_2_Vegas:-11524:3613,test,owlvit,blur_resize,fixed,0.6,0.5,7,27,26,38,0.45,owlvit
AOI_2_Vegas_img2801,AOI_2_Vegas,AOI_2_Vegas:-11524:3613,test,owlvit,blur_resize,fixed,0.9,0.5,6,24,26,36,0.25,owlvit
AOI_2_Vegas_img2801,AOI_2_Vegas,AOI_2_Vegas:-11524:3613,test,owlvit,blur_resize,fixed,1.2,0.5,5,22,26,34,0.35,owlvit
AOI_2_Vegas_img2801,AOI_2_Vegas,AOI_2_Vegas:-11524:3613,test,owlvit,blur_resize,fixed,1.8,0.5,3,14,26,30,0.1,owlvit
AOI_2_Vegas_img2801,AOI_2_Vegas,AOI_2_Vegas:-11524:3613,test,owlvit,blur_resize,fixed,2.4,0.5,4,10,26,26,0.1,owlvit
AOI_2_Vegas_img2801,AOI_2_Vegas,AOI_2_Vegas:-11524:3613,test,owlvit,blur_resize,fixed,3.6,0.5,0,0,26,7,0.0,owlvit
AOI_2_Vegas_img2801,AOI_2_Vegas,AOI_2_Vegas:-11524:3613,test,owlvit,blur_resize,fixed,5.0,0.5,0,0,26,1,0.0,owlvit
AOI_2_Vegas_img2801,AOI_2_Vegas,AOI_2_Vegas:-11524:3613,test,owlvit,blur_resize,fixed,10.0,0.5,0,0,26,0,0.0,owlvit
AOI_2_Vegas_img2824,AOI_2_Vegas,AOI_2_Vegas:-11524:3618,test,owlvit,blur_resize,fixed,0.3,0.5,14,49,31,45,0.55,owlvit
AOI_2_Vegas_img2824,AOI_2_Vegas,AOI_2_Vegas:-11524:3618,test,owlvit,blur_resize,fixed,0.45,0.5,9,40,31,42,0.5,owlvit
AOI_2_Vegas_img2824,AOI_2_Vegas,AOI_2_Vegas:-11524:3618,test,owlvit,blur_resize,fixed,0.6,0.5,7,35,31,38,0.3,owlvit
AOI_2_Vegas_img2824,AOI_2_Vegas,AOI_2_Vegas:-11524:3618,test,owlvit,blur_resize,fixed,0.9,0.5,6,34,31,41,0.4,owlvit
AOI_2_Vegas_img2824,AOI_2_Vegas,AOI_2_Vegas:-11524:3618,test,owlvit,blur_resize,fixed,1.2,0.5,5,27,31,46,0.45,owlvit
AOI_2_Vegas_img2824,AOI_2_Vegas,AOI_2_Vegas:-11524:3618,test,owlvit,blur_resize,fixed,1.8,0.5,4,17,31,43,0.2,owlvit
AOI_2_Vegas_img2824,AOI_2_Vegas,AOI_2_Vegas:-11524:3618,test,owlvit,blur_resize,fixed,2.4,0.5,1,6,31,38,0.0,owlvit
AOI_2_Vegas_img2824,AOI_2_Vegas,AOI_2_Vegas:-11524:3618,test,owlvit,blur_resize,fixed,3.6,0.5,0,0,31,20,0.0,owlvit
AOI_2_Vegas_img2824,AOI_2_Vegas,AOI_2_Vegas:-11524:3618,test,owlvit,blur_resize,fixed,5.0,0.5,0,0,31,5,0.0,owlvit
AOI_2_Vegas_img2824,AOI_2_Vegas,AOI_2_Vegas:-11524:3618,test,owlvit,blur_resize,fixed,10.0,0.5,0,0,31,1,0.0,owlvit
AOI_2_Vegas_img2852,AOI_2_Vegas,AOI_2_Vegas:-11524:3622,test,owlvit,blur_resize,fixed,0.3,0.5,8,48,49,36,1.0,owlvit
AOI_2_Vegas_img2852,AOI_2_Vegas,AOI_2_Vegas:-11524:3622,test,owlvit,blur_resize,fixed,0.45,0.5,12,33,49,37,0.8,owlvit
AOI_2_Vegas_img2852,AOI_2_Vegas,AOI_2_Vegas:-11524:3622,test,owlvit,blur_resize,fixed,0.6,0.5,9,25,49,39,0.7,owlvit
AOI_2_Vegas_img2852,AOI_2_Vegas,AOI_2_Vegas:-11524:3622,test,owlvit,blur_resize,fixed,0.9,0.5,5,9,49,30,0.15,owlvit
AOI_2_Vegas_img2852,AOI_2_Vegas,AOI_2_Vegas:-11524:3622,test,owlvit,blur_resize,fixed,1.2,0.5,1,1,49,11,0.0,owlvit
AOI_2_Vegas_img2852,AOI_2_Vegas,AOI_2_Vegas:-11524:3622,test,owlvit,blur_resize,fixed,1.8,0.5,0,0,49,2,0.0,owlvit
AOI_2_Vegas_img2852,AOI_2_Vegas,AOI_2_Vegas:-11524:3622,test,owlvit,blur_resize,fixed,2.4,0.5,0,0,49,2,0.0,owlvit
AOI_2_Vegas_img2852,AOI_2_Vegas,AOI_2_Vegas:-11524:3622,test,owlvit,blur_resize,fixed,3.6,0.5,0,0,49,3,0.0,owlvit
AOI_2_Vegas_img2852,AOI_2_Vegas,AOI_2_Vegas:-11524:3622,test,owlvit,blur_resize,fixed,5.0,0.5,0,0,49,1,0.0,owlvit
AOI_2_Vegas_img2852,AOI_2_Vegas,AOI_2_Vegas:-11524:3622,test,owlvit,blur_resize,fixed,10.0,0.5,0,0,49,0,0.0,owlvit
AOI_2_Vegas_img286,AOI_2_Vegas,AOI_2_Vegas:-11530:3614,test,owlvit,blur_resize,fixed,0.3,0.5,0,7,6,27,0.0,owlvit
AOI_2_Vegas_img286,AOI_2_Vegas,AOI_2_Vegas:-11530:3614,test,owlvit,blur_resize,fixed,0.45,0.5,0,8,6,26,0.0,owlvit
AOI_2_Vegas_img286,AOI_2_Vegas,AOI_2_Vegas:-11530:3614,test,owlvit,blur_resize,fixed,0.6,0.5,2,5,6,22,0.0,owlvit
AOI_2_Vegas_img286,AOI_2_Vegas,AOI_2_Vegas:-11530:3614,test,owlvit,blur_resize,fixed,0.9,0.5,2,3,6,8,0.0,owlvit
AOI_2_Vegas_img286,AOI_2_Vegas,AOI_2_Vegas:-11530:3614,test,owlvit,blur_resize,fixed,1.2,0.5,0,0,6,3,0.0,owlvit
AOI_2_Vegas_img286,AOI_2_Vegas,AOI_2_Vegas:-11530:3614,test,owlvit,blur_resize,fixed,1.8,0.5,0,0,6,2,0.0,owlvit
AOI_2_Vegas_img286,AOI_2_Vegas,AOI_2_Vegas:-11530:3614,test,owlvit,blur_resize,fixed,2.4,0.5,0,0,6,6,0.0,owlvit
AOI_2_Vegas_img286,AOI_2_Vegas,AOI_2_Vegas:-11530:3614,test,owlvit,blur_resize,fixed,3.6,0.5,0,0,6,5,0.0,owlvit
AOI_2_Vegas_img286,AOI_2_Vegas,AOI_2_Vegas:-11530:3614,test,owlvit,blur_resize,fixed,5.0,0.5,0,0,6,4,0.0,owlvit
AOI_2_Vegas_img286,AOI_2_Vegas,AOI_2_Vegas:-11530:3614,test,owlvit,blur_resize,fixed,10.0,0.5,0,0,6,1,0.0,owlvit
AOI_2_Vegas_img2870,AOI_2_Vegas,AOI_2_Vegas:-11524:3626,test,owlvit,blur_resize,fixed,0.3,0.5,3,55,16,12,0.15,owlvit
AOI_2_Vegas_img2870,AOI_2_Vegas,AOI_2_Vegas:-11524:3626,test,owlvit,blur_resize,fixed,0.45,0.5,3,41,16,10,0.4,owlvit
AOI_2_Vegas_img2870,AOI_2_Vegas,AOI_2_Vegas:-11524:3626,test,owlvit,blur_resize,fixed,0.6,0.5,1,34,16,10,0.15,owlvit
AOI_2_Vegas_img2870,AOI_2_Vegas,AOI_2_Vegas:-11524:3626,test,owlvit,blur_resize,fixed,0.9,0.5,2,31,16,13,0.25,owlvit
AOI_2_Vegas_img2870,AOI_2_Vegas,AOI_2_Vegas:-11524:3626,test,owlvit,blur_resize,fixed,1.2,0.5,2,17,16,8,0.1,owlvit
AOI_2_Vegas_img2870,AOI_2_Vegas,AOI_2_Vegas:-11524:3626,test,owlvit,blur_resize,fixed,1.8,0.5,0,0,16,1,0.0,owlvit
AOI_2_Vegas_img2870,AOI_2_Vegas,AOI_2_Vegas:-11524:3626,test,owlvit,blur_resize,fixed,2.4,0.5,0,0,16,2,0.0,owlvit
AOI_2_Vegas_img2870,AOI_2_Vegas,AOI_2_Vegas:-11524:3626,test,owlvit,blur_resize,fixed,3.6,0.5,0,0,16,1,0.0,owlvit
AOI_2_Vegas_img2870,AOI_2_Vegas,AOI_2_Vegas:-11524:3626,test,owlvit,blur_resize,fixed,5.0,0.5,0,0,16,1,0.0,owlvit
AOI_2_Vegas_img2870,AOI_2_Vegas,AOI_2_Vegas:-11524:3626,test,owlvit,blur_resize,fixed,10.0,0.5,0,0,16,1,0.0,owlvit
AOI_2_Vegas_img2875,AOI_2_Vegas,AOI_2_Vegas:-11523:3613,test,owlvit,blur_resize,fixed,0.3,0.5,10,55,31,37,0.25,owlvit
AOI_2_Vegas_img2875,AOI_2_Vegas,AOI_2_Vegas:-11523:3613,test,owlvit,blur_resize,fixed,0.45,0.5,10,48,31,43,0.5,owlvit
AOI_2_Vegas_img2875,AOI_2_Vegas,AOI_2_Vegas:-11523:3613,test,owlvit,blur_resize,fixed,0.6,0.5,8,47,31,44,0.25,owlvit
AOI_2_Vegas_img2875,AOI_2_Vegas,AOI_2_Vegas:-11523:3613,test,owlvit,blur_resize,fixed,0.9,0.5,8,34,31,45,0.45,owlvit
AOI_2_Vegas_img2875,AOI_2_Vegas,AOI_2_Vegas:-11523:3613,test,owlvit,blur_resize,fixed,1.2,0.5,7,27,31,43,0.1,owlvit
AOI_2_Vegas_img2875,AOI_2_Vegas,AOI_2_Vegas:-11523:3613,test,owlvit,blur_resize,fixed,1.8,0.5,2,15,31,25,0.25,owlvit
AOI_2_Vegas_img2875,AOI_2_Vegas,AOI_2_Vegas:-11523:3613,test,owlvit,blur_resize,fixed,2.4,0.5,2,3,31,14,0.1,owlvit
AOI_2_Vegas_img2875,AOI_2_Vegas,AOI_2_Vegas:-11523:3613,test,owlvit,blur_resize,fixed,3.6,0.5,0,0,31,1,0.0,owlvit
AOI_2_Vegas_img2875,AOI_2_Vegas,AOI_2_Vegas:-11523:3613,test,owlvit,blur_resize,fixed,5.0,0.5,0,0,31,0,0.0,owlvit
AOI_2_Vegas_img2875,AOI_2_Vegas,AOI_2_Vegas:-11523:3613,test,owlvit,blur_resize,fixed,10.0,0.5,0,0,31,0,0.0,owlvit
AOI_2_Vegas_img288,AOI_2_Vegas,AOI_2_Vegas:-11530:3614,test,owlvit,blur_resize,fixed,0.3,0.5,15,81,37,35,1.15,owlvit
AOI_2_Vegas_img288,AOI_2_Vegas,AOI_2_Vegas:-11530:3614,test,owlvit,blur_resize,fixed,0.45,0.5,14,74,37,39,0.85,owlvit
AOI_2_Vegas_img288,AOI_2_Vegas,AOI_2_Vegas:-11530:3614,test,owlvit,blur_resize,fixed,0.6,0.5,15,64,37,37,0.8,owlvit
AOI_2_Vegas_img288,AOI_2_Vegas,AOI_2_Vegas:-11530:3614,test,owlvit,blur_resize,fixed,0.9,0.5,14,51,37,38,1.0,owlvit
AOI_2_Vegas_img288,AOI_2_Vegas,AOI_2_Vegas:-11530:3614,test,owlvit,blur_resize,fixed,1.2,0.5,9,28,37,44,0.85,owlvit
AOI_2_Vegas_img288,AOI_2_Vegas,AOI_2_Vegas:-11530:3614,test,owlvit,blur_resize,fixed,1.8,0.5,5,8,37,29,0.05,owlvit
AOI_2_Vegas_img288,AOI_2_Vegas,AOI_2_Vegas:-11530:3614,test,owlvit,blur_resize,fixed,2.4,0.5,2,2,37,15,0.1,owlvit
AOI_2_Vegas_img288,AOI_2_Vegas,AOI_2_Vegas:-11530:3614,test,owlvit,blur_resize,fixed,3.6,0.5,1,1,37,4,0.0,owlvit
AOI_2_Vegas_img288,AOI_2_Vegas,AOI_2_Vegas:-11530:3614,test,owlvit,blur_resize,fixed,5.0,0.5,0,0,37,1,0.0,owlvit
AOI_2_Vegas_img288,AOI_2_Vegas,AOI_2_Vegas:-11530:3614,test,owlvit,blur_resize,fixed,10.0,0.5,0,0,37,0,0.0,owlvit
AOI_2_Vegas_img2888,AOI_2_Vegas,AOI_2_Vegas:-11523:3615,test,owlvit,blur_resize,fixed,0.3,0.5,0,1,0,21,0.0,owlvit
AOI_2_Vegas_img2888,AOI_2_Vegas,AOI_2_Vegas:-11523:3615,test,owlvit,blur_resize,fixed,0.45,0.5,0,1,0,23,0.0,owlvit
AOI_2_Vegas_img2888,AOI_2_Vegas,AOI_2_Vegas:-11523:3615,test,owlvit,blur_resize,fixed,0.6,0.5,0,1,0,22,0.0,owlvit
AOI_2_Vegas_img2888,AOI_2_Vegas,AOI_2_Vegas:-11523:3615,test,owlvit,blur_resize,fixed,0.9,0.5,0,2,0,28,0.0,owlvit
AOI_2_Vegas_img2888,AOI_2_Vegas,AOI_2_Vegas:-11523:3615,test,owlvit,blur_resize,fixed,1.2,0.5,0,0,0,20,0.0,owlvit
AOI_2_Vegas_img2888,AOI_2_Vegas,AOI_2_Vegas:-11523:3615,test,owlvit,blur_resize,fixed,1.8,0.5,0,0,0,13,0.0,owlvit
AOI_2_Vegas_img2888,AOI_2_Vegas,AOI_2_Vegas:-11523:3615,test,owlvit,blur_resize,fixed,2.4,0.5,0,0,0,16,0.0,owlvit
AOI_2_Vegas_img2888,AOI_2_Vegas,AOI_2_Vegas:-11523:3615,test,owlvit,blur_resize,fixed,3.6,0.5,0,0,0,5,0.0,owlvit
AOI_2_Vegas_img2888,AOI_2_Vegas,AOI_2_Vegas:-11523:3615,test,owlvit,blur_resize,fixed,5.0,0.5,0,0,0,4,0.0,owlvit
AOI_2_Vegas_img2888,AOI_2_Vegas,AOI_2_Vegas:-11523:3615,test,owlvit,blur_resize,fixed,10.0,0.5,0,0,0,0,0.0,owlvit
AOI_2_Vegas_img297,AOI_2_Vegas,AOI_2_Vegas:-11530:3616,test,owlvit,blur_resize,fixed,0.3,0.5,0,0,0,2,0.0,owlvit
AOI_2_Vegas_img297,AOI_2_Vegas,AOI_2_Vegas:-11530:3616,test,owlvit,blur_resize,fixed,0.45,0.5,0,0,0,0,0.0,owlvit
AOI_2_Vegas_img297,AOI_2_Vegas,AOI_2_Vegas:-11530:3616,test,owlvit,blur_resize,fixed,0.6,0.5,0,0,0,0,0.0,owlvit
AOI_2_Vegas_img297,AOI_2_Vegas,AOI_2_Vegas:-11530:3616,test,owlvit,blur_resize,fixed,0.9,0.5,0,0,0,0,0.0,owlvit
AOI_2_Vegas_img297,AOI_2_Vegas,AOI_2_Vegas:-11530:3616,test,owlvit,blur_resize,fixed,1.2,0.5,0,0,0,0,0.0,owlvit
AOI_2_Vegas_img297,AOI_2_Vegas,AOI_2_Vegas:-11530:3616,test,owlvit,blur_resize,fixed,1.8,0.5,0,0,0,0,0.0,owlvit
AOI_2_Vegas_img297,AOI_2_Vegas,AOI_2_Vegas:-11530:3616,test,owlvit,blur_resize,fixed,2.4,0.5,0,0,0,0,0.0,owlvit
AOI_2_Vegas_img297,AOI_2_Vegas,AOI_2_Vegas:-11530:3616,test,owlvit,blur_resize,fixed,3.6,0.5,0,0,0,0,0.0,owlvit
AOI_2_Vegas_img297,AOI_2_Vegas,AOI_2_Vegas:-11530:3616,test,owlvit,blur_resize,fixed,5.0,0.5,0,0,0,0,0.0,owlvit
AOI_2_Vegas_img297,AOI_2_Vegas,AOI_2_Vegas:-11530:3616,test,owlvit,blur_resize,fixed,10.0,0.5,0,0,0,0,0.0,owlvit
AOI_2_Vegas_img2978,AOI_2_Vegas,AOI_2_Vegas:-11523:3617,test,owlvit,blur_resize,fixed,0.3,0.5,2,51,30,27,0.45,owlvit
AOI_2_Vegas_img2978,AOI_2_Vegas,AOI_2_Vegas:-11523:3617,test,owlvit,blur_resize,fixed,0.45,0.5,0,30,30,21,0.1,owlvit
AOI_2_Vegas_img2978,AOI_2_Vegas,AOI_2_Vegas:-11523:3617,test,owlvit,blur_resize,fixed,0.6,0.5,1,16,30,23,0.1,owlvit
AOI_2_Vegas_img2978,AOI_2_Vegas,AOI_2_Vegas:-11523:3617,test,owlvit,blur_resize,fixed,0.9,0.5,3,19,30,23,0.1,owlvit
AOI_2_Vegas_img2978,AOI_2_Vegas,AOI_2_Vegas:-11523:3617,test,owlvit,blur_resize,fixed,1.2,0.5,2,17,30,23,0.05,owlvit
AOI_2_Vegas_img2978,AOI_2_Vegas,AOI_2_Vegas:-11523:3617,test,owlvit,blur_resize,fixed,1.8,0.5,0,6,30,21,0.0,owlvit
AOI_2_Vegas_img2978,AOI_2_Vegas,AOI_2_Vegas:-11523:3617,test,owlvit,blur_resize,fixed,2.4,0.5,0,1,30,16,0.0,owlvit
AOI_2_Vegas_img2978,AOI_2_Vegas,AOI_2_Vegas:-11523:3617,test,owlvit,blur_resize,fixed,3.6,0.5,0,0,30,7,0.0,owlvit
AOI_2_Vegas_img2978,AOI_2_Vegas,AOI_2_Vegas:-11523:3617,test,owlvit,blur_resize,fixed,5.0,0.5,0,0,30,1,0.0,owlvit
AOI_2_Vegas_img2978,AOI_2_Vegas,AOI_2_Vegas:-11523:3617,test,owlvit,blur_resize,fixed,10.0,0.5,0,0,30,0,0.0,owlvit
AOI_2_Vegas_img3018,AOI_2_Vegas,AOI_2_Vegas:-11523:3624,test,owlvit,blur_resize,fixed,0.3,0.5,14,69,61,32,1.3,owlvit
AOI_2_Vegas_img3018,AOI_2_Vegas,AOI_2_Vegas:-11523:3624,test,owlvit,blur_resize,fixed,0.45,0.5,10,59,61,30,1.65,owlvit
AOI_2_Vegas_img3018,AOI_2_Vegas,AOI_2_Vegas:-11523:3624,test,owlvit,blur_resize,fixed,0.6,0.5,8,42,61,33,0.85,owlvit
AOI_2_Vegas_img3018,AOI_2_Vegas,AOI_2_Vegas:-11523:3624,test,owlvit,blur_resize,fixed,0.9,0.5,12,34,61,32,1.05,owlvit
AOI_2_Vegas_img3018,AOI_2_Vegas,AOI_2_Vegas:-11523:3624,test,owlvit,blur_resize,fixed,1.2,0.5,9,28,61,26,0.7,owlvit
AOI_2_Vegas_img3018,AOI_2_Vegas,AOI_2_Vegas:-11523:3624,test,owlvit,blur_resize,fixed,1.8,0.5,4,13,61,21,0.15,owlvit
AOI_2_Vegas_img3018,AOI_2_Vegas,AOI_2_Vegas:-11523:3624,test,owlvit,blur_resize,fixed,2.4,0.5,3,5,61,6,0.05,owlvit
AOI_2_Vegas_img3018,AOI_2_Vegas,AOI_2_Vegas:-11523:3624,test,owlvit,blur_resize,fixed,3.6,0.5,0,0,61,8,0.0,owlvit
AOI_2_Vegas_img3018,AOI_2_Vegas,AOI_2_Vegas:-11523:3624,test,owlvit,blur_resize,fixed,5.0,0.5,0,0,61,4,0.0,owlvit
AOI_2_Vegas_img3018,AOI_2_Vegas,AOI_2_Vegas:-11523:3624,test,owlvit,blur_resize,fixed,10.0,0.5,0,0,61,0,0.0,owlvit
AOI_2_Vegas_img3077,AOI_2_Vegas,AOI_2_Vegas:-11523:3620,test,owlvit,blur_resize,fixed,0.3,0.5,7,35,32,36,0.75,owlvit
AOI_2_Vegas_img3077,AOI_2_Vegas,AOI_2_Vegas:-11523:3620,test,owlvit,blur_resize,fixed,0.45,0.5,9,33,32,29,0.35,owlvit
AOI_2_Vegas_img3077,AOI_2_Vegas,AOI_2_Vegas:-11523:3620,test,owlvit,blur_resize,fixed,0.6,0.5,10,26,32,36,0.4,owlvit
AOI_2_Vegas_img3077,AOI_2_Vegas,AOI_2_Vegas:-11523:3620,test,owlvit,blur_resize,fixed,0.9,0.5,9,19,32,35,0.35,owlvit
AOI_2_Vegas_img3077,AOI_2_Vegas,AOI_2_Vegas:-11523:3620,test,owlvit,blur_resize,fixed,1.2,0.5,5,11,32,30,0.45,owlvit
AOI_2_Vegas_img3077,AOI_2_Vegas,AOI_2_Vegas:-11523:3620,test,owlvit,blur_resize,fixed,1.8,0.5,3,6,32,16,0.1,owlvit
AOI_2_Vegas_img3077,AOI_2_Vegas,AOI_2_Vegas:-11523:3620,test,owlvit,blur_resize,fixed,2.4,0.5,2,2,32,6,0.0,owlvit
AOI_2_Vegas_img3077,AOI_2_Vegas,AOI_2_Vegas:-11523:3620,test,owlvit,blur_resize,fixed,3.6,0.5,0,0,32,2,0.0,owlvit
AOI_2_Vegas_img3077,AOI_2_Vegas,AOI_2_Vegas:-11523:3620,test,owlvit,blur_resize,fixed,5.0,0.5,0,0,32,2,0.0,owlvit
AOI_2_Vegas_img3077,AOI_2_Vegas,AOI_2_Vegas:-11523:3620,test,owlvit,blur_resize,fixed,10.0,0.5,0,0,32,0,0.0,owlvit
AOI_2_Vegas_img3082,AOI_2_Vegas,AOI_2_Vegas:-11523:3621,test,owlvit,blur_resize,fixed,0.3,0.5,2,25,7,44,0.05,owlvit
AOI_2_Vegas_img3082,AOI_2_Vegas,AOI_2_Vegas:-11523:3621,test,owlvit,blur_resize,fixed,0.45,0.5,2,15,7,46,0.1,owlvit
AOI_2_Vegas_img3082,AOI_2_Vegas,AOI_2_Vegas:-11523:3621,test,owlvit,blur_resize,fixed,0.6,0.5,1,6,7,36,0.0,owlvit
AOI_2_Vegas_img3082,AOI_2_Vegas,AOI_2_Vegas:-11523:3621,test,owlvit,blur_resize,fixed,0.9,0.5,1,2,7,22,0.0,owlvit
AOI_2_Vegas_img3082,AOI_2_Vegas,AOI_2_Vegas:-11523:3621,test,owlvit,blur_resize,fixed,1.2,0.5,0,0,7,15,0.0,owlvit
AOI_2_Vegas_img3082,AOI_2_Vegas,AOI_2_Vegas:-11523:3621,test,owlvit,blur_resize,fixed,1.8,0.5,0,0,7,4,0.0,owlvit
AOI_2_Vegas_img3082,AOI_2_Vegas,AOI_2_Vegas:-11523:3621,test,owlvit,blur_resize,fixed,2.4,0.5,0,0,7,2,0.0,owlvit
AOI_2_Vegas_img3082,AOI_2_Vegas,AOI_2_Vegas:-11523:3621,test,owlvit,blur_resize,fixed,3.6,0.5,0,0,7,5,0.0,owlvit
AOI_2_Vegas_img3082,AOI_2_Vegas,AOI_2_Vegas:-11523:3621,test,owlvit,blur_resize,fixed,5.0,0.5,0,0,7,2,0.0,owlvit
AOI_2_Vegas_img3082,AOI_2_Vegas,AOI_2_Vegas:-11523:3621,test,owlvit,blur_resize,fixed,10.0,0.5,0,0,7,1,0.0,owlvit
AOI_2_Vegas_img311,AOI_2_Vegas,AOI_2_Vegas:-11530:3618,test,owlvit,blur_resize,fixed,0.3,0.5,0,30,15,33,0.05,owlvit
AOI_2_Vegas_img311,AOI_2_Vegas,AOI_2_Vegas:-11530:3618,test,owlvit,blur_resize,fixed,0.45,0.5,0,20,15,30,0.0,owlvit
AOI_2_Vegas_img311,AOI_2_Vegas,AOI_2_Vegas:-11530:3618,test,owlvit,blur_resize,fixed,0.6,0.5,0,16,15,29,0.0,owlvit
AOI_2_Vegas_img311,AOI_2_Vegas,AOI_2_Vegas:-11530:3618,test,owlvit,blur_resize,fixed,0.9,0.5,0,17,15,28,0.0,owlvit
AOI_2_Vegas_img311,AOI_2_Vegas,AOI_2_Vegas:-11530:3618,test,owlvit,blur_resize,fixed,1.2,0.5,1,15,15,26,0.0,owlvit
AOI_2_Vegas_img311,AOI_2_Vegas,AOI_2_Vegas:-11530:3618,test,owlvit,blur_resize,fixed,1.8,0.5,0,15,15,24,0.0,owlvit
AOI_2_Vegas_img311,AOI_2_Vegas,AOI_2_Vegas:-11530:3618,test,owlvit,blur_resize,fixed,2.4,0.5,0,11,15,23,0.0,owlvit
AOI_2_Vegas_img311,AOI_2_Vegas,AOI_2_Vegas:-11530:3618,test,owlvit,blur_resize,fixed,3.6,0.5,0,0,15,0,0.0,owlvit
AOI_2_Vegas_img311,AOI_2_Vegas,AOI_2_Vegas:-11530:3618,test,owlvit,blur_resize,fixed,5.0,0.5,0,0,15,0,0.0,owlvit
AOI_2_Vegas_img311,AOI_2_Vegas,AOI_2_Vegas:-11530:3618,test,owlvit,blur_resize,fixed,10.0,0.5,0,0,15,0,0.0,owlvit
AOI_2_Vegas_img3117,AOI_2_Vegas,AOI_2_Vegas:-11523:3613,test,owlvit,blur_resize,fixed,0.3,0.5,5,55,18,42,0.6,owlvit
AOI_2_Vegas_img3117,AOI_2_Vegas,AOI_2_Vegas:-11523:3613,test,owlvit,blur_resize,fixed,0.45,0.5,5,37,18,41,0.45,owlvit
AOI_2_Vegas_img3117,AOI_2_Vegas,AOI_2_Vegas:-11523:3613,test,owlvit,blur_resize,fixed,0.6,0.5,6,36,18,37,0.4,owlvit
AOI_2_Vegas_img3117,AOI_2_Vegas,AOI_2_Vegas:-11523:3613,test,owlvit,blur_resize,fixed,0.9,0.5,5,30,18,41,0.5,owlvit
AOI_2_Vegas_img3117,AOI_2_Vegas,AOI_2_Vegas:-11523:3613,test,owlvit,blur_resize,fixed,1.2,0.5,7,21,18,42,0.65,owlvit
AOI_2_Vegas_img3117,AOI_2_Vegas,AOI_2_Vegas:-11523:3613,test,owlvit,blur_resize,fixed,1.8,0.5,3,11,18,33,0.4,owlvit
AOI_2_Vegas_img3117,AOI_2_Vegas,AOI_2_Vegas:-11523:3613,test,owlvit,blur_resize,fixed,2.4,0.5,1,1,18,24,0.0,owlvit
AOI_2_Vegas_img3117,AOI_2_Vegas,AOI_2_Vegas:-11523:3613,test,owlvit,blur_resize,fixed,3.6,0.5,0,0,18,5,0.0,owlvit
AOI_2_Vegas_img3117,AOI_2_Vegas,AOI_2_Vegas:-11523:3613,test,owlvit,blur_resize,fixed,5.0,0.5,0,0,18,0,0.0,owlvit
AOI_2_Vegas_img3117,AOI_2_Vegas,AOI_2_Vegas:-11523:3613,test,owlvit,blur_resize,fixed,10.0,0.5,0,0,18,0,0.0,owlvit
AOI_2_Vegas_img3122,AOI_2_Vegas,AOI_2_Vegas:-11523:3614,test,owlvit,blur_resize,fixed,0.3,0.5,7,49,27,53,0.2,owlvit
AOI_2_Vegas_img3122,AOI_2_Vegas,AOI_2_Vegas:-11523:3614,test,owlvit,blur_resize,fixed,0.45,0.5,7,53,27,50,0.3,owlvit
AOI_2_Vegas_img3122,AOI_2_Vegas,AOI_2_Vegas:-11523:3614,test,owlvit,blur_resize,fixed,0.6,0.5,6,42,27,50,0.45,owlvit
AOI_2_Vegas_img3122,AOI_2_Vegas,AOI_2_Vegas:-11523:3614,test,owlvit,blur_resize,fixed,0.9,0.5,6,41,27,48,0.3,owlvit
AOI_2_Vegas_img3122,AOI_2_Vegas,AOI_2_Vegas:-11523:3614,test,owlvit,blur_resize,fixed,1.2,0.5,6,30,27,45,0.45,owlvit
AOI_2_Vegas_img3122,AOI_2_Vegas,AOI_2_Vegas:-11523:3614,test,owlvit,blur_resize,fixed,1.8,0.5,6,17,27,38,0.2,owlvit
AOI_2_Vegas_img3122,AOI_2_Vegas,AOI_2_Vegas:-11523:3614,test,owlvit,blur_resize,fixed,2.4,0.5,3,5,27,30,0.1,owlvit
AOI_2_Vegas_img3122,AOI_2_Vegas,AOI_2_Vegas:-11523:3614,test,owlvit,blur_resize,fixed,3.6,0.5,0,0,27,4,0.0,owlvit
AOI_2_Vegas_img3122,AOI_2_Vegas,AOI_2_Vegas:-11523:3614,test,owlvit,blur_resize,fixed,5.0,0.5,0,0,27,1,0.0,owlvit
AOI_2_Vegas_img3122,AOI_2_Vegas,AOI_2_Vegas:-11523:3614,test,owlvit,blur_resize,fixed,10.0,0.5,0,0,27,1,0.0,owlvit
AOI_2_Vegas_img3131,AOI_2_Vegas,AOI_2_Vegas:-11523:3616,test,owlvit,blur_resize,fixed,0.3,0.5,15,50,65,23,1.0,owlvit
AOI_2_Vegas_img3131,AOI_2_Vegas,AOI_2_Vegas:-11523:3616,test,owlvit,blur_resize,fixed,0.45,0.5,18,45,65,22,0.95,owlvit
AOI_2_Vegas_img3131,AOI_2_Vegas,AOI_2_Vegas:-11523:3616,test,owlvit,blur_resize,fixed,0.6,0.5,15,38,65,22,0.7,owlvit
AOI_2_Vegas_img3131,AOI_2_Vegas,AOI_2_Vegas:-11523:3616,test,owlvit,blur_resize,fixed,0.9,0.5,10,22,65,12,0.75,owlvit
AOI_2_Vegas_img3131,AOI_2_Vegas,AOI_2_Vegas:-11523:3616,test,owlvit,blur_resize,fixed,1.2,0.5,2,14,65,10,0.2,owlvit
AOI_2_Vegas_img3131,AOI_2_Vegas,AOI_2_Vegas:-11523:3616,test,owlvit,blur_resize,fixed,1.8,0.5,0,1,65,4,0.0,owlvit
AOI_2_Vegas_img3131,AOI_2_Vegas,AOI_2_Vegas:-11523:3616,test,owlvit,blur_resize,fixed,2.4,0.5,0,1,65,3,0.0,owlvit
AOI_2_Vegas_img3131,AOI_2_Vegas,AOI_2_Vegas:-11523:3616,test,owlvit,blur_resize,fixed,3.6,0.5,0,0,65,1,0.0,owlvit
AOI_2_Vegas_img3131,AOI_2_Vegas,AOI_2_Vegas:-11523:3616,test,owlvit,blur_resize,fixed,5.0,0.5,0,0,65,0,0.0,owlvit
AOI_2_Vegas_img3131,AOI_2_Vegas,AOI_2_Vegas:-11523:3616,test,owlvit,blur_resize,fixed,10.0,0.5,0,0,65,0,0.0,owlvit
AOI_2_Vegas_img3134,AOI_2_Vegas,AOI_2_Vegas:-11523:3616,test,owlvit,blur_resize,fixed,0.3,0.5,22,66,58,28,2.2,owlvit
AOI_2_Vegas_img3134,AOI_2_Vegas,AOI_2_Vegas:-11523:3616,test,owlvit,blur_resize,fixed,0.45,0.5,18,52,58,32,1.15,owlvit
AOI_2_Vegas_img3134,AOI_2_Vegas,AOI_2_Vegas:-11523:3616,test,owlvit,blur_resize,fixed,0.6,0.5,14,35,58,26,0.85,owlvit
AOI_2_Vegas_img3134,AOI_2_Vegas,AOI_2_Vegas:-11523:3616,test,owlvit,blur_resize,fixed,0.9,0.5,13,37,58,18,0.8,owlvit
AOI_2_Vegas_img3134,AOI_2_Vegas,AOI_2_Vegas:-11523:3616,test,owlvit,blur_resize,fixed,1.2,0.5,7,23,58,15,0.65,owlvit
AOI_2_Vegas_img3134,AOI_2_Vegas,AOI_2_Vegas:-11523:3616,test,owlvit,blur_resize,fixed,1.8,0.5,2,4,58,12,0.1,owlvit
AOI_2_Vegas_img3134,AOI_2_Vegas,AOI_2_Vegas:-11523:3616,test,owlvit,blur_resize,fixed,2.4,0.5,0,0,58,9,0.0,owlvit
AOI_2_Vegas_img3134,AOI_2_Vegas,AOI_2_Vegas:-11523:3616,test,owlvit,blur_resize,fixed,3.6,0.5,0,0,58,3,0.0,owlvit
AOI_2_Vegas_img3134,AOI_2_Vegas,AOI_2_Vegas:-11523:3616,test,owlvit,blur_resize,fixed,5.0,0.5,0,0,58,4,0.0,owlvit
AOI_2_Vegas_img3134,AOI_2_Vegas,AOI_2_Vegas:-11523:3616,test,owlvit,blur_resize,fixed,10.0,0.5,0,0,58,0,0.0,owlvit
AOI_2_Vegas_img3146,AOI_2_Vegas,AOI_2_Vegas:-11523:3619,test,owlvit,blur_resize,fixed,0.3,0.5,8,22,38,53,0.25,owlvit
AOI_2_Vegas_img3146,AOI_2_Vegas,AOI_2_Vegas:-11523:3619,test,owlvit,blur_resize,fixed,0.45,0.5,9,19,38,56,0.15,owlvit
AOI_2_Vegas_img3146,AOI_2_Vegas,AOI_2_Vegas:-11523:3619,test,owlvit,blur_resize,fixed,0.6,0.5,5,12,38,51,0.05,owlvit
AOI_2_Vegas_img3146,AOI_2_Vegas,AOI_2_Vegas:-11523:3619,test,owlvit,blur_resize,fixed,0.9,0.5,1,6,38,49,0.0,owlvit
AOI_2_Vegas_img3146,AOI_2_Vegas,AOI_2_Vegas:-11523:3619,test,owlvit,blur_resize,fixed,1.2,0.5,1,2,38,32,0.1,owlvit
AOI_2_Vegas_img3146,AOI_2_Vegas,AOI_2_Vegas:-11523:3619,test,owlvit,blur_resize,fixed,1.8,0.5,0,0,38,18,0.0,owlvit
AOI_2_Vegas_img3146,AOI_2_Vegas,AOI_2_Vegas:-11523:3619,test,owlvit,blur_resize,fixed,2.4,0.5,0,0,38,13,0.0,owlvit
AOI_2_Vegas_img3146,AOI_2_Vegas,AOI_2_Vegas:-11523:3619,test,owlvit,blur_resize,fixed,3.6,0.5,0,0,38,8,0.0,owlvit
AOI_2_Vegas_img3146,AOI_2_Vegas,AOI_2_Vegas:-11523:3619,test,owlvit,blur_resize,fixed,5.0,0.5,0,0,38,9,0.0,owlvit
AOI_2_Vegas_img3146,AOI_2_Vegas,AOI_2_Vegas:-11523:3619,test,owlvit,blur_resize,fixed,10.0,0.5,0,0,38,2,0.0,owlvit
AOI_2_Vegas_img3170,AOI_2_Vegas,AOI_2_Vegas:-11523:3623,test,owlvit,blur_resize,fixed,0.3,0.5,0,0,0,0,0.0,owlvit
AOI_2_Vegas_img3170,AOI_2_Vegas,AOI_2_Vegas:-11523:3623,test,owlvit,blur_resize,fixed,0.45,0.5,0,0,0,0,0.0,owlvit
AOI_2_Vegas_img3170,AOI_2_Vegas,AOI_2_Vegas:-11523:3623,test,owlvit,blur_resize,fixed,0.6,0.5,0,0,0,0,0.0,owlvit
AOI_2_Vegas_img3170,AOI_2_Vegas,AOI_2_Vegas:-11523:3623,test,owlvit,blur_resize,fixed,0.9,0.5,0,0,0,0,0.0,owlvit
AOI_2_Vegas_img3170,AOI_2_Vegas,AOI_2_Vegas:-11523:3623,test,owlvit,blur_resize,fixed,1.2,0.5,0,0,0,0,0.0,owlvit
AOI_2_Vegas_img3170,AOI_2_Vegas,AOI_2_Vegas:-11523:3623,test,owlvit,blur_resize,fixed,1.8,0.5,0,0,0,0,0.0,owlvit
AOI_2_Vegas_img3170,AOI_2_Vegas,AOI_2_Vegas:-11523:3623,test,owlvit,blur_resize,fixed,2.4,0.5,0,0,0,0,0.0,owlvit
AOI_2_Vegas_img3170,AOI_2_Vegas,AOI_2_Vegas:-11523:3623,test,owlvit,blur_resize,fixed,3.6,0.5,0,0,0,0,0.0,owlvit
AOI_2_Vegas_img3170,AOI_2_Vegas,AOI_2_Vegas:-11523:3623,test,owlvit,blur_resize,fixed,5.0,0.5,0,0,0,0,0.0,owlvit
AOI_2_Vegas_img3170,AOI_2_Vegas,AOI_2_Vegas:-11523:3623,test,owlvit,blur_resize,fixed,10.0,0.5,0,0,0,0,0.0,owlvit
AOI_2_Vegas_img3207,AOI_2_Vegas,AOI_2_Vegas:-11523:3615,test,owlvit,blur_resize,fixed,0.3,0.5,3,29,29,51,0.0,owlvit
AOI_2_Vegas_img3207,AOI_2_Vegas,AOI_2_Vegas:-11523:3615,test,owlvit,blur_resize,fixed,0.45,0.5,3,21,29,54,0.25,owlvit
AOI_2_Vegas_img3207,AOI_2_Vegas,AOI_2_Vegas:-11523:3615,test,owlvit,blur_resize,fixed,0.6,0.5,3,18,29,48,0.05,owlvit
AOI_2_Vegas_img3207,AOI_2_Vegas,AOI_2_Vegas:-11523:3615,test,owlvit,blur_resize,fixed,0.9,0.5,1,11,29,45,0.05,owlvit
AOI_2_Vegas_img3207,AOI_2_Vegas,AOI_2_Vegas:-11523:3615,test,owlvit,blur_resize,fixed,1.2,0.5,1,9,29,39,0.05,owlvit
AOI_2_Vegas_img3207,AOI_2_Vegas,AOI_2_Vegas:-11523:3615,test,owlvit,blur_resize,fixed,1.8,0.5,1,5,29,25,0.15,owlvit
AOI_2_Vegas_img3207,AOI_2_Vegas,AOI_2_Vegas:-11523:3615,test,owlvit,blur_resize,fixed,2.4,0.5,1,2,29,24,0.05,owlvit
AOI_2_Vegas_img3207,AOI_2_Vegas,AOI_2_Vegas:-11523:3615,test,owlvit,blur_resize,fixed,3.6,0.5,0,0,29,8,0.0,owlvit
AOI_2_Vegas_img3207,AOI_2_Vegas,AOI_2_Vegas:-11523:3615,test,owlvit,blur_resize,fixed,5.0,0.5,0,0,29,4,0.0,owlvit
AOI_2_Vegas_img3207,AOI_2_Vegas,AOI_2_Vegas:-11523:3615,test,owlvit,blur_resize,fixed,10.0,0.5,0,0,29,1,0.0,owlvit
AOI_2_Vegas_img3214,AOI_2_Vegas,AOI_2_Vegas:-11523:3617,test,owlvit,blur_resize,fixed,0.3,0.5,24,80,69,31,1.8,owlvit
AOI_2_Vegas_img3214,AOI_2_Vegas,AOI_2_Vegas:-11523:3617,test,owlvit,blur_resize,fixed,0.45,0.5,20,68,69,28,2.4,owlvit
AOI_2_Vegas_img3214,AOI_2_Vegas,AOI_2_Vegas:-11523:3617,test,owlvit,blur_resize,fixed,0.6,0.5,16,53,69,26,1.25,owlvit
AOI_2_Vegas_img3214,AOI_2_Vegas,AOI_2_Vegas:-11523:3617,test,owlvit,blur_resize,fixed,0.9,0.5,13,39,69,32,1.3,owlvit
AOI_2_Vegas_img3214,AOI_2_Vegas,AOI_2_Vegas:-11523:3617,test,owlvit,blur_resize,fixed,1.2,0.5,9,22,69,20,0.65,owlvit
AOI_2_Vegas_img3214,AOI_2_Vegas,AOI_2_Vegas:-11523:3617,test,owlvit,blur_resize,fixed,1.8,0.5,0,0,69,7,0.0,owlvit
AOI_2_Vegas_img3214,AOI_2_Vegas,AOI_2_Vegas:-11523:3617,test,owlvit,blur_resize,fixed,2.4,0.5,0,0,69,5,0.0,owlvit
AOI_2_Vegas_img3214,AOI_2_Vegas,AOI_2_Vegas:-11523:3617,test,owlvit,blur_resize,fixed,3.6,0.5,0,0,69,2,0.0,owlvit
AOI_2_Vegas_img3214,AOI_2_Vegas,AOI_2_Vegas:-11523:3617,test,owlvit,blur_resize,fixed,5.0,0.5,0,0,69,1,0.0,owlvit
AOI_2_Vegas_img3214,AOI_2_Vegas,AOI_2_Vegas:-11523:3617,test,owlvit,blur_resize,fixed,10.0,0.5,0,0,69,0,0.0,owlvit
AOI_2_Vegas_img324,AOI_2_Vegas,AOI_2_Vegas:-11530:3621,test,owlvit,blur_resize,fixed,0.3,0.5,11,102,24,45,1.05,owlvit
AOI_2_Vegas_img324,AOI_2_Vegas,AOI_2_Vegas:-11530:3621,test,owlvit,blur_resize,fixed,0.45,0.5,7,100,24,50,1.3,owlvit
AOI_2_Vegas_img324,AOI_2_Vegas,AOI_2_Vegas:-11530:3621,test,owlvit,blur_resize,fixed,0.6,0.5,9,78,24,47,1.7,owlvit
AOI_2_Vegas_img324,AOI_2_Vegas,AOI_2_Vegas:-11530:3621,test,owlvit,blur_resize,fixed,0.9,0.5,7,77,24,37,1.1,owlvit
AOI_2_Vegas_img324,AOI_2_Vegas,AOI_2_Vegas:-11530:3621,test,owlvit,blur_resize,fixed,1.2,0.5,6,61,24,41,1.25,owlvit
AOI_2_Vegas_img324,AOI_2_Vegas,AOI_2_Vegas:-11530:3621,test,owlvit,blur_resize,fixed,1.8,0.5,5,41,24,44,0.65,owlvit
AOI_2_Vegas_img324,AOI_2_Vegas,AOI_2_Vegas:-11530:3621,test,owlvit,blur_resize,fixed,2.4,0.5,3,39,24,46,0.95,owlvit
AOI_2_Vegas_img324,AOI_2_Vegas,AOI_2_Vegas:-11530:3621,test,owlvit,blur_resize,fixed,3.6,0.5,0,0,24,20,0.0,owlvit
AOI_2_Vegas_img324,AOI_2_Vegas,AOI_2_Vegas:-11530:3621,test,owlvit,blur_resize,fixed,5.0,0.5,0,0,24,3,0.0,owlvit
AOI_2_Vegas_img324,AOI_2_Vegas,AOI_2_Vegas:-11530:3621,test,owlvit,blur_resize,fixed,10.0,0.5,0,0,24,0,0.0,owlvit
AOI_2_Vegas_img3248,AOI_2_Vegas,AOI_2_Vegas:-11523:3623,test,owlvit,blur_resize,fixed,0.3,0.5,0,8,4,42,0.0,owlvit
AOI_2_Vegas_img3248,AOI_2_Vegas,AOI_2_Vegas:-11523:3623,test,owlvit,blur_resize,fixed,0.45,0.5,0,7,4,38,0.0,owlvit
AOI_2_Vegas_img3248,AOI_2_Vegas,AOI_2_Vegas:-11523:3623,test,owlvit,blur_resize,fixed,0.6,0.5,0,3,4,34,0.0,owlvit
AOI_2_Vegas_img3248,AOI_2_Vegas,AOI_2_Vegas:-11523:3623,test,owlvit,blur_resize,fixed,0.9,0.5,0,2,4,29,0.0,owlvit
AOI_2_Vegas_img3248,AOI_2_Vegas,AOI_2_Vegas:-11523:3623,test,owlvit,blur_resize,fixed,1.2,0.5,0,2,4,23,0.0,owlvit
AOI_2_Vegas_img3248,AOI_2_Vegas,AOI_2_Vegas:-11523:3623,test,owlvit,blur_resize,fixed,1.8,0.5,0,1,4,17,0.0,owlvit
AOI_2_Vegas_img3248,AOI_2_Vegas,AOI_2_Vegas:-11523:3623,test,owlvit,blur_resize,fixed,2.4,0.5,0,1,4,14,0.05,owlvit
AOI_2_Vegas_img3248,AOI_2_Vegas,AOI_2_Vegas:-11523:3623,test,owlvit,blur_resize,fixed,3.6,0.5,0,1,4,5,0.0,owlvit
AOI_2_Vegas_img3248,AOI_2_Vegas,AOI_2_Vegas:-11523:3623,test,owlvit,blur_resize,fixed,5.0,0.5,0,0,4,1,0.0,owlvit
AOI_2_Vegas_img3248,AOI_2_Vegas,AOI_2_Vegas:-11523:3623,test,owlvit,blur_resize,fixed,10.0,0.5,0,0,4,0,0.0,owlvit
AOI_2_Vegas_img3267,AOI_2_Vegas,AOI_2_Vegas:-11523:3612,test,owlvit,blur_resize,fixed,0.3,0.5,4,12,10,51,0.05,owlvit
AOI_2_Vegas_img3267,AOI_2_Vegas,AOI_2_Vegas:-11523:3612,test,owlvit,blur_resize,fixed,0.45,0.5,3,5,10,35,0.0,owlvit
AOI_2_Vegas_img3267,AOI_2_Vegas,AOI_2_Vegas:-11523:3612,test,owlvit,blur_resize,fixed,0.6,0.5,1,2,10,28,0.0,owlvit
AOI_2_Vegas_img3267,AOI_2_Vegas,AOI_2_Vegas:-11523:3612,test,owlvit,blur_resize,fixed,0.9,0.5,0,0,10,18,0.0,owlvit
AOI_2_Vegas_img3267,AOI_2_Vegas,AOI_2_Vegas:-11523:3612,test,owlvit,blur_resize,fixed,1.2,0.5,0,0,10,12,0.0,owlvit
AOI_2_Vegas_img3267,AOI_2_Vegas,AOI_2_Vegas:-11523:3612,test,owlvit,blur_resize,fixed,1.8,0.5,0,0,10,11,0.0,owlvit
AOI_2_Vegas_img3267,AOI_2_Vegas,AOI_2_Vegas:-11523:3612,test,owlvit,blur_resize,fixed,2.4,0.5,0,0,10,14,0.0,owlvit
AOI_2_Vegas_img3267,AOI_2_Vegas,AOI_2_Vegas:-11523:3612,test,owlvit,blur_resize,fixed,3.6,0.5,0,0,10,9,0.0,owlvit
AOI_2_Vegas_img3267,AOI_2_Vegas,AOI_2_Vegas:-11523:3612,test,owlvit,blur_resize,fixed,5.0,0.5,0,0,10,7,0.0,owlvit
AOI_2_Vegas_img3267,AOI_2_Vegas,AOI_2_Vegas:-11523:3612,test,owlvit,blur_resize,fixed,10.0,0.5,0,0,10,1,0.0,owlvit
AOI_2_Vegas_img3280,AOI_2_Vegas,AOI_2_Vegas:-11523:3614,test,owlvit,blur_resize,fixed,0.3,0.5,5,26,11,29,0.1,owlvit
AOI_2_Vegas_img3280,AOI_2_Vegas,AOI_2_Vegas:-11523:3614,test,owlvit,blur_resize,fixed,0.45,0.5,4,21,11,28,0.15,owlvit
AOI_2_Vegas_img3280,AOI_2_Vegas,AOI_2_Vegas:-11523:3614,test,owlvit,blur_resize,fixed,0.6,0.5,3,13,11,31,0.1,owlvit
AOI_2_Vegas_img3280,AOI_2_Vegas,AOI_2_Vegas:-11523:3614,test,owlvit,blur_resize,fixed,0.9,0.5,4,9,11,26,0.1,owlvit
AOI_2_Vegas_img3280,AOI_2_Vegas,AOI_2_Vegas:-11523:3614,test,owlvit,blur_resize,fixed,1.2,0.5,2,5,11,25,0.0,owlvit
AOI_2_Vegas_img3280,AOI_2_Vegas,AOI_2_Vegas:-11523:3614,test,owlvit,blur_resize,fixed,1.8,0.5,2,3,11,12,0.0,owlvit
AOI_2_Vegas_img3280,AOI_2_Vegas,AOI_2_Vegas:-11523:3614,test,owlvit,blur_resize,fixed,2.4,0.5,2,2,11,10,0.05,owlvit
AOI_2_Vegas_img3280,AOI_2_Vegas,AOI_2_Vegas:-11523:3614,test,owlvit,blur_resize,fixed,3.6,0.5,1,1,11,3,0.0,owlvit
AOI_2_Vegas_img3280,AOI_2_Vegas,AOI_2_Vegas:-11523:3614,test,owlvit,blur_resize,fixed,5.0,0.5,0,0,11,1,0.0,owlvit
AOI_2_Vegas_img3280,AOI_2_Vegas,AOI_2_Vegas:-11523:3614,test,owlvit,blur_resize,fixed,10.0,0.5,0,0,11,0,0.0,owlvit
AOI_2_Vegas_img3288,AOI_2_Vegas,AOI_2_Vegas:-11523:3616,test,owlvit,blur_resize,fixed,0.3,0.5,11,52,32,33,0.5,owlvit
AOI_2_Vegas_img3288,AOI_2_Vegas,AOI_2_Vegas:-11523:3616,test,owlvit,blur_resize,fixed,0.45,0.5,12,47,32,34,0.3,owlvit
AOI_2_Vegas_img3288,AOI_2_Vegas,AOI_2_Vegas:-11523:3616,test,owlvit,blur_resize,fixed,0.6,0.5,9,36,32,33,0.25,owlvit
AOI_2_Vegas_img3288,AOI_2_Vegas,AOI_2_Vegas:-11523:3616,test,owlvit,blur_resize,fixed,0.9,0.5,5,29,32,32,0.35,owlvit
AOI_2_Vegas_img3288,AOI_2_Vegas,AOI_2_Vegas:-11523:3616,test,owlvit,blur_resize,fixed,1.2,0.5,2,14,32,29,0.25,owlvit
AOI_2_Vegas_img3288,AOI_2_Vegas,AOI_2_Vegas:-11523:3616,test,owlvit,blur_resize,fixed,1.8,0.5,0,1,32,15,0.0,owlvit
AOI_2_Vegas_img3288,AOI_2_Vegas,AOI_2_Vegas:-11523:3616,test,owlvit,blur_resize,fixed,2.4,0.5,1,1,32,16,0.0,owlvit
AOI_2_Vegas_img3288,AOI_2_Vegas,AOI_2_Vegas:-11523:3616,test,owlvit,blur_resize,fixed,3.6,0.5,0,0,32,7,0.0,owlvit
AOI_2_Vegas_img3288,AOI_2_Vegas,AOI_2_Vegas:-11523:3616,test,owlvit,blur_resize,fixed,5.0,0.5,0,0,32,4,0.0,owlvit
AOI_2_Vegas_img3288,AOI_2_Vegas,AOI_2_Vegas:-11523:3616,test,owlvit,blur_resize,fixed,10.0,0.5,0,0,32,0,0.0,owlvit
AOI_2_Vegas_img3311,AOI_2_Vegas,AOI_2_Vegas:-11523:3620,test,owlvit,blur_resize,fixed,0.3,0.5,23,45,54,33,2.4,owlvit
AOI_2_Vegas_img3311,AOI_2_Vegas,AOI_2_Vegas:-11523:3620,test,owlvit,blur_resize,fixed,0.45,0.5,22,37,54,35,2.0,owlvit
AOI_2_Vegas_img3311,AOI_2_Vegas,AOI_2_Vegas:-11523:3620,test,owlvit,blur_resize,fixed,0.6,0.5,23,38,54,31,2.5,owlvit
AOI_2_Vegas_img3311,AOI_2_Vegas,AOI_2_Vegas:-11523:3620,test,owlvit,blur_resize,fixed,0.9,0.5,22,36,54,27,2.5,owlvit
AOI_2_Vegas_img3311,AOI_2_Vegas,AOI_2_Vegas:-11523:3620,test,owlvit,blur_resize,fixed,1.2,0.5,14,29,54,26,1.85,owlvit
AOI_2_Vegas_img3311,AOI_2_Vegas,AOI_2_Vegas:-11523:3620,test,owlvit,blur_resize,fixed,1.8,0.5,7,9,54,18,0.65,owlvit
AOI_2_Vegas_img3311,AOI_2_Vegas,AOI_2_Vegas:-11523:3620,test,owlvit,blur_resize,fixed,2.4,0.5,2,3,54,22,0.15,owlvit
AOI_2_Vegas_img3311,AOI_2_Vegas,AOI_2_Vegas:-11523:3620,test,owlvit,blur_resize,fixed,3.6,0.5,0,0,54,12,0.0,owlvit
AOI_2_Vegas_img3311,AOI_2_Vegas,AOI_2_Vegas:-11523:3620,test,owlvit,blur_resize,fixed,5.0,0.5,0,0,54,3,0.0,owlvit
AOI_2_Vegas_img3311,AOI_2_Vegas,AOI_2_Vegas:-11523:3620,test,owlvit,blur_resize,fixed,10.0,0.5,0,0,54,0,0.0,owlvit
AOI_2_Vegas_img3326,AOI_2_Vegas,AOI_2_Vegas:-11523:3622,test,owlvit,blur_resize,fixed,0.3,0.5,1,34,26,33,0.1,owlvit
AOI_2_Vegas_img3326,AOI_2_Vegas,AOI_2_Vegas:-11523:3622,test,owlvit,blur_resize,fixed,0.45,0.5,1,20,26,24,0.1,owlvit
AOI_2_Vegas_img3326,AOI_2_Vegas,AOI_2_Vegas:-11523:3622,test,owlvit,blur_resize,fixed,0.6,0.5,1,13,26,23,0.0,owlvit
AOI_2_Vegas_img3326,AOI_2_Vegas,AOI_2_Vegas:-11523:3622,test,owlvit,blur_resize,fixed,0.9,0.5,1,12,26,26,0.0,owlvit
AOI_2_Vegas_img3326,AOI_2_Vegas,AOI_2_Vegas:-11523:3622,test,owlvit,blur_resize,fixed,1.2,0.5,0,11,26,31,0.15,owlvit
AOI_2_Vegas_img3326,AOI_2_Vegas,AOI_2_Vegas:-11523:3622,test,owlvit,blur_resize,fixed,1.8,0.5,2,17,26,36,0.15,owlvit
AOI_2_Vegas_img3326,AOI_2_Vegas,AOI_2_Vegas:-11523:3622,test,owlvit,blur_resize,fixed,2.4,0.5,1,8,26,14,0.0,owlvit
AOI_2_Vegas_img3326,AOI_2_Vegas,AOI_2_Vegas:-11523:3622,test,owlvit,blur_resize,fixed,3.6,0.5,0,0,26,1,0.0,owlvit
AOI_2_Vegas_img3326,AOI_2_Vegas,AOI_2_Vegas:-11523:3622,test,owlvit,blur_resize,fixed,5.0,0.5,0,0,26,0,0.0,owlvit
AOI_2_Vegas_img3326,AOI_2_Vegas,AOI_2_Vegas:-11523:3622,test,owlvit,blur_resize,fixed,10.0,0.5,0,0,26,0,0.0,owlvit
AOI_2_Vegas_img3335,AOI_2_Vegas,AOI_2_Vegas:-11523:3624,test,owlvit,blur_resize,fixed,0.3,0.5,26,88,43,42,3.85,owlvit
AOI_2_Vegas_img3335,AOI_2_Vegas,AOI_2_Vegas:-11523:3624,test,owlvit,blur_resize,fixed,0.45,0.5,22,89,43,48,3.05,owlvit
AOI_2_Vegas_img3335,AOI_2_Vegas,AOI_2_Vegas:-11523:3624,test,owlvit,blur_resize,fixed,0.6,0.5,24,76,43,37,3.55,owlvit
AOI_2_Vegas_img3335,AOI_2_Vegas,AOI_2_Vegas:-11523:3624,test,owlvit,blur_resize,fixed,0.9,0.5,23,69,43,30,3.25,owlvit
AOI_2_Vegas_img3335,AOI_2_Vegas,AOI_2_Vegas:-11523:3624,test,owlvit,blur_resize,fixed,1.2,0.5,18,49,43,27,2.35,owlvit
AOI_2_Vegas_img3335,AOI_2_Vegas,AOI_2_Vegas:-11523:3624,test,owlvit,blur_resize,fixed,1.8,0.5,9,23,43,24,0.75,owlvit
AOI_2_Vegas_img3335,AOI_2_Vegas,AOI_2_Vegas:-11523:3624,test,owlvit,blur_resize,fixed,2.4,0.5,0,1,43,10,0.05,owlvit
AOI_2_Vegas_img3335,AOI_2_Vegas,AOI_2_Vegas:-11523:3624,test,owlvit,blur_resize,fixed,3.6,0.5,0,0,43,14,0.0,owlvit
AOI_2_Vegas_img3335,AOI_2_Vegas,AOI_2_Vegas:-11523:3624,test,owlvit,blur_resize,fixed,5.0,0.5,0,0,43,7,0.0,owlvit
AOI_2_Vegas_img3335,AOI_2_Vegas,AOI_2_Vegas:-11523:3624,test,owlvit,blur_resize,fixed,10.0,0.5,0,0,43,0,0.0,owlvit
AOI_2_Vegas_img3344,AOI_2_Vegas,AOI_2_Vegas:-11523:3626,test,owlvit,blur_resize,fixed,0.3,0.5,4,21,8,10,0.15,owlvit
AOI_2_Vegas_img3344,AOI_2_Vegas,AOI_2_Vegas:-11523:3626,test,owlvit,blur_resize,fixed,0.45,0.5,3,10,8,9,0.1,owlvit
AOI_2_Vegas_img3344,AOI_2_Vegas,AOI_2_Vegas:-11523:3626,test,owlvit,blur_resize,fixed,0.6,0.5,3,6,8,8,0.1,owlvit
AOI_2_Vegas_img3344,AOI_2_Vegas,AOI_2_Vegas:-11523:3626,test,owlvit,blur_resize,fixed,0.9,0.5,3,4,8,7,0.05,owlvit
AOI_2_Vegas_img3344,AOI_2_Vegas,AOI_2_Vegas:-11523:3626,test,owlvit,blur_resize,fixed,1.2,0.5,1,2,8,5,0.05,owlvit
AOI_2_Vegas_img3344,AOI_2_Vegas,AOI_2_Vegas:-11523:3626,test,owlvit,blur_resize,fixed,1.8,0.5,0,0,8,1,0.0,owlvit
AOI_2_Vegas_img3344,AOI_2_Vegas,AOI_2_Vegas:-11523:3626,test,owlvit,blur_resize,fixed,2.4,0.5,0,0,8,4,0.0,owlvit
AOI_2_Vegas_img3344,AOI_2_Vegas,AOI_2_Vegas:-11523:3626,test,owlvit,blur_resize,fixed,3.6,0.5,0,0,8,3,0.0,owlvit
AOI_2_Vegas_img3344,AOI_2_Vegas,AOI_2_Vegas:-11523:3626,test,owlvit,blur_resize,fixed,5.0,0.5,0,0,8,1,0.0,owlvit
AOI_2_Vegas_img3344,AOI_2_Vegas,AOI_2_Vegas:-11523:3626,test,owlvit,blur_resize,fixed,10.0,0.5,0,0,8,1,0.0,owlvit
AOI_2_Vegas_img3373,AOI_2_Vegas,AOI_2_Vegas:-11522:3617,test,owlvit,blur_resize,fixed,0.3,0.5,24,52,42,21,1.35,owlvit
AOI_2_Vegas_img3373,AOI_2_Vegas,AOI_2_Vegas:-11522:3617,test,owlvit,blur_resize,fixed,0.45,0.5,22,49,42,28,1.35,owlvit
AOI_2_Vegas_img3373,AOI_2_Vegas,AOI_2_Vegas:-11522:3617,test,owlvit,blur_resize,fixed,0.6,0.5,19,34,42,24,0.75,owlvit
AOI_2_Vegas_img3373,AOI_2_Vegas,AOI_2_Vegas:-11522:3617,test,owlvit,blur_resize,fixed,0.9,0.5,12,30,42,15,1.0,owlvit
AOI_2_Vegas_img3373,AOI_2_Vegas,AOI_2_Vegas:-11522:3617,test,owlvit,blur_resize,fixed,1.2,0.5,10,24,42,8,0.35,owlvit
AOI_2_Vegas_img3373,AOI_2_Vegas,AOI_2_Vegas:-11522:3617,test,owlvit,blur_resize,fixed,1.8,0.5,1,3,42,7,0.0,owlvit
AOI_2_Vegas_img3373,AOI_2_Vegas,AOI_2_Vegas:-11522:3617,test,owlvit,blur_resize,fixed,2.4,0.5,0,0,42,10,0.0,owlvit
AOI_2_Vegas_img3373,AOI_2_Vegas,AOI_2_Vegas:-11522:3617,test,owlvit,blur_resize,fixed,3.6,0.5,0,0,42,6,0.0,owlvit
AOI_2_Vegas_img3373,AOI_2_Vegas,AOI_2_Vegas:-11522:3617,test,owlvit,blur_resize,fixed,5.0,0.5,0,0,42,3,0.0,owlvit
AOI_2_Vegas_img3373,AOI_2_Vegas,AOI_2_Vegas:-11522:3617,test,owlvit,blur_resize,fixed,10.0,0.5,0,0,42,1,0.0,owlvit
AOI_2_Vegas_img3377,AOI_2_Vegas,AOI_2_Vegas:-11522:3618,test,owlvit,blur_resize,fixed,0.3,0.5,4,65,21,41,0.15,owlvit
AOI_2_Vegas_img3377,AOI_2_Vegas,AOI_2_Vegas:-11522:3618,test,owlvit,blur_resize,fixed,0.45,0.5,6,57,21,45,0.45,owlvit
AOI_2_Vegas_img3377,AOI_2_Vegas,AOI_2_Vegas:-11522:3618,test,owlvit,blur_resize,fixed,0.6,0.5,4,41,21,42,0.05,owlvit
AOI_2_Vegas_img3377,AOI_2_Vegas,AOI_2_Vegas:-11522:3618,test,owlvit,blur_resize,fixed,0.9,0.5,4,45,21,42,0.3,owlvit
AOI_2_Vegas_img3377,AOI_2_Vegas,AOI_2_Vegas:-11522:3618,test,owlvit,blur_resize,fixed,1.2,0.5,4,40,21,44,0.4,owlvit
AOI_2_Vegas_img3377,AOI_2_Vegas,AOI_2_Vegas:-11522:3618,test,owlvit,blur_resize,fixed,1.8,0.5,4,27,21,34,0.15,owlvit
AOI_2_Vegas_img3377,AOI_2_Vegas,AOI_2_Vegas:-11522:3618,test,owlvit,blur_resize,fixed,2.4,0.5,3,6,21,18,0.0,owlvit
AOI_2_Vegas_img3377,AOI_2_Vegas,AOI_2_Vegas:-11522:3618,test,owlvit,blur_resize,fixed,3.6,0.5,0,0,21,3,0.0,owlvit
AOI_2_Vegas_img3377,AOI_2_Vegas,AOI_2_Vegas:-11522:3618,test,owlvit,blur_resize,fixed,5.0,0.5,0,0,21,1,0.0,owlvit
AOI_2_Vegas_img3377,AOI_2_Vegas,AOI_2_Vegas:-11522:3618,test,owlvit,blur_resize,fixed,10.0,0.5,0,0,21,0,0.0,owlvit
AOI_2_Vegas_img3404,AOI_2_Vegas,AOI_2_Vegas:-11522:3622,test,owlvit,blur_resize,fixed,0.3,0.5,2,72,10,61,0.2,owlvit
AOI_2_Vegas_img3404,AOI_2_Vegas,AOI_2_Vegas:-11522:3622,test,owlvit,blur_resize,fixed,0.45,0.5,1,27,10,67,0.05,owlvit
AOI_2_Vegas_img3404,AOI_2_Vegas,AOI_2_Vegas:-11522:3622,test,owlvit,blur_resize,fixed,0.6,0.5,0,14,10,64,0.0,owlvit
AOI_2_Vegas_img3404,AOI_2_Vegas,AOI_2_Vegas:-11522:3622,test,owlvit,blur_resize,fixed,0.9,0.5,1,13,10,56,0.0,owlvit
AOI_2_Vegas_img3404,AOI_2_Vegas,AOI_2_Vegas:-11522:3622,test,owlvit,blur_resize,fixed,1.2,0.5,1,10,10,53,0.05,owlvit
AOI_2_Vegas_img3404,AOI_2_Vegas,AOI_2_Vegas:-11522:3622,test,owlvit,blur_resize,fixed,1.8,0.5,1,4,10,43,0.05,owlvit
AOI_2_Vegas_img3404,AOI_2_Vegas,AOI_2_Vegas:-11522:3622,test,owlvit,blur_resize,fixed,2.4,0.5,0,3,10,37,0.0,owlvit
AOI_2_Vegas_img3404,AOI_2_Vegas,AOI_2_Vegas:-11522:3622,test,owlvit,blur_resize,fixed,3.6,0.5,0,0,10,9,0.0,owlvit
AOI_2_Vegas_img3404,AOI_2_Vegas,AOI_2_Vegas:-11522:3622,test,owlvit,blur_resize,fixed,5.0,0.5,0,0,10,1,0.0,owlvit
AOI_2_Vegas_img3404,AOI_2_Vegas,AOI_2_Vegas:-11522:3622,test,owlvit,blur_resize,fixed,10.0,0.5,0,0,10,0,0.0,owlvit
AOI_2_Vegas_img3406,AOI_2_Vegas,AOI_2_Vegas:-11522:3623,test,owlvit,blur_resize,fixed,0.3,0.5,5,50,28,36,0.4,owlvit
AOI_2_Vegas_img3406,AOI_2_Vegas,AOI_2_Vegas:-11522:3623,test,owlvit,blur_resize,fixed,0.45,0.5,7,46,28,33,0.45,owlvit
AOI_2_Vegas_img3406,AOI_2_Vegas,AOI_2_Vegas:-11522:3623,test,owlvit,blur_resize,fixed,0.6,0.5,3,34,28,40,0.1,owlvit
AOI_2_Vegas_img3406,AOI_2_Vegas,AOI_2_Vegas:-11522:3623,test,owlvit,blur_resize,fixed,0.9,0.5,3,28,28,31,0.3,owlvit
AOI_2_Vegas_img3406,AOI_2_Vegas,AOI_2_Vegas:-11522:3623,test,owlvit,blur_resize,fixed,1.2,0.5,3,15,28,21,0.4,owlvit
AOI_2_Vegas_img3406,AOI_2_Vegas,AOI_2_Vegas:-11522:3623,test,owlvit,blur_resize,fixed,1.8,0.5,2,3,28,19,0.0,owlvit
AOI_2_Vegas_img3406,AOI_2_Vegas,AOI_2_Vegas:-11522:3623,test,owlvit,blur_resize,fixed,2.4,0.5,1,1,28,9,0.0,owlvit
AOI_2_Vegas_img3406,AOI_2_Vegas,AOI_2_Vegas:-11522:3623,test,owlvit,blur_resize,fixed,3.6,0.5,0,0,28,6,0.0,owlvit
AOI_2_Vegas_img3406,AOI_2_Vegas,AOI_2_Vegas:-11522:3623,test,owlvit,blur_resize,fixed,5.0,0.5,0,0,28,2,0.0,owlvit
AOI_2_Vegas_img3406,AOI_2_Vegas,AOI_2_Vegas:-11522:3623,test,owlvit,blur_resize,fixed,10.0,0.5,0,0,28,0,0.0,owlvit
AOI_2_Vegas_img3411,AOI_2_Vegas,AOI_2_Vegas:-11522:3623,test,owlvit,blur_resize,fixed,0.3,0.5,24,44,37,43,1.15,owlvit
AOI_2_Vegas_img3411,AOI_2_Vegas,AOI_2_Vegas:-11522:3623,test,owlvit,blur_resize,fixed,0.45,0.5,22,39,37,45,1.1,owlvit
AOI_2_Vegas_img3411,AOI_2_Vegas,AOI_2_Vegas:-11522:3623,test,owlvit,blur_resize,fixed,0.6,0.5,17,24,37,34,0.6,owlvit
AOI_2_Vegas_img3411,AOI_2_Vegas,AOI_2_Vegas:-11522:3623,test,owlvit,blur_resize,fixed,0.9,0.5,6,9,37,23,0.25,owlvit
AOI_2_Vegas_img3411,AOI_2_Vegas,AOI_2_Vegas:-11522:3623,test,owlvit,blur_resize,fixed,1.2,0.5,1,2,37,12,0.0,owlvit
AOI_2_Vegas_img3411,AOI_2_Vegas,AOI_2_Vegas:-11522:3623,test,owlvit,blur_resize,fixed,1.8,0.5,0,0,37,7,0.0,owlvit
AOI_2_Vegas_img3411,AOI_2_Vegas,AOI_2_Vegas:-11522:3623,test,owlvit,blur_resize,fixed,2.4,0.5,0,0,37,5,0.0,owlvit
AOI_2_Vegas_img3411,AOI_2_Vegas,AOI_2_Vegas:-11522:3623,test,owlvit,blur_resize,fixed,3.6,0.5,0,0,37,4,0.0,owlvit
AOI_2_Vegas_img3411,AOI_2_Vegas,AOI_2_Vegas:-11522:3623,test,owlvit,blur_resize,fixed,5.0,0.5,0,0,37,2,0.0,owlvit
AOI_2_Vegas_img3411,AOI_2_Vegas,AOI_2_Vegas:-11522:3623,test,owlvit,blur_resize,fixed,10.0,0.5,0,0,37,0,0.0,owlvit
AOI_2_Vegas_img3412,AOI_2_Vegas,AOI_2_Vegas:-11522:3624,test,owlvit,blur_resize,fixed,0.3,0.5,11,35,46,32,0.7,owlvit
AOI_2_Vegas_img3412,AOI_2_Vegas,AOI_2_Vegas:-11522:3624,test,owlvit,blur_resize,fixed,0.45,0.5,9,27,46,36,0.6,owlvit
AOI_2_Vegas_img3412,AOI_2_Vegas,AOI_2_Vegas:-11522:3624,test,owlvit,blur_resize,fixed,0.6,0.5,5,19,46,30,0.25,owlvit
AOI_2_Vegas_img3412,AOI_2_Vegas,AOI_2_Vegas:-11522:3624,test,owlvit,blur_resize,fixed,0.9,0.5,6,8,46,19,0.1,owlvit
AOI_2_Vegas_img3412,AOI_2_Vegas,AOI_2_Vegas:-11522:3624,test,owlvit,blur_resize,fixed,1.2,0.5,3,5,46,7,0.0,owlvit
AOI_2_Vegas_img3412,AOI_2_Vegas,AOI_2_Vegas:-11522:3624,test,owlvit,blur_resize,fixed,1.8,0.5,3,3,46,7,0.1,owlvit
AOI_2_Vegas_img3412,AOI_2_Vegas,AOI_2_Vegas:-11522:3624,test,owlvit,blur_resize,fixed,2.4,0.5,1,1,46,10,0.0,owlvit
AOI_2_Vegas_img3412,AOI_2_Vegas,AOI_2_Vegas:-11522:3624,test,owlvit,blur_resize,fixed,3.6,0.5,1,1,46,4,0.0,owlvit
AOI_2_Vegas_img3412,AOI_2_Vegas,AOI_2_Vegas:-11522:3624,test,owlvit,blur_resize,fixed,5.0,0.5,0,0,46,1,0.0,owlvit
AOI_2_Vegas_img3412,AOI_2_Vegas,AOI_2_Vegas:-11522:3624,test,owlvit,blur_resize,fixed,10.0,0.5,0,0,46,0,0.0,owlvit
AOI_2_Vegas_img3422,AOI_2_Vegas,AOI_2_Vegas:-11522:3625,test,owlvit,blur_resize,fixed,0.3,0.5,18,62,36,45,1.6,owlvit
AOI_2_Vegas_img3422,AOI_2_Vegas,AOI_2_Vegas:-11522:3625,test,owlvit,blur_resize,fixed,0.45,0.5,12,37,36,47,1.35,owlvit
AOI_2_Vegas_img3422,AOI_2_Vegas,AOI_2_Vegas:-11522:3625,test,owlvit,blur_resize,fixed,0.6,0.5,10,26,36,35,0.85,owlvit
AOI_2_Vegas_img3422,AOI_2_Vegas,AOI_2_Vegas:-11522:3625,test,owlvit,blur_resize,fixed,0.9,0.5,2,6,36,21,0.15,owlvit
AOI_2_Vegas_img3422,AOI_2_Vegas,AOI_2_Vegas:-11522:3625,test,owlvit,blur_resize,fixed,1.2,0.5,0,0,36,7,0.0,owlvit
AOI_2_Vegas_img3422,AOI_2_Vegas,AOI_2_Vegas:-11522:3625,test,owlvit,blur_resize,fixed,1.8,0.5,0,0,36,3,0.0,owlvit
AOI_2_Vegas_img3422,AOI_2_Vegas,AOI_2_Vegas:-11522:3625,test,owlvit,blur_resize,fixed,2.4,0.5,0,0,36,3,0.0,owlvit
AOI_2_Vegas_img3422,AOI_2_Vegas,AOI_2_Vegas:-11522:3625,test,owlvit,blur_resize,fixed,3.6,0.5,0,0,36,1,0.0,owlvit
AOI_2_Vegas_img3422,AOI_2_Vegas,AOI_2_Vegas:-11522:3625,test,owlvit,blur_resize,fixed,5.0,0.5,0,0,36,0,0.0,owlvit
AOI_2_Vegas_img3422,AOI_2_Vegas,AOI_2_Vegas:-11522:3625,test,owlvit,blur_resize,fixed,10.0,0.5,0,0,36,0,0.0,owlvit
AOI_2_Vegas_img3427,AOI_2_Vegas,AOI_2_Vegas:-11522:3612,test,owlvit,blur_resize,fixed,0.3,0.5,8,26,36,37,0.65,owlvit
AOI_2_Vegas_img3427,AOI_2_Vegas,AOI_2_Vegas:-11522:3612,test,owlvit,blur_resize,fixed,0.45,0.5,7,21,36,48,0.8,owlvit
AOI_2_Vegas_img3427,AOI_2_Vegas,AOI_2_Vegas:-11522:3612,test,owlvit,blur_resize,fixed,0.6,0.5,5,19,36,42,0.9,owlvit
AOI_2_Vegas_img3427,AOI_2_Vegas,AOI_2_Vegas:-11522:3612,test,owlvit,blur_resize,fixed,0.9,0.5,6,10,36,38,0.35,owlvit
AOI_2_Vegas_img3427,AOI_2_Vegas,AOI_2_Vegas:-11522:3612,test,owlvit,blur_resize,fixed,1.2,0.5,2,5,36,33,0.2,owlvit
AOI_2_Vegas_img3427,AOI_2_Vegas,AOI_2_Vegas:-11522:3612,test,owlvit,blur_resize,fixed,1.8,0.5,0,1,36,17,0.0,owlvit
AOI_2_Vegas_img3427,AOI_2_Vegas,AOI_2_Vegas:-11522:3612,test,owlvit,blur_resize,fixed,2.4,0.5,0,0,36,16,0.0,owlvit
AOI_2_Vegas_img3427,AOI_2_Vegas,AOI_2_Vegas:-11522:3612,test,owlvit,blur_resize,fixed,3.6,0.5,0,0,36,4,0.0,owlvit
AOI_2_Vegas_img3427,AOI_2_Vegas,AOI_2_Vegas:-11522:3612,test,owlvit,blur_resize,fixed,5.0,0.5,0,0,36,3,0.0,owlvit
AOI_2_Vegas_img3427,AOI_2_Vegas,AOI_2_Vegas:-11522:3612,test,owlvit,blur_resize,fixed,10.0,0.5,0,0,36,0,0.0,owlvit
AOI_2_Vegas_img3448,AOI_2_Vegas,AOI_2_Vegas:-11522:3616,test,owlvit,blur_resize,fixed,0.3,0.5,10,46,32,26,0.6,owlvit
AOI_2_Vegas_img3448,AOI_2_Vegas,AOI_2_Vegas:-11522:3616,test,owlvit,blur_resize,fixed,0.45,0.5,8,46,32,29,0.55,owlvit
AOI_2_Vegas_img3448,AOI_2_Vegas,AOI_2_Vegas:-11522:3616,test,owlvit,blur_resize,fixed,0.6,0.5,8,36,32,28,0.45,owlvit
AOI_2_Vegas_img3448,AOI_2_Vegas,AOI_2_Vegas:-11522:3616,test,owlvit,blur_resize,fixed,0.9,0.5,7,31,32,24,0.45,owlvit
AOI_2_Vegas_img3448,AOI_2_Vegas,AOI_2_Vegas:-11522:3616,test,owlvit,blur_resize,fixed,1.2,0.5,5,20,32,20,0.2,owlvit
AOI_2_Vegas_img3448,AOI_2_Vegas,AOI_2_Vegas:-11522:3616,test,owlvit,blur_resize,fixed,1.8,0.5,2,9,32,10,0.25,owlvit
AOI_2_Vegas_img3448,AOI_2_Vegas,AOI_2_Vegas:-11522:3616,test,owlvit,blur_resize,fixed,2.4,0.5,0,2,32,13,0.0,owlvit
AOI_2_Vegas_img3448,AOI_2_Vegas,AOI_2_Vegas:-11522:3616,test,owlvit,blur_resize,fixed,3.6,0.5,0,0,32,6,0.0,owlvit
AOI_2_Vegas_img3448,AOI_2_Vegas,AOI_2_Vegas:-11522:3616,test,owlvit,blur_resize,fixed,5.0,0.5,0,0,32,5,0.0,owlvit
AOI_2_Vegas_img3448,AOI_2_Vegas,AOI_2_Vegas:-11522:3616,test,owlvit,blur_resize,fixed,10.0,0.5,0,0,32,0,0.0,owlvit
AOI_2_Vegas_img3460,AOI_2_Vegas,AOI_2_Vegas:-11522:3618,test,owlvit,blur_resize,fixed,0.3,0.5,11,52,34,32,0.8,owlvit
AOI_2_Vegas_img3460,AOI_2_Vegas,AOI_2_Vegas:-11522:3618,test,owlvit,blur_resize,fixed,0.45,0.5,11,46,34,31,0.5,owlvit
AOI_2_Vegas_img3460,AOI_2_Vegas,AOI_2_Vegas:-11522:3618,test,owlvit,blur_resize,fixed,0.6,0.5,10,40,34,31,0.65,owlvit
AOI_2_Vegas_img3460,AOI_2_Vegas,AOI_2_Vegas:-11522:3618,test,owlvit,blur_resize,fixed,0.9,0.5,13,32,34,30,0.65,owlvit
AOI_2_Vegas_img3460,AOI_2_Vegas,AOI_2_Vegas:-11522:3618,test,owlvit,blur_resize,fixed,1.2,0.5,8,24,34,27,0.4,owlvit
AOI_2_Vegas_img3460,AOI_2_Vegas,AOI_2_Vegas:-11522:3618,test,owlvit,blur_resize,fixed,1.8,0.5,4,8,34,24,0.1,owlvit
AOI_2_Vegas_img3460,AOI_2_Vegas,AOI_2_Vegas:-11522:3618,test,owlvit,blur_resize,fixed,2.4,0.5,2,4,34,15,0.0,owlvit
AOI_2_Vegas_img3460,AOI_2_Vegas,AOI_2_Vegas:-11522:3618,test,owlvit,blur_resize,fixed,3.6,0.5,1,2,34,3,0.0,owlvit
AOI_2_Vegas_img3460,AOI_2_Vegas,AOI_2_Vegas:-11522:3618,test,owlvit,blur_resize,fixed,5.0,0.5,1,1,34,1,0.0,owlvit
AOI_2_Vegas_img3460,AOI_2_Vegas,AOI_2_Vegas:-11522:3618,test,owlvit,blur_resize,fixed,10.0,0.5,0,0,34,0,0.0,owlvit
AOI_2_Vegas_img347,AOI_2_Vegas,AOI_2_Vegas:-11530:3614,test,owlvit,blur_resize,fixed,0.3,0.5,4,28,34,53,0.55,owlvit
AOI_2_Vegas_img347,AOI_2_Vegas,AOI_2_Vegas:-11530:3614,test,owlvit,blur_resize,fixed,0.45,0.5,4,20,34,47,0.15,owlvit
AOI_2_Vegas_img347,AOI_2_Vegas,AOI_2_Vegas:-11530:3614,test,owlvit,blur_resize,fixed,0.6,0.5,4,16,34,45,0.15,owlvit
AOI_2_Vegas_img347,AOI_2_Vegas,AOI_2_Vegas:-11530:3614,test,owlvit,blur_resize,fixed,0.9,0.5,2,13,34,35,0.15,owlvit
AOI_2_Vegas_img347,AOI_2_Vegas,AOI_2_Vegas:-11530:3614,test,owlvit,blur_resize,fixed,1.2,0.5,1,3,34,24,0.05,owlvit
AOI_2_Vegas_img347,AOI_2_Vegas,AOI_2_Vegas:-11530:3614,test,owlvit,blur_resize,fixed,1.8,0.5,0,0,34,24,0.0,owlvit
AOI_2_Vegas_img347,AOI_2_Vegas,AOI_2_Vegas:-11530:3614,test,owlvit,blur_resize,fixed,2.4,0.5,0,0,34,18,0.0,owlvit
AOI_2_Vegas_img347,AOI_2_Vegas,AOI_2_Vegas:-11530:3614,test,owlvit,blur_resize,fixed,3.6,0.5,0,0,34,13,0.0,owlvit
AOI_2_Vegas_img347,AOI_2_Vegas,AOI_2_Vegas:-11530:3614,test,owlvit,blur_resize,fixed,5.0,0.5,0,0,34,4,0.0,owlvit
AOI_2_Vegas_img347,AOI_2_Vegas,AOI_2_Vegas:-11530:3614,test,owlvit,blur_resize,fixed,10.0,0.5,0,0,34,1,0.0,owlvit
AOI_2_Vegas_img3471,AOI_2_Vegas,AOI_2_Vegas:-11522:3620,test,owlvit,blur_resize,fixed,0.3,0.5,17,83,31,31,0.9,owlvit
AOI_2_Vegas_img3471,AOI_2_Vegas,AOI_2_Vegas:-11522:3620,test,owlvit,blur_resize,fixed,0.45,0.5,15,67,31,24,1.1,owlvit
AOI_2_Vegas_img3471,AOI_2_Vegas,AOI_2_Vegas:-11522:3620,test,owlvit,blur_resize,fixed,0.6,0.5,15,59,31,24,0.9,owlvit
AOI_2_Vegas_img3471,AOI_2_Vegas,AOI_2_Vegas:-11522:3620,test,owlvit,blur_resize,fixed,0.9,0.5,13,47,31,24,0.8,owlvit
AOI_2_Vegas_img3471,AOI_2_Vegas,AOI_2_Vegas:-11522:3620,test,owlvit,blur_resize,fixed,1.2,0.5,11,34,31,24,0.8,owlvit
AOI_2_Vegas_img3471,AOI_2_Vegas,AOI_2_Vegas:-11522:3620,test,owlvit,blur_resize,fixed,1.8,0.5,8,20,31,29,0.4,owlvit
AOI_2_Vegas_img3471,AOI_2_Vegas,AOI_2_Vegas:-11522:3620,test,owlvit,blur_resize,fixed,2.4,0.5,7,15,31,31,0.3,owlvit
AOI_2_Vegas_img3471,AOI_2_Vegas,AOI_2_Vegas:-11522:3620,test,owlvit,blur_resize,fixed,3.6,0.5,2,3,31,18,0.1,owlvit
AOI_2_Vegas_img3471,AOI_2_Vegas,AOI_2_Vegas:-11522:3620,test,owlvit,blur_resize,fixed,5.0,0.5,0,0,31,4,0.0,owlvit
AOI_2_Vegas_img3471,AOI_2_Vegas,AOI_2_Vegas:-11522:3620,test,owlvit,blur_resize,fixed,10.0,0.5,0,0,31,0,0.0,owlvit
AOI_2_Vegas_img3506,AOI_2_Vegas,AOI_2_Vegas:-11522:3612,test,owlvit,blur_resize,fixed,0.3,0.5,7,39,46,45,0.6,owlvit
AOI_2_Vegas_img3506,AOI_2_Vegas,AOI_2_Vegas:-11522:3612,test,owlvit,blur_resize,fixed,0.45,0.5,5,30,46,38,0.45,owlvit
AOI_2_Vegas_img3506,AOI_2_Vegas,AOI_2_Vegas:-11522:3612,test,owlvit,blur_resize,fixed,0.6,0.5,6,30,46,39,0.1,owlvit
AOI_2_Vegas_img3506,AOI_2_Vegas,AOI_2_Vegas:-11522:3612,test,owlvit,blur_resize,fixed,0.9,0.5,6,20,46,44,0.15,owlvit
AOI_2_Vegas_img3506,AOI_2_Vegas,AOI_2_Vegas:-11522:3612,test,owlvit,blur_resize,fixed,1.2,0.5,5,14,46,51,0.25,owlvit
AOI_2_Vegas_img3506,AOI_2_Vegas,AOI_2_Vegas:-11522:3612,test,owlvit,blur_resize,fixed,1.8,0.5,3,6,46,29,0.1,owlvit
AOI_2_Vegas_img3506,AOI_2_Vegas,AOI_2_Vegas:-11522:3612,test,owlvit,blur_resize,fixed,2.4,0.5,3,4,46,13,0.0,owlvit
AOI_2_Vegas_img3506,AOI_2_Vegas,AOI_2_Vegas:-11522:3612,test,owlvit,blur_resize,fixed,3.6,0.5,0,0,46,4,0.0,owlvit
AOI_2_Vegas_img3506,AOI_2_Vegas,AOI_2_Vegas:-11522:3612,test,owlvit,blur_resize,fixed,5.0,0.5,0,0,46,4,0.0,owlvit
AOI_2_Vegas_img3506,AOI_2_Vegas,AOI_2_Vegas:-11522:3612,test,owlvit,blur_resize,fixed,10.0,0.5,0,0,46,1,0.0,owlvit
AOI_2_Vegas_img3514,AOI_2_Vegas,AOI_2_Vegas:-11522:3614,test,owlvit,blur_resize,fixed,0.3,0.5,4,21,15,59,0.05,owlvit
AOI_2_Vegas_img3514,AOI_2_Vegas,AOI_2_Vegas:-11522:3614,test,owlvit,blur_resize,fixed,0.45,0.5,4,15,15,44,0.05,owlvit
AOI_2_Vegas_img3514,AOI_2_Vegas,AOI_2_Vegas:-11522:3614,test,owlvit,blur_resize,fixed,0.6,0.5,2,12,15,37,0.1,owlvit
AOI_2_Vegas_img3514,AOI_2_Vegas,AOI_2_Vegas:-11522:3614,test,owlvit,blur_resize,fixed,0.9,0.5,1,11,15,36,0.0,owlvit
AOI_2_Vegas_img3514,AOI_2_Vegas,AOI_2_Vegas:-11522:3614,test,owlvit,blur_resize,fixed,1.2,0.5,2,11,15,27,0.05,owlvit
AOI_2_Vegas_img3514,AOI_2_Vegas,AOI_2_Vegas:-11522:3614,test,owlvit,blur_resize,fixed,1.8,0.5,0,8,15,33,0.05,owlvit
AOI_2_Vegas_img3514,AOI_2_Vegas,AOI_2_Vegas:-11522:3614,test,owlvit,blur_resize,fixed,2.4,0.5,1,5,15,26,0.0,owlvit
AOI_2_Vegas_img3514,AOI_2_Vegas,AOI_2_Vegas:-11522:3614,test,owlvit,blur_resize,fixed,3.6,0.5,0,2,15,21,0.0,owlvit
AOI_2_Vegas_img3514,AOI_2_Vegas,AOI_2_Vegas:-11522:3614,test,owlvit,blur_resize,fixed,5.0,0.5,0,0,15,7,0.0,owlvit
AOI_2_Vegas_img3514,AOI_2_Vegas,AOI_2_Vegas:-11522:3614,test,owlvit,blur_resize,fixed,10.0,0.5,0,0,15,1,0.0,owlvit
AOI_2_Vegas_img3538,AOI_2_Vegas,AOI_2_Vegas:-11522:3618,test,owlvit,blur_resize,fixed,0.3,0.5,10,77,38,56,1.05,owlvit
AOI_2_Vegas_img3538,AOI_2_Vegas,AOI_2_Vegas:-11522:3618,test,owlvit,blur_resize,fixed,0.45,0.5,8,40,38,41,0.85,owlvit
AOI_2_Vegas_img3538,AOI_2_Vegas,AOI_2_Vegas:-11522:3618,test,owlvit,blur_resize,fixed,0.6,0.5,6,16,38,26,0.3,owlvit
AOI_2_Vegas_img3538,AOI_2_Vegas,AOI_2_Vegas:-11522:3618,test,owlvit,blur_resize,fixed,0.9,0.5,4,12,38,24,0.4,owlvit
AOI_2_Vegas_img3538,AOI_2_Vegas,AOI_2_Vegas:-11522:3618,test,owlvit,blur_resize,fixed,1.2,0.5,4,12,38,27,0.45,owlvit
AOI_2_Vegas_img3538,AOI_2_Vegas,AOI_2_Vegas:-11522:3618,test,owlvit,blur_resize,fixed,1.8,0.5,3,3,38,16,0.1,owlvit
AOI_2_Vegas_img3538,AOI_2_Vegas,AOI_2_Vegas:-11522:3618,test,owlvit,blur_resize,fixed,2.4,0.5,0,0,38,4,0.0,owlvit
AOI_2_Vegas_img3538,AOI_2_Vegas,AOI_2_Vegas:-11522:3618,test,owlvit,blur_resize,fixed,3.6,0.5,0,0,38,2,0.0,owlvit
AOI_2_Vegas_img3538,AOI_2_Vegas,AOI_2_Vegas:-11522:3618,test,owlvit,blur_resize,fixed,5.0,0.5,0,0,38,2,0.0,owlvit
AOI_2_Vegas_img3538,AOI_2_Vegas,AOI_2_Vegas:-11522:3618,test,owlvit,blur_resize,fixed,10.0,0.5,0,0,38,1,0.0,owlvit
AOI_2_Vegas_img355,AOI_2_Vegas,AOI_2_Vegas:-11530:3616,test,owlvit,blur_resize,fixed,0.3,0.5,0,2,34,23,0.0,owlvit
AOI_2_Vegas_img355,AOI_2_Vegas,AOI_2_Vegas:-11530:3616,test,owlvit,blur_resize,fixed,0.45,0.5,1,5,34,21,0.05,owlvit
AOI_2_Vegas_img355,AOI_2_Vegas,AOI_2_Vegas:-11530:3616,test,owlvit,blur_resize,fixed,0.6,0.5,1,5,34,21,0.25,owlvit
AOI_2_Vegas_img355,AOI_2_Vegas,AOI_2_Vegas:-11530:3616,test,owlvit,blur_resize,fixed,0.9,0.5,0,1,34,18,0.05,owlvit
AOI_2_Vegas_img355,AOI_2_Vegas,AOI_2_Vegas:-11530:3616,test,owlvit,blur_resize,fixed,1.2,0.5,0,0,34,18,0.0,owlvit
AOI_2_Vegas_img355,AOI_2_Vegas,AOI_2_Vegas:-11530:3616,test,owlvit,blur_resize,fixed,1.8,0.5,0,0,34,7,0.0,owlvit
AOI_2_Vegas_img355,AOI_2_Vegas,AOI_2_Vegas:-11530:3616,test,owlvit,blur_resize,fixed,2.4,0.5,2,2,34,6,0.1,owlvit
AOI_2_Vegas_img355,AOI_2_Vegas,AOI_2_Vegas:-11530:3616,test,owlvit,blur_resize,fixed,3.6,0.5,1,1,34,2,0.0,owlvit
AOI_2_Vegas_img355,AOI_2_Vegas,AOI_2_Vegas:-11530:3616,test,owlvit,blur_resize,fixed,5.0,0.5,0,0,34,1,0.0,owlvit
AOI_2_Vegas_img355,AOI_2_Vegas,AOI_2_Vegas:-11530:3616,test,owlvit,blur_resize,fixed,10.0,0.5,0,0,34,0,0.0,owlvit
AOI_2_Vegas_img3573,AOI_2_Vegas,AOI_2_Vegas:-11522:3624,test,owlvit,blur_resize,fixed,0.3,0.5,23,37,53,31,0.9,owlvit
AOI_2_Vegas_img3573,AOI_2_Vegas,AOI_2_Vegas:-11522:3624,test,owlvit,blur_resize,fixed,0.45,0.5,18,25,53,29,0.8,owlvit
AOI_2_Vegas_img3573,AOI_2_Vegas,AOI_2_Vegas:-11522:3624,test,owlvit,blur_resize,fixed,0.6,0.5,10,20,53,31,0.35,owlvit
AOI_2_Vegas_img3573,AOI_2_Vegas,AOI_2_Vegas:-11522:3624,test,owlvit,blur_resize,fixed,0.9,0.5,5,12,53,23,0.15,owlvit
AOI_2_Vegas_img3573,AOI_2_Vegas,AOI_2_Vegas:-11522:3624,test,owlvit,blur_resize,fixed,1.2,0.5,0,3,53,18,0.0,owlvit
AOI_2_Vegas_img3573,AOI_2_Vegas,AOI_2_Vegas:-11522:3624,test,owlvit,blur_resize,fixed,1.8,0.5,0,0,53,12,0.0,owlvit
AOI_2_Vegas_img3573,AOI_2_Vegas,AOI_2_Vegas:-11522:3624,test,owlvit,blur_resize,fixed,2.4,0.5,0,0,53,10,0.0,owlvit
AOI_2_Vegas_img3573,AOI_2_Vegas,AOI_2_Vegas:-11522:3624,test,owlvit,blur_resize,fixed,3.6,0.5,0,0,53,8,0.0,owlvit
AOI_2_Vegas_img3573,AOI_2_Vegas,AOI_2_Vegas:-11522:3624,test,owlvit,blur_resize,fixed,5.0,0.5,0,0,53,6,0.0,owlvit
AOI_2_Vegas_img3573,AOI_2_Vegas,AOI_2_Vegas:-11522:3624,test,owlvit,blur_resize,fixed,10.0,0.5,0,0,53,0,0.0,owlvit
AOI_2_Vegas_img3603,AOI_2_Vegas,AOI_2_Vegas:-11522:3616,test,owlvit,blur_resize,fixed,0.3,0.5,22,84,53,36,2.25,owlvit
AOI_2_Vegas_img3603,AOI_2_Vegas,AOI_2_Vegas:-11522:3616,test,owlvit,blur_resize,fixed,0.45,0.5,24,85,53,42,2.0,owlvit
AOI_2_Vegas_img3603,AOI_2_Vegas,AOI_2_Vegas:-11522:3616,test,owlvit,blur_resize,fixed,0.6,0.5,24,71,53,35,1.5,owlvit
AOI_2_Vegas_img3603,AOI_2_Vegas,AOI_2_Vegas:-11522:3616,test,owlvit,blur_resize,fixed,0.9,0.5,21,54,53,29,1.4,owlvit
AOI_2_Vegas_img3603,AOI_2_Vegas,AOI_2_Vegas:-11522:3616,test,owlvit,blur_resize,fixed,1.2,0.5,15,31,53,20,0.55,owlvit
AOI_2_Vegas_img3603,AOI_2_Vegas,AOI_2_Vegas:-11522:3616,test,owlvit,blur_resize,fixed,1.8,0.5,0,0,53,7,0.0,owlvit
AOI_2_Vegas_img3603,AOI_2_Vegas,AOI_2_Vegas:-11522:3616,test,owlvit,blur_resize,fixed,2.4,0.5,0,0,53,6,0.0,owlvit
AOI_2_Vegas_img3603,AOI_2_Vegas,AOI_2_Vegas:-11522:3616,test,owlvit,blur_resize,fixed,3.6,0.5,0,0,53,7,0.0,owlvit
AOI_2_Vegas_img3603,AOI_2_Vegas,AOI_2_Vegas:-11522:3616,test,owlvit,blur_resize,fixed,5.0,0.5,0,0,53,6,0.0,owlvit
AOI_2_Vegas_img3603,AOI_2_Vegas,AOI_2_Vegas:-11522:3616,test,owlvit,blur_resize,fixed,10.0,0.5,0,0,53,0,0.0,owlvit
AOI_2_Vegas_img3659,AOI_2_Vegas,AOI_2_Vegas:-11522:3625,test,owlvit,blur_resize,fixed,0.3,0.5,12,45,32,28,0.55,owlvit
AOI_2_Vegas_img3659,AOI_2_Vegas,AOI_2_Vegas:-11522:3625,test,owlvit,blur_resize,fixed,0.45,0.5,8,29,32,33,0.35,owlvit
AOI_2_Vegas_img3659,AOI_2_Vegas,AOI_2_Vegas:-11522:3625,test,owlvit,blur_resize,fixed,0.6,0.5,7,22,32,28,0.3,owlvit
AOI_2_Vegas_img3659,AOI_2_Vegas,AOI_2_Vegas:-11522:3625,test,owlvit,blur_resize,fixed,0.9,0.5,6,17,32,25,0.3,owlvit
AOI_2_Vegas_img3659,AOI_2_Vegas,AOI_2_Vegas:-11522:3625,test,owlvit,blur_resize,fixed,1.2,0.5,2,3,32,18,0.15,owlvit
AOI_2_Vegas_img3659,AOI_2_Vegas,AOI_2_Vegas:-11522:3625,test,owlvit,blur_resize,fixed,1.8,0.5,0,0,32,13,0.0,owlvit
AOI_2_Vegas_img3659,AOI_2_Vegas,AOI_2_Vegas:-11522:3625,test,owlvit,blur_resize,fixed,2.4,0.5,0,0,32,7,0.0,owlvit
AOI_2_Vegas_img3659,AOI_2_Vegas,AOI_2_Vegas:-11522:3625,test,owlvit,blur_resize,fixed,3.6,0.5,0,0,32,4,0.0,owlvit
AOI_2_Vegas_img3659,AOI_2_Vegas,AOI_2_Vegas:-11522:3625,test,owlvit,blur_resize,fixed,5.0,0.5,0,0,32,0,0.0,owlvit
AOI_2_Vegas_img3659,AOI_2_Vegas,AOI_2_Vegas:-11522:3625,test,owlvit,blur_resize,fixed,10.0,0.5,0,0,32,0,0.0,owlvit
AOI_2_Vegas_img3673,AOI_2_Vegas,AOI_2_Vegas:-11522:3614,test,owlvit,blur_resize,fixed,0.3,0.5,0,35,7,58,0.0,owlvit
AOI_2_Vegas_img3673,AOI_2_Vegas,AOI_2_Vegas:-11522:3614,test,owlvit,blur_resize,fixed,0.45,0.5,0,28,7,54,0.0,owlvit
AOI_2_Vegas_img3673,AOI_2_Vegas,AOI_2_Vegas:-11522:3614,test,owlvit,blur_resize,fixed,0.6,0.5,0,20,7,53,0.0,owlvit
AOI_2_Vegas_img3673,AOI_2_Vegas,AOI_2_Vegas:-11522:3614,test,owlvit,blur_resize,fixed,0.9,0.5,0,8,7,42,0.0,owlvit
AOI_2_Vegas_img3673,AOI_2_Vegas,AOI_2_Vegas:-11522:3614,test,owlvit,blur_resize,fixed,1.2,0.5,0,6,7,32,0.0,owlvit
AOI_2_Vegas_img3673,AOI_2_Vegas,AOI_2_Vegas:-11522:3614,test,owlvit,blur_resize,fixed,1.8,0.5,0,1,7,21,0.0,owlvit
AOI_2_Vegas_img3673,AOI_2_Vegas,AOI_2_Vegas:-11522:3614,test,owlvit,blur_resize,fixed,2.4,0.5,0,1,7,10,0.0,owlvit
AOI_2_Vegas_img3673,AOI_2_Vegas,AOI_2_Vegas:-11522:3614,test,owlvit,blur_resize,fixed,3.6,0.5,0,0,7,2,0.0,owlvit
AOI_2_Vegas_img3673,AOI_2_Vegas,AOI_2_Vegas:-11522:3614,test,owlvit,blur_resize,fixed,5.0,0.5,0,0,7,2,0.0,owlvit
AOI_2_Vegas_img3673,AOI_2_Vegas,AOI_2_Vegas:-11522:3614,test,owlvit,blur_resize,fixed,10.0,0.5,0,0,7,0,0.0,owlvit
AOI_2_Vegas_img3679,AOI_2_Vegas,AOI_2_Vegas:-11522:3615,test,owlvit,blur_resize,fixed,0.3,0.5,20,63,43,31,1.2,owlvit
AOI_2_Vegas_img3679,AOI_2_Vegas,AOI_2_Vegas:-11522:3615,test,owlvit,blur_resize,fixed,0.45,0.5,18,64,43,32,1.9,owlvit
AOI_2_Vegas_img3679,AOI_2_Vegas,AOI_2_Vegas:-11522:3615,test,owlvit,blur_resize,fixed,0.6,0.5,14,51,43,32,1.5,owlvit
AOI_2_Vegas_img3679,AOI_2_Vegas,AOI_2_Vegas:-11522:3615,test,owlvit,blur_resize,fixed,0.9,0.5,11,43,43,34,0.95,owlvit
AOI_2_Vegas_img3679,AOI_2_Vegas,AOI_2_Vegas:-11522:3615,test,owlvit,blur_resize,fixed,1.2,0.5,5,32,43,29,0.55,owlvit
AOI_2_Vegas_img3679,AOI_2_Vegas,AOI_2_Vegas:-11522:3615,test,owlvit,blur_resize,fixed,1.8,0.5,0,13,43,18,0.25,owlvit
AOI_2_Vegas_img3679,AOI_2_Vegas,AOI_2_Vegas:-11522:3615,test,owlvit,blur_resize,fixed,2.4,0.5,1,3,43,6,0.1,owlvit
AOI_2_Vegas_img3679,AOI_2_Vegas,AOI_2_Vegas:-11522:3615,test,owlvit,blur_resize,fixed,3.6,0.5,0,0,43,5,0.0,owlvit
AOI_2_Vegas_img3679,AOI_2_Vegas,AOI_2_Vegas:-11522:3615,test,owlvit,blur_resize,fixed,5.0,0.5,0,0,43,5,0.0,owlvit
AOI_2_Vegas_img3679,AOI_2_Vegas,AOI_2_Vegas:-11522:3615,test,owlvit,blur_resize,fixed,10.0,0.5,0,0,43,0,0.0,owlvit
AOI_2_Vegas_img3718,AOI_2_Vegas,AOI_2_Vegas:-11522:3622,test,owlvit,blur_resize,fixed,0.3,0.5,7,46,29,46,0.2,owlvit
AOI_2_Vegas_img3718,AOI_2_Vegas,AOI_2_Vegas:-11522:3622,test,owlvit,blur_resize,fixed,0.45,0.5,4,33,29,44,0.25,owlvit
AOI_2_Vegas_img3718,AOI_2_Vegas,AOI_2_Vegas:-11522:3622,test,owlvit,blur_resize,fixed,0.6,0.5,4,25,29,44,0.3,owlvit
AOI_2_Vegas_img3718,AOI_2_Vegas,AOI_2_Vegas:-11522:3622,test,owlvit,blur_resize,fixed,0.9,0.5,1,23,29,37,0.05,owlvit
AOI_2_Vegas_img3718,AOI_2_Vegas,AOI_2_Vegas:-11522:3622,test,owlvit,blur_resize,fixed,1.2,0.5,1,17,29,34,0.05,owlvit
AOI_2_Vegas_img3718,AOI_2_Vegas,AOI_2_Vegas:-11522:3622,test,owlvit,blur_resize,fixed,1.8,0.5,1,2,29,15,0.0,owlvit
AOI_2_Vegas_img3718,AOI_2_Vegas,AOI_2_Vegas:-11522:3622,test,owlvit,blur_resize,fixed,2.4,0.5,0,0,29,12,0.0,owlvit
AOI_2_Vegas_img3718,AOI_2_Vegas,AOI_2_Vegas:-11522:3622,test,owlvit,blur_resize,fixed,3.6,0.5,0,0,29,4,0.0,owlvit
AOI_2_Vegas_img3718,AOI_2_Vegas,AOI_2_Vegas:-11522:3622,test,owlvit,blur_resize,fixed,5.0,0.5,0,0,29,1,0.0,owlvit
AOI_2_Vegas_img3718,AOI_2_Vegas,AOI_2_Vegas:-11522:3622,test,owlvit,blur_resize,fixed,10.0,0.5,0,0,29,0,0.0,owlvit
AOI_2_Vegas_img3747,AOI_2_Vegas,AOI_2_Vegas:-11522:3613,test,owlvit,blur_resize,fixed,0.3,0.5,21,105,56,26,3.15,owlvit
AOI_2_Vegas_img3747,AOI_2_Vegas,AOI_2_Vegas:-11522:3613,test,owlvit,blur_resize,fixed,0.45,0.5,20,103,56,34,3.55,owlvit
AOI_2_Vegas_img3747,AOI_2_Vegas,AOI_2_Vegas:-11522:3613,test,owlvit,blur_resize,fixed,0.6,0.5,21,98,56,32,3.7,owlvit
AOI_2_Vegas_img3747,AOI_2_Vegas,AOI_2_Vegas:-11522:3613,test,owlvit,blur_resize,fixed,0.9,0.5,17,90,56,29,3.2,owlvit
AOI_2_Vegas_img3747,AOI_2_Vegas,AOI_2_Vegas:-11522:3613,test,owlvit,blur_resize,fixed,1.2,0.5,16,85,56,34,3.05,owlvit
AOI_2_Vegas_img3747,AOI_2_Vegas,AOI_2_Vegas:-11522:3613,test,owlvit,blur_resize,fixed,1.8,0.5,13,58,56,41,1.85,owlvit
AOI_2_Vegas_img3747,AOI_2_Vegas,AOI_2_Vegas:-11522:3613,test,owlvit,blur_resize,fixed,2.4,0.5,2,22,56,29,0.55,owlvit
AOI_2_Vegas_img3747,AOI_2_Vegas,AOI_2_Vegas:-11522:3613,test,owlvit,blur_resize,fixed,3.6,0.5,0,0,56,9,0.0,owlvit
AOI_2_Vegas_img3747,AOI_2_Vegas,AOI_2_Vegas:-11522:3613,test,owlvit,blur_resize,fixed,5.0,0.5,0,0,56,1,0.0,owlvit
AOI_2_Vegas_img3747,AOI_2_Vegas,AOI_2_Vegas:-11522:3613,test,owlvit,blur_resize,fixed,10.0,0.5,0,0,56,0,0.0,owlvit
AOI_2_Vegas_img375,AOI_2_Vegas,AOI_2_Vegas:-11530:3619,test,owlvit,blur_resize,fixed,0.3,0.5,8,44,22,23,0.55,owlvit
AOI_2_Vegas_img375,AOI_2_Vegas,AOI_2_Vegas:-11530:3619,test,owlvit,blur_resize,fixed,0.45,0.5,6,33,22,23,0.55,owlvit
AOI_2_Vegas_img375,AOI_2_Vegas,AOI_2_Vegas:-11530:3619,test,owlvit,blur_resize,fixed,0.6,0.5,4,27,22,25,0.55,owlvit
AOI_2_Vegas_img375,AOI_2_Vegas,AOI_2_Vegas:-11530:3619,test,owlvit,blur_resize,fixed,0.9,0.5,6,16,22,19,0.15,owlvit
AOI_2_Vegas_img375,AOI_2_Vegas,AOI_2_Vegas:-11530:3619,test,owlvit,blur_resize,fixed,1.2,0.5,2,4,22,17,0.05,owlvit
AOI_2_Vegas_img375,AOI_2_Vegas,AOI_2_Vegas:-11530:3619,test,owlvit,blur_resize,fixed,1.8,0.5,0,0,22,5,0.0,owlvit
AOI_2_Vegas_img375,AOI_2_Vegas,AOI_2_Vegas:-11530:3619,test,owlvit,blur_resize,fixed,2.4,0.5,0,0,22,3,0.0,owlvit
AOI_2_Vegas_img375,AOI_2_Vegas,AOI_2_Vegas:-11530:3619,test,owlvit,blur_resize,fixed,3.6,0.5,0,0,22,2,0.0,owlvit
AOI_2_Vegas_img375,AOI_2_Vegas,AOI_2_Vegas:-11530:3619,test,owlvit,blur_resize,fixed,5.0,0.5,0,0,22,0,0.0,owlvit
AOI_2_Vegas_img375,AOI_2_Vegas,AOI_2_Vegas:-11530:3619,test,owlvit,blur_resize,fixed,10.0,0.5,0,0,22,0,0.0,owlvit
AOI_2_Vegas_img3757,AOI_2_Vegas,AOI_2_Vegas:-11522:3615,test,owlvit,blur_resize,fixed,0.3,0.5,26,68,59,26,2.05,owlvit
AOI_2_Vegas_img3757,AOI_2_Vegas,AOI_2_Vegas:-11522:3615,test,owlvit,blur_resize,fixed,0.45,0.5,23,62,59,27,1.95,owlvit
AOI_2_Vegas_img3757,AOI_2_Vegas,AOI_2_Vegas:-11522:3615,test,owlvit,blur_resize,fixed,0.6,0.5,20,51,59,23,2.2,owlvit
AOI_2_Vegas_img3757,AOI_2_Vegas,AOI_2_Vegas:-11522:3615,test,owlvit,blur_resize,fixed,0.9,0.5,20,47,59,24,1.5,owlvit
AOI_2_Vegas_img3757,AOI_2_Vegas,AOI_2_Vegas:-11522:3615,test,owlvit,blur_resize,fixed,1.2,0.5,22,35,59,21,0.9,owlvit
AOI_2_Vegas_img3757,AOI_2_Vegas,AOI_2_Vegas:-11522:3615,test,owlvit,blur_resize,fixed,1.8,0.5,7,13,59,21,0.45,owlvit
AOI_2_Vegas_img3757,AOI_2_Vegas,AOI_2_Vegas:-11522:3615,test,owlvit,blur_resize,fixed,2.4,0.5,1,5,59,21,0.05,owlvit
AOI_2_Vegas_img3757,AOI_2_Vegas,AOI_2_Vegas:-11522:3615,test,owlvit,blur_resize,fixed,3.6,0.5,0,0,59,7,0.0,owlvit
AOI_2_Vegas_img3757,AOI_2_Vegas,AOI_2_Vegas:-11522:3615,test,owlvit,blur_resize,fixed,5.0,0.5,0,0,59,5,0.0,owlvit
AOI_2_Vegas_img3757,AOI_2_Vegas,AOI_2_Vegas:-11522:3615,test,owlvit,blur_resize,fixed,10.0,0.5,0,0,59,1,0.0,owlvit
AOI_2_Vegas_img3785,AOI_2_Vegas,AOI_2_Vegas:-11522:3620,test,owlvit,blur_resize,fixed,0.3,0.5,5,49,28,43,0.25,owlvit
AOI_2_Vegas_img3785,AOI_2_Vegas,AOI_2_Vegas:-11522:3620,test,owlvit,blur_resize,fixed,0.45,0.5,7,38,28,33,0.4,owlvit
AOI_2_Vegas_img3785,AOI_2_Vegas,AOI_2_Vegas:-11522:3620,test,owlvit,blur_resize,fixed,0.6,0.5,6,35,28,32,0.4,owlvit
AOI_2_Vegas_img3785,AOI_2_Vegas,AOI_2_Vegas:-11522:3620,test,owlvit,blur_resize,fixed,0.9,0.5,3,29,28,35,0.4,owlvit
AOI_2_Vegas_img3785,AOI_2_Vegas,AOI_2_Vegas:-11522:3620,test,owlvit,blur_resize,fixed,1.2,0.5,3,17,28,38,0.2,owlvit
AOI_2_Vegas_img3785,AOI_2_Vegas,AOI_2_Vegas:-11522:3620,test,owlvit,blur_resize,fixed,1.8,0.5,0,3,28,29,0.0,owlvit
AOI_2_Vegas_img3785,AOI_2_Vegas,AOI_2_Vegas:-11522:3620,test,owlvit,blur_resize,fixed,2.4,0.5,0,2,28,20,0.0,owlvit
AOI_2_Vegas_img3785,AOI_2_Vegas,AOI_2_Vegas:-11522:3620,test,owlvit,blur_resize,fixed,3.6,0.5,0,0,28,10,0.0,owlvit
AOI_2_Vegas_img3785,AOI_2_Vegas,AOI_2_Vegas:-11522:3620,test,owlvit,blur_resize,fixed,5.0,0.5,0,0,28,4,0.0,owlvit
AOI_2_Vegas_img3785,AOI_2_Vegas,AOI_2_Vegas:-11522:3620,test,owlvit,blur_resize,fixed,10.0,0.5,0,0,28,0,0.0,owlvit
AOI_2_Vegas_img3787,AOI_2_Vegas,AOI_2_Vegas:-11522:3620,test,owlvit,blur_resize,fixed,0.3,0.5,8,33,48,37,0.35,owlvit
AOI_2_Vegas_img3787,AOI_2_Vegas,AOI_2_Vegas:-11522:3620,test,owlvit,blur_resize,fixed,0.45,0.5,3,21,48,39,0.15,owlvit
AOI_2_Vegas_img3787,AOI_2_Vegas,AOI_2_Vegas:-11522:3620,test,owlvit,blur_resize,fixed,0.6,0.5,1,12,48,40,0.1,owlvit
AOI_2_Vegas_img3787,AOI_2_Vegas,AOI_2_Vegas:-11522:3620,test,owlvit,blur_resize,fixed,0.9,0.5,1,8,48,35,0.05,owlvit
AOI_2_Vegas_img3787,AOI_2_Vegas,AOI_2_Vegas:-11522:3620,test,owlvit,blur_resize,fixed,1.2,0.5,1,8,48,39,0.0,owlvit
AOI_2_Vegas_img3787,AOI_2_Vegas,AOI_2_Vegas:-11522:3620,test,owlvit,blur_resize,fixed,1.8,0.5,2,6,48,34,0.05,owlvit
AOI_2_Vegas_img3787,AOI_2_Vegas,AOI_2_Vegas:-11522:3620,test,owlvit,blur_resize,fixed,2.4,0.5,0,4,48,26,0.05,owlvit
AOI_2_Vegas_img3787,AOI_2_Vegas,AOI_2_Vegas:-11522:3620,test,owlvit,blur_resize,fixed,3.6,0.5,0,0,48,10,0.0,owlvit
AOI_2_Vegas_img3787,AOI_2_Vegas,AOI_2_Vegas:-11522:3620,test,owlvit,blur_resize,fixed,5.0,0.5,0,0,48,2,0.0,owlvit
AOI_2_Vegas_img3787,AOI_2_Vegas,AOI_2_Vegas:-11522:3620,test,owlvit,blur_resize,fixed,10.0,0.5,0,0,48,0,0.0,owlvit
AOI_2_Vegas_img3792,AOI_2_Vegas,AOI_2_Vegas:-11522:3621,test,owlvit,blur_resize,fixed,0.3,0.5,0,3,1,7,0.0,owlvit
AOI_2_Vegas_img3792,AOI_2_Vegas,AOI_2_Vegas:-11522:3621,test,owlvit,blur_resize,fixed,0.45,0.5,0,2,1,6,0.0,owlvit
AOI_2_Vegas_img3792,AOI_2_Vegas,AOI_2_Vegas:-11522:3621,test,owlvit,blur_resize,fixed,0.6,0.5,0,0,1,6,0.0,owlvit
AOI_2_Vegas_img3792,AOI_2_Vegas,AOI_2_Vegas:-11522:3621,test,owlvit,blur_resize,fixed,0.9,0.5,0,0,1,5,0.0,owlvit
AOI_2_Vegas_img3792,AOI_2_Vegas,AOI_2_Vegas:-11522:3621,test,owlvit,blur_resize,fixed,1.2,0.5,0,0,1,2,0.0,owlvit
AOI_2_Vegas_img3792,AOI_2_Vegas,AOI_2_Vegas:-11522:3621,test,owlvit,blur_resize,fixed,1.8,0.5,0,0,1,2,0.0,owlvit
AOI_2_Vegas_img3792,AOI_2_Vegas,AOI_2_Vegas:-11522:3621,test,owlvit,blur_resize,fixed,2.4,0.5,0,0,1,4,0.0,owlvit
AOI_2_Vegas_img3792,AOI_2_Vegas,AOI_2_Vegas:-11522:3621,test,owlvit,blur_resize,fixed,3.6,0.5,0,0,1,1,0.0,owlvit
AOI_2_Vegas_img3792,AOI_2_Vegas,AOI_2_Vegas:-11522:3621,test,owlvit,blur_resize,fixed,5.0,0.5,0,0,1,0,0.0,owlvit
AOI_2_Vegas_img3792,AOI_2_Vegas,AOI_2_Vegas:-11522:3621,test,owlvit,blur_resize,fixed,10.0,0.5,0,0,1,0,0.0,owlvit
AOI_2_Vegas_img3815,AOI_2_Vegas,AOI_2_Vegas:-11522:3625,test,owlvit,blur_resize,fixed,0.3,0.5,13,73,23,29,1.85,owlvit
AOI_2_Vegas_img3815,AOI_2_Vegas,AOI_2_Vegas:-11522:3625,test,owlvit,blur_resize,fixed,0.45,0.5,12,53,23,39,1.0,owlvit
AOI_2_Vegas_img3815,AOI_2_Vegas,AOI_2_Vegas:-11522:3625,test,owlvit,blur_resize,fixed,0.6,0.5,11,44,23,40,1.5,owlvit
AOI_2_Vegas_img3815,AOI_2_Vegas,AOI_2_Vegas:-11522:3625,test,owlvit,blur_resize,fixed,0.9,0.5,13,37,23,46,0.95,owlvit
AOI_2_Vegas_img3815,AOI_2_Vegas,AOI_2_Vegas:-11522:3625,test,owlvit,blur_resize,fixed,1.2,0.5,12,31,23,45,0.7,owlvit
AOI_2_Vegas_img3815,AOI_2_Vegas,AOI_2_Vegas:-11522:3625,test,owlvit,blur_resize,fixed,1.8,0.5,8,14,23,37,0.6,owlvit
AOI_2_Vegas_img3815,AOI_2_Vegas,AOI_2_Vegas:-11522:3625,test,owlvit,blur_resize,fixed,2.4,0.5,5,8,23,19,0.35,owlvit
AOI_2_Vegas_img3815,AOI_2_Vegas,AOI_2_Vegas:-11522:3625,test,owlvit,blur_resize,fixed,3.6,0.5,0,0,23,1,0.0,owlvit
AOI_2_Vegas_img3815,AOI_2_Vegas,AOI_2_Vegas:-11522:3625,test,owlvit,blur_resize,fixed,5.0,0.5,0,0,23,0,0.0,owlvit
AOI_2_Vegas_img3815,AOI_2_Vegas,AOI_2_Vegas:-11522:3625,test,owlvit,blur_resize,fixed,10.0,0.5,0,0,23,0,0.0,owlvit
AOI_2_Vegas_img3832,AOI_2_Vegas,AOI_2_Vegas:-11521:3614,test,owlvit,blur_resize,fixed,0.3,0.5,1,8,4,23,0.0,owlvit
AOI_2_Vegas_img3832,AOI_2_Vegas,AOI_2_Vegas:-11521:3614,test,owlvit,blur_resize,fixed,0.45,0.5,1,7,4,28,0.0,owlvit
AOI_2_Vegas_img3832,AOI_2_Vegas,AOI_2_Vegas:-11521:3614,test,owlvit,blur_resize,fixed,0.6,0.5,0,4,4,24,0.0,owlvit
AOI_2_Vegas_img3832,AOI_2_Vegas,AOI_2_Vegas:-11521:3614,test,owlvit,blur_resize,fixed,0.9,0.5,0,4,4,25,0.0,owlvit
AOI_2_Vegas_img3832,AOI_2_Vegas,AOI_2_Vegas:-11521:3614,test,owlvit,blur_resize,fixed,1.2,0.5,0,2,4,22,0.0,owlvit
AOI_2_Vegas_img3832,AOI_2_Vegas,AOI_2_Vegas:-11521:3614,test,owlvit,blur_resize,fixed,1.8,0.5,0,0,4,18,0.0,owlvit
AOI_2_Vegas_img3832,AOI_2_Vegas,AOI_2_Vegas:-11521:3614,test,owlvit,blur_resize,fixed,2.4,0.5,0,0,4,17,0.0,owlvit
AOI_2_Vegas_img3832,AOI_2_Vegas,AOI_2_Vegas:-11521:3614,test,owlvit,blur_resize,fixed,3.6,0.5,0,0,4,12,0.0,owlvit
AOI_2_Vegas_img3832,AOI_2_Vegas,AOI_2_Vegas:-11521:3614,test,owlvit,blur_resize,fixed,5.0,0.5,0,0,4,5,0.0,owlvit
AOI_2_Vegas_img3832,AOI_2_Vegas,AOI_2_Vegas:-11521:3614,test,owlvit,blur_resize,fixed,10.0,0.5,0,0,4,1,0.0,owlvit
AOI_2_Vegas_img3849,AOI_2_Vegas,AOI_2_Vegas:-11521:3617,test,owlvit,blur_resize,fixed,0.3,0.5,32,42,88,23,2.45,owlvit
AOI_2_Vegas_img3849,AOI_2_Vegas,AOI_2_Vegas:-11521:3617,test,owlvit,blur_resize,fixed,0.45,0.5,37,55,88,17,2.7,owlvit
AOI_2_Vegas_img3849,AOI_2_Vegas,AOI_2_Vegas:-11521:3617,test,owlvit,blur_resize,fixed,0.6,0.5,33,39,88,19,1.8,owlvit
AOI_2_Vegas_img3849,AOI_2_Vegas,AOI_2_Vegas:-11521:3617,test,owlvit,blur_resize,fixed,0.9,0.5,18,22,88,16,1.15,owlvit
AOI_2_Vegas_img3849,AOI_2_Vegas,AOI_2_Vegas:-11521:3617,test,owlvit,blur_resize,fixed,1.2,0.5,10,13,88,18,0.7,owlvit
AOI_2_Vegas_img3849,AOI_2_Vegas,AOI_2_Vegas:-11521:3617,test,owlvit,blur_resize,fixed,1.8,0.5,4,5,88,17,0.1,owlvit
AOI_2_Vegas_img3849,AOI_2_Vegas,AOI_2_Vegas:-11521:3617,test,owlvit,blur_resize,fixed,2.4,0.5,0,0,88,9,0.0,owlvit
AOI_2_Vegas_img3849,AOI_2_Vegas,AOI_2_Vegas:-11521:3617,test,owlvit,blur_resize,fixed,3.6,0.5,0,0,88,2,0.0,owlvit
AOI_2_Vegas_img3849,AOI_2_Vegas,AOI_2_Vegas:-11521:3617,test,owlvit,blur_resize,fixed,5.0,0.5,0,0,88,1,0.0,owlvit
AOI_2_Vegas_img3849,AOI_2_Vegas,AOI_2_Vegas:-11521:3617,test,owlvit,blur_resize,fixed,10.0,0.5,0,0,88,0,0.0,owlvit
AOI_2_Vegas_img3856,AOI_2_Vegas,AOI_2_Vegas:-11521:3618,test,owlvit,blur_resize,fixed,0.3,0.5,4,6,13,32,0.0,owlvit
AOI_2_Vegas_img3856,AOI_2_Vegas,AOI_2_Vegas:-11521:3618,test,owlvit,blur_resize,fixed,0.45,0.5,3,5,13,23,0.05,owlvit
AOI_2_Vegas_img3856,AOI_2_Vegas,AOI_2_Vegas:-11521:3618,test,owlvit,blur_resize,fixed,0.6,0.5,2,3,13,16,0.0,owlvit
AOI_2_Vegas_img3856,AOI_2_Vegas,AOI_2_Vegas:-11521:3618,test,owlvit,blur_resize,fixed,0.9,0.5,2,4,13,9,0.0,owlvit
AOI_2_Vegas_img3856,AOI_2_Vegas,AOI_2_Vegas:-11521:3618,test,owlvit,blur_resize,fixed,1.2,0.5,1,1,13,8,0.0,owlvit
AOI_2_Vegas_img3856,AOI_2_Vegas,AOI_2_Vegas:-11521:3618,test,owlvit,blur_resize,fixed,1.8,0.5,0,0,13,6,0.0,owlvit
AOI_2_Vegas_img3856,AOI_2_Vegas,AOI_2_Vegas:-11521:3618,test,owlvit,blur_resize,fixed,2.4,0.5,0,0,13,10,0.0,owlvit
AOI_2_Vegas_img3856,AOI_2_Vegas,AOI_2_Vegas:-11521:3618,test,owlvit,blur_resize,fixed,3.6,0.5,0,0,13,10,0.0,owlvit
AOI_2_Vegas_img3856,AOI_2_Vegas,AOI_2_Vegas:-11521:3618,test,owlvit,blur_resize,fixed,5.0,0.5,0,0,13,6,0.0,owlvit
AOI_2_Vegas_img3856,AOI_2_Vegas,AOI_2_Vegas:-11521:3618,test,owlvit,blur_resize,fixed,10.0,0.5,0,0,13,1,0.0,owlvit
AOI_2_Vegas_img3857,AOI_2_Vegas,AOI_2_Vegas:-11521:3619,test,owlvit,blur_resize,fixed,0.3,0.5,11,29,36,45,0.1,owlvit
AOI_2_Vegas_img3857,AOI_2_Vegas,AOI_2_Vegas:-11521:3619,test,owlvit,blur_resize,fixed,0.45,0.5,9,25,36,40,0.4,owlvit
AOI_2_Vegas_img3857,AOI_2_Vegas,AOI_2_Vegas:-11521:3619,test,owlvit,blur_resize,fixed,0.6,0.5,8,20,36,42,0.4,owlvit
AOI_2_Vegas_img3857,AOI_2_Vegas,AOI_2_Vegas:-11521:3619,test,owlvit,blur_resize,fixed,0.9,0.5,6,17,36,39,0.4,owlvit
AOI_2_Vegas_img3857,AOI_2_Vegas,AOI_2_Vegas:-11521:3619,test,owlvit,blur_resize,fixed,1.2,0.5,5,11,36,34,0.25,owlvit
AOI_2_Vegas_img3857,AOI_2_Vegas,AOI_2_Vegas:-11521:3619,test,owlvit,blur_resize,fixed,1.8,0.5,1,1,36,28,0.0,owlvit
AOI_2_Vegas_img3857,AOI_2_Vegas,AOI_2_Vegas:-11521:3619,test,owlvit,blur_resize,fixed,2.4,0.5,0,1,36,24,0.1,owlvit
AOI_2_Vegas_img3857,AOI_2_Vegas,AOI_2_Vegas:-11521:3619,test,owlvit,blur_resize,fixed,3.6,0.5,0,0,36,15,0.0,owlvit
AOI_2_Vegas_img3857,AOI_2_Vegas,AOI_2_Vegas:-11521:3619,test,owlvit,blur_resize,fixed,5.0,0.5,0,0,36,6,0.0,owlvit
AOI_2_Vegas_img3857,AOI_2_Vegas,AOI_2_Vegas:-11521:3619,test,owlvit,blur_resize,fixed,10.0,0.5,0,0,36,0,0.0,owlvit
AOI_2_Vegas_img3858,AOI_2_Vegas,AOI_2_Vegas:-11521:3619,test,owlvit,blur_resize,fixed,0.3,0.5,2,14,21,31,0.1,owlvit
AOI_2_Vegas_img3858,AOI_2_Vegas,AOI_2_Vegas:-11521:3619,test,owlvit,blur_resize,fixed,0.45,0.5,2,12,21,30,0.1,owlvit
AOI_2_Vegas_img3858,AOI_2_Vegas,AOI_2_Vegas:-11521:3619,test,owlvit,blur_resize,fixed,0.6,0.5,1,11,21,28,0.05,owlvit
AOI_2_Vegas_img3858,AOI_2_Vegas,AOI_2_Vegas:-11521:3619,test,owlvit,blur_resize,fixed,0.9,0.5,1,5,21,24,0.05,owlvit
AOI_2_Vegas_img3858,AOI_2_Vegas,AOI_2_Vegas:-11521:3619,test,owlvit,blur_resize,fixed,1.2,0.5,1,3,21,27,0.0,owlvit
AOI_2_Vegas_img3858,AOI_2_Vegas,AOI_2_Vegas:-11521:3619,test,owlvit,blur_resize,fixed,1.8,0.5,0,3,21,26,0.05,owlvit
AOI_2_Vegas_img3858,AOI_2_Vegas,AOI_2_Vegas:-11521:3619,test,owlvit,blur_resize,fixed,2.4,0.5,0,0,21,27,0.0,owlvit
AOI_2_Vegas_img3858,AOI_2_Vegas,AOI_2_Vegas:-11521:3619,test,owlvit,blur_resize,fixed,3.6,0.5,0,0,21,17,0.0,owlvit
AOI_2_Vegas_img3858,AOI_2_Vegas,AOI_2_Vegas:-11521:3619,test,owlvit,blur_resize,fixed,5.0,0.5,0,0,21,11,0.0,owlvit
AOI_2_Vegas_img3858,AOI_2_Vegas,AOI_2_Vegas:-11521:3619,test,owlvit,blur_resize,fixed,10.0,0.5,0,0,21,1,0.0,owlvit
AOI_2_Vegas_img386,AOI_2_Vegas,AOI_2_Vegas:-11530:3621,test,owlvit,blur_resize,fixed,0.3,0.5,14,119,34,42,2.05,owlvit
AOI_2_Vegas_img386,AOI_2_Vegas,AOI_2_Vegas:-11530:3621,test,owlvit,blur_resize,fixed,0.45,0.5,14,100,34,40,1.9,owlvit
AOI_2_Vegas_img386,AOI_2_Vegas,AOI_2_Vegas:-11530:3621,test,owlvit,blur_resize,fixed,0.6,0.5,12,88,34,40,1.95,owlvit
AOI_2_Vegas_img386,AOI_2_Vegas,AOI_2_Vegas:-11530:3621,test,owlvit,blur_resize,fixed,0.9,0.5,13,84,34,37,1.55,owlvit
AOI_2_Vegas_img386,AOI_2_Vegas,AOI_2_Vegas:-11530:3621,test,owlvit,blur_resize,fixed,1.2,0.5,9,73,34,35,1.75,owlvit
AOI_2_Vegas_img386,AOI_2_Vegas,AOI_2_Vegas:-11530:3621,test,owlvit,blur_resize,fixed,1.8,0.5,10,50,34,40,1.05,owlvit
AOI_2_Vegas_img386,AOI_2_Vegas,AOI_2_Vegas:-11530:3621,test,owlvit,blur_resize,fixed,2.4,0.5,2,17,34,37,0.35,owlvit
AOI_2_Vegas_img386,AOI_2_Vegas,AOI_2_Vegas:-11530:3621,test,owlvit,blur_resize,fixed,3.6,0.5,2,4,34,28,0.15,owlvit
AOI_2_Vegas_img386,AOI_2_Vegas,AOI_2_Vegas:-11530:3621,test,owlvit,blur_resize,fixed,5.0,0.5,0,1,34,2,0.0,owlvit
AOI_2_Vegas_img386,AOI_2_Vegas,AOI_2_Vegas:-11530:3621,test,owlvit,blur_resize,fixed,10.0,0.5,0,0,34,0,0.0,owlvit
AOI_2_Vegas_img3864,AOI_2_Vegas,AOI_2_Vegas:-11521:3620,test,owlvit,blur_resize,fixed,0.3,0.5,10,29,36,36,0.25,owlvit
AOI_2_Vegas_img3864,AOI_2_Vegas,AOI_2_Vegas:-11521:3620,test,owlvit,blur_resize,fixed,0.45,0.5,9,29,36,38,0.4,owlvit
AOI_2_Vegas_img3864,AOI_2_Vegas,AOI_2_Vegas:-11521:3620,test,owlvit,blur_resize,fixed,0.6,0.5,5,23,36,32,0.2,owlvit
AOI_2_Vegas_img3864,AOI_2_Vegas,AOI_2_Vegas:-11521:3620,test,owlvit,blur_resize,fixed,0.9,0.5,3,14,36,32,0.1,owlvit
AOI_2_Vegas_img3864,AOI_2_Vegas,AOI_2_Vegas:-11521:3620,test,owlvit,blur_resize,fixed,1.2,0.5,3,9,36,19,0.05,owlvit
AOI_2_Vegas_img3864,AOI_2_Vegas,AOI_2_Vegas:-11521:3620,test,owlvit,blur_resize,fixed,1.8,0.5,0,0,36,8,0.0,owlvit
AOI_2_Vegas_img3864,AOI_2_Vegas,AOI_2_Vegas:-11521:3620,test,owlvit,blur_resize,fixed,2.4,0.5,0,0,36,8,0.0,owlvit
AOI_2_Vegas_img3864,AOI_2_Vegas,AOI_2_Vegas:-11521:3620,test,owlvit,blur_resize,fixed,3.6,0.5,0,0,36,6,0.0,owlvit
AOI_2_Vegas_img3864,AOI_2_Vegas,AOI_2_Vegas:-11521:3620,test,owlvit,blur_resize,fixed,5.0,0.5,0,0,36,3,0.0,owlvit
AOI_2_Vegas_img3864,AOI_2_Vegas,AOI_2_Vegas:-11521:3620,test,owlvit,blur_resize,fixed,10.0,0.5,0,0,36,0,0.0,owlvit
AOI_2_Vegas_img3886,AOI_2_Vegas,AOI_2_Vegas:-11521:3624,test,owlvit,blur_resize,fixed,0.3,0.5,20,54,30,39,1.5,owlvit
AOI_2_Vegas_img3886,AOI_2_Vegas,AOI_2_Vegas:-11521:3624,test,owlvit,blur_resize,fixed,0.45,0.5,20,48,30,38,1.55,owlvit
AOI_2_Vegas_img3886,AOI_2_Vegas,AOI_2_Vegas:-11521:3624,test,owlvit,blur_resize,fixed,0.6,0.5,19,41,30,37,1.2,owlvit
AOI_2_Vegas_img3886,AOI_2_Vegas,AOI_2_Vegas:-11521:3624,test,owlvit,blur_resize,fixed,0.9,0.5,14,21,30,42,0.65,owlvit
AOI_2_Vegas_img3886,AOI_2_Vegas,AOI_2_Vegas:-11521:3624,test,owlvit,blur_resize,fixed,1.2,0.5,1,4,30,13,0.0,owlvit
AOI_2_Vegas_img3886,AOI_2_Vegas,AOI_2_Vegas:-11521:3624,test,owlvit,blur_resize,fixed,1.8,0.5,0,1,30,3,0.0,owlvit
AOI_2_Vegas_img3886,AOI_2_Vegas,AOI_2_Vegas:-11521:3624,test,owlvit,blur_resize,fixed,2.4,0.5,0,0,30,3,0.0,owlvit
AOI_2_Vegas_img3886,AOI_2_Vegas,AOI_2_Vegas:-11521:3624,test,owlvit,blur_resize,fixed,3.6,0.5,0,0,30,2,0.0,owlvit
AOI_2_Vegas_img3886,AOI_2_Vegas,AOI_2_Vegas:-11521:3624,test,owlvit,blur_resize,fixed,5.0,0.5,0,0,30,3,0.0,owlvit
AOI_2_Vegas_img3886,AOI_2_Vegas,AOI_2_Vegas:-11521:3624,test,owlvit,blur_resize,fixed,10.0,0.5,0,0,30,1,0.0,owlvit
AOI_2_Vegas_img3920,AOI_2_Vegas,AOI_2_Vegas:-11521:3616,test,owlvit,blur_resize,fixed,0.3,0.5,4,84,13,87,0.1,owlvit
AOI_2_Vegas_img3920,AOI_2_Vegas,AOI_2_Vegas:-11521:3616,test,owlvit,blur_resize,fixed,0.45,0.5,4,56,13,73,0.05,owlvit
AOI_2_Vegas_img3920,AOI_2_Vegas,AOI_2_Vegas:-11521:3616,test,owlvit,blur_resize,fixed,0.6,0.5,2,17,13,54,0.05,owlvit
AOI_2_Vegas_img3920,AOI_2_Vegas,AOI_2_Vegas:-11521:3616,test,owlvit,blur_resize,fixed,0.9,0.5,2,5,13,41,0.05,owlvit
AOI_2_Vegas_img3920,AOI_2_Vegas,AOI_2_Vegas:-11521:3616,test,owlvit,blur_resize,fixed,1.2,0.5,1,3,13,33,0.0,owlvit
AOI_2_Vegas_img3920,AOI_2_Vegas,AOI_2_Vegas:-11521:3616,test,owlvit,blur_resize,fixed,1.8,0.5,1,1,13,28,0.0,owlvit
AOI_2_Vegas_img3920,AOI_2_Vegas,AOI_2_Vegas:-11521:3616,test,owlvit,blur_resize,fixed,2.4,0.5,1,1,13,25,0.0,owlvit
AOI_2_Vegas_img3920,AOI_2_Vegas,AOI_2_Vegas:-11521:3616,test,owlvit,blur_resize,fixed,3.6,0.5,0,0,13,12,0.0,owlvit
AOI_2_Vegas_img3920,AOI_2_Vegas,AOI_2_Vegas:-11521:3616,test,owlvit,blur_resize,fixed,5.0,0.5,0,0,13,2,0.0,owlvit
AOI_2_Vegas_img3920,AOI_2_Vegas,AOI_2_Vegas:-11521:3616,test,owlvit,blur_resize,fixed,10.0,0.5,0,0,13,1,0.0,owlvit
AOI_2_Vegas_img3949,AOI_2_Vegas,AOI_2_Vegas:-11521:3621,test,owlvit,blur_resize,fixed,0.3,0.5,2,26,10,30,0.15,owlvit
AOI_2_Vegas_img3949,AOI_2_Vegas,AOI_2_Vegas:-11521:3621,test,owlvit,blur_resize,fixed,0.45,0.5,2,16,10,28,0.05,owlvit
AOI_2_Vegas_img3949,AOI_2_Vegas,AOI_2_Vegas:-11521:3621,test,owlvit,blur_resize,fixed,0.6,0.5,2,7,10,26,0.0,owlvit
AOI_2_Vegas_img3949,AOI_2_Vegas,AOI_2_Vegas:-11521:3621,test,owlvit,blur_resize,fixed,0.9,0.5,2,5,10,21,0.0,owlvit
AOI_2_Vegas_img3949,AOI_2_Vegas,AOI_2_Vegas:-11521:3621,test,owlvit,blur_resize,fixed,1.2,0.5,1,3,10,20,0.05,owlvit
AOI_2_Vegas_img3949,AOI_2_Vegas,AOI_2_Vegas:-11521:3621,test,owlvit,blur_resize,fixed,1.8,0.5,0,1,10,13,0.0,owlvit
AOI_2_Vegas_img3949,AOI_2_Vegas,AOI_2_Vegas:-11521:3621,test,owlvit,blur_resize,fixed,2.4,0.5,0,0,10,8,0.0,owlvit
AOI_2_Vegas_img3949,AOI_2_Vegas,AOI_2_Vegas:-11521:3621,test,owlvit,blur_resize,fixed,3.6,0.5,0,0,10,1,0.0,owlvit
AOI_2_Vegas_img3949,AOI_2_Vegas,AOI_2_Vegas:-11521:3621,test,owlvit,blur_resize,fixed,5.0,0.5,0,0,10,0,0.0,owlvit
AOI_2_Vegas_img3949,AOI_2_Vegas,AOI_2_Vegas:-11521:3621,test,owlvit,blur_resize,fixed,10.0,0.5,0,0,10,0,0.0,owlvit
AOI_2_Vegas_img3961,AOI_2_Vegas,AOI_2_Vegas:-11521:3623,test,owlvit,blur_resize,fixed,0.3,0.5,13,62,35,40,0.65,owlvit
AOI_2_Vegas_img3961,AOI_2_Vegas,AOI_2_Vegas:-11521:3623,test,owlvit,blur_resize,fixed,0.45,0.5,9,39,35,30,0.25,owlvit
AOI_2_Vegas_img3961,AOI_2_Vegas,AOI_2_Vegas:-11521:3623,test,owlvit,blur_resize,fixed,0.6,0.5,8,33,35,30,0.15,owlvit
AOI_2_Vegas_img3961,AOI_2_Vegas,AOI_2_Vegas:-11521:3623,test,owlvit,blur_resize,fixed,0.9,0.5,7,26,35,24,0.15,owlvit
AOI_2_Vegas_img3961,AOI_2_Vegas,AOI_2_Vegas:-11521:3623,test,owlvit,blur_resize,fixed,1.2,0.5,4,11,35,13,0.05,owlvit
AOI_2_Vegas_img3961,AOI_2_Vegas,AOI_2_Vegas:-11521:3623,test,owlvit,blur_resize,fixed,1.8,0.5,1,4,35,8,0.05,owlvit
AOI_2_Vegas_img3961,AOI_2_Vegas,AOI_2_Vegas:-11521:3623,test,owlvit,blur_resize,fixed,2.4,0.5,0,1,35,6,0.0,owlvit
AOI_2_Vegas_img3961,AOI_2_Vegas,AOI_2_Vegas:-11521:3623,test,owlvit,blur_resize,fixed,3.6,0.5,0,0,35,2,0.0,owlvit
AOI_2_Vegas_img3961,AOI_2_Vegas,AOI_2_Vegas:-11521:3623,test,owlvit,blur_resize,fixed,5.0,0.5,0,0,35,0,0.0,owlvit
AOI_2_Vegas_img3961,AOI_2_Vegas,AOI_2_Vegas:-11521:3623,test,owlvit,blur_resize,fixed,10.0,0.5,0,0,35,0,0.0,owlvit
AOI_2_Vegas_img3962,AOI_2_Vegas,AOI_2_Vegas:-11521:3623,test,owlvit,blur_resize,fixed,0.3,0.5,9,57,51,35,0.4,owlvit
AOI_2_Vegas_img3962,AOI_2_Vegas,AOI_2_Vegas:-11521:3623,test,owlvit,blur_resize,fixed,0.45,0.5,10,51,51,35,0.4,owlvit
AOI_2_Vegas_img3962,AOI_2_Vegas,AOI_2_Vegas:-11521:3623,test,owlvit,blur_resize,fixed,0.6,0.5,8,44,51,37,0.45,owlvit
AOI_2_Vegas_img3962,AOI_2_Vegas,AOI_2_Vegas:-11521:3623,test,owlvit,blur_resize,fixed,0.9,0.5,4,30,51,40,0.25,owlvit
AOI_2_Vegas_img3962,AOI_2_Vegas,AOI_2_Vegas:-11521:3623,test,owlvit,blur_resize,fixed,1.2,0.5,2,17,51,38,0.2,owlvit
AOI_2_Vegas_img3962,AOI_2_Vegas,AOI_2_Vegas:-11521:3623,test,owlvit,blur_resize,fixed,1.8,0.5,3,8,51,35,0.25,owlvit
AOI_2_Vegas_img3962,AOI_2_Vegas,AOI_2_Vegas:-11521:3623,test,owlvit,blur_resize,fixed,2.4,0.5,1,2,51,21,0.0,owlvit
AOI_2_Vegas_img3962,AOI_2_Vegas,AOI_2_Vegas:-11521:3623,test,owlvit,blur_resize,fixed,3.6,0.5,0,0,51,3,0.0,owlvit
AOI_2_Vegas_img3962,AOI_2_Vegas,AOI_2_Vegas:-11521:3623,test,owlvit,blur_resize,fixed,5.0,0.5,0,0,51,1,0.0,owlvit
AOI_2_Vegas_img3962,AOI_2_Vegas,AOI_2_Vegas:-11521:3623,test,owlvit,blur_resize,fixed,10.0,0.5,0,0,51,0,0.0,owlvit
AOI_2_Vegas_img3990,AOI_2_Vegas,AOI_2_Vegas:-11521:3614,test,owlvit,blur_resize,fixed,0.3,0.5,0,16,2,57,0.0,owlvit
AOI_2_Vegas_img3990,AOI_2_Vegas,AOI_2_Vegas:-11521:3614,test,owlvit,blur_resize,fixed,0.45,0.5,0,9,2,39,0.0,owlvit
AOI_2_Vegas_img3990,AOI_2_Vegas,AOI_2_Vegas:-11521:3614,test,owlvit,blur_resize,fixed,0.6,0.5,0,5,2,31,0.0,owlvit
AOI_2_Vegas_img3990,AOI_2_Vegas,AOI_2_Vegas:-11521:3614,test,owlvit,blur_resize,fixed,0.9,0.5,0,2,2,25,0.0,owlvit
AOI_2_Vegas_img3990,AOI_2_Vegas,AOI_2_Vegas:-11521:3614,test,owlvit,blur_resize,fixed,1.2,0.5,0,2,2,21,0.0,owlvit
AOI_2_Vegas_img3990,AOI_2_Vegas,AOI_2_Vegas:-11521:3614,test,owlvit,blur_resize,fixed,1.8,0.5,0,0,2,14,0.0,owlvit
AOI_2_Vegas_img3990,AOI_2_Vegas,AOI_2_Vegas:-11521:3614,test,owlvit,blur_resize,fixed,2.4,0.5,0,0,2,9,0.0,owlvit
AOI_2_Vegas_img3990,AOI_2_Vegas,AOI_2_Vegas:-11521:3614,test,owlvit,blur_resize,fixed,3.6,0.5,0,0,2,8,0.0,owlvit
AOI_2_Vegas_img3990,AOI_2_Vegas,AOI_2_Vegas:-11521:3614,test,owlvit,blur_resize,fixed,5.0,0.5,0,0,2,4,0.0,owlvit
AOI_2_Vegas_img3990,AOI_2_Vegas,AOI_2_Vegas:-11521:3614,test,owlvit,blur_resize,fixed,10.0,0.5,0,0,2,1,0.0,owlvit
AOI_2_Vegas_img400,AOI_2_Vegas,AOI_2_Vegas:-11530:3613,test,owlvit,blur_resize,fixed,0.3,0.5,34,71,58,34,2.1,owlvit
AOI_2_Vegas_img400,AOI_2_Vegas,AOI_2_Vegas:-11530:3613,test,owlvit,blur_resize,fixed,0.45,0.5,31,68,58,33,2.2,owlvit
AOI_2_Vegas_img400,AOI_2_Vegas,AOI_2_Vegas:-11530:3613,test,owlvit,blur_resize,fixed,0.6,0.5,23,62,58,32,1.75,owlvit
AOI_2_Vegas_img400,AOI_2_Vegas,AOI_2_Vegas:-11530:3613,test,owlvit,blur_resize,fixed,0.9,0.5,24,50,58,26,1.15,owlvit
AOI_2_Vegas_img400,AOI_2_Vegas,AOI_2_Vegas:-11530:3613,test,owlvit,blur_resize,fixed,1.2,0.5,13,26,58,21,0.5,owlvit
AOI_2_Vegas_img400,AOI_2_Vegas,AOI_2_Vegas:-11530:3613,test,owlvit,blur_resize,fixed,1.8,0.5,1,2,58,7,0.1,owlvit
AOI_2_Vegas_img400,AOI_2_Vegas,AOI_2_Vegas:-11530:3613,test,owlvit,blur_resize,fixed,2.4,0.5,0,0,58,3,0.0,owlvit
AOI_2_Vegas_img400,AOI_2_Vegas,AOI_2_Vegas:-11530:3613,test,owlvit,blur_resize,fixed,3.6,0.5,0,0,58,2,0.0,owlvit
AOI_2_Vegas_img400,AOI_2_Vegas,AOI_2_Vegas:-11530:3613,test,owlvit,blur_resize,fixed,5.0,0.5,0,0,58,1,0.0,owlvit
AOI_2_Vegas_img400,AOI_2_Vegas,AOI_2_Vegas:-11530:3613,test,owlvit,blur_resize,fixed,10.0,0.5,0,0,58,1,0.0,owlvit
AOI_2_Vegas_img4008,AOI_2_Vegas,AOI_2_Vegas:-11521:3617,test,owlvit,blur_resize,fixed,0.3,0.5,0,20,4,42,0.05,owlvit
AOI_2_Vegas_img4008,AOI_2_Vegas,AOI_2_Vegas:-11521:3617,test,owlvit,blur_resize,fixed,0.45,0.5,0,7,4,42,0.0,owlvit
AOI_2_Vegas_img4008,AOI_2_Vegas,AOI_2_Vegas:-11521:3617,test,owlvit,blur_resize,fixed,0.6,0.5,0,3,4,33,0.0,owlvit
AOI_2_Vegas_img4008,AOI_2_Vegas,AOI_2_Vegas:-11521:3617,test,owlvit,blur_resize,fixed,0.9,0.5,0,1,4,20,0.0,owlvit
AOI_2_Vegas_img4008,AOI_2_Vegas,AOI_2_Vegas:-11521:3617,test,owlvit,blur_resize,fixed,1.2,0.5,0,0,4,17,0.0,owlvit
AOI_2_Vegas_img4008,AOI_2_Vegas,AOI_2_Vegas:-11521:3617,test,owlvit,blur_resize,fixed,1.8,0.5,0,0,4,15,0.0,owlvit
AOI_2_Vegas_img4008,AOI_2_Vegas,AOI_2_Vegas:-11521:3617,test,owlvit,blur_resize,fixed,2.4,0.5,0,0,4,10,0.0,owlvit
AOI_2_Vegas_img4008,AOI_2_Vegas,AOI_2_Vegas:-11521:3617,test,owlvit,blur_resize,fixed,3.6,0.5,0,1,4,12,0.0,owlvit
AOI_2_Vegas_img4008,AOI_2_Vegas,AOI_2_Vegas:-11521:3617,test,owlvit,blur_resize,fixed,5.0,0.5,0,0,4,9,0.0,owlvit
AOI_2_Vegas_img4008,AOI_2_Vegas,AOI_2_Vegas:-11521:3617,test,owlvit,blur_resize,fixed,10.0,0.5,0,0,4,1,0.0,owlvit
AOI_2_Vegas_img4012,AOI_2_Vegas,AOI_2_Vegas:-11521:3618,test,owlvit,blur_resize,fixed,0.3,0.5,0,0,0,0,0.0,owlvit
AOI_2_Vegas_img4012,AOI_2_Vegas,AOI_2_Vegas:-11521:3618,test,owlvit,blur_resize,fixed,0.45,0.5,0,0,0,0,0.0,owlvit
AOI_2_Vegas_img4012,AOI_2_Vegas,AOI_2_Vegas:-11521:3618,test,owlvit,blur_resize,fixed,0.6,0.5,0,0,0,0,0.0,owlvit
AOI_2_Vegas_img4012,AOI_2_Vegas,AOI_2_Vegas:-11521:3618,test,owlvit,blur_resize,fixed,0.9,0.5,0,0,0,0,0.0,owlvit
AOI_2_Vegas_img4012,AOI_2_Vegas,AOI_2_Vegas:-11521:3618,test,owlvit,blur_resize,fixed,1.2,0.5,0,0,0,0,0.0,owlvit
AOI_2_Vegas_img4012,AOI_2_Vegas,AOI_2_Vegas:-11521:3618,test,owlvit,blur_resize,fixed,1.8,0.5,0,0,0,0,0.0,owlvit
AOI_2_Vegas_img4012,AOI_2_Vegas,AOI_2_Vegas:-11521:3618,test,owlvit,blur_resize,fixed,2.4,0.5,0,0,0,0,0.0,owlvit
AOI_2_Vegas_img4012,AOI_2_Vegas,AOI_2_Vegas:-11521:3618,test,owlvit,blur_resize,fixed,3.6,0.5,0,0,0,0,0.0,owlvit
AOI_2_Vegas_img4012,AOI_2_Vegas,AOI_2_Vegas:-11521:3618,test,owlvit,blur_resize,fixed,5.0,0.5,0,0,0,0,0.0,owlvit
AOI_2_Vegas_img4012,AOI_2_Vegas,AOI_2_Vegas:-11521:3618,test,owlvit,blur_resize,fixed,10.0,0.5,0,0,0,0,0.0,owlvit
AOI_2_Vegas_img4113,AOI_2_Vegas,AOI_2_Vegas:-11521:3622,test,owlvit,blur_resize,fixed,0.3,0.5,20,40,41,35,0.55,owlvit
AOI_2_Vegas_img4113,AOI_2_Vegas,AOI_2_Vegas:-11521:3622,test,owlvit,blur_resize,fixed,0.45,0.5,10,21,41,22,0.55,owlvit
AOI_2_Vegas_img4113,AOI_2_Vegas,AOI_2_Vegas:-11521:3622,test,owlvit,blur_resize,fixed,0.6,0.5,9,18,41,20,0.6,owlvit
AOI_2_Vegas_img4113,AOI_2_Vegas,AOI_2_Vegas:-11521:3622,test,owlvit,blur_resize,fixed,0.9,0.5,5,11,41,15,0.15,owlvit
AOI_2_Vegas_img4113,AOI_2_Vegas,AOI_2_Vegas:-11521:3622,test,owlvit,blur_resize,fixed,1.2,0.5,5,7,41,11,0.25,owlvit
AOI_2_Vegas_img4113,AOI_2_Vegas,AOI_2_Vegas:-11521:3622,test,owlvit,blur_resize,fixed,1.8,0.5,1,1,41,8,0.0,owlvit
AOI_2_Vegas_img4113,AOI_2_Vegas,AOI_2_Vegas:-11521:3622,test,owlvit,blur_resize,fixed,2.4,0.5,1,1,41,6,0.0,owlvit
AOI_2_Vegas_img4113,AOI_2_Vegas,AOI_2_Vegas:-11521:3622,test,owlvit,blur_resize,fixed,3.6,0.5,0,0,41,1,0.0,owlvit
AOI_2_Vegas_img4113,AOI_2_Vegas,AOI_2_Vegas:-11521:3622,test,owlvit,blur_resize,fixed,5.0,0.5,0,0,41,1,0.0,owlvit
AOI_2_Vegas_img4113,AOI_2_Vegas,AOI_2_Vegas:-11521:3622,test,owlvit,blur_resize,fixed,10.0,0.5,0,0,41,0,0.0,owlvit
AOI_2_Vegas_img4146,AOI_2_Vegas,AOI_2_Vegas:-11521:3614,test,owlvit,blur_resize,fixed,0.3,0.5,18,69,66,35,1.55,owlvit
AOI_2_Vegas_img4146,AOI_2_Vegas,AOI_2_Vegas:-11521:3614,test,owlvit,blur_resize,fixed,0.45,0.5,21,66,66,41,1.75,owlvit
AOI_2_Vegas_img4146,AOI_2_Vegas,AOI_2_Vegas:-11521:3614,test,owlvit,blur_resize,fixed,0.6,0.5,19,51,66,38,1.25,owlvit
AOI_2_Vegas_img4146,AOI_2_Vegas,AOI_2_Vegas:-11521:3614,test,owlvit,blur_resize,fixed,0.9,0.5,14,43,66,43,0.9,owlvit
AOI_2_Vegas_img4146,AOI_2_Vegas,AOI_2_Vegas:-11521:3614,test,owlvit,blur_resize,fixed,1.2,0.5,7,37,66,34,0.9,owlvit
AOI_2_Vegas_img4146,AOI_2_Vegas,AOI_2_Vegas:-11521:3614,test,owlvit,blur_resize,fixed,1.8,0.5,3,12,66,35,0.45,owlvit
AOI_2_Vegas_img4146,AOI_2_Vegas,AOI_2_Vegas:-11521:3614,test,owlvit,blur_resize,fixed,2.4,0.5,0,1,66,25,0.0,owlvit
AOI_2_Vegas_img4146,AOI_2_Vegas,AOI_2_Vegas:-11521:3614,test,owlvit,blur_resize,fixed,3.6,0.5,0,0,66,2,0.0,owlvit
AOI_2_Vegas_img4146,AOI_2_Vegas,AOI_2_Vegas:-11521:3614,test,owlvit,blur_resize,fixed,5.0,0.5,0,0,66,0,0.0,owlvit
AOI_2_Vegas_img4146,AOI_2_Vegas,AOI_2_Vegas:-11521:3614,test,owlvit,blur_resize,fixed,10.0,0.5,0,0,66,0,0.0,owlvit
AOI_2_Vegas_img4155,AOI_2_Vegas,AOI_2_Vegas:-11521:3615,test,owlvit,blur_resize,fixed,0.3,0.5,0,3,1,17,0.0,owlvit
AOI_2_Vegas_img4155,AOI_2_Vegas,AOI_2_Vegas:-11521:3615,test,owlvit,blur_resize,fixed,0.45,0.5,0,2,1,12,0.0,owlvit
AOI_2_Vegas_img4155,AOI_2_Vegas,AOI_2_Vegas:-11521:3615,test,owlvit,blur_resize,fixed,0.6,0.5,0,2,1,12,0.0,owlvit
AOI_2_Vegas_img4155,AOI_2_Vegas,AOI_2_Vegas:-11521:3615,test,owlvit,blur_resize,fixed,0.9,0.5,0,1,1,10,0.0,owlvit
AOI_2_Vegas_img4155,AOI_2_Vegas,AOI_2_Vegas:-11521:3615,test,owlvit,blur_resize,fixed,1.2,0.5,0,1,1,13,0.0,owlvit
AOI_2_Vegas_img4155,AOI_2_Vegas,AOI_2_Vegas:-11521:3615,test,owlvit,blur_resize,fixed,1.8,0.5,0,1,1,8,0.0,owlvit
AOI_2_Vegas_img4155,AOI_2_Vegas,AOI_2_Vegas:-11521:3615,test,owlvit,blur_resize,fixed,2.4,0.5,0,2,1,11,0.0,owlvit
AOI_2_Vegas_img4155,AOI_2_Vegas,AOI_2_Vegas:-11521:3615,test,owlvit,blur_resize,fixed,3.6,0.5,0,1,1,8,0.0,owlvit
AOI_2_Vegas_img4155,AOI_2_Vegas,AOI_2_Vegas:-11521:3615,test,owlvit,blur_resize,fixed,5.0,0.5,0,0,1,5,0.0,owlvit
AOI_2_Vegas_img4155,AOI_2_Vegas,AOI_2_Vegas:-11521:3615,test,owlvit,blur_resize,fixed,10.0,0.5,0,0,1,0,0.0,owlvit
AOI_2_Vegas_img416,AOI_2_Vegas,AOI_2_Vegas:-11530:3616,test,owlvit,blur_resize,fixed,0.3,0.5,2,20,18,22,0.15,owlvit
AOI_2_Vegas_img416,AOI_2_Vegas,AOI_2_Vegas:-11530:3616,test,owlvit,blur_resize,fixed,0.45,0.5,0,12,18,24,0.15,owlvit
AOI_2_Vegas_img416,AOI_2_Vegas,AOI_2_Vegas:-11530:3616,test,owlvit,blur_resize,fixed,0.6,0.5,0,8,18,21,0.05,owlvit
AOI_2_Vegas_img416,AOI_2_Vegas,AOI_2_Vegas:-11530:3616,test,owlvit,blur_resize,fixed,0.9,0.5,0,10,18,25,0.05,owlvit
AOI_2_Vegas_img416,AOI_2_Vegas,AOI_2_Vegas:-11530:3616,test,owlvit,blur_resize,fixed,1.2,0.5,1,8,18,24,0.15,owlvit
AOI_2_Vegas_img416,AOI_2_Vegas,AOI_2_Vegas:-11530:3616,test,owlvit,blur_resize,fixed,1.8,0.5,2,9,18,27,0.3,owlvit
AOI_2_Vegas_img416,AOI_2_Vegas,AOI_2_Vegas:-11530:3616,test,owlvit,blur_resize,fixed,2.4,0.5,0,1,18,12,0.0,owlvit
AOI_2_Vegas_img416,AOI_2_Vegas,AOI_2_Vegas:-11530:3616,test,owlvit,blur_resize,fixed,3.6,0.5,0,0,18,4,0.0,owlvit
AOI_2_Vegas_img416,AOI_2_Vegas,AOI_2_Vegas:-11530:3616,test,owlvit,blur_resize,fixed,5.0,0.5,0,0,18,1,0.0,owlvit
AOI_2_Vegas_img416,AOI_2_Vegas,AOI_2_Vegas:-11530:3616,test,owlvit,blur_resize,fixed,10.0,0.5,0,0,18,0,0.0,owlvit
AOI_2_Vegas_img4169,AOI_2_Vegas,AOI_2_Vegas:-11521:3618,test,owlvit,blur_resize,fixed,0.3,0.5,0,0,0,0,0.0,owlvit
AOI_2_Vegas_img4169,AOI_2_Vegas,AOI_2_Vegas:-11521:3618,test,owlvit,blur_resize,fixed,0.45,0.5,0,0,0,0,0.0,owlvit
AOI_2_Vegas_img4169,AOI_2_Vegas,AOI_2_Vegas:-11521:3618,test,owlvit,blur_resize,fixed,0.6,0.5,0,0,0,0,0.0,owlvit
AOI_2_Vegas_img4169,AOI_2_Vegas,AOI_2_Vegas:-11521:3618,test,owlvit,blur_resize,fixed,0.9,0.5,0,0,0,0,0.0,owlvit
AOI_2_Vegas_img4169,AOI_2_Vegas,AOI_2_Vegas:-11521:3618,test,owlvit,blur_resize,fixed,1.2,0.5,0,0,0,0,0.0,owlvit
AOI_2_Vegas_img4169,AOI_2_Vegas,AOI_2_Vegas:-11521:3618,test,owlvit,blur_resize,fixed,1.8,0.5,0,0,0,0,0.0,owlvit
AOI_2_Vegas_img4169,AOI_2_Vegas,AOI_2_Vegas:-11521:3618,test,owlvit,blur_resize,fixed,2.4,0.5,0,0,0,0,0.0,owlvit
AOI_2_Vegas_img4169,AOI_2_Vegas,AOI_2_Vegas:-11521:3618,test,owlvit,blur_resize,fixed,3.6,0.5,0,0,0,0,0.0,owlvit
AOI_2_Vegas_img4169,AOI_2_Vegas,AOI_2_Vegas:-11521:3618,test,owlvit,blur_resize,fixed,5.0,0.5,0,0,0,0,0.0,owlvit
AOI_2_Vegas_img4169,AOI_2_Vegas,AOI_2_Vegas:-11521:3618,test,owlvit,blur_resize,fixed,10.0,0.5,0,0,0,0,0.0,owlvit
AOI_2_Vegas_img4176,AOI_2_Vegas,AOI_2_Vegas:-11521:3619,test,owlvit,blur_resize,fixed,0.3,0.5,19,63,63,34,2.05,owlvit
AOI_2_Vegas_img4176,AOI_2_Vegas,AOI_2_Vegas:-11521:3619,test,owlvit,blur_resize,fixed,0.45,0.5,21,57,63,30,1.5,owlvit
AOI_2_Vegas_img4176,AOI_2_Vegas,AOI_2_Vegas:-11521:3619,test,owlvit,blur_resize,fixed,0.6,0.5,21,54,63,31,2.1,owlvit
AOI_2_Vegas_img4176,AOI_2_Vegas,AOI_2_Vegas:-11521:3619,test,owlvit,blur_resize,fixed,0.9,0.5,19,48,63,34,1.55,owlvit
AOI_2_Vegas_img4176,AOI_2_Vegas,AOI_2_Vegas:-11521:3619,test,owlvit,blur_resize,fixed,1.2,0.5,12,38,63,27,1.45,owlvit
AOI_2_Vegas_img4176,AOI_2_Vegas,AOI_2_Vegas:-11521:3619,test,owlvit,blur_resize,fixed,1.8,0.5,6,14,63,22,0.6,owlvit
AOI_2_Vegas_img4176,AOI_2_Vegas,AOI_2_Vegas:-11521:3619,test,owlvit,blur_resize,fixed,2.4,0.5,0,1,63,11,0.0,owlvit
AOI_2_Vegas_img4176,AOI_2_Vegas,AOI_2_Vegas:-11521:3619,test,owlvit,blur_resize,fixed,3.6,0.5,0,0,63,3,0.0,owlvit
AOI_2_Vegas_img4176,AOI_2_Vegas,AOI_2_Vegas:-11521:3619,test,owlvit,blur_resize,fixed,5.0,0.5,0,0,63,0,0.0,owlvit
AOI_2_Vegas_img4176,AOI_2_Vegas,AOI_2_Vegas:-11521:3619,test,owlvit,blur_resize,fixed,10.0,0.5,0,0,63,0,0.0,owlvit
AOI_2_Vegas_img4187,AOI_2_Vegas,AOI_2_Vegas:-11521:3621,test,owlvit,blur_resize,fixed,0.3,0.5,0,0,0,1,0.0,owlvit
AOI_2_Vegas_img4187,AOI_2_Vegas,AOI_2_Vegas:-11521:3621,test,owlvit,blur_resize,fixed,0.45,0.5,0,0,0,1,0.0,owlvit
AOI_2_Vegas_img4187,AOI_2_Vegas,AOI_2_Vegas:-11521:3621,test,owlvit,blur_resize,fixed,0.6,0.5,0,0,0,1,0.0,owlvit
AOI_2_Vegas_img4187,AOI_2_Vegas,AOI_2_Vegas:-11521:3621,test,owlvit,blur_resize,fixed,0.9,0.5,0,0,0,0,0.0,owlvit
AOI_2_Vegas_img4187,AOI_2_Vegas,AOI_2_Vegas:-11521:3621,test,owlvit,blur_resize,fixed,1.2,0.5,0,0,0,0,0.0,owlvit
AOI_2_Vegas_img4187,AOI_2_Vegas,AOI_2_Vegas:-11521:3621,test,owlvit,blur_resize,fixed,1.8,0.5,0,0,0,0,0.0,owlvit
AOI_2_Vegas_img4187,AOI_2_Vegas,AOI_2_Vegas:-11521:3621,test,owlvit,blur_resize,fixed,2.4,0.5,0,0,0,0,0.0,owlvit
AOI_2_Vegas_img4187,AOI_2_Vegas,AOI_2_Vegas:-11521:3621,test,owlvit,blur_resize,fixed,3.6,0.5,0,0,0,0,0.0,owlvit
AOI_2_Vegas_img4187,AOI_2_Vegas,AOI_2_Vegas:-11521:3621,test,owlvit,blur_resize,fixed,5.0,0.5,0,0,0,0,0.0,owlvit
AOI_2_Vegas_img4187,AOI_2_Vegas,AOI_2_Vegas:-11521:3621,test,owlvit,blur_resize,fixed,10.0,0.5,0,0,0,0,0.0,owlvit
AOI_2_Vegas_img4206,AOI_2_Vegas,AOI_2_Vegas:-11521:3624,test,owlvit,blur_resize,fixed,0.3,0.5,14,87,47,35,1.45,owlvit
AOI_2_Vegas_img4206,AOI_2_Vegas,AOI_2_Vegas:-11521:3624,test,owlvit,blur_resize,fixed,0.45,0.5,14,80,47,37,1.3,owlvit
AOI_2_Vegas_img4206,AOI_2_Vegas,AOI_2_Vegas:-11521:3624,test,owlvit,blur_resize,fixed,0.6,0.5,15,74,47,31,1.45,owlvit
AOI_2_Vegas_img4206,AOI_2_Vegas,AOI_2_Vegas:-11521:3624,test,owlvit,blur_resize,fixed,0.9,0.5,15,62,47,32,1.1,owlvit
AOI_2_Vegas_img4206,AOI_2_Vegas,AOI_2_Vegas:-11521:3624,test,owlvit,blur_resize,fixed,1.2,0.5,11,36,47,27,1.0,owlvit
AOI_2_Vegas_img4206,AOI_2_Vegas,AOI_2_Vegas:-11521:3624,test,owlvit,blur_resize,fixed,1.8,0.5,3,6,47,15,0.15,owlvit
AOI_2_Vegas_img4206,AOI_2_Vegas,AOI_2_Vegas:-11521:3624,test,owlvit,blur_resize,fixed,2.4,0.5,1,4,47,10,0.15,owlvit
AOI_2_Vegas_img4206,AOI_2_Vegas,AOI_2_Vegas:-11521:3624,test,owlvit,blur_resize,fixed,3.6,0.5,0,0,47,7,0.0,owlvit
AOI_2_Vegas_img4206,AOI_2_Vegas,AOI_2_Vegas:-11521:3624,test,owlvit,blur_resize,fixed,5.0,0.5,0,0,47,4,0.0,owlvit
AOI_2_Vegas_img4206,AOI_2_Vegas,AOI_2_Vegas:-11521:3624,test,owlvit,blur_resize,fixed,10.0,0.5,0,0,47,0,0.0,owlvit
AOI_2_Vegas_img4218,AOI_2_Vegas,AOI_2_Vegas:-11520:3612,test,owlvit,blur_resize,fixed,0.3,0.5,3,77,26,60,0.25,owlvit
AOI_2_Vegas_img4218,AOI_2_Vegas,AOI_2_Vegas:-11520:3612,test,owlvit,blur_resize,fixed,0.45,0.5,4,59,26,46,0.1,owlvit
AOI_2_Vegas_img4218,AOI_2_Vegas,AOI_2_Vegas:-11520:3612,test,owlvit,blur_resize,fixed,0.6,0.5,3,43,26,42,0.1,owlvit
AOI_2_Vegas_img4218,AOI_2_Vegas,AOI_2_Vegas:-11520:3612,test,owlvit,blur_resize,fixed,0.9,0.5,1,33,26,32,0.0,owlvit
AOI_2_Vegas_img4218,AOI_2_Vegas,AOI_2_Vegas:-11520:3612,test,owlvit,blur_resize,fixed,1.2,0.5,1,14,26,27,0.05,owlvit
AOI_2_Vegas_img4218,AOI_2_Vegas,AOI_2_Vegas:-11520:3612,test,owlvit,blur_resize,fixed,1.8,0.5,0,0,26,12,0.0,owlvit
AOI_2_Vegas_img4218,AOI_2_Vegas,AOI_2_Vegas:-11520:3612,test,owlvit,blur_resize,fixed,2.4,0.5,0,0,26,5,0.0,owlvit
AOI_2_Vegas_img4218,AOI_2_Vegas,AOI_2_Vegas:-11520:3612,test,owlvit,blur_resize,fixed,3.6,0.5,0,0,26,5,0.0,owlvit
AOI_2_Vegas_img4218,AOI_2_Vegas,AOI_2_Vegas:-11520:3612,test,owlvit,blur_resize,fixed,5.0,0.5,0,0,26,2,0.0,owlvit
AOI_2_Vegas_img4218,AOI_2_Vegas,AOI_2_Vegas:-11520:3612,test,owlvit,blur_resize,fixed,10.0,0.5,0,0,26,4,0.0,owlvit
AOI_2_Vegas_img4238,AOI_2_Vegas,AOI_2_Vegas:-11520:3616,test,owlvit,blur_resize,fixed,0.3,0.5,17,112,77,31,2.25,owlvit
AOI_2_Vegas_img4238,AOI_2_Vegas,AOI_2_Vegas:-11520:3616,test,owlvit,blur_resize,fixed,0.45,0.5,18,105,77,31,2.2,owlvit
AOI_2_Vegas_img4238,AOI_2_Vegas,AOI_2_Vegas:-11520:3616,test,owlvit,blur_resize,fixed,0.6,0.5,17,86,77,29,2.0,owlvit
AOI_2_Vegas_img4238,AOI_2_Vegas,AOI_2_Vegas:-11520:3616,test,owlvit,blur_resize,fixed,0.9,0.5,15,82,77,24,1.3,owlvit
AOI_2_Vegas_img4238,AOI_2_Vegas,AOI_2_Vegas:-11520:3616,test,owlvit,blur_resize,fixed,1.2,0.5,13,58,77,20,0.9,owlvit
AOI_2_Vegas_img4238,AOI_2_Vegas,AOI_2_Vegas:-11520:3616,test,owlvit,blur_resize,fixed,1.8,0.5,3,13,77,15,0.1,owlvit
AOI_2_Vegas_img4238,AOI_2_Vegas,AOI_2_Vegas:-11520:3616,test,owlvit,blur_resize,fixed,2.4,0.5,1,2,77,7,0.0,owlvit
AOI_2_Vegas_img4238,AOI_2_Vegas,AOI_2_Vegas:-11520:3616,test,owlvit,blur_resize,fixed,3.6,0.5,0,0,77,7,0.0,owlvit
AOI_2_Vegas_img4238,AOI_2_Vegas,AOI_2_Vegas:-11520:3616,test,owlvit,blur_resize,fixed,5.0,0.5,0,0,77,5,0.0,owlvit
AOI_2_Vegas_img4238,AOI_2_Vegas,AOI_2_Vegas:-11520:3616,test,owlvit,blur_resize,fixed,10.0,0.5,0,0,77,0,0.0,owlvit
AOI_2_Vegas_img4249,AOI_2_Vegas,AOI_2_Vegas:-11520:3618,test,owlvit,blur_resize,fixed,0.3,0.5,0,25,1,19,0.0,owlvit
AOI_2_Vegas_img4249,AOI_2_Vegas,AOI_2_Vegas:-11520:3618,test,owlvit,blur_resize,fixed,0.45,0.5,0,13,1,19,0.0,owlvit
AOI_2_Vegas_img4249,AOI_2_Vegas,AOI_2_Vegas:-11520:3618,test,owlvit,blur_resize,fixed,0.6,0.5,0,12,1,24,0.0,owlvit
AOI_2_Vegas_img4249,AOI_2_Vegas,AOI_2_Vegas:-11520:3618,test,owlvit,blur_resize,fixed,0.9,0.5,0,7,1,23,0.0,owlvit
AOI_2_Vegas_img4249,AOI_2_Vegas,AOI_2_Vegas:-11520:3618,test,owlvit,blur_resize,fixed,1.2,0.5,0,6,1,19,0.0,owlvit
AOI_2_Vegas_img4249,AOI_2_Vegas,AOI_2_Vegas:-11520:3618,test,owlvit,blur_resize,fixed,1.8,0.5,0,6,1,21,0.0,owlvit
AOI_2_Vegas_img4249,AOI_2_Vegas,AOI_2_Vegas:-11520:3618,test,owlvit,blur_resize,fixed,2.4,0.5,0,0,1,10,0.0,owlvit
AOI_2_Vegas_img4249,AOI_2_Vegas,AOI_2_Vegas:-11520:3618,test,owlvit,blur_resize,fixed,3.6,0.5,0,0,1,1,0.0,owlvit
AOI_2_Vegas_img4249,AOI_2_Vegas,AOI_2_Vegas:-11520:3618,test,owlvit,blur_resize,fixed,5.0,0.5,0,0,1,0,0.0,owlvit
AOI_2_Vegas_img4249,AOI_2_Vegas,AOI_2_Vegas:-11520:3618,test,owlvit,blur_resize,fixed,10.0,0.5,0,0,1,0,0.0,owlvit
AOI_2_Vegas_img4264,AOI_2_Vegas,AOI_2_Vegas:-11520:3620,test,owlvit,blur_resize,fixed,0.3,0.5,0,26,7,23,0.0,owlvit
AOI_2_Vegas_img4264,AOI_2_Vegas,AOI_2_Vegas:-11520:3620,test,owlvit,blur_resize,fixed,0.45,0.5,0,21,7,20,0.0,owlvit
AOI_2_Vegas_img4264,AOI_2_Vegas,AOI_2_Vegas:-11520:3620,test,owlvit,blur_resize,fixed,0.6,0.5,0,17,7,18,0.0,owlvit
AOI_2_Vegas_img4264,AOI_2_Vegas,AOI_2_Vegas:-11520:3620,test,owlvit,blur_resize,fixed,0.9,0.5,0,9,7,22,0.0,owlvit
AOI_2_Vegas_img4264,AOI_2_Vegas,AOI_2_Vegas:-11520:3620,test,owlvit,blur_resize,fixed,1.2,0.5,0,4,7,22,0.0,owlvit
AOI_2_Vegas_img4264,AOI_2_Vegas,AOI_2_Vegas:-11520:3620,test,owlvit,blur_resize,fixed,1.8,0.5,0,7,7,24,0.0,owlvit
AOI_2_Vegas_img4264,AOI_2_Vegas,AOI_2_Vegas:-11520:3620,test,owlvit,blur_resize,fixed,2.4,0.5,0,7,7,29,0.0,owlvit
AOI_2_Vegas_img4264,AOI_2_Vegas,AOI_2_Vegas:-11520:3620,test,owlvit,blur_resize,fixed,3.6,0.5,0,0,7,0,0.0,owlvit
AOI_2_Vegas_img4264,AOI_2_Vegas,AOI_2_Vegas:-11520:3620,test,owlvit,blur_resize,fixed,5.0,0.5,0,0,7,0,0.0,owlvit
AOI_2_Vegas_img4264,AOI_2_Vegas,AOI_2_Vegas:-11520:3620,test,owlvit,blur_resize,fixed,10.0,0.5,0,0,7,0,0.0,owlvit
AOI_2_Vegas_img4266,AOI_2_Vegas,AOI_2_Vegas:-11520:3621,test,owlvit,blur_resize,fixed,0.3,0.5,0,2,0,15,0.0,owlvit
AOI_2_Vegas_img4266,AOI_2_Vegas,AOI_2_Vegas:-11520:3621,test,owlvit,blur_resize,fixed,0.45,0.5,0,2,0,16,0.0,owlvit
AOI_2_Vegas_img4266,AOI_2_Vegas,AOI_2_Vegas:-11520:3621,test,owlvit,blur_resize,fixed,0.6,0.5,0,2,0,11,0.0,owlvit
AOI_2_Vegas_img4266,AOI_2_Vegas,AOI_2_Vegas:-11520:3621,test,owlvit,blur_resize,fixed,0.9,0.5,0,1,0,6,0.0,owlvit
AOI_2_Vegas_img4266,AOI_2_Vegas,AOI_2_Vegas:-11520:3621,test,owlvit,blur_resize,fixed,1.2,0.5,0,0,0,2,0.0,owlvit
AOI_2_Vegas_img4266,AOI_2_Vegas,AOI_2_Vegas:-11520:3621,test,owlvit,blur_resize,fixed,1.8,0.5,0,0,0,2,0.0,owlvit
AOI_2_Vegas_img4266,AOI_2_Vegas,AOI_2_Vegas:-11520:3621,test,owlvit,blur_resize,fixed,2.4,0.5,0,4,0,37,0.0,owlvit
AOI_2_Vegas_img4266,AOI_2_Vegas,AOI_2_Vegas:-11520:3621,test,owlvit,blur_resize,fixed,3.6,0.5,0,1,0,18,0.0,owlvit
AOI_2_Vegas_img4266,AOI_2_Vegas,AOI_2_Vegas:-11520:3621,test,owlvit,blur_resize,fixed,5.0,0.5,0,0,0,1,0.0,owlvit
AOI_2_Vegas_img4266,AOI_2_Vegas,AOI_2_Vegas:-11520:3621,test,owlvit,blur_resize,fixed,10.0,0.5,0,0,0,1,0.0,owlvit
AOI_2_Vegas_img4279,AOI_2_Vegas,AOI_2_Vegas:-11520:3623,test,owlvit,blur_resize,fixed,0.3,0.5,19,104,58,35,2.7,owlvit
AOI_2_Vegas_img4279,AOI_2_Vegas,AOI_2_Vegas:-11520:3623,test,owlvit,blur_resize,fixed,0.45,0.5,14,97,58,28,2.7,owlvit
AOI_2_Vegas_img4279,AOI_2_Vegas,AOI_2_Vegas:-11520:3623,test,owlvit,blur_resize,fixed,0.6,0.5,14,81,58,26,2.05,owlvit
AOI_2_Vegas_img4279,AOI_2_Vegas,AOI_2_Vegas:-11520:3623,test,owlvit,blur_resize,fixed,0.9,0.5,11,55,58,25,1.8,owlvit
AOI_2_Vegas_img4279,AOI_2_Vegas,AOI_2_Vegas:-11520:3623,test,owlvit,blur_resize,fixed,1.2,0.5,11,34,58,23,1.25,owlvit
AOI_2_Vegas_img4279,AOI_2_Vegas,AOI_2_Vegas:-11520:3623,test,owlvit,blur_resize,fixed,1.8,0.5,0,0,58,4,0.0,owlvit
AOI_2_Vegas_img4279,AOI_2_Vegas,AOI_2_Vegas:-11520:3623,test,owlvit,blur_resize,fixed,2.4,0.5,0,0,58,5,0.0,owlvit
AOI_2_Vegas_img4279,AOI_2_Vegas,AOI_2_Vegas:-11520:3623,test,owlvit,blur_resize,fixed,3.6,0.5,0,0,58,6,0.0,owlvit
AOI_2_Vegas_img4279,AOI_2_Vegas,AOI_2_Vegas:-11520:3623,test,owlvit,blur_resize,fixed,5.0,0.5,0,0,58,4,0.0,owlvit
AOI_2_Vegas_img4279,AOI_2_Vegas,AOI_2_Vegas:-11520:3623,test,owlvit,blur_resize,fixed,10.0,0.5,0,0,58,0,0.0,owlvit
AOI_2_Vegas_img4287,AOI_2_Vegas,AOI_2_Vegas:-11520:3625,test,owlvit,blur_resize,fixed,0.3,0.5,18,88,56,32,2.6,owlvit
AOI_2_Vegas_img4287,AOI_2_Vegas,AOI_2_Vegas:-11520:3625,test,owlvit,blur_resize,fixed,0.45,0.5,18,77,56,25,2.1,owlvit
AOI_2_Vegas_img4287,AOI_2_Vegas,AOI_2_Vegas:-11520:3625,test,owlvit,blur_resize,fixed,0.6,0.5,17,63,56,23,1.9,owlvit
AOI_2_Vegas_img4287,AOI_2_Vegas,AOI_2_Vegas:-11520:3625,test,owlvit,blur_resize,fixed,0.9,0.5,12,48,56,24,2.15,owlvit
AOI_2_Vegas_img4287,AOI_2_Vegas,AOI_2_Vegas:-11520:3625,test,owlvit,blur_resize,fixed,1.2,0.5,10,34,56,20,1.6,owlvit
AOI_2_Vegas_img4287,AOI_2_Vegas,AOI_2_Vegas:-11520:3625,test,owlvit,blur_resize,fixed,1.8,0.5,4,10,56,7,0.05,owlvit
AOI_2_Vegas_img4287,AOI_2_Vegas,AOI_2_Vegas:-11520:3625,test,owlvit,blur_resize,fixed,2.4,0.5,2,7,56,5,0.05,owlvit
AOI_2_Vegas_img4287,AOI_2_Vegas,AOI_2_Vegas:-11520:3625,test,owlvit,blur_resize,fixed,3.6,0.5,0,0,56,5,0.0,owlvit
AOI_2_Vegas_img4287,AOI_2_Vegas,AOI_2_Vegas:-11520:3625,test,owlvit,blur_resize,fixed,5.0,0.5,0,0,56,4,0.0,owlvit
AOI_2_Vegas_img4287,AOI_2_Vegas,AOI_2_Vegas:-11520:3625,test,owlvit,blur_resize,fixed,10.0,0.5,0,0,56,0,0.0,owlvit
AOI_2_Vegas_img4316,AOI_2_Vegas,AOI_2_Vegas:-11520:3616,test,owlvit,blur_resize,fixed,0.3,0.5,17,94,57,24,2.0,owlvit
AOI_2_Vegas_img4316,AOI_2_Vegas,AOI_2_Vegas:-11520:3616,test,owlvit,blur_resize,fixed,0.45,0.5,19,84,57,26,1.5,owlvit
AOI_2_Vegas_img4316,AOI_2_Vegas,AOI_2_Vegas:-11520:3616,test,owlvit,blur_resize,fixed,0.6,0.5,15,73,57,23,1.4,owlvit
AOI_2_Vegas_img4316,AOI_2_Vegas,AOI_2_Vegas:-11520:3616,test,owlvit,blur_resize,fixed,0.9,0.5,11,57,57,25,1.1,owlvit
AOI_2_Vegas_img4316,AOI_2_Vegas,AOI_2_Vegas:-11520:3616,test,owlvit,blur_resize,fixed,1.2,0.5,8,42,57,18,0.8,owlvit
AOI_2_Vegas_img4316,AOI_2_Vegas,AOI_2_Vegas:-11520:3616,test,owlvit,blur_resize,fixed,1.8,0.5,1,9,57,7,0.1,owlvit
AOI_2_Vegas_img4316,AOI_2_Vegas,AOI_2_Vegas:-11520:3616,test,owlvit,blur_resize,fixed,2.4,0.5,0,1,57,4,0.0,owlvit
AOI_2_Vegas_img4316,AOI_2_Vegas,AOI_2_Vegas:-11520:3616,test,owlvit,blur_resize,fixed,3.6,0.5,0,0,57,3,0.0,owlvit
AOI_2_Vegas_img4316,AOI_2_Vegas,AOI_2_Vegas:-11520:3616,test,owlvit,blur_resize,fixed,5.0,0.5,0,0,57,5,0.0,owlvit
AOI_2_Vegas_img4316,AOI_2_Vegas,AOI_2_Vegas:-11520:3616,test,owlvit,blur_resize,fixed,10.0,0.5,0,0,57,0,0.0,owlvit
AOI_2_Vegas_img4325,AOI_2_Vegas,AOI_2_Vegas:-11520:3617,test,owlvit,blur_resize,fixed,0.3,0.5,12,64,57,28,1.8,owlvit
AOI_2_Vegas_img4325,AOI_2_Vegas,AOI_2_Vegas:-11520:3617,test,owlvit,blur_resize,fixed,0.45,0.5,14,58,57,24,1.6,owlvit
AOI_2_Vegas_img4325,AOI_2_Vegas,AOI_2_Vegas:-11520:3617,test,owlvit,blur_resize,fixed,0.6,0.5,12,51,57,24,1.4,owlvit
AOI_2_Vegas_img4325,AOI_2_Vegas,AOI_2_Vegas:-11520:3617,test,owlvit,blur_resize,fixed,0.9,0.5,7,44,57,21,1.5,owlvit
AOI_2_Vegas_img4325,AOI_2_Vegas,AOI_2_Vegas:-11520:3617,test,owlvit,blur_resize,fixed,1.2,0.5,4,38,57,19,0.7,owlvit
AOI_2_Vegas_img4325,AOI_2_Vegas,AOI_2_Vegas:-11520:3617,test,owlvit,blur_resize,fixed,1.8,0.5,2,13,57,23,0.7,owlvit
AOI_2_Vegas_img4325,AOI_2_Vegas,AOI_2_Vegas:-11520:3617,test,owlvit,blur_resize,fixed,2.4,0.5,1,3,57,14,0.0,owlvit
AOI_2_Vegas_img4325,AOI_2_Vegas,AOI_2_Vegas:-11520:3617,test,owlvit,blur_resize,fixed,3.6,0.5,0,0,57,4,0.0,owlvit
AOI_2_Vegas_img4325,AOI_2_Vegas,AOI_2_Vegas:-11520:3617,test,owlvit,blur_resize,fixed,5.0,0.5,0,0,57,1,0.0,owlvit
AOI_2_Vegas_img4325,AOI_2_Vegas,AOI_2_Vegas:-11520:3617,test,owlvit,blur_resize,fixed,10.0,0.5,0,0,57,0,0.0,owlvit
AOI_2_Vegas_img4329,AOI_2_Vegas,AOI_2_Vegas:-11520:3618,test,owlvit,blur_resize,fixed,0.3,0.5,0,0,0,0,0.0,owlvit
AOI_2_Vegas_img4329,AOI_2_Vegas,AOI_2_Vegas:-11520:3618,test,owlvit,blur_resize,fixed,0.45,0.5,0,0,0,0,0.0,owlvit
AOI_2_Vegas_img4329,AOI_2_Vegas,AOI_2_Vegas:-11520:3618,test,owlvit,blur_resize,fixed,0.6,0.5,0,0,0,0,0.0,owlvit
AOI_2_Vegas_img4329,AOI_2_Vegas,AOI_2_Vegas:-11520:3618,test,owlvit,blur_resize,fixed,0.9,0.5,0,0,0,0,0.0,owlvit
AOI_2_Vegas_img4329,AOI_2_Vegas,AOI_2_Vegas:-11520:3618,test,owlvit,blur_resize,fixed,1.2,0.5,0,0,0,0,0.0,owlvit
AOI_2_Vegas_img4329,AOI_2_Vegas,AOI_2_Vegas:-11520:3618,test,owlvit,blur_resize,fixed,1.8,0.5,0,0,0,0,0.0,owlvit
AOI_2_Vegas_img4329,AOI_2_Vegas,AOI_2_Vegas:-11520:3618,test,owlvit,blur_resize,fixed,2.4,0.5,0,0,0,0,0.0,owlvit
AOI_2_Vegas_img4329,AOI_2_Vegas,AOI_2_Vegas:-11520:3618,test,owlvit,blur_resize,fixed,3.6,0.5,0,0,0,0,0.0,owlvit
AOI_2_Vegas_img4329,AOI_2_Vegas,AOI_2_Vegas:-11520:3618,test,owlvit,blur_resize,fixed,5.0,0.5,0,0,0,0,0.0,owlvit
AOI_2_Vegas_img4329,AOI_2_Vegas,AOI_2_Vegas:-11520:3618,test,owlvit,blur_resize,fixed,10.0,0.5,0,0,0,0,0.0,owlvit
AOI_2_Vegas_img4331,AOI_2_Vegas,AOI_2_Vegas:-11520:3618,test,owlvit,blur_resize,fixed,0.3,0.5,6,27,23,36,0.25,owlvit
AOI_2_Vegas_img4331,AOI_2_Vegas,AOI_2_Vegas:-11520:3618,test,owlvit,blur_resize,fixed,0.45,0.5,6,27,23,35,0.35,owlvit
AOI_2_Vegas_img4331,AOI_2_Vegas,AOI_2_Vegas:-11520:3618,test,owlvit,blur_resize,fixed,0.6,0.5,6,21,23,38,0.25,owlvit
AOI_2_Vegas_img4331,AOI_2_Vegas,AOI_2_Vegas:-11520:3618,test,owlvit,blur_resize,fixed,0.9,0.5,4,16,23,33,0.25,owlvit
AOI_2_Vegas_img4331,AOI_2_Vegas,AOI_2_Vegas:-11520:3618,test,owlvit,blur_resize,fixed,1.2,0.5,4,15,23,39,0.15,owlvit
AOI_2_Vegas_img4331,AOI_2_Vegas,AOI_2_Vegas:-11520:3618,test,owlvit,blur_resize,fixed,1.8,0.5,4,5,23,19,0.1,owlvit
AOI_2_Vegas_img4331,AOI_2_Vegas,AOI_2_Vegas:-11520:3618,test,owlvit,blur_resize,fixed,2.4,0.5,1,1,23,6,0.0,owlvit
AOI_2_Vegas_img4331,AOI_2_Vegas,AOI_2_Vegas:-11520:3618,test,owlvit,blur_resize,fixed,3.6,0.5,0,0,23,3,0.0,owlvit
AOI_2_Vegas_img4331,AOI_2_Vegas,AOI_2_Vegas:-11520:3618,test,owlvit,blur_resize,fixed,5.0,0.5,0,0,23,3,0.0,owlvit
AOI_2_Vegas_img4331,AOI_2_Vegas,AOI_2_Vegas:-11520:3618,test,owlvit,blur_resize,fixed,10.0,0.5,0,0,23,0,0.0,owlvit
AOI_2_Vegas_img4337,AOI_2_Vegas,AOI_2_Vegas:-11520:3619,test,owlvit,blur_resize,fixed,0.3,0.5,7,69,25,61,0.45,owlvit
AOI_2_Vegas_img4337,AOI_2_Vegas,AOI_2_Vegas:-11520:3619,test,owlvit,blur_resize,fixed,0.45,0.5,6,73,25,53,0.3,owlvit
AOI_2_Vegas_img4337,AOI_2_Vegas,AOI_2_Vegas:-11520:3619,test,owlvit,blur_resize,fixed,0.6,0.5,6,64,25,51,0.45,owlvit
AOI_2_Vegas_img4337,AOI_2_Vegas,AOI_2_Vegas:-11520:3619,test,owlvit,blur_resize,fixed,0.9,0.5,6,52,25,51,0.25,owlvit
AOI_2_Vegas_img4337,AOI_2_Vegas,AOI_2_Vegas:-11520:3619,test,owlvit,blur_resize,fixed,1.2,0.5,5,45,25,51,0.2,owlvit
AOI_2_Vegas_img4337,AOI_2_Vegas,AOI_2_Vegas:-11520:3619,test,owlvit,blur_resize,fixed,1.8,0.5,3,27,25,47,0.05,owlvit
AOI_2_Vegas_img4337,AOI_2_Vegas,AOI_2_Vegas:-11520:3619,test,owlvit,blur_resize,fixed,2.4,0.5,2,14,25,42,0.0,owlvit
AOI_2_Vegas_img4337,AOI_2_Vegas,AOI_2_Vegas:-11520:3619,test,owlvit,blur_resize,fixed,3.6,0.5,0,1,25,5,0.1,owlvit
AOI_2_Vegas_img4337,AOI_2_Vegas,AOI_2_Vegas:-11520:3619,test,owlvit,blur_resize,fixed,5.0,0.5,0,0,25,1,0.0,owlvit
AOI_2_Vegas_img4337,AOI_2_Vegas,AOI_2_Vegas:-11520:3619,test,owlvit,blur_resize,fixed,10.0,0.5,0,0,25,0,0.0,owlvit
AOI_2_Vegas_img4353,AOI_2_Vegas,AOI_2_Vegas:-11520:3622,test,owlvit,blur_resize,fixed,0.3,0.5,14,37,23,25,0.55,owlvit
AOI_2_Vegas_img4353,AOI_2_Vegas,AOI_2_Vegas:-11520:3622,test,owlvit,blur_resize,fixed,0.45,0.5,10,38,23,29,1.0,owlvit
AOI_2_Vegas_img4353,AOI_2_Vegas,AOI_2_Vegas:-11520:3622,test,owlvit,blur_resize,fixed,0.6,0.5,9,29,23,28,0.65,owlvit
AOI_2_Vegas_img4353,AOI_2_Vegas,AOI_2_Vegas:-11520:3622,test,owlvit,blur_resize,fixed,0.9,0.5,8,23,23,28,0.7,owlvit
AOI_2_Vegas_img4353,AOI_2_Vegas,AOI_2_Vegas:-11520:3622,test,owlvit,blur_resize,fixed,1.2,0.5,4,11,23,23,0.3,owlvit
AOI_2_Vegas_img4353,AOI_2_Vegas,AOI_2_Vegas:-11520:3622,test,owlvit,blur_resize,fixed,1.8,0.5,2,5,23,13,0.15,owlvit
AOI_2_Vegas_img4353,AOI_2_Vegas,AOI_2_Vegas:-11520:3622,test,owlvit,blur_resize,fixed,2.4,0.5,2,4,23,11,0.2,owlvit
AOI_2_Vegas_img4353,AOI_2_Vegas,AOI_2_Vegas:-11520:3622,test,owlvit,blur_resize,fixed,3.6,0.5,1,1,23,9,0.0,owlvit
AOI_2_Vegas_img4353,AOI_2_Vegas,AOI_2_Vegas:-11520:3622,test,owlvit,blur_resize,fixed,5.0,0.5,0,0,23,10,0.0,owlvit
AOI_2_Vegas_img4353,AOI_2_Vegas,AOI_2_Vegas:-11520:3622,test,owlvit,blur_resize,fixed,10.0,0.5,0,0,23,1,0.0,owlvit
AOI_2_Vegas_img4369,AOI_2_Vegas,AOI_2_Vegas:-11520:3625,test,owlvit,blur_resize,fixed,0.3,0.5,20,42,45,23,1.45,owlvit
AOI_2_Vegas_img4369,AOI_2_Vegas,AOI_2_Vegas:-11520:3625,test,owlvit,blur_resize,fixed,0.45,0.5,16,50,45,19,1.65,owlvit
AOI_2_Vegas_img4369,AOI_2_Vegas,AOI_2_Vegas:-11520:3625,test,owlvit,blur_resize,fixed,0.6,0.5,14,48,45,18,1.0,owlvit
AOI_2_Vegas_img4369,AOI_2_Vegas,AOI_2_Vegas:-11520:3625,test,owlvit,blur_resize,fixed,0.9,0.5,9,42,45,22,0.85,owlvit
AOI_2_Vegas_img4369,AOI_2_Vegas,AOI_2_Vegas:-11520:3625,test,owlvit,blur_resize,fixed,1.2,0.5,9,27,45,18,0.65,owlvit
AOI_2_Vegas_img4369,AOI_2_Vegas,AOI_2_Vegas:-11520:3625,test,owlvit,blur_resize,fixed,1.8,0.5,3,4,45,5,0.15,owlvit
AOI_2_Vegas_img4369,AOI_2_Vegas,AOI_2_Vegas:-11520:3625,test,owlvit,blur_resize,fixed,2.4,0.5,0,0,45,1,0.0,owlvit
AOI_2_Vegas_img4369,AOI_2_Vegas,AOI_2_Vegas:-11520:3625,test,owlvit,blur_resize,fixed,3.6,0.5,0,0,45,1,0.0,owlvit
AOI_2_Vegas_img4369,AOI_2_Vegas,AOI_2_Vegas:-11520:3625,test,owlvit,blur_resize,fixed,5.0,0.5,0,0,45,0,0.0,owlvit
AOI_2_Vegas_img4369,AOI_2_Vegas,AOI_2_Vegas:-11520:3625,test,owlvit,blur_resize,fixed,10.0,0.5,0,0,45,0,0.0,owlvit
AOI_2_Vegas_img4402,AOI_2_Vegas,AOI_2_Vegas:-11520:3617,test,owlvit,blur_resize,fixed,0.3,0.5,0,1,0,11,0.0,owlvit
AOI_2_Vegas_img4402,AOI_2_Vegas,AOI_2_Vegas:-11520:3617,test,owlvit,blur_resize,fixed,0.45,0.5,0,0,0,7,0.0,owlvit
AOI_2_Vegas_img4402,AOI_2_Vegas,AOI_2_Vegas:-11520:3617,test,owlvit,blur_resize,fixed,0.6,0.5,0,0,0,4,0.0,owlvit
AOI_2_Vegas_img4402,AOI_2_Vegas,AOI_2_Vegas:-11520:3617,test,owlvit,blur_resize,fixed,0.9,0.5,0,0,0,3,0.0,owlvit
AOI_2_Vegas_img4402,AOI_2_Vegas,AOI_2_Vegas:-11520:3617,test,owlvit,blur_resize,fixed,1.2,0.5,0,0,0,4,0.0,owlvit
AOI_2_Vegas_img4402,AOI_2_Vegas,AOI_2_Vegas:-11520:3617,test,owlvit,blur_resize,fixed,1.8,0.5,0,0,0,5,0.0,owlvit
AOI_2_Vegas_img4402,AOI_2_Vegas,AOI_2_Vegas:-11520:3617,test,owlvit,blur_resize,fixed,2.4,0.5,0,0,0,2,0.0,owlvit
AOI_2_Vegas_img4402,AOI_2_Vegas,AOI_2_Vegas:-11520:3617,test,owlvit,blur_resize,fixed,3.6,0.5,0,0,0,2,0.0,owlvit
AOI_2_Vegas_img4402,AOI_2_Vegas,AOI_2_Vegas:-11520:3617,test,owlvit,blur_resize,fixed,5.0,0.5,0,0,0,4,0.0,owlvit
AOI_2_Vegas_img4402,AOI_2_Vegas,AOI_2_Vegas:-11520:3617,test,owlvit,blur_resize,fixed,10.0,0.5,0,0,0,0,0.0,owlvit
AOI_2_Vegas_img4447,AOI_2_Vegas,AOI_2_Vegas:-11520:3625,test,owlvit,blur_resize,fixed,0.3,0.5,5,21,15,42,0.2,owlvit
AOI_2_Vegas_img4447,AOI_2_Vegas,AOI_2_Vegas:-11520:3625,test,owlvit,blur_resize,fixed,0.45,0.5,3,12,15,42,0.1,owlvit
AOI_2_Vegas_img4447,AOI_2_Vegas,AOI_2_Vegas:-11520:3625,test,owlvit,blur_resize,fixed,0.6,0.5,3,12,15,40,0.05,owlvit
AOI_2_Vegas_img4447,AOI_2_Vegas,AOI_2_Vegas:-11520:3625,test,owlvit,blur_resize,fixed,0.9,0.5,2,7,15,37,0.1,owlvit
AOI_2_Vegas_img4447,AOI_2_Vegas,AOI_2_Vegas:-11520:3625,test,owlvit,blur_resize,fixed,1.2,0.5,3,6,15,38,0.1,owlvit
AOI_2_Vegas_img4447,AOI_2_Vegas,AOI_2_Vegas:-11520:3625,test,owlvit,blur_resize,fixed,1.8,0.5,0,0,15,26,0.0,owlvit
AOI_2_Vegas_img4447,AOI_2_Vegas,AOI_2_Vegas:-11520:3625,test,owlvit,blur_resize,fixed,2.4,0.5,0,0,15,9,0.0,owlvit
AOI_2_Vegas_img4447,AOI_2_Vegas,AOI_2_Vegas:-11520:3625,test,owlvit,blur_resize,fixed,3.6,0.5,0,0,15,1,0.0,owlvit
AOI_2_Vegas_img4447,AOI_2_Vegas,AOI_2_Vegas:-11520:3625,test,owlvit,blur_resize,fixed,5.0,0.5,0,0,15,1,0.0,owlvit
AOI_2_Vegas_img4447,AOI_2_Vegas,AOI_2_Vegas:-11520:3625,test,owlvit,blur_resize,fixed,10.0,0.5,0,0,15,1,0.0,owlvit
AOI_2_Vegas_img4468,AOI_2_Vegas,AOI_2_Vegas:-11520:3615,test,owlvit,blur_resize,fixed,0.3,0.5,14,62,28,29,0.8,owlvit
AOI_2_Vegas_img4468,AOI_2_Vegas,AOI_2_Vegas:-11520:3615,test,owlvit,blur_resize,fixed,0.45,0.5,16,56,28,33,1.55,owlvit
AOI_2_Vegas_img4468,AOI_2_Vegas,AOI_2_Vegas:-11520:3615,test,owlvit,blur_resize,fixed,0.6,0.5,16,59,28,27,1.55,owlvit
AOI_2_Vegas_img4468,AOI_2_Vegas,AOI_2_Vegas:-11520:3615,test,owlvit,blur_resize,fixed,0.9,0.5,12,44,28,28,1.2,owlvit
AOI_2_Vegas_img4468,AOI_2_Vegas,AOI_2_Vegas:-11520:3615,test,owlvit,blur_resize,fixed,1.2,0.5,14,34,28,28,0.95,owlvit
AOI_2_Vegas_img4468,AOI_2_Vegas,AOI_2_Vegas:-11520:3615,test,owlvit,blur_resize,fixed,1.8,0.5,6,8,28,19,0.15,owlvit
AOI_2_Vegas_img4468,AOI_2_Vegas,AOI_2_Vegas:-11520:3615,test,owlvit,blur_resize,fixed,2.4,0.5,0,1,28,6,0.0,owlvit
AOI_2_Vegas_img4468,AOI_2_Vegas,AOI_2_Vegas:-11520:3615,test,owlvit,blur_resize,fixed,3.6,0.5,0,0,28,4,0.0,owlvit
AOI_2_Vegas_img4468,AOI_2_Vegas,AOI_2_Vegas:-11520:3615,test,owlvit,blur_resize,fixed,5.0,0.5,0,0,28,5,0.0,owlvit
AOI_2_Vegas_img4468,AOI_2_Vegas,AOI_2_Vegas:-11520:3615,test,owlvit,blur_resize,fixed,10.0,0.5,0,0,28,0,0.0,owlvit
AOI_2_Vegas_img4470,AOI_2_Vegas,AOI_2_Vegas:-11520:3615,test,owlvit,blur_resize,fixed,0.3,0.5,4,43,20,57,0.2,owlvit
AOI_2_Vegas_img4470,AOI_2_Vegas,AOI_2_Vegas:-11520:3615,test,owlvit,blur_resize,fixed,0.45,0.5,2,44,20,53,0.2,owlvit
AOI_2_Vegas_img4470,AOI_2_Vegas,AOI_2_Vegas:-11520:3615,test,owlvit,blur_resize,fixed,0.6,0.5,1,34,20,56,0.1,owlvit
AOI_2_Vegas_img4470,AOI_2_Vegas,AOI_2_Vegas:-11520:3615,test,owlvit,blur_resize,fixed,0.9,0.5,3,32,20,50,0.1,owlvit
AOI_2_Vegas_img4470,AOI_2_Vegas,AOI_2_Vegas:-11520:3615,test,owlvit,blur_resize,fixed,1.2,0.5,3,17,20,52,0.15,owlvit
AOI_2_Vegas_img4470,AOI_2_Vegas,AOI_2_Vegas:-11520:3615,test,owlvit,blur_resize,fixed,1.8,0.5,0,1,20,31,0.0,owlvit
AOI_2_Vegas_img4470,AOI_2_Vegas,AOI_2_Vegas:-11520:3615,test,owlvit,blur_resize,fixed,2.4,0.5,0,0,20,15,0.0,owlvit
AOI_2_Vegas_img4470,AOI_2_Vegas,AOI_2_Vegas:-11520:3615,test,owlvit,blur_resize,fixed,3.6,0.5,0,0,20,2,0.0,owlvit
AOI_2_Vegas_img4470,AOI_2_Vegas,AOI_2_Vegas:-11520:3615,test,owlvit,blur_resize,fixed,5.0,0.5,0,0,20,4,0.0,owlvit
AOI_2_Vegas_img4470,AOI_2_Vegas,AOI_2_Vegas:-11520:3615,test,owlvit,blur_resize,fixed,10.0,0.5,0,0,20,0,0.0,owlvit
AOI_2_Vegas_img4479,AOI_2_Vegas,AOI_2_Vegas:-11520:3617,test,owlvit,blur_resize,fixed,0.3,0.5,0,36,3,30,0.0,owlvit
AOI_2_Vegas_img4479,AOI_2_Vegas,AOI_2_Vegas:-11520:3617,test,owlvit,blur_resize,fixed,0.45,0.5,0,23,3,27,0.05,owlvit
AOI_2_Vegas_img4479,AOI_2_Vegas,AOI_2_Vegas:-11520:3617,test,owlvit,blur_resize,fixed,0.6,0.5,0,16,3,30,0.05,owlvit
AOI_2_Vegas_img4479,AOI_2_Vegas,AOI_2_Vegas:-11520:3617,test,owlvit,blur_resize,fixed,0.9,0.5,1,13,3,26,0.0,owlvit
AOI_2_Vegas_img4479,AOI_2_Vegas,AOI_2_Vegas:-11520:3617,test,owlvit,blur_resize,fixed,1.2,0.5,1,11,3,29,0.0,owlvit
AOI_2_Vegas_img4479,AOI_2_Vegas,AOI_2_Vegas:-11520:3617,test,owlvit,blur_resize,fixed,1.8,0.5,0,0,3,16,0.0,owlvit
AOI_2_Vegas_img4479,AOI_2_Vegas,AOI_2_Vegas:-11520:3617,test,owlvit,blur_resize,fixed,2.4,0.5,0,0,3,8,0.0,owlvit
AOI_2_Vegas_img4479,AOI_2_Vegas,AOI_2_Vegas:-11520:3617,test,owlvit,blur_resize,fixed,3.6,0.5,0,0,3,1,0.0,owlvit
AOI_2_Vegas_img4479,AOI_2_Vegas,AOI_2_Vegas:-11520:3617,test,owlvit,blur_resize,fixed,5.0,0.5,0,0,3,1,0.0,owlvit
AOI_2_Vegas_img4479,AOI_2_Vegas,AOI_2_Vegas:-11520:3617,test,owlvit,blur_resize,fixed,10.0,0.5,0,0,3,0,0.0,owlvit
AOI_2_Vegas_img4488,AOI_2_Vegas,AOI_2_Vegas:-11520:3618,test,owlvit,blur_resize,fixed,0.3,0.5,0,0,0,0,0.0,owlvit
AOI_2_Vegas_img4488,AOI_2_Vegas,AOI_2_Vegas:-11520:3618,test,owlvit,blur_resize,fixed,0.45,0.5,0,0,0,0,0.0,owlvit
AOI_2_Vegas_img4488,AOI_2_Vegas,AOI_2_Vegas:-11520:3618,test,owlvit,blur_resize,fixed,0.6,0.5,0,0,0,0,0.0,owlvit
AOI_2_Vegas_img4488,AOI_2_Vegas,AOI_2_Vegas:-11520:3618,test,owlvit,blur_resize,fixed,0.9,0.5,0,0,0,0,0.0,owlvit
AOI_2_Vegas_img4488,AOI_2_Vegas,AOI_2_Vegas:-11520:3618,test,owlvit,blur_resize,fixed,1.2,0.5,0,0,0,0,0.0,owlvit
AOI_2_Vegas_img4488,AOI_2_Vegas,AOI_2_Vegas:-11520:3618,test,owlvit,blur_resize,fixed,1.8,0.5,0,0,0,0,0.0,owlvit
AOI_2_Vegas_img4488,AOI_2_Vegas,AOI_2_Vegas:-11520:3618,test,owlvit,blur_resize,fixed,2.4,0.5,0,0,0,0,0.0,owlvit
AOI_2_Vegas_img4488,AOI_2_Vegas,AOI_2_Vegas:-11520:3618,test,owlvit,blur_resize,fixed,3.6,0.5,0,0,0,0,0.0,owlvit
AOI_2_Vegas_img4488,AOI_2_Vegas,AOI_2_Vegas:-11520:3618,test,owlvit,blur_resize,fixed,5.0,0.5,0,0,0,0,0.0,owlvit
AOI_2_Vegas_img4488,AOI_2_Vegas,AOI_2_Vegas:-11520:3618,test,owlvit,blur_resize,fixed,10.0,0.5,0,0,0,0,0.0,owlvit
AOI_2_Vegas_img4518,AOI_2_Vegas,AOI_2_Vegas:-11520:3623,test,owlvit,blur_resize,fixed,0.3,0.5,2,9,12,32,0.1,owlvit
AOI_2_Vegas_img4518,AOI_2_Vegas,AOI_2_Vegas:-11520:3623,test,owlvit,blur_resize,fixed,0.45,0.5,3,8,12,29,0.2,owlvit
AOI_2_Vegas_img4518,AOI_2_Vegas,AOI_2_Vegas:-11520:3623,test,owlvit,blur_resize,fixed,0.6,0.5,3,7,12,21,0.15,owlvit
AOI_2_Vegas_img4518,AOI_2_Vegas,AOI_2_Vegas:-11520:3623,test,owlvit,blur_resize,fixed,0.9,0.5,5,9,12,16,0.1,owlvit
AOI_2_Vegas_img4518,AOI_2_Vegas,AOI_2_Vegas:-11520:3623,test,owlvit,blur_resize,fixed,1.2,0.5,6,8,12,15,0.25,owlvit
AOI_2_Vegas_img4518,AOI_2_Vegas,AOI_2_Vegas:-11520:3623,test,owlvit,blur_resize,fixed,1.8,0.5,6,7,12,17,0.0,owlvit
AOI_2_Vegas_img4518,AOI_2_Vegas,AOI_2_Vegas:-11520:3623,test,owlvit,blur_resize,fixed,2.4,0.5,5,6,12,18,0.2,owlvit
AOI_2_Vegas_img4518,AOI_2_Vegas,AOI_2_Vegas:-11520:3623,test,owlvit,blur_resize,fixed,3.6,0.5,0,0,12,7,0.0,owlvit
AOI_2_Vegas_img4518,AOI_2_Vegas,AOI_2_Vegas:-11520:3623,test,owlvit,blur_resize,fixed,5.0,0.5,0,0,12,7,0.0,owlvit
AOI_2_Vegas_img4518,AOI_2_Vegas,AOI_2_Vegas:-11520:3623,test,owlvit,blur_resize,fixed,10.0,0.5,0,0,12,0,0.0,owlvit
AOI_2_Vegas_img4554,AOI_2_Vegas,AOI_2_Vegas:-11520:3616,test,owlvit,blur_resize,fixed,0.3,0.5,7,45,22,35,0.5,owlvit
AOI_2_Vegas_img4554,AOI_2_Vegas,AOI_2_Vegas:-11520:3616,test,owlvit,blur_resize,fixed,0.45,0.5,7,38,22,40,0.45,owlvit
AOI_2_Vegas_img4554,AOI_2_Vegas,AOI_2_Vegas:-11520:3616,test,owlvit,blur_resize,fixed,0.6,0.5,7,32,22,38,0.2,owlvit
AOI_2_Vegas_img4554,AOI_2_Vegas,AOI_2_Vegas:-11520:3616,test,owlvit,blur_resize,fixed,0.9,0.5,6,22,22,33,0.25,owlvit
AOI_2_Vegas_img4554,AOI_2_Vegas,AOI_2_Vegas:-11520:3616,test,owlvit,blur_resize,fixed,1.2,0.5,6,11,22,21,0.15,owlvit
AOI_2_Vegas_img4554,AOI_2_Vegas,AOI_2_Vegas:-11520:3616,test,owlvit,blur_resize,fixed,1.8,0.5,0,0,22,15,0.0,owlvit
AOI_2_Vegas_img4554,AOI_2_Vegas,AOI_2_Vegas:-11520:3616,test,owlvit,blur_resize,fixed,2.4,0.5,0,0,22,9,0.0,owlvit
AOI_2_Vegas_img4554,AOI_2_Vegas,AOI_2_Vegas:-11520:3616,test,owlvit,blur_resize,fixed,3.6,0.5,0,0,22,2,0.0,owlvit
AOI_2_Vegas_img4554,AOI_2_Vegas,AOI_2_Vegas:-11520:3616,test,owlvit,blur_resize,fixed,5.0,0.5,0,0,22,0,0.0,owlvit
AOI_2_Vegas_img4554,AOI_2_Vegas,AOI_2_Vegas:-11520:3616,test,owlvit,blur_resize,fixed,10.0,0.5,0,0,22,0,0.0,owlvit
AOI_2_Vegas_img4562,AOI_2_Vegas,AOI_2_Vegas:-11520:3617,test,owlvit,blur_resize,fixed,0.3,0.5,26,132,46,44,3.3,owlvit
AOI_2_Vegas_img4562,AOI_2_Vegas,AOI_2_Vegas:-11520:3617,test,owlvit,blur_resize,fixed,0.45,0.5,22,87,46,40,3.15,owlvit
AOI_2_Vegas_img4562,AOI_2_Vegas,AOI_2_Vegas:-11520:3617,test,owlvit,blur_resize,fixed,0.6,0.5,20,52,46,37,1.85,owlvit
AOI_2_Vegas_img4562,AOI_2_Vegas,AOI_2_Vegas:-11520:3617,test,owlvit,blur_resize,fixed,0.9,0.5,21,36,46,21,1.8,owlvit
AOI_2_Vegas_img4562,AOI_2_Vegas,AOI_2_Vegas:-11520:3617,test,owlvit,blur_resize,fixed,1.2,0.5,16,24,46,17,1.2,owlvit
AOI_2_Vegas_img4562,AOI_2_Vegas,AOI_2_Vegas:-11520:3617,test,owlvit,blur_resize,fixed,1.8,0.5,0,1,46,7,0.0,owlvit
AOI_2_Vegas_img4562,AOI_2_Vegas,AOI_2_Vegas:-11520:3617,test,owlvit,blur_resize,fixed,2.4,0.5,0,1,46,7,0.0,owlvit
AOI_2_Vegas_img4562,AOI_2_Vegas,AOI_2_Vegas:-11520:3617,test,owlvit,blur_resize,fixed,3.6,0.5,0,0,46,3,0.0,owlvit
AOI_2_Vegas_img4562,AOI_2_Vegas,AOI_2_Vegas:-11520:3617,test,owlvit,blur_resize,fixed,5.0,0.5,0,0,46,3,0.0,owlvit
AOI_2_Vegas_img4562,AOI_2_Vegas,AOI_2_Vegas:-11520:3617,test,owlvit,blur_resize,fixed,10.0,0.5,0,0,46,1,0.0,owlvit
AOI_2_Vegas_img458,AOI_2_Vegas,AOI_2_Vegas:-11530:3613,test,owlvit,blur_resize,fixed,0.3,0.5,10,45,56,45,1.25,owlvit
AOI_2_Vegas_img458,AOI_2_Vegas,AOI_2_Vegas:-11530:3613,test,owlvit,blur_resize,fixed,0.45,0.5,8,29,56,43,0.35,owlvit
AOI_2_Vegas_img458,AOI_2_Vegas,AOI_2_Vegas:-11530:3613,test,owlvit,blur_resize,fixed,0.6,0.5,7,19,56,41,0.35,owlvit
AOI_2_Vegas_img458,AOI_2_Vegas,AOI_2_Vegas:-11530:3613,test,owlvit,blur_resize,fixed,0.9,0.5,4,18,56,42,0.25,owlvit
AOI_2_Vegas_img458,AOI_2_Vegas,AOI_2_Vegas:-11530:3613,test,owlvit,blur_resize,fixed,1.2,0.5,5,13,56,47,0.3,owlvit
AOI_2_Vegas_img458,AOI_2_Vegas,AOI_2_Vegas:-11530:3613,test,owlvit,blur_resize,fixed,1.8,0.5,0,0,56,16,0.0,owlvit
AOI_2_Vegas_img458,AOI_2_Vegas,AOI_2_Vegas:-11530:3613,test,owlvit,blur_resize,fixed,2.4,0.5,0,0,56,12,0.0,owlvit
AOI_2_Vegas_img458,AOI_2_Vegas,AOI_2_Vegas:-11530:3613,test,owlvit,blur_resize,fixed,3.6,0.5,0,0,56,8,0.0,owlvit
AOI_2_Vegas_img458,AOI_2_Vegas,AOI_2_Vegas:-11530:3613,test,owlvit,blur_resize,fixed,5.0,0.5,0,0,56,3,0.0,owlvit
AOI_2_Vegas_img458,AOI_2_Vegas,AOI_2_Vegas:-11530:3613,test,owlvit,blur_resize,fixed,10.0,0.5,0,0,56,0,0.0,owlvit
AOI_2_Vegas_img4582,AOI_2_Vegas,AOI_2_Vegas:-11520:3621,test,owlvit,blur_resize,fixed,0.3,0.5,0,0,0,1,0.0,owlvit
AOI_2_Vegas_img4582,AOI_2_Vegas,AOI_2_Vegas:-11520:3621,test,owlvit,blur_resize,fixed,0.45,0.5,0,0,0,2,0.0,owlvit
AOI_2_Vegas_img4582,AOI_2_Vegas,AOI_2_Vegas:-11520:3621,test,owlvit,blur_resize,fixed,0.6,0.5,0,0,0,1,0.0,owlvit
AOI_2_Vegas_img4582,AOI_2_Vegas,AOI_2_Vegas:-11520:3621,test,owlvit,blur_resize,fixed,0.9,0.5,0,0,0,1,0.0,owlvit
AOI_2_Vegas_img4582,AOI_2_Vegas,AOI_2_Vegas:-11520:3621,test,owlvit,blur_resize,fixed,1.2,0.5,0,0,0,1,0.0,owlvit
AOI_2_Vegas_img4582,AOI_2_Vegas,AOI_2_Vegas:-11520:3621,test,owlvit,blur_resize,fixed,1.8,0.5,0,0,0,0,0.0,owlvit
AOI_2_Vegas_img4582,AOI_2_Vegas,AOI_2_Vegas:-11520:3621,test,owlvit,blur_resize,fixed,2.4,0.5,0,0,0,0,0.0,owlvit
AOI_2_Vegas_img4582,AOI_2_Vegas,AOI_2_Vegas:-11520:3621,test,owlvit,blur_resize,fixed,3.6,0.5,0,0,0,0,0.0,owlvit
AOI_2_Vegas_img4582,AOI_2_Vegas,AOI_2_Vegas:-11520:3621,test,owlvit,blur_resize,fixed,5.0,0.5,0,0,0,0,0.0,owlvit
AOI_2_Vegas_img4582,AOI_2_Vegas,AOI_2_Vegas:-11520:3621,test,owlvit,blur_resize,fixed,10.0,0.5,0,0,0,0,0.0,owlvit
AOI_2_Vegas_img460,AOI_2_Vegas,AOI_2_Vegas:-11530:3613,test,owlvit,blur_resize,fixed,0.3,0.5,23,39,50,19,1.35,owlvit
AOI_2_Vegas_img460,AOI_2_Vegas,AOI_2_Vegas:-11530:3613,test,owlvit,blur_resize,fixed,0.45,0.5,26,43,50,18,1.7,owlvit
AOI_2_Vegas_img460,AOI_2_Vegas,AOI_2_Vegas:-11530:3613,test,owlvit,blur_resize,fixed,0.6,0.5,21,43,50,17,1.45,owlvit
AOI_2_Vegas_img460,AOI_2_Vegas,AOI_2_Vegas:-11530:3613,test,owlvit,blur_resize,fixed,0.9,0.5,23,39,50,18,1.4,owlvit
AOI_2_Vegas_img460,AOI_2_Vegas,AOI_2_Vegas:-11530:3613,test,owlvit,blur_resize,fixed,1.2,0.5,22,39,50,15,1.35,owlvit
AOI_2_Vegas_img460,AOI_2_Vegas,AOI_2_Vegas:-11530:3613,test,owlvit,blur_resize,fixed,1.8,0.5,11,16,50,9,0.6,owlvit
AOI_2_Vegas_img460,AOI_2_Vegas,AOI_2_Vegas:-11530:3613,test,owlvit,blur_resize,fixed,2.4,0.5,0,0,50,4,0.0,owlvit
AOI_2_Vegas_img460,AOI_2_Vegas,AOI_2_Vegas:-11530:3613,test,owlvit,blur_resize,fixed,3.6,0.5,0,0,50,2,0.0,owlvit
AOI_2_Vegas_img460,AOI_2_Vegas,AOI_2_Vegas:-11530:3613,test,owlvit,blur_resize,fixed,5.0,0.5,0,0,50,1,0.0,owlvit
AOI_2_Vegas_img460,AOI_2_Vegas,AOI_2_Vegas:-11530:3613,test,owlvit,blur_resize,fixed,10.0,0.5,0,0,50,0,0.0,owlvit
AOI_2_Vegas_img4614,AOI_2_Vegas,AOI_2_Vegas:-11520:3613,test,owlvit,blur_resize,fixed,0.3,0.5,2,13,8,48,0.15,owlvit
AOI_2_Vegas_img4614,AOI_2_Vegas,AOI_2_Vegas:-11520:3613,test,owlvit,blur_resize,fixed,0.45,0.5,2,4,8,42,0.0,owlvit
AOI_2_Vegas_img4614,AOI_2_Vegas,AOI_2_Vegas:-11520:3613,test,owlvit,blur_resize,fixed,0.6,0.5,0,2,8,28,0.0,owlvit
AOI_2_Vegas_img4614,AOI_2_Vegas,AOI_2_Vegas:-11520:3613,test,owlvit,blur_resize,fixed,0.9,0.5,0,0,8,17,0.0,owlvit
AOI_2_Vegas_img4614,AOI_2_Vegas,AOI_2_Vegas:-11520:3613,test,owlvit,blur_resize,fixed,1.2,0.5,0,0,8,4,0.0,owlvit
AOI_2_Vegas_img4614,AOI_2_Vegas,AOI_2_Vegas:-11520:3613,test,owlvit,blur_resize,fixed,1.8,0.5,0,0,8,3,0.0,owlvit
AOI_2_Vegas_img4614,AOI_2_Vegas,AOI_2_Vegas:-11520:3613,test,owlvit,blur_resize,fixed,2.4,0.5,0,0,8,6,0.0,owlvit
AOI_2_Vegas_img4614,AOI_2_Vegas,AOI_2_Vegas:-11520:3613,test,owlvit,blur_resize,fixed,3.6,0.5,0,0,8,31,0.0,owlvit
AOI_2_Vegas_img4614,AOI_2_Vegas,AOI_2_Vegas:-11520:3613,test,owlvit,blur_resize,fixed,5.0,0.5,0,0,8,14,0.0,owlvit
AOI_2_Vegas_img4614,AOI_2_Vegas,AOI_2_Vegas:-11520:3613,test,owlvit,blur_resize,fixed,10.0,0.5,0,0,8,3,0.0,owlvit
AOI_2_Vegas_img4684,AOI_2_Vegas,AOI_2_Vegas:-11520:3625,test,owlvit,blur_resize,fixed,0.3,0.5,2,21,8,49,0.0,owlvit
AOI_2_Vegas_img4684,AOI_2_Vegas,AOI_2_Vegas:-11520:3625,test,owlvit,blur_resize,fixed,0.45,0.5,1,10,8,34,0.0,owlvit
AOI_2_Vegas_img4684,AOI_2_Vegas,AOI_2_Vegas:-11520:3625,test,owlvit,blur_resize,fixed,0.6,0.5,1,7,8,22,0.0,owlvit
AOI_2_Vegas_img4684,AOI_2_Vegas,AOI_2_Vegas:-11520:3625,test,owlvit,blur_resize,fixed,0.9,0.5,0,0,8,15,0.0,owlvit
AOI_2_Vegas_img4684,AOI_2_Vegas,AOI_2_Vegas:-11520:3625,test,owlvit,blur_resize,fixed,1.2,0.5,0,0,8,16,0.0,owlvit
AOI_2_Vegas_img4684,AOI_2_Vegas,AOI_2_Vegas:-11520:3625,test,owlvit,blur_resize,fixed,1.8,0.5,0,0,8,12,0.0,owlvit
AOI_2_Vegas_img4684,AOI_2_Vegas,AOI_2_Vegas:-11520:3625,test,owlvit,blur_resize,fixed,2.4,0.5,0,0,8,14,0.0,owlvit
AOI_2_Vegas_img4684,AOI_2_Vegas,AOI_2_Vegas:-11520:3625,test,owlvit,blur_resize,fixed,3.6,0.5,0,0,8,6,0.0,owlvit
AOI_2_Vegas_img4684,AOI_2_Vegas,AOI_2_Vegas:-11520:3625,test,owlvit,blur_resize,fixed,5.0,0.5,0,0,8,1,0.0,owlvit
AOI_2_Vegas_img4684,AOI_2_Vegas,AOI_2_Vegas:-11520:3625,test,owlvit,blur_resize,fixed,10.0,0.5,0,0,8,0,0.0,owlvit
AOI_2_Vegas_img4696,AOI_2_Vegas,AOI_2_Vegas:-11519:3613,test,owlvit,blur_resize,fixed,0.3,0.5,0,9,12,37,0.1,owlvit
AOI_2_Vegas_img4696,AOI_2_Vegas,AOI_2_Vegas:-11519:3613,test,owlvit,blur_resize,fixed,0.45,0.5,1,6,12,40,0.1,owlvit
AOI_2_Vegas_img4696,AOI_2_Vegas,AOI_2_Vegas:-11519:3613,test,owlvit,blur_resize,fixed,0.6,0.5,1,5,12,34,0.0,owlvit
AOI_2_Vegas_img4696,AOI_2_Vegas,AOI_2_Vegas:-11519:3613,test,owlvit,blur_resize,fixed,0.9,0.5,1,5,12,34,0.05,owlvit
AOI_2_Vegas_img4696,AOI_2_Vegas,AOI_2_Vegas:-11519:3613,test,owlvit,blur_resize,fixed,1.2,0.5,0,3,12,33,0.0,owlvit
AOI_2_Vegas_img4696,AOI_2_Vegas,AOI_2_Vegas:-11519:3613,test,owlvit,blur_resize,fixed,1.8,0.5,0,1,12,34,0.0,owlvit
AOI_2_Vegas_img4696,AOI_2_Vegas,AOI_2_Vegas:-11519:3613,test,owlvit,blur_resize,fixed,2.4,0.5,0,0,12,29,0.0,owlvit
AOI_2_Vegas_img4696,AOI_2_Vegas,AOI_2_Vegas:-11519:3613,test,owlvit,blur_resize,fixed,3.6,0.5,0,0,12,9,0.0,owlvit
AOI_2_Vegas_img4696,AOI_2_Vegas,AOI_2_Vegas:-11519:3613,test,owlvit,blur_resize,fixed,5.0,0.5,0,0,12,3,0.0,owlvit
AOI_2_Vegas_img4696,AOI_2_Vegas,AOI_2_Vegas:-11519:3613,test,owlvit,blur_resize,fixed,10.0,0.5,0,0,12,0,0.0,owlvit
AOI_2_Vegas_img4701,AOI_2_Vegas,AOI_2_Vegas:-11519:3614,test,owlvit,blur_resize,fixed,0.3,0.5,1,24,3,41,0.0,owlvit
AOI_2_Vegas_img4701,AOI_2_Vegas,AOI_2_Vegas:-11519:3614,test,owlvit,blur_resize,fixed,0.45,0.5,1,14,3,34,0.0,owlvit
AOI_2_Vegas_img4701,AOI_2_Vegas,AOI_2_Vegas:-11519:3614,test,owlvit,blur_resize,fixed,0.6,0.5,1,10,3,35,0.0,owlvit
AOI_2_Vegas_img4701,AOI_2_Vegas,AOI_2_Vegas:-11519:3614,test,owlvit,blur_resize,fixed,0.9,0.5,1,6,3,26,0.0,owlvit
AOI_2_Vegas_img4701,AOI_2_Vegas,AOI_2_Vegas:-11519:3614,test,owlvit,blur_resize,fixed,1.2,0.5,0,3,3,25,0.0,owlvit
AOI_2_Vegas_img4701,AOI_2_Vegas,AOI_2_Vegas:-11519:3614,test,owlvit,blur_resize,fixed,1.8,0.5,0,2,3,20,0.0,owlvit
AOI_2_Vegas_img4701,AOI_2_Vegas,AOI_2_Vegas:-11519:3614,test,owlvit,blur_resize,fixed,2.4,0.5,0,2,3,15,0.0,owlvit
AOI_2_Vegas_img4701,AOI_2_Vegas,AOI_2_Vegas:-11519:3614,test,owlvit,blur_resize,fixed,3.6,0.5,0,0,3,7,0.0,owlvit
AOI_2_Vegas_img4701,AOI_2_Vegas,AOI_2_Vegas:-11519:3614,test,owlvit,blur_resize,fixed,5.0,0.5,0,0,3,8,0.0,owlvit
AOI_2_Vegas_img4701,AOI_2_Vegas,AOI_2_Vegas:-11519:3614,test,owlvit,blur_resize,fixed,10.0,0.5,0,0,3,0,0.0,owlvit
AOI_2_Vegas_img4721,AOI_2_Vegas,AOI_2_Vegas:-11519:3618,test,owlvit,blur_resize,fixed,0.3,0.5,11,81,49,35,1.1,owlvit
AOI_2_Vegas_img4721,AOI_2_Vegas,AOI_2_Vegas:-11519:3618,test,owlvit,blur_resize,fixed,0.45,0.5,11,62,49,30,1.15,owlvit
AOI_2_Vegas_img4721,AOI_2_Vegas,AOI_2_Vegas:-11519:3618,test,owlvit,blur_resize,fixed,0.6,0.5,10,51,49,34,0.8,owlvit
AOI_2_Vegas_img4721,AOI_2_Vegas,AOI_2_Vegas:-11519:3618,test,owlvit,blur_resize,fixed,0.9,0.5,11,50,49,33,0.95,owlvit
AOI_2_Vegas_img4721,AOI_2_Vegas,AOI_2_Vegas:-11519:3618,test,owlvit,blur_resize,fixed,1.2,0.5,10,35,49,35,0.45,owlvit
AOI_2_Vegas_img4721,AOI_2_Vegas,AOI_2_Vegas:-11519:3618,test,owlvit,blur_resize,fixed,1.8,0.5,5,10,49,23,0.3,owlvit
AOI_2_Vegas_img4721,AOI_2_Vegas,AOI_2_Vegas:-11519:3618,test,owlvit,blur_resize,fixed,2.4,0.5,1,1,49,3,0.0,owlvit
AOI_2_Vegas_img4721,AOI_2_Vegas,AOI_2_Vegas:-11519:3618,test,owlvit,blur_resize,fixed,3.6,0.5,0,0,49,2,0.0,owlvit
AOI_2_Vegas_img4721,AOI_2_Vegas,AOI_2_Vegas:-11519:3618,test,owlvit,blur_resize,fixed,5.0,0.5,0,0,49,0,0.0,owlvit
AOI_2_Vegas_img4721,AOI_2_Vegas,AOI_2_Vegas:-11519:3618,test,owlvit,blur_resize,fixed,10.0,0.5,0,0,49,0,0.0,owlvit
AOI_2_Vegas_img4785,AOI_2_Vegas,AOI_2_Vegas:-11519:3615,test,owlvit,blur_resize,fixed,0.3,0.5,12,53,53,30,1.1,owlvit
AOI_2_Vegas_img4785,AOI_2_Vegas,AOI_2_Vegas:-11519:3615,test,owlvit,blur_resize,fixed,0.45,0.5,12,53,53,28,0.75,owlvit
AOI_2_Vegas_img4785,AOI_2_Vegas,AOI_2_Vegas:-11519:3615,test,owlvit,blur_resize,fixed,0.6,0.5,10,46,53,28,0.8,owlvit
AOI_2_Vegas_img4785,AOI_2_Vegas,AOI_2_Vegas:-11519:3615,test,owlvit,blur_resize,fixed,0.9,0.5,6,36,53,28,0.2,owlvit
AOI_2_Vegas_img4785,AOI_2_Vegas,AOI_2_Vegas:-11519:3615,test,owlvit,blur_resize,fixed,1.2,0.5,3,24,53,24,0.4,owlvit
AOI_2_Vegas_img4785,AOI_2_Vegas,AOI_2_Vegas:-11519:3615,test,owlvit,blur_resize,fixed,1.8,0.5,2,2,53,8,0.0,owlvit
AOI_2_Vegas_img4785,AOI_2_Vegas,AOI_2_Vegas:-11519:3615,test,owlvit,blur_resize,fixed,2.4,0.5,0,0,53,4,0.0,owlvit
AOI_2_Vegas_img4785,AOI_2_Vegas,AOI_2_Vegas:-11519:3615,test,owlvit,blur_resize,fixed,3.6,0.5,0,0,53,2,0.0,owlvit
AOI_2_Vegas_img4785,AOI_2_Vegas,AOI_2_Vegas:-11519:3615,test,owlvit,blur_resize,fixed,5.0,0.5,0,0,53,1,0.0,owlvit
AOI_2_Vegas_img4785,AOI_2_Vegas,AOI_2_Vegas:-11519:3615,test,owlvit,blur_resize,fixed,10.0,0.5,0,0,53,0,0.0,owlvit
AOI_2_Vegas_img4786,AOI_2_Vegas,AOI_2_Vegas:-11519:3615,test,owlvit,blur_resize,fixed,0.3,0.5,11,17,52,15,0.75,owlvit
AOI_2_Vegas_img4786,AOI_2_Vegas,AOI_2_Vegas:-11519:3615,test,owlvit,blur_resize,fixed,0.45,0.5,12,23,52,16,0.45,owlvit
AOI_2_Vegas_img4786,AOI_2_Vegas,AOI_2_Vegas:-11519:3615,test,owlvit,blur_resize,fixed,0.6,0.5,11,21,52,17,0.35,owlvit
AOI_2_Vegas_img4786,AOI_2_Vegas,AOI_2_Vegas:-11519:3615,test,owlvit,blur_resize,fixed,0.9,0.5,7,17,52,10,0.2,owlvit
AOI_2_Vegas_img4786,AOI_2_Vegas,AOI_2_Vegas:-11519:3615,test,owlvit,blur_resize,fixed,1.2,0.5,2,5,52,11,0.15,owlvit
AOI_2_Vegas_img4786,AOI_2_Vegas,AOI_2_Vegas:-11519:3615,test,owlvit,blur_resize,fixed,1.8,0.5,0,0,52,1,0.0,owlvit
AOI_2_Vegas_img4786,AOI_2_Vegas,AOI_2_Vegas:-11519:3615,test,owlvit,blur_resize,fixed,2.4,0.5,0,0,52,2,0.0,owlvit
AOI_2_Vegas_img4786,AOI_2_Vegas,AOI_2_Vegas:-11519:3615,test,owlvit,blur_resize,fixed,3.6,0.5,0,0,52,1,0.0,owlvit
AOI_2_Vegas_img4786,AOI_2_Vegas,AOI_2_Vegas:-11519:3615,test,owlvit,blur_resize,fixed,5.0,0.5,0,0,52,1,0.0,owlvit
AOI_2_Vegas_img4786,AOI_2_Vegas,AOI_2_Vegas:-11519:3615,test,owlvit,blur_resize,fixed,10.0,0.5,0,0,52,0,0.0,owlvit
AOI_2_Vegas_img4794,AOI_2_Vegas,AOI_2_Vegas:-11519:3616,test,owlvit,blur_resize,fixed,0.3,0.5,1,7,5,6,0.05,owlvit
AOI_2_Vegas_img4794,AOI_2_Vegas,AOI_2_Vegas:-11519:3616,test,owlvit,blur_resize,fixed,0.45,0.5,1,5,5,7,0.0,owlvit
AOI_2_Vegas_img4794,AOI_2_Vegas,AOI_2_Vegas:-11519:3616,test,owlvit,blur_resize,fixed,0.6,0.5,1,4,5,6,0.0,owlvit
AOI_2_Vegas_img4794,AOI_2_Vegas,AOI_2_Vegas:-11519:3616,test,owlvit,blur_resize,fixed,0.9,0.5,0,2,5,3,0.0,owlvit
AOI_2_Vegas_img4794,AOI_2_Vegas,AOI_2_Vegas:-11519:3616,test,owlvit,blur_resize,fixed,1.2,0.5,0,0,5,1,0.0,owlvit
AOI_2_Vegas_img4794,AOI_2_Vegas,AOI_2_Vegas:-11519:3616,test,owlvit,blur_resize,fixed,1.8,0.5,0,0,5,0,0.0,owlvit
AOI_2_Vegas_img4794,AOI_2_Vegas,AOI_2_Vegas:-11519:3616,test,owlvit,blur_resize,fixed,2.4,0.5,0,0,5,0,0.0,owlvit
AOI_2_Vegas_img4794,AOI_2_Vegas,AOI_2_Vegas:-11519:3616,test,owlvit,blur_resize,fixed,3.6,0.5,0,0,5,0,0.0,owlvit
AOI_2_Vegas_img4794,AOI_2_Vegas,AOI_2_Vegas:-11519:3616,test,owlvit,blur_resize,fixed,5.0,0.5,0,0,5,0,0.0,owlvit
AOI_2_Vegas_img4794,AOI_2_Vegas,AOI_2_Vegas:-11519:3616,test,owlvit,blur_resize,fixed,10.0,0.5,0,0,5,0,0.0,owlvit
AOI_2_Vegas_img4805,AOI_2_Vegas,AOI_2_Vegas:-11519:3618,test,owlvit,blur_resize,fixed,0.3,0.5,9,57,26,41,0.6,owlvit
AOI_2_Vegas_img4805,AOI_2_Vegas,AOI_2_Vegas:-11519:3618,test,owlvit,blur_resize,fixed,0.45,0.5,7,38,26,41,0.45,owlvit
AOI_2_Vegas_img4805,AOI_2_Vegas,AOI_2_Vegas:-11519:3618,test,owlvit,blur_resize,fixed,0.6,0.5,5,28,26,39,0.25,owlvit
AOI_2_Vegas_img4805,AOI_2_Vegas,AOI_2_Vegas:-11519:3618,test,owlvit,blur_resize,fixed,0.9,0.5,5,25,26,34,0.2,owlvit
AOI_2_Vegas_img4805,AOI_2_Vegas,AOI_2_Vegas:-11519:3618,test,owlvit,blur_resize,fixed,1.2,0.5,2,12,26,33,0.15,owlvit
AOI_2_Vegas_img4805,AOI_2_Vegas,AOI_2_Vegas:-11519:3618,test,owlvit,blur_resize,fixed,1.8,0.5,2,4,26,33,0.05,owlvit
AOI_2_Vegas_img4805,AOI_2_Vegas,AOI_2_Vegas:-11519:3618,test,owlvit,blur_resize,fixed,2.4,0.5,1,2,26,29,0.0,owlvit
AOI_2_Vegas_img4805,AOI_2_Vegas,AOI_2_Vegas:-11519:3618,test,owlvit,blur_resize,fixed,3.6,0.5,0,0,26,13,0.0,owlvit
AOI_2_Vegas_img4805,AOI_2_Vegas,AOI_2_Vegas:-11519:3618,test,owlvit,blur_resize,fixed,5.0,0.5,0,0,26,3,0.0,owlvit
AOI_2_Vegas_img4805,AOI_2_Vegas,AOI_2_Vegas:-11519:3618,test,owlvit,blur_resize,fixed,10.0,0.5,0,0,26,1,0.0,owlvit
