chip_id,city,block,split,detector,method,config,level,iou,matches,predictions,references,removed,chance_matches,label
AOI_2_Vegas_img1007,AOI_2_Vegas,AOI_2_Vegas:-11528:3618,test,owlvit,area,fixed,0.3,0.25,20,22,34,33,5.05,owlvit
AOI_2_Vegas_img1007,AOI_2_Vegas,AOI_2_Vegas:-11528:3618,test,owlvit,area,fixed,0.45,0.25,18,21,34,31,3.45,owlvit
AOI_2_Vegas_img1007,AOI_2_Vegas,AOI_2_Vegas:-11528:3618,test,owlvit,area,fixed,0.6,0.25,19,22,34,29,3.9,owlvit
AOI_2_Vegas_img1007,AOI_2_Vegas,AOI_2_Vegas:-11528:3618,test,owlvit,area,fixed,0.9,0.25,11,12,34,22,2.65,owlvit
AOI_2_Vegas_img1007,AOI_2_Vegas,AOI_2_Vegas:-11528:3618,test,owlvit,area,fixed,1.2,0.25,5,5,34,16,1.3,owlvit
AOI_2_Vegas_img1007,AOI_2_Vegas,AOI_2_Vegas:-11528:3618,test,owlvit,area,fixed,1.8,0.25,0,0,34,7,0.0,owlvit
AOI_2_Vegas_img1007,AOI_2_Vegas,AOI_2_Vegas:-11528:3618,test,owlvit,area,fixed,2.4,0.25,0,0,34,8,0.0,owlvit
AOI_2_Vegas_img1007,AOI_2_Vegas,AOI_2_Vegas:-11528:3618,test,owlvit,area,fixed,3.6,0.25,0,0,34,8,0.0,owlvit
AOI_2_Vegas_img1007,AOI_2_Vegas,AOI_2_Vegas:-11528:3618,test,owlvit,area,fixed,5.0,0.25,0,0,34,3,0.0,owlvit
AOI_2_Vegas_img1007,AOI_2_Vegas,AOI_2_Vegas:-11528:3618,test,owlvit,area,fixed,10.0,0.25,0,0,34,1,0.0,owlvit
AOI_2_Vegas_img101,AOI_2_Vegas,AOI_2_Vegas:-11531:3620,test,owlvit,area,fixed,0.3,0.25,19,138,30,44,9.2,owlvit
AOI_2_Vegas_img101,AOI_2_Vegas,AOI_2_Vegas:-11531:3620,test,owlvit,area,fixed,0.45,0.25,17,125,30,46,8.4,owlvit
AOI_2_Vegas_img101,AOI_2_Vegas,AOI_2_Vegas:-11531:3620,test,owlvit,area,fixed,0.6,0.25,17,130,30,49,9.25,owlvit
AOI_2_Vegas_img101,AOI_2_Vegas,AOI_2_Vegas:-11531:3620,test,owlvit,area,fixed,0.9,0.25,17,97,30,50,8.9,owlvit
AOI_2_Vegas_img101,AOI_2_Vegas,AOI_2_Vegas:-11531:3620,test,owlvit,area,fixed,1.2,0.25,18,86,30,53,7.9,owlvit
AOI_2_Vegas_img101,AOI_2_Vegas,AOI_2_Vegas:-11531:3620,test,owlvit,area,fixed,1.8,0.25,12,26,30,39,3.3,owlvit
AOI_2_Vegas_img101,AOI_2_Vegas,AOI_2_Vegas:-11531:3620,test,owlvit,area,fixed,2.4,0.25,4,4,30,18,0.7,owlvit
AOI_2_Vegas_img101,AOI_2_Vegas,AOI_2_Vegas:-11531:3620,test,owlvit,area,fixed,3.6,0.25,0,0,30,3,0.0,owlvit
AOI_2_Vegas_img101,AOI_2_Vegas,AOI_2_Vegas:-11531:3620,test,owlvit,area,fixed,5.0,0.25,0,0,30,0,0.0,owlvit
AOI_2_Vegas_img101,AOI_2_Vegas,AOI_2_Vegas:-11531:3620,test,owlvit,area,fixed,10.0,0.25,0,0,30,0,0.0,owlvit
AOI_2_Vegas_img1035,AOI_2_Vegas,AOI_2_Vegas:-11528:3623,test,owlvit,area,fixed,0.3,0.25,0,0,0,2,0.0,owlvit
AOI_2_Vegas_img1035,AOI_2_Vegas,AOI_2_Vegas:-11528:3623,test,owlvit,area,fixed,0.45,0.25,0,0,0,1,0.0,owlvit
AOI_2_Vegas_img1035,AOI_2_Vegas,AOI_2_Vegas:-11528:3623,test,owlvit,area,fixed,0.6,0.25,0,0,0,1,0.0,owlvit
AOI_2_Vegas_img1035,AOI_2_Vegas,AOI_2_Vegas:-11528:3623,test,owlvit,area,fixed,0.9,0.25,0,0,0,1,0.0,owlvit
AOI_2_Vegas_img1035,AOI_2_Vegas,AOI_2_Vegas:-11528:3623,test,owlvit,area,fixed,1.2,0.25,0,0,0,1,0.0,owlvit
AOI_2_Vegas_img1035,AOI_2_Vegas,AOI_2_Vegas:-11528:3623,test,owlvit,area,fixed,1.8,0.25,0,0,0,1,0.0,owlvit
AOI_2_Vegas_img1035,AOI_2_Vegas,AOI_2_Vegas:-11528:3623,test,owlvit,area,fixed,2.4,0.25,0,0,0,1,0.0,owlvit
AOI_2_Vegas_img1035,AOI_2_Vegas,AOI_2_Vegas:-11528:3623,test,owlvit,area,fixed,3.6,0.25,0,0,0,1,0.0,owlvit
AOI_2_Vegas_img1035,AOI_2_Vegas,AOI_2_Vegas:-11528:3623,test,owlvit,area,fixed,5.0,0.25,0,0,0,1,0.0,owlvit
AOI_2_Vegas_img1035,AOI_2_Vegas,AOI_2_Vegas:-11528:3623,test,owlvit,area,fixed,10.0,0.25,0,0,0,1,0.0,owlvit
AOI_2_Vegas_img1041,AOI_2_Vegas,AOI_2_Vegas:-11528:3613,test,owlvit,area,fixed,0.3,0.25,20,28,39,54,3.15,owlvit
AOI_2_Vegas_img1041,AOI_2_Vegas,AOI_2_Vegas:-11528:3613,test,owlvit,area,fixed,0.45,0.25,20,26,39,51,4.0,owlvit
AOI_2_Vegas_img1041,AOI_2_Vegas,AOI_2_Vegas:-11528:3613,test,owlvit,area,fixed,0.6,0.25,20,24,39,52,2.95,owlvit
AOI_2_Vegas_img1041,AOI_2_Vegas,AOI_2_Vegas:-11528:3613,test,owlvit,area,fixed,0.9,0.25,19,22,39,44,3.0,owlvit
AOI_2_Vegas_img1041,AOI_2_Vegas,AOI_2_Vegas:-11528:3613,test,owlvit,area,fixed,1.2,0.25,18,23,39,46,4.15,owlvit
AOI_2_Vegas_img1041,AOI_2_Vegas,AOI_2_Vegas:-11528:3613,test,owlvit,area,fixed,1.8,0.25,16,20,39,42,3.05,owlvit
AOI_2_Vegas_img1041,AOI_2_Vegas,AOI_2_Vegas:-11528:3613,test,owlvit,area,fixed,2.4,0.25,13,15,39,36,2.1,owlvit
AOI_2_Vegas_img1041,AOI_2_Vegas,AOI_2_Vegas:-11528:3613,test,owlvit,area,fixed,3.6,0.25,9,9,39,32,1.15,owlvit
AOI_2_Vegas_img1041,AOI_2_Vegas,AOI_2_Vegas:-11528:3613,test,owlvit,area,fixed,5.0,0.25,1,1,39,18,0.25,owlvit
AOI_2_Vegas_img1041,AOI_2_Vegas,AOI_2_Vegas:-11528:3613,test,owlvit,area,fixed,10.0,0.25,0,0,39,2,0.0,owlvit
AOI_2_Vegas_img1104,AOI_2_Vegas,AOI_2_Vegas:-11528:3613,test,owlvit,area,fixed,0.3,0.25,1,8,10,16,0.05,owlvit
AOI_2_Vegas_img1104,AOI_2_Vegas,AOI_2_Vegas:-11528:3613,test,owlvit,area,fixed,0.45,0.25,1,6,10,16,0.0,owlvit
AOI_2_Vegas_img1104,AOI_2_Vegas,AOI_2_Vegas:-11528:3613,test,owlvit,area,fixed,0.6,0.25,1,3,10,16,0.0,owlvit
AOI_2_Vegas_img1104,AOI_2_Vegas,AOI_2_Vegas:-11528:3613,test,owlvit,area,fixed,0.9,0.25,1,1,10,12,0.0,owlvit
AOI_2_Vegas_img1104,AOI_2_Vegas,AOI_2_Vegas:-11528:3613,test,owlvit,area,fixed,1.2,0.25,0,0,10,10,0.0,owlvit
AOI_2_Vegas_img1104,AOI_2_Vegas,AOI_2_Vegas:-11528:3613,test,owlvit,area,fixed,1.8,0.25,0,0,10,9,0.0,owlvit
AOI_2_Vegas_img1104,AOI_2_Vegas,AOI_2_Vegas:-11528:3613,test,owlvit,area,fixed,2.4,0.25,0,0,10,14,0.0,owlvit
AOI_2_Vegas_img1104,AOI_2_Vegas,AOI_2_Vegas:-11528:3613,test,owlvit,area,fixed,3.6,0.25,0,0,10,7,0.0,owlvit
AOI_2_Vegas_img1104,AOI_2_Vegas,AOI_2_Vegas:-11528:3613,test,owlvit,area,fixed,5.0,0.25,0,0,10,4,0.0,owlvit
AOI_2_Vegas_img1104,AOI_2_Vegas,AOI_2_Vegas:-11528:3613,test,owlvit,area,fixed,10.0,0.25,0,0,10,0,0.0,owlvit
AOI_2_Vegas_img1122,AOI_2_Vegas,AOI_2_Vegas:-11528:3616,test,owlvit,area,fixed,0.3,0.25,10,27,29,56,3.6,owlvit
AOI_2_Vegas_img1122,AOI_2_Vegas,AOI_2_Vegas:-11528:3616,test,owlvit,area,fixed,0.45,0.25,10,23,29,60,2.9,owlvit
AOI_2_Vegas_img1122,AOI_2_Vegas,AOI_2_Vegas:-11528:3616,test,owlvit,area,fixed,0.6,0.25,10,18,29,54,2.25,owlvit
AOI_2_Vegas_img1122,AOI_2_Vegas,AOI_2_Vegas:-11528:3616,test,owlvit,area,fixed,0.9,0.25,6,15,29,54,3.0,owlvit
AOI_2_Vegas_img1122,AOI_2_Vegas,AOI_2_Vegas:-11528:3616,test,owlvit,area,fixed,1.2,0.25,5,8,29,44,1.65,owlvit
AOI_2_Vegas_img1122,AOI_2_Vegas,AOI_2_Vegas:-11528:3616,test,owlvit,area,fixed,1.8,0.25,1,2,29,24,0.55,owlvit
AOI_2_Vegas_img1122,AOI_2_Vegas,AOI_2_Vegas:-11528:3616,test,owlvit,area,fixed,2.4,0.25,0,0,29,13,0.0,owlvit
AOI_2_Vegas_img1122,AOI_2_Vegas,AOI_2_Vegas:-11528:3616,test,owlvit,area,fixed,3.6,0.25,0,0,29,7,0.0,owlvit
AOI_2_Vegas_img1122,AOI_2_Vegas,AOI_2_Vegas:-11528:3616,test,owlvit,area,fixed,5.0,0.25,0,0,29,3,0.0,owlvit
AOI_2_Vegas_img1122,AOI_2_Vegas,AOI_2_Vegas:-11528:3616,test,owlvit,area,fixed,10.0,0.25,0,0,29,1,0.0,owlvit
AOI_2_Vegas_img1163,AOI_2_Vegas,AOI_2_Vegas:-11528:3623,test,owlvit,area,fixed,0.3,0.25,26,103,33,39,9.9,owlvit
AOI_2_Vegas_img1163,AOI_2_Vegas,AOI_2_Vegas:-11528:3623,test,owlvit,area,fixed,0.45,0.25,27,98,33,39,9.8,owlvit
AOI_2_Vegas_img1163,AOI_2_Vegas,AOI_2_Vegas:-11528:3623,test,owlvit,area,fixed,0.6,0.25,25,84,33,45,9.7,owlvit
AOI_2_Vegas_img1163,AOI_2_Vegas,AOI_2_Vegas:-11528:3623,test,owlvit,area,fixed,0.9,0.25,24,69,33,37,8.0,owlvit
AOI_2_Vegas_img1163,AOI_2_Vegas,AOI_2_Vegas:-11528:3623,test,owlvit,area,fixed,1.2,0.25,22,39,33,36,5.65,owlvit
AOI_2_Vegas_img1163,AOI_2_Vegas,AOI_2_Vegas:-11528:3623,test,owlvit,area,fixed,1.8,0.25,8,8,33,23,1.4,owlvit
AOI_2_Vegas_img1163,AOI_2_Vegas,AOI_2_Vegas:-11528:3623,test,owlvit,area,fixed,2.4,0.25,0,0,33,9,0.0,owlvit
AOI_2_Vegas_img1163,AOI_2_Vegas,AOI_2_Vegas:-11528:3623,test,owlvit,area,fixed,3.6,0.25,0,0,33,5,0.0,owlvit
AOI_2_Vegas_img1163,AOI_2_Vegas,AOI_2_Vegas:-11528:3623,test,owlvit,area,fixed,5.0,0.25,0,0,33,5,0.0,owlvit
AOI_2_Vegas_img1163,AOI_2_Vegas,AOI_2_Vegas:-11528:3623,test,owlvit,area,fixed,10.0,0.25,0,0,33,0,0.0,owlvit
AOI_2_Vegas_img118,AOI_2_Vegas,AOI_2_Vegas:-11531:3613,test,owlvit,area,fixed,0.3,0.25,23,80,27,27,9.9,owlvit
AOI_2_Vegas_img118,AOI_2_Vegas,AOI_2_Vegas:-11531:3613,test,owlvit,area,fixed,0.45,0.25,23,76,27,31,8.75,owlvit
AOI_2_Vegas_img118,AOI_2_Vegas,AOI_2_Vegas:-11531:3613,test,owlvit,area,fixed,0.6,0.25,23,79,27,26,9.6,owlvit
AOI_2_Vegas_img118,AOI_2_Vegas,AOI_2_Vegas:-11531:3613,test,owlvit,area,fixed,0.9,0.25,22,59,27,24,7.6,owlvit
AOI_2_Vegas_img118,AOI_2_Vegas,AOI_2_Vegas:-11531:3613,test,owlvit,area,fixed,1.2,0.25,20,49,27,20,8.65,owlvit
AOI_2_Vegas_img118,AOI_2_Vegas,AOI_2_Vegas:-11531:3613,test,owlvit,area,fixed,1.8,0.25,18,29,27,18,5.7,owlvit
AOI_2_Vegas_img118,AOI_2_Vegas,AOI_2_Vegas:-11531:3613,test,owlvit,area,fixed,2.4,0.25,7,8,27,25,1.9,owlvit
AOI_2_Vegas_img118,AOI_2_Vegas,AOI_2_Vegas:-11531:3613,test,owlvit,area,fixed,3.6,0.25,4,4,27,18,0.8,owlvit
AOI_2_Vegas_img118,AOI_2_Vegas,AOI_2_Vegas:-11531:3613,test,owlvit,area,fixed,5.0,0.25,2,2,27,12,0.4,owlvit
AOI_2_Vegas_img118,AOI_2_Vegas,AOI_2_Vegas:-11531:3613,test,owlvit,area,fixed,10.0,0.25,0,0,27,1,0.0,owlvit
AOI_2_Vegas_img1197,AOI_2_Vegas,AOI_2_Vegas:-11528:3618,test,owlvit,area,fixed,0.3,0.25,20,39,50,36,8.0,owlvit
AOI_2_Vegas_img1197,AOI_2_Vegas,AOI_2_Vegas:-11528:3618,test,owlvit,area,fixed,0.45,0.25,19,38,50,37,7.75,owlvit
AOI_2_Vegas_img1197,AOI_2_Vegas,AOI_2_Vegas:-11528:3618,test,owlvit,area,fixed,0.6,0.25,4,4,50,19,1.1,owlvit
AOI_2_Vegas_img1197,AOI_2_Vegas,AOI_2_Vegas:-11528:3618,test,owlvit,area,fixed,0.9,0.25,0,0,50,13,0.0,owlvit
AOI_2_Vegas_img1197,AOI_2_Vegas,AOI_2_Vegas:-11528:3618,test,owlvit,area,fixed,1.2,0.25,0,0,50,5,0.0,owlvit
AOI_2_Vegas_img1197,AOI_2_Vegas,AOI_2_Vegas:-11528:3618,test,owlvit,area,fixed,1.8,0.25,0,0,50,4,0.0,owlvit
AOI_2_Vegas_img1197,AOI_2_Vegas,AOI_2_Vegas:-11528:3618,test,owlvit,area,fixed,2.4,0.25,0,0,50,6,0.0,owlvit
AOI_2_Vegas_img1197,AOI_2_Vegas,AOI_2_Vegas:-11528:3618,test,owlvit,area,fixed,3.6,0.25,0,0,50,5,0.0,owlvit
AOI_2_Vegas_img1197,AOI_2_Vegas,AOI_2_Vegas:-11528:3618,test,owlvit,area,fixed,5.0,0.25,0,0,50,8,0.0,owlvit
AOI_2_Vegas_img1197,AOI_2_Vegas,AOI_2_Vegas:-11528:3618,test,owlvit,area,fixed,10.0,0.25,0,0,50,1,0.0,owlvit
AOI_2_Vegas_img1215,AOI_2_Vegas,AOI_2_Vegas:-11528:3621,test,owlvit,area,fixed,0.3,0.25,23,121,29,15,12.4,owlvit
AOI_2_Vegas_img1215,AOI_2_Vegas,AOI_2_Vegas:-11528:3621,test,owlvit,area,fixed,0.45,0.25,23,105,29,11,12.2,owlvit
AOI_2_Vegas_img1215,AOI_2_Vegas,AOI_2_Vegas:-11528:3621,test,owlvit,area,fixed,0.6,0.25,24,105,29,15,11.8,owlvit
AOI_2_Vegas_img1215,AOI_2_Vegas,AOI_2_Vegas:-11528:3621,test,owlvit,area,fixed,0.9,0.25,22,78,29,21,10.1,owlvit
AOI_2_Vegas_img1215,AOI_2_Vegas,AOI_2_Vegas:-11528:3621,test,owlvit,area,fixed,1.2,0.25,23,71,29,24,9.8,owlvit
AOI_2_Vegas_img1215,AOI_2_Vegas,AOI_2_Vegas:-11528:3621,test,owlvit,area,fixed,1.8,0.25,19,39,29,21,6.65,owlvit
AOI_2_Vegas_img1215,AOI_2_Vegas,AOI_2_Vegas:-11528:3621,test,owlvit,area,fixed,2.4,0.25,13,16,29,9,4.15,owlvit
AOI_2_Vegas_img1215,AOI_2_Vegas,AOI_2_Vegas:-11528:3621,test,owlvit,area,fixed,3.6,0.25,0,0,29,1,0.0,owlvit
AOI_2_Vegas_img1215,AOI_2_Vegas,AOI_2_Vegas:-11528:3621,test,owlvit,area,fixed,5.0,0.25,0,0,29,0,0.0,owlvit
AOI_2_Vegas_img1215,AOI_2_Vegas,AOI_2_Vegas:-11528:3621,test,owlvit,area,fixed,10.0,0.25,0,0,29,0,0.0,owlvit
AOI_2_Vegas_img1216,AOI_2_Vegas,AOI_2_Vegas:-11528:3621,test,owlvit,area,fixed,0.3,0.25,26,85,31,30,6.75,owlvit
AOI_2_Vegas_img1216,AOI_2_Vegas,AOI_2_Vegas:-11528:3621,test,owlvit,area,fixed,0.45,0.25,24,78,31,31,6.0,owlvit
AOI_2_Vegas_img1216,AOI_2_Vegas,AOI_2_Vegas:-11528:3621,test,owlvit,area,fixed,0.6,0.25,25,74,31,32,6.2,owlvit
AOI_2_Vegas_img1216,AOI_2_Vegas,AOI_2_Vegas:-11528:3621,test,owlvit,area,fixed,0.9,0.25,22,54,31,30,4.65,owlvit
AOI_2_Vegas_img1216,AOI_2_Vegas,AOI_2_Vegas:-11528:3621,test,owlvit,area,fixed,1.2,0.25,21,39,31,27,3.85,owlvit
AOI_2_Vegas_img1216,AOI_2_Vegas,AOI_2_Vegas:-11528:3621,test,owlvit,area,fixed,1.8,0.25,17,24,31,20,2.5,owlvit
AOI_2_Vegas_img1216,AOI_2_Vegas,AOI_2_Vegas:-11528:3621,test,owlvit,area,fixed,2.4,0.25,5,5,31,16,0.65,owlvit
AOI_2_Vegas_img1216,AOI_2_Vegas,AOI_2_Vegas:-11528:3621,test,owlvit,area,fixed,3.6,0.25,0,0,31,4,0.0,owlvit
AOI_2_Vegas_img1216,AOI_2_Vegas,AOI_2_Vegas:-11528:3621,test,owlvit,area,fixed,5.0,0.25,0,0,31,1,0.0,owlvit
AOI_2_Vegas_img1216,AOI_2_Vegas,AOI_2_Vegas:-11528:3621,test,owlvit,area,fixed,10.0,0.25,0,0,31,0,0.0,owlvit
AOI_2_Vegas_img1217,AOI_2_Vegas,AOI_2_Vegas:-11528:3621,test,owlvit,area,fixed,0.3,0.25,40,82,52,43,16.45,owlvit
AOI_2_Vegas_img1217,AOI_2_Vegas,AOI_2_Vegas:-11528:3621,test,owlvit,area,fixed,0.45,0.25,39,80,52,37,14.85,owlvit
AOI_2_Vegas_img1217,AOI_2_Vegas,AOI_2_Vegas:-11528:3621,test,owlvit,area,fixed,0.6,0.25,40,81,52,40,16.6,owlvit
AOI_2_Vegas_img1217,AOI_2_Vegas,AOI_2_Vegas:-11528:3621,test,owlvit,area,fixed,0.9,0.25,34,56,52,37,12.8,owlvit
AOI_2_Vegas_img1217,AOI_2_Vegas,AOI_2_Vegas:-11528:3621,test,owlvit,area,fixed,1.2,0.25,32,43,52,26,10.35,owlvit
AOI_2_Vegas_img1217,AOI_2_Vegas,AOI_2_Vegas:-11528:3621,test,owlvit,area,fixed,1.8,0.25,0,0,52,5,0.0,owlvit
AOI_2_Vegas_img1217,AOI_2_Vegas,AOI_2_Vegas:-11528:3621,test,owlvit,area,fixed,2.4,0.25,0,0,52,3,0.0,owlvit
AOI_2_Vegas_img1217,AOI_2_Vegas,AOI_2_Vegas:-11528:3621,test,owlvit,area,fixed,3.6,0.25,0,0,52,1,0.0,owlvit
AOI_2_Vegas_img1217,AOI_2_Vegas,AOI_2_Vegas:-11528:3621,test,owlvit,area,fixed,5.0,0.25,0,0,52,1,0.0,owlvit
AOI_2_Vegas_img1217,AOI_2_Vegas,AOI_2_Vegas:-11528:3621,test,owlvit,area,fixed,10.0,0.25,0,0,52,0,0.0,owlvit
AOI_2_Vegas_img1246,AOI_2_Vegas,AOI_2_Vegas:-11528:3615,test,owlvit,area,fixed,0.3,0.25,22,63,40,34,8.35,owlvit
AOI_2_Vegas_img1246,AOI_2_Vegas,AOI_2_Vegas:-11528:3615,test,owlvit,area,fixed,0.45,0.25,21,51,40,33,7.1,owlvit
AOI_2_Vegas_img1246,AOI_2_Vegas,AOI_2_Vegas:-11528:3615,test,owlvit,area,fixed,0.6,0.25,22,46,40,32,6.85,owlvit
AOI_2_Vegas_img1246,AOI_2_Vegas,AOI_2_Vegas:-11528:3615,test,owlvit,area,fixed,0.9,0.25,20,36,40,28,5.25,owlvit
AOI_2_Vegas_img1246,AOI_2_Vegas,AOI_2_Vegas:-11528:3615,test,owlvit,area,fixed,1.2,0.25,18,28,40,28,4.45,owlvit
AOI_2_Vegas_img1246,AOI_2_Vegas,AOI_2_Vegas:-11528:3615,test,owlvit,area,fixed,1.8,0.25,5,5,40,11,0.95,owlvit
AOI_2_Vegas_img1246,AOI_2_Vegas,AOI_2_Vegas:-11528:3615,test,owlvit,area,fixed,2.4,0.25,0,0,40,5,0.0,owlvit
AOI_2_Vegas_img1246,AOI_2_Vegas,AOI_2_Vegas:-11528:3615,test,owlvit,area,fixed,3.6,0.25,0,0,40,4,0.0,owlvit
AOI_2_Vegas_img1246,AOI_2_Vegas,AOI_2_Vegas:-11528:3615,test,owlvit,area,fixed,5.0,0.25,0,0,40,5,0.0,owlvit
AOI_2_Vegas_img1246,AOI_2_Vegas,AOI_2_Vegas:-11528:3615,test,owlvit,area,fixed,10.0,0.25,0,0,40,3,0.0,owlvit
AOI_2_Vegas_img1290,AOI_2_Vegas,AOI_2_Vegas:-11528:3623,test,owlvit,area,fixed,0.3,0.25,28,43,45,37,7.25,owlvit
AOI_2_Vegas_img1290,AOI_2_Vegas,AOI_2_Vegas:-11528:3623,test,owlvit,area,fixed,0.45,0.25,26,37,45,35,6.45,owlvit
AOI_2_Vegas_img1290,AOI_2_Vegas,AOI_2_Vegas:-11528:3623,test,owlvit,area,fixed,0.6,0.25,22,31,45,38,6.0,owlvit
AOI_2_Vegas_img1290,AOI_2_Vegas,AOI_2_Vegas:-11528:3623,test,owlvit,area,fixed,0.9,0.25,22,29,45,36,5.35,owlvit
AOI_2_Vegas_img1290,AOI_2_Vegas,AOI_2_Vegas:-11528:3623,test,owlvit,area,fixed,1.2,0.25,17,22,45,33,3.9,owlvit
AOI_2_Vegas_img1290,AOI_2_Vegas,AOI_2_Vegas:-11528:3623,test,owlvit,area,fixed,1.8,0.25,12,13,45,26,2.55,owlvit
AOI_2_Vegas_img1290,AOI_2_Vegas,AOI_2_Vegas:-11528:3623,test,owlvit,area,fixed,2.4,0.25,3,4,45,15,0.7,owlvit
AOI_2_Vegas_img1290,AOI_2_Vegas,AOI_2_Vegas:-11528:3623,test,owlvit,area,fixed,3.6,0.25,1,1,45,8,0.2,owlvit
AOI_2_Vegas_img1290,AOI_2_Vegas,AOI_2_Vegas:-11528:3623,test,owlvit,area,fixed,5.0,0.25,0,0,45,9,0.0,owlvit
AOI_2_Vegas_img1290,AOI_2_Vegas,AOI_2_Vegas:-11528:3623,test,owlvit,area,fixed,10.0,0.25,0,0,45,1,0.0,owlvit
AOI_2_Vegas_img1381,AOI_2_Vegas,AOI_2_Vegas:-11527:3617,test,owlvit,area,fixed,0.3,0.25,31,60,52,28,11.8,owlvit
AOI_2_Vegas_img1381,AOI_2_Vegas,AOI_2_Vegas:-11527:3617,test,owlvit,area,fixed,0.45,0.25,30,52,52,30,9.8,owlvit
AOI_2_Vegas_img1381,AOI_2_Vegas,AOI_2_Vegas:-11527:3617,test,owlvit,area,fixed,0.6,0.25,31,56,52,30,11.3,owlvit
AOI_2_Vegas_img1381,AOI_2_Vegas,AOI_2_Vegas:-11527:3617,test,owlvit,area,fixed,0.9,0.25,29,54,52,33,9.75,owlvit
AOI_2_Vegas_img1381,AOI_2_Vegas,AOI_2_Vegas:-11527:3617,test,owlvit,area,fixed,1.2,0.25,24,40,52,24,9.05,owlvit
AOI_2_Vegas_img1381,AOI_2_Vegas,AOI_2_Vegas:-11527:3617,test,owlvit,area,fixed,1.8,0.25,6,9,52,14,2.15,owlvit
AOI_2_Vegas_img1381,AOI_2_Vegas,AOI_2_Vegas:-11527:3617,test,owlvit,area,fixed,2.4,0.25,1,1,52,4,0.05,owlvit
AOI_2_Vegas_img1381,AOI_2_Vegas,AOI_2_Vegas:-11527:3617,test,owlvit,area,fixed,3.6,0.25,0,0,52,1,0.0,owlvit
AOI_2_Vegas_img1381,AOI_2_Vegas,AOI_2_Vegas:-11527:3617,test,owlvit,area,fixed,5.0,0.25,0,0,52,2,0.0,owlvit
AOI_2_Vegas_img1381,AOI_2_Vegas,AOI_2_Vegas:-11527:3617,test,owlvit,area,fixed,10.0,0.25,0,0,52,1,0.0,owlvit
AOI_2_Vegas_img139,AOI_2_Vegas,AOI_2_Vegas:-11531:3617,test,owlvit,area,fixed,0.3,0.25,17,68,26,33,6.35,owlvit
AOI_2_Vegas_img139,AOI_2_Vegas,AOI_2_Vegas:-11531:3617,test,owlvit,area,fixed,0.45,0.25,14,58,26,30,5.1,owlvit
AOI_2_Vegas_img139,AOI_2_Vegas,AOI_2_Vegas:-11531:3617,test,owlvit,area,fixed,0.6,0.25,13,48,26,31,3.8,owlvit
AOI_2_Vegas_img139,AOI_2_Vegas,AOI_2_Vegas:-11531:3617,test,owlvit,area,fixed,0.9,0.25,14,33,26,31,3.25,owlvit
AOI_2_Vegas_img139,AOI_2_Vegas,AOI_2_Vegas:-11531:3617,test,owlvit,area,fixed,1.2,0.25,10,21,26,32,2.15,owlvit
AOI_2_Vegas_img139,AOI_2_Vegas,AOI_2_Vegas:-11531:3617,test,owlvit,area,fixed,1.8,0.25,1,3,26,14,0.5,owlvit
AOI_2_Vegas_img139,AOI_2_Vegas,AOI_2_Vegas:-11531:3617,test,owlvit,area,fixed,2.4,0.25,0,0,26,8,0.0,owlvit
AOI_2_Vegas_img139,AOI_2_Vegas,AOI_2_Vegas:-11531:3617,test,owlvit,area,fixed,3.6,0.25,0,0,26,6,0.0,owlvit
AOI_2_Vegas_img139,AOI_2_Vegas,AOI_2_Vegas:-11531:3617,test,owlvit,area,fixed,5.0,0.25,0,0,26,2,0.0,owlvit
AOI_2_Vegas_img139,AOI_2_Vegas,AOI_2_Vegas:-11531:3617,test,owlvit,area,fixed,10.0,0.25,0,0,26,0,0.0,owlvit
AOI_2_Vegas_img1489,AOI_2_Vegas,AOI_2_Vegas:-11527:3614,test,owlvit,area,fixed,0.3,0.25,1,2,14,17,0.3,owlvit
AOI_2_Vegas_img1489,AOI_2_Vegas,AOI_2_Vegas:-11527:3614,test,owlvit,area,fixed,0.45,0.25,0,0,14,10,0.0,owlvit
AOI_2_Vegas_img1489,AOI_2_Vegas,AOI_2_Vegas:-11527:3614,test,owlvit,area,fixed,0.6,0.25,0,0,14,6,0.0,owlvit
AOI_2_Vegas_img1489,AOI_2_Vegas,AOI_2_Vegas:-11527:3614,test,owlvit,area,fixed,0.9,0.25,0,0,14,8,0.0,owlvit
AOI_2_Vegas_img1489,AOI_2_Vegas,AOI_2_Vegas:-11527:3614,test,owlvit,area,fixed,1.2,0.25,0,0,14,3,0.0,owlvit
AOI_2_Vegas_img1489,AOI_2_Vegas,AOI_2_Vegas:-11527:3614,test,owlvit,area,fixed,1.8,0.25,0,0,14,1,0.0,owlvit
AOI_2_Vegas_img1489,AOI_2_Vegas,AOI_2_Vegas:-11527:3614,test,owlvit,area,fixed,2.4,0.25,0,0,14,2,0.0,owlvit
AOI_2_Vegas_img1489,AOI_2_Vegas,AOI_2_Vegas:-11527:3614,test,owlvit,area,fixed,3.6,0.25,0,0,14,3,0.0,owlvit
AOI_2_Vegas_img1489,AOI_2_Vegas,AOI_2_Vegas:-11527:3614,test,owlvit,area,fixed,5.0,0.25,0,0,14,6,0.0,owlvit
AOI_2_Vegas_img1489,AOI_2_Vegas,AOI_2_Vegas:-11527:3614,test,owlvit,area,fixed,10.0,0.25,0,0,14,3,0.0,owlvit
AOI_2_Vegas_img1504,AOI_2_Vegas,AOI_2_Vegas:-11527:3616,test,owlvit,area,fixed,0.3,0.25,6,23,11,16,0.2,owlvit
AOI_2_Vegas_img1504,AOI_2_Vegas,AOI_2_Vegas:-11527:3616,test,owlvit,area,fixed,0.45,0.25,6,17,11,12,0.25,owlvit
AOI_2_Vegas_img1504,AOI_2_Vegas,AOI_2_Vegas:-11527:3616,test,owlvit,area,fixed,0.6,0.25,5,15,11,13,0.25,owlvit
AOI_2_Vegas_img1504,AOI_2_Vegas,AOI_2_Vegas:-11527:3616,test,owlvit,area,fixed,0.9,0.25,2,5,11,4,0.1,owlvit
AOI_2_Vegas_img1504,AOI_2_Vegas,AOI_2_Vegas:-11527:3616,test,owlvit,area,fixed,1.2,0.25,1,1,11,2,0.0,owlvit
AOI_2_Vegas_img1504,AOI_2_Vegas,AOI_2_Vegas:-11527:3616,test,owlvit,area,fixed,1.8,0.25,0,0,11,0,0.0,owlvit
AOI_2_Vegas_img1504,AOI_2_Vegas,AOI_2_Vegas:-11527:3616,test,owlvit,area,fixed,2.4,0.25,0,0,11,0,0.0,owlvit
AOI_2_Vegas_img1504,AOI_2_Vegas,AOI_2_Vegas:-11527:3616,test,owlvit,area,fixed,3.6,0.25,0,0,11,4,0.0,owlvit
AOI_2_Vegas_img1504,AOI_2_Vegas,AOI_2_Vegas:-11527:3616,test,owlvit,area,fixed,5.0,0.25,0,0,11,2,0.0,owlvit
AOI_2_Vegas_img1504,AOI_2_Vegas,AOI_2_Vegas:-11527:3616,test,owlvit,area,fixed,10.0,0.25,0,0,11,1,0.0,owlvit
AOI_2_Vegas_img1510,AOI_2_Vegas,AOI_2_Vegas:-11527:3618,test,owlvit,area,fixed,0.3,0.25,0,3,1,19,0.0,owlvit
AOI_2_Vegas_img1510,AOI_2_Vegas,AOI_2_Vegas:-11527:3618,test,owlvit,area,fixed,0.45,0.25,0,3,1,18,0.0,owlvit
AOI_2_Vegas_img1510,AOI_2_Vegas,AOI_2_Vegas:-11527:3618,test,owlvit,area,fixed,0.6,0.25,0,3,1,15,0.05,owlvit
AOI_2_Vegas_img1510,AOI_2_Vegas,AOI_2_Vegas:-11527:3618,test,owlvit,area,fixed,0.9,0.25,0,0,1,12,0.0,owlvit
AOI_2_Vegas_img1510,AOI_2_Vegas,AOI_2_Vegas:-11527:3618,test,owlvit,area,fixed,1.2,0.25,0,0,1,7,0.0,owlvit
AOI_2_Vegas_img1510,AOI_2_Vegas,AOI_2_Vegas:-11527:3618,test,owlvit,area,fixed,1.8,0.25,0,0,1,5,0.0,owlvit
AOI_2_Vegas_img1510,AOI_2_Vegas,AOI_2_Vegas:-11527:3618,test,owlvit,area,fixed,2.4,0.25,0,0,1,4,0.0,owlvit
AOI_2_Vegas_img1510,AOI_2_Vegas,AOI_2_Vegas:-11527:3618,test,owlvit,area,fixed,3.6,0.25,0,0,1,3,0.0,owlvit
AOI_2_Vegas_img1510,AOI_2_Vegas,AOI_2_Vegas:-11527:3618,test,owlvit,area,fixed,5.0,0.25,0,0,1,2,0.0,owlvit
AOI_2_Vegas_img1510,AOI_2_Vegas,AOI_2_Vegas:-11527:3618,test,owlvit,area,fixed,10.0,0.25,0,0,1,0,0.0,owlvit
AOI_2_Vegas_img1536,AOI_2_Vegas,AOI_2_Vegas:-11527:3622,test,owlvit,area,fixed,0.3,0.25,4,4,24,20,0.75,owlvit
AOI_2_Vegas_img1536,AOI_2_Vegas,AOI_2_Vegas:-11527:3622,test,owlvit,area,fixed,0.45,0.25,3,3,24,20,0.35,owlvit
AOI_2_Vegas_img1536,AOI_2_Vegas,AOI_2_Vegas:-11527:3622,test,owlvit,area,fixed,0.6,0.25,4,4,24,20,0.5,owlvit
AOI_2_Vegas_img1536,AOI_2_Vegas,AOI_2_Vegas:-11527:3622,test,owlvit,area,fixed,0.9,0.25,1,1,24,18,0.0,owlvit
AOI_2_Vegas_img1536,AOI_2_Vegas,AOI_2_Vegas:-11527:3622,test,owlvit,area,fixed,1.2,0.25,1,1,24,13,0.2,owlvit
AOI_2_Vegas_img1536,AOI_2_Vegas,AOI_2_Vegas:-11527:3622,test,owlvit,area,fixed,1.8,0.25,0,0,24,6,0.0,owlvit
AOI_2_Vegas_img1536,AOI_2_Vegas,AOI_2_Vegas:-11527:3622,test,owlvit,area,fixed,2.4,0.25,0,0,24,3,0.0,owlvit
AOI_2_Vegas_img1536,AOI_2_Vegas,AOI_2_Vegas:-11527:3622,test,owlvit,area,fixed,3.6,0.25,0,0,24,4,0.0,owlvit
AOI_2_Vegas_img1536,AOI_2_Vegas,AOI_2_Vegas:-11527:3622,test,owlvit,area,fixed,5.0,0.25,0,0,24,3,0.0,owlvit
AOI_2_Vegas_img1536,AOI_2_Vegas,AOI_2_Vegas:-11527:3622,test,owlvit,area,fixed,10.0,0.25,0,0,24,1,0.0,owlvit
AOI_2_Vegas_img1540,AOI_2_Vegas,AOI_2_Vegas:-11527:3623,test,owlvit,area,fixed,0.3,0.25,29,56,36,37,9.15,owlvit
AOI_2_Vegas_img1540,AOI_2_Vegas,AOI_2_Vegas:-11527:3623,test,owlvit,area,fixed,0.45,0.25,29,59,36,38,9.15,owlvit
AOI_2_Vegas_img1540,AOI_2_Vegas,AOI_2_Vegas:-11527:3623,test,owlvit,area,fixed,0.6,0.25,25,44,36,37,8.4,owlvit
AOI_2_Vegas_img1540,AOI_2_Vegas,AOI_2_Vegas:-11527:3623,test,owlvit,area,fixed,0.9,0.25,14,24,36,32,4.05,owlvit
AOI_2_Vegas_img1540,AOI_2_Vegas,AOI_2_Vegas:-11527:3623,test,owlvit,area,fixed,1.2,0.25,10,16,36,30,2.85,owlvit
AOI_2_Vegas_img1540,AOI_2_Vegas,AOI_2_Vegas:-11527:3623,test,owlvit,area,fixed,1.8,0.25,4,6,36,25,1.35,owlvit
AOI_2_Vegas_img1540,AOI_2_Vegas,AOI_2_Vegas:-11527:3623,test,owlvit,area,fixed,2.4,0.25,8,10,36,28,1.65,owlvit
AOI_2_Vegas_img1540,AOI_2_Vegas,AOI_2_Vegas:-11527:3623,test,owlvit,area,fixed,3.6,0.25,6,6,36,37,0.95,owlvit
AOI_2_Vegas_img1540,AOI_2_Vegas,AOI_2_Vegas:-11527:3623,test,owlvit,area,fixed,5.0,0.25,1,2,36,23,0.45,owlvit
AOI_2_Vegas_img1540,AOI_2_Vegas,AOI_2_Vegas:-11527:3623,test,owlvit,area,fixed,10.0,0.25,0,0,36,2,0.0,owlvit
AOI_2_Vegas_img1542,AOI_2_Vegas,AOI_2_Vegas:-11527:3612,test,owlvit,area,fixed,0.3,0.25,0,0,61,18,0.0,owlvit
AOI_2_Vegas_img1542,AOI_2_Vegas,AOI_2_Vegas:-11527:3612,test,owlvit,area,fixed,0.45,0.25,0,0,61,14,0.0,owlvit
AOI_2_Vegas_img1542,AOI_2_Vegas,AOI_2_Vegas:-11527:3612,test,owlvit,area,fixed,0.6,0.25,0,0,61,18,0.0,owlvit
AOI_2_Vegas_img1542,AOI_2_Vegas,AOI_2_Vegas:-11527:3612,test,owlvit,area,fixed,0.9,0.25,0,0,61,11,0.0,owlvit
AOI_2_Vegas_img1542,AOI_2_Vegas,AOI_2_Vegas:-11527:3612,test,owlvit,area,fixed,1.2,0.25,0,0,61,11,0.0,owlvit
AOI_2_Vegas_img1542,AOI_2_Vegas,AOI_2_Vegas:-11527:3612,test,owlvit,area,fixed,1.8,0.25,0,0,61,6,0.0,owlvit
AOI_2_Vegas_img1542,AOI_2_Vegas,AOI_2_Vegas:-11527:3612,test,owlvit,area,fixed,2.4,0.25,0,0,61,4,0.0,owlvit
AOI_2_Vegas_img1542,AOI_2_Vegas,AOI_2_Vegas:-11527:3612,test,owlvit,area,fixed,3.6,0.25,0,0,61,2,0.0,owlvit
AOI_2_Vegas_img1542,AOI_2_Vegas,AOI_2_Vegas:-11527:3612,test,owlvit,area,fixed,5.0,0.25,0,0,61,3,0.0,owlvit
AOI_2_Vegas_img1542,AOI_2_Vegas,AOI_2_Vegas:-11527:3612,test,owlvit,area,fixed,10.0,0.25,0,0,61,0,0.0,owlvit
AOI_2_Vegas_img1548,AOI_2_Vegas,AOI_2_Vegas:-11527:3613,test,owlvit,area,fixed,0.3,0.25,14,65,26,53,3.65,owlvit
AOI_2_Vegas_img1548,AOI_2_Vegas,AOI_2_Vegas:-11527:3613,test,owlvit,area,fixed,0.45,0.25,14,52,26,52,3.7,owlvit
AOI_2_Vegas_img1548,AOI_2_Vegas,AOI_2_Vegas:-11527:3613,test,owlvit,area,fixed,0.6,0.25,13,47,26,49,3.15,owlvit
AOI_2_Vegas_img1548,AOI_2_Vegas,AOI_2_Vegas:-11527:3613,test,owlvit,area,fixed,0.9,0.25,13,42,26,42,3.05,owlvit
AOI_2_Vegas_img1548,AOI_2_Vegas,AOI_2_Vegas:-11527:3613,test,owlvit,area,fixed,1.2,0.25,11,32,26,46,3.0,owlvit
AOI_2_Vegas_img1548,AOI_2_Vegas,AOI_2_Vegas:-11527:3613,test,owlvit,area,fixed,1.8,0.25,6,15,26,27,1.3,owlvit
AOI_2_Vegas_img1548,AOI_2_Vegas,AOI_2_Vegas:-11527:3613,test,owlvit,area,fixed,2.4,0.25,4,5,26,15,0.6,owlvit
AOI_2_Vegas_img1548,AOI_2_Vegas,AOI_2_Vegas:-11527:3613,test,owlvit,area,fixed,3.6,0.25,0,0,26,4,0.0,owlvit
AOI_2_Vegas_img1548,AOI_2_Vegas,AOI_2_Vegas:-11527:3613,test,owlvit,area,fixed,5.0,0.25,0,0,26,2,0.0,owlvit
AOI_2_Vegas_img1548,AOI_2_Vegas,AOI_2_Vegas:-11527:3613,test,owlvit,area,fixed,10.0,0.25,0,0,26,0,0.0,owlvit
AOI_2_Vegas_img1566,AOI_2_Vegas,AOI_2_Vegas:-11527:3616,test,owlvit,area,fixed,0.3,0.25,11,55,16,49,0.95,owlvit
AOI_2_Vegas_img1566,AOI_2_Vegas,AOI_2_Vegas:-11527:3616,test,owlvit,area,fixed,0.45,0.25,8,24,16,40,0.2,owlvit
AOI_2_Vegas_img1566,AOI_2_Vegas,AOI_2_Vegas:-11527:3616,test,owlvit,area,fixed,0.6,0.25,9,21,16,36,0.15,owlvit
AOI_2_Vegas_img1566,AOI_2_Vegas,AOI_2_Vegas:-11527:3616,test,owlvit,area,fixed,0.9,0.25,7,16,16,29,0.15,owlvit
AOI_2_Vegas_img1566,AOI_2_Vegas,AOI_2_Vegas:-11527:3616,test,owlvit,area,fixed,1.2,0.25,5,13,16,25,0.15,owlvit
AOI_2_Vegas_img1566,AOI_2_Vegas,AOI_2_Vegas:-11527:3616,test,owlvit,area,fixed,1.8,0.25,2,5,16,20,0.1,owlvit
AOI_2_Vegas_img1566,AOI_2_Vegas,AOI_2_Vegas:-11527:3616,test,owlvit,area,fixed,2.4,0.25,1,1,16,14,0.1,owlvit
AOI_2_Vegas_img1566,AOI_2_Vegas,AOI_2_Vegas:-11527:3616,test,owlvit,area,fixed,3.6,0.25,1,1,16,14,0.05,owlvit
AOI_2_Vegas_img1566,AOI_2_Vegas,AOI_2_Vegas:-11527:3616,test,owlvit,area,fixed,5.0,0.25,0,0,16,5,0.0,owlvit
AOI_2_Vegas_img1566,AOI_2_Vegas,AOI_2_Vegas:-11527:3616,test,owlvit,area,fixed,10.0,0.25,0,0,16,0,0.0,owlvit
AOI_2_Vegas_img1582,AOI_2_Vegas,AOI_2_Vegas:-11527:3619,test,owlvit,area,fixed,0.3,0.25,9,70,19,64,2.75,owlvit
AOI_2_Vegas_img1582,AOI_2_Vegas,AOI_2_Vegas:-11527:3619,test,owlvit,area,fixed,0.45,0.25,9,73,19,61,3.45,owlvit
AOI_2_Vegas_img1582,AOI_2_Vegas,AOI_2_Vegas:-11527:3619,test,owlvit,area,fixed,0.6,0.25,8,58,19,58,1.9,owlvit
AOI_2_Vegas_img1582,AOI_2_Vegas,AOI_2_Vegas:-11527:3619,test,owlvit,area,fixed,0.9,0.25,8,43,19,57,2.05,owlvit
AOI_2_Vegas_img1582,AOI_2_Vegas,AOI_2_Vegas:-11527:3619,test,owlvit,area,fixed,1.2,0.25,7,29,19,56,1.45,owlvit
AOI_2_Vegas_img1582,AOI_2_Vegas,AOI_2_Vegas:-11527:3619,test,owlvit,area,fixed,1.8,0.25,4,11,19,53,0.7,owlvit
AOI_2_Vegas_img1582,AOI_2_Vegas,AOI_2_Vegas:-11527:3619,test,owlvit,area,fixed,2.4,0.25,1,5,19,33,0.35,owlvit
AOI_2_Vegas_img1582,AOI_2_Vegas,AOI_2_Vegas:-11527:3619,test,owlvit,area,fixed,3.6,0.25,0,1,19,23,0.0,owlvit
AOI_2_Vegas_img1582,AOI_2_Vegas,AOI_2_Vegas:-11527:3619,test,owlvit,area,fixed,5.0,0.25,4,6,19,82,0.45,owlvit
AOI_2_Vegas_img1582,AOI_2_Vegas,AOI_2_Vegas:-11527:3619,test,owlvit,area,fixed,10.0,0.25,0,0,19,0,0.0,owlvit
AOI_2_Vegas_img1601,AOI_2_Vegas,AOI_2_Vegas:-11527:3623,test,owlvit,area,fixed,0.3,0.25,12,48,17,50,3.7,owlvit
AOI_2_Vegas_img1601,AOI_2_Vegas,AOI_2_Vegas:-11527:3623,test,owlvit,area,fixed,0.45,0.25,10,39,17,49,4.0,owlvit
AOI_2_Vegas_img1601,AOI_2_Vegas,AOI_2_Vegas:-11527:3623,test,owlvit,area,fixed,0.6,0.25,11,41,17,51,3.5,owlvit
AOI_2_Vegas_img1601,AOI_2_Vegas,AOI_2_Vegas:-11527:3623,test,owlvit,area,fixed,0.9,0.25,10,37,17,54,3.55,owlvit
AOI_2_Vegas_img1601,AOI_2_Vegas,AOI_2_Vegas:-11527:3623,test,owlvit,area,fixed,1.2,0.25,7,30,17,53,2.65,owlvit
AOI_2_Vegas_img1601,AOI_2_Vegas,AOI_2_Vegas:-11527:3623,test,owlvit,area,fixed,1.8,0.25,7,26,17,52,2.35,owlvit
AOI_2_Vegas_img1601,AOI_2_Vegas,AOI_2_Vegas:-11527:3623,test,owlvit,area,fixed,2.4,0.25,5,12,17,34,1.95,owlvit
AOI_2_Vegas_img1601,AOI_2_Vegas,AOI_2_Vegas:-11527:3623,test,owlvit,area,fixed,3.6,0.25,1,1,17,6,0.1,owlvit
AOI_2_Vegas_img1601,AOI_2_Vegas,AOI_2_Vegas:-11527:3623,test,owlvit,area,fixed,5.0,0.25,0,0,17,3,0.0,owlvit
AOI_2_Vegas_img1601,AOI_2_Vegas,AOI_2_Vegas:-11527:3623,test,owlvit,area,fixed,10.0,0.25,0,0,17,1,0.0,owlvit
AOI_2_Vegas_img1605,AOI_2_Vegas,AOI_2_Vegas:-11527:3612,test,owlvit,area,fixed,0.3,0.25,17,22,22,40,1.4,owlvit
AOI_2_Vegas_img1605,AOI_2_Vegas,AOI_2_Vegas:-11527:3612,test,owlvit,area,fixed,0.45,0.25,17,22,22,39,2.0,owlvit
AOI_2_Vegas_img1605,AOI_2_Vegas,AOI_2_Vegas:-11527:3612,test,owlvit,area,fixed,0.6,0.25,16,20,22,36,1.4,owlvit
AOI_2_Vegas_img1605,AOI_2_Vegas,AOI_2_Vegas:-11527:3612,test,owlvit,area,fixed,0.9,0.25,16,19,22,29,1.65,owlvit
AOI_2_Vegas_img1605,AOI_2_Vegas,AOI_2_Vegas:-11527:3612,test,owlvit,area,fixed,1.2,0.25,15,18,22,22,1.15,owlvit
AOI_2_Vegas_img1605,AOI_2_Vegas,AOI_2_Vegas:-11527:3612,test,owlvit,area,fixed,1.8,0.25,13,15,22,22,0.95,owlvit
AOI_2_Vegas_img1605,AOI_2_Vegas,AOI_2_Vegas:-11527:3612,test,owlvit,area,fixed,2.4,0.25,0,0,22,15,0.0,owlvit
AOI_2_Vegas_img1605,AOI_2_Vegas,AOI_2_Vegas:-11527:3612,test,owlvit,area,fixed,3.6,0.25,0,0,22,14,0.0,owlvit
AOI_2_Vegas_img1605,AOI_2_Vegas,AOI_2_Vegas:-11527:3612,test,owlvit,area,fixed,5.0,0.25,0,0,22,13,0.0,owlvit
AOI_2_Vegas_img1605,AOI_2_Vegas,AOI_2_Vegas:-11527:3612,test,owlvit,area,fixed,10.0,0.25,0,0,22,1,0.0,owlvit
AOI_2_Vegas_img1626,AOI_2_Vegas,AOI_2_Vegas:-11527:3616,test,owlvit,area,fixed,0.3,0.25,22,29,38,29,5.8,owlvit
AOI_2_Vegas_img1626,AOI_2_Vegas,AOI_2_Vegas:-11527:3616,test,owlvit,area,fixed,0.45,0.25,20,30,38,28,5.9,owlvit
AOI_2_Vegas_img1626,AOI_2_Vegas,AOI_2_Vegas:-11527:3616,test,owlvit,area,fixed,0.6,0.25,20,28,38,29,6.25,owlvit
AOI_2_Vegas_img1626,AOI_2_Vegas,AOI_2_Vegas:-11527:3616,test,owlvit,area,fixed,0.9,0.25,18,24,38,32,5.5,owlvit
AOI_2_Vegas_img1626,AOI_2_Vegas,AOI_2_Vegas:-11527:3616,test,owlvit,area,fixed,1.2,0.25,17,25,38,28,5.05,owlvit
AOI_2_Vegas_img1626,AOI_2_Vegas,AOI_2_Vegas:-11527:3616,test,owlvit,area,fixed,1.8,0.25,10,13,38,20,3.0,owlvit
AOI_2_Vegas_img1626,AOI_2_Vegas,AOI_2_Vegas:-11527:3616,test,owlvit,area,fixed,2.4,0.25,3,3,38,9,0.65,owlvit
AOI_2_Vegas_img1626,AOI_2_Vegas,AOI_2_Vegas:-11527:3616,test,owlvit,area,fixed,3.6,0.25,0,0,38,5,0.0,owlvit
AOI_2_Vegas_img1626,AOI_2_Vegas,AOI_2_Vegas:-11527:3616,test,owlvit,area,fixed,5.0,0.25,0,0,38,3,0.0,owlvit
AOI_2_Vegas_img1626,AOI_2_Vegas,AOI_2_Vegas:-11527:3616,test,owlvit,area,fixed,10.0,0.25,0,0,38,1,0.0,owlvit
AOI_2_Vegas_img166,AOI_2_Vegas,AOI_2_Vegas:-11531:3612,test,owlvit,area,fixed,0.3,0.25,17,38,18,13,3.85,owlvit
AOI_2_Vegas_img166,AOI_2_Vegas,AOI_2_Vegas:-11531:3612,test,owlvit,area,fixed,0.45,0.25,16,32,18,10,2.95,owlvit
AOI_2_Vegas_img166,AOI_2_Vegas,AOI_2_Vegas:-11531:3612,test,owlvit,area,fixed,0.6,0.25,17,31,18,9,2.9,owlvit
AOI_2_Vegas_img166,AOI_2_Vegas,AOI_2_Vegas:-11531:3612,test,owlvit,area,fixed,0.9,0.25,17,33,18,12,3.65,owlvit
AOI_2_Vegas_img166,AOI_2_Vegas,AOI_2_Vegas:-11531:3612,test,owlvit,area,fixed,1.2,0.25,17,37,18,12,3.6,owlvit
AOI_2_Vegas_img166,AOI_2_Vegas,AOI_2_Vegas:-11531:3612,test,owlvit,area,fixed,1.8,0.25,16,28,18,6,2.8,owlvit
AOI_2_Vegas_img166,AOI_2_Vegas,AOI_2_Vegas:-11531:3612,test,owlvit,area,fixed,2.4,0.25,7,9,18,4,1.4,owlvit
AOI_2_Vegas_img166,AOI_2_Vegas,AOI_2_Vegas:-11531:3612,test,owlvit,area,fixed,3.6,0.25,6,7,18,2,0.85,owlvit
AOI_2_Vegas_img166,AOI_2_Vegas,AOI_2_Vegas:-11531:3612,test,owlvit,area,fixed,5.0,0.25,0,0,18,0,0.0,owlvit
AOI_2_Vegas_img166,AOI_2_Vegas,AOI_2_Vegas:-11531:3612,test,owlvit,area,fixed,10.0,0.25,0,0,18,1,0.0,owlvit
AOI_2_Vegas_img1669,AOI_2_Vegas,AOI_2_Vegas:-11526:3613,test,owlvit,area,fixed,0.3,0.25,14,74,28,38,5.35,owlvit
AOI_2_Vegas_img1669,AOI_2_Vegas,AOI_2_Vegas:-11526:3613,test,owlvit,area,fixed,0.45,0.25,14,57,28,37,5.55,owlvit
AOI_2_Vegas_img1669,AOI_2_Vegas,AOI_2_Vegas:-11526:3613,test,owlvit,area,fixed,0.6,0.25,16,56,28,38,4.9,owlvit
AOI_2_Vegas_img1669,AOI_2_Vegas,AOI_2_Vegas:-11526:3613,test,owlvit,area,fixed,0.9,0.25,15,42,28,38,4.55,owlvit
AOI_2_Vegas_img1669,AOI_2_Vegas,AOI_2_Vegas:-11526:3613,test,owlvit,area,fixed,1.2,0.25,11,20,28,32,2.55,owlvit
AOI_2_Vegas_img1669,AOI_2_Vegas,AOI_2_Vegas:-11526:3613,test,owlvit,area,fixed,1.8,0.25,5,6,28,13,1.15,owlvit
AOI_2_Vegas_img1669,AOI_2_Vegas,AOI_2_Vegas:-11526:3613,test,owlvit,area,fixed,2.4,0.25,8,12,28,57,2.0,owlvit
AOI_2_Vegas_img1669,AOI_2_Vegas,AOI_2_Vegas:-11526:3613,test,owlvit,area,fixed,3.6,0.25,1,1,28,4,0.0,owlvit
AOI_2_Vegas_img1669,AOI_2_Vegas,AOI_2_Vegas:-11526:3613,test,owlvit,area,fixed,5.0,0.25,0,0,28,1,0.0,owlvit
AOI_2_Vegas_img1669,AOI_2_Vegas,AOI_2_Vegas:-11526:3613,test,owlvit,area,fixed,10.0,0.25,0,0,28,0,0.0,owlvit
AOI_2_Vegas_img1671,AOI_2_Vegas,AOI_2_Vegas:-11526:3613,test,owlvit,area,fixed,0.3,0.25,14,49,21,38,3.15,owlvit
AOI_2_Vegas_img1671,AOI_2_Vegas,AOI_2_Vegas:-11526:3613,test,owlvit,area,fixed,0.45,0.25,14,43,21,40,2.7,owlvit
AOI_2_Vegas_img1671,AOI_2_Vegas,AOI_2_Vegas:-11526:3613,test,owlvit,area,fixed,0.6,0.25,13,37,21,39,2.45,owlvit
AOI_2_Vegas_img1671,AOI_2_Vegas,AOI_2_Vegas:-11526:3613,test,owlvit,area,fixed,0.9,0.25,10,36,21,42,3.2,owlvit
AOI_2_Vegas_img1671,AOI_2_Vegas,AOI_2_Vegas:-11526:3613,test,owlvit,area,fixed,1.2,0.25,11,28,21,36,2.85,owlvit
AOI_2_Vegas_img1671,AOI_2_Vegas,AOI_2_Vegas:-11526:3613,test,owlvit,area,fixed,1.8,0.25,5,13,21,30,1.3,owlvit
AOI_2_Vegas_img1671,AOI_2_Vegas,AOI_2_Vegas:-11526:3613,test,owlvit,area,fixed,2.4,0.25,1,3,21,14,0.4,owlvit
AOI_2_Vegas_img1671,AOI_2_Vegas,AOI_2_Vegas:-11526:3613,test,owlvit,area,fixed,3.6,0.25,1,1,21,5,0.2,owlvit
AOI_2_Vegas_img1671,AOI_2_Vegas,AOI_2_Vegas:-11526:3613,test,owlvit,area,fixed,5.0,0.25,0,0,21,2,0.0,owlvit
AOI_2_Vegas_img1671,AOI_2_Vegas,AOI_2_Vegas:-11526:3613,test,owlvit,area,fixed,10.0,0.25,0,0,21,0,0.0,owlvit
AOI_2_Vegas_img1697,AOI_2_Vegas,AOI_2_Vegas:-11526:3618,test,owlvit,area,fixed,0.3,0.25,4,16,9,48,0.45,owlvit
AOI_2_Vegas_img1697,AOI_2_Vegas,AOI_2_Vegas:-11526:3618,test,owlvit,area,fixed,0.45,0.25,4,10,9,39,0.45,owlvit
AOI_2_Vegas_img1697,AOI_2_Vegas,AOI_2_Vegas:-11526:3618,test,owlvit,area,fixed,0.6,0.25,4,11,9,41,0.5,owlvit
AOI_2_Vegas_img1697,AOI_2_Vegas,AOI_2_Vegas:-11526:3618,test,owlvit,area,fixed,0.9,0.25,1,2,9,27,0.1,owlvit
AOI_2_Vegas_img1697,AOI_2_Vegas,AOI_2_Vegas:-11526:3618,test,owlvit,area,fixed,1.2,0.25,0,0,9,14,0.0,owlvit
AOI_2_Vegas_img1697,AOI_2_Vegas,AOI_2_Vegas:-11526:3618,test,owlvit,area,fixed,1.8,0.25,0,0,9,5,0.0,owlvit
AOI_2_Vegas_img1697,AOI_2_Vegas,AOI_2_Vegas:-11526:3618,test,owlvit,area,fixed,2.4,0.25,0,0,9,2,0.0,owlvit
AOI_2_Vegas_img1697,AOI_2_Vegas,AOI_2_Vegas:-11526:3618,test,owlvit,area,fixed,3.6,0.25,0,0,9,5,0.0,owlvit
AOI_2_Vegas_img1697,AOI_2_Vegas,AOI_2_Vegas:-11526:3618,test,owlvit,area,fixed,5.0,0.25,0,0,9,5,0.0,owlvit
AOI_2_Vegas_img1697,AOI_2_Vegas,AOI_2_Vegas:-11526:3618,test,owlvit,area,fixed,10.0,0.25,0,0,9,1,0.0,owlvit
AOI_2_Vegas_img1746,AOI_2_Vegas,AOI_2_Vegas:-11526:3615,test,owlvit,area,fixed,0.3,0.25,9,43,18,35,3.1,owlvit
AOI_2_Vegas_img1746,AOI_2_Vegas,AOI_2_Vegas:-11526:3615,test,owlvit,area,fixed,0.45,0.25,9,35,18,33,2.5,owlvit
AOI_2_Vegas_img1746,AOI_2_Vegas,AOI_2_Vegas:-11526:3615,test,owlvit,area,fixed,0.6,0.25,8,31,18,34,1.9,owlvit
AOI_2_Vegas_img1746,AOI_2_Vegas,AOI_2_Vegas:-11526:3615,test,owlvit,area,fixed,0.9,0.25,5,15,18,25,0.9,owlvit
AOI_2_Vegas_img1746,AOI_2_Vegas,AOI_2_Vegas:-11526:3615,test,owlvit,area,fixed,1.2,0.25,5,15,18,23,1.35,owlvit
AOI_2_Vegas_img1746,AOI_2_Vegas,AOI_2_Vegas:-11526:3615,test,owlvit,area,fixed,1.8,0.25,4,8,18,26,1.05,owlvit
AOI_2_Vegas_img1746,AOI_2_Vegas,AOI_2_Vegas:-11526:3615,test,owlvit,area,fixed,2.4,0.25,3,3,18,13,0.45,owlvit
AOI_2_Vegas_img1746,AOI_2_Vegas,AOI_2_Vegas:-11526:3615,test,owlvit,area,fixed,3.6,0.25,0,0,18,7,0.0,owlvit
AOI_2_Vegas_img1746,AOI_2_Vegas,AOI_2_Vegas:-11526:3615,test,owlvit,area,fixed,5.0,0.25,0,0,18,6,0.0,owlvit
AOI_2_Vegas_img1746,AOI_2_Vegas,AOI_2_Vegas:-11526:3615,test,owlvit,area,fixed,10.0,0.25,0,0,18,0,0.0,owlvit
AOI_2_Vegas_img1762,AOI_2_Vegas,AOI_2_Vegas:-11526:3618,test,owlvit,area,fixed,0.3,0.25,5,6,71,17,1.65,owlvit
AOI_2_Vegas_img1762,AOI_2_Vegas,AOI_2_Vegas:-11526:3618,test,owlvit,area,fixed,0.45,0.25,3,4,71,21,0.85,owlvit
AOI_2_Vegas_img1762,AOI_2_Vegas,AOI_2_Vegas:-11526:3618,test,owlvit,area,fixed,0.6,0.25,2,3,71,14,0.65,owlvit
AOI_2_Vegas_img1762,AOI_2_Vegas,AOI_2_Vegas:-11526:3618,test,owlvit,area,fixed,0.9,0.25,0,0,71,9,0.0,owlvit
AOI_2_Vegas_img1762,AOI_2_Vegas,AOI_2_Vegas:-11526:3618,test,owlvit,area,fixed,1.2,0.25,0,0,71,6,0.0,owlvit
AOI_2_Vegas_img1762,AOI_2_Vegas,AOI_2_Vegas:-11526:3618,test,owlvit,area,fixed,1.8,0.25,0,0,71,1,0.0,owlvit
AOI_2_Vegas_img1762,AOI_2_Vegas,AOI_2_Vegas:-11526:3618,test,owlvit,area,fixed,2.4,0.25,0,0,71,1,0.0,owlvit
AOI_2_Vegas_img1762,AOI_2_Vegas,AOI_2_Vegas:-11526:3618,test,owlvit,area,fixed,3.6,0.25,0,0,71,1,0.0,owlvit
AOI_2_Vegas_img1762,AOI_2_Vegas,AOI_2_Vegas:-11526:3618,test,owlvit,area,fixed,5.0,0.25,0,0,71,1,0.0,owlvit
AOI_2_Vegas_img1762,AOI_2_Vegas,AOI_2_Vegas:-11526:3618,test,owlvit,area,fixed,10.0,0.25,0,0,71,0,0.0,owlvit
AOI_2_Vegas_img1773,AOI_2_Vegas,AOI_2_Vegas:-11526:3620,test,owlvit,area,fixed,0.3,0.25,1,4,9,33,0.0,owlvit
AOI_2_Vegas_img1773,AOI_2_Vegas,AOI_2_Vegas:-11526:3620,test,owlvit,area,fixed,0.45,0.25,1,3,9,26,0.05,owlvit
AOI_2_Vegas_img1773,AOI_2_Vegas,AOI_2_Vegas:-11526:3620,test,owlvit,area,fixed,0.6,0.25,1,1,9,24,0.05,owlvit
AOI_2_Vegas_img1773,AOI_2_Vegas,AOI_2_Vegas:-11526:3620,test,owlvit,area,fixed,0.9,0.25,1,1,9,18,0.0,owlvit
AOI_2_Vegas_img1773,AOI_2_Vegas,AOI_2_Vegas:-11526:3620,test,owlvit,area,fixed,1.2,0.25,0,0,9,16,0.0,owlvit
AOI_2_Vegas_img1773,AOI_2_Vegas,AOI_2_Vegas:-11526:3620,test,owlvit,area,fixed,1.8,0.25,0,0,9,18,0.0,owlvit
AOI_2_Vegas_img1773,AOI_2_Vegas,AOI_2_Vegas:-11526:3620,test,owlvit,area,fixed,2.4,0.25,0,0,9,17,0.0,owlvit
AOI_2_Vegas_img1773,AOI_2_Vegas,AOI_2_Vegas:-11526:3620,test,owlvit,area,fixed,3.6,0.25,0,1,9,17,0.0,owlvit
AOI_2_Vegas_img1773,AOI_2_Vegas,AOI_2_Vegas:-11526:3620,test,owlvit,area,fixed,5.0,0.25,0,0,9,6,0.0,owlvit
AOI_2_Vegas_img1773,AOI_2_Vegas,AOI_2_Vegas:-11526:3620,test,owlvit,area,fixed,10.0,0.25,0,0,9,0,0.0,owlvit
AOI_2_Vegas_img1784,AOI_2_Vegas,AOI_2_Vegas:-11526:3622,test,owlvit,area,fixed,0.3,0.25,26,69,53,38,8.0,owlvit
AOI_2_Vegas_img1784,AOI_2_Vegas,AOI_2_Vegas:-11526:3622,test,owlvit,area,fixed,0.45,0.25,26,66,53,37,7.65,owlvit
AOI_2_Vegas_img1784,AOI_2_Vegas,AOI_2_Vegas:-11526:3622,test,owlvit,area,fixed,0.6,0.25,25,59,53,37,6.35,owlvit
AOI_2_Vegas_img1784,AOI_2_Vegas,AOI_2_Vegas:-11526:3622,test,owlvit,area,fixed,0.9,0.25,21,49,53,37,6.2,owlvit
AOI_2_Vegas_img1784,AOI_2_Vegas,AOI_2_Vegas:-11526:3622,test,owlvit,area,fixed,1.2,0.25,19,35,53,32,5.0,owlvit
AOI_2_Vegas_img1784,AOI_2_Vegas,AOI_2_Vegas:-11526:3622,test,owlvit,area,fixed,1.8,0.25,17,26,53,31,4.1,owlvit
AOI_2_Vegas_img1784,AOI_2_Vegas,AOI_2_Vegas:-11526:3622,test,owlvit,area,fixed,2.4,0.25,13,13,53,17,1.95,owlvit
AOI_2_Vegas_img1784,AOI_2_Vegas,AOI_2_Vegas:-11526:3622,test,owlvit,area,fixed,3.6,0.25,3,4,53,8,0.6,owlvit
AOI_2_Vegas_img1784,AOI_2_Vegas,AOI_2_Vegas:-11526:3622,test,owlvit,area,fixed,5.0,0.25,0,0,53,6,0.0,owlvit
AOI_2_Vegas_img1784,AOI_2_Vegas,AOI_2_Vegas:-11526:3622,test,owlvit,area,fixed,10.0,0.25,0,0,53,0,0.0,owlvit
AOI_2_Vegas_img1791,AOI_2_Vegas,AOI_2_Vegas:-11526:3612,test,owlvit,area,fixed,0.3,0.25,3,12,6,25,0.1,owlvit
AOI_2_Vegas_img1791,AOI_2_Vegas,AOI_2_Vegas:-11526:3612,test,owlvit,area,fixed,0.45,0.25,2,6,6,22,0.1,owlvit
AOI_2_Vegas_img1791,AOI_2_Vegas,AOI_2_Vegas:-11526:3612,test,owlvit,area,fixed,0.6,0.25,1,4,6,23,0.1,owlvit
AOI_2_Vegas_img1791,AOI_2_Vegas,AOI_2_Vegas:-11526:3612,test,owlvit,area,fixed,0.9,0.25,0,1,6,19,0.0,owlvit
AOI_2_Vegas_img1791,AOI_2_Vegas,AOI_2_Vegas:-11526:3612,test,owlvit,area,fixed,1.2,0.25,1,2,6,17,0.1,owlvit
AOI_2_Vegas_img1791,AOI_2_Vegas,AOI_2_Vegas:-11526:3612,test,owlvit,area,fixed,1.8,0.25,0,0,6,14,0.0,owlvit
AOI_2_Vegas_img1791,AOI_2_Vegas,AOI_2_Vegas:-11526:3612,test,owlvit,area,fixed,2.4,0.25,0,0,6,10,0.0,owlvit
AOI_2_Vegas_img1791,AOI_2_Vegas,AOI_2_Vegas:-11526:3612,test,owlvit,area,fixed,3.6,0.25,0,0,6,6,0.0,owlvit
AOI_2_Vegas_img1791,AOI_2_Vegas,AOI_2_Vegas:-11526:3612,test,owlvit,area,fixed,5.0,0.25,0,0,6,7,0.0,owlvit
AOI_2_Vegas_img1791,AOI_2_Vegas,AOI_2_Vegas:-11526:3612,test,owlvit,area,fixed,10.0,0.25,0,0,6,0,0.0,owlvit
AOI_2_Vegas_img1816,AOI_2_Vegas,AOI_2_Vegas:-11526:3617,test,owlvit,area,fixed,0.3,0.25,30,84,45,45,13.25,owlvit
AOI_2_Vegas_img1816,AOI_2_Vegas,AOI_2_Vegas:-11526:3617,test,owlvit,area,fixed,0.45,0.25,30,66,45,35,12.55,owlvit
AOI_2_Vegas_img1816,AOI_2_Vegas,AOI_2_Vegas:-11526:3617,test,owlvit,area,fixed,0.6,0.25,29,59,45,42,11.0,owlvit
AOI_2_Vegas_img1816,AOI_2_Vegas,AOI_2_Vegas:-11526:3617,test,owlvit,area,fixed,0.9,0.25,32,50,45,32,9.9,owlvit
AOI_2_Vegas_img1816,AOI_2_Vegas,AOI_2_Vegas:-11526:3617,test,owlvit,area,fixed,1.2,0.25,22,34,45,33,7.75,owlvit
AOI_2_Vegas_img1816,AOI_2_Vegas,AOI_2_Vegas:-11526:3617,test,owlvit,area,fixed,1.8,0.25,15,17,45,28,5.1,owlvit
AOI_2_Vegas_img1816,AOI_2_Vegas,AOI_2_Vegas:-11526:3617,test,owlvit,area,fixed,2.4,0.25,2,3,45,7,0.75,owlvit
AOI_2_Vegas_img1816,AOI_2_Vegas,AOI_2_Vegas:-11526:3617,test,owlvit,area,fixed,3.6,0.25,0,0,45,2,0.0,owlvit
AOI_2_Vegas_img1816,AOI_2_Vegas,AOI_2_Vegas:-11526:3617,test,owlvit,area,fixed,5.0,0.25,0,0,45,3,0.0,owlvit
AOI_2_Vegas_img1816,AOI_2_Vegas,AOI_2_Vegas:-11526:3617,test,owlvit,area,fixed,10.0,0.25,0,0,45,2,0.0,owlvit
AOI_2_Vegas_img1827,AOI_2_Vegas,AOI_2_Vegas:-11526:3619,test,owlvit,area,fixed,0.3,0.25,0,0,58,9,0.0,owlvit
AOI_2_Vegas_img1827,AOI_2_Vegas,AOI_2_Vegas:-11526:3619,test,owlvit,area,fixed,0.45,0.25,0,0,58,15,0.0,owlvit
AOI_2_Vegas_img1827,AOI_2_Vegas,AOI_2_Vegas:-11526:3619,test,owlvit,area,fixed,0.6,0.25,0,0,58,8,0.0,owlvit
AOI_2_Vegas_img1827,AOI_2_Vegas,AOI_2_Vegas:-11526:3619,test,owlvit,area,fixed,0.9,0.25,0,0,58,7,0.0,owlvit
AOI_2_Vegas_img1827,AOI_2_Vegas,AOI_2_Vegas:-11526:3619,test,owlvit,area,fixed,1.2,0.25,0,0,58,8,0.0,owlvit
AOI_2_Vegas_img1827,AOI_2_Vegas,AOI_2_Vegas:-11526:3619,test,owlvit,area,fixed,1.8,0.25,0,0,58,6,0.0,owlvit
AOI_2_Vegas_img1827,AOI_2_Vegas,AOI_2_Vegas:-11526:3619,test,owlvit,area,fixed,2.4,0.25,0,0,58,3,0.0,owlvit
AOI_2_Vegas_img1827,AOI_2_Vegas,AOI_2_Vegas:-11526:3619,test,owlvit,area,fixed,3.6,0.25,0,0,58,2,0.0,owlvit
AOI_2_Vegas_img1827,AOI_2_Vegas,AOI_2_Vegas:-11526:3619,test,owlvit,area,fixed,5.0,0.25,0,0,58,1,0.0,owlvit
AOI_2_Vegas_img1827,AOI_2_Vegas,AOI_2_Vegas:-11526:3619,test,owlvit,area,fixed,10.0,0.25,0,0,58,0,0.0,owlvit
AOI_2_Vegas_img1862,AOI_2_Vegas,AOI_2_Vegas:-11526:3614,test,owlvit,area,fixed,0.3,0.25,6,58,13,52,1.25,owlvit
AOI_2_Vegas_img1862,AOI_2_Vegas,AOI_2_Vegas:-11526:3614,test,owlvit,area,fixed,0.45,0.25,6,56,13,50,1.9,owlvit
AOI_2_Vegas_img1862,AOI_2_Vegas,AOI_2_Vegas:-11526:3614,test,owlvit,area,fixed,0.6,0.25,6,53,13,51,1.3,owlvit
AOI_2_Vegas_img1862,AOI_2_Vegas,AOI_2_Vegas:-11526:3614,test,owlvit,area,fixed,0.9,0.25,6,39,13,52,0.95,owlvit
AOI_2_Vegas_img1862,AOI_2_Vegas,AOI_2_Vegas:-11526:3614,test,owlvit,area,fixed,1.2,0.25,6,27,13,54,1.2,owlvit
AOI_2_Vegas_img1862,AOI_2_Vegas,AOI_2_Vegas:-11526:3614,test,owlvit,area,fixed,1.8,0.25,4,7,13,36,0.5,owlvit
AOI_2_Vegas_img1862,AOI_2_Vegas,AOI_2_Vegas:-11526:3614,test,owlvit,area,fixed,2.4,0.25,1,2,13,30,0.25,owlvit
AOI_2_Vegas_img1862,AOI_2_Vegas,AOI_2_Vegas:-11526:3614,test,owlvit,area,fixed,3.6,0.25,0,0,13,25,0.0,owlvit
AOI_2_Vegas_img1862,AOI_2_Vegas,AOI_2_Vegas:-11526:3614,test,owlvit,area,fixed,5.0,0.25,0,0,13,18,0.0,owlvit
AOI_2_Vegas_img1862,AOI_2_Vegas,AOI_2_Vegas:-11526:3614,test,owlvit,area,fixed,10.0,0.25,0,0,13,2,0.0,owlvit
AOI_2_Vegas_img189,AOI_2_Vegas,AOI_2_Vegas:-11531:3616,test,owlvit,area,fixed,0.3,0.25,7,12,17,24,1.85,owlvit
AOI_2_Vegas_img189,AOI_2_Vegas,AOI_2_Vegas:-11531:3616,test,owlvit,area,fixed,0.45,0.25,6,8,17,21,1.25,owlvit
AOI_2_Vegas_img189,AOI_2_Vegas,AOI_2_Vegas:-11531:3616,test,owlvit,area,fixed,0.6,0.25,5,7,17,19,1.15,owlvit
AOI_2_Vegas_img189,AOI_2_Vegas,AOI_2_Vegas:-11531:3616,test,owlvit,area,fixed,0.9,0.25,6,9,17,21,1.35,owlvit
AOI_2_Vegas_img189,AOI_2_Vegas,AOI_2_Vegas:-11531:3616,test,owlvit,area,fixed,1.2,0.25,6,11,17,17,1.2,owlvit
AOI_2_Vegas_img189,AOI_2_Vegas,AOI_2_Vegas:-11531:3616,test,owlvit,area,fixed,1.8,0.25,4,4,17,15,0.75,owlvit
AOI_2_Vegas_img189,AOI_2_Vegas,AOI_2_Vegas:-11531:3616,test,owlvit,area,fixed,2.4,0.25,1,1,17,7,0.2,owlvit
AOI_2_Vegas_img189,AOI_2_Vegas,AOI_2_Vegas:-11531:3616,test,owlvit,area,fixed,3.6,0.25,0,0,17,3,0.0,owlvit
AOI_2_Vegas_img189,AOI_2_Vegas,AOI_2_Vegas:-11531:3616,test,owlvit,area,fixed,5.0,0.25,0,0,17,3,0.0,owlvit
AOI_2_Vegas_img189,AOI_2_Vegas,AOI_2_Vegas:-11531:3616,test,owlvit,area,fixed,10.0,0.25,0,0,17,0,0.0,owlvit
AOI_2_Vegas_img1894,AOI_2_Vegas,AOI_2_Vegas:-11526:3620,test,owlvit,area,fixed,0.3,0.25,1,12,9,53,0.1,owlvit
AOI_2_Vegas_img1894,AOI_2_Vegas,AOI_2_Vegas:-11526:3620,test,owlvit,area,fixed,0.45,0.25,1,6,9,49,0.0,owlvit
AOI_2_Vegas_img1894,AOI_2_Vegas,AOI_2_Vegas:-11526:3620,test,owlvit,area,fixed,0.6,0.25,0,4,9,46,0.05,owlvit
AOI_2_Vegas_img1894,AOI_2_Vegas,AOI_2_Vegas:-11526:3620,test,owlvit,area,fixed,0.9,0.25,0,1,9,31,0.0,owlvit
AOI_2_Vegas_img1894,AOI_2_Vegas,AOI_2_Vegas:-11526:3620,test,owlvit,area,fixed,1.2,0.25,0,0,9,30,0.0,owlvit
AOI_2_Vegas_img1894,AOI_2_Vegas,AOI_2_Vegas:-11526:3620,test,owlvit,area,fixed,1.8,0.25,0,0,9,10,0.0,owlvit
AOI_2_Vegas_img1894,AOI_2_Vegas,AOI_2_Vegas:-11526:3620,test,owlvit,area,fixed,2.4,0.25,0,0,9,3,0.0,owlvit
AOI_2_Vegas_img1894,AOI_2_Vegas,AOI_2_Vegas:-11526:3620,test,owlvit,area,fixed,3.6,0.25,0,0,9,1,0.0,owlvit
AOI_2_Vegas_img1894,AOI_2_Vegas,AOI_2_Vegas:-11526:3620,test,owlvit,area,fixed,5.0,0.25,0,0,9,0,0.0,owlvit
AOI_2_Vegas_img1894,AOI_2_Vegas,AOI_2_Vegas:-11526:3620,test,owlvit,area,fixed,10.0,0.25,0,0,9,0,0.0,owlvit
AOI_2_Vegas_img190,AOI_2_Vegas,AOI_2_Vegas:-11531:3616,test,owlvit,area,fixed,0.3,0.25,15,44,22,21,4.3,owlvit
AOI_2_Vegas_img190,AOI_2_Vegas,AOI_2_Vegas:-11531:3616,test,owlvit,area,fixed,0.45,0.25,16,40,22,19,4.25,owlvit
AOI_2_Vegas_img190,AOI_2_Vegas,AOI_2_Vegas:-11531:3616,test,owlvit,area,fixed,0.6,0.25,15,46,22,24,5.15,owlvit
AOI_2_Vegas_img190,AOI_2_Vegas,AOI_2_Vegas:-11531:3616,test,owlvit,area,fixed,0.9,0.25,15,40,22,22,4.45,owlvit
AOI_2_Vegas_img190,AOI_2_Vegas,AOI_2_Vegas:-11531:3616,test,owlvit,area,fixed,1.2,0.25,16,38,22,19,4.65,owlvit
AOI_2_Vegas_img190,AOI_2_Vegas,AOI_2_Vegas:-11531:3616,test,owlvit,area,fixed,1.8,0.25,14,25,22,18,2.95,owlvit
AOI_2_Vegas_img190,AOI_2_Vegas,AOI_2_Vegas:-11531:3616,test,owlvit,area,fixed,2.4,0.25,11,19,22,25,2.55,owlvit
AOI_2_Vegas_img190,AOI_2_Vegas,AOI_2_Vegas:-11531:3616,test,owlvit,area,fixed,3.6,0.25,4,6,22,22,1.1,owlvit
AOI_2_Vegas_img190,AOI_2_Vegas,AOI_2_Vegas:-11531:3616,test,owlvit,area,fixed,5.0,0.25,0,0,22,2,0.0,owlvit
AOI_2_Vegas_img190,AOI_2_Vegas,AOI_2_Vegas:-11531:3616,test,owlvit,area,fixed,10.0,0.25,0,0,22,0,0.0,owlvit
AOI_2_Vegas_img1915,AOI_2_Vegas,AOI_2_Vegas:-11526:3612,test,owlvit,area,fixed,0.3,0.25,9,32,18,33,1.7,owlvit
AOI_2_Vegas_img1915,AOI_2_Vegas,AOI_2_Vegas:-11526:3612,test,owlvit,area,fixed,0.45,0.25,9,31,18,33,1.35,owlvit
AOI_2_Vegas_img1915,AOI_2_Vegas,AOI_2_Vegas:-11526:3612,test,owlvit,area,fixed,0.6,0.25,9,30,18,36,1.5,owlvit
AOI_2_Vegas_img1915,AOI_2_Vegas,AOI_2_Vegas:-11526:3612,test,owlvit,area,fixed,0.9,0.25,8,25,18,35,1.5,owlvit
AOI_2_Vegas_img1915,AOI_2_Vegas,AOI_2_Vegas:-11526:3612,test,owlvit,area,fixed,1.2,0.25,6,15,18,27,0.85,owlvit
AOI_2_Vegas_img1915,AOI_2_Vegas,AOI_2_Vegas:-11526:3612,test,owlvit,area,fixed,1.8,0.25,2,4,18,17,0.3,owlvit
AOI_2_Vegas_img1915,AOI_2_Vegas,AOI_2_Vegas:-11526:3612,test,owlvit,area,fixed,2.4,0.25,1,1,18,10,0.05,owlvit
AOI_2_Vegas_img1915,AOI_2_Vegas,AOI_2_Vegas:-11526:3612,test,owlvit,area,fixed,3.6,0.25,0,0,18,7,0.0,owlvit
AOI_2_Vegas_img1915,AOI_2_Vegas,AOI_2_Vegas:-11526:3612,test,owlvit,area,fixed,5.0,0.25,0,0,18,5,0.0,owlvit
AOI_2_Vegas_img1915,AOI_2_Vegas,AOI_2_Vegas:-11526:3612,test,owlvit,area,fixed,10.0,0.25,0,0,18,2,0.0,owlvit
AOI_2_Vegas_img1970,AOI_2_Vegas,AOI_2_Vegas:-11526:3622,test,owlvit,area,fixed,0.3,0.25,0,0,1,16,0.0,owlvit
AOI_2_Vegas_img1970,AOI_2_Vegas,AOI_2_Vegas:-11526:3622,test,owlvit,area,fixed,0.45,0.25,0,0,1,15,0.0,owlvit
AOI_2_Vegas_img1970,AOI_2_Vegas,AOI_2_Vegas:-11526:3622,test,owlvit,area,fixed,0.6,0.25,0,0,1,17,0.0,owlvit
AOI_2_Vegas_img1970,AOI_2_Vegas,AOI_2_Vegas:-11526:3622,test,owlvit,area,fixed,0.9,0.25,0,0,1,15,0.0,owlvit
AOI_2_Vegas_img1970,AOI_2_Vegas,AOI_2_Vegas:-11526:3622,test,owlvit,area,fixed,1.2,0.25,0,0,1,11,0.0,owlvit
AOI_2_Vegas_img1970,AOI_2_Vegas,AOI_2_Vegas:-11526:3622,test,owlvit,area,fixed,1.8,0.25,0,0,1,7,0.0,owlvit
AOI_2_Vegas_img1970,AOI_2_Vegas,AOI_2_Vegas:-11526:3622,test,owlvit,area,fixed,2.4,0.25,0,0,1,9,0.0,owlvit
AOI_2_Vegas_img1970,AOI_2_Vegas,AOI_2_Vegas:-11526:3622,test,owlvit,area,fixed,3.6,0.25,0,0,1,7,0.0,owlvit
AOI_2_Vegas_img1970,AOI_2_Vegas,AOI_2_Vegas:-11526:3622,test,owlvit,area,fixed,5.0,0.25,0,0,1,7,0.0,owlvit
AOI_2_Vegas_img1970,AOI_2_Vegas,AOI_2_Vegas:-11526:3622,test,owlvit,area,fixed,10.0,0.25,0,0,1,0,0.0,owlvit
AOI_2_Vegas_img1973,AOI_2_Vegas,AOI_2_Vegas:-11526:3623,test,owlvit,area,fixed,0.3,0.25,0,0,4,4,0.0,owlvit
AOI_2_Vegas_img1973,AOI_2_Vegas,AOI_2_Vegas:-11526:3623,test,owlvit,area,fixed,0.45,0.25,0,0,4,4,0.0,owlvit
AOI_2_Vegas_img1973,AOI_2_Vegas,AOI_2_Vegas:-11526:3623,test,owlvit,area,fixed,0.6,0.25,0,0,4,6,0.0,owlvit
AOI_2_Vegas_img1973,AOI_2_Vegas,AOI_2_Vegas:-11526:3623,test,owlvit,area,fixed,0.9,0.25,0,0,4,6,0.0,owlvit
AOI_2_Vegas_img1973,AOI_2_Vegas,AOI_2_Vegas:-11526:3623,test,owlvit,area,fixed,1.2,0.25,0,0,4,4,0.0,owlvit
AOI_2_Vegas_img1973,AOI_2_Vegas,AOI_2_Vegas:-11526:3623,test,owlvit,area,fixed,1.8,0.25,0,0,4,3,0.0,owlvit
AOI_2_Vegas_img1973,AOI_2_Vegas,AOI_2_Vegas:-11526:3623,test,owlvit,area,fixed,2.4,0.25,0,0,4,7,0.0,owlvit
AOI_2_Vegas_img1973,AOI_2_Vegas,AOI_2_Vegas:-11526:3623,test,owlvit,area,fixed,3.6,0.25,0,0,4,7,0.0,owlvit
AOI_2_Vegas_img1973,AOI_2_Vegas,AOI_2_Vegas:-11526:3623,test,owlvit,area,fixed,5.0,0.25,0,0,4,7,0.0,owlvit
AOI_2_Vegas_img1973,AOI_2_Vegas,AOI_2_Vegas:-11526:3623,test,owlvit,area,fixed,10.0,0.25,0,0,4,1,0.0,owlvit
AOI_2_Vegas_img1985,AOI_2_Vegas,AOI_2_Vegas:-11526:3614,test,owlvit,area,fixed,0.3,0.25,12,55,25,35,4.1,owlvit
AOI_2_Vegas_img1985,AOI_2_Vegas,AOI_2_Vegas:-11526:3614,test,owlvit,area,fixed,0.45,0.25,11,45,25,31,4.15,owlvit
AOI_2_Vegas_img1985,AOI_2_Vegas,AOI_2_Vegas:-11526:3614,test,owlvit,area,fixed,0.6,0.25,9,43,25,36,3.55,owlvit
AOI_2_Vegas_img1985,AOI_2_Vegas,AOI_2_Vegas:-11526:3614,test,owlvit,area,fixed,0.9,0.25,11,39,25,36,3.45,owlvit
AOI_2_Vegas_img1985,AOI_2_Vegas,AOI_2_Vegas:-11526:3614,test,owlvit,area,fixed,1.2,0.25,9,33,25,37,2.85,owlvit
AOI_2_Vegas_img1985,AOI_2_Vegas,AOI_2_Vegas:-11526:3614,test,owlvit,area,fixed,1.8,0.25,7,35,25,34,3.6,owlvit
AOI_2_Vegas_img1985,AOI_2_Vegas,AOI_2_Vegas:-11526:3614,test,owlvit,area,fixed,2.4,0.25,7,23,25,31,1.9,owlvit
AOI_2_Vegas_img1985,AOI_2_Vegas,AOI_2_Vegas:-11526:3614,test,owlvit,area,fixed,3.6,0.25,1,1,25,18,0.25,owlvit
AOI_2_Vegas_img1985,AOI_2_Vegas,AOI_2_Vegas:-11526:3614,test,owlvit,area,fixed,5.0,0.25,0,0,25,2,0.0,owlvit
AOI_2_Vegas_img1985,AOI_2_Vegas,AOI_2_Vegas:-11526:3614,test,owlvit,area,fixed,10.0,0.25,0,0,25,0,0.0,owlvit
AOI_2_Vegas_img2046,AOI_2_Vegas,AOI_2_Vegas:-11525:3613,test,owlvit,area,fixed,0.3,0.25,16,54,32,38,4.35,owlvit
AOI_2_Vegas_img2046,AOI_2_Vegas,AOI_2_Vegas:-11525:3613,test,owlvit,area,fixed,0.45,0.25,14,50,32,37,4.4,owlvit
AOI_2_Vegas_img2046,AOI_2_Vegas,AOI_2_Vegas:-11525:3613,test,owlvit,area,fixed,0.6,0.25,15,48,32,39,4.4,owlvit
AOI_2_Vegas_img2046,AOI_2_Vegas,AOI_2_Vegas:-11525:3613,test,owlvit,area,fixed,0.9,0.25,14,47,32,40,4.95,owlvit
AOI_2_Vegas_img2046,AOI_2_Vegas,AOI_2_Vegas:-11525:3613,test,owlvit,area,fixed,1.2,0.25,13,37,32,46,3.85,owlvit
AOI_2_Vegas_img2046,AOI_2_Vegas,AOI_2_Vegas:-11525:3613,test,owlvit,area,fixed,1.8,0.25,11,25,32,32,3.35,owlvit
AOI_2_Vegas_img2046,AOI_2_Vegas,AOI_2_Vegas:-11525:3613,test,owlvit,area,fixed,2.4,0.25,7,9,32,26,1.0,owlvit
AOI_2_Vegas_img2046,AOI_2_Vegas,AOI_2_Vegas:-11525:3613,test,owlvit,area,fixed,3.6,0.25,2,2,32,11,0.15,owlvit
AOI_2_Vegas_img2046,AOI_2_Vegas,AOI_2_Vegas:-11525:3613,test,owlvit,area,fixed,5.0,0.25,0,0,32,1,0.0,owlvit
AOI_2_Vegas_img2046,AOI_2_Vegas,AOI_2_Vegas:-11525:3613,test,owlvit,area,fixed,10.0,0.25,0,0,32,0,0.0,owlvit
AOI_2_Vegas_img2065,AOI_2_Vegas,AOI_2_Vegas:-11525:3617,test,owlvit,area,fixed,0.3,0.25,29,70,57,22,13.2,owlvit
AOI_2_Vegas_img2065,AOI_2_Vegas,AOI_2_Vegas:-11525:3617,test,owlvit,area,fixed,0.45,0.25,26,63,57,26,12.35,owlvit
AOI_2_Vegas_img2065,AOI_2_Vegas,AOI_2_Vegas:-11525:3617,test,owlvit,area,fixed,0.6,0.25,30,74,57,25,14.55,owlvit
AOI_2_Vegas_img2065,AOI_2_Vegas,AOI_2_Vegas:-11525:3617,test,owlvit,area,fixed,0.9,0.25,27,56,57,25,11.5,owlvit
AOI_2_Vegas_img2065,AOI_2_Vegas,AOI_2_Vegas:-11525:3617,test,owlvit,area,fixed,1.2,0.25,22,39,57,19,9.1,owlvit
AOI_2_Vegas_img2065,AOI_2_Vegas,AOI_2_Vegas:-11525:3617,test,owlvit,area,fixed,1.8,0.25,17,28,57,15,6.85,owlvit
AOI_2_Vegas_img2065,AOI_2_Vegas,AOI_2_Vegas:-11525:3617,test,owlvit,area,fixed,2.4,0.25,3,4,57,9,1.3,owlvit
AOI_2_Vegas_img2065,AOI_2_Vegas,AOI_2_Vegas:-11525:3617,test,owlvit,area,fixed,3.6,0.25,1,2,57,7,0.6,owlvit
AOI_2_Vegas_img2065,AOI_2_Vegas,AOI_2_Vegas:-11525:3617,test,owlvit,area,fixed,5.0,0.25,0,0,57,3,0.0,owlvit
AOI_2_Vegas_img2065,AOI_2_Vegas,AOI_2_Vegas:-11525:3617,test,owlvit,area,fixed,10.0,0.25,0,0,57,0,0.0,owlvit
AOI_2_Vegas_img2108,AOI_2_Vegas,AOI_2_Vegas:-11525:3613,test,owlvit,area,fixed,0.3,0.25,15,55,21,35,3.55,owlvit
AOI_2_Vegas_img2108,AOI_2_Vegas,AOI_2_Vegas:-11525:3613,test,owlvit,area,fixed,0.45,0.25,14,54,21,42,4.05,owlvit
AOI_2_Vegas_img2108,AOI_2_Vegas,AOI_2_Vegas:-11525:3613,test,owlvit,area,fixed,0.6,0.25,13,60,21,42,4.1,owlvit
AOI_2_Vegas_img2108,AOI_2_Vegas,AOI_2_Vegas:-11525:3613,test,owlvit,area,fixed,0.9,0.25,12,49,21,42,3.6,owlvit
AOI_2_Vegas_img2108,AOI_2_Vegas,AOI_2_Vegas:-11525:3613,test,owlvit,area,fixed,1.2,0.25,11,51,21,36,3.2,owlvit
AOI_2_Vegas_img2108,AOI_2_Vegas,AOI_2_Vegas:-11525:3613,test,owlvit,area,fixed,1.8,0.25,10,21,21,33,1.45,owlvit
AOI_2_Vegas_img2108,AOI_2_Vegas,AOI_2_Vegas:-11525:3613,test,owlvit,area,fixed,2.4,0.25,6,8,21,20,0.85,owlvit
AOI_2_Vegas_img2108,AOI_2_Vegas,AOI_2_Vegas:-11525:3613,test,owlvit,area,fixed,3.6,0.25,0,0,21,6,0.0,owlvit
AOI_2_Vegas_img2108,AOI_2_Vegas,AOI_2_Vegas:-11525:3613,test,owlvit,area,fixed,5.0,0.25,1,1,21,5,0.1,owlvit
AOI_2_Vegas_img2108,AOI_2_Vegas,AOI_2_Vegas:-11525:3613,test,owlvit,area,fixed,10.0,0.25,0,0,21,0,0.0,owlvit
AOI_2_Vegas_img2109,AOI_2_Vegas,AOI_2_Vegas:-11525:3613,test,owlvit,area,fixed,0.3,0.25,11,29,24,36,1.3,owlvit
AOI_2_Vegas_img2109,AOI_2_Vegas,AOI_2_Vegas:-11525:3613,test,owlvit,area,fixed,0.45,0.25,9,25,24,36,1.55,owlvit
AOI_2_Vegas_img2109,AOI_2_Vegas,AOI_2_Vegas:-11525:3613,test,owlvit,area,fixed,0.6,0.25,8,27,24,47,1.45,owlvit
AOI_2_Vegas_img2109,AOI_2_Vegas,AOI_2_Vegas:-11525:3613,test,owlvit,area,fixed,0.9,0.25,8,28,24,37,1.4,owlvit
AOI_2_Vegas_img2109,AOI_2_Vegas,AOI_2_Vegas:-11525:3613,test,owlvit,area,fixed,1.2,0.25,8,26,24,37,1.25,owlvit
AOI_2_Vegas_img2109,AOI_2_Vegas,AOI_2_Vegas:-11525:3613,test,owlvit,area,fixed,1.8,0.25,8,15,24,30,0.65,owlvit
AOI_2_Vegas_img2109,AOI_2_Vegas,AOI_2_Vegas:-11525:3613,test,owlvit,area,fixed,2.4,0.25,1,4,24,29,0.15,owlvit
AOI_2_Vegas_img2109,AOI_2_Vegas,AOI_2_Vegas:-11525:3613,test,owlvit,area,fixed,3.6,0.25,3,3,24,26,0.0,owlvit
AOI_2_Vegas_img2109,AOI_2_Vegas,AOI_2_Vegas:-11525:3613,test,owlvit,area,fixed,5.0,0.25,0,0,24,7,0.0,owlvit
AOI_2_Vegas_img2109,AOI_2_Vegas,AOI_2_Vegas:-11525:3613,test,owlvit,area,fixed,10.0,0.25,0,0,24,1,0.0,owlvit
AOI_2_Vegas_img2110,AOI_2_Vegas,AOI_2_Vegas:-11525:3613,test,owlvit,area,fixed,0.3,0.25,7,44,12,74,1.05,owlvit
AOI_2_Vegas_img2110,AOI_2_Vegas,AOI_2_Vegas:-11525:3613,test,owlvit,area,fixed,0.45,0.25,7,57,12,72,1.8,owlvit
AOI_2_Vegas_img2110,AOI_2_Vegas,AOI_2_Vegas:-11525:3613,test,owlvit,area,fixed,0.6,0.25,6,51,12,78,1.25,owlvit
AOI_2_Vegas_img2110,AOI_2_Vegas,AOI_2_Vegas:-11525:3613,test,owlvit,area,fixed,0.9,0.25,2,6,12,40,0.55,owlvit
AOI_2_Vegas_img2110,AOI_2_Vegas,AOI_2_Vegas:-11525:3613,test,owlvit,area,fixed,1.2,0.25,1,1,12,30,0.05,owlvit
AOI_2_Vegas_img2110,AOI_2_Vegas,AOI_2_Vegas:-11525:3613,test,owlvit,area,fixed,1.8,0.25,1,1,12,28,0.05,owlvit
AOI_2_Vegas_img2110,AOI_2_Vegas,AOI_2_Vegas:-11525:3613,test,owlvit,area,fixed,2.4,0.25,0,0,12,20,0.0,owlvit
AOI_2_Vegas_img2110,AOI_2_Vegas,AOI_2_Vegas:-11525:3613,test,owlvit,area,fixed,3.6,0.25,0,0,12,4,0.0,owlvit
AOI_2_Vegas_img2110,AOI_2_Vegas,AOI_2_Vegas:-11525:3613,test,owlvit,area,fixed,5.0,0.25,0,0,12,1,0.0,owlvit
AOI_2_Vegas_img2110,AOI_2_Vegas,AOI_2_Vegas:-11525:3613,test,owlvit,area,fixed,10.0,0.25,0,0,12,1,0.0,owlvit
AOI_2_Vegas_img2202,AOI_2_Vegas,AOI_2_Vegas:-11525:3617,test,owlvit,area,fixed,0.3,0.25,0,0,0,3,0.0,owlvit
AOI_2_Vegas_img2202,AOI_2_Vegas,AOI_2_Vegas:-11525:3617,test,owlvit,area,fixed,0.45,0.25,0,0,0,2,0.0,owlvit
AOI_2_Vegas_img2202,AOI_2_Vegas,AOI_2_Vegas:-11525:3617,test,owlvit,area,fixed,0.6,0.25,0,0,0,4,0.0,owlvit
AOI_2_Vegas_img2202,AOI_2_Vegas,AOI_2_Vegas:-11525:3617,test,owlvit,area,fixed,0.9,0.25,0,0,0,3,0.0,owlvit
AOI_2_Vegas_img2202,AOI_2_Vegas,AOI_2_Vegas:-11525:3617,test,owlvit,area,fixed,1.2,0.25,0,0,0,3,0.0,owlvit
AOI_2_Vegas_img2202,AOI_2_Vegas,AOI_2_Vegas:-11525:3617,test,owlvit,area,fixed,1.8,0.25,0,0,0,4,0.0,owlvit
AOI_2_Vegas_img2202,AOI_2_Vegas,AOI_2_Vegas:-11525:3617,test,owlvit,area,fixed,2.4,0.25,0,0,0,4,0.0,owlvit
AOI_2_Vegas_img2202,AOI_2_Vegas,AOI_2_Vegas:-11525:3617,test,owlvit,area,fixed,3.6,0.25,0,0,0,1,0.0,owlvit
AOI_2_Vegas_img2202,AOI_2_Vegas,AOI_2_Vegas:-11525:3617,test,owlvit,area,fixed,5.0,0.25,0,0,0,2,0.0,owlvit
AOI_2_Vegas_img2202,AOI_2_Vegas,AOI_2_Vegas:-11525:3617,test,owlvit,area,fixed,10.0,0.25,0,0,0,1,0.0,owlvit
AOI_2_Vegas_img2207,AOI_2_Vegas,AOI_2_Vegas:-11525:3618,test,owlvit,area,fixed,0.3,0.25,9,9,24,30,1.85,owlvit
AOI_2_Vegas_img2207,AOI_2_Vegas,AOI_2_Vegas:-11525:3618,test,owlvit,area,fixed,0.45,0.25,8,8,24,31,2.15,owlvit
AOI_2_Vegas_img2207,AOI_2_Vegas,AOI_2_Vegas:-11525:3618,test,owlvit,area,fixed,0.6,0.25,7,7,24,28,1.6,owlvit
AOI_2_Vegas_img2207,AOI_2_Vegas,AOI_2_Vegas:-11525:3618,test,owlvit,area,fixed,0.9,0.25,4,4,24,28,1.0,owlvit
AOI_2_Vegas_img2207,AOI_2_Vegas,AOI_2_Vegas:-11525:3618,test,owlvit,area,fixed,1.2,0.25,1,1,24,16,0.3,owlvit
AOI_2_Vegas_img2207,AOI_2_Vegas,AOI_2_Vegas:-11525:3618,test,owlvit,area,fixed,1.8,0.25,1,1,24,17,0.05,owlvit
AOI_2_Vegas_img2207,AOI_2_Vegas,AOI_2_Vegas:-11525:3618,test,owlvit,area,fixed,2.4,0.25,0,0,24,8,0.0,owlvit
AOI_2_Vegas_img2207,AOI_2_Vegas,AOI_2_Vegas:-11525:3618,test,owlvit,area,fixed,3.6,0.25,0,0,24,7,0.0,owlvit
AOI_2_Vegas_img2207,AOI_2_Vegas,AOI_2_Vegas:-11525:3618,test,owlvit,area,fixed,5.0,0.25,0,0,24,4,0.0,owlvit
AOI_2_Vegas_img2207,AOI_2_Vegas,AOI_2_Vegas:-11525:3618,test,owlvit,area,fixed,10.0,0.25,0,0,24,1,0.0,owlvit
AOI_2_Vegas_img2218,AOI_2_Vegas,AOI_2_Vegas:-11525:3620,test,owlvit,area,fixed,0.3,0.25,9,32,14,44,1.25,owlvit
AOI_2_Vegas_img2218,AOI_2_Vegas,AOI_2_Vegas:-11525:3620,test,owlvit,area,fixed,0.45,0.25,8,19,14,41,1.05,owlvit
AOI_2_Vegas_img2218,AOI_2_Vegas,AOI_2_Vegas:-11525:3620,test,owlvit,area,fixed,0.6,0.25,4,16,14,43,0.85,owlvit
AOI_2_Vegas_img2218,AOI_2_Vegas,AOI_2_Vegas:-11525:3620,test,owlvit,area,fixed,0.9,0.25,1,5,14,35,0.3,owlvit
AOI_2_Vegas_img2218,AOI_2_Vegas,AOI_2_Vegas:-11525:3620,test,owlvit,area,fixed,1.2,0.25,1,2,14,29,0.1,owlvit
AOI_2_Vegas_img2218,AOI_2_Vegas,AOI_2_Vegas:-11525:3620,test,owlvit,area,fixed,1.8,0.25,0,0,14,15,0.0,owlvit
AOI_2_Vegas_img2218,AOI_2_Vegas,AOI_2_Vegas:-11525:3620,test,owlvit,area,fixed,2.4,0.25,0,0,14,19,0.0,owlvit
AOI_2_Vegas_img2218,AOI_2_Vegas,AOI_2_Vegas:-11525:3620,test,owlvit,area,fixed,3.6,0.25,0,0,14,11,0.0,owlvit
AOI_2_Vegas_img2218,AOI_2_Vegas,AOI_2_Vegas:-11525:3620,test,owlvit,area,fixed,5.0,0.25,0,0,14,7,0.0,owlvit
AOI_2_Vegas_img2218,AOI_2_Vegas,AOI_2_Vegas:-11525:3620,test,owlvit,area,fixed,10.0,0.25,0,0,14,3,0.0,owlvit
AOI_2_Vegas_img2230,AOI_2_Vegas,AOI_2_Vegas:-11525:3622,test,owlvit,area,fixed,0.3,0.25,13,47,30,55,5.3,owlvit
AOI_2_Vegas_img2230,AOI_2_Vegas,AOI_2_Vegas:-11525:3622,test,owlvit,area,fixed,0.45,0.25,11,41,30,54,4.25,owlvit
AOI_2_Vegas_img2230,AOI_2_Vegas,AOI_2_Vegas:-11525:3622,test,owlvit,area,fixed,0.6,0.25,9,37,30,59,4.4,owlvit
AOI_2_Vegas_img2230,AOI_2_Vegas,AOI_2_Vegas:-11525:3622,test,owlvit,area,fixed,0.9,0.25,9,26,30,49,3.6,owlvit
AOI_2_Vegas_img2230,AOI_2_Vegas,AOI_2_Vegas:-11525:3622,test,owlvit,area,fixed,1.2,0.25,8,16,30,45,3.25,owlvit
AOI_2_Vegas_img2230,AOI_2_Vegas,AOI_2_Vegas:-11525:3622,test,owlvit,area,fixed,1.8,0.25,8,11,30,19,3.1,owlvit
AOI_2_Vegas_img2230,AOI_2_Vegas,AOI_2_Vegas:-11525:3622,test,owlvit,area,fixed,2.4,0.25,5,5,30,21,1.3,owlvit
AOI_2_Vegas_img2230,AOI_2_Vegas,AOI_2_Vegas:-11525:3622,test,owlvit,area,fixed,3.6,0.25,2,2,30,10,1.0,owlvit
AOI_2_Vegas_img2230,AOI_2_Vegas,AOI_2_Vegas:-11525:3622,test,owlvit,area,fixed,5.0,0.25,0,0,30,5,0.0,owlvit
AOI_2_Vegas_img2230,AOI_2_Vegas,AOI_2_Vegas:-11525:3622,test,owlvit,area,fixed,10.0,0.25,0,0,30,0,0.0,owlvit
AOI_2_Vegas_img2236,AOI_2_Vegas,AOI_2_Vegas:-11525:3623,test,owlvit,area,fixed,0.3,0.25,39,60,73,51,13.25,owlvit
AOI_2_Vegas_img2236,AOI_2_Vegas,AOI_2_Vegas:-11525:3623,test,owlvit,area,fixed,0.45,0.25,38,57,73,52,14.7,owlvit
AOI_2_Vegas_img2236,AOI_2_Vegas,AOI_2_Vegas:-11525:3623,test,owlvit,area,fixed,0.6,0.25,33,50,73,48,13.0,owlvit
AOI_2_Vegas_img2236,AOI_2_Vegas,AOI_2_Vegas:-11525:3623,test,owlvit,area,fixed,0.9,0.25,35,49,73,44,12.5,owlvit
AOI_2_Vegas_img2236,AOI_2_Vegas,AOI_2_Vegas:-11525:3623,test,owlvit,area,fixed,1.2,0.25,34,46,73,37,12.95,owlvit
AOI_2_Vegas_img2236,AOI_2_Vegas,AOI_2_Vegas:-11525:3623,test,owlvit,area,fixed,1.8,0.25,27,36,73,40,9.5,owlvit
AOI_2_Vegas_img2236,AOI_2_Vegas,AOI_2_Vegas:-11525:3623,test,owlvit,area,fixed,2.4,0.25,22,24,73,38,6.45,owlvit
AOI_2_Vegas_img2236,AOI_2_Vegas,AOI_2_Vegas:-11525:3623,test,owlvit,area,fixed,3.6,0.25,3,3,73,43,1.1,owlvit
AOI_2_Vegas_img2236,AOI_2_Vegas,AOI_2_Vegas:-11525:3623,test,owlvit,area,fixed,5.0,0.25,1,1,73,21,0.4,owlvit
AOI_2_Vegas_img2236,AOI_2_Vegas,AOI_2_Vegas:-11525:3623,test,owlvit,area,fixed,10.0,0.25,0,0,73,1,0.0,owlvit
AOI_2_Vegas_img2267,AOI_2_Vegas,AOI_2_Vegas:-11525:3616,test,owlvit,area,fixed,0.3,0.25,38,83,58,33,12.45,owlvit
AOI_2_Vegas_img2267,AOI_2_Vegas,AOI_2_Vegas:-11525:3616,test,owlvit,area,fixed,0.45,0.25,38,82,58,35,11.85,owlvit
AOI_2_Vegas_img2267,AOI_2_Vegas,AOI_2_Vegas:-11525:3616,test,owlvit,area,fixed,0.6,0.25,39,77,58,32,12.25,owlvit
AOI_2_Vegas_img2267,AOI_2_Vegas,AOI_2_Vegas:-11525:3616,test,owlvit,area,fixed,0.9,0.25,40,73,58,35,11.2,owlvit
AOI_2_Vegas_img2267,AOI_2_Vegas,AOI_2_Vegas:-11525:3616,test,owlvit,area,fixed,1.2,0.25,40,66,58,30,10.8,owlvit
AOI_2_Vegas_img2267,AOI_2_Vegas,AOI_2_Vegas:-11525:3616,test,owlvit,area,fixed,1.8,0.25,32,54,58,25,10.1,owlvit
AOI_2_Vegas_img2267,AOI_2_Vegas,AOI_2_Vegas:-11525:3616,test,owlvit,area,fixed,2.4,0.25,23,33,58,27,6.25,owlvit
AOI_2_Vegas_img2267,AOI_2_Vegas,AOI_2_Vegas:-11525:3616,test,owlvit,area,fixed,3.6,0.25,0,0,58,9,0.0,owlvit
AOI_2_Vegas_img2267,AOI_2_Vegas,AOI_2_Vegas:-11525:3616,test,owlvit,area,fixed,5.0,0.25,0,0,58,4,0.0,owlvit
AOI_2_Vegas_img2267,AOI_2_Vegas,AOI_2_Vegas:-11525:3616,test,owlvit,area,fixed,10.0,0.25,0,0,58,0,0.0,owlvit
AOI_2_Vegas_img227,AOI_2_Vegas,AOI_2_Vegas:-11530:3613,test,owlvit,area,fixed,0.3,0.25,30,85,42,38,14.9,owlvit
AOI_2_Vegas_img227,AOI_2_Vegas,AOI_2_Vegas:-11530:3613,test,owlvit,area,fixed,0.45,0.25,30,79,42,40,15.1,owlvit
AOI_2_Vegas_img227,AOI_2_Vegas,AOI_2_Vegas:-11530:3613,test,owlvit,area,fixed,0.6,0.25,31,80,42,47,14.85,owlvit
AOI_2_Vegas_img227,AOI_2_Vegas,AOI_2_Vegas:-11530:3613,test,owlvit,area,fixed,0.9,0.25,30,73,42,43,14.95,owlvit
AOI_2_Vegas_img227,AOI_2_Vegas,AOI_2_Vegas:-11530:3613,test,owlvit,area,fixed,1.2,0.25,31,60,42,37,13.35,owlvit
AOI_2_Vegas_img227,AOI_2_Vegas,AOI_2_Vegas:-11530:3613,test,owlvit,area,fixed,1.8,0.25,31,47,42,31,10.45,owlvit
AOI_2_Vegas_img227,AOI_2_Vegas,AOI_2_Vegas:-11530:3613,test,owlvit,area,fixed,2.4,0.25,20,22,42,25,5.85,owlvit
AOI_2_Vegas_img227,AOI_2_Vegas,AOI_2_Vegas:-11530:3613,test,owlvit,area,fixed,3.6,0.25,4,5,42,10,1.45,owlvit
AOI_2_Vegas_img227,AOI_2_Vegas,AOI_2_Vegas:-11530:3613,test,owlvit,area,fixed,5.0,0.25,0,0,42,3,0.0,owlvit
AOI_2_Vegas_img227,AOI_2_Vegas,AOI_2_Vegas:-11530:3613,test,owlvit,area,fixed,10.0,0.25,0,0,42,1,0.0,owlvit
AOI_2_Vegas_img2276,AOI_2_Vegas,AOI_2_Vegas:-11525:3617,test,owlvit,area,fixed,0.3,0.25,0,0,0,2,0.0,owlvit
AOI_2_Vegas_img2276,AOI_2_Vegas,AOI_2_Vegas:-11525:3617,test,owlvit,area,fixed,0.45,0.25,0,0,0,1,0.0,owlvit
AOI_2_Vegas_img2276,AOI_2_Vegas,AOI_2_Vegas:-11525:3617,test,owlvit,area,fixed,0.6,0.25,0,0,0,2,0.0,owlvit
AOI_2_Vegas_img2276,AOI_2_Vegas,AOI_2_Vegas:-11525:3617,test,owlvit,area,fixed,0.9,0.25,0,0,0,2,0.0,owlvit
AOI_2_Vegas_img2276,AOI_2_Vegas,AOI_2_Vegas:-11525:3617,test,owlvit,area,fixed,1.2,0.25,0,0,0,2,0.0,owlvit
AOI_2_Vegas_img2276,AOI_2_Vegas,AOI_2_Vegas:-11525:3617,test,owlvit,area,fixed,1.8,0.25,0,0,0,6,0.0,owlvit
AOI_2_Vegas_img2276,AOI_2_Vegas,AOI_2_Vegas:-11525:3617,test,owlvit,area,fixed,2.4,0.25,0,0,0,2,0.0,owlvit
AOI_2_Vegas_img2276,AOI_2_Vegas,AOI_2_Vegas:-11525:3617,test,owlvit,area,fixed,3.6,0.25,0,0,0,5,0.0,owlvit
AOI_2_Vegas_img2276,AOI_2_Vegas,AOI_2_Vegas:-11525:3617,test,owlvit,area,fixed,5.0,0.25,0,0,0,5,0.0,owlvit
AOI_2_Vegas_img2276,AOI_2_Vegas,AOI_2_Vegas:-11525:3617,test,owlvit,area,fixed,10.0,0.25,0,0,0,0,0.0,owlvit
AOI_2_Vegas_img2281,AOI_2_Vegas,AOI_2_Vegas:-11525:3618,test,owlvit,area,fixed,0.3,0.25,1,4,14,32,0.1,owlvit
AOI_2_Vegas_img2281,AOI_2_Vegas,AOI_2_Vegas:-11525:3618,test,owlvit,area,fixed,0.45,0.25,0,1,14,23,0.0,owlvit
AOI_2_Vegas_img2281,AOI_2_Vegas,AOI_2_Vegas:-11525:3618,test,owlvit,area,fixed,0.6,0.25,0,1,14,19,0.0,owlvit
AOI_2_Vegas_img2281,AOI_2_Vegas,AOI_2_Vegas:-11525:3618,test,owlvit,area,fixed,0.9,0.25,0,1,14,15,0.05,owlvit
AOI_2_Vegas_img2281,AOI_2_Vegas,AOI_2_Vegas:-11525:3618,test,owlvit,area,fixed,1.2,0.25,0,0,14,6,0.0,owlvit
AOI_2_Vegas_img2281,AOI_2_Vegas,AOI_2_Vegas:-11525:3618,test,owlvit,area,fixed,1.8,0.25,0,0,14,5,0.0,owlvit
AOI_2_Vegas_img2281,AOI_2_Vegas,AOI_2_Vegas:-11525:3618,test,owlvit,area,fixed,2.4,0.25,0,0,14,4,0.0,owlvit
AOI_2_Vegas_img2281,AOI_2_Vegas,AOI_2_Vegas:-11525:3618,test,owlvit,area,fixed,3.6,0.25,0,0,14,5,0.0,owlvit
AOI_2_Vegas_img2281,AOI_2_Vegas,AOI_2_Vegas:-11525:3618,test,owlvit,area,fixed,5.0,0.25,0,0,14,3,0.0,owlvit
AOI_2_Vegas_img2281,AOI_2_Vegas,AOI_2_Vegas:-11525:3618,test,owlvit,area,fixed,10.0,0.25,0,0,14,1,0.0,owlvit
AOI_2_Vegas_img2302,AOI_2_Vegas,AOI_2_Vegas:-11525:3622,test,owlvit,area,fixed,0.3,0.25,37,93,58,28,14.15,owlvit
AOI_2_Vegas_img2302,AOI_2_Vegas,AOI_2_Vegas:-11525:3622,test,owlvit,area,fixed,0.45,0.25,34,86,58,20,14.5,owlvit
AOI_2_Vegas_img2302,AOI_2_Vegas,AOI_2_Vegas:-11525:3622,test,owlvit,area,fixed,0.6,0.25,35,89,58,21,16.1,owlvit
AOI_2_Vegas_img2302,AOI_2_Vegas,AOI_2_Vegas:-11525:3622,test,owlvit,area,fixed,0.9,0.25,33,75,58,20,13.3,owlvit
AOI_2_Vegas_img2302,AOI_2_Vegas,AOI_2_Vegas:-11525:3622,test,owlvit,area,fixed,1.2,0.25,32,61,58,24,12.9,owlvit
AOI_2_Vegas_img2302,AOI_2_Vegas,AOI_2_Vegas:-11525:3622,test,owlvit,area,fixed,1.8,0.25,20,30,58,14,6.7,owlvit
AOI_2_Vegas_img2302,AOI_2_Vegas,AOI_2_Vegas:-11525:3622,test,owlvit,area,fixed,2.4,0.25,9,12,58,16,3.15,owlvit
AOI_2_Vegas_img2302,AOI_2_Vegas,AOI_2_Vegas:-11525:3622,test,owlvit,area,fixed,3.6,0.25,0,0,58,3,0.0,owlvit
AOI_2_Vegas_img2302,AOI_2_Vegas,AOI_2_Vegas:-11525:3622,test,owlvit,area,fixed,5.0,0.25,0,0,58,4,0.0,owlvit
AOI_2_Vegas_img2302,AOI_2_Vegas,AOI_2_Vegas:-11525:3622,test,owlvit,area,fixed,10.0,0.25,0,0,58,0,0.0,owlvit
AOI_2_Vegas_img2359,AOI_2_Vegas,AOI_2_Vegas:-11525:3619,test,owlvit,area,fixed,0.3,0.25,6,22,15,33,1.0,owlvit
AOI_2_Vegas_img2359,AOI_2_Vegas,AOI_2_Vegas:-11525:3619,test,owlvit,area,fixed,0.45,0.25,5,19,15,37,1.25,owlvit
AOI_2_Vegas_img2359,AOI_2_Vegas,AOI_2_Vegas:-11525:3619,test,owlvit,area,fixed,0.6,0.25,5,15,15,42,0.55,owlvit
AOI_2_Vegas_img2359,AOI_2_Vegas,AOI_2_Vegas:-11525:3619,test,owlvit,area,fixed,0.9,0.25,5,11,15,37,0.8,owlvit
AOI_2_Vegas_img2359,AOI_2_Vegas,AOI_2_Vegas:-11525:3619,test,owlvit,area,fixed,1.2,0.25,4,8,15,27,0.4,owlvit
AOI_2_Vegas_img2359,AOI_2_Vegas,AOI_2_Vegas:-11525:3619,test,owlvit,area,fixed,1.8,0.25,3,3,15,19,0.25,owlvit
AOI_2_Vegas_img2359,AOI_2_Vegas,AOI_2_Vegas:-11525:3619,test,owlvit,area,fixed,2.4,0.25,3,3,15,24,0.1,owlvit
AOI_2_Vegas_img2359,AOI_2_Vegas,AOI_2_Vegas:-11525:3619,test,owlvit,area,fixed,3.6,0.25,2,2,15,14,0.05,owlvit
AOI_2_Vegas_img2359,AOI_2_Vegas,AOI_2_Vegas:-11525:3619,test,owlvit,area,fixed,5.0,0.25,3,3,15,12,0.2,owlvit
AOI_2_Vegas_img2359,AOI_2_Vegas,AOI_2_Vegas:-11525:3619,test,owlvit,area,fixed,10.0,0.25,0,0,15,1,0.0,owlvit
AOI_2_Vegas_img2379,AOI_2_Vegas,AOI_2_Vegas:-11525:3623,test,owlvit,area,fixed,0.3,0.25,31,59,55,20,10.95,owlvit
AOI_2_Vegas_img2379,AOI_2_Vegas,AOI_2_Vegas:-11525:3623,test,owlvit,area,fixed,0.45,0.25,25,44,55,22,8.0,owlvit
AOI_2_Vegas_img2379,AOI_2_Vegas,AOI_2_Vegas:-11525:3623,test,owlvit,area,fixed,0.6,0.25,29,46,55,18,9.0,owlvit
AOI_2_Vegas_img2379,AOI_2_Vegas,AOI_2_Vegas:-11525:3623,test,owlvit,area,fixed,0.9,0.25,21,27,55,17,5.4,owlvit
AOI_2_Vegas_img2379,AOI_2_Vegas,AOI_2_Vegas:-11525:3623,test,owlvit,area,fixed,1.2,0.25,5,5,55,8,1.1,owlvit
AOI_2_Vegas_img2379,AOI_2_Vegas,AOI_2_Vegas:-11525:3623,test,owlvit,area,fixed,1.8,0.25,2,2,55,5,0.65,owlvit
AOI_2_Vegas_img2379,AOI_2_Vegas,AOI_2_Vegas:-11525:3623,test,owlvit,area,fixed,2.4,0.25,0,0,55,4,0.0,owlvit
AOI_2_Vegas_img2379,AOI_2_Vegas,AOI_2_Vegas:-11525:3623,test,owlvit,area,fixed,3.6,0.25,0,0,55,1,0.0,owlvit
AOI_2_Vegas_img2379,AOI_2_Vegas,AOI_2_Vegas:-11525:3623,test,owlvit,area,fixed,5.0,0.25,1,1,55,2,0.2,owlvit
AOI_2_Vegas_img2379,AOI_2_Vegas,AOI_2_Vegas:-11525:3623,test,owlvit,area,fixed,10.0,0.25,0,0,55,0,0.0,owlvit
AOI_2_Vegas_img2415,AOI_2_Vegas,AOI_2_Vegas:-11524:3615,test,owlvit,area,fixed,0.3,0.25,15,51,28,57,4.45,owlvit
AOI_2_Vegas_img2415,AOI_2_Vegas,AOI_2_Vegas:-11524:3615,test,owlvit,area,fixed,0.45,0.25,14,40,28,61,4.35,owlvit
AOI_2_Vegas_img2415,AOI_2_Vegas,AOI_2_Vegas:-11524:3615,test,owlvit,area,fixed,0.6,0.25,12,31,28,54,3.3,owlvit
AOI_2_Vegas_img2415,AOI_2_Vegas,AOI_2_Vegas:-11524:3615,test,owlvit,area,fixed,0.9,0.25,10,18,28,50,2.35,owlvit
AOI_2_Vegas_img2415,AOI_2_Vegas,AOI_2_Vegas:-11524:3615,test,owlvit,area,fixed,1.2,0.25,4,9,28,49,1.25,owlvit
AOI_2_Vegas_img2415,AOI_2_Vegas,AOI_2_Vegas:-11524:3615,test,owlvit,area,fixed,1.8,0.25,1,1,28,23,0.2,owlvit
AOI_2_Vegas_img2415,AOI_2_Vegas,AOI_2_Vegas:-11524:3615,test,owlvit,area,fixed,2.4,0.25,0,0,28,20,0.0,owlvit
AOI_2_Vegas_img2415,AOI_2_Vegas,AOI_2_Vegas:-11524:3615,test,owlvit,area,fixed,3.6,0.25,0,0,28,14,0.0,owlvit
AOI_2_Vegas_img2415,AOI_2_Vegas,AOI_2_Vegas:-11524:3615,test,owlvit,area,fixed,5.0,0.25,0,0,28,12,0.0,owlvit
AOI_2_Vegas_img2415,AOI_2_Vegas,AOI_2_Vegas:-11524:3615,test,owlvit,area,fixed,10.0,0.25,0,0,28,6,0.0,owlvit
AOI_2_Vegas_img2420,AOI_2_Vegas,AOI_2_Vegas:-11524:3616,test,owlvit,area,fixed,0.3,0.25,30,76,65,36,11.7,owlvit
AOI_2_Vegas_img2420,AOI_2_Vegas,AOI_2_Vegas:-11524:3616,test,owlvit,area,fixed,0.45,0.25,30,74,65,40,9.75,owlvit
AOI_2_Vegas_img2420,AOI_2_Vegas,AOI_2_Vegas:-11524:3616,test,owlvit,area,fixed,0.6,0.25,28,73,65,32,10.45,owlvit
AOI_2_Vegas_img2420,AOI_2_Vegas,AOI_2_Vegas:-11524:3616,test,owlvit,area,fixed,0.9,0.25,28,68,65,29,10.15,owlvit
AOI_2_Vegas_img2420,AOI_2_Vegas,AOI_2_Vegas:-11524:3616,test,owlvit,area,fixed,1.2,0.25,24,56,65,32,8.85,owlvit
AOI_2_Vegas_img2420,AOI_2_Vegas,AOI_2_Vegas:-11524:3616,test,owlvit,area,fixed,1.8,0.25,13,20,65,16,3.55,owlvit
AOI_2_Vegas_img2420,AOI_2_Vegas,AOI_2_Vegas:-11524:3616,test,owlvit,area,fixed,2.4,0.25,0,0,65,11,0.0,owlvit
AOI_2_Vegas_img2420,AOI_2_Vegas,AOI_2_Vegas:-11524:3616,test,owlvit,area,fixed,3.6,0.25,0,0,65,6,0.0,owlvit
AOI_2_Vegas_img2420,AOI_2_Vegas,AOI_2_Vegas:-11524:3616,test,owlvit,area,fixed,5.0,0.25,0,0,65,1,0.0,owlvit
AOI_2_Vegas_img2420,AOI_2_Vegas,AOI_2_Vegas:-11524:3616,test,owlvit,area,fixed,10.0,0.25,0,0,65,1,0.0,owlvit
AOI_2_Vegas_img244,AOI_2_Vegas,AOI_2_Vegas:-11530:3616,test,owlvit,area,fixed,0.3,0.25,11,31,18,18,2.55,owlvit
AOI_2_Vegas_img244,AOI_2_Vegas,AOI_2_Vegas:-11530:3616,test,owlvit,area,fixed,0.45,0.25,9,24,18,19,2.35,owlvit
AOI_2_Vegas_img244,AOI_2_Vegas,AOI_2_Vegas:-11530:3616,test,owlvit,area,fixed,0.6,0.25,8,19,18,19,2.05,owlvit
AOI_2_Vegas_img244,AOI_2_Vegas,AOI_2_Vegas:-11530:3616,test,owlvit,area,fixed,0.9,0.25,4,7,18,12,0.75,owlvit
AOI_2_Vegas_img244,AOI_2_Vegas,AOI_2_Vegas:-11530:3616,test,owlvit,area,fixed,1.2,0.25,3,4,18,4,0.6,owlvit
AOI_2_Vegas_img244,AOI_2_Vegas,AOI_2_Vegas:-11530:3616,test,owlvit,area,fixed,1.8,0.25,0,0,18,0,0.0,owlvit
AOI_2_Vegas_img244,AOI_2_Vegas,AOI_2_Vegas:-11530:3616,test,owlvit,area,fixed,2.4,0.25,0,0,18,1,0.0,owlvit
AOI_2_Vegas_img244,AOI_2_Vegas,AOI_2_Vegas:-11530:3616,test,owlvit,area,fixed,3.6,0.25,0,0,18,1,0.0,owlvit
AOI_2_Vegas_img244,AOI_2_Vegas,AOI_2_Vegas:-11530:3616,test,owlvit,area,fixed,5.0,0.25,0,0,18,0,0.0,owlvit
AOI_2_Vegas_img244,AOI_2_Vegas,AOI_2_Vegas:-11530:3616,test,owlvit,area,fixed,10.0,0.25,0,0,18,0,0.0,owlvit
AOI_2_Vegas_img2447,AOI_2_Vegas,AOI_2_Vegas:-11524:3621,test,owlvit,area,fixed,0.3,0.25,50,110,56,31,23.25,owlvit
AOI_2_Vegas_img2447,AOI_2_Vegas,AOI_2_Vegas:-11524:3621,test,owlvit,area,fixed,0.45,0.25,51,101,56,33,21.65,owlvit
AOI_2_Vegas_img2447,AOI_2_Vegas,AOI_2_Vegas:-11524:3621,test,owlvit,area,fixed,0.6,0.25,49,104,56,33,21.8,owlvit
AOI_2_Vegas_img2447,AOI_2_Vegas,AOI_2_Vegas:-11524:3621,test,owlvit,area,fixed,0.9,0.25,51,92,56,31,21.0,owlvit
AOI_2_Vegas_img2447,AOI_2_Vegas,AOI_2_Vegas:-11524:3621,test,owlvit,area,fixed,1.2,0.25,51,85,56,29,20.6,owlvit
AOI_2_Vegas_img2447,AOI_2_Vegas,AOI_2_Vegas:-11524:3621,test,owlvit,area,fixed,1.8,0.25,26,29,56,19,9.0,owlvit
AOI_2_Vegas_img2447,AOI_2_Vegas,AOI_2_Vegas:-11524:3621,test,owlvit,area,fixed,2.4,0.25,33,39,56,29,11.8,owlvit
AOI_2_Vegas_img2447,AOI_2_Vegas,AOI_2_Vegas:-11524:3621,test,owlvit,area,fixed,3.6,0.25,0,0,56,15,0.0,owlvit
AOI_2_Vegas_img2447,AOI_2_Vegas,AOI_2_Vegas:-11524:3621,test,owlvit,area,fixed,5.0,0.25,0,0,56,1,0.0,owlvit
AOI_2_Vegas_img2447,AOI_2_Vegas,AOI_2_Vegas:-11524:3621,test,owlvit,area,fixed,10.0,0.25,0,0,56,1,0.0,owlvit
AOI_2_Vegas_img2453,AOI_2_Vegas,AOI_2_Vegas:-11524:3622,test,owlvit,area,fixed,0.3,0.25,18,57,46,39,6.5,owlvit
AOI_2_Vegas_img2453,AOI_2_Vegas,AOI_2_Vegas:-11524:3622,test,owlvit,area,fixed,0.45,0.25,16,53,46,48,5.9,owlvit
AOI_2_Vegas_img2453,AOI_2_Vegas,AOI_2_Vegas:-11524:3622,test,owlvit,area,fixed,0.6,0.25,19,59,46,47,6.2,owlvit
AOI_2_Vegas_img2453,AOI_2_Vegas,AOI_2_Vegas:-11524:3622,test,owlvit,area,fixed,0.9,0.25,14,48,46,50,5.5,owlvit
AOI_2_Vegas_img2453,AOI_2_Vegas,AOI_2_Vegas:-11524:3622,test,owlvit,area,fixed,1.2,0.25,11,37,46,49,4.8,owlvit
AOI_2_Vegas_img2453,AOI_2_Vegas,AOI_2_Vegas:-11524:3622,test,owlvit,area,fixed,1.8,0.25,7,16,46,39,2.05,owlvit
AOI_2_Vegas_img2453,AOI_2_Vegas,AOI_2_Vegas:-11524:3622,test,owlvit,area,fixed,2.4,0.25,4,7,46,34,1.35,owlvit
AOI_2_Vegas_img2453,AOI_2_Vegas,AOI_2_Vegas:-11524:3622,test,owlvit,area,fixed,3.6,0.25,1,1,46,22,0.2,owlvit
AOI_2_Vegas_img2453,AOI_2_Vegas,AOI_2_Vegas:-11524:3622,test,owlvit,area,fixed,5.0,0.25,0,0,46,3,0.0,owlvit
AOI_2_Vegas_img2453,AOI_2_Vegas,AOI_2_Vegas:-11524:3622,test,owlvit,area,fixed,10.0,0.25,0,0,46,1,0.0,owlvit
AOI_2_Vegas_img2462,AOI_2_Vegas,AOI_2_Vegas:-11524:3623,test,owlvit,area,fixed,0.3,0.25,35,59,80,42,9.65,owlvit
AOI_2_Vegas_img2462,AOI_2_Vegas,AOI_2_Vegas:-11524:3623,test,owlvit,area,fixed,0.45,0.25,34,57,80,41,10.25,owlvit
AOI_2_Vegas_img2462,AOI_2_Vegas,AOI_2_Vegas:-11524:3623,test,owlvit,area,fixed,0.6,0.25,34,55,80,42,9.5,owlvit
AOI_2_Vegas_img2462,AOI_2_Vegas,AOI_2_Vegas:-11524:3623,test,owlvit,area,fixed,0.9,0.25,31,49,80,44,9.75,owlvit
AOI_2_Vegas_img2462,AOI_2_Vegas,AOI_2_Vegas:-11524:3623,test,owlvit,area,fixed,1.2,0.25,29,42,80,42,8.45,owlvit
AOI_2_Vegas_img2462,AOI_2_Vegas,AOI_2_Vegas:-11524:3623,test,owlvit,area,fixed,1.8,0.25,23,26,80,33,6.2,owlvit
AOI_2_Vegas_img2462,AOI_2_Vegas,AOI_2_Vegas:-11524:3623,test,owlvit,area,fixed,2.4,0.25,10,14,80,20,3.6,owlvit
AOI_2_Vegas_img2462,AOI_2_Vegas,AOI_2_Vegas:-11524:3623,test,owlvit,area,fixed,3.6,0.25,0,0,80,2,0.0,owlvit
AOI_2_Vegas_img2462,AOI_2_Vegas,AOI_2_Vegas:-11524:3623,test,owlvit,area,fixed,5.0,0.25,0,0,80,0,0.0,owlvit
AOI_2_Vegas_img2462,AOI_2_Vegas,AOI_2_Vegas:-11524:3623,test,owlvit,area,fixed,10.0,0.25,0,0,80,0,0.0,owlvit
AOI_2_Vegas_img2474,AOI_2_Vegas,AOI_2_Vegas:-11524:3625,test,owlvit,area,fixed,0.3,0.25,15,54,30,41,4.3,owlvit
AOI_2_Vegas_img2474,AOI_2_Vegas,AOI_2_Vegas:-11524:3625,test,owlvit,area,fixed,0.45,0.25,15,49,30,41,4.1,owlvit
AOI_2_Vegas_img2474,AOI_2_Vegas,AOI_2_Vegas:-11524:3625,test,owlvit,area,fixed,0.6,0.25,12,41,30,44,3.05,owlvit
AOI_2_Vegas_img2474,AOI_2_Vegas,AOI_2_Vegas:-11524:3625,test,owlvit,area,fixed,0.9,0.25,13,35,30,37,3.45,owlvit
AOI_2_Vegas_img2474,AOI_2_Vegas,AOI_2_Vegas:-11524:3625,test,owlvit,area,fixed,1.2,0.25,11,24,30,34,2.6,owlvit
AOI_2_Vegas_img2474,AOI_2_Vegas,AOI_2_Vegas:-11524:3625,test,owlvit,area,fixed,1.8,0.25,9,16,30,27,1.65,owlvit
AOI_2_Vegas_img2474,AOI_2_Vegas,AOI_2_Vegas:-11524:3625,test,owlvit,area,fixed,2.4,0.25,4,4,30,20,0.45,owlvit
AOI_2_Vegas_img2474,AOI_2_Vegas,AOI_2_Vegas:-11524:3625,test,owlvit,area,fixed,3.6,0.25,0,0,30,5,0.0,owlvit
AOI_2_Vegas_img2474,AOI_2_Vegas,AOI_2_Vegas:-11524:3625,test,owlvit,area,fixed,5.0,0.25,0,0,30,2,0.0,owlvit
AOI_2_Vegas_img2474,AOI_2_Vegas,AOI_2_Vegas:-11524:3625,test,owlvit,area,fixed,10.0,0.25,0,0,30,0,0.0,owlvit
AOI_2_Vegas_img2479,AOI_2_Vegas,AOI_2_Vegas:-11524:3612,test,owlvit,area,fixed,0.3,0.25,16,76,23,30,5.8,owlvit
AOI_2_Vegas_img2479,AOI_2_Vegas,AOI_2_Vegas:-11524:3612,test,owlvit,area,fixed,0.45,0.25,15,67,23,35,4.65,owlvit
AOI_2_Vegas_img2479,AOI_2_Vegas,AOI_2_Vegas:-11524:3612,test,owlvit,area,fixed,0.6,0.25,16,66,23,33,5.4,owlvit
AOI_2_Vegas_img2479,AOI_2_Vegas,AOI_2_Vegas:-11524:3612,test,owlvit,area,fixed,0.9,0.25,16,63,23,32,5.9,owlvit
AOI_2_Vegas_img2479,AOI_2_Vegas,AOI_2_Vegas:-11524:3612,test,owlvit,area,fixed,1.2,0.25,16,55,23,36,4.85,owlvit
AOI_2_Vegas_img2479,AOI_2_Vegas,AOI_2_Vegas:-11524:3612,test,owlvit,area,fixed,1.8,0.25,13,35,23,29,3.25,owlvit
AOI_2_Vegas_img2479,AOI_2_Vegas,AOI_2_Vegas:-11524:3612,test,owlvit,area,fixed,2.4,0.25,7,13,23,22,1.6,owlvit
AOI_2_Vegas_img2479,AOI_2_Vegas,AOI_2_Vegas:-11524:3612,test,owlvit,area,fixed,3.6,0.25,2,2,23,8,0.35,owlvit
AOI_2_Vegas_img2479,AOI_2_Vegas,AOI_2_Vegas:-11524:3612,test,owlvit,area,fixed,5.0,0.25,0,0,23,5,0.0,owlvit
AOI_2_Vegas_img2479,AOI_2_Vegas,AOI_2_Vegas:-11524:3612,test,owlvit,area,fixed,10.0,0.25,0,0,23,0,0.0,owlvit
AOI_2_Vegas_img2516,AOI_2_Vegas,AOI_2_Vegas:-11524:3619,test,owlvit,area,fixed,0.3,0.25,17,21,82,31,3.75,owlvit
AOI_2_Vegas_img2516,AOI_2_Vegas,AOI_2_Vegas:-11524:3619,test,owlvit,area,fixed,0.45,0.25,17,22,82,30,4.05,owlvit
AOI_2_Vegas_img2516,AOI_2_Vegas,AOI_2_Vegas:-11524:3619,test,owlvit,area,fixed,0.6,0.25,15,19,82,30,2.9,owlvit
AOI_2_Vegas_img2516,AOI_2_Vegas,AOI_2_Vegas:-11524:3619,test,owlvit,area,fixed,0.9,0.25,17,23,82,27,4.1,owlvit
AOI_2_Vegas_img2516,AOI_2_Vegas,AOI_2_Vegas:-11524:3619,test,owlvit,area,fixed,1.2,0.25,15,23,82,30,4.5,owlvit
AOI_2_Vegas_img2516,AOI_2_Vegas,AOI_2_Vegas:-11524:3619,test,owlvit,area,fixed,1.8,0.25,2,2,82,18,0.2,owlvit
AOI_2_Vegas_img2516,AOI_2_Vegas,AOI_2_Vegas:-11524:3619,test,owlvit,area,fixed,2.4,0.25,0,0,82,11,0.0,owlvit
AOI_2_Vegas_img2516,AOI_2_Vegas,AOI_2_Vegas:-11524:3619,test,owlvit,area,fixed,3.6,0.25,0,0,82,7,0.0,owlvit
AOI_2_Vegas_img2516,AOI_2_Vegas,AOI_2_Vegas:-11524:3619,test,owlvit,area,fixed,5.0,0.25,0,0,82,7,0.0,owlvit
AOI_2_Vegas_img2516,AOI_2_Vegas,AOI_2_Vegas:-11524:3619,test,owlvit,area,fixed,10.0,0.25,0,0,82,1,0.0,owlvit
AOI_2_Vegas_img2567,AOI_2_Vegas,AOI_2_Vegas:-11524:3614,test,owlvit,area,fixed,0.3,0.25,5,21,20,51,1.3,owlvit
AOI_2_Vegas_img2567,AOI_2_Vegas,AOI_2_Vegas:-11524:3614,test,owlvit,area,fixed,0.45,0.25,5,16,20,51,1.05,owlvit
AOI_2_Vegas_img2567,AOI_2_Vegas,AOI_2_Vegas:-11524:3614,test,owlvit,area,fixed,0.6,0.25,3,11,20,52,0.55,owlvit
AOI_2_Vegas_img2567,AOI_2_Vegas,AOI_2_Vegas:-11524:3614,test,owlvit,area,fixed,0.9,0.25,4,13,20,43,1.05,owlvit
AOI_2_Vegas_img2567,AOI_2_Vegas,AOI_2_Vegas:-11524:3614,test,owlvit,area,fixed,1.2,0.25,3,8,20,35,0.8,owlvit
AOI_2_Vegas_img2567,AOI_2_Vegas,AOI_2_Vegas:-11524:3614,test,owlvit,area,fixed,1.8,0.25,1,3,20,28,0.25,owlvit
AOI_2_Vegas_img2567,AOI_2_Vegas,AOI_2_Vegas:-11524:3614,test,owlvit,area,fixed,2.4,0.25,1,2,20,30,0.15,owlvit
AOI_2_Vegas_img2567,AOI_2_Vegas,AOI_2_Vegas:-11524:3614,test,owlvit,area,fixed,3.6,0.25,0,0,20,19,0.0,owlvit
AOI_2_Vegas_img2567,AOI_2_Vegas,AOI_2_Vegas:-11524:3614,test,owlvit,area,fixed,5.0,0.25,0,0,20,11,0.0,owlvit
AOI_2_Vegas_img2567,AOI_2_Vegas,AOI_2_Vegas:-11524:3614,test,owlvit,area,fixed,10.0,0.25,0,0,20,1,0.0,owlvit
AOI_2_Vegas_img2614,AOI_2_Vegas,AOI_2_Vegas:-11524:3622,test,owlvit,area,fixed,0.3,0.25,34,104,44,27,17.25,owlvit
AOI_2_Vegas_img2614,AOI_2_Vegas,AOI_2_Vegas:-11524:3622,test,owlvit,area,fixed,0.45,0.25,34,99,44,31,15.5,owlvit
AOI_2_Vegas_img2614,AOI_2_Vegas,AOI_2_Vegas:-11524:3622,test,owlvit,area,fixed,0.6,0.25,34,95,44,32,16.25,owlvit
AOI_2_Vegas_img2614,AOI_2_Vegas,AOI_2_Vegas:-11524:3622,test,owlvit,area,fixed,0.9,0.25,31,83,44,28,15.75,owlvit
AOI_2_Vegas_img2614,AOI_2_Vegas,AOI_2_Vegas:-11524:3622,test,owlvit,area,fixed,1.2,0.25,31,62,44,26,13.4,owlvit
AOI_2_Vegas_img2614,AOI_2_Vegas,AOI_2_Vegas:-11524:3622,test,owlvit,area,fixed,1.8,0.25,11,13,44,16,3.2,owlvit
AOI_2_Vegas_img2614,AOI_2_Vegas,AOI_2_Vegas:-11524:3622,test,owlvit,area,fixed,2.4,0.25,2,2,44,5,0.85,owlvit
AOI_2_Vegas_img2614,AOI_2_Vegas,AOI_2_Vegas:-11524:3622,test,owlvit,area,fixed,3.6,0.25,2,3,44,12,1.25,owlvit
AOI_2_Vegas_img2614,AOI_2_Vegas,AOI_2_Vegas:-11524:3622,test,owlvit,area,fixed,5.0,0.25,0,0,44,1,0.0,owlvit
AOI_2_Vegas_img2614,AOI_2_Vegas,AOI_2_Vegas:-11524:3622,test,owlvit,area,fixed,10.0,0.25,0,0,44,0,0.0,owlvit
AOI_2_Vegas_img2623,AOI_2_Vegas,AOI_2_Vegas:-11524:3624,test,owlvit,area,fixed,0.3,0.25,5,49,13,39,1.7,owlvit
AOI_2_Vegas_img2623,AOI_2_Vegas,AOI_2_Vegas:-11524:3624,test,owlvit,area,fixed,0.45,0.25,5,45,13,48,1.95,owlvit
AOI_2_Vegas_img2623,AOI_2_Vegas,AOI_2_Vegas:-11524:3624,test,owlvit,area,fixed,0.6,0.25,5,44,13,35,2.05,owlvit
AOI_2_Vegas_img2623,AOI_2_Vegas,AOI_2_Vegas:-11524:3624,test,owlvit,area,fixed,0.9,0.25,5,30,13,37,1.5,owlvit
AOI_2_Vegas_img2623,AOI_2_Vegas,AOI_2_Vegas:-11524:3624,test,owlvit,area,fixed,1.2,0.25,6,20,13,40,1.25,owlvit
AOI_2_Vegas_img2623,AOI_2_Vegas,AOI_2_Vegas:-11524:3624,test,owlvit,area,fixed,1.8,0.25,3,14,13,46,0.55,owlvit
AOI_2_Vegas_img2623,AOI_2_Vegas,AOI_2_Vegas:-11524:3624,test,owlvit,area,fixed,2.4,0.25,3,5,13,32,0.2,owlvit
AOI_2_Vegas_img2623,AOI_2_Vegas,AOI_2_Vegas:-11524:3624,test,owlvit,area,fixed,3.6,0.25,0,0,13,18,0.0,owlvit
AOI_2_Vegas_img2623,AOI_2_Vegas,AOI_2_Vegas:-11524:3624,test,owlvit,area,fixed,5.0,0.25,0,0,13,4,0.0,owlvit
AOI_2_Vegas_img2623,AOI_2_Vegas,AOI_2_Vegas:-11524:3624,test,owlvit,area,fixed,10.0,0.25,0,0,13,1,0.0,owlvit
AOI_2_Vegas_img263,AOI_2_Vegas,AOI_2_Vegas:-11530:3620,test,owlvit,area,fixed,0.3,0.25,33,50,44,30,11.25,owlvit
AOI_2_Vegas_img263,AOI_2_Vegas,AOI_2_Vegas:-11530:3620,test,owlvit,area,fixed,0.45,0.25,32,45,44,25,10.75,owlvit
AOI_2_Vegas_img263,AOI_2_Vegas,AOI_2_Vegas:-11530:3620,test,owlvit,area,fixed,0.6,0.25,31,43,44,28,10.05,owlvit
AOI_2_Vegas_img263,AOI_2_Vegas,AOI_2_Vegas:-11530:3620,test,owlvit,area,fixed,0.9,0.25,31,43,44,30,10.25,owlvit
AOI_2_Vegas_img263,AOI_2_Vegas,AOI_2_Vegas:-11530:3620,test,owlvit,area,fixed,1.2,0.25,23,29,44,36,8.0,owlvit
AOI_2_Vegas_img263,AOI_2_Vegas,AOI_2_Vegas:-11530:3620,test,owlvit,area,fixed,1.8,0.25,13,15,44,17,4.8,owlvit
AOI_2_Vegas_img263,AOI_2_Vegas,AOI_2_Vegas:-11530:3620,test,owlvit,area,fixed,2.4,0.25,1,1,44,9,0.45,owlvit
AOI_2_Vegas_img263,AOI_2_Vegas,AOI_2_Vegas:-11530:3620,test,owlvit,area,fixed,3.6,0.25,0,0,44,9,0.0,owlvit
AOI_2_Vegas_img263,AOI_2_Vegas,AOI_2_Vegas:-11530:3620,test,owlvit,area,fixed,5.0,0.25,0,0,44,6,0.0,owlvit
AOI_2_Vegas_img263,AOI_2_Vegas,AOI_2_Vegas:-11530:3620,test,owlvit,area,fixed,10.0,0.25,0,0,44,1,0.0,owlvit
AOI_2_Vegas_img2668,AOI_2_Vegas,AOI_2_Vegas:-11524:3618,test,owlvit,area,fixed,0.3,0.25,39,74,65,48,14.1,owlvit
AOI_2_Vegas_img2668,AOI_2_Vegas,AOI_2_Vegas:-11524:3618,test,owlvit,area,fixed,0.45,0.25,37,68,65,46,12.6,owlvit
AOI_2_Vegas_img2668,AOI_2_Vegas,AOI_2_Vegas:-11524:3618,test,owlvit,area,fixed,0.6,0.25,37,68,65,43,14.95,owlvit
AOI_2_Vegas_img2668,AOI_2_Vegas,AOI_2_Vegas:-11524:3618,test,owlvit,area,fixed,0.9,0.25,35,65,65,44,12.8,owlvit
AOI_2_Vegas_img2668,AOI_2_Vegas,AOI_2_Vegas:-11524:3618,test,owlvit,area,fixed,1.2,0.25,29,52,65,36,11.45,owlvit
AOI_2_Vegas_img2668,AOI_2_Vegas,AOI_2_Vegas:-11524:3618,test,owlvit,area,fixed,1.8,0.25,18,24,65,31,5.95,owlvit
AOI_2_Vegas_img2668,AOI_2_Vegas,AOI_2_Vegas:-11524:3618,test,owlvit,area,fixed,2.4,0.25,0,0,65,17,0.0,owlvit
AOI_2_Vegas_img2668,AOI_2_Vegas,AOI_2_Vegas:-11524:3618,test,owlvit,area,fixed,3.6,0.25,0,0,65,3,0.0,owlvit
AOI_2_Vegas_img2668,AOI_2_Vegas,AOI_2_Vegas:-11524:3618,test,owlvit,area,fixed,5.0,0.25,0,0,65,2,0.0,owlvit
AOI_2_Vegas_img2668,AOI_2_Vegas,AOI_2_Vegas:-11524:3618,test,owlvit,area,fixed,10.0,0.25,0,0,65,0,0.0,owlvit
AOI_2_Vegas_img2695,AOI_2_Vegas,AOI_2_Vegas:-11524:3623,test,owlvit,area,fixed,0.3,0.25,28,54,52,31,7.8,owlvit
AOI_2_Vegas_img2695,AOI_2_Vegas,AOI_2_Vegas:-11524:3623,test,owlvit,area,fixed,0.45,0.25,28,53,52,26,8.7,owlvit
AOI_2_Vegas_img2695,AOI_2_Vegas,AOI_2_Vegas:-11524:3623,test,owlvit,area,fixed,0.6,0.25,28,48,52,29,8.7,owlvit
AOI_2_Vegas_img2695,AOI_2_Vegas,AOI_2_Vegas:-11524:3623,test,owlvit,area,fixed,0.9,0.25,26,47,52,25,7.75,owlvit
AOI_2_Vegas_img2695,AOI_2_Vegas,AOI_2_Vegas:-11524:3623,test,owlvit,area,fixed,1.2,0.25,26,41,52,21,7.2,owlvit
AOI_2_Vegas_img2695,AOI_2_Vegas,AOI_2_Vegas:-11524:3623,test,owlvit,area,fixed,1.8,0.25,18,24,52,22,4.5,owlvit
AOI_2_Vegas_img2695,AOI_2_Vegas,AOI_2_Vegas:-11524:3623,test,owlvit,area,fixed,2.4,0.25,10,10,52,8,2.75,owlvit
AOI_2_Vegas_img2695,AOI_2_Vegas,AOI_2_Vegas:-11524:3623,test,owlvit,area,fixed,3.6,0.25,0,0,52,3,0.0,owlvit
AOI_2_Vegas_img2695,AOI_2_Vegas,AOI_2_Vegas:-11524:3623,test,owlvit,area,fixed,5.0,0.25,0,0,52,1,0.0,owlvit
AOI_2_Vegas_img2695,AOI_2_Vegas,AOI_2_Vegas:-11524:3623,test,owlvit,area,fixed,10.0,0.25,0,0,52,0,0.0,owlvit
AOI_2_Vegas_img2751,AOI_2_Vegas,AOI_2_Vegas:-11524:3619,test,owlvit,area,fixed,0.3,0.25,24,45,42,25,7.75,owlvit
AOI_2_Vegas_img2751,AOI_2_Vegas,AOI_2_Vegas:-11524:3619,test,owlvit,area,fixed,0.45,0.25,21,35,42,26,6.35,owlvit
AOI_2_Vegas_img2751,AOI_2_Vegas,AOI_2_Vegas:-11524:3619,test,owlvit,area,fixed,0.6,0.25,23,37,42,25,7.05,owlvit
AOI_2_Vegas_img2751,AOI_2_Vegas,AOI_2_Vegas:-11524:3619,test,owlvit,area,fixed,0.9,0.25,18,29,42,26,5.25,owlvit
AOI_2_Vegas_img2751,AOI_2_Vegas,AOI_2_Vegas:-11524:3619,test,owlvit,area,fixed,1.2,0.25,16,23,42,24,4.4,owlvit
AOI_2_Vegas_img2751,AOI_2_Vegas,AOI_2_Vegas:-11524:3619,test,owlvit,area,fixed,1.8,0.25,3,3,42,14,1.0,owlvit
AOI_2_Vegas_img2751,AOI_2_Vegas,AOI_2_Vegas:-11524:3619,test,owlvit,area,fixed,2.4,0.25,3,4,42,9,0.75,owlvit
AOI_2_Vegas_img2751,AOI_2_Vegas,AOI_2_Vegas:-11524:3619,test,owlvit,area,fixed,3.6,0.25,0,0,42,4,0.0,owlvit
AOI_2_Vegas_img2751,AOI_2_Vegas,AOI_2_Vegas:-11524:3619,test,owlvit,area,fixed,5.0,0.25,0,0,42,8,0.0,owlvit
AOI_2_Vegas_img2751,AOI_2_Vegas,AOI_2_Vegas:-11524:3619,test,owlvit,area,fixed,10.0,0.25,0,0,42,1,0.0,owlvit
AOI_2_Vegas_img2760,AOI_2_Vegas,AOI_2_Vegas:-11524:3620,test,owlvit,area,fixed,0.3,0.25,32,90,58,33,12.95,owlvit
AOI_2_Vegas_img2760,AOI_2_Vegas,AOI_2_Vegas:-11524:3620,test,owlvit,area,fixed,0.45,0.25,31,84,58,31,12.4,owlvit
AOI_2_Vegas_img2760,AOI_2_Vegas,AOI_2_Vegas:-11524:3620,test,owlvit,area,fixed,0.6,0.25,32,80,58,34,12.2,owlvit
AOI_2_Vegas_img2760,AOI_2_Vegas,AOI_2_Vegas:-11524:3620,test,owlvit,area,fixed,0.9,0.25,31,67,58,31,10.35,owlvit
AOI_2_Vegas_img2760,AOI_2_Vegas,AOI_2_Vegas:-11524:3620,test,owlvit,area,fixed,1.2,0.25,28,60,58,35,9.8,owlvit
AOI_2_Vegas_img2760,AOI_2_Vegas,AOI_2_Vegas:-11524:3620,test,owlvit,area,fixed,1.8,0.25,17,28,58,32,4.9,owlvit
AOI_2_Vegas_img2760,AOI_2_Vegas,AOI_2_Vegas:-11524:3620,test,owlvit,area,fixed,2.4,0.25,3,3,58,11,0.5,owlvit
AOI_2_Vegas_img2760,AOI_2_Vegas,AOI_2_Vegas:-11524:3620,test,owlvit,area,fixed,3.6,0.25,0,0,58,3,0.0,owlvit
AOI_2_Vegas_img2760,AOI_2_Vegas,AOI_2_Vegas:-11524:3620,test,owlvit,area,fixed,5.0,0.25,0,0,58,2,0.0,owlvit
AOI_2_Vegas_img2760,AOI_2_Vegas,AOI_2_Vegas:-11524:3620,test,owlvit,area,fixed,10.0,0.25,0,0,58,0,0.0,owlvit
AOI_2_Vegas_img2801,AOI_2_Vegas,AOI_2_Vegas:-11524:3613,test,owlvit,area,fixed,0.3,0.25,11,28,26,32,1.9,owlvit
AOI_2_Vegas_img2801,AOI_2_Vegas,AOI_2_Vegas:-11524:3613,test,owlvit,area,fixed,0.45,0.25,10,35,26,35,2.35,owlvit
AOI_2_Vegas_img2801,AOI_2_Vegas,AOI_2_Vegas:-11524:3613,test,owlvit,area,fixed,0.6,0.25,10,32,26,38,2.45,owlvit
AOI_2_Vegas_img2801,AOI_2_Vegas,AOI_2_Vegas:-11524:3613,test,owlvit,area,fixed,0.9,0.25,9,23,26,41,1.55,owlvit
AOI_2_Vegas_img2801,AOI_2_Vegas,AOI_2_Vegas:-11524:3613,test,owlvit,area,fixed,1.2,0.25,8,25,26,33,1.75,owlvit
AOI_2_Vegas_img2801,AOI_2_Vegas,AOI_2_Vegas:-11524:3613,test,owlvit,area,fixed,1.8,0.25,5,22,26,32,1.7,owlvit
AOI_2_Vegas_img2801,AOI_2_Vegas,AOI_2_Vegas:-11524:3613,test,owlvit,area,fixed,2.4,0.25,4,19,26,25,1.65,owlvit
AOI_2_Vegas_img2801,AOI_2_Vegas,AOI_2_Vegas:-11524:3613,test,owlvit,area,fixed,3.6,0.25,3,6,26,23,0.75,owlvit
AOI_2_Vegas_img2801,AOI_2_Vegas,AOI_2_Vegas:-11524:3613,test,owlvit,area,fixed,5.0,0.25,0,0,26,2,0.0,owlvit
AOI_2_Vegas_img2801,AOI_2_Vegas,AOI_2_Vegas:-11524:3613,test,owlvit,area,fixed,10.0,0.25,0,0,26,0,0.0,owlvit
AOI_2_Vegas_img2824,AOI_2_Vegas,AOI_2_Vegas:-11524:3618,test,owlvit,area,fixed,0.3,0.25,21,49,31,45,4.55,owlvit
AOI_2_Vegas_img2824,AOI_2_Vegas,AOI_2_Vegas:-11524:3618,test,owlvit,area,fixed,0.45,0.25,17,42,31,42,5.4,owlvit
AOI_2_Vegas_img2824,AOI_2_Vegas,AOI_2_Vegas:-11524:3618,test,owlvit,area,fixed,0.6,0.25,19,41,31,47,4.95,owlvit
AOI_2_Vegas_img2824,AOI_2_Vegas,AOI_2_Vegas:-11524:3618,test,owlvit,area,fixed,0.9,0.25,19,35,31,45,4.7,owlvit
AOI_2_Vegas_img2824,AOI_2_Vegas,AOI_2_Vegas:-11524:3618,test,owlvit,area,fixed,1.2,0.25,18,30,31,44,4.15,owlvit
AOI_2_Vegas_img2824,AOI_2_Vegas,AOI_2_Vegas:-11524:3618,test,owlvit,area,fixed,1.8,0.25,12,22,31,45,2.9,owlvit
AOI_2_Vegas_img2824,AOI_2_Vegas,AOI_2_Vegas:-11524:3618,test,owlvit,area,fixed,2.4,0.25,10,14,31,44,2.3,owlvit
AOI_2_Vegas_img2824,AOI_2_Vegas,AOI_2_Vegas:-11524:3618,test,owlvit,area,fixed,3.6,0.25,2,3,31,32,0.55,owlvit
AOI_2_Vegas_img2824,AOI_2_Vegas,AOI_2_Vegas:-11524:3618,test,owlvit,area,fixed,5.0,0.25,0,0,31,14,0.0,owlvit
AOI_2_Vegas_img2824,AOI_2_Vegas,AOI_2_Vegas:-11524:3618,test,owlvit,area,fixed,10.0,0.25,0,0,31,1,0.0,owlvit
AOI_2_Vegas_img2852,AOI_2_Vegas,AOI_2_Vegas:-11524:3622,test,owlvit,area,fixed,0.3,0.25,14,48,49,36,5.55,owlvit
AOI_2_Vegas_img2852,AOI_2_Vegas,AOI_2_Vegas:-11524:3622,test,owlvit,area,fixed,0.45,0.25,16,41,49,40,5.3,owlvit
AOI_2_Vegas_img2852,AOI_2_Vegas,AOI_2_Vegas:-11524:3622,test,owlvit,area,fixed,0.6,0.25,15,36,49,40,4.65,owlvit
AOI_2_Vegas_img2852,AOI_2_Vegas,AOI_2_Vegas:-11524:3622,test,owlvit,area,fixed,0.9,0.25,14,25,49,31,4.25,owlvit
AOI_2_Vegas_img2852,AOI_2_Vegas,AOI_2_Vegas:-11524:3622,test,owlvit,area,fixed,1.2,0.25,5,5,49,33,1.05,owlvit
AOI_2_Vegas_img2852,AOI_2_Vegas,AOI_2_Vegas:-11524:3622,test,owlvit,area,fixed,1.8,0.25,0,0,49,5,0.0,owlvit
AOI_2_Vegas_img2852,AOI_2_Vegas,AOI_2_Vegas:-11524:3622,test,owlvit,area,fixed,2.4,0.25,0,0,49,2,0.0,owlvit
AOI_2_Vegas_img2852,AOI_2_Vegas,AOI_2_Vegas:-11524:3622,test,owlvit,area,fixed,3.6,0.25,0,0,49,2,0.0,owlvit
AOI_2_Vegas_img2852,AOI_2_Vegas,AOI_2_Vegas:-11524:3622,test,owlvit,area,fixed,5.0,0.25,0,0,49,1,0.0,owlvit
AOI_2_Vegas_img2852,AOI_2_Vegas,AOI_2_Vegas:-11524:3622,test,owlvit,area,fixed,10.0,0.25,0,0,49,0,0.0,owlvit
AOI_2_Vegas_img286,AOI_2_Vegas,AOI_2_Vegas:-11530:3614,test,owlvit,area,fixed,0.3,0.25,2,7,6,27,0.1,owlvit
AOI_2_Vegas_img286,AOI_2_Vegas,AOI_2_Vegas:-11530:3614,test,owlvit,area,fixed,0.45,0.25,2,9,6,29,0.25,owlvit
AOI_2_Vegas_img286,AOI_2_Vegas,AOI_2_Vegas:-11530:3614,test,owlvit,area,fixed,0.6,0.25,2,7,6,26,0.3,owlvit
AOI_2_Vegas_img286,AOI_2_Vegas,AOI_2_Vegas:-11530:3614,test,owlvit,area,fixed,0.9,0.25,2,2,6,17,0.1,owlvit
AOI_2_Vegas_img286,AOI_2_Vegas,AOI_2_Vegas:-11530:3614,test,owlvit,area,fixed,1.2,0.25,2,2,6,12,0.2,owlvit
AOI_2_Vegas_img286,AOI_2_Vegas,AOI_2_Vegas:-11530:3614,test,owlvit,area,fixed,1.8,0.25,0,0,6,3,0.0,owlvit
AOI_2_Vegas_img286,AOI_2_Vegas,AOI_2_Vegas:-11530:3614,test,owlvit,area,fixed,2.4,0.25,0,0,6,6,0.0,owlvit
AOI_2_Vegas_img286,AOI_2_Vegas,AOI_2_Vegas:-11530:3614,test,owlvit,area,fixed,3.6,0.25,0,0,6,5,0.0,owlvit
AOI_2_Vegas_img286,AOI_2_Vegas,AOI_2_Vegas:-11530:3614,test,owlvit,area,fixed,5.0,0.25,0,0,6,5,0.0,owlvit
AOI_2_Vegas_img286,AOI_2_Vegas,AOI_2_Vegas:-11530:3614,test,owlvit,area,fixed,10.0,0.25,0,0,6,1,0.0,owlvit
AOI_2_Vegas_img2870,AOI_2_Vegas,AOI_2_Vegas:-11524:3626,test,owlvit,area,fixed,0.3,0.25,10,55,16,12,1.7,owlvit
AOI_2_Vegas_img2870,AOI_2_Vegas,AOI_2_Vegas:-11524:3626,test,owlvit,area,fixed,0.45,0.25,10,47,16,10,1.9,owlvit
AOI_2_Vegas_img2870,AOI_2_Vegas,AOI_2_Vegas:-11524:3626,test,owlvit,area,fixed,0.6,0.25,9,42,16,9,1.95,owlvit
AOI_2_Vegas_img2870,AOI_2_Vegas,AOI_2_Vegas:-11524:3626,test,owlvit,area,fixed,0.9,0.25,7,34,16,10,1.8,owlvit
AOI_2_Vegas_img2870,AOI_2_Vegas,AOI_2_Vegas:-11524:3626,test,owlvit,area,fixed,1.2,0.25,6,31,16,15,1.35,owlvit
AOI_2_Vegas_img2870,AOI_2_Vegas,AOI_2_Vegas:-11524:3626,test,owlvit,area,fixed,1.8,0.25,2,7,16,3,0.65,owlvit
AOI_2_Vegas_img2870,AOI_2_Vegas,AOI_2_Vegas:-11524:3626,test,owlvit,area,fixed,2.4,0.25,0,1,16,2,0.15,owlvit
AOI_2_Vegas_img2870,AOI_2_Vegas,AOI_2_Vegas:-11524:3626,test,owlvit,area,fixed,3.6,0.25,0,0,16,2,0.0,owlvit
AOI_2_Vegas_img2870,AOI_2_Vegas,AOI_2_Vegas:-11524:3626,test,owlvit,area,fixed,5.0,0.25,0,0,16,1,0.0,owlvit
AOI_2_Vegas_img2870,AOI_2_Vegas,AOI_2_Vegas:-11524:3626,test,owlvit,area,fixed,10.0,0.25,0,0,16,1,0.0,owlvit
AOI_2_Vegas_img2875,AOI_2_Vegas,AOI_2_Vegas:-11523:3613,test,owlvit,area,fixed,0.3,0.25,16,55,31,37,4.85,owlvit
AOI_2_Vegas_img2875,AOI_2_Vegas,AOI_2_Vegas:-11523:3613,test,owlvit,area,fixed,0.45,0.25,16,54,31,40,4.65,owlvit
AOI_2_Vegas_img2875,AOI_2_Vegas,AOI_2_Vegas:-11523:3613,test,owlvit,area,fixed,0.6,0.25,17,50,31,40,4.25,owlvit
AOI_2_Vegas_img2875,AOI_2_Vegas,AOI_2_Vegas:-11523:3613,test,owlvit,area,fixed,0.9,0.25,15,46,31,42,3.65,owlvit
AOI_2_Vegas_img2875,AOI_2_Vegas,AOI_2_Vegas:-11523:3613,test,owlvit,area,fixed,1.2,0.25,13,39,31,43,4.1,owlvit
AOI_2_Vegas_img2875,AOI_2_Vegas,AOI_2_Vegas:-11523:3613,test,owlvit,area,fixed,1.8,0.25,8,24,31,35,2.55,owlvit
AOI_2_Vegas_img2875,AOI_2_Vegas,AOI_2_Vegas:-11523:3613,test,owlvit,area,fixed,2.4,0.25,6,13,31,32,1.5,owlvit
AOI_2_Vegas_img2875,AOI_2_Vegas,AOI_2_Vegas:-11523:3613,test,owlvit,area,fixed,3.6,0.25,2,2,31,14,0.4,owlvit
AOI_2_Vegas_img2875,AOI_2_Vegas,AOI_2_Vegas:-11523:3613,test,owlvit,area,fixed,5.0,0.25,0,0,31,1,0.0,owlvit
AOI_2_Vegas_img2875,AOI_2_Vegas,AOI_2_Vegas:-11523:3613,test,owlvit,area,fixed,10.0,0.25,0,0,31,0,0.0,owlvit
AOI_2_Vegas_img288,AOI_2_Vegas,AOI_2_Vegas:-11530:3614,test,owlvit,area,fixed,0.3,0.25,23,81,37,35,6.45,owlvit
AOI_2_Vegas_img288,AOI_2_Vegas,AOI_2_Vegas:-11530:3614,test,owlvit,area,fixed,0.45,0.25,22,72,37,39,7.4,owlvit
AOI_2_Vegas_img288,AOI_2_Vegas,AOI_2_Vegas:-11530:3614,test,owlvit,area,fixed,0.6,0.25,22,71,37,41,7.65,owlvit
AOI_2_Vegas_img288,AOI_2_Vegas,AOI_2_Vegas:-11530:3614,test,owlvit,area,fixed,0.9,0.25,22,63,37,45,6.55,owlvit
AOI_2_Vegas_img288,AOI_2_Vegas,AOI_2_Vegas:-11530:3614,test,owlvit,area,fixed,1.2,0.25,20,49,37,42,6.5,owlvit
AOI_2_Vegas_img288,AOI_2_Vegas,AOI_2_Vegas:-11530:3614,test,owlvit,area,fixed,1.8,0.25,12,19,37,38,2.3,owlvit
AOI_2_Vegas_img288,AOI_2_Vegas,AOI_2_Vegas:-11530:3614,test,owlvit,area,fixed,2.4,0.25,2,2,37,10,0.35,owlvit
AOI_2_Vegas_img288,AOI_2_Vegas,AOI_2_Vegas:-11530:3614,test,owlvit,area,fixed,3.6,0.25,0,0,37,5,0.0,owlvit
AOI_2_Vegas_img288,AOI_2_Vegas,AOI_2_Vegas:-11530:3614,test,owlvit,area,fixed,5.0,0.25,0,0,37,3,0.0,owlvit
AOI_2_Vegas_img288,AOI_2_Vegas,AOI_2_Vegas:-11530:3614,test,owlvit,area,fixed,10.0,0.25,0,0,37,1,0.0,owlvit
AOI_2_Vegas_img2888,AOI_2_Vegas,AOI_2_Vegas:-11523:3615,test,owlvit,area,fixed,0.3,0.25,0,1,0,21,0.0,owlvit
AOI_2_Vegas_img2888,AOI_2_Vegas,AOI_2_Vegas:-11523:3615,test,owlvit,area,fixed,0.45,0.25,0,1,0,21,0.0,owlvit
AOI_2_Vegas_img2888,AOI_2_Vegas,AOI_2_Vegas:-11523:3615,test,owlvit,area,fixed,0.6,0.25,0,1,0,20,0.0,owlvit
AOI_2_Vegas_img2888,AOI_2_Vegas,AOI_2_Vegas:-11523:3615,test,owlvit,area,fixed,0.9,0.25,0,4,0,24,0.0,owlvit
AOI_2_Vegas_img2888,AOI_2_Vegas,AOI_2_Vegas:-11523:3615,test,owlvit,area,fixed,1.2,0.25,0,3,0,28,0.0,owlvit
AOI_2_Vegas_img2888,AOI_2_Vegas,AOI_2_Vegas:-11523:3615,test,owlvit,area,fixed,1.8,0.25,0,0,0,20,0.0,owlvit
AOI_2_Vegas_img2888,AOI_2_Vegas,AOI_2_Vegas:-11523:3615,test,owlvit,area,fixed,2.4,0.25,0,0,0,15,0.0,owlvit
AOI_2_Vegas_img2888,AOI_2_Vegas,AOI_2_Vegas:-11523:3615,test,owlvit,area,fixed,3.6,0.25,0,0,0,8,0.0,owlvit
AOI_2_Vegas_img2888,AOI_2_Vegas,AOI_2_Vegas:-11523:3615,test,owlvit,area,fixed,5.0,0.25,0,0,0,5,0.0,owlvit
AOI_2_Vegas_img2888,AOI_2_Vegas,AOI_2_Vegas:-11523:3615,test,owlvit,area,fixed,10.0,0.25,0,0,0,0,0.0,owlvit
AOI_2_Vegas_img297,AOI_2_Vegas,AOI_2_Vegas:-11530:3616,test,owlvit,area,fixed,0.3,0.25,0,0,0,2,0.0,owlvit
AOI_2_Vegas_img297,AOI_2_Vegas,AOI_2_Vegas:-11530:3616,test,owlvit,area,fixed,0.45,0.25,0,0,0,0,0.0,owlvit
AOI_2_Vegas_img297,AOI_2_Vegas,AOI_2_Vegas:-11530:3616,test,owlvit,area,fixed,0.6,0.25,0,0,0,0,0.0,owlvit
AOI_2_Vegas_img297,AOI_2_Vegas,AOI_2_Vegas:-11530:3616,test,owlvit,area,fixed,0.9,0.25,0,0,0,0,0.0,owlvit
AOI_2_Vegas_img297,AOI_2_Vegas,AOI_2_Vegas:-11530:3616,test,owlvit,area,fixed,1.2,0.25,0,0,0,0,0.0,owlvit
AOI_2_Vegas_img297,AOI_2_Vegas,AOI_2_Vegas:-11530:3616,test,owlvit,area,fixed,1.8,0.25,0,0,0,0,0.0,owlvit
AOI_2_Vegas_img297,AOI_2_Vegas,AOI_2_Vegas:-11530:3616,test,owlvit,area,fixed,2.4,0.25,0,0,0,0,0.0,owlvit
AOI_2_Vegas_img297,AOI_2_Vegas,AOI_2_Vegas:-11530:3616,test,owlvit,area,fixed,3.6,0.25,0,0,0,0,0.0,owlvit
AOI_2_Vegas_img297,AOI_2_Vegas,AOI_2_Vegas:-11530:3616,test,owlvit,area,fixed,5.0,0.25,0,0,0,0,0.0,owlvit
AOI_2_Vegas_img297,AOI_2_Vegas,AOI_2_Vegas:-11530:3616,test,owlvit,area,fixed,10.0,0.25,0,0,0,0,0.0,owlvit
AOI_2_Vegas_img2978,AOI_2_Vegas,AOI_2_Vegas:-11523:3617,test,owlvit,area,fixed,0.3,0.25,12,51,30,27,4.05,owlvit
AOI_2_Vegas_img2978,AOI_2_Vegas,AOI_2_Vegas:-11523:3617,test,owlvit,area,fixed,0.45,0.25,12,43,30,23,2.85,owlvit
AOI_2_Vegas_img2978,AOI_2_Vegas,AOI_2_Vegas:-11523:3617,test,owlvit,area,fixed,0.6,0.25,10,34,30,23,2.9,owlvit
AOI_2_Vegas_img2978,AOI_2_Vegas,AOI_2_Vegas:-11523:3617,test,owlvit,area,fixed,0.9,0.25,11,29,30,29,2.65,owlvit
AOI_2_Vegas_img2978,AOI_2_Vegas,AOI_2_Vegas:-11523:3617,test,owlvit,area,fixed,1.2,0.25,13,28,30,27,2.6,owlvit
AOI_2_Vegas_img2978,AOI_2_Vegas,AOI_2_Vegas:-11523:3617,test,owlvit,area,fixed,1.8,0.25,11,29,30,27,2.9,owlvit
AOI_2_Vegas_img2978,AOI_2_Vegas,AOI_2_Vegas:-11523:3617,test,owlvit,area,fixed,2.4,0.25,10,15,30,25,1.75,owlvit
AOI_2_Vegas_img2978,AOI_2_Vegas,AOI_2_Vegas:-11523:3617,test,owlvit,area,fixed,3.6,0.25,2,4,30,20,0.7,owlvit
AOI_2_Vegas_img2978,AOI_2_Vegas,AOI_2_Vegas:-11523:3617,test,owlvit,area,fixed,5.0,0.25,0,0,30,3,0.0,owlvit
AOI_2_Vegas_img2978,AOI_2_Vegas,AOI_2_Vegas:-11523:3617,test,owlvit,area,fixed,10.0,0.25,0,0,30,0,0.0,owlvit
AOI_2_Vegas_img3018,AOI_2_Vegas,AOI_2_Vegas:-11523:3624,test,owlvit,area,fixed,0.3,0.25,24,69,61,32,13.35,owlvit
AOI_2_Vegas_img3018,AOI_2_Vegas,AOI_2_Vegas:-11523:3624,test,owlvit,area,fixed,0.45,0.25,24,65,61,33,12.7,owlvit
AOI_2_Vegas_img3018,AOI_2_Vegas,AOI_2_Vegas:-11523:3624,test,owlvit,area,fixed,0.6,0.25,23,65,61,30,12.8,owlvit
AOI_2_Vegas_img3018,AOI_2_Vegas,AOI_2_Vegas:-11523:3624,test,owlvit,area,fixed,0.9,0.25,22,53,61,28,12.3,owlvit
AOI_2_Vegas_img3018,AOI_2_Vegas,AOI_2_Vegas:-11523:3624,test,owlvit,area,fixed,1.2,0.25,20,37,61,28,9.1,owlvit
AOI_2_Vegas_img3018,AOI_2_Vegas,AOI_2_Vegas:-11523:3624,test,owlvit,area,fixed,1.8,0.25,14,21,61,18,5.25,owlvit
AOI_2_Vegas_img3018,AOI_2_Vegas,AOI_2_Vegas:-11523:3624,test,owlvit,area,fixed,2.4,0.25,3,7,61,11,2.05,owlvit
AOI_2_Vegas_img3018,AOI_2_Vegas,AOI_2_Vegas:-11523:3624,test,owlvit,area,fixed,3.6,0.25,1,1,61,7,0.25,owlvit
AOI_2_Vegas_img3018,AOI_2_Vegas,AOI_2_Vegas:-11523:3624,test,owlvit,area,fixed,5.0,0.25,1,1,61,3,0.4,owlvit
AOI_2_Vegas_img3018,AOI_2_Vegas,AOI_2_Vegas:-11523:3624,test,owlvit,area,fixed,10.0,0.25,0,0,61,0,0.0,owlvit
AOI_2_Vegas_img3077,AOI_2_Vegas,AOI_2_Vegas:-11523:3620,test,owlvit,area,fixed,0.3,0.25,15,35,32,36,3.25,owlvit
AOI_2_Vegas_img3077,AOI_2_Vegas,AOI_2_Vegas:-11523:3620,test,owlvit,area,fixed,0.45,0.25,13,35,32,36,3.1,owlvit
AOI_2_Vegas_img3077,AOI_2_Vegas,AOI_2_Vegas:-11523:3620,test,owlvit,area,fixed,0.6,0.25,13,31,32,37,3.15,owlvit
AOI_2_Vegas_img3077,AOI_2_Vegas,AOI_2_Vegas:-11523:3620,test,owlvit,area,fixed,0.9,0.25,13,31,32,37,3.35,owlvit
AOI_2_Vegas_img3077,AOI_2_Vegas,AOI_2_Vegas:-11523:3620,test,owlvit,area,fixed,1.2,0.25,13,21,32,36,2.7,owlvit
AOI_2_Vegas_img3077,AOI_2_Vegas,AOI_2_Vegas:-11523:3620,test,owlvit,area,fixed,1.8,0.25,8,11,32,25,1.3,owlvit
AOI_2_Vegas_img3077,AOI_2_Vegas,AOI_2_Vegas:-11523:3620,test,owlvit,area,fixed,2.4,0.25,4,6,32,18,0.45,owlvit
AOI_2_Vegas_img3077,AOI_2_Vegas,AOI_2_Vegas:-11523:3620,test,owlvit,area,fixed,3.6,0.25,0,0,32,7,0.0,owlvit
AOI_2_Vegas_img3077,AOI_2_Vegas,AOI_2_Vegas:-11523:3620,test,owlvit,area,fixed,5.0,0.25,0,0,32,1,0.0,owlvit
AOI_2_Vegas_img3077,AOI_2_Vegas,AOI_2_Vegas:-11523:3620,test,owlvit,area,fixed,10.0,0.25,0,0,32,0,0.0,owlvit
AOI_2_Vegas_img3082,AOI_2_Vegas,AOI_2_Vegas:-11523:3621,test,owlvit,area,fixed,0.3,0.25,3,25,7,44,0.7,owlvit
AOI_2_Vegas_img3082,AOI_2_Vegas,AOI_2_Vegas:-11523:3621,test,owlvit,area,fixed,0.45,0.25,4,22,7,47,0.8,owlvit
AOI_2_Vegas_img3082,AOI_2_Vegas,AOI_2_Vegas:-11523:3621,test,owlvit,area,fixed,0.6,0.25,3,13,7,45,0.4,owlvit
AOI_2_Vegas_img3082,AOI_2_Vegas,AOI_2_Vegas:-11523:3621,test,owlvit,area,fixed,0.9,0.25,1,5,7,36,0.05,owlvit
AOI_2_Vegas_img3082,AOI_2_Vegas,AOI_2_Vegas:-11523:3621,test,owlvit,area,fixed,1.2,0.25,1,3,7,25,0.15,owlvit
AOI_2_Vegas_img3082,AOI_2_Vegas,AOI_2_Vegas:-11523:3621,test,owlvit,area,fixed,1.8,0.25,0,0,7,14,0.0,owlvit
AOI_2_Vegas_img3082,AOI_2_Vegas,AOI_2_Vegas:-11523:3621,test,owlvit,area,fixed,2.4,0.25,0,0,7,14,0.0,owlvit
AOI_2_Vegas_img3082,AOI_2_Vegas,AOI_2_Vegas:-11523:3621,test,owlvit,area,fixed,3.6,0.25,0,0,7,7,0.0,owlvit
AOI_2_Vegas_img3082,AOI_2_Vegas,AOI_2_Vegas:-11523:3621,test,owlvit,area,fixed,5.0,0.25,0,0,7,4,0.0,owlvit
AOI_2_Vegas_img3082,AOI_2_Vegas,AOI_2_Vegas:-11523:3621,test,owlvit,area,fixed,10.0,0.25,0,0,7,3,0.0,owlvit
AOI_2_Vegas_img311,AOI_2_Vegas,AOI_2_Vegas:-11530:3618,test,owlvit,area,fixed,0.3,0.25,4,30,15,33,0.05,owlvit
AOI_2_Vegas_img311,AOI_2_Vegas,AOI_2_Vegas:-11530:3618,test,owlvit,area,fixed,0.45,0.25,4,25,15,28,0.15,owlvit
AOI_2_Vegas_img311,AOI_2_Vegas,AOI_2_Vegas:-11530:3618,test,owlvit,area,fixed,0.6,0.25,4,23,15,29,0.0,owlvit
AOI_2_Vegas_img311,AOI_2_Vegas,AOI_2_Vegas:-11530:3618,test,owlvit,area,fixed,0.9,0.25,4,18,15,28,0.05,owlvit
AOI_2_Vegas_img311,AOI_2_Vegas,AOI_2_Vegas:-11530:3618,test,owlvit,area,fixed,1.2,0.25,3,18,15,28,0.0,owlvit
AOI_2_Vegas_img311,AOI_2_Vegas,AOI_2_Vegas:-11530:3618,test,owlvit,area,fixed,1.8,0.25,3,22,15,22,0.1,owlvit
AOI_2_Vegas_img311,AOI_2_Vegas,AOI_2_Vegas:-11530:3618,test,owlvit,area,fixed,2.4,0.25,4,17,15,24,0.05,owlvit
AOI_2_Vegas_img311,AOI_2_Vegas,AOI_2_Vegas:-11530:3618,test,owlvit,area,fixed,3.6,0.25,0,2,15,4,0.0,owlvit
AOI_2_Vegas_img311,AOI_2_Vegas,AOI_2_Vegas:-11530:3618,test,owlvit,area,fixed,5.0,0.25,0,0,15,0,0.0,owlvit
AOI_2_Vegas_img311,AOI_2_Vegas,AOI_2_Vegas:-11530:3618,test,owlvit,area,fixed,10.0,0.25,0,0,15,0,0.0,owlvit
AOI_2_Vegas_img3117,AOI_2_Vegas,AOI_2_Vegas:-11523:3613,test,owlvit,area,fixed,0.3,0.25,11,55,18,42,4.8,owlvit
AOI_2_Vegas_img3117,AOI_2_Vegas,AOI_2_Vegas:-11523:3613,test,owlvit,area,fixed,0.45,0.25,8,39,18,43,4.2,owlvit
AOI_2_Vegas_img3117,AOI_2_Vegas,AOI_2_Vegas:-11523:3613,test,owlvit,area,fixed,0.6,0.25,10,45,18,44,4.15,owlvit
AOI_2_Vegas_img3117,AOI_2_Vegas,AOI_2_Vegas:-11523:3613,test,owlvit,area,fixed,0.9,0.25,9,38,18,39,4.7,owlvit
AOI_2_Vegas_img3117,AOI_2_Vegas,AOI_2_Vegas:-11523:3613,test,owlvit,area,fixed,1.2,0.25,10,34,18,48,4.6,owlvit
AOI_2_Vegas_img3117,AOI_2_Vegas,AOI_2_Vegas:-11523:3613,test,owlvit,area,fixed,1.8,0.25,5,11,18,42,1.55,owlvit
AOI_2_Vegas_img3117,AOI_2_Vegas,AOI_2_Vegas:-11523:3613,test,owlvit,area,fixed,2.4,0.25,5,12,18,35,1.45,owlvit
AOI_2_Vegas_img3117,AOI_2_Vegas,AOI_2_Vegas:-11523:3613,test,owlvit,area,fixed,3.6,0.25,1,1,18,15,0.2,owlvit
AOI_2_Vegas_img3117,AOI_2_Vegas,AOI_2_Vegas:-11523:3613,test,owlvit,area,fixed,5.0,0.25,0,0,18,3,0.0,owlvit
AOI_2_Vegas_img3117,AOI_2_Vegas,AOI_2_Vegas:-11523:3613,test,owlvit,area,fixed,10.0,0.25,0,0,18,1,0.0,owlvit
AOI_2_Vegas_img3122,AOI_2_Vegas,AOI_2_Vegas:-11523:3614,test,owlvit,area,fixed,0.3,0.25,10,49,27,53,2.35,owlvit
AOI_2_Vegas_img3122,AOI_2_Vegas,AOI_2_Vegas:-11523:3614,test,owlvit,area,fixed,0.45,0.25,9,45,27,51,3.2,owlvit
AOI_2_Vegas_img3122,AOI_2_Vegas,AOI_2_Vegas:-11523:3614,test,owlvit,area,fixed,0.6,0.25,11,51,27,50,2.85,owlvit
AOI_2_Vegas_img3122,AOI_2_Vegas,AOI_2_Vegas:-11523:3614,test,owlvit,area,fixed,0.9,0.25,10,50,27,44,3.65,owlvit
AOI_2_Vegas_img3122,AOI_2_Vegas,AOI_2_Vegas:-11523:3614,test,owlvit,area,fixed,1.2,0.25,9,36,27,50,2.4,owlvit
AOI_2_Vegas_img3122,AOI_2_Vegas,AOI_2_Vegas:-11523:3614,test,owlvit,area,fixed,1.8,0.25,10,26,27,44,2.2,owlvit
AOI_2_Vegas_img3122,AOI_2_Vegas,AOI_2_Vegas:-11523:3614,test,owlvit,area,fixed,2.4,0.25,8,12,27,37,0.95,owlvit
AOI_2_Vegas_img3122,AOI_2_Vegas,AOI_2_Vegas:-11523:3614,test,owlvit,area,fixed,3.6,0.25,0,0,27,16,0.0,owlvit
AOI_2_Vegas_img3122,AOI_2_Vegas,AOI_2_Vegas:-11523:3614,test,owlvit,area,fixed,5.0,0.25,0,0,27,4,0.0,owlvit
AOI_2_Vegas_img3122,AOI_2_Vegas,AOI_2_Vegas:-11523:3614,test,owlvit,area,fixed,10.0,0.25,0,0,27,1,0.0,owlvit
AOI_2_Vegas_img3131,AOI_2_Vegas,AOI_2_Vegas:-11523:3616,test,owlvit,area,fixed,0.3,0.25,28,50,65,23,7.7,owlvit
AOI_2_Vegas_img3131,AOI_2_Vegas,AOI_2_Vegas:-11523:3616,test,owlvit,area,fixed,0.45,0.25,28,49,65,18,8.4,owlvit
AOI_2_Vegas_img3131,AOI_2_Vegas,AOI_2_Vegas:-11523:3616,test,owlvit,area,fixed,0.6,0.25,28,47,65,21,8.45,owlvit
AOI_2_Vegas_img3131,AOI_2_Vegas,AOI_2_Vegas:-11523:3616,test,owlvit,area,fixed,0.9,0.25,26,35,65,19,7.2,owlvit
AOI_2_Vegas_img3131,AOI_2_Vegas,AOI_2_Vegas:-11523:3616,test,owlvit,area,fixed,1.2,0.25,24,29,65,22,6.25,owlvit
AOI_2_Vegas_img3131,AOI_2_Vegas,AOI_2_Vegas:-11523:3616,test,owlvit,area,fixed,1.8,0.25,5,6,65,10,1.2,owlvit
AOI_2_Vegas_img3131,AOI_2_Vegas,AOI_2_Vegas:-11523:3616,test,owlvit,area,fixed,2.4,0.25,3,3,65,6,0.65,owlvit
AOI_2_Vegas_img3131,AOI_2_Vegas,AOI_2_Vegas:-11523:3616,test,owlvit,area,fixed,3.6,0.25,0,0,65,3,0.0,owlvit
AOI_2_Vegas_img3131,AOI_2_Vegas,AOI_2_Vegas:-11523:3616,test,owlvit,area,fixed,5.0,0.25,0,0,65,1,0.0,owlvit
AOI_2_Vegas_img3131,AOI_2_Vegas,AOI_2_Vegas:-11523:3616,test,owlvit,area,fixed,10.0,0.25,0,0,65,0,0.0,owlvit
AOI_2_Vegas_img3134,AOI_2_Vegas,AOI_2_Vegas:-11523:3616,test,owlvit,area,fixed,0.3,0.25,36,66,58,28,11.05,owlvit
AOI_2_Vegas_img3134,AOI_2_Vegas,AOI_2_Vegas:-11523:3616,test,owlvit,area,fixed,0.45,0.25,31,57,58,27,9.95,owlvit
AOI_2_Vegas_img3134,AOI_2_Vegas,AOI_2_Vegas:-11523:3616,test,owlvit,area,fixed,0.6,0.25,28,47,58,27,8.95,owlvit
AOI_2_Vegas_img3134,AOI_2_Vegas,AOI_2_Vegas:-11523:3616,test,owlvit,area,fixed,0.9,0.25,21,38,58,23,7.35,owlvit
AOI_2_Vegas_img3134,AOI_2_Vegas,AOI_2_Vegas:-11523:3616,test,owlvit,area,fixed,1.2,0.25,22,32,58,25,6.45,owlvit
AOI_2_Vegas_img3134,AOI_2_Vegas,AOI_2_Vegas:-11523:3616,test,owlvit,area,fixed,1.8,0.25,15,23,58,16,4.55,owlvit
AOI_2_Vegas_img3134,AOI_2_Vegas,AOI_2_Vegas:-11523:3616,test,owlvit,area,fixed,2.4,0.25,4,5,58,11,1.0,owlvit
AOI_2_Vegas_img3134,AOI_2_Vegas,AOI_2_Vegas:-11523:3616,test,owlvit,area,fixed,3.6,0.25,0,0,58,4,0.0,owlvit
AOI_2_Vegas_img3134,AOI_2_Vegas,AOI_2_Vegas:-11523:3616,test,owlvit,area,fixed,5.0,0.25,0,0,58,2,0.0,owlvit
AOI_2_Vegas_img3134,AOI_2_Vegas,AOI_2_Vegas:-11523:3616,test,owlvit,area,fixed,10.0,0.25,0,0,58,0,0.0,owlvit
AOI_2_Vegas_img3146,AOI_2_Vegas,AOI_2_Vegas:-11523:3619,test,owlvit,area,fixed,0.3,0.25,11,22,38,53,1.9,owlvit
AOI_2_Vegas_img3146,AOI_2_Vegas,AOI_2_Vegas:-11523:3619,test,owlvit,area,fixed,0.45,0.25,9,18,38,59,1.35,owlvit
AOI_2_Vegas_img3146,AOI_2_Vegas,AOI_2_Vegas:-11523:3619,test,owlvit,area,fixed,0.6,0.25,11,23,38,64,2.55,owlvit
AOI_2_Vegas_img3146,AOI_2_Vegas,AOI_2_Vegas:-11523:3619,test,owlvit,area,fixed,0.9,0.25,8,14,38,52,1.65,owlvit
AOI_2_Vegas_img3146,AOI_2_Vegas,AOI_2_Vegas:-11523:3619,test,owlvit,area,fixed,1.2,0.25,2,6,38,45,0.85,owlvit
AOI_2_Vegas_img3146,AOI_2_Vegas,AOI_2_Vegas:-11523:3619,test,owlvit,area,fixed,1.8,0.25,1,1,38,31,0.35,owlvit
AOI_2_Vegas_img3146,AOI_2_Vegas,AOI_2_Vegas:-11523:3619,test,owlvit,area,fixed,2.4,0.25,0,0,38,16,0.0,owlvit
AOI_2_Vegas_img3146,AOI_2_Vegas,AOI_2_Vegas:-11523:3619,test,owlvit,area,fixed,3.6,0.25,0,0,38,13,0.0,owlvit
AOI_2_Vegas_img3146,AOI_2_Vegas,AOI_2_Vegas:-11523:3619,test,owlvit,area,fixed,5.0,0.25,0,0,38,5,0.0,owlvit
AOI_2_Vegas_img3146,AOI_2_Vegas,AOI_2_Vegas:-11523:3619,test,owlvit,area,fixed,10.0,0.25,0,0,38,3,0.0,owlvit
AOI_2_Vegas_img3170,AOI_2_Vegas,AOI_2_Vegas:-11523:3623,test,owlvit,area,fixed,0.3,0.25,0,0,0,0,0.0,owlvit
AOI_2_Vegas_img3170,AOI_2_Vegas,AOI_2_Vegas:-11523:3623,test,owlvit,area,fixed,0.45,0.25,0,0,0,0,0.0,owlvit
AOI_2_Vegas_img3170,AOI_2_Vegas,AOI_2_Vegas:-11523:3623,test,owlvit,area,fixed,0.6,0.25,0,0,0,0,0.0,owlvit
AOI_2_Vegas_img3170,AOI_2_Vegas,AOI_2_Vegas:-11523:3623,test,owlvit,area,fixed,0.9,0.25,0,0,0,0,0.0,owlvit
AOI_2_Vegas_img3170,AOI_2_Vegas,AOI_2_Vegas:-11523:3623,test,owlvit,area,fixed,1.2,0.25,0,0,0,0,0.0,owlvit
AOI_2_Vegas_img3170,AOI_2_Vegas,AOI_2_Vegas:-11523:3623,test,owlvit,area,fixed,1.8,0.25,0,0,0,0,0.0,owlvit
AOI_2_Vegas_img3170,AOI_2_Vegas,AOI_2_Vegas:-11523:3623,test,owlvit,area,fixed,2.4,0.25,0,0,0,0,0.0,owlvit
AOI_2_Vegas_img3170,AOI_2_Vegas,AOI_2_Vegas:-11523:3623,test,owlvit,area,fixed,3.6,0.25,0,0,0,0,0.0,owlvit
AOI_2_Vegas_img3170,AOI_2_Vegas,AOI_2_Vegas:-11523:3623,test,owlvit,area,fixed,5.0,0.25,0,0,0,0,0.0,owlvit
AOI_2_Vegas_img3170,AOI_2_Vegas,AOI_2_Vegas:-11523:3623,test,owlvit,area,fixed,10.0,0.25,0,0,0,0,0.0,owlvit
AOI_2_Vegas_img3207,AOI_2_Vegas,AOI_2_Vegas:-11523:3615,test,owlvit,area,fixed,0.3,0.25,5,29,29,51,1.9,owlvit
AOI_2_Vegas_img3207,AOI_2_Vegas,AOI_2_Vegas:-11523:3615,test,owlvit,area,fixed,0.45,0.25,6,25,29,51,1.8,owlvit
AOI_2_Vegas_img3207,AOI_2_Vegas,AOI_2_Vegas:-11523:3615,test,owlvit,area,fixed,0.6,0.25,6,23,29,56,1.9,owlvit
AOI_2_Vegas_img3207,AOI_2_Vegas,AOI_2_Vegas:-11523:3615,test,owlvit,area,fixed,0.9,0.25,4,18,29,52,1.35,owlvit
AOI_2_Vegas_img3207,AOI_2_Vegas,AOI_2_Vegas:-11523:3615,test,owlvit,area,fixed,1.2,0.25,3,8,29,43,0.75,owlvit
AOI_2_Vegas_img3207,AOI_2_Vegas,AOI_2_Vegas:-11523:3615,test,owlvit,area,fixed,1.8,0.25,2,7,29,37,0.7,owlvit
AOI_2_Vegas_img3207,AOI_2_Vegas,AOI_2_Vegas:-11523:3615,test,owlvit,area,fixed,2.4,0.25,1,4,29,33,0.35,owlvit
AOI_2_Vegas_img3207,AOI_2_Vegas,AOI_2_Vegas:-11523:3615,test,owlvit,area,fixed,3.6,0.25,0,0,29,10,0.0,owlvit
AOI_2_Vegas_img3207,AOI_2_Vegas,AOI_2_Vegas:-11523:3615,test,owlvit,area,fixed,5.0,0.25,0,0,29,5,0.0,owlvit
AOI_2_Vegas_img3207,AOI_2_Vegas,AOI_2_Vegas:-11523:3615,test,owlvit,area,fixed,10.0,0.25,0,0,29,1,0.0,owlvit
AOI_2_Vegas_img3214,AOI_2_Vegas,AOI_2_Vegas:-11523:3617,test,owlvit,area,fixed,0.3,0.25,37,80,69,31,12.15,owlvit
AOI_2_Vegas_img3214,AOI_2_Vegas,AOI_2_Vegas:-11523:3617,test,owlvit,area,fixed,0.45,0.25,35,81,69,27,10.9,owlvit
AOI_2_Vegas_img3214,AOI_2_Vegas,AOI_2_Vegas:-11523:3617,test,owlvit,area,fixed,0.6,0.25,34,71,69,31,12.65,owlvit
AOI_2_Vegas_img3214,AOI_2_Vegas,AOI_2_Vegas:-11523:3617,test,owlvit,area,fixed,0.9,0.25,32,60,69,29,11.6,owlvit
AOI_2_Vegas_img3214,AOI_2_Vegas,AOI_2_Vegas:-11523:3617,test,owlvit,area,fixed,1.2,0.25,27,44,69,34,8.95,owlvit
AOI_2_Vegas_img3214,AOI_2_Vegas,AOI_2_Vegas:-11523:3617,test,owlvit,area,fixed,1.8,0.25,9,9,69,15,2.45,owlvit
AOI_2_Vegas_img3214,AOI_2_Vegas,AOI_2_Vegas:-11523:3617,test,owlvit,area,fixed,2.4,0.25,1,1,69,10,0.35,owlvit
AOI_2_Vegas_img3214,AOI_2_Vegas,AOI_2_Vegas:-11523:3617,test,owlvit,area,fixed,3.6,0.25,0,0,69,2,0.0,owlvit
AOI_2_Vegas_img3214,AOI_2_Vegas,AOI_2_Vegas:-11523:3617,test,owlvit,area,fixed,5.0,0.25,0,0,69,1,0.0,owlvit
AOI_2_Vegas_img3214,AOI_2_Vegas,AOI_2_Vegas:-11523:3617,test,owlvit,area,fixed,10.0,0.25,0,0,69,0,0.0,owlvit
AOI_2_Vegas_img324,AOI_2_Vegas,AOI_2_Vegas:-11530:3621,test,owlvit,area,fixed,0.3,0.25,18,102,24,45,8.6,owlvit
AOI_2_Vegas_img324,AOI_2_Vegas,AOI_2_Vegas:-11530:3621,test,owlvit,area,fixed,0.45,0.25,17,104,24,53,8.4,owlvit
AOI_2_Vegas_img324,AOI_2_Vegas,AOI_2_Vegas:-11530:3621,test,owlvit,area,fixed,0.6,0.25,19,100,24,46,8.35,owlvit
AOI_2_Vegas_img324,AOI_2_Vegas,AOI_2_Vegas:-11530:3621,test,owlvit,area,fixed,0.9,0.25,20,91,24,45,9.05,owlvit
AOI_2_Vegas_img324,AOI_2_Vegas,AOI_2_Vegas:-11530:3621,test,owlvit,area,fixed,1.2,0.25,18,81,24,44,8.25,owlvit
AOI_2_Vegas_img324,AOI_2_Vegas,AOI_2_Vegas:-11530:3621,test,owlvit,area,fixed,1.8,0.25,15,59,24,44,6.9,owlvit
AOI_2_Vegas_img324,AOI_2_Vegas,AOI_2_Vegas:-11530:3621,test,owlvit,area,fixed,2.4,0.25,11,41,24,51,5.2,owlvit
AOI_2_Vegas_img324,AOI_2_Vegas,AOI_2_Vegas:-11530:3621,test,owlvit,area,fixed,3.6,0.25,2,4,24,30,0.85,owlvit
AOI_2_Vegas_img324,AOI_2_Vegas,AOI_2_Vegas:-11530:3621,test,owlvit,area,fixed,5.0,0.25,0,0,24,8,0.0,owlvit
AOI_2_Vegas_img324,AOI_2_Vegas,AOI_2_Vegas:-11530:3621,test,owlvit,area,fixed,10.0,0.25,0,0,24,0,0.0,owlvit
AOI_2_Vegas_img3248,AOI_2_Vegas,AOI_2_Vegas:-11523:3623,test,owlvit,area,fixed,0.3,0.25,0,8,4,42,0.0,owlvit
AOI_2_Vegas_img3248,AOI_2_Vegas,AOI_2_Vegas:-11523:3623,test,owlvit,area,fixed,0.45,0.25,1,5,4,38,0.15,owlvit
AOI_2_Vegas_img3248,AOI_2_Vegas,AOI_2_Vegas:-11523:3623,test,owlvit,area,fixed,0.6,0.25,0,2,4,35,0.05,owlvit
AOI_2_Vegas_img3248,AOI_2_Vegas,AOI_2_Vegas:-11523:3623,test,owlvit,area,fixed,0.9,0.25,1,4,4,35,0.05,owlvit
AOI_2_Vegas_img3248,AOI_2_Vegas,AOI_2_Vegas:-11523:3623,test,owlvit,area,fixed,1.2,0.25,0,2,4,26,0.05,owlvit
AOI_2_Vegas_img3248,AOI_2_Vegas,AOI_2_Vegas:-11523:3623,test,owlvit,area,fixed,1.8,0.25,0,1,4,22,0.0,owlvit
AOI_2_Vegas_img3248,AOI_2_Vegas,AOI_2_Vegas:-11523:3623,test,owlvit,area,fixed,2.4,0.25,0,3,4,28,0.05,owlvit
AOI_2_Vegas_img3248,AOI_2_Vegas,AOI_2_Vegas:-11523:3623,test,owlvit,area,fixed,3.6,0.25,0,0,4,9,0.0,owlvit
AOI_2_Vegas_img3248,AOI_2_Vegas,AOI_2_Vegas:-11523:3623,test,owlvit,area,fixed,5.0,0.25,0,0,4,5,0.0,owlvit
AOI_2_Vegas_img3248,AOI_2_Vegas,AOI_2_Vegas:-11523:3623,test,owlvit,area,fixed,10.0,0.25,0,0,4,1,0.0,owlvit
AOI_2_Vegas_img3267,AOI_2_Vegas,AOI_2_Vegas:-11523:3612,test,owlvit,area,fixed,0.3,0.25,4,12,10,51,0.4,owlvit
AOI_2_Vegas_img3267,AOI_2_Vegas,AOI_2_Vegas:-11523:3612,test,owlvit,area,fixed,0.45,0.25,4,6,10,40,0.45,owlvit
AOI_2_Vegas_img3267,AOI_2_Vegas,AOI_2_Vegas:-11523:3612,test,owlvit,area,fixed,0.6,0.25,2,5,10,36,0.4,owlvit
AOI_2_Vegas_img3267,AOI_2_Vegas,AOI_2_Vegas:-11523:3612,test,owlvit,area,fixed,0.9,0.25,1,2,10,30,0.2,owlvit
AOI_2_Vegas_img3267,AOI_2_Vegas,AOI_2_Vegas:-11523:3612,test,owlvit,area,fixed,1.2,0.25,0,0,10,16,0.0,owlvit
AOI_2_Vegas_img3267,AOI_2_Vegas,AOI_2_Vegas:-11523:3612,test,owlvit,area,fixed,1.8,0.25,0,0,10,10,0.0,owlvit
AOI_2_Vegas_img3267,AOI_2_Vegas,AOI_2_Vegas:-11523:3612,test,owlvit,area,fixed,2.4,0.25,0,0,10,17,0.0,owlvit
AOI_2_Vegas_img3267,AOI_2_Vegas,AOI_2_Vegas:-11523:3612,test,owlvit,area,fixed,3.6,0.25,0,0,10,7,0.0,owlvit
AOI_2_Vegas_img3267,AOI_2_Vegas,AOI_2_Vegas:-11523:3612,test,owlvit,area,fixed,5.0,0.25,0,0,10,14,0.0,owlvit
AOI_2_Vegas_img3267,AOI_2_Vegas,AOI_2_Vegas:-11523:3612,test,owlvit,area,fixed,10.0,0.25,0,0,10,2,0.0,owlvit
AOI_2_Vegas_img3280,AOI_2_Vegas,AOI_2_Vegas:-11523:3614,test,owlvit,area,fixed,0.3,0.25,7,26,11,29,1.1,owlvit
AOI_2_Vegas_img3280,AOI_2_Vegas,AOI_2_Vegas:-11523:3614,test,owlvit,area,fixed,0.45,0.25,5,22,11,27,0.95,owlvit
AOI_2_Vegas_img3280,AOI_2_Vegas,AOI_2_Vegas:-11523:3614,test,owlvit,area,fixed,0.6,0.25,4,18,11,30,0.75,owlvit
AOI_2_Vegas_img3280,AOI_2_Vegas,AOI_2_Vegas:-11523:3614,test,owlvit,area,fixed,0.9,0.25,4,15,11,27,0.65,owlvit
AOI_2_Vegas_img3280,AOI_2_Vegas,AOI_2_Vegas:-11523:3614,test,owlvit,area,fixed,1.2,0.25,4,13,11,28,0.8,owlvit
AOI_2_Vegas_img3280,AOI_2_Vegas,AOI_2_Vegas:-11523:3614,test,owlvit,area,fixed,1.8,0.25,2,3,11,18,0.15,owlvit
AOI_2_Vegas_img3280,AOI_2_Vegas,AOI_2_Vegas:-11523:3614,test,owlvit,area,fixed,2.4,0.25,2,3,11,11,0.25,owlvit
AOI_2_Vegas_img3280,AOI_2_Vegas,AOI_2_Vegas:-11523:3614,test,owlvit,area,fixed,3.6,0.25,1,1,11,5,0.1,owlvit
AOI_2_Vegas_img3280,AOI_2_Vegas,AOI_2_Vegas:-11523:3614,test,owlvit,area,fixed,5.0,0.25,0,1,11,3,0.05,owlvit
AOI_2_Vegas_img3280,AOI_2_Vegas,AOI_2_Vegas:-11523:3614,test,owlvit,area,fixed,10.0,0.25,0,0,11,1,0.0,owlvit
AOI_2_Vegas_img3288,AOI_2_Vegas,AOI_2_Vegas:-11523:3616,test,owlvit,area,fixed,0.3,0.25,16,52,32,33,3.3,owlvit
AOI_2_Vegas_img3288,AOI_2_Vegas,AOI_2_Vegas:-11523:3616,test,owlvit,area,fixed,0.45,0.25,18,49,32,34,2.5,owlvit
AOI_2_Vegas_img3288,AOI_2_Vegas,AOI_2_Vegas:-11523:3616,test,owlvit,area,fixed,0.6,0.25,18,47,32,33,3.0,owlvit
AOI_2_Vegas_img3288,AOI_2_Vegas,AOI_2_Vegas:-11523:3616,test,owlvit,area,fixed,0.9,0.25,16,38,32,39,2.05,owlvit
AOI_2_Vegas_img3288,AOI_2_Vegas,AOI_2_Vegas:-11523:3616,test,owlvit,area,fixed,1.2,0.25,9,29,32,38,2.25,owlvit
AOI_2_Vegas_img3288,AOI_2_Vegas,AOI_2_Vegas:-11523:3616,test,owlvit,area,fixed,1.8,0.25,6,6,32,27,0.45,owlvit
AOI_2_Vegas_img3288,AOI_2_Vegas,AOI_2_Vegas:-11523:3616,test,owlvit,area,fixed,2.4,0.25,2,2,32,21,0.0,owlvit
AOI_2_Vegas_img3288,AOI_2_Vegas,AOI_2_Vegas:-11523:3616,test,owlvit,area,fixed,3.6,0.25,1,1,32,17,0.05,owlvit
AOI_2_Vegas_img3288,AOI_2_Vegas,AOI_2_Vegas:-11523:3616,test,owlvit,area,fixed,5.0,0.25,0,0,32,8,0.0,owlvit
AOI_2_Vegas_img3288,AOI_2_Vegas,AOI_2_Vegas:-11523:3616,test,owlvit,area,fixed,10.0,0.25,0,0,32,0,0.0,owlvit
AOI_2_Vegas_img3311,AOI_2_Vegas,AOI_2_Vegas:-11523:3620,test,owlvit,area,fixed,0.3,0.25,28,45,54,33,10.3,owlvit
AOI_2_Vegas_img3311,AOI_2_Vegas,AOI_2_Vegas:-11523:3620,test,owlvit,area,fixed,0.45,0.25,27,39,54,41,9.1,owlvit
AOI_2_Vegas_img3311,AOI_2_Vegas,AOI_2_Vegas:-11523:3620,test,owlvit,area,fixed,0.6,0.25,26,39,54,38,9.65,owlvit
AOI_2_Vegas_img3311,AOI_2_Vegas,AOI_2_Vegas:-11523:3620,test,owlvit,area,fixed,0.9,0.25,26,36,54,34,9.8,owlvit
AOI_2_Vegas_img3311,AOI_2_Vegas,AOI_2_Vegas:-11523:3620,test,owlvit,area,fixed,1.2,0.25,23,35,54,33,8.65,owlvit
AOI_2_Vegas_img3311,AOI_2_Vegas,AOI_2_Vegas:-11523:3620,test,owlvit,area,fixed,1.8,0.25,13,18,54,31,4.75,owlvit
AOI_2_Vegas_img3311,AOI_2_Vegas,AOI_2_Vegas:-11523:3620,test,owlvit,area,fixed,2.4,0.25,7,8,54,27,2.5,owlvit
AOI_2_Vegas_img3311,AOI_2_Vegas,AOI_2_Vegas:-11523:3620,test,owlvit,area,fixed,3.6,0.25,1,2,54,14,0.8,owlvit
AOI_2_Vegas_img3311,AOI_2_Vegas,AOI_2_Vegas:-11523:3620,test,owlvit,area,fixed,5.0,0.25,0,0,54,6,0.0,owlvit
AOI_2_Vegas_img3311,AOI_2_Vegas,AOI_2_Vegas:-11523:3620,test,owlvit,area,fixed,10.0,0.25,0,0,54,0,0.0,owlvit
AOI_2_Vegas_img3326,AOI_2_Vegas,AOI_2_Vegas:-11523:3622,test,owlvit,area,fixed,0.3,0.25,5,34,26,33,1.6,owlvit
AOI_2_Vegas_img3326,AOI_2_Vegas,AOI_2_Vegas:-11523:3622,test,owlvit,area,fixed,0.45,0.25,5,21,26,32,1.25,owlvit
AOI_2_Vegas_img3326,AOI_2_Vegas,AOI_2_Vegas:-11523:3622,test,owlvit,area,fixed,0.6,0.25,4,18,26,28,0.65,owlvit
AOI_2_Vegas_img3326,AOI_2_Vegas,AOI_2_Vegas:-11523:3622,test,owlvit,area,fixed,0.9,0.25,5,14,26,29,1.15,owlvit
AOI_2_Vegas_img3326,AOI_2_Vegas,AOI_2_Vegas:-11523:3622,test,owlvit,area,fixed,1.2,0.25,6,15,26,26,1.2,owlvit
AOI_2_Vegas_img3326,AOI_2_Vegas,AOI_2_Vegas:-11523:3622,test,owlvit,area,fixed,1.8,0.25,5,25,26,37,1.65,owlvit
AOI_2_Vegas_img3326,AOI_2_Vegas,AOI_2_Vegas:-11523:3622,test,owlvit,area,fixed,2.4,0.25,6,22,26,27,1.7,owlvit
AOI_2_Vegas_img3326,AOI_2_Vegas,AOI_2_Vegas:-11523:3622,test,owlvit,area,fixed,3.6,0.25,0,2,26,5,0.2,owlvit
AOI_2_Vegas_img3326,AOI_2_Vegas,AOI_2_Vegas:-11523:3622,test,owlvit,area,fixed,5.0,0.25,0,0,26,0,0.0,owlvit
AOI_2_Vegas_img3326,AOI_2_Vegas,AOI_2_Vegas:-11523:3622,test,owlvit,area,fixed,10.0,0.25,0,0,26,0,0.0,owlvit
AOI_2_Vegas_img3335,AOI_2_Vegas,AOI_2_Vegas:-11523:3624,test,owlvit,area,fixed,0.3,0.25,35,88,43,42,16.75,owlvit
AOI_2_Vegas_img3335,AOI_2_Vegas,AOI_2_Vegas:-11523:3624,test,owlvit,area,fixed,0.45,0.25,36,93,43,38,16.5,owlvit
AOI_2_Vegas_img3335,AOI_2_Vegas,AOI_2_Vegas:-11523:3624,test,owlvit,area,fixed,0.6,0.25,35,94,43,48,17.05,owlvit
AOI_2_Vegas_img3335,AOI_2_Vegas,AOI_2_Vegas:-11523:3624,test,owlvit,area,fixed,0.9,0.25,36,82,43,40,16.2,owlvit
AOI_2_Vegas_img3335,AOI_2_Vegas,AOI_2_Vegas:-11523:3624,test,owlvit,area,fixed,1.2,0.25,31,69,43,35,14.35,owlvit
AOI_2_Vegas_img3335,AOI_2_Vegas,AOI_2_Vegas:-11523:3624,test,owlvit,area,fixed,1.8,0.25,27,38,43,29,10.15,owlvit
AOI_2_Vegas_img3335,AOI_2_Vegas,AOI_2_Vegas:-11523:3624,test,owlvit,area,fixed,2.4,0.25,7,8,43,17,2.45,owlvit
AOI_2_Vegas_img3335,AOI_2_Vegas,AOI_2_Vegas:-11523:3624,test,owlvit,area,fixed,3.6,0.25,0,0,43,13,0.0,owlvit
AOI_2_Vegas_img3335,AOI_2_Vegas,AOI_2_Vegas:-11523:3624,test,owlvit,area,fixed,5.0,0.25,0,0,43,14,0.0,owlvit
AOI_2_Vegas_img3335,AOI_2_Vegas,AOI_2_Vegas:-11523:3624,test,owlvit,area,fixed,10.0,0.25,0,0,43,1,0.0,owlvit
AOI_2_Vegas_img3344,AOI_2_Vegas,AOI_2_Vegas:-11523:3626,test,owlvit,area,fixed,0.3,0.25,6,21,8,10,0.9,owlvit
AOI_2_Vegas_img3344,AOI_2_Vegas,AOI_2_Vegas:-11523:3626,test,owlvit,area,fixed,0.45,0.25,5,14,8,8,0.7,owlvit
AOI_2_Vegas_img3344,AOI_2_Vegas,AOI_2_Vegas:-11523:3626,test,owlvit,area,fixed,0.6,0.25,5,10,8,10,0.55,owlvit
AOI_2_Vegas_img3344,AOI_2_Vegas,AOI_2_Vegas:-11523:3626,test,owlvit,area,fixed,0.9,0.25,3,6,8,7,0.3,owlvit
AOI_2_Vegas_img3344,AOI_2_Vegas,AOI_2_Vegas:-11523:3626,test,owlvit,area,fixed,1.2,0.25,3,4,8,7,0.2,owlvit
AOI_2_Vegas_img3344,AOI_2_Vegas,AOI_2_Vegas:-11523:3626,test,owlvit,area,fixed,1.8,0.25,0,0,8,3,0.0,owlvit
AOI_2_Vegas_img3344,AOI_2_Vegas,AOI_2_Vegas:-11523:3626,test,owlvit,area,fixed,2.4,0.25,0,0,8,1,0.0,owlvit
AOI_2_Vegas_img3344,AOI_2_Vegas,AOI_2_Vegas:-11523:3626,test,owlvit,area,fixed,3.6,0.25,6,16,8,19,0.75,owlvit
AOI_2_Vegas_img3344,AOI_2_Vegas,AOI_2_Vegas:-11523:3626,test,owlvit,area,fixed,5.0,0.25,0,0,8,2,0.0,owlvit
AOI_2_Vegas_img3344,AOI_2_Vegas,AOI_2_Vegas:-11523:3626,test,owlvit,area,fixed,10.0,0.25,0,0,8,1,0.0,owlvit
AOI_2_Vegas_img3373,AOI_2_Vegas,AOI_2_Vegas:-11522:3617,test,owlvit,area,fixed,0.3,0.25,32,52,42,21,8.75,owlvit
AOI_2_Vegas_img3373,AOI_2_Vegas,AOI_2_Vegas:-11522:3617,test,owlvit,area,fixed,0.45,0.25,31,55,42,26,9.15,owlvit
AOI_2_Vegas_img3373,AOI_2_Vegas,AOI_2_Vegas:-11522:3617,test,owlvit,area,fixed,0.6,0.25,31,50,42,25,9.3,owlvit
AOI_2_Vegas_img3373,AOI_2_Vegas,AOI_2_Vegas:-11522:3617,test,owlvit,area,fixed,0.9,0.25,26,45,42,27,9.15,owlvit
AOI_2_Vegas_img3373,AOI_2_Vegas,AOI_2_Vegas:-11522:3617,test,owlvit,area,fixed,1.2,0.25,27,34,42,20,7.25,owlvit
AOI_2_Vegas_img3373,AOI_2_Vegas,AOI_2_Vegas:-11522:3617,test,owlvit,area,fixed,1.8,0.25,19,20,42,11,4.4,owlvit
AOI_2_Vegas_img3373,AOI_2_Vegas,AOI_2_Vegas:-11522:3617,test,owlvit,area,fixed,2.4,0.25,5,6,42,9,1.7,owlvit
AOI_2_Vegas_img3373,AOI_2_Vegas,AOI_2_Vegas:-11522:3617,test,owlvit,area,fixed,3.6,0.25,0,0,42,7,0.0,owlvit
AOI_2_Vegas_img3373,AOI_2_Vegas,AOI_2_Vegas:-11522:3617,test,owlvit,area,fixed,5.0,0.25,0,0,42,3,0.0,owlvit
AOI_2_Vegas_img3373,AOI_2_Vegas,AOI_2_Vegas:-11522:3617,test,owlvit,area,fixed,10.0,0.25,0,0,42,0,0.0,owlvit
AOI_2_Vegas_img3377,AOI_2_Vegas,AOI_2_Vegas:-11522:3618,test,owlvit,area,fixed,0.3,0.25,10,65,21,41,1.95,owlvit
AOI_2_Vegas_img3377,AOI_2_Vegas,AOI_2_Vegas:-11522:3618,test,owlvit,area,fixed,0.45,0.25,10,58,21,46,1.8,owlvit
AOI_2_Vegas_img3377,AOI_2_Vegas,AOI_2_Vegas:-11522:3618,test,owlvit,area,fixed,0.6,0.25,10,59,21,47,2.25,owlvit
AOI_2_Vegas_img3377,AOI_2_Vegas,AOI_2_Vegas:-11522:3618,test,owlvit,area,fixed,0.9,0.25,8,47,21,46,1.85,owlvit
AOI_2_Vegas_img3377,AOI_2_Vegas,AOI_2_Vegas:-11522:3618,test,owlvit,area,fixed,1.2,0.25,10,53,21,40,1.75,owlvit
AOI_2_Vegas_img3377,AOI_2_Vegas,AOI_2_Vegas:-11522:3618,test,owlvit,area,fixed,1.8,0.25,9,37,21,43,1.65,owlvit
AOI_2_Vegas_img3377,AOI_2_Vegas,AOI_2_Vegas:-11522:3618,test,owlvit,area,fixed,2.4,0.25,7,21,21,33,0.95,owlvit
AOI_2_Vegas_img3377,AOI_2_Vegas,AOI_2_Vegas:-11522:3618,test,owlvit,area,fixed,3.6,0.25,0,0,21,9,0.0,owlvit
AOI_2_Vegas_img3377,AOI_2_Vegas,AOI_2_Vegas:-11522:3618,test,owlvit,area,fixed,5.0,0.25,0,0,21,2,0.0,owlvit
AOI_2_Vegas_img3377,AOI_2_Vegas,AOI_2_Vegas:-11522:3618,test,owlvit,area,fixed,10.0,0.25,0,0,21,1,0.0,owlvit
AOI_2_Vegas_img3404,AOI_2_Vegas,AOI_2_Vegas:-11522:3622,test,owlvit,area,fixed,0.3,0.25,5,72,10,61,1.8,owlvit
AOI_2_Vegas_img3404,AOI_2_Vegas,AOI_2_Vegas:-11522:3622,test,owlvit,area,fixed,0.45,0.25,4,59,10,66,1.6,owlvit
AOI_2_Vegas_img3404,AOI_2_Vegas,AOI_2_Vegas:-11522:3622,test,owlvit,area,fixed,0.6,0.25,4,46,10,62,1.35,owlvit
AOI_2_Vegas_img3404,AOI_2_Vegas,AOI_2_Vegas:-11522:3622,test,owlvit,area,fixed,0.9,0.25,3,18,10,54,1.05,owlvit
AOI_2_Vegas_img3404,AOI_2_Vegas,AOI_2_Vegas:-11522:3622,test,owlvit,area,fixed,1.2,0.25,2,11,10,48,0.4,owlvit
AOI_2_Vegas_img3404,AOI_2_Vegas,AOI_2_Vegas:-11522:3622,test,owlvit,area,fixed,1.8,0.25,2,12,10,47,0.5,owlvit
AOI_2_Vegas_img3404,AOI_2_Vegas,AOI_2_Vegas:-11522:3622,test,owlvit,area,fixed,2.4,0.25,2,4,10,42,0.1,owlvit
AOI_2_Vegas_img3404,AOI_2_Vegas,AOI_2_Vegas:-11522:3622,test,owlvit,area,fixed,3.6,0.25,2,3,10,30,0.1,owlvit
AOI_2_Vegas_img3404,AOI_2_Vegas,AOI_2_Vegas:-11522:3622,test,owlvit,area,fixed,5.0,0.25,0,0,10,4,0.0,owlvit
AOI_2_Vegas_img3404,AOI_2_Vegas,AOI_2_Vegas:-11522:3622,test,owlvit,area,fixed,10.0,0.25,0,0,10,0,0.0,owlvit
AOI_2_Vegas_img3406,AOI_2_Vegas,AOI_2_Vegas:-11522:3623,test,owlvit,area,fixed,0.3,0.25,10,50,28,36,2.75,owlvit
AOI_2_Vegas_img3406,AOI_2_Vegas,AOI_2_Vegas:-11522:3623,test,owlvit,area,fixed,0.45,0.25,11,49,28,34,3.4,owlvit
AOI_2_Vegas_img3406,AOI_2_Vegas,AOI_2_Vegas:-11522:3623,test,owlvit,area,fixed,0.6,0.25,12,50,28,36,3.55,owlvit
AOI_2_Vegas_img3406,AOI_2_Vegas,AOI_2_Vegas:-11522:3623,test,owlvit,area,fixed,0.9,0.25,9,38,28,35,2.85,owlvit
AOI_2_Vegas_img3406,AOI_2_Vegas,AOI_2_Vegas:-11522:3623,test,owlvit,area,fixed,1.2,0.25,8,27,28,30,2.7,owlvit
AOI_2_Vegas_img3406,AOI_2_Vegas,AOI_2_Vegas:-11522:3623,test,owlvit,area,fixed,1.8,0.25,6,17,28,27,2.25,owlvit
AOI_2_Vegas_img3406,AOI_2_Vegas,AOI_2_Vegas:-11522:3623,test,owlvit,area,fixed,2.4,0.25,2,3,28,12,0.4,owlvit
AOI_2_Vegas_img3406,AOI_2_Vegas,AOI_2_Vegas:-11522:3623,test,owlvit,area,fixed,3.6,0.25,1,4,28,14,0.4,owlvit
AOI_2_Vegas_img3406,AOI_2_Vegas,AOI_2_Vegas:-11522:3623,test,owlvit,area,fixed,5.0,0.25,0,0,28,3,0.0,owlvit
AOI_2_Vegas_img3406,AOI_2_Vegas,AOI_2_Vegas:-11522:3623,test,owlvit,area,fixed,10.0,0.25,0,0,28,0,0.0,owlvit
AOI_2_Vegas_img3411,AOI_2_Vegas,AOI_2_Vegas:-11522:3623,test,owlvit,area,fixed,0.3,0.25,27,44,37,43,7.3,owlvit
AOI_2_Vegas_img3411,AOI_2_Vegas,AOI_2_Vegas:-11522:3623,test,owlvit,area,fixed,0.45,0.25,28,48,37,55,8.65,owlvit
AOI_2_Vegas_img3411,AOI_2_Vegas,AOI_2_Vegas:-11522:3623,test,owlvit,area,fixed,0.6,0.25,27,42,37,40,7.65,owlvit
AOI_2_Vegas_img3411,AOI_2_Vegas,AOI_2_Vegas:-11522:3623,test,owlvit,area,fixed,0.9,0.25,21,28,37,38,5.35,owlvit
AOI_2_Vegas_img3411,AOI_2_Vegas,AOI_2_Vegas:-11522:3623,test,owlvit,area,fixed,1.2,0.25,14,19,37,26,4.3,owlvit
AOI_2_Vegas_img3411,AOI_2_Vegas,AOI_2_Vegas:-11522:3623,test,owlvit,area,fixed,1.8,0.25,1,1,37,9,0.3,owlvit
AOI_2_Vegas_img3411,AOI_2_Vegas,AOI_2_Vegas:-11522:3623,test,owlvit,area,fixed,2.4,0.25,0,0,37,6,0.0,owlvit
AOI_2_Vegas_img3411,AOI_2_Vegas,AOI_2_Vegas:-11522:3623,test,owlvit,area,fixed,3.6,0.25,0,0,37,4,0.0,owlvit
AOI_2_Vegas_img3411,AOI_2_Vegas,AOI_2_Vegas:-11522:3623,test,owlvit,area,fixed,5.0,0.25,0,0,37,3,0.0,owlvit
AOI_2_Vegas_img3411,AOI_2_Vegas,AOI_2_Vegas:-11522:3623,test,owlvit,area,fixed,10.0,0.25,0,0,37,1,0.0,owlvit
AOI_2_Vegas_img3412,AOI_2_Vegas,AOI_2_Vegas:-11522:3624,test,owlvit,area,fixed,0.3,0.25,22,35,46,32,5.45,owlvit
AOI_2_Vegas_img3412,AOI_2_Vegas,AOI_2_Vegas:-11522:3624,test,owlvit,area,fixed,0.45,0.25,18,30,46,34,5.25,owlvit
AOI_2_Vegas_img3412,AOI_2_Vegas,AOI_2_Vegas:-11522:3624,test,owlvit,area,fixed,0.6,0.25,18,29,46,41,4.7,owlvit
AOI_2_Vegas_img3412,AOI_2_Vegas,AOI_2_Vegas:-11522:3624,test,owlvit,area,fixed,0.9,0.25,12,19,46,29,3.55,owlvit
AOI_2_Vegas_img3412,AOI_2_Vegas,AOI_2_Vegas:-11522:3624,test,owlvit,area,fixed,1.2,0.25,7,8,46,20,1.65,owlvit
AOI_2_Vegas_img3412,AOI_2_Vegas,AOI_2_Vegas:-11522:3624,test,owlvit,area,fixed,1.8,0.25,5,8,46,12,1.8,owlvit
AOI_2_Vegas_img3412,AOI_2_Vegas,AOI_2_Vegas:-11522:3624,test,owlvit,area,fixed,2.4,0.25,2,2,46,14,0.45,owlvit
AOI_2_Vegas_img3412,AOI_2_Vegas,AOI_2_Vegas:-11522:3624,test,owlvit,area,fixed,3.6,0.25,1,1,46,6,0.15,owlvit
AOI_2_Vegas_img3412,AOI_2_Vegas,AOI_2_Vegas:-11522:3624,test,owlvit,area,fixed,5.0,0.25,1,1,46,3,0.35,owlvit
AOI_2_Vegas_img3412,AOI_2_Vegas,AOI_2_Vegas:-11522:3624,test,owlvit,area,fixed,10.0,0.25,0,0,46,0,0.0,owlvit
AOI_2_Vegas_img3422,AOI_2_Vegas,AOI_2_Vegas:-11522:3625,test,owlvit,area,fixed,0.3,0.25,26,62,36,45,10.85,owlvit
AOI_2_Vegas_img3422,AOI_2_Vegas,AOI_2_Vegas:-11522:3625,test,owlvit,area,fixed,0.45,0.25,26,50,36,46,9.7,owlvit
AOI_2_Vegas_img3422,AOI_2_Vegas,AOI_2_Vegas:-11522:3625,test,owlvit,area,fixed,0.6,0.25,22,37,36,49,7.7,owlvit
AOI_2_Vegas_img3422,AOI_2_Vegas,AOI_2_Vegas:-11522:3625,test,owlvit,area,fixed,0.9,0.25,15,24,36,33,5.7,owlvit
AOI_2_Vegas_img3422,AOI_2_Vegas,AOI_2_Vegas:-11522:3625,test,owlvit,area,fixed,1.2,0.25,5,8,36,16,1.7,owlvit
AOI_2_Vegas_img3422,AOI_2_Vegas,AOI_2_Vegas:-11522:3625,test,owlvit,area,fixed,1.8,0.25,0,0,36,12,0.0,owlvit
AOI_2_Vegas_img3422,AOI_2_Vegas,AOI_2_Vegas:-11522:3625,test,owlvit,area,fixed,2.4,0.25,0,0,36,4,0.0,owlvit
AOI_2_Vegas_img3422,AOI_2_Vegas,AOI_2_Vegas:-11522:3625,test,owlvit,area,fixed,3.6,0.25,0,0,36,0,0.0,owlvit
AOI_2_Vegas_img3422,AOI_2_Vegas,AOI_2_Vegas:-11522:3625,test,owlvit,area,fixed,5.0,0.25,0,0,36,0,0.0,owlvit
AOI_2_Vegas_img3422,AOI_2_Vegas,AOI_2_Vegas:-11522:3625,test,owlvit,area,fixed,10.0,0.25,0,0,36,0,0.0,owlvit
AOI_2_Vegas_img3427,AOI_2_Vegas,AOI_2_Vegas:-11522:3612,test,owlvit,area,fixed,0.3,0.25,12,26,36,37,4.15,owlvit
AOI_2_Vegas_img3427,AOI_2_Vegas,AOI_2_Vegas:-11522:3612,test,owlvit,area,fixed,0.45,0.25,12,26,36,40,4.5,owlvit
AOI_2_Vegas_img3427,AOI_2_Vegas,AOI_2_Vegas:-11522:3612,test,owlvit,area,fixed,0.6,0.25,10,19,36,43,3.35,owlvit
AOI_2_Vegas_img3427,AOI_2_Vegas,AOI_2_Vegas:-11522:3612,test,owlvit,area,fixed,0.9,0.25,8,15,36,46,3.5,owlvit
AOI_2_Vegas_img3427,AOI_2_Vegas,AOI_2_Vegas:-11522:3612,test,owlvit,area,fixed,1.2,0.25,9,15,36,39,2.8,owlvit
AOI_2_Vegas_img3427,AOI_2_Vegas,AOI_2_Vegas:-11522:3612,test,owlvit,area,fixed,1.8,0.25,3,5,36,24,0.9,owlvit
AOI_2_Vegas_img3427,AOI_2_Vegas,AOI_2_Vegas:-11522:3612,test,owlvit,area,fixed,2.4,0.25,0,1,36,20,0.1,owlvit
AOI_2_Vegas_img3427,AOI_2_Vegas,AOI_2_Vegas:-11522:3612,test,owlvit,area,fixed,3.6,0.25,0,0,36,13,0.0,owlvit
AOI_2_Vegas_img3427,AOI_2_Vegas,AOI_2_Vegas:-11522:3612,test,owlvit,area,fixed,5.0,0.25,0,0,36,7,0.0,owlvit
AOI_2_Vegas_img3427,AOI_2_Vegas,AOI_2_Vegas:-11522:3612,test,owlvit,area,fixed,10.0,0.25,0,0,36,1,0.0,owlvit
AOI_2_Vegas_img3448,AOI_2_Vegas,AOI_2_Vegas:-11522:3616,test,owlvit,area,fixed,0.3,0.25,16,46,32,26,3.95,owlvit
AOI_2_Vegas_img3448,AOI_2_Vegas,AOI_2_Vegas:-11522:3616,test,owlvit,area,fixed,0.45,0.25,15,49,32,26,4.65,owlvit
AOI_2_Vegas_img3448,AOI_2_Vegas,AOI_2_Vegas:-11522:3616,test,owlvit,area,fixed,0.6,0.25,16,40,32,32,3.35,owlvit
AOI_2_Vegas_img3448,AOI_2_Vegas,AOI_2_Vegas:-11522:3616,test,owlvit,area,fixed,0.9,0.25,16,48,32,31,4.45,owlvit
AOI_2_Vegas_img3448,AOI_2_Vegas,AOI_2_Vegas:-11522:3616,test,owlvit,area,fixed,1.2,0.25,13,33,32,27,3.15,owlvit
AOI_2_Vegas_img3448,AOI_2_Vegas,AOI_2_Vegas:-11522:3616,test,owlvit,area,fixed,1.8,0.25,11,28,32,25,2.9,owlvit
AOI_2_Vegas_img3448,AOI_2_Vegas,AOI_2_Vegas:-11522:3616,test,owlvit,area,fixed,2.4,0.25,5,12,32,15,1.75,owlvit
AOI_2_Vegas_img3448,AOI_2_Vegas,AOI_2_Vegas:-11522:3616,test,owlvit,area,fixed,3.6,0.25,0,0,32,12,0.0,owlvit
AOI_2_Vegas_img3448,AOI_2_Vegas,AOI_2_Vegas:-11522:3616,test,owlvit,area,fixed,5.0,0.25,0,0,32,9,0.0,owlvit
AOI_2_Vegas_img3448,AOI_2_Vegas,AOI_2_Vegas:-11522:3616,test,owlvit,area,fixed,10.0,0.25,0,0,32,0,0.0,owlvit
AOI_2_Vegas_img3460,AOI_2_Vegas,AOI_2_Vegas:-11522:3618,test,owlvit,area,fixed,0.3,0.25,14,52,34,32,5.2,owlvit
AOI_2_Vegas_img3460,AOI_2_Vegas,AOI_2_Vegas:-11522:3618,test,owlvit,area,fixed,0.45,0.25,15,50,34,28,5.35,owlvit
AOI_2_Vegas_img3460,AOI_2_Vegas,AOI_2_Vegas:-11522:3618,test,owlvit,area,fixed,0.6,0.25,16,49,34,33,5.1,owlvit
AOI_2_Vegas_img3460,AOI_2_Vegas,AOI_2_Vegas:-11522:3618,test,owlvit,area,fixed,0.9,0.25,17,44,34,32,4.3,owlvit
AOI_2_Vegas_img3460,AOI_2_Vegas,AOI_2_Vegas:-11522:3618,test,owlvit,area,fixed,1.2,0.25,11,31,34,32,4.15,owlvit
AOI_2_Vegas_img3460,AOI_2_Vegas,AOI_2_Vegas:-11522:3618,test,owlvit,area,fixed,1.8,0.25,9,19,34,26,2.6,owlvit
AOI_2_Vegas_img3460,AOI_2_Vegas,AOI_2_Vegas:-11522:3618,test,owlvit,area,fixed,2.4,0.25,5,9,34,23,2.0,owlvit
AOI_2_Vegas_img3460,AOI_2_Vegas,AOI_2_Vegas:-11522:3618,test,owlvit,area,fixed,3.6,0.25,1,2,34,9,0.45,owlvit
AOI_2_Vegas_img3460,AOI_2_Vegas,AOI_2_Vegas:-11522:3618,test,owlvit,area,fixed,5.0,0.25,1,1,34,2,0.35,owlvit
AOI_2_Vegas_img3460,AOI_2_Vegas,AOI_2_Vegas:-11522:3618,test,owlvit,area,fixed,10.0,0.25,0,0,34,0,0.0,owlvit
AOI_2_Vegas_img347,AOI_2_Vegas,AOI_2_Vegas:-11530:3614,test,owlvit,area,fixed,0.3,0.25,9,28,34,53,3.0,owlvit
AOI_2_Vegas_img347,AOI_2_Vegas,AOI_2_Vegas:-11530:3614,test,owlvit,area,fixed,0.45,0.25,8,25,34,45,3.05,owlvit
AOI_2_Vegas_img347,AOI_2_Vegas,AOI_2_Vegas:-11530:3614,test,owlvit,area,fixed,0.6,0.25,9,23,34,43,2.7,owlvit
AOI_2_Vegas_img347,AOI_2_Vegas,AOI_2_Vegas:-11530:3614,test,owlvit,area,fixed,0.9,0.25,6,14,34,45,1.5,owlvit
AOI_2_Vegas_img347,AOI_2_Vegas,AOI_2_Vegas:-11530:3614,test,owlvit,area,fixed,1.2,0.25,5,8,34,32,1.25,owlvit
AOI_2_Vegas_img347,AOI_2_Vegas,AOI_2_Vegas:-11530:3614,test,owlvit,area,fixed,1.8,0.25,0,0,34,20,0.0,owlvit
AOI_2_Vegas_img347,AOI_2_Vegas,AOI_2_Vegas:-11530:3614,test,owlvit,area,fixed,2.4,0.25,0,0,34,24,0.0,owlvit
AOI_2_Vegas_img347,AOI_2_Vegas,AOI_2_Vegas:-11530:3614,test,owlvit,area,fixed,3.6,0.25,0,0,34,16,0.0,owlvit
AOI_2_Vegas_img347,AOI_2_Vegas,AOI_2_Vegas:-11530:3614,test,owlvit,area,fixed,5.0,0.25,0,0,34,16,0.0,owlvit
AOI_2_Vegas_img347,AOI_2_Vegas,AOI_2_Vegas:-11530:3614,test,owlvit,area,fixed,10.0,0.25,0,0,34,3,0.0,owlvit
AOI_2_Vegas_img3471,AOI_2_Vegas,AOI_2_Vegas:-11522:3620,test,owlvit,area,fixed,0.3,0.25,19,83,31,31,7.0,owlvit
AOI_2_Vegas_img3471,AOI_2_Vegas,AOI_2_Vegas:-11522:3620,test,owlvit,area,fixed,0.45,0.25,20,73,31,26,7.25,owlvit
AOI_2_Vegas_img3471,AOI_2_Vegas,AOI_2_Vegas:-11522:3620,test,owlvit,area,fixed,0.6,0.25,20,79,31,26,7.35,owlvit
AOI_2_Vegas_img3471,AOI_2_Vegas,AOI_2_Vegas:-11522:3620,test,owlvit,area,fixed,0.9,0.25,18,63,31,26,6.45,owlvit
AOI_2_Vegas_img3471,AOI_2_Vegas,AOI_2_Vegas:-11522:3620,test,owlvit,area,fixed,1.2,0.25,17,53,31,25,6.5,owlvit
AOI_2_Vegas_img3471,AOI_2_Vegas,AOI_2_Vegas:-11522:3620,test,owlvit,area,fixed,1.8,0.25,14,32,31,23,4.45,owlvit
AOI_2_Vegas_img3471,AOI_2_Vegas,AOI_2_Vegas:-11522:3620,test,owlvit,area,fixed,2.4,0.25,11,17,31,38,2.7,owlvit
AOI_2_Vegas_img3471,AOI_2_Vegas,AOI_2_Vegas:-11522:3620,test,owlvit,area,fixed,3.6,0.25,6,6,31,28,1.0,owlvit
AOI_2_Vegas_img3471,AOI_2_Vegas,AOI_2_Vegas:-11522:3620,test,owlvit,area,fixed,5.0,0.25,2,2,31,13,0.45,owlvit
AOI_2_Vegas_img3471,AOI_2_Vegas,AOI_2_Vegas:-11522:3620,test,owlvit,area,fixed,10.0,0.25,0,0,31,1,0.0,owlvit
AOI_2_Vegas_img3506,AOI_2_Vegas,AOI_2_Vegas:-11522:3612,test,owlvit,area,fixed,0.3,0.25,16,39,46,45,5.95,owlvit
AOI_2_Vegas_img3506,AOI_2_Vegas,AOI_2_Vegas:-11522:3612,test,owlvit,area,fixed,0.45,0.25,16,31,46,40,4.35,owlvit
AOI_2_Vegas_img3506,AOI_2_Vegas,AOI_2_Vegas:-11522:3612,test,owlvit,area,fixed,0.6,0.25,18,32,46,36,4.75,owlvit
AOI_2_Vegas_img3506,AOI_2_Vegas,AOI_2_Vegas:-11522:3612,test,owlvit,area,fixed,0.9,0.25,16,27,46,41,4.5,owlvit
AOI_2_Vegas_img3506,AOI_2_Vegas,AOI_2_Vegas:-11522:3612,test,owlvit,area,fixed,1.2,0.25,13,19,46,45,3.65,owlvit
AOI_2_Vegas_img3506,AOI_2_Vegas,AOI_2_Vegas:-11522:3612,test,owlvit,area,fixed,1.8,0.25,4,6,46,34,1.05,owlvit
AOI_2_Vegas_img3506,AOI_2_Vegas,AOI_2_Vegas:-11522:3612,test,owlvit,area,fixed,2.4,0.25,3,5,46,32,1.25,owlvit
AOI_2_Vegas_img3506,AOI_2_Vegas,AOI_2_Vegas:-11522:3612,test,owlvit,area,fixed,3.6,0.25,0,1,46,13,0.25,owlvit
AOI_2_Vegas_img3506,AOI_2_Vegas,AOI_2_Vegas:-11522:3612,test,owlvit,area,fixed,5.0,0.25,0,0,46,4,0.0,owlvit
AOI_2_Vegas_img3506,AOI_2_Vegas,AOI_2_Vegas:-11522:3612,test,owlvit,area,fixed,10.0,0.25,0,0,46,2,0.0,owlvit
AOI_2_Vegas_img3514,AOI_2_Vegas,AOI_2_Vegas:-11522:3614,test,owlvit,area,fixed,0.3,0.25,6,21,15,59,1.05,owlvit
AOI_2_Vegas_img3514,AOI_2_Vegas,AOI_2_Vegas:-11522:3614,test,owlvit,area,fixed,0.45,0.25,6,18,15,56,0.75,owlvit
AOI_2_Vegas_img3514,AOI_2_Vegas,AOI_2_Vegas:-11522:3614,test,owlvit,area,fixed,0.6,0.25,6,20,15,63,0.55,owlvit
AOI_2_Vegas_img3514,AOI_2_Vegas,AOI_2_Vegas:-11522:3614,test,owlvit,area,fixed,0.9,0.25,4,10,15,39,0.35,owlvit
AOI_2_Vegas_img3514,AOI_2_Vegas,AOI_2_Vegas:-11522:3614,test,owlvit,area,fixed,1.2,0.25,4,11,15,38,0.25,owlvit
AOI_2_Vegas_img3514,AOI_2_Vegas,AOI_2_Vegas:-11522:3614,test,owlvit,area,fixed,1.8,0.25,4,10,15,40,0.35,owlvit
AOI_2_Vegas_img3514,AOI_2_Vegas,AOI_2_Vegas:-11522:3614,test,owlvit,area,fixed,2.4,0.25,3,4,15,39,0.2,owlvit
AOI_2_Vegas_img3514,AOI_2_Vegas,AOI_2_Vegas:-11522:3614,test,owlvit,area,fixed,3.6,0.25,0,2,15,31,0.05,owlvit
AOI_2_Vegas_img3514,AOI_2_Vegas,AOI_2_Vegas:-11522:3614,test,owlvit,area,fixed,5.0,0.25,0,1,15,20,0.05,owlvit
AOI_2_Vegas_img3514,AOI_2_Vegas,AOI_2_Vegas:-11522:3614,test,owlvit,area,fixed,10.0,0.25,0,0,15,1,0.0,owlvit
AOI_2_Vegas_img3538,AOI_2_Vegas,AOI_2_Vegas:-11522:3618,test,owlvit,area,fixed,0.3,0.25,19,77,38,56,7.4,owlvit
AOI_2_Vegas_img3538,AOI_2_Vegas,AOI_2_Vegas:-11522:3618,test,owlvit,area,fixed,0.45,0.25,21,90,38,63,8.05,owlvit
AOI_2_Vegas_img3538,AOI_2_Vegas,AOI_2_Vegas:-11522:3618,test,owlvit,area,fixed,0.6,0.25,18,46,38,47,4.7,owlvit
AOI_2_Vegas_img3538,AOI_2_Vegas,AOI_2_Vegas:-11522:3618,test,owlvit,area,fixed,0.9,0.25,18,38,38,38,4.95,owlvit
AOI_2_Vegas_img3538,AOI_2_Vegas,AOI_2_Vegas:-11522:3618,test,owlvit,area,fixed,1.2,0.25,17,42,38,55,5.05,owlvit
AOI_2_Vegas_img3538,AOI_2_Vegas,AOI_2_Vegas:-11522:3618,test,owlvit,area,fixed,1.8,0.25,14,33,38,42,4.5,owlvit
AOI_2_Vegas_img3538,AOI_2_Vegas,AOI_2_Vegas:-11522:3618,test,owlvit,area,fixed,2.4,0.25,0,0,38,10,0.0,owlvit
AOI_2_Vegas_img3538,AOI_2_Vegas,AOI_2_Vegas:-11522:3618,test,owlvit,area,fixed,3.6,0.25,0,0,38,11,0.0,owlvit
AOI_2_Vegas_img3538,AOI_2_Vegas,AOI_2_Vegas:-11522:3618,test,owlvit,area,fixed,5.0,0.25,0,0,38,4,0.0,owlvit
AOI_2_Vegas_img3538,AOI_2_Vegas,AOI_2_Vegas:-11522:3618,test,owlvit,area,fixed,10.0,0.25,0,0,38,2,0.0,owlvit
AOI_2_Vegas_img355,AOI_2_Vegas,AOI_2_Vegas:-11530:3616,test,owlvit,area,fixed,0.3,0.25,2,2,34,23,0.6,owlvit
AOI_2_Vegas_img355,AOI_2_Vegas,AOI_2_Vegas:-11530:3616,test,owlvit,area,fixed,0.45,0.25,2,2,34,24,0.45,owlvit
AOI_2_Vegas_img355,AOI_2_Vegas,AOI_2_Vegas:-11530:3616,test,owlvit,area,fixed,0.6,0.25,4,5,34,26,1.45,owlvit
AOI_2_Vegas_img355,AOI_2_Vegas,AOI_2_Vegas:-11530:3616,test,owlvit,area,fixed,0.9,0.25,3,4,34,27,1.15,owlvit
AOI_2_Vegas_img355,AOI_2_Vegas,AOI_2_Vegas:-11530:3616,test,owlvit,area,fixed,1.2,0.25,5,7,34,28,1.8,owlvit
AOI_2_Vegas_img355,AOI_2_Vegas,AOI_2_Vegas:-11530:3616,test,owlvit,area,fixed,1.8,0.25,5,5,34,20,1.6,owlvit
AOI_2_Vegas_img355,AOI_2_Vegas,AOI_2_Vegas:-11530:3616,test,owlvit,area,fixed,2.4,0.25,5,5,34,11,1.1,owlvit
AOI_2_Vegas_img355,AOI_2_Vegas,AOI_2_Vegas:-11530:3616,test,owlvit,area,fixed,3.6,0.25,1,1,34,4,0.25,owlvit
AOI_2_Vegas_img355,AOI_2_Vegas,AOI_2_Vegas:-11530:3616,test,owlvit,area,fixed,5.0,0.25,0,0,34,1,0.0,owlvit
AOI_2_Vegas_img355,AOI_2_Vegas,AOI_2_Vegas:-11530:3616,test,owlvit,area,fixed,10.0,0.25,0,0,34,0,0.0,owlvit
AOI_2_Vegas_img3573,AOI_2_Vegas,AOI_2_Vegas:-11522:3624,test,owlvit,area,fixed,0.3,0.25,29,37,53,31,8.55,owlvit
AOI_2_Vegas_img3573,AOI_2_Vegas,AOI_2_Vegas:-11522:3624,test,owlvit,area,fixed,0.45,0.25,24,28,53,36,7.1,owlvit
AOI_2_Vegas_img3573,AOI_2_Vegas,AOI_2_Vegas:-11522:3624,test,owlvit,area,fixed,0.6,0.25,26,29,53,33,7.55,owlvit
AOI_2_Vegas_img3573,AOI_2_Vegas,AOI_2_Vegas:-11522:3624,test,owlvit,area,fixed,0.9,0.25,20,22,53,28,5.0,owlvit
AOI_2_Vegas_img3573,AOI_2_Vegas,AOI_2_Vegas:-11522:3624,test,owlvit,area,fixed,1.2,0.25,16,16,53,19,3.45,owlvit
AOI_2_Vegas_img3573,AOI_2_Vegas,AOI_2_Vegas:-11522:3624,test,owlvit,area,fixed,1.8,0.25,1,1,53,15,0.3,owlvit
AOI_2_Vegas_img3573,AOI_2_Vegas,AOI_2_Vegas:-11522:3624,test,owlvit,area,fixed,2.4,0.25,0,0,53,16,0.0,owlvit
AOI_2_Vegas_img3573,AOI_2_Vegas,AOI_2_Vegas:-11522:3624,test,owlvit,area,fixed,3.6,0.25,0,0,53,9,0.0,owlvit
AOI_2_Vegas_img3573,AOI_2_Vegas,AOI_2_Vegas:-11522:3624,test,owlvit,area,fixed,5.0,0.25,0,0,53,10,0.0,owlvit
AOI_2_Vegas_img3573,AOI_2_Vegas,AOI_2_Vegas:-11522:3624,test,owlvit,area,fixed,10.0,0.25,0,0,53,0,0.0,owlvit
AOI_2_Vegas_img3603,AOI_2_Vegas,AOI_2_Vegas:-11522:3616,test,owlvit,area,fixed,0.3,0.25,31,84,53,36,15.0,owlvit
AOI_2_Vegas_img3603,AOI_2_Vegas,AOI_2_Vegas:-11522:3616,test,owlvit,area,fixed,0.45,0.25,32,84,53,42,15.25,owlvit
AOI_2_Vegas_img3603,AOI_2_Vegas,AOI_2_Vegas:-11522:3616,test,owlvit,area,fixed,0.6,0.25,32,83,53,38,14.55,owlvit
AOI_2_Vegas_img3603,AOI_2_Vegas,AOI_2_Vegas:-11522:3616,test,owlvit,area,fixed,0.9,0.25,28,67,53,33,13.65,owlvit
AOI_2_Vegas_img3603,AOI_2_Vegas,AOI_2_Vegas:-11522:3616,test,owlvit,area,fixed,1.2,0.25,28,48,53,28,9.9,owlvit
AOI_2_Vegas_img3603,AOI_2_Vegas,AOI_2_Vegas:-11522:3616,test,owlvit,area,fixed,1.8,0.25,20,27,53,18,6.15,owlvit
AOI_2_Vegas_img3603,AOI_2_Vegas,AOI_2_Vegas:-11522:3616,test,owlvit,area,fixed,2.4,0.25,5,6,53,15,2.0,owlvit
AOI_2_Vegas_img3603,AOI_2_Vegas,AOI_2_Vegas:-11522:3616,test,owlvit,area,fixed,3.6,0.25,0,0,53,8,0.0,owlvit
AOI_2_Vegas_img3603,AOI_2_Vegas,AOI_2_Vegas:-11522:3616,test,owlvit,area,fixed,5.0,0.25,0,0,53,5,0.0,owlvit
AOI_2_Vegas_img3603,AOI_2_Vegas,AOI_2_Vegas:-11522:3616,test,owlvit,area,fixed,10.0,0.25,0,0,53,0,0.0,owlvit
AOI_2_Vegas_img3659,AOI_2_Vegas,AOI_2_Vegas:-11522:3625,test,owlvit,area,fixed,0.3,0.25,25,45,32,28,5.55,owlvit
AOI_2_Vegas_img3659,AOI_2_Vegas,AOI_2_Vegas:-11522:3625,test,owlvit,area,fixed,0.45,0.25,21,38,32,32,5.5,owlvit
AOI_2_Vegas_img3659,AOI_2_Vegas,AOI_2_Vegas:-11522:3625,test,owlvit,area,fixed,0.6,0.25,20,32,32,25,4.4,owlvit
AOI_2_Vegas_img3659,AOI_2_Vegas,AOI_2_Vegas:-11522:3625,test,owlvit,area,fixed,0.9,0.25,20,30,32,29,3.8,owlvit
AOI_2_Vegas_img3659,AOI_2_Vegas,AOI_2_Vegas:-11522:3625,test,owlvit,area,fixed,1.2,0.25,17,25,32,25,3.75,owlvit
AOI_2_Vegas_img3659,AOI_2_Vegas,AOI_2_Vegas:-11522:3625,test,owlvit,area,fixed,1.8,0.25,7,9,32,20,1.55,owlvit
AOI_2_Vegas_img3659,AOI_2_Vegas,AOI_2_Vegas:-11522:3625,test,owlvit,area,fixed,2.4,0.25,1,1,32,10,0.2,owlvit
AOI_2_Vegas_img3659,AOI_2_Vegas,AOI_2_Vegas:-11522:3625,test,owlvit,area,fixed,3.6,0.25,0,0,32,4,0.0,owlvit
AOI_2_Vegas_img3659,AOI_2_Vegas,AOI_2_Vegas:-11522:3625,test,owlvit,area,fixed,5.0,0.25,0,0,32,1,0.0,owlvit
AOI_2_Vegas_img3659,AOI_2_Vegas,AOI_2_Vegas:-11522:3625,test,owlvit,area,fixed,10.0,0.25,0,0,32,0,0.0,owlvit
AOI_2_Vegas_img3673,AOI_2_Vegas,AOI_2_Vegas:-11522:3614,test,owlvit,area,fixed,0.3,0.25,1,35,7,58,0.25,owlvit
AOI_2_Vegas_img3673,AOI_2_Vegas,AOI_2_Vegas:-11522:3614,test,owlvit,area,fixed,0.45,0.25,1,33,7,59,0.45,owlvit
AOI_2_Vegas_img3673,AOI_2_Vegas,AOI_2_Vegas:-11522:3614,test,owlvit,area,fixed,0.6,0.25,1,27,7,51,0.25,owlvit
AOI_2_Vegas_img3673,AOI_2_Vegas,AOI_2_Vegas:-11522:3614,test,owlvit,area,fixed,0.9,0.25,1,21,7,55,0.1,owlvit
AOI_2_Vegas_img3673,AOI_2_Vegas,AOI_2_Vegas:-11522:3614,test,owlvit,area,fixed,1.2,0.25,0,11,7,43,0.0,owlvit
AOI_2_Vegas_img3673,AOI_2_Vegas,AOI_2_Vegas:-11522:3614,test,owlvit,area,fixed,1.8,0.25,0,3,7,28,0.1,owlvit
AOI_2_Vegas_img3673,AOI_2_Vegas,AOI_2_Vegas:-11522:3614,test,owlvit,area,fixed,2.4,0.25,0,1,7,14,0.1,owlvit
AOI_2_Vegas_img3673,AOI_2_Vegas,AOI_2_Vegas:-11522:3614,test,owlvit,area,fixed,3.6,0.25,0,0,7,4,0.0,owlvit
AOI_2_Vegas_img3673,AOI_2_Vegas,AOI_2_Vegas:-11522:3614,test,owlvit,area,fixed,5.0,0.25,0,0,7,3,0.0,owlvit
AOI_2_Vegas_img3673,AOI_2_Vegas,AOI_2_Vegas:-11522:3614,test,owlvit,area,fixed,10.0,0.25,0,0,7,2,0.0,owlvit
AOI_2_Vegas_img3679,AOI_2_Vegas,AOI_2_Vegas:-11522:3615,test,owlvit,area,fixed,0.3,0.25,32,63,43,31,10.25,owlvit
AOI_2_Vegas_img3679,AOI_2_Vegas,AOI_2_Vegas:-11522:3615,test,owlvit,area,fixed,0.45,0.25,29,66,43,29,10.4,owlvit
AOI_2_Vegas_img3679,AOI_2_Vegas,AOI_2_Vegas:-11522:3615,test,owlvit,area,fixed,0.6,0.25,31,71,43,29,10.55,owlvit
AOI_2_Vegas_img3679,AOI_2_Vegas,AOI_2_Vegas:-11522:3615,test,owlvit,area,fixed,0.9,0.25,31,55,43,34,9.0,owlvit
AOI_2_Vegas_img3679,AOI_2_Vegas,AOI_2_Vegas:-11522:3615,test,owlvit,area,fixed,1.2,0.25,26,50,43,33,8.3,owlvit
AOI_2_Vegas_img3679,AOI_2_Vegas,AOI_2_Vegas:-11522:3615,test,owlvit,area,fixed,1.8,0.25,21,34,43,19,7.35,owlvit
AOI_2_Vegas_img3679,AOI_2_Vegas,AOI_2_Vegas:-11522:3615,test,owlvit,area,fixed,2.4,0.25,9,15,43,19,3.3,owlvit
AOI_2_Vegas_img3679,AOI_2_Vegas,AOI_2_Vegas:-11522:3615,test,owlvit,area,fixed,3.6,0.25,1,1,43,8,0.55,owlvit
AOI_2_Vegas_img3679,AOI_2_Vegas,AOI_2_Vegas:-11522:3615,test,owlvit,area,fixed,5.0,0.25,0,0,43,8,0.0,owlvit
AOI_2_Vegas_img3679,AOI_2_Vegas,AOI_2_Vegas:-11522:3615,test,owlvit,area,fixed,10.0,0.25,0,0,43,1,0.0,owlvit
AOI_2_Vegas_img3718,AOI_2_Vegas,AOI_2_Vegas:-11522:3622,test,owlvit,area,fixed,0.3,0.25,13,46,29,46,2.6,owlvit
AOI_2_Vegas_img3718,AOI_2_Vegas,AOI_2_Vegas:-11522:3622,test,owlvit,area,fixed,0.45,0.25,13,39,29,42,2.3,owlvit
AOI_2_Vegas_img3718,AOI_2_Vegas,AOI_2_Vegas:-11522:3622,test,owlvit,area,fixed,0.6,0.25,11,34,29,44,2.3,owlvit
AOI_2_Vegas_img3718,AOI_2_Vegas,AOI_2_Vegas:-11522:3622,test,owlvit,area,fixed,0.9,0.25,8,28,29,39,1.6,owlvit
AOI_2_Vegas_img3718,AOI_2_Vegas,AOI_2_Vegas:-11522:3622,test,owlvit,area,fixed,1.2,0.25,7,25,29,40,1.8,owlvit
AOI_2_Vegas_img3718,AOI_2_Vegas,AOI_2_Vegas:-11522:3622,test,owlvit,area,fixed,1.8,0.25,2,9,29,25,0.65,owlvit
AOI_2_Vegas_img3718,AOI_2_Vegas,AOI_2_Vegas:-11522:3622,test,owlvit,area,fixed,2.4,0.25,1,2,29,17,0.25,owlvit
AOI_2_Vegas_img3718,AOI_2_Vegas,AOI_2_Vegas:-11522:3622,test,owlvit,area,fixed,3.6,0.25,0,0,29,10,0.0,owlvit
AOI_2_Vegas_img3718,AOI_2_Vegas,AOI_2_Vegas:-11522:3622,test,owlvit,area,fixed,5.0,0.25,0,0,29,2,0.0,owlvit
AOI_2_Vegas_img3718,AOI_2_Vegas,AOI_2_Vegas:-11522:3622,test,owlvit,area,fixed,10.0,0.25,0,0,29,1,0.0,owlvit
AOI_2_Vegas_img3747,AOI_2_Vegas,AOI_2_Vegas:-11522:3613,test,owlvit,area,fixed,0.3,0.25,35,105,56,26,18.3,owlvit
AOI_2_Vegas_img3747,AOI_2_Vegas,AOI_2_Vegas:-11522:3613,test,owlvit,area,fixed,0.45,0.25,34,117,56,30,20.0,owlvit
AOI_2_Vegas_img3747,AOI_2_Vegas,AOI_2_Vegas:-11522:3613,test,owlvit,area,fixed,0.6,0.25,36,127,56,28,21.7,owlvit
AOI_2_Vegas_img3747,AOI_2_Vegas,AOI_2_Vegas:-11522:3613,test,owlvit,area,fixed,0.9,0.25,37,90,56,33,17.65,owlvit
AOI_2_Vegas_img3747,AOI_2_Vegas,AOI_2_Vegas:-11522:3613,test,owlvit,area,fixed,1.2,0.25,36,106,56,35,19.1,owlvit
AOI_2_Vegas_img3747,AOI_2_Vegas,AOI_2_Vegas:-11522:3613,test,owlvit,area,fixed,1.8,0.25,34,84,56,42,16.6,owlvit
AOI_2_Vegas_img3747,AOI_2_Vegas,AOI_2_Vegas:-11522:3613,test,owlvit,area,fixed,2.4,0.25,25,66,56,35,14.25,owlvit
AOI_2_Vegas_img3747,AOI_2_Vegas,AOI_2_Vegas:-11522:3613,test,owlvit,area,fixed,3.6,0.25,1,2,56,19,0.35,owlvit
AOI_2_Vegas_img3747,AOI_2_Vegas,AOI_2_Vegas:-11522:3613,test,owlvit,area,fixed,5.0,0.25,0,0,56,1,0.0,owlvit
AOI_2_Vegas_img3747,AOI_2_Vegas,AOI_2_Vegas:-11522:3613,test,owlvit,area,fixed,10.0,0.25,0,0,56,0,0.0,owlvit
AOI_2_Vegas_img375,AOI_2_Vegas,AOI_2_Vegas:-11530:3619,test,owlvit,area,fixed,0.3,0.25,13,44,22,23,4.45,owlvit
AOI_2_Vegas_img375,AOI_2_Vegas,AOI_2_Vegas:-11530:3619,test,owlvit,area,fixed,0.45,0.25,13,42,22,24,4.55,owlvit
AOI_2_Vegas_img375,AOI_2_Vegas,AOI_2_Vegas:-11530:3619,test,owlvit,area,fixed,0.6,0.25,11,37,22,24,3.55,owlvit
AOI_2_Vegas_img375,AOI_2_Vegas,AOI_2_Vegas:-11530:3619,test,owlvit,area,fixed,0.9,0.25,10,28,22,26,3.05,owlvit
AOI_2_Vegas_img375,AOI_2_Vegas,AOI_2_Vegas:-11530:3619,test,owlvit,area,fixed,1.2,0.25,8,11,22,19,1.65,owlvit
AOI_2_Vegas_img375,AOI_2_Vegas,AOI_2_Vegas:-11530:3619,test,owlvit,area,fixed,1.8,0.25,1,1,22,10,0.05,owlvit
AOI_2_Vegas_img375,AOI_2_Vegas,AOI_2_Vegas:-11530:3619,test,owlvit,area,fixed,2.4,0.25,0,0,22,1,0.0,owlvit
AOI_2_Vegas_img375,AOI_2_Vegas,AOI_2_Vegas:-11530:3619,test,owlvit,area,fixed,3.6,0.25,0,0,22,3,0.0,owlvit
AOI_2_Vegas_img375,AOI_2_Vegas,AOI_2_Vegas:-11530:3619,test,owlvit,area,fixed,5.0,0.25,0,0,22,1,0.0,owlvit
AOI_2_Vegas_img375,AOI_2_Vegas,AOI_2_Vegas:-11530:3619,test,owlvit,area,fixed,10.0,0.25,0,0,22,0,0.0,owlvit
AOI_2_Vegas_img3757,AOI_2_Vegas,AOI_2_Vegas:-11522:3615,test,owlvit,area,fixed,0.3,0.25,33,68,59,26,12.75,owlvit
AOI_2_Vegas_img3757,AOI_2_Vegas,AOI_2_Vegas:-11522:3615,test,owlvit,area,fixed,0.45,0.25,32,64,59,29,11.9,owlvit
AOI_2_Vegas_img3757,AOI_2_Vegas,AOI_2_Vegas:-11522:3615,test,owlvit,area,fixed,0.6,0.25,34,67,59,29,13.15,owlvit
AOI_2_Vegas_img3757,AOI_2_Vegas,AOI_2_Vegas:-11522:3615,test,owlvit,area,fixed,0.9,0.25,30,52,59,25,10.7,owlvit
AOI_2_Vegas_img3757,AOI_2_Vegas,AOI_2_Vegas:-11522:3615,test,owlvit,area,fixed,1.2,0.25,33,53,59,23,11.6,owlvit
AOI_2_Vegas_img3757,AOI_2_Vegas,AOI_2_Vegas:-11522:3615,test,owlvit,area,fixed,1.8,0.25,25,35,59,19,9.05,owlvit
AOI_2_Vegas_img3757,AOI_2_Vegas,AOI_2_Vegas:-11522:3615,test,owlvit,area,fixed,2.4,0.25,13,18,59,25,5.3,owlvit
AOI_2_Vegas_img3757,AOI_2_Vegas,AOI_2_Vegas:-11522:3615,test,owlvit,area,fixed,3.6,0.25,0,0,59,17,0.0,owlvit
AOI_2_Vegas_img3757,AOI_2_Vegas,AOI_2_Vegas:-11522:3615,test,owlvit,area,fixed,5.0,0.25,0,0,59,8,0.0,owlvit
AOI_2_Vegas_img3757,AOI_2_Vegas,AOI_2_Vegas:-11522:3615,test,owlvit,area,fixed,10.0,0.25,0,0,59,1,0.0,owlvit
AOI_2_Vegas_img3785,AOI_2_Vegas,AOI_2_Vegas:-11522:3620,test,owlvit,area,fixed,0.3,0.25,14,49,28,43,2.5,owlvit
AOI_2_Vegas_img3785,AOI_2_Vegas,AOI_2_Vegas:-11522:3620,test,owlvit,area,fixed,0.45,0.25,14,42,28,36,2.6,owlvit
AOI_2_Vegas_img3785,AOI_2_Vegas,AOI_2_Vegas:-11522:3620,test,owlvit,area,fixed,0.6,0.25,13,40,28,38,2.25,owlvit
AOI_2_Vegas_img3785,AOI_2_Vegas,AOI_2_Vegas:-11522:3620,test,owlvit,area,fixed,0.9,0.25,13,32,28,34,2.1,owlvit
AOI_2_Vegas_img3785,AOI_2_Vegas,AOI_2_Vegas:-11522:3620,test,owlvit,area,fixed,1.2,0.25,11,25,28,41,1.5,owlvit
AOI_2_Vegas_img3785,AOI_2_Vegas,AOI_2_Vegas:-11522:3620,test,owlvit,area,fixed,1.8,0.25,2,9,28,36,0.6,owlvit
AOI_2_Vegas_img3785,AOI_2_Vegas,AOI_2_Vegas:-11522:3620,test,owlvit,area,fixed,2.4,0.25,2,6,28,31,0.8,owlvit
AOI_2_Vegas_img3785,AOI_2_Vegas,AOI_2_Vegas:-11522:3620,test,owlvit,area,fixed,3.6,0.25,0,0,28,14,0.0,owlvit
AOI_2_Vegas_img3785,AOI_2_Vegas,AOI_2_Vegas:-11522:3620,test,owlvit,area,fixed,5.0,0.25,0,0,28,5,0.0,owlvit
AOI_2_Vegas_img3785,AOI_2_Vegas,AOI_2_Vegas:-11522:3620,test,owlvit,area,fixed,10.0,0.25,0,0,28,0,0.0,owlvit
AOI_2_Vegas_img3787,AOI_2_Vegas,AOI_2_Vegas:-11522:3620,test,owlvit,area,fixed,0.3,0.25,17,33,48,37,3.3,owlvit
AOI_2_Vegas_img3787,AOI_2_Vegas,AOI_2_Vegas:-11522:3620,test,owlvit,area,fixed,0.45,0.25,13,21,48,37,2.35,owlvit
AOI_2_Vegas_img3787,AOI_2_Vegas,AOI_2_Vegas:-11522:3620,test,owlvit,area,fixed,0.6,0.25,12,19,48,44,3.05,owlvit
AOI_2_Vegas_img3787,AOI_2_Vegas,AOI_2_Vegas:-11522:3620,test,owlvit,area,fixed,0.9,0.25,12,17,48,41,2.55,owlvit
AOI_2_Vegas_img3787,AOI_2_Vegas,AOI_2_Vegas:-11522:3620,test,owlvit,area,fixed,1.2,0.25,10,13,48,41,1.65,owlvit
AOI_2_Vegas_img3787,AOI_2_Vegas,AOI_2_Vegas:-11522:3620,test,owlvit,area,fixed,1.8,0.25,6,7,48,37,0.9,owlvit
AOI_2_Vegas_img3787,AOI_2_Vegas,AOI_2_Vegas:-11522:3620,test,owlvit,area,fixed,2.4,0.25,9,13,48,35,2.1,owlvit
AOI_2_Vegas_img3787,AOI_2_Vegas,AOI_2_Vegas:-11522:3620,test,owlvit,area,fixed,3.6,0.25,0,0,48,18,0.0,owlvit
AOI_2_Vegas_img3787,AOI_2_Vegas,AOI_2_Vegas:-11522:3620,test,owlvit,area,fixed,5.0,0.25,0,0,48,7,0.0,owlvit
AOI_2_Vegas_img3787,AOI_2_Vegas,AOI_2_Vegas:-11522:3620,test,owlvit,area,fixed,10.0,0.25,0,0,48,0,0.0,owlvit
AOI_2_Vegas_img3792,AOI_2_Vegas,AOI_2_Vegas:-11522:3621,test,owlvit,area,fixed,0.3,0.25,0,3,1,7,0.0,owlvit
AOI_2_Vegas_img3792,AOI_2_Vegas,AOI_2_Vegas:-11522:3621,test,owlvit,area,fixed,0.45,0.25,0,3,1,6,0.0,owlvit
AOI_2_Vegas_img3792,AOI_2_Vegas,AOI_2_Vegas:-11522:3621,test,owlvit,area,fixed,0.6,0.25,0,2,1,4,0.0,owlvit
AOI_2_Vegas_img3792,AOI_2_Vegas,AOI_2_Vegas:-11522:3621,test,owlvit,area,fixed,0.9,0.25,0,0,1,7,0.0,owlvit
AOI_2_Vegas_img3792,AOI_2_Vegas,AOI_2_Vegas:-11522:3621,test,owlvit,area,fixed,1.2,0.25,0,0,1,6,0.0,owlvit
AOI_2_Vegas_img3792,AOI_2_Vegas,AOI_2_Vegas:-11522:3621,test,owlvit,area,fixed,1.8,0.25,0,0,1,2,0.0,owlvit
AOI_2_Vegas_img3792,AOI_2_Vegas,AOI_2_Vegas:-11522:3621,test,owlvit,area,fixed,2.4,0.25,0,0,1,3,0.0,owlvit
AOI_2_Vegas_img3792,AOI_2_Vegas,AOI_2_Vegas:-11522:3621,test,owlvit,area,fixed,3.6,0.25,0,0,1,3,0.0,owlvit
AOI_2_Vegas_img3792,AOI_2_Vegas,AOI_2_Vegas:-11522:3621,test,owlvit,area,fixed,5.0,0.25,0,0,1,1,0.0,owlvit
AOI_2_Vegas_img3792,AOI_2_Vegas,AOI_2_Vegas:-11522:3621,test,owlvit,area,fixed,10.0,0.25,0,0,1,0,0.0,owlvit
AOI_2_Vegas_img3815,AOI_2_Vegas,AOI_2_Vegas:-11522:3625,test,owlvit,area,fixed,0.3,0.25,20,73,23,29,9.15,owlvit
AOI_2_Vegas_img3815,AOI_2_Vegas,AOI_2_Vegas:-11522:3625,test,owlvit,area,fixed,0.45,0.25,20,62,23,34,8.3,owlvit
AOI_2_Vegas_img3815,AOI_2_Vegas,AOI_2_Vegas:-11522:3625,test,owlvit,area,fixed,0.6,0.25,20,54,23,39,7.65,owlvit
AOI_2_Vegas_img3815,AOI_2_Vegas,AOI_2_Vegas:-11522:3625,test,owlvit,area,fixed,0.9,0.25,20,47,23,45,7.9,owlvit
AOI_2_Vegas_img3815,AOI_2_Vegas,AOI_2_Vegas:-11522:3625,test,owlvit,area,fixed,1.2,0.25,19,45,23,46,6.8,owlvit
AOI_2_Vegas_img3815,AOI_2_Vegas,AOI_2_Vegas:-11522:3625,test,owlvit,area,fixed,1.8,0.25,21,42,23,48,6.7,owlvit
AOI_2_Vegas_img3815,AOI_2_Vegas,AOI_2_Vegas:-11522:3625,test,owlvit,area,fixed,2.4,0.25,18,28,23,35,5.2,owlvit
AOI_2_Vegas_img3815,AOI_2_Vegas,AOI_2_Vegas:-11522:3625,test,owlvit,area,fixed,3.6,0.25,1,1,23,5,0.1,owlvit
AOI_2_Vegas_img3815,AOI_2_Vegas,AOI_2_Vegas:-11522:3625,test,owlvit,area,fixed,5.0,0.25,0,0,23,1,0.0,owlvit
AOI_2_Vegas_img3815,AOI_2_Vegas,AOI_2_Vegas:-11522:3625,test,owlvit,area,fixed,10.0,0.25,0,0,23,0,0.0,owlvit
AOI_2_Vegas_img3832,AOI_2_Vegas,AOI_2_Vegas:-11521:3614,test,owlvit,area,fixed,0.3,0.25,1,8,4,23,0.15,owlvit
AOI_2_Vegas_img3832,AOI_2_Vegas,AOI_2_Vegas:-11521:3614,test,owlvit,area,fixed,0.45,0.25,1,10,4,27,0.05,owlvit
AOI_2_Vegas_img3832,AOI_2_Vegas,AOI_2_Vegas:-11521:3614,test,owlvit,area,fixed,0.6,0.25,1,8,4,25,0.05,owlvit
AOI_2_Vegas_img3832,AOI_2_Vegas,AOI_2_Vegas:-11521:3614,test,owlvit,area,fixed,0.9,0.25,1,5,4,26,0.2,owlvit
AOI_2_Vegas_img3832,AOI_2_Vegas,AOI_2_Vegas:-11521:3614,test,owlvit,area,fixed,1.2,0.25,1,2,4,21,0.15,owlvit
AOI_2_Vegas_img3832,AOI_2_Vegas,AOI_2_Vegas:-11521:3614,test,owlvit,area,fixed,1.8,0.25,0,0,4,13,0.0,owlvit
AOI_2_Vegas_img3832,AOI_2_Vegas,AOI_2_Vegas:-11521:3614,test,owlvit,area,fixed,2.4,0.25,0,0,4,12,0.0,owlvit
AOI_2_Vegas_img3832,AOI_2_Vegas,AOI_2_Vegas:-11521:3614,test,owlvit,area,fixed,3.6,0.25,0,0,4,14,0.0,owlvit
AOI_2_Vegas_img3832,AOI_2_Vegas,AOI_2_Vegas:-11521:3614,test,owlvit,area,fixed,5.0,0.25,0,0,4,13,0.0,owlvit
AOI_2_Vegas_img3832,AOI_2_Vegas,AOI_2_Vegas:-11521:3614,test,owlvit,area,fixed,10.0,0.25,0,0,4,2,0.0,owlvit
AOI_2_Vegas_img3849,AOI_2_Vegas,AOI_2_Vegas:-11521:3617,test,owlvit,area,fixed,0.3,0.25,34,42,88,23,10.4,owlvit
AOI_2_Vegas_img3849,AOI_2_Vegas,AOI_2_Vegas:-11521:3617,test,owlvit,area,fixed,0.45,0.25,36,47,88,15,12.3,owlvit
AOI_2_Vegas_img3849,AOI_2_Vegas,AOI_2_Vegas:-11521:3617,test,owlvit,area,fixed,0.6,0.25,38,51,88,20,11.55,owlvit
AOI_2_Vegas_img3849,AOI_2_Vegas,AOI_2_Vegas:-11521:3617,test,owlvit,area,fixed,0.9,0.25,31,37,88,18,9.05,owlvit
AOI_2_Vegas_img3849,AOI_2_Vegas,AOI_2_Vegas:-11521:3617,test,owlvit,area,fixed,1.2,0.25,11,12,88,17,4.1,owlvit
AOI_2_Vegas_img3849,AOI_2_Vegas,AOI_2_Vegas:-11521:3617,test,owlvit,area,fixed,1.8,0.25,21,23,88,19,6.0,owlvit
AOI_2_Vegas_img3849,AOI_2_Vegas,AOI_2_Vegas:-11521:3617,test,owlvit,area,fixed,2.4,0.25,1,1,88,11,0.2,owlvit
AOI_2_Vegas_img3849,AOI_2_Vegas,AOI_2_Vegas:-11521:3617,test,owlvit,area,fixed,3.6,0.25,0,0,88,4,0.0,owlvit
AOI_2_Vegas_img3849,AOI_2_Vegas,AOI_2_Vegas:-11521:3617,test,owlvit,area,fixed,5.0,0.25,0,0,88,1,0.0,owlvit
AOI_2_Vegas_img3849,AOI_2_Vegas,AOI_2_Vegas:-11521:3617,test,owlvit,area,fixed,10.0,0.25,0,0,88,0,0.0,owlvit
AOI_2_Vegas_img3856,AOI_2_Vegas,AOI_2_Vegas:-11521:3618,test,owlvit,area,fixed,0.3,0.25,5,6,13,32,0.2,owlvit
AOI_2_Vegas_img3856,AOI_2_Vegas,AOI_2_Vegas:-11521:3618,test,owlvit,area,fixed,0.45,0.25,4,5,13,23,0.2,owlvit
AOI_2_Vegas_img3856,AOI_2_Vegas,AOI_2_Vegas:-11521:3618,test,owlvit,area,fixed,0.6,0.25,3,3,13,21,0.1,owlvit
AOI_2_Vegas_img3856,AOI_2_Vegas,AOI_2_Vegas:-11521:3618,test,owlvit,area,fixed,0.9,0.25,2,3,13,13,0.1,owlvit
AOI_2_Vegas_img3856,AOI_2_Vegas,AOI_2_Vegas:-11521:3618,test,owlvit,area,fixed,1.2,0.25,1,2,13,9,0.05,owlvit
AOI_2_Vegas_img3856,AOI_2_Vegas,AOI_2_Vegas:-11521:3618,test,owlvit,area,fixed,1.8,0.25,0,0,13,6,0.0,owlvit
AOI_2_Vegas_img3856,AOI_2_Vegas,AOI_2_Vegas:-11521:3618,test,owlvit,area,fixed,2.4,0.25,1,1,13,11,0.15,owlvit
AOI_2_Vegas_img3856,AOI_2_Vegas,AOI_2_Vegas:-11521:3618,test,owlvit,area,fixed,3.6,0.25,0,0,13,7,0.0,owlvit
AOI_2_Vegas_img3856,AOI_2_Vegas,AOI_2_Vegas:-11521:3618,test,owlvit,area,fixed,5.0,0.25,0,0,13,11,0.0,owlvit
AOI_2_Vegas_img3856,AOI_2_Vegas,AOI_2_Vegas:-11521:3618,test,owlvit,area,fixed,10.0,0.25,0,0,13,1,0.0,owlvit
AOI_2_Vegas_img3857,AOI_2_Vegas,AOI_2_Vegas:-11521:3619,test,owlvit,area,fixed,0.3,0.25,15,29,36,45,3.2,owlvit
AOI_2_Vegas_img3857,AOI_2_Vegas,AOI_2_Vegas:-11521:3619,test,owlvit,area,fixed,0.45,0.25,16,31,36,44,3.0,owlvit
AOI_2_Vegas_img3857,AOI_2_Vegas,AOI_2_Vegas:-11521:3619,test,owlvit,area,fixed,0.6,0.25,14,26,36,47,2.45,owlvit
AOI_2_Vegas_img3857,AOI_2_Vegas,AOI_2_Vegas:-11521:3619,test,owlvit,area,fixed,0.9,0.25,11,20,36,48,1.7,owlvit
AOI_2_Vegas_img3857,AOI_2_Vegas,AOI_2_Vegas:-11521:3619,test,owlvit,area,fixed,1.2,0.25,7,13,36,37,1.5,owlvit
AOI_2_Vegas_img3857,AOI_2_Vegas,AOI_2_Vegas:-11521:3619,test,owlvit,area,fixed,1.8,0.25,3,3,36,26,0.55,owlvit
AOI_2_Vegas_img3857,AOI_2_Vegas,AOI_2_Vegas:-11521:3619,test,owlvit,area,fixed,2.4,0.25,0,0,36,14,0.0,owlvit
AOI_2_Vegas_img3857,AOI_2_Vegas,AOI_2_Vegas:-11521:3619,test,owlvit,area,fixed,3.6,0.25,0,0,36,19,0.0,owlvit
AOI_2_Vegas_img3857,AOI_2_Vegas,AOI_2_Vegas:-11521:3619,test,owlvit,area,fixed,5.0,0.25,0,0,36,13,0.0,owlvit
AOI_2_Vegas_img3857,AOI_2_Vegas,AOI_2_Vegas:-11521:3619,test,owlvit,area,fixed,10.0,0.25,0,0,36,0,0.0,owlvit
AOI_2_Vegas_img3858,AOI_2_Vegas,AOI_2_Vegas:-11521:3619,test,owlvit,area,fixed,0.3,0.25,5,14,21,31,0.65,owlvit
AOI_2_Vegas_img3858,AOI_2_Vegas,AOI_2_Vegas:-11521:3619,test,owlvit,area,fixed,0.45,0.25,5,14,21,29,0.7,owlvit
AOI_2_Vegas_img3858,AOI_2_Vegas,AOI_2_Vegas:-11521:3619,test,owlvit,area,fixed,0.6,0.25,4,9,21,28,0.4,owlvit
AOI_2_Vegas_img3858,AOI_2_Vegas,AOI_2_Vegas:-11521:3619,test,owlvit,area,fixed,0.9,0.25,3,5,21,26,0.45,owlvit
AOI_2_Vegas_img3858,AOI_2_Vegas,AOI_2_Vegas:-11521:3619,test,owlvit,area,fixed,1.2,0.25,2,4,21,25,0.4,owlvit
AOI_2_Vegas_img3858,AOI_2_Vegas,AOI_2_Vegas:-11521:3619,test,owlvit,area,fixed,1.8,0.25,1,1,21,21,0.0,owlvit
AOI_2_Vegas_img3858,AOI_2_Vegas,AOI_2_Vegas:-11521:3619,test,owlvit,area,fixed,2.4,0.25,0,2,21,27,0.15,owlvit
AOI_2_Vegas_img3858,AOI_2_Vegas,AOI_2_Vegas:-11521:3619,test,owlvit,area,fixed,3.6,0.25,1,1,21,26,0.0,owlvit
AOI_2_Vegas_img3858,AOI_2_Vegas,AOI_2_Vegas:-11521:3619,test,owlvit,area,fixed,5.0,0.25,0,0,21,10,0.0,owlvit
AOI_2_Vegas_img3858,AOI_2_Vegas,AOI_2_Vegas:-11521:3619,test,owlvit,area,fixed,10.0,0.25,0,0,21,3,0.0,owlvit
AOI_2_Vegas_img386,AOI_2_Vegas,AOI_2_Vegas:-11530:3621,test,owlvit,area,fixed,0.3,0.25,30,119,34,42,11.7,owlvit
AOI_2_Vegas_img386,AOI_2_Vegas,AOI_2_Vegas:-11530:3621,test,owlvit,area,fixed,0.45,0.25,28,110,34,46,10.75,owlvit
AOI_2_Vegas_img386,AOI_2_Vegas,AOI_2_Vegas:-11530:3621,test,owlvit,area,fixed,0.6,0.25,29,105,34,46,11.0,owlvit
AOI_2_Vegas_img386,AOI_2_Vegas,AOI_2_Vegas:-11530:3621,test,owlvit,area,fixed,0.9,0.25,28,93,34,43,10.4,owlvit
AOI_2_Vegas_img386,AOI_2_Vegas,AOI_2_Vegas:-11530:3621,test,owlvit,area,fixed,1.2,0.25,28,81,34,38,11.4,owlvit
AOI_2_Vegas_img386,AOI_2_Vegas,AOI_2_Vegas:-11530:3621,test,owlvit,area,fixed,1.8,0.25,26,76,34,38,10.8,owlvit
AOI_2_Vegas_img386,AOI_2_Vegas,AOI_2_Vegas:-11530:3621,test,owlvit,area,fixed,2.4,0.25,19,38,34,41,6.65,owlvit
AOI_2_Vegas_img386,AOI_2_Vegas,AOI_2_Vegas:-11530:3621,test,owlvit,area,fixed,3.6,0.25,4,6,34,27,1.4,owlvit
AOI_2_Vegas_img386,AOI_2_Vegas,AOI_2_Vegas:-11530:3621,test,owlvit,area,fixed,5.0,0.25,2,2,34,13,0.6,owlvit
AOI_2_Vegas_img386,AOI_2_Vegas,AOI_2_Vegas:-11530:3621,test,owlvit,area,fixed,10.0,0.25,0,0,34,0,0.0,owlvit
AOI_2_Vegas_img3864,AOI_2_Vegas,AOI_2_Vegas:-11521:3620,test,owlvit,area,fixed,0.3,0.25,15,29,36,36,1.55,owlvit
AOI_2_Vegas_img3864,AOI_2_Vegas,AOI_2_Vegas:-11521:3620,test,owlvit,area,fixed,0.45,0.25,15,30,36,37,1.85,owlvit
AOI_2_Vegas_img3864,AOI_2_Vegas,AOI_2_Vegas:-11521:3620,test,owlvit,area,fixed,0.6,0.25,16,27,36,37,1.15,owlvit
AOI_2_Vegas_img3864,AOI_2_Vegas,AOI_2_Vegas:-11521:3620,test,owlvit,area,fixed,0.9,0.25,12,25,36,36,1.3,owlvit
AOI_2_Vegas_img3864,AOI_2_Vegas,AOI_2_Vegas:-11521:3620,test,owlvit,area,fixed,1.2,0.25,6,10,36,22,0.6,owlvit
AOI_2_Vegas_img3864,AOI_2_Vegas,AOI_2_Vegas:-11521:3620,test,owlvit,area,fixed,1.8,0.25,2,2,36,19,0.15,owlvit
AOI_2_Vegas_img3864,AOI_2_Vegas,AOI_2_Vegas:-11521:3620,test,owlvit,area,fixed,2.4,0.25,0,0,36,8,0.0,owlvit
AOI_2_Vegas_img3864,AOI_2_Vegas,AOI_2_Vegas:-11521:3620,test,owlvit,area,fixed,3.6,0.25,0,0,36,8,0.0,owlvit
AOI_2_Vegas_img3864,AOI_2_Vegas,AOI_2_Vegas:-11521:3620,test,owlvit,area,fixed,5.0,0.25,0,0,36,5,0.0,owlvit
AOI_2_Vegas_img3864,AOI_2_Vegas,AOI_2_Vegas:-11521:3620,test,owlvit,area,fixed,10.0,0.25,0,0,36,0,0.0,owlvit
AOI_2_Vegas_img3886,AOI_2_Vegas,AOI_2_Vegas:-11521:3624,test,owlvit,area,fixed,0.3,0.25,24,54,30,39,8.3,owlvit
AOI_2_Vegas_img3886,AOI_2_Vegas,AOI_2_Vegas:-11521:3624,test,owlvit,area,fixed,0.45,0.25,22,54,30,40,7.95,owlvit
AOI_2_Vegas_img3886,AOI_2_Vegas,AOI_2_Vegas:-11521:3624,test,owlvit,area,fixed,0.6,0.25,24,53,30,40,8.45,owlvit
AOI_2_Vegas_img3886,AOI_2_Vegas,AOI_2_Vegas:-11521:3624,test,owlvit,area,fixed,0.9,0.25,20,45,30,41,7.5,owlvit
AOI_2_Vegas_img3886,AOI_2_Vegas,AOI_2_Vegas:-11521:3624,test,owlvit,area,fixed,1.2,0.25,16,25,30,34,3.4,owlvit
AOI_2_Vegas_img3886,AOI_2_Vegas,AOI_2_Vegas:-11521:3624,test,owlvit,area,fixed,1.8,0.25,0,0,30,7,0.0,owlvit
AOI_2_Vegas_img3886,AOI_2_Vegas,AOI_2_Vegas:-11521:3624,test,owlvit,area,fixed,2.4,0.25,0,0,30,3,0.0,owlvit
AOI_2_Vegas_img3886,AOI_2_Vegas,AOI_2_Vegas:-11521:3624,test,owlvit,area,fixed,3.6,0.25,0,0,30,5,0.0,owlvit
AOI_2_Vegas_img3886,AOI_2_Vegas,AOI_2_Vegas:-11521:3624,test,owlvit,area,fixed,5.0,0.25,0,0,30,2,0.0,owlvit
AOI_2_Vegas_img3886,AOI_2_Vegas,AOI_2_Vegas:-11521:3624,test,owlvit,area,fixed,10.0,0.25,0,0,30,1,0.0,owlvit
AOI_2_Vegas_img3920,AOI_2_Vegas,AOI_2_Vegas:-11521:3616,test,owlvit,area,fixed,0.3,0.25,8,84,13,87,1.15,owlvit
AOI_2_Vegas_img3920,AOI_2_Vegas,AOI_2_Vegas:-11521:3616,test,owlvit,area,fixed,0.45,0.25,5,74,13,85,1.4,owlvit
AOI_2_Vegas_img3920,AOI_2_Vegas,AOI_2_Vegas:-11521:3616,test,owlvit,area,fixed,0.6,0.25,5,66,13,76,1.45,owlvit
AOI_2_Vegas_img3920,AOI_2_Vegas,AOI_2_Vegas:-11521:3616,test,owlvit,area,fixed,0.9,0.25,5,18,13,58,0.8,owlvit
AOI_2_Vegas_img3920,AOI_2_Vegas,AOI_2_Vegas:-11521:3616,test,owlvit,area,fixed,1.2,0.25,4,10,13,48,0.25,owlvit
AOI_2_Vegas_img3920,AOI_2_Vegas,AOI_2_Vegas:-11521:3616,test,owlvit,area,fixed,1.8,0.25,0,0,13,25,0.0,owlvit
AOI_2_Vegas_img3920,AOI_2_Vegas,AOI_2_Vegas:-11521:3616,test,owlvit,area,fixed,2.4,0.25,0,0,13,23,0.0,owlvit
AOI_2_Vegas_img3920,AOI_2_Vegas,AOI_2_Vegas:-11521:3616,test,owlvit,area,fixed,3.6,0.25,0,0,13,13,0.0,owlvit
AOI_2_Vegas_img3920,AOI_2_Vegas,AOI_2_Vegas:-11521:3616,test,owlvit,area,fixed,5.0,0.25,0,0,13,6,0.0,owlvit
AOI_2_Vegas_img3920,AOI_2_Vegas,AOI_2_Vegas:-11521:3616,test,owlvit,area,fixed,10.0,0.25,0,0,13,1,0.0,owlvit
AOI_2_Vegas_img3949,AOI_2_Vegas,AOI_2_Vegas:-11521:3621,test,owlvit,area,fixed,0.3,0.25,4,26,10,30,1.2,owlvit
AOI_2_Vegas_img3949,AOI_2_Vegas,AOI_2_Vegas:-11521:3621,test,owlvit,area,fixed,0.45,0.25,4,23,10,34,1.1,owlvit
AOI_2_Vegas_img3949,AOI_2_Vegas,AOI_2_Vegas:-11521:3621,test,owlvit,area,fixed,0.6,0.25,4,17,10,29,0.75,owlvit
AOI_2_Vegas_img3949,AOI_2_Vegas,AOI_2_Vegas:-11521:3621,test,owlvit,area,fixed,0.9,0.25,3,9,10,25,0.5,owlvit
AOI_2_Vegas_img3949,AOI_2_Vegas,AOI_2_Vegas:-11521:3621,test,owlvit,area,fixed,1.2,0.25,3,10,10,28,0.5,owlvit
AOI_2_Vegas_img3949,AOI_2_Vegas,AOI_2_Vegas:-11521:3621,test,owlvit,area,fixed,1.8,0.25,3,7,10,24,0.45,owlvit
AOI_2_Vegas_img3949,AOI_2_Vegas,AOI_2_Vegas:-11521:3621,test,owlvit,area,fixed,2.4,0.25,0,2,10,19,0.0,owlvit
AOI_2_Vegas_img3949,AOI_2_Vegas,AOI_2_Vegas:-11521:3621,test,owlvit,area,fixed,3.6,0.25,0,0,10,12,0.0,owlvit
AOI_2_Vegas_img3949,AOI_2_Vegas,AOI_2_Vegas:-11521:3621,test,owlvit,area,fixed,5.0,0.25,0,0,10,1,0.0,owlvit
AOI_2_Vegas_img3949,AOI_2_Vegas,AOI_2_Vegas:-11521:3621,test,owlvit,area,fixed,10.0,0.25,0,0,10,0,0.0,owlvit
AOI_2_Vegas_img3961,AOI_2_Vegas,AOI_2_Vegas:-11521:3623,test,owlvit,area,fixed,0.3,0.25,19,62,35,40,4.15,owlvit
AOI_2_Vegas_img3961,AOI_2_Vegas,AOI_2_Vegas:-11521:3623,test,owlvit,area,fixed,0.45,0.25,19,60,35,38,4.65,owlvit
AOI_2_Vegas_img3961,AOI_2_Vegas,AOI_2_Vegas:-11521:3623,test,owlvit,area,fixed,0.6,0.25,15,43,35,34,3.55,owlvit
AOI_2_Vegas_img3961,AOI_2_Vegas,AOI_2_Vegas:-11521:3623,test,owlvit,area,fixed,0.9,0.25,16,35,35,28,2.4,owlvit
AOI_2_Vegas_img3961,AOI_2_Vegas,AOI_2_Vegas:-11521:3623,test,owlvit,area,fixed,1.2,0.25,14,33,35,17,2.05,owlvit
AOI_2_Vegas_img3961,AOI_2_Vegas,AOI_2_Vegas:-11521:3623,test,owlvit,area,fixed,1.8,0.25,6,13,35,23,0.9,owlvit
AOI_2_Vegas_img3961,AOI_2_Vegas,AOI_2_Vegas:-11521:3623,test,owlvit,area,fixed,2.4,0.25,0,2,35,8,0.15,owlvit
AOI_2_Vegas_img3961,AOI_2_Vegas,AOI_2_Vegas:-11521:3623,test,owlvit,area,fixed,3.6,0.25,0,0,35,4,0.0,owlvit
AOI_2_Vegas_img3961,AOI_2_Vegas,AOI_2_Vegas:-11521:3623,test,owlvit,area,fixed,5.0,0.25,0,0,35,1,0.0,owlvit
AOI_2_Vegas_img3961,AOI_2_Vegas,AOI_2_Vegas:-11521:3623,test,owlvit,area,fixed,10.0,0.25,0,0,35,0,0.0,owlvit
AOI_2_Vegas_img3962,AOI_2_Vegas,AOI_2_Vegas:-11521:3623,test,owlvit,area,fixed,0.3,0.25,21,57,51,35,4.45,owlvit
AOI_2_Vegas_img3962,AOI_2_Vegas,AOI_2_Vegas:-11521:3623,test,owlvit,area,fixed,0.45,0.25,19,53,51,35,4.05,owlvit
AOI_2_Vegas_img3962,AOI_2_Vegas,AOI_2_Vegas:-11521:3623,test,owlvit,area,fixed,0.6,0.25,21,51,51,40,3.6,owlvit
AOI_2_Vegas_img3962,AOI_2_Vegas,AOI_2_Vegas:-11521:3623,test,owlvit,area,fixed,0.9,0.25,20,42,51,33,3.4,owlvit
AOI_2_Vegas_img3962,AOI_2_Vegas,AOI_2_Vegas:-11521:3623,test,owlvit,area,fixed,1.2,0.25,17,40,51,35,3.1,owlvit
AOI_2_Vegas_img3962,AOI_2_Vegas,AOI_2_Vegas:-11521:3623,test,owlvit,area,fixed,1.8,0.25,9,21,51,38,1.95,owlvit
AOI_2_Vegas_img3962,AOI_2_Vegas,AOI_2_Vegas:-11521:3623,test,owlvit,area,fixed,2.4,0.25,5,11,51,32,1.05,owlvit
AOI_2_Vegas_img3962,AOI_2_Vegas,AOI_2_Vegas:-11521:3623,test,owlvit,area,fixed,3.6,0.25,0,0,51,14,0.0,owlvit
AOI_2_Vegas_img3962,AOI_2_Vegas,AOI_2_Vegas:-11521:3623,test,owlvit,area,fixed,5.0,0.25,0,0,51,1,0.0,owlvit
AOI_2_Vegas_img3962,AOI_2_Vegas,AOI_2_Vegas:-11521:3623,test,owlvit,area,fixed,10.0,0.25,0,0,51,0,0.0,owlvit
AOI_2_Vegas_img3990,AOI_2_Vegas,AOI_2_Vegas:-11521:3614,test,owlvit,area,fixed,0.3,0.25,0,16,2,57,0.15,owlvit
AOI_2_Vegas_img3990,AOI_2_Vegas,AOI_2_Vegas:-11521:3614,test,owlvit,area,fixed,0.45,0.25,0,13,2,42,0.05,owlvit
AOI_2_Vegas_img3990,AOI_2_Vegas,AOI_2_Vegas:-11521:3614,test,owlvit,area,fixed,0.6,0.25,0,10,2,42,0.1,owlvit
AOI_2_Vegas_img3990,AOI_2_Vegas,AOI_2_Vegas:-11521:3614,test,owlvit,area,fixed,0.9,0.25,0,8,2,35,0.05,owlvit
AOI_2_Vegas_img3990,AOI_2_Vegas,AOI_2_Vegas:-11521:3614,test,owlvit,area,fixed,1.2,0.25,0,2,2,28,0.0,owlvit
AOI_2_Vegas_img3990,AOI_2_Vegas,AOI_2_Vegas:-11521:3614,test,owlvit,area,fixed,1.8,0.25,0,2,2,16,0.05,owlvit
AOI_2_Vegas_img3990,AOI_2_Vegas,AOI_2_Vegas:-11521:3614,test,owlvit,area,fixed,2.4,0.25,0,0,2,16,0.0,owlvit
AOI_2_Vegas_img3990,AOI_2_Vegas,AOI_2_Vegas:-11521:3614,test,owlvit,area,fixed,3.6,0.25,0,0,2,8,0.0,owlvit
AOI_2_Vegas_img3990,AOI_2_Vegas,AOI_2_Vegas:-11521:3614,test,owlvit,area,fixed,5.0,0.25,0,0,2,6,0.0,owlvit
AOI_2_Vegas_img3990,AOI_2_Vegas,AOI_2_Vegas:-11521:3614,test,owlvit,area,fixed,10.0,0.25,0,0,2,1,0.0,owlvit
AOI_2_Vegas_img400,AOI_2_Vegas,AOI_2_Vegas:-11530:3613,test,owlvit,area,fixed,0.3,0.25,43,71,58,34,18.7,owlvit
AOI_2_Vegas_img400,AOI_2_Vegas,AOI_2_Vegas:-11530:3613,test,owlvit,area,fixed,0.45,0.25,43,67,58,37,16.85,owlvit
AOI_2_Vegas_img400,AOI_2_Vegas,AOI_2_Vegas:-11530:3613,test,owlvit,area,fixed,0.6,0.25,45,67,58,35,16.55,owlvit
AOI_2_Vegas_img400,AOI_2_Vegas,AOI_2_Vegas:-11530:3613,test,owlvit,area,fixed,0.9,0.25,43,58,58,33,15.5,owlvit
AOI_2_Vegas_img400,AOI_2_Vegas,AOI_2_Vegas:-11530:3613,test,owlvit,area,fixed,1.2,0.25,36,45,58,25,13.75,owlvit
AOI_2_Vegas_img400,AOI_2_Vegas,AOI_2_Vegas:-11530:3613,test,owlvit,area,fixed,1.8,0.25,7,7,58,15,1.9,owlvit
AOI_2_Vegas_img400,AOI_2_Vegas,AOI_2_Vegas:-11530:3613,test,owlvit,area,fixed,2.4,0.25,0,0,58,6,0.0,owlvit
AOI_2_Vegas_img400,AOI_2_Vegas,AOI_2_Vegas:-11530:3613,test,owlvit,area,fixed,3.6,0.25,0,0,58,1,0.0,owlvit
AOI_2_Vegas_img400,AOI_2_Vegas,AOI_2_Vegas:-11530:3613,test,owlvit,area,fixed,5.0,0.25,0,0,58,4,0.0,owlvit
AOI_2_Vegas_img400,AOI_2_Vegas,AOI_2_Vegas:-11530:3613,test,owlvit,area,fixed,10.0,0.25,0,0,58,1,0.0,owlvit
AOI_2_Vegas_img4008,AOI_2_Vegas,AOI_2_Vegas:-11521:3617,test,owlvit,area,fixed,0.3,0.25,1,20,4,42,0.15,owlvit
AOI_2_Vegas_img4008,AOI_2_Vegas,AOI_2_Vegas:-11521:3617,test,owlvit,area,fixed,0.45,0.25,1,17,4,44,0.2,owlvit
AOI_2_Vegas_img4008,AOI_2_Vegas,AOI_2_Vegas:-11521:3617,test,owlvit,area,fixed,0.6,0.25,1,6,4,35,0.1,owlvit
AOI_2_Vegas_img4008,AOI_2_Vegas,AOI_2_Vegas:-11521:3617,test,owlvit,area,fixed,0.9,0.25,0,2,4,29,0.0,owlvit
AOI_2_Vegas_img4008,AOI_2_Vegas,AOI_2_Vegas:-11521:3617,test,owlvit,area,fixed,1.2,0.25,0,1,4,21,0.0,owlvit
AOI_2_Vegas_img4008,AOI_2_Vegas,AOI_2_Vegas:-11521:3617,test,owlvit,area,fixed,1.8,0.25,0,0,4,16,0.0,owlvit
AOI_2_Vegas_img4008,AOI_2_Vegas,AOI_2_Vegas:-11521:3617,test,owlvit,area,fixed,2.4,0.25,0,0,4,11,0.0,owlvit
AOI_2_Vegas_img4008,AOI_2_Vegas,AOI_2_Vegas:-11521:3617,test,owlvit,area,fixed,3.6,0.25,0,0,4,11,0.0,owlvit
AOI_2_Vegas_img4008,AOI_2_Vegas,AOI_2_Vegas:-11521:3617,test,owlvit,area,fixed,5.0,0.25,0,0,4,12,0.0,owlvit
AOI_2_Vegas_img4008,AOI_2_Vegas,AOI_2_Vegas:-11521:3617,test,owlvit,area,fixed,10.0,0.25,0,0,4,1,0.0,owlvit
AOI_2_Vegas_img4012,AOI_2_Vegas,AOI_2_Vegas:-11521:3618,test,owlvit,area,fixed,0.3,0.25,0,0,0,0,0.0,owlvit
AOI_2_Vegas_img4012,AOI_2_Vegas,AOI_2_Vegas:-11521:3618,test,owlvit,area,fixed,0.45,0.25,0,0,0,0,0.0,owlvit
AOI_2_Vegas_img4012,AOI_2_Vegas,AOI_2_Vegas:-11521:3618,test,owlvit,area,fixed,0.6,0.25,0,0,0,0,0.0,owlvit
AOI_2_Vegas_img4012,AOI_2_Vegas,AOI_2_Vegas:-11521:3618,test,owlvit,area,fixed,0.9,0.25,0,0,0,0,0.0,owlvit
AOI_2_Vegas_img4012,AOI_2_Vegas,AOI_2_Vegas:-11521:3618,test,owlvit,area,fixed,1.2,0.25,0,0,0,0,0.0,owlvit
AOI_2_Vegas_img4012,AOI_2_Vegas,AOI_2_Vegas:-11521:3618,test,owlvit,area,fixed,1.8,0.25,0,0,0,0,0.0,owlvit
AOI_2_Vegas_img4012,AOI_2_Vegas,AOI_2_Vegas:-11521:3618,test,owlvit,area,fixed,2.4,0.25,0,0,0,0,0.0,owlvit
AOI_2_Vegas_img4012,AOI_2_Vegas,AOI_2_Vegas:-11521:3618,test,owlvit,area,fixed,3.6,0.25,0,0,0,0,0.0,owlvit
AOI_2_Vegas_img4012,AOI_2_Vegas,AOI_2_Vegas:-11521:3618,test,owlvit,area,fixed,5.0,0.25,0,0,0,0,0.0,owlvit
AOI_2_Vegas_img4012,AOI_2_Vegas,AOI_2_Vegas:-11521:3618,test,owlvit,area,fixed,10.0,0.25,0,0,0,0,0.0,owlvit
AOI_2_Vegas_img4113,AOI_2_Vegas,AOI_2_Vegas:-11521:3622,test,owlvit,area,fixed,0.3,0.25,24,40,41,35,6.9,owlvit
AOI_2_Vegas_img4113,AOI_2_Vegas,AOI_2_Vegas:-11521:3622,test,owlvit,area,fixed,0.45,0.25,18,25,41,25,4.7,owlvit
AOI_2_Vegas_img4113,AOI_2_Vegas,AOI_2_Vegas:-11521:3622,test,owlvit,area,fixed,0.6,0.25,20,26,41,28,5.7,owlvit
AOI_2_Vegas_img4113,AOI_2_Vegas,AOI_2_Vegas:-11521:3622,test,owlvit,area,fixed,0.9,0.25,10,12,41,22,2.55,owlvit
AOI_2_Vegas_img4113,AOI_2_Vegas,AOI_2_Vegas:-11521:3622,test,owlvit,area,fixed,1.2,0.25,6,10,41,13,2.1,owlvit
AOI_2_Vegas_img4113,AOI_2_Vegas,AOI_2_Vegas:-11521:3622,test,owlvit,area,fixed,1.8,0.25,1,1,41,9,0.25,owlvit
AOI_2_Vegas_img4113,AOI_2_Vegas,AOI_2_Vegas:-11521:3622,test,owlvit,area,fixed,2.4,0.25,1,1,41,5,0.15,owlvit
AOI_2_Vegas_img4113,AOI_2_Vegas,AOI_2_Vegas:-11521:3622,test,owlvit,area,fixed,3.6,0.25,0,0,41,4,0.0,owlvit
AOI_2_Vegas_img4113,AOI_2_Vegas,AOI_2_Vegas:-11521:3622,test,owlvit,area,fixed,5.0,0.25,0,0,41,1,0.0,owlvit
AOI_2_Vegas_img4113,AOI_2_Vegas,AOI_2_Vegas:-11521:3622,test,owlvit,area,fixed,10.0,0.25,0,0,41,1,0.0,owlvit
AOI_2_Vegas_img4146,AOI_2_Vegas,AOI_2_Vegas:-11521:3614,test,owlvit,area,fixed,0.3,0.25,33,69,66,35,11.25,owlvit
AOI_2_Vegas_img4146,AOI_2_Vegas,AOI_2_Vegas:-11521:3614,test,owlvit,area,fixed,0.45,0.25,32,69,66,40,11.2,owlvit
AOI_2_Vegas_img4146,AOI_2_Vegas,AOI_2_Vegas:-11521:3614,test,owlvit,area,fixed,0.6,0.25,31,62,66,46,11.7,owlvit
AOI_2_Vegas_img4146,AOI_2_Vegas,AOI_2_Vegas:-11521:3614,test,owlvit,area,fixed,0.9,0.25,28,55,66,44,10.75,owlvit
AOI_2_Vegas_img4146,AOI_2_Vegas,AOI_2_Vegas:-11521:3614,test,owlvit,area,fixed,1.2,0.25,27,61,66,43,11.9,owlvit
AOI_2_Vegas_img4146,AOI_2_Vegas,AOI_2_Vegas:-11521:3614,test,owlvit,area,fixed,1.8,0.25,21,31,66,35,7.25,owlvit
AOI_2_Vegas_img4146,AOI_2_Vegas,AOI_2_Vegas:-11521:3614,test,owlvit,area,fixed,2.4,0.25,8,10,66,30,2.9,owlvit
AOI_2_Vegas_img4146,AOI_2_Vegas,AOI_2_Vegas:-11521:3614,test,owlvit,area,fixed,3.6,0.25,0,0,66,9,0.0,owlvit
AOI_2_Vegas_img4146,AOI_2_Vegas,AOI_2_Vegas:-11521:3614,test,owlvit,area,fixed,5.0,0.25,0,0,66,2,0.0,owlvit
AOI_2_Vegas_img4146,AOI_2_Vegas,AOI_2_Vegas:-11521:3614,test,owlvit,area,fixed,10.0,0.25,0,0,66,0,0.0,owlvit
AOI_2_Vegas_img4155,AOI_2_Vegas,AOI_2_Vegas:-11521:3615,test,owlvit,area,fixed,0.3,0.25,0,3,1,17,0.0,owlvit
AOI_2_Vegas_img4155,AOI_2_Vegas,AOI_2_Vegas:-11521:3615,test,owlvit,area,fixed,0.45,0.25,0,2,1,14,0.0,owlvit
AOI_2_Vegas_img4155,AOI_2_Vegas,AOI_2_Vegas:-11521:3615,test,owlvit,area,fixed,0.6,0.25,0,2,1,14,0.0,owlvit
AOI_2_Vegas_img4155,AOI_2_Vegas,AOI_2_Vegas:-11521:3615,test,owlvit,area,fixed,0.9,0.25,0,2,1,12,0.0,owlvit
AOI_2_Vegas_img4155,AOI_2_Vegas,AOI_2_Vegas:-11521:3615,test,owlvit,area,fixed,1.2,0.25,0,1,1,14,0.0,owlvit
AOI_2_Vegas_img4155,AOI_2_Vegas,AOI_2_Vegas:-11521:3615,test,owlvit,area,fixed,1.8,0.25,0,1,1,8,0.0,owlvit
AOI_2_Vegas_img4155,AOI_2_Vegas,AOI_2_Vegas:-11521:3615,test,owlvit,area,fixed,2.4,0.25,0,1,1,9,0.0,owlvit
AOI_2_Vegas_img4155,AOI_2_Vegas,AOI_2_Vegas:-11521:3615,test,owlvit,area,fixed,3.6,0.25,0,1,1,9,0.0,owlvit
AOI_2_Vegas_img4155,AOI_2_Vegas,AOI_2_Vegas:-11521:3615,test,owlvit,area,fixed,5.0,0.25,0,1,1,9,0.0,owlvit
AOI_2_Vegas_img4155,AOI_2_Vegas,AOI_2_Vegas:-11521:3615,test,owlvit,area,fixed,10.0,0.25,0,0,1,1,0.0,owlvit
AOI_2_Vegas_img416,AOI_2_Vegas,AOI_2_Vegas:-11530:3616,test,owlvit,area,fixed,0.3,0.25,7,20,18,22,1.1,owlvit
AOI_2_Vegas_img416,AOI_2_Vegas,AOI_2_Vegas:-11530:3616,test,owlvit,area,fixed,0.45,0.25,7,17,18,20,1.2,owlvit
AOI_2_Vegas_img416,AOI_2_Vegas,AOI_2_Vegas:-11530:3616,test,owlvit,area,fixed,0.6,0.25,8,16,18,21,0.95,owlvit
AOI_2_Vegas_img416,AOI_2_Vegas,AOI_2_Vegas:-11530:3616,test,owlvit,area,fixed,0.9,0.25,8,16,18,25,1.05,owlvit
AOI_2_Vegas_img416,AOI_2_Vegas,AOI_2_Vegas:-11530:3616,test,owlvit,area,fixed,1.2,0.25,8,14,18,24,1.25,owlvit
AOI_2_Vegas_img416,AOI_2_Vegas,AOI_2_Vegas:-11530:3616,test,owlvit,area,fixed,1.8,0.25,6,19,18,25,1.1,owlvit
AOI_2_Vegas_img416,AOI_2_Vegas,AOI_2_Vegas:-11530:3616,test,owlvit,area,fixed,2.4,0.25,3,5,18,12,0.45,owlvit
AOI_2_Vegas_img416,AOI_2_Vegas,AOI_2_Vegas:-11530:3616,test,owlvit,area,fixed,3.6,0.25,0,0,18,3,0.0,owlvit
AOI_2_Vegas_img416,AOI_2_Vegas,AOI_2_Vegas:-11530:3616,test,owlvit,area,fixed,5.0,0.25,0,0,18,1,0.0,owlvit
AOI_2_Vegas_img416,AOI_2_Vegas,AOI_2_Vegas:-11530:3616,test,owlvit,area,fixed,10.0,0.25,0,0,18,0,0.0,owlvit
AOI_2_Vegas_img4169,AOI_2_Vegas,AOI_2_Vegas:-11521:3618,test,owlvit,area,fixed,0.3,0.25,0,0,0,0,0.0,owlvit
AOI_2_Vegas_img4169,AOI_2_Vegas,AOI_2_Vegas:-11521:3618,test,owlvit,area,fixed,0.45,0.25,0,0,0,0,0.0,owlvit
AOI_2_Vegas_img4169,AOI_2_Vegas,AOI_2_Vegas:-11521:3618,test,owlvit,area,fixed,0.6,0.25,0,0,0,0,0.0,owlvit
AOI_2_Vegas_img4169,AOI_2_Vegas,AOI_2_Vegas:-11521:3618,test,owlvit,area,fixed,0.9,0.25,0,0,0,0,0.0,owlvit
AOI_2_Vegas_img4169,AOI_2_Vegas,AOI_2_Vegas:-11521:3618,test,owlvit,area,fixed,1.2,0.25,0,0,0,0,0.0,owlvit
AOI_2_Vegas_img4169,AOI_2_Vegas,AOI_2_Vegas:-11521:3618,test,owlvit,area,fixed,1.8,0.25,0,0,0,0,0.0,owlvit
AOI_2_Vegas_img4169,AOI_2_Vegas,AOI_2_Vegas:-11521:3618,test,owlvit,area,fixed,2.4,0.25,0,0,0,0,0.0,owlvit
AOI_2_Vegas_img4169,AOI_2_Vegas,AOI_2_Vegas:-11521:3618,test,owlvit,area,fixed,3.6,0.25,0,0,0,0,0.0,owlvit
AOI_2_Vegas_img4169,AOI_2_Vegas,AOI_2_Vegas:-11521:3618,test,owlvit,area,fixed,5.0,0.25,0,0,0,0,0.0,owlvit
AOI_2_Vegas_img4169,AOI_2_Vegas,AOI_2_Vegas:-11521:3618,test,owlvit,area,fixed,10.0,0.25,0,0,0,0,0.0,owlvit
AOI_2_Vegas_img4176,AOI_2_Vegas,AOI_2_Vegas:-11521:3619,test,owlvit,area,fixed,0.3,0.25,29,63,63,34,11.9,owlvit
AOI_2_Vegas_img4176,AOI_2_Vegas,AOI_2_Vegas:-11521:3619,test,owlvit,area,fixed,0.45,0.25,31,54,63,31,11.15,owlvit
AOI_2_Vegas_img4176,AOI_2_Vegas,AOI_2_Vegas:-11521:3619,test,owlvit,area,fixed,0.6,0.25,31,60,63,33,11.25,owlvit
AOI_2_Vegas_img4176,AOI_2_Vegas,AOI_2_Vegas:-11521:3619,test,owlvit,area,fixed,0.9,0.25,29,51,63,39,12.0,owlvit
AOI_2_Vegas_img4176,AOI_2_Vegas,AOI_2_Vegas:-11521:3619,test,owlvit,area,fixed,1.2,0.25,27,43,63,30,10.5,owlvit
AOI_2_Vegas_img4176,AOI_2_Vegas,AOI_2_Vegas:-11521:3619,test,owlvit,area,fixed,1.8,0.25,12,21,63,32,5.05,owlvit
AOI_2_Vegas_img4176,AOI_2_Vegas,AOI_2_Vegas:-11521:3619,test,owlvit,area,fixed,2.4,0.25,10,13,63,29,3.3,owlvit
AOI_2_Vegas_img4176,AOI_2_Vegas,AOI_2_Vegas:-11521:3619,test,owlvit,area,fixed,3.6,0.25,0,0,63,6,0.0,owlvit
AOI_2_Vegas_img4176,AOI_2_Vegas,AOI_2_Vegas:-11521:3619,test,owlvit,area,fixed,5.0,0.25,0,0,63,2,0.0,owlvit
AOI_2_Vegas_img4176,AOI_2_Vegas,AOI_2_Vegas:-11521:3619,test,owlvit,area,fixed,10.0,0.25,0,0,63,0,0.0,owlvit
AOI_2_Vegas_img4187,AOI_2_Vegas,AOI_2_Vegas:-11521:3621,test,owlvit,area,fixed,0.3,0.25,0,0,0,1,0.0,owlvit
AOI_2_Vegas_img4187,AOI_2_Vegas,AOI_2_Vegas:-11521:3621,test,owlvit,area,fixed,0.45,0.25,0,0,0,1,0.0,owlvit
AOI_2_Vegas_img4187,AOI_2_Vegas,AOI_2_Vegas:-11521:3621,test,owlvit,area,fixed,0.6,0.25,0,0,0,2,0.0,owlvit
AOI_2_Vegas_img4187,AOI_2_Vegas,AOI_2_Vegas:-11521:3621,test,owlvit,area,fixed,0.9,0.25,0,0,0,1,0.0,owlvit
AOI_2_Vegas_img4187,AOI_2_Vegas,AOI_2_Vegas:-11521:3621,test,owlvit,area,fixed,1.2,0.25,0,0,0,1,0.0,owlvit
AOI_2_Vegas_img4187,AOI_2_Vegas,AOI_2_Vegas:-11521:3621,test,owlvit,area,fixed,1.8,0.25,0,0,0,0,0.0,owlvit
AOI_2_Vegas_img4187,AOI_2_Vegas,AOI_2_Vegas:-11521:3621,test,owlvit,area,fixed,2.4,0.25,0,0,0,0,0.0,owlvit
AOI_2_Vegas_img4187,AOI_2_Vegas,AOI_2_Vegas:-11521:3621,test,owlvit,area,fixed,3.6,0.25,0,0,0,0,0.0,owlvit
AOI_2_Vegas_img4187,AOI_2_Vegas,AOI_2_Vegas:-11521:3621,test,owlvit,area,fixed,5.0,0.25,0,0,0,0,0.0,owlvit
AOI_2_Vegas_img4187,AOI_2_Vegas,AOI_2_Vegas:-11521:3621,test,owlvit,area,fixed,10.0,0.25,0,0,0,0,0.0,owlvit
AOI_2_Vegas_img4206,AOI_2_Vegas,AOI_2_Vegas:-11521:3624,test,owlvit,area,fixed,0.3,0.25,29,87,47,35,9.65,owlvit
AOI_2_Vegas_img4206,AOI_2_Vegas,AOI_2_Vegas:-11521:3624,test,owlvit,area,fixed,0.45,0.25,28,81,47,37,8.9,owlvit
AOI_2_Vegas_img4206,AOI_2_Vegas,AOI_2_Vegas:-11521:3624,test,owlvit,area,fixed,0.6,0.25,28,81,47,32,9.55,owlvit
AOI_2_Vegas_img4206,AOI_2_Vegas,AOI_2_Vegas:-11521:3624,test,owlvit,area,fixed,0.9,0.25,26,69,47,35,8.0,owlvit
AOI_2_Vegas_img4206,AOI_2_Vegas,AOI_2_Vegas:-11521:3624,test,owlvit,area,fixed,1.2,0.25,23,46,47,39,6.2,owlvit
AOI_2_Vegas_img4206,AOI_2_Vegas,AOI_2_Vegas:-11521:3624,test,owlvit,area,fixed,1.8,0.25,18,35,47,27,5.15,owlvit
AOI_2_Vegas_img4206,AOI_2_Vegas,AOI_2_Vegas:-11521:3624,test,owlvit,area,fixed,2.4,0.25,8,11,47,17,2.0,owlvit
AOI_2_Vegas_img4206,AOI_2_Vegas,AOI_2_Vegas:-11521:3624,test,owlvit,area,fixed,3.6,0.25,1,1,47,7,0.35,owlvit
AOI_2_Vegas_img4206,AOI_2_Vegas,AOI_2_Vegas:-11521:3624,test,owlvit,area,fixed,5.0,0.25,1,1,47,4,0.1,owlvit
AOI_2_Vegas_img4206,AOI_2_Vegas,AOI_2_Vegas:-11521:3624,test,owlvit,area,fixed,10.0,0.25,0,0,47,0,0.0,owlvit
AOI_2_Vegas_img4218,AOI_2_Vegas,AOI_2_Vegas:-11520:3612,test,owlvit,area,fixed,0.3,0.25,11,77,26,60,4.25,owlvit
AOI_2_Vegas_img4218,AOI_2_Vegas,AOI_2_Vegas:-11520:3612,test,owlvit,area,fixed,0.45,0.25,9,69,26,54,4.35,owlvit
AOI_2_Vegas_img4218,AOI_2_Vegas,AOI_2_Vegas:-11520:3612,test,owlvit,area,fixed,0.6,0.25,9,64,26,49,3.8,owlvit
AOI_2_Vegas_img4218,AOI_2_Vegas,AOI_2_Vegas:-11520:3612,test,owlvit,area,fixed,0.9,0.25,9,40,26,40,3.25,owlvit
AOI_2_Vegas_img4218,AOI_2_Vegas,AOI_2_Vegas:-11520:3612,test,owlvit,area,fixed,1.2,0.25,5,34,26,37,2.2,owlvit
AOI_2_Vegas_img4218,AOI_2_Vegas,AOI_2_Vegas:-11520:3612,test,owlvit,area,fixed,1.8,0.25,2,9,26,24,0.9,owlvit
AOI_2_Vegas_img4218,AOI_2_Vegas,AOI_2_Vegas:-11520:3612,test,owlvit,area,fixed,2.4,0.25,0,0,26,16,0.0,owlvit
AOI_2_Vegas_img4218,AOI_2_Vegas,AOI_2_Vegas:-11520:3612,test,owlvit,area,fixed,3.6,0.25,0,0,26,5,0.0,owlvit
AOI_2_Vegas_img4218,AOI_2_Vegas,AOI_2_Vegas:-11520:3612,test,owlvit,area,fixed,5.0,0.25,0,0,26,13,0.0,owlvit
AOI_2_Vegas_img4218,AOI_2_Vegas,AOI_2_Vegas:-11520:3612,test,owlvit,area,fixed,10.0,0.25,0,0,26,2,0.0,owlvit
AOI_2_Vegas_img4238,AOI_2_Vegas,AOI_2_Vegas:-11520:3616,test,owlvit,area,fixed,0.3,0.25,43,112,77,31,15.85,owlvit
AOI_2_Vegas_img4238,AOI_2_Vegas,AOI_2_Vegas:-11520:3616,test,owlvit,area,fixed,0.45,0.25,42,111,77,29,17.0,owlvit
AOI_2_Vegas_img4238,AOI_2_Vegas,AOI_2_Vegas:-11520:3616,test,owlvit,area,fixed,0.6,0.25,41,103,77,33,14.7,owlvit
AOI_2_Vegas_img4238,AOI_2_Vegas,AOI_2_Vegas:-11520:3616,test,owlvit,area,fixed,0.9,0.25,41,85,77,34,12.55,owlvit
AOI_2_Vegas_img4238,AOI_2_Vegas,AOI_2_Vegas:-11520:3616,test,owlvit,area,fixed,1.2,0.25,40,84,77,29,13.6,owlvit
AOI_2_Vegas_img4238,AOI_2_Vegas,AOI_2_Vegas:-11520:3616,test,owlvit,area,fixed,1.8,0.25,33,46,77,24,8.1,owlvit
AOI_2_Vegas_img4238,AOI_2_Vegas,AOI_2_Vegas:-11520:3616,test,owlvit,area,fixed,2.4,0.25,4,4,77,10,0.8,owlvit
AOI_2_Vegas_img4238,AOI_2_Vegas,AOI_2_Vegas:-11520:3616,test,owlvit,area,fixed,3.6,0.25,0,0,77,7,0.0,owlvit
AOI_2_Vegas_img4238,AOI_2_Vegas,AOI_2_Vegas:-11520:3616,test,owlvit,area,fixed,5.0,0.25,0,0,77,6,0.0,owlvit
AOI_2_Vegas_img4238,AOI_2_Vegas,AOI_2_Vegas:-11520:3616,test,owlvit,area,fixed,10.0,0.25,0,0,77,0,0.0,owlvit
AOI_2_Vegas_img4249,AOI_2_Vegas,AOI_2_Vegas:-11520:3618,test,owlvit,area,fixed,0.3,0.25,0,25,1,19,0.0,owlvit
AOI_2_Vegas_img4249,AOI_2_Vegas,AOI_2_Vegas:-11520:3618,test,owlvit,area,fixed,0.45,0.25,0,18,1,18,0.0,owlvit
AOI_2_Vegas_img4249,AOI_2_Vegas,AOI_2_Vegas:-11520:3618,test,owlvit,area,fixed,0.6,0.25,0,16,1,18,0.0,owlvit
AOI_2_Vegas_img4249,AOI_2_Vegas,AOI_2_Vegas:-11520:3618,test,owlvit,area,fixed,0.9,0.25,0,8,1,20,0.05,owlvit
AOI_2_Vegas_img4249,AOI_2_Vegas,AOI_2_Vegas:-11520:3618,test,owlvit,area,fixed,1.2,0.25,0,8,1,22,0.0,owlvit
AOI_2_Vegas_img4249,AOI_2_Vegas,AOI_2_Vegas:-11520:3618,test,owlvit,area,fixed,1.8,0.25,0,7,1,20,0.0,owlvit
AOI_2_Vegas_img4249,AOI_2_Vegas,AOI_2_Vegas:-11520:3618,test,owlvit,area,fixed,2.4,0.25,0,5,1,19,0.0,owlvit
AOI_2_Vegas_img4249,AOI_2_Vegas,AOI_2_Vegas:-11520:3618,test,owlvit,area,fixed,3.6,0.25,0,0,1,9,0.0,owlvit
AOI_2_Vegas_img4249,AOI_2_Vegas,AOI_2_Vegas:-11520:3618,test,owlvit,area,fixed,5.0,0.25,0,0,1,1,0.0,owlvit
AOI_2_Vegas_img4249,AOI_2_Vegas,AOI_2_Vegas:-11520:3618,test,owlvit,area,fixed,10.0,0.25,0,0,1,0,0.0,owlvit
AOI_2_Vegas_img4264,AOI_2_Vegas,AOI_2_Vegas:-11520:3620,test,owlvit,area,fixed,0.3,0.25,4,26,7,23,0.4,owlvit
AOI_2_Vegas_img4264,AOI_2_Vegas,AOI_2_Vegas:-11520:3620,test,owlvit,area,fixed,0.45,0.25,3,18,7,25,0.35,owlvit
AOI_2_Vegas_img4264,AOI_2_Vegas,AOI_2_Vegas:-11520:3620,test,owlvit,area,fixed,0.6,0.25,3,17,7,22,0.2,owlvit
AOI_2_Vegas_img4264,AOI_2_Vegas,AOI_2_Vegas:-11520:3620,test,owlvit,area,fixed,0.9,0.25,3,17,7,22,0.25,owlvit
AOI_2_Vegas_img4264,AOI_2_Vegas,AOI_2_Vegas:-11520:3620,test,owlvit,area,fixed,1.2,0.25,1,13,7,19,0.15,owlvit
AOI_2_Vegas_img4264,AOI_2_Vegas,AOI_2_Vegas:-11520:3620,test,owlvit,area,fixed,1.8,0.25,1,13,7,22,0.3,owlvit
AOI_2_Vegas_img4264,AOI_2_Vegas,AOI_2_Vegas:-11520:3620,test,owlvit,area,fixed,2.4,0.25,1,16,7,27,0.15,owlvit
AOI_2_Vegas_img4264,AOI_2_Vegas,AOI_2_Vegas:-11520:3620,test,owlvit,area,fixed,3.6,0.25,0,1,7,7,0.05,owlvit
AOI_2_Vegas_img4264,AOI_2_Vegas,AOI_2_Vegas:-11520:3620,test,owlvit,area,fixed,5.0,0.25,0,0,7,0,0.0,owlvit
AOI_2_Vegas_img4264,AOI_2_Vegas,AOI_2_Vegas:-11520:3620,test,owlvit,area,fixed,10.0,0.25,0,0,7,0,0.0,owlvit
AOI_2_Vegas_img4266,AOI_2_Vegas,AOI_2_Vegas:-11520:3621,test,owlvit,area,fixed,0.3,0.25,0,2,0,15,0.0,owlvit
AOI_2_Vegas_img4266,AOI_2_Vegas,AOI_2_Vegas:-11520:3621,test,owlvit,area,fixed,0.45,0.25,0,3,0,16,0.0,owlvit
AOI_2_Vegas_img4266,AOI_2_Vegas,AOI_2_Vegas:-11520:3621,test,owlvit,area,fixed,0.6,0.25,0,2,0,18,0.0,owlvit
AOI_2_Vegas_img4266,AOI_2_Vegas,AOI_2_Vegas:-11520:3621,test,owlvit,area,fixed,0.9,0.25,0,1,0,9,0.0,owlvit
AOI_2_Vegas_img4266,AOI_2_Vegas,AOI_2_Vegas:-11520:3621,test,owlvit,area,fixed,1.2,0.25,0,0,0,6,0.0,owlvit
AOI_2_Vegas_img4266,AOI_2_Vegas,AOI_2_Vegas:-11520:3621,test,owlvit,area,fixed,1.8,0.25,0,0,0,1,0.0,owlvit
AOI_2_Vegas_img4266,AOI_2_Vegas,AOI_2_Vegas:-11520:3621,test,owlvit,area,fixed,2.4,0.25,0,0,0,2,0.0,owlvit
AOI_2_Vegas_img4266,AOI_2_Vegas,AOI_2_Vegas:-11520:3621,test,owlvit,area,fixed,3.6,0.25,0,2,0,9,0.0,owlvit
AOI_2_Vegas_img4266,AOI_2_Vegas,AOI_2_Vegas:-11520:3621,test,owlvit,area,fixed,5.0,0.25,0,2,0,25,0.0,owlvit
AOI_2_Vegas_img4266,AOI_2_Vegas,AOI_2_Vegas:-11520:3621,test,owlvit,area,fixed,10.0,0.25,0,0,0,2,0.0,owlvit
AOI_2_Vegas_img4279,AOI_2_Vegas,AOI_2_Vegas:-11520:3623,test,owlvit,area,fixed,0.3,0.25,36,104,58,35,13.95,owlvit
AOI_2_Vegas_img4279,AOI_2_Vegas,AOI_2_Vegas:-11520:3623,test,owlvit,area,fixed,0.45,0.25,35,99,58,31,12.15,owlvit
AOI_2_Vegas_img4279,AOI_2_Vegas,AOI_2_Vegas:-11520:3623,test,owlvit,area,fixed,0.6,0.25,34,97,58,29,12.9,owlvit
AOI_2_Vegas_img4279,AOI_2_Vegas,AOI_2_Vegas:-11520:3623,test,owlvit,area,fixed,0.9,0.25,34,86,58,32,12.2,owlvit
AOI_2_Vegas_img4279,AOI_2_Vegas,AOI_2_Vegas:-11520:3623,test,owlvit,area,fixed,1.2,0.25,27,60,58,31,10.05,owlvit
AOI_2_Vegas_img4279,AOI_2_Vegas,AOI_2_Vegas:-11520:3623,test,owlvit,area,fixed,1.8,0.25,9,12,58,13,2.95,owlvit
AOI_2_Vegas_img4279,AOI_2_Vegas,AOI_2_Vegas:-11520:3623,test,owlvit,area,fixed,2.4,0.25,0,0,58,7,0.0,owlvit
AOI_2_Vegas_img4279,AOI_2_Vegas,AOI_2_Vegas:-11520:3623,test,owlvit,area,fixed,3.6,0.25,0,0,58,6,0.0,owlvit
AOI_2_Vegas_img4279,AOI_2_Vegas,AOI_2_Vegas:-11520:3623,test,owlvit,area,fixed,5.0,0.25,0,0,58,8,0.0,owlvit
AOI_2_Vegas_img4279,AOI_2_Vegas,AOI_2_Vegas:-11520:3623,test,owlvit,area,fixed,10.0,0.25,0,0,58,0,0.0,owlvit
AOI_2_Vegas_img4287,AOI_2_Vegas,AOI_2_Vegas:-11520:3625,test,owlvit,area,fixed,0.3,0.25,38,88,56,32,15.9,owlvit
AOI_2_Vegas_img4287,AOI_2_Vegas,AOI_2_Vegas:-11520:3625,test,owlvit,area,fixed,0.45,0.25,36,89,56,32,16.1,owlvit
AOI_2_Vegas_img4287,AOI_2_Vegas,AOI_2_Vegas:-11520:3625,test,owlvit,area,fixed,0.6,0.25,37,84,56,33,16.9,owlvit
AOI_2_Vegas_img4287,AOI_2_Vegas,AOI_2_Vegas:-11520:3625,test,owlvit,area,fixed,0.9,0.25,33,70,56,23,14.25,owlvit
AOI_2_Vegas_img4287,AOI_2_Vegas,AOI_2_Vegas:-11520:3625,test,owlvit,area,fixed,1.2,0.25,27,56,56,20,12.8,owlvit
AOI_2_Vegas_img4287,AOI_2_Vegas,AOI_2_Vegas:-11520:3625,test,owlvit,area,fixed,1.8,0.25,15,35,56,18,7.8,owlvit
AOI_2_Vegas_img4287,AOI_2_Vegas,AOI_2_Vegas:-11520:3625,test,owlvit,area,fixed,2.4,0.25,7,9,56,12,2.45,owlvit
AOI_2_Vegas_img4287,AOI_2_Vegas,AOI_2_Vegas:-11520:3625,test,owlvit,area,fixed,3.6,0.25,1,1,56,5,0.35,owlvit
AOI_2_Vegas_img4287,AOI_2_Vegas,AOI_2_Vegas:-11520:3625,test,owlvit,area,fixed,5.0,0.25,0,0,56,5,0.0,owlvit
AOI_2_Vegas_img4287,AOI_2_Vegas,AOI_2_Vegas:-11520:3625,test,owlvit,area,fixed,10.0,0.25,0,0,56,0,0.0,owlvit
AOI_2_Vegas_img4316,AOI_2_Vegas,AOI_2_Vegas:-11520:3616,test,owlvit,area,fixed,0.3,0.25,33,94,57,24,13.25,owlvit
AOI_2_Vegas_img4316,AOI_2_Vegas,AOI_2_Vegas:-11520:3616,test,owlvit,area,fixed,0.45,0.25,32,90,57,25,10.7,owlvit
AOI_2_Vegas_img4316,AOI_2_Vegas,AOI_2_Vegas:-11520:3616,test,owlvit,area,fixed,0.6,0.25,32,91,57,26,11.05,owlvit
AOI_2_Vegas_img4316,AOI_2_Vegas,AOI_2_Vegas:-11520:3616,test,owlvit,area,fixed,0.9,0.25,31,76,57,25,11.25,owlvit
AOI_2_Vegas_img4316,AOI_2_Vegas,AOI_2_Vegas:-11520:3616,test,owlvit,area,fixed,1.2,0.25,26,56,57,29,9.0,owlvit
AOI_2_Vegas_img4316,AOI_2_Vegas,AOI_2_Vegas:-11520:3616,test,owlvit,area,fixed,1.8,0.25,19,27,57,17,4.95,owlvit
AOI_2_Vegas_img4316,AOI_2_Vegas,AOI_2_Vegas:-11520:3616,test,owlvit,area,fixed,2.4,0.25,3,8,57,11,1.45,owlvit
AOI_2_Vegas_img4316,AOI_2_Vegas,AOI_2_Vegas:-11520:3616,test,owlvit,area,fixed,3.6,0.25,0,0,57,3,0.0,owlvit
AOI_2_Vegas_img4316,AOI_2_Vegas,AOI_2_Vegas:-11520:3616,test,owlvit,area,fixed,5.0,0.25,0,0,57,5,0.0,owlvit
AOI_2_Vegas_img4316,AOI_2_Vegas,AOI_2_Vegas:-11520:3616,test,owlvit,area,fixed,10.0,0.25,0,0,57,0,0.0,owlvit
AOI_2_Vegas_img4325,AOI_2_Vegas,AOI_2_Vegas:-11520:3617,test,owlvit,area,fixed,0.3,0.25,29,64,57,28,12.75,owlvit
AOI_2_Vegas_img4325,AOI_2_Vegas,AOI_2_Vegas:-11520:3617,test,owlvit,area,fixed,0.45,0.25,28,61,57,26,13.3,owlvit
AOI_2_Vegas_img4325,AOI_2_Vegas,AOI_2_Vegas:-11520:3617,test,owlvit,area,fixed,0.6,0.25,28,67,57,25,14.75,owlvit
AOI_2_Vegas_img4325,AOI_2_Vegas,AOI_2_Vegas:-11520:3617,test,owlvit,area,fixed,0.9,0.25,26,57,57,22,13.6,owlvit
AOI_2_Vegas_img4325,AOI_2_Vegas,AOI_2_Vegas:-11520:3617,test,owlvit,area,fixed,1.2,0.25,22,44,57,23,10.55,owlvit
AOI_2_Vegas_img4325,AOI_2_Vegas,AOI_2_Vegas:-11520:3617,test,owlvit,area,fixed,1.8,0.25,20,38,57,30,9.65,owlvit
AOI_2_Vegas_img4325,AOI_2_Vegas,AOI_2_Vegas:-11520:3617,test,owlvit,area,fixed,2.4,0.25,3,5,57,22,1.9,owlvit
AOI_2_Vegas_img4325,AOI_2_Vegas,AOI_2_Vegas:-11520:3617,test,owlvit,area,fixed,3.6,0.25,0,0,57,6,0.0,owlvit
AOI_2_Vegas_img4325,AOI_2_Vegas,AOI_2_Vegas:-11520:3617,test,owlvit,area,fixed,5.0,0.25,0,0,57,2,0.0,owlvit
AOI_2_Vegas_img4325,AOI_2_Vegas,AOI_2_Vegas:-11520:3617,test,owlvit,area,fixed,10.0,0.25,0,0,57,0,0.0,owlvit
AOI_2_Vegas_img4329,AOI_2_Vegas,AOI_2_Vegas:-11520:3618,test,owlvit,area,fixed,0.3,0.25,0,0,0,0,0.0,owlvit
AOI_2_Vegas_img4329,AOI_2_Vegas,AOI_2_Vegas:-11520:3618,test,owlvit,area,fixed,0.45,0.25,0,0,0,0,0.0,owlvit
AOI_2_Vegas_img4329,AOI_2_Vegas,AOI_2_Vegas:-11520:3618,test,owlvit,area,fixed,0.6,0.25,0,0,0,0,0.0,owlvit
AOI_2_Vegas_img4329,AOI_2_Vegas,AOI_2_Vegas:-11520:3618,test,owlvit,area,fixed,0.9,0.25,0,0,0,0,0.0,owlvit
AOI_2_Vegas_img4329,AOI_2_Vegas,AOI_2_Vegas:-11520:3618,test,owlvit,area,fixed,1.2,0.25,0,0,0,0,0.0,owlvit
AOI_2_Vegas_img4329,AOI_2_Vegas,AOI_2_Vegas:-11520:3618,test,owlvit,area,fixed,1.8,0.25,0,0,0,0,0.0,owlvit
AOI_2_Vegas_img4329,AOI_2_Vegas,AOI_2_Vegas:-11520:3618,test,owlvit,area,fixed,2.4,0.25,0,0,0,0,0.0,owlvit
AOI_2_Vegas_img4329,AOI_2_Vegas,AOI_2_Vegas:-11520:3618,test,owlvit,area,fixed,3.6,0.25,0,0,0,0,0.0,owlvit
AOI_2_Vegas_img4329,AOI_2_Vegas,AOI_2_Vegas:-11520:3618,test,owlvit,area,fixed,5.0,0.25,0,0,0,0,0.0,owlvit
AOI_2_Vegas_img4329,AOI_2_Vegas,AOI_2_Vegas:-11520:3618,test,owlvit,area,fixed,10.0,0.25,0,0,0,0,0.0,owlvit
AOI_2_Vegas_img4331,AOI_2_Vegas,AOI_2_Vegas:-11520:3618,test,owlvit,area,fixed,0.3,0.25,9,27,23,36,3.4,owlvit
AOI_2_Vegas_img4331,AOI_2_Vegas,AOI_2_Vegas:-11520:3618,test,owlvit,area,fixed,0.45,0.25,11,30,23,30,3.25,owlvit
AOI_2_Vegas_img4331,AOI_2_Vegas,AOI_2_Vegas:-11520:3618,test,owlvit,area,fixed,0.6,0.25,10,27,23,38,3.6,owlvit
AOI_2_Vegas_img4331,AOI_2_Vegas,AOI_2_Vegas:-11520:3618,test,owlvit,area,fixed,0.9,0.25,6,21,23,41,3.05,owlvit
AOI_2_Vegas_img4331,AOI_2_Vegas,AOI_2_Vegas:-11520:3618,test,owlvit,area,fixed,1.2,0.25,6,19,23,39,2.5,owlvit
AOI_2_Vegas_img4331,AOI_2_Vegas,AOI_2_Vegas:-11520:3618,test,owlvit,area,fixed,1.8,0.25,5,12,23,31,2.2,owlvit
AOI_2_Vegas_img4331,AOI_2_Vegas,AOI_2_Vegas:-11520:3618,test,owlvit,area,fixed,2.4,0.25,3,4,23,13,0.75,owlvit
AOI_2_Vegas_img4331,AOI_2_Vegas,AOI_2_Vegas:-11520:3618,test,owlvit,area,fixed,3.6,0.25,0,0,23,5,0.0,owlvit
AOI_2_Vegas_img4331,AOI_2_Vegas,AOI_2_Vegas:-11520:3618,test,owlvit,area,fixed,5.0,0.25,1,1,23,6,0.2,owlvit
AOI_2_Vegas_img4331,AOI_2_Vegas,AOI_2_Vegas:-11520:3618,test,owlvit,area,fixed,10.0,0.25,0,0,23,0,0.0,owlvit
AOI_2_Vegas_img4337,AOI_2_Vegas,AOI_2_Vegas:-11520:3619,test,owlvit,area,fixed,0.3,0.25,15,69,25,61,4.75,owlvit
AOI_2_Vegas_img4337,AOI_2_Vegas,AOI_2_Vegas:-11520:3619,test,owlvit,area,fixed,0.45,0.25,15,72,25,56,4.65,owlvit
AOI_2_Vegas_img4337,AOI_2_Vegas,AOI_2_Vegas:-11520:3619,test,owlvit,area,fixed,0.6,0.25,15,73,25,59,4.75,owlvit
AOI_2_Vegas_img4337,AOI_2_Vegas,AOI_2_Vegas:-11520:3619,test,owlvit,area,fixed,0.9,0.25,15,70,25,54,5.1,owlvit
AOI_2_Vegas_img4337,AOI_2_Vegas,AOI_2_Vegas:-11520:3619,test,owlvit,area,fixed,1.2,0.25,16,67,25,51,5.4,owlvit
AOI_2_Vegas_img4337,AOI_2_Vegas,AOI_2_Vegas:-11520:3619,test,owlvit,area,fixed,1.8,0.25,14,47,25,57,4.0,owlvit
AOI_2_Vegas_img4337,AOI_2_Vegas,AOI_2_Vegas:-11520:3619,test,owlvit,area,fixed,2.4,0.25,13,29,25,57,2.8,owlvit
AOI_2_Vegas_img4337,AOI_2_Vegas,AOI_2_Vegas:-11520:3619,test,owlvit,area,fixed,3.6,0.25,6,9,25,21,1.35,owlvit
AOI_2_Vegas_img4337,AOI_2_Vegas,AOI_2_Vegas:-11520:3619,test,owlvit,area,fixed,5.0,0.25,1,1,25,2,0.2,owlvit
AOI_2_Vegas_img4337,AOI_2_Vegas,AOI_2_Vegas:-11520:3619,test,owlvit,area,fixed,10.0,0.25,0,0,25,0,0.0,owlvit
AOI_2_Vegas_img4353,AOI_2_Vegas,AOI_2_Vegas:-11520:3622,test,owlvit,area,fixed,0.3,0.25,16,37,23,25,3.7,owlvit
AOI_2_Vegas_img4353,AOI_2_Vegas,AOI_2_Vegas:-11520:3622,test,owlvit,area,fixed,0.45,0.25,14,40,23,28,4.2,owlvit
AOI_2_Vegas_img4353,AOI_2_Vegas,AOI_2_Vegas:-11520:3622,test,owlvit,area,fixed,0.6,0.25,15,34,23,29,4.25,owlvit
AOI_2_Vegas_img4353,AOI_2_Vegas,AOI_2_Vegas:-11520:3622,test,owlvit,area,fixed,0.9,0.25,13,34,23,33,2.9,owlvit
AOI_2_Vegas_img4353,AOI_2_Vegas,AOI_2_Vegas:-11520:3622,test,owlvit,area,fixed,1.2,0.25,11,26,23,27,2.6,owlvit
AOI_2_Vegas_img4353,AOI_2_Vegas,AOI_2_Vegas:-11520:3622,test,owlvit,area,fixed,1.8,0.25,8,11,23,20,1.45,owlvit
AOI_2_Vegas_img4353,AOI_2_Vegas,AOI_2_Vegas:-11520:3622,test,owlvit,area,fixed,2.4,0.25,5,8,23,16,1.1,owlvit
AOI_2_Vegas_img4353,AOI_2_Vegas,AOI_2_Vegas:-11520:3622,test,owlvit,area,fixed,3.6,0.25,1,3,23,7,0.2,owlvit
AOI_2_Vegas_img4353,AOI_2_Vegas,AOI_2_Vegas:-11520:3622,test,owlvit,area,fixed,5.0,0.25,0,0,23,11,0.0,owlvit
AOI_2_Vegas_img4353,AOI_2_Vegas,AOI_2_Vegas:-11520:3622,test,owlvit,area,fixed,10.0,0.25,0,0,23,6,0.0,owlvit
AOI_2_Vegas_img4369,AOI_2_Vegas,AOI_2_Vegas:-11520:3625,test,owlvit,area,fixed,0.3,0.25,25,42,45,23,6.35,owlvit
AOI_2_Vegas_img4369,AOI_2_Vegas,AOI_2_Vegas:-11520:3625,test,owlvit,area,fixed,0.45,0.25,27,47,45,24,7.0,owlvit
AOI_2_Vegas_img4369,AOI_2_Vegas,AOI_2_Vegas:-11520:3625,test,owlvit,area,fixed,0.6,0.25,28,50,45,26,8.75,owlvit
AOI_2_Vegas_img4369,AOI_2_Vegas,AOI_2_Vegas:-11520:3625,test,owlvit,area,fixed,0.9,0.25,28,53,45,24,9.05,owlvit
AOI_2_Vegas_img4369,AOI_2_Vegas,AOI_2_Vegas:-11520:3625,test,owlvit,area,fixed,1.2,0.25,23,37,45,26,6.35,owlvit
AOI_2_Vegas_img4369,AOI_2_Vegas,AOI_2_Vegas:-11520:3625,test,owlvit,area,fixed,1.8,0.25,18,22,45,13,3.75,owlvit
AOI_2_Vegas_img4369,AOI_2_Vegas,AOI_2_Vegas:-11520:3625,test,owlvit,area,fixed,2.4,0.25,1,1,45,2,0.25,owlvit
AOI_2_Vegas_img4369,AOI_2_Vegas,AOI_2_Vegas:-11520:3625,test,owlvit,area,fixed,3.6,0.25,0,0,45,2,0.0,owlvit
AOI_2_Vegas_img4369,AOI_2_Vegas,AOI_2_Vegas:-11520:3625,test,owlvit,area,fixed,5.0,0.25,0,0,45,1,0.0,owlvit
AOI_2_Vegas_img4369,AOI_2_Vegas,AOI_2_Vegas:-11520:3625,test,owlvit,area,fixed,10.0,0.25,0,0,45,0,0.0,owlvit
AOI_2_Vegas_img4402,AOI_2_Vegas,AOI_2_Vegas:-11520:3617,test,owlvit,area,fixed,0.3,0.25,0,1,0,11,0.0,owlvit
AOI_2_Vegas_img4402,AOI_2_Vegas,AOI_2_Vegas:-11520:3617,test,owlvit,area,fixed,0.45,0.25,0,0,0,8,0.0,owlvit
AOI_2_Vegas_img4402,AOI_2_Vegas,AOI_2_Vegas:-11520:3617,test,owlvit,area,fixed,0.6,0.25,0,1,0,11,0.0,owlvit
AOI_2_Vegas_img4402,AOI_2_Vegas,AOI_2_Vegas:-11520:3617,test,owlvit,area,fixed,0.9,0.25,0,0,0,7,0.0,owlvit
AOI_2_Vegas_img4402,AOI_2_Vegas,AOI_2_Vegas:-11520:3617,test,owlvit,area,fixed,1.2,0.25,0,1,0,11,0.0,owlvit
AOI_2_Vegas_img4402,AOI_2_Vegas,AOI_2_Vegas:-11520:3617,test,owlvit,area,fixed,1.8,0.25,0,0,0,14,0.0,owlvit
AOI_2_Vegas_img4402,AOI_2_Vegas,AOI_2_Vegas:-11520:3617,test,owlvit,area,fixed,2.4,0.25,0,0,0,6,0.0,owlvit
AOI_2_Vegas_img4402,AOI_2_Vegas,AOI_2_Vegas:-11520:3617,test,owlvit,area,fixed,3.6,0.25,0,0,0,3,0.0,owlvit
AOI_2_Vegas_img4402,AOI_2_Vegas,AOI_2_Vegas:-11520:3617,test,owlvit,area,fixed,5.0,0.25,0,0,0,3,0.0,owlvit
AOI_2_Vegas_img4402,AOI_2_Vegas,AOI_2_Vegas:-11520:3617,test,owlvit,area,fixed,10.0,0.25,0,0,0,0,0.0,owlvit
AOI_2_Vegas_img4447,AOI_2_Vegas,AOI_2_Vegas:-11520:3625,test,owlvit,area,fixed,0.3,0.25,6,21,15,42,1.2,owlvit
AOI_2_Vegas_img4447,AOI_2_Vegas,AOI_2_Vegas:-11520:3625,test,owlvit,area,fixed,0.45,0.25,5,17,15,42,1.05,owlvit
AOI_2_Vegas_img4447,AOI_2_Vegas,AOI_2_Vegas:-11520:3625,test,owlvit,area,fixed,0.6,0.25,6,19,15,43,1.55,owlvit
AOI_2_Vegas_img4447,AOI_2_Vegas,AOI_2_Vegas:-11520:3625,test,owlvit,area,fixed,0.9,0.25,6,12,15,38,0.5,owlvit
AOI_2_Vegas_img4447,AOI_2_Vegas,AOI_2_Vegas:-11520:3625,test,owlvit,area,fixed,1.2,0.25,4,10,15,39,0.75,owlvit
AOI_2_Vegas_img4447,AOI_2_Vegas,AOI_2_Vegas:-11520:3625,test,owlvit,area,fixed,1.8,0.25,2,3,15,39,0.1,owlvit
AOI_2_Vegas_img4447,AOI_2_Vegas,AOI_2_Vegas:-11520:3625,test,owlvit,area,fixed,2.4,0.25,0,0,15,19,0.0,owlvit
AOI_2_Vegas_img4447,AOI_2_Vegas,AOI_2_Vegas:-11520:3625,test,owlvit,area,fixed,3.6,0.25,0,0,15,3,0.0,owlvit
AOI_2_Vegas_img4447,AOI_2_Vegas,AOI_2_Vegas:-11520:3625,test,owlvit,area,fixed,5.0,0.25,0,0,15,1,0.0,owlvit
AOI_2_Vegas_img4447,AOI_2_Vegas,AOI_2_Vegas:-11520:3625,test,owlvit,area,fixed,10.0,0.25,0,0,15,1,0.0,owlvit
AOI_2_Vegas_img4468,AOI_2_Vegas,AOI_2_Vegas:-11520:3615,test,owlvit,area,fixed,0.3,0.25,21,62,28,29,7.1,owlvit
AOI_2_Vegas_img4468,AOI_2_Vegas,AOI_2_Vegas:-11520:3615,test,owlvit,area,fixed,0.45,0.25,20,63,28,35,7.5,owlvit
AOI_2_Vegas_img4468,AOI_2_Vegas,AOI_2_Vegas:-11520:3615,test,owlvit,area,fixed,0.6,0.25,21,64,28,34,8.3,owlvit
AOI_2_Vegas_img4468,AOI_2_Vegas,AOI_2_Vegas:-11520:3615,test,owlvit,area,fixed,0.9,0.25,21,55,28,27,6.8,owlvit
AOI_2_Vegas_img4468,AOI_2_Vegas,AOI_2_Vegas:-11520:3615,test,owlvit,area,fixed,1.2,0.25,19,47,28,24,7.3,owlvit
AOI_2_Vegas_img4468,AOI_2_Vegas,AOI_2_Vegas:-11520:3615,test,owlvit,area,fixed,1.8,0.25,12,21,28,21,3.7,owlvit
AOI_2_Vegas_img4468,AOI_2_Vegas,AOI_2_Vegas:-11520:3615,test,owlvit,area,fixed,2.4,0.25,6,7,28,13,1.4,owlvit
AOI_2_Vegas_img4468,AOI_2_Vegas,AOI_2_Vegas:-11520:3615,test,owlvit,area,fixed,3.6,0.25,0,0,28,8,0.0,owlvit
AOI_2_Vegas_img4468,AOI_2_Vegas,AOI_2_Vegas:-11520:3615,test,owlvit,area,fixed,5.0,0.25,0,0,28,8,0.0,owlvit
AOI_2_Vegas_img4468,AOI_2_Vegas,AOI_2_Vegas:-11520:3615,test,owlvit,area,fixed,10.0,0.25,0,0,28,0,0.0,owlvit
AOI_2_Vegas_img4470,AOI_2_Vegas,AOI_2_Vegas:-11520:3615,test,owlvit,area,fixed,0.3,0.25,8,43,20,57,2.05,owlvit
AOI_2_Vegas_img4470,AOI_2_Vegas,AOI_2_Vegas:-11520:3615,test,owlvit,area,fixed,0.45,0.25,9,43,20,55,2.2,owlvit
AOI_2_Vegas_img4470,AOI_2_Vegas,AOI_2_Vegas:-11520:3615,test,owlvit,area,fixed,0.6,0.25,8,47,20,52,2.75,owlvit
AOI_2_Vegas_img4470,AOI_2_Vegas,AOI_2_Vegas:-11520:3615,test,owlvit,area,fixed,0.9,0.25,8,38,20,57,2.05,owlvit
AOI_2_Vegas_img4470,AOI_2_Vegas,AOI_2_Vegas:-11520:3615,test,owlvit,area,fixed,1.2,0.25,8,30,20,52,2.15,owlvit
AOI_2_Vegas_img4470,AOI_2_Vegas,AOI_2_Vegas:-11520:3615,test,owlvit,area,fixed,1.8,0.25,6,14,20,44,1.05,owlvit
AOI_2_Vegas_img4470,AOI_2_Vegas,AOI_2_Vegas:-11520:3615,test,owlvit,area,fixed,2.4,0.25,0,1,20,29,0.15,owlvit
AOI_2_Vegas_img4470,AOI_2_Vegas,AOI_2_Vegas:-11520:3615,test,owlvit,area,fixed,3.6,0.25,0,0,20,5,0.0,owlvit
AOI_2_Vegas_img4470,AOI_2_Vegas,AOI_2_Vegas:-11520:3615,test,owlvit,area,fixed,5.0,0.25,0,0,20,7,0.0,owlvit
AOI_2_Vegas_img4470,AOI_2_Vegas,AOI_2_Vegas:-11520:3615,test,owlvit,area,fixed,10.0,0.25,0,0,20,0,0.0,owlvit
AOI_2_Vegas_img4479,AOI_2_Vegas,AOI_2_Vegas:-11520:3617,test,owlvit,area,fixed,0.3,0.25,1,36,3,30,0.4,owlvit
AOI_2_Vegas_img4479,AOI_2_Vegas,AOI_2_Vegas:-11520:3617,test,owlvit,area,fixed,0.45,0.25,1,28,3,28,0.6,owlvit
AOI_2_Vegas_img4479,AOI_2_Vegas,AOI_2_Vegas:-11520:3617,test,owlvit,area,fixed,0.6,0.25,1,25,3,31,0.25,owlvit
AOI_2_Vegas_img4479,AOI_2_Vegas,AOI_2_Vegas:-11520:3617,test,owlvit,area,fixed,0.9,0.25,1,21,3,31,0.2,owlvit
AOI_2_Vegas_img4479,AOI_2_Vegas,AOI_2_Vegas:-11520:3617,test,owlvit,area,fixed,1.2,0.25,2,20,3,30,0.4,owlvit
AOI_2_Vegas_img4479,AOI_2_Vegas,AOI_2_Vegas:-11520:3617,test,owlvit,area,fixed,1.8,0.25,0,11,3,34,0.2,owlvit
AOI_2_Vegas_img4479,AOI_2_Vegas,AOI_2_Vegas:-11520:3617,test,owlvit,area,fixed,2.4,0.25,0,3,3,18,0.0,owlvit
AOI_2_Vegas_img4479,AOI_2_Vegas,AOI_2_Vegas:-11520:3617,test,owlvit,area,fixed,3.6,0.25,0,0,3,4,0.0,owlvit
AOI_2_Vegas_img4479,AOI_2_Vegas,AOI_2_Vegas:-11520:3617,test,owlvit,area,fixed,5.0,0.25,0,0,3,1,0.0,owlvit
AOI_2_Vegas_img4479,AOI_2_Vegas,AOI_2_Vegas:-11520:3617,test,owlvit,area,fixed,10.0,0.25,0,0,3,0,0.0,owlvit
AOI_2_Vegas_img4488,AOI_2_Vegas,AOI_2_Vegas:-11520:3618,test,owlvit,area,fixed,0.3,0.25,0,0,0,0,0.0,owlvit
AOI_2_Vegas_img4488,AOI_2_Vegas,AOI_2_Vegas:-11520:3618,test,owlvit,area,fixed,0.45,0.25,0,0,0,0,0.0,owlvit
AOI_2_Vegas_img4488,AOI_2_Vegas,AOI_2_Vegas:-11520:3618,test,owlvit,area,fixed,0.6,0.25,0,0,0,0,0.0,owlvit
AOI_2_Vegas_img4488,AOI_2_Vegas,AOI_2_Vegas:-11520:3618,test,owlvit,area,fixed,0.9,0.25,0,0,0,0,0.0,owlvit
AOI_2_Vegas_img4488,AOI_2_Vegas,AOI_2_Vegas:-11520:3618,test,owlvit,area,fixed,1.2,0.25,0,0,0,0,0.0,owlvit
AOI_2_Vegas_img4488,AOI_2_Vegas,AOI_2_Vegas:-11520:3618,test,owlvit,area,fixed,1.8,0.25,0,0,0,0,0.0,owlvit
AOI_2_Vegas_img4488,AOI_2_Vegas,AOI_2_Vegas:-11520:3618,test,owlvit,area,fixed,2.4,0.25,0,0,0,0,0.0,owlvit
AOI_2_Vegas_img4488,AOI_2_Vegas,AOI_2_Vegas:-11520:3618,test,owlvit,area,fixed,3.6,0.25,0,0,0,0,0.0,owlvit
AOI_2_Vegas_img4488,AOI_2_Vegas,AOI_2_Vegas:-11520:3618,test,owlvit,area,fixed,5.0,0.25,0,0,0,0,0.0,owlvit
AOI_2_Vegas_img4488,AOI_2_Vegas,AOI_2_Vegas:-11520:3618,test,owlvit,area,fixed,10.0,0.25,0,0,0,0,0.0,owlvit
AOI_2_Vegas_img4518,AOI_2_Vegas,AOI_2_Vegas:-11520:3623,test,owlvit,area,fixed,0.3,0.25,3,9,12,32,0.55,owlvit
AOI_2_Vegas_img4518,AOI_2_Vegas,AOI_2_Vegas:-11520:3623,test,owlvit,area,fixed,0.45,0.25,5,11,12,28,0.7,owlvit
AOI_2_Vegas_img4518,AOI_2_Vegas,AOI_2_Vegas:-11520:3623,test,owlvit,area,fixed,0.6,0.25,4,9,12,23,0.35,owlvit
AOI_2_Vegas_img4518,AOI_2_Vegas,AOI_2_Vegas:-11520:3623,test,owlvit,area,fixed,0.9,0.25,5,9,12,21,0.75,owlvit
AOI_2_Vegas_img4518,AOI_2_Vegas,AOI_2_Vegas:-11520:3623,test,owlvit,area,fixed,1.2,0.25,6,10,12,13,0.75,owlvit
AOI_2_Vegas_img4518,AOI_2_Vegas,AOI_2_Vegas:-11520:3623,test,owlvit,area,fixed,1.8,0.25,6,7,12,15,0.5,owlvit
AOI_2_Vegas_img4518,AOI_2_Vegas,AOI_2_Vegas:-11520:3623,test,owlvit,area,fixed,2.4,0.25,6,7,12,18,0.75,owlvit
AOI_2_Vegas_img4518,AOI_2_Vegas,AOI_2_Vegas:-11520:3623,test,owlvit,area,fixed,3.6,0.25,3,3,12,15,0.1,owlvit
AOI_2_Vegas_img4518,AOI_2_Vegas,AOI_2_Vegas:-11520:3623,test,owlvit,area,fixed,5.0,0.25,0,0,12,8,0.0,owlvit
AOI_2_Vegas_img4518,AOI_2_Vegas,AOI_2_Vegas:-11520:3623,test,owlvit,area,fixed,10.0,0.25,0,0,12,2,0.0,owlvit
AOI_2_Vegas_img4554,AOI_2_Vegas,AOI_2_Vegas:-11520:3616,test,owlvit,area,fixed,0.3,0.25,12,45,22,35,2.35,owlvit
AOI_2_Vegas_img4554,AOI_2_Vegas,AOI_2_Vegas:-11520:3616,test,owlvit,area,fixed,0.45,0.25,12,45,22,34,2.9,owlvit
AOI_2_Vegas_img4554,AOI_2_Vegas,AOI_2_Vegas:-11520:3616,test,owlvit,area,fixed,0.6,0.25,12,41,22,38,2.25,owlvit
AOI_2_Vegas_img4554,AOI_2_Vegas,AOI_2_Vegas:-11520:3616,test,owlvit,area,fixed,0.9,0.25,12,32,22,40,2.15,owlvit
AOI_2_Vegas_img4554,AOI_2_Vegas,AOI_2_Vegas:-11520:3616,test,owlvit,area,fixed,1.2,0.25,12,22,22,33,1.65,owlvit
AOI_2_Vegas_img4554,AOI_2_Vegas,AOI_2_Vegas:-11520:3616,test,owlvit,area,fixed,1.8,0.25,5,7,22,14,0.85,owlvit
AOI_2_Vegas_img4554,AOI_2_Vegas,AOI_2_Vegas:-11520:3616,test,owlvit,area,fixed,2.4,0.25,1,1,22,11,0.0,owlvit
AOI_2_Vegas_img4554,AOI_2_Vegas,AOI_2_Vegas:-11520:3616,test,owlvit,area,fixed,3.6,0.25,0,0,22,4,0.0,owlvit
AOI_2_Vegas_img4554,AOI_2_Vegas,AOI_2_Vegas:-11520:3616,test,owlvit,area,fixed,5.0,0.25,0,0,22,1,0.0,owlvit
AOI_2_Vegas_img4554,AOI_2_Vegas,AOI_2_Vegas:-11520:3616,test,owlvit,area,fixed,10.0,0.25,0,0,22,1,0.0,owlvit
AOI_2_Vegas_img4562,AOI_2_Vegas,AOI_2_Vegas:-11520:3617,test,owlvit,area,fixed,0.3,0.25,34,132,46,44,19.3,owlvit
AOI_2_Vegas_img4562,AOI_2_Vegas,AOI_2_Vegas:-11520:3617,test,owlvit,area,fixed,0.45,0.25,35,155,46,48,21.8,owlvit
AOI_2_Vegas_img4562,AOI_2_Vegas,AOI_2_Vegas:-11520:3617,test,owlvit,area,fixed,0.6,0.25,32,100,46,44,16.7,owlvit
AOI_2_Vegas_img4562,AOI_2_Vegas,AOI_2_Vegas:-11520:3617,test,owlvit,area,fixed,0.9,0.25,29,55,46,34,12.3,owlvit
AOI_2_Vegas_img4562,AOI_2_Vegas,AOI_2_Vegas:-11520:3617,test,owlvit,area,fixed,1.2,0.25,25,39,46,24,10.05,owlvit
AOI_2_Vegas_img4562,AOI_2_Vegas,AOI_2_Vegas:-11520:3617,test,owlvit,area,fixed,1.8,0.25,17,21,46,14,5.45,owlvit
AOI_2_Vegas_img4562,AOI_2_Vegas,AOI_2_Vegas:-11520:3617,test,owlvit,area,fixed,2.4,0.25,5,7,46,14,2.25,owlvit
AOI_2_Vegas_img4562,AOI_2_Vegas,AOI_2_Vegas:-11520:3617,test,owlvit,area,fixed,3.6,0.25,0,0,46,3,0.0,owlvit
AOI_2_Vegas_img4562,AOI_2_Vegas,AOI_2_Vegas:-11520:3617,test,owlvit,area,fixed,5.0,0.25,0,0,46,5,0.0,owlvit
AOI_2_Vegas_img4562,AOI_2_Vegas,AOI_2_Vegas:-11520:3617,test,owlvit,area,fixed,10.0,0.25,0,0,46,1,0.0,owlvit
AOI_2_Vegas_img458,AOI_2_Vegas,AOI_2_Vegas:-11530:3613,test,owlvit,area,fixed,0.3,0.25,22,45,56,45,8.9,owlvit
AOI_2_Vegas_img458,AOI_2_Vegas,AOI_2_Vegas:-11530:3613,test,owlvit,area,fixed,0.45,0.25,18,34,56,41,6.6,owlvit
AOI_2_Vegas_img458,AOI_2_Vegas,AOI_2_Vegas:-11530:3613,test,owlvit,area,fixed,0.6,0.25,17,29,56,42,6.25,owlvit
AOI_2_Vegas_img458,AOI_2_Vegas,AOI_2_Vegas:-11530:3613,test,owlvit,area,fixed,0.9,0.25,16,27,56,52,5.95,owlvit
AOI_2_Vegas_img458,AOI_2_Vegas,AOI_2_Vegas:-11530:3613,test,owlvit,area,fixed,1.2,0.25,15,29,56,47,7.6,owlvit
AOI_2_Vegas_img458,AOI_2_Vegas,AOI_2_Vegas:-11530:3613,test,owlvit,area,fixed,1.8,0.25,2,5,56,24,1.45,owlvit
AOI_2_Vegas_img458,AOI_2_Vegas,AOI_2_Vegas:-11530:3613,test,owlvit,area,fixed,2.4,0.25,1,1,56,17,0.25,owlvit
AOI_2_Vegas_img458,AOI_2_Vegas,AOI_2_Vegas:-11530:3613,test,owlvit,area,fixed,3.6,0.25,0,0,56,10,0.0,owlvit
AOI_2_Vegas_img458,AOI_2_Vegas,AOI_2_Vegas:-11530:3613,test,owlvit,area,fixed,5.0,0.25,0,0,56,6,0.0,owlvit
AOI_2_Vegas_img458,AOI_2_Vegas,AOI_2_Vegas:-11530:3613,test,owlvit,area,fixed,10.0,0.25,0,0,56,0,0.0,owlvit
AOI_2_Vegas_img4582,AOI_2_Vegas,AOI_2_Vegas:-11520:3621,test,owlvit,area,fixed,0.3,0.25,0,0,0,1,0.0,owlvit
AOI_2_Vegas_img4582,AOI_2_Vegas,AOI_2_Vegas:-11520:3621,test,owlvit,area,fixed,0.45,0.25,0,0,0,1,0.0,owlvit
AOI_2_Vegas_img4582,AOI_2_Vegas,AOI_2_Vegas:-11520:3621,test,owlvit,area,fixed,0.6,0.25,0,0,0,2,0.0,owlvit
AOI_2_Vegas_img4582,AOI_2_Vegas,AOI_2_Vegas:-11520:3621,test,owlvit,area,fixed,0.9,0.25,0,0,0,1,0.0,owlvit
AOI_2_Vegas_img4582,AOI_2_Vegas,AOI_2_Vegas:-11520:3621,test,owlvit,area,fixed,1.2,0.25,0,0,0,1,0.0,owlvit
AOI_2_Vegas_img4582,AOI_2_Vegas,AOI_2_Vegas:-11520:3621,test,owlvit,area,fixed,1.8,0.25,0,0,0,1,0.0,owlvit
AOI_2_Vegas_img4582,AOI_2_Vegas,AOI_2_Vegas:-11520:3621,test,owlvit,area,fixed,2.4,0.25,0,0,0,0,0.0,owlvit
AOI_2_Vegas_img4582,AOI_2_Vegas,AOI_2_Vegas:-11520:3621,test,owlvit,area,fixed,3.6,0.25,0,0,0,0,0.0,owlvit
AOI_2_Vegas_img4582,AOI_2_Vegas,AOI_2_Vegas:-11520:3621,test,owlvit,area,fixed,5.0,0.25,0,0,0,0,0.0,owlvit
AOI_2_Vegas_img4582,AOI_2_Vegas,AOI_2_Vegas:-11520:3621,test,owlvit,area,fixed,10.0,0.25,0,0,0,0,0.0,owlvit
AOI_2_Vegas_img460,AOI_2_Vegas,AOI_2_Vegas:-11530:3613,test,owlvit,area,fixed,0.3,0.25,28,39,50,19,8.7,owlvit
AOI_2_Vegas_img460,AOI_2_Vegas,AOI_2_Vegas:-11530:3613,test,owlvit,area,fixed,0.45,0.25,29,43,50,15,8.4,owlvit
AOI_2_Vegas_img460,AOI_2_Vegas,AOI_2_Vegas:-11530:3613,test,owlvit,area,fixed,0.6,0.25,31,45,50,19,10.5,owlvit
AOI_2_Vegas_img460,AOI_2_Vegas,AOI_2_Vegas:-11530:3613,test,owlvit,area,fixed,0.9,0.25,32,46,50,15,9.4,owlvit
AOI_2_Vegas_img460,AOI_2_Vegas,AOI_2_Vegas:-11530:3613,test,owlvit,area,fixed,1.2,0.25,31,41,50,17,9.4,owlvit
AOI_2_Vegas_img460,AOI_2_Vegas,AOI_2_Vegas:-11530:3613,test,owlvit,area,fixed,1.8,0.25,23,32,50,17,7.0,owlvit
AOI_2_Vegas_img460,AOI_2_Vegas,AOI_2_Vegas:-11530:3613,test,owlvit,area,fixed,2.4,0.25,4,4,50,5,1.35,owlvit
AOI_2_Vegas_img460,AOI_2_Vegas,AOI_2_Vegas:-11530:3613,test,owlvit,area,fixed,3.6,0.25,0,0,50,1,0.0,owlvit
AOI_2_Vegas_img460,AOI_2_Vegas,AOI_2_Vegas:-11530:3613,test,owlvit,area,fixed,5.0,0.25,0,0,50,3,0.0,owlvit
AOI_2_Vegas_img460,AOI_2_Vegas,AOI_2_Vegas:-11530:3613,test,owlvit,area,fixed,10.0,0.25,0,0,50,0,0.0,owlvit
AOI_2_Vegas_img4614,AOI_2_Vegas,AOI_2_Vegas:-11520:3613,test,owlvit,area,fixed,0.3,0.25,3,13,8,48,0.8,owlvit
AOI_2_Vegas_img4614,AOI_2_Vegas,AOI_2_Vegas:-11520:3613,test,owlvit,area,fixed,0.45,0.25,3,12,8,50,0.85,owlvit
AOI_2_Vegas_img4614,AOI_2_Vegas,AOI_2_Vegas:-11520:3613,test,owlvit,area,fixed,0.6,0.25,3,4,8,39,0.15,owlvit
AOI_2_Vegas_img4614,AOI_2_Vegas,AOI_2_Vegas:-11520:3613,test,owlvit,area,fixed,0.9,0.25,0,0,8,20,0.0,owlvit
AOI_2_Vegas_img4614,AOI_2_Vegas,AOI_2_Vegas:-11520:3613,test,owlvit,area,fixed,1.2,0.25,0,0,8,8,0.0,owlvit
AOI_2_Vegas_img4614,AOI_2_Vegas,AOI_2_Vegas:-11520:3613,test,owlvit,area,fixed,1.8,0.25,0,0,8,2,0.0,owlvit
AOI_2_Vegas_img4614,AOI_2_Vegas,AOI_2_Vegas:-11520:3613,test,owlvit,area,fixed,2.4,0.25,0,0,8,5,0.0,owlvit
AOI_2_Vegas_img4614,AOI_2_Vegas,AOI_2_Vegas:-11520:3613,test,owlvit,area,fixed,3.6,0.25,0,0,8,11,0.0,owlvit
AOI_2_Vegas_img4614,AOI_2_Vegas,AOI_2_Vegas:-11520:3613,test,owlvit,area,fixed,5.0,0.25,0,0,8,24,0.0,owlvit
AOI_2_Vegas_img4614,AOI_2_Vegas,AOI_2_Vegas:-11520:3613,test,owlvit,area,fixed,10.0,0.25,0,0,8,4,0.0,owlvit
AOI_2_Vegas_img4684,AOI_2_Vegas,AOI_2_Vegas:-11520:3625,test,owlvit,area,fixed,0.3,0.25,3,21,8,49,0.1,owlvit
AOI_2_Vegas_img4684,AOI_2_Vegas,AOI_2_Vegas:-11520:3625,test,owlvit,area,fixed,0.45,0.25,2,16,8,37,0.1,owlvit
AOI_2_Vegas_img4684,AOI_2_Vegas,AOI_2_Vegas:-11520:3625,test,owlvit,area,fixed,0.6,0.25,1,13,8,38,0.05,owlvit
AOI_2_Vegas_img4684,AOI_2_Vegas,AOI_2_Vegas:-11520:3625,test,owlvit,area,fixed,0.9,0.25,1,6,8,24,0.05,owlvit
AOI_2_Vegas_img4684,AOI_2_Vegas,AOI_2_Vegas:-11520:3625,test,owlvit,area,fixed,1.2,0.25,1,3,8,22,0.0,owlvit
AOI_2_Vegas_img4684,AOI_2_Vegas,AOI_2_Vegas:-11520:3625,test,owlvit,area,fixed,1.8,0.25,0,0,8,13,0.0,owlvit
AOI_2_Vegas_img4684,AOI_2_Vegas,AOI_2_Vegas:-11520:3625,test,owlvit,area,fixed,2.4,0.25,0,0,8,11,0.0,owlvit
AOI_2_Vegas_img4684,AOI_2_Vegas,AOI_2_Vegas:-11520:3625,test,owlvit,area,fixed,3.6,0.25,0,1,8,21,0.0,owlvit
AOI_2_Vegas_img4684,AOI_2_Vegas,AOI_2_Vegas:-11520:3625,test,owlvit,area,fixed,5.0,0.25,0,0,8,5,0.0,owlvit
AOI_2_Vegas_img4684,AOI_2_Vegas,AOI_2_Vegas:-11520:3625,test,owlvit,area,fixed,10.0,0.25,0,0,8,1,0.0,owlvit
AOI_2_Vegas_img4696,AOI_2_Vegas,AOI_2_Vegas:-11519:3613,test,owlvit,area,fixed,0.3,0.25,3,9,12,37,0.7,owlvit
AOI_2_Vegas_img4696,AOI_2_Vegas,AOI_2_Vegas:-11519:3613,test,owlvit,area,fixed,0.45,0.25,3,8,12,38,0.95,owlvit
AOI_2_Vegas_img4696,AOI_2_Vegas,AOI_2_Vegas:-11519:3613,test,owlvit,area,fixed,0.6,0.25,2,6,12,34,0.65,owlvit
AOI_2_Vegas_img4696,AOI_2_Vegas,AOI_2_Vegas:-11519:3613,test,owlvit,area,fixed,0.9,0.25,3,6,12,34,0.2,owlvit
AOI_2_Vegas_img4696,AOI_2_Vegas,AOI_2_Vegas:-11519:3613,test,owlvit,area,fixed,1.2,0.25,2,4,12,32,0.4,owlvit
AOI_2_Vegas_img4696,AOI_2_Vegas,AOI_2_Vegas:-11519:3613,test,owlvit,area,fixed,1.8,0.25,1,2,12,31,0.4,owlvit
AOI_2_Vegas_img4696,AOI_2_Vegas,AOI_2_Vegas:-11519:3613,test,owlvit,area,fixed,2.4,0.25,0,1,12,28,0.0,owlvit
AOI_2_Vegas_img4696,AOI_2_Vegas,AOI_2_Vegas:-11519:3613,test,owlvit,area,fixed,3.6,0.25,0,0,12,17,0.0,owlvit
AOI_2_Vegas_img4696,AOI_2_Vegas,AOI_2_Vegas:-11519:3613,test,owlvit,area,fixed,5.0,0.25,0,0,12,5,0.0,owlvit
AOI_2_Vegas_img4696,AOI_2_Vegas,AOI_2_Vegas:-11519:3613,test,owlvit,area,fixed,10.0,0.25,0,0,12,1,0.0,owlvit
AOI_2_Vegas_img4701,AOI_2_Vegas,AOI_2_Vegas:-11519:3614,test,owlvit,area,fixed,0.3,0.25,1,24,3,41,0.25,owlvit
AOI_2_Vegas_img4701,AOI_2_Vegas,AOI_2_Vegas:-11519:3614,test,owlvit,area,fixed,0.45,0.25,2,18,3,39,0.05,owlvit
AOI_2_Vegas_img4701,AOI_2_Vegas,AOI_2_Vegas:-11519:3614,test,owlvit,area,fixed,0.6,0.25,2,17,3,39,0.05,owlvit
AOI_2_Vegas_img4701,AOI_2_Vegas,AOI_2_Vegas:-11519:3614,test,owlvit,area,fixed,0.9,0.25,0,10,3,38,0.05,owlvit
AOI_2_Vegas_img4701,AOI_2_Vegas,AOI_2_Vegas:-11519:3614,test,owlvit,area,fixed,1.2,0.25,0,5,3,31,0.0,owlvit
AOI_2_Vegas_img4701,AOI_2_Vegas,AOI_2_Vegas:-11519:3614,test,owlvit,area,fixed,1.8,0.25,0,1,3,19,0.0,owlvit
AOI_2_Vegas_img4701,AOI_2_Vegas,AOI_2_Vegas:-11519:3614,test,owlvit,area,fixed,2.4,0.25,0,2,3,22,0.0,owlvit
AOI_2_Vegas_img4701,AOI_2_Vegas,AOI_2_Vegas:-11519:3614,test,owlvit,area,fixed,3.6,0.25,0,0,3,12,0.0,owlvit
AOI_2_Vegas_img4701,AOI_2_Vegas,AOI_2_Vegas:-11519:3614,test,owlvit,area,fixed,5.0,0.25,0,0,3,9,0.0,owlvit
AOI_2_Vegas_img4701,AOI_2_Vegas,AOI_2_Vegas:-11519:3614,test,owlvit,area,fixed,10.0,0.25,0,0,3,1,0.0,owlvit
AOI_2_Vegas_img4721,AOI_2_Vegas,AOI_2_Vegas:-11519:3618,test,owlvit,area,fixed,0.3,0.25,24,81,49,35,9.55,owlvit
AOI_2_Vegas_img4721,AOI_2_Vegas,AOI_2_Vegas:-11519:3618,test,owlvit,area,fixed,0.45,0.25,24,69,49,38,8.85,owlvit
AOI_2_Vegas_img4721,AOI_2_Vegas,AOI_2_Vegas:-11519:3618,test,owlvit,area,fixed,0.6,0.25,22,69,49,32,9.05,owlvit
AOI_2_Vegas_img4721,AOI_2_Vegas,AOI_2_Vegas:-11519:3618,test,owlvit,area,fixed,0.9,0.25,18,55,49,37,7.6,owlvit
AOI_2_Vegas_img4721,AOI_2_Vegas,AOI_2_Vegas:-11519:3618,test,owlvit,area,fixed,1.2,0.25,16,50,49,38,6.7,owlvit
AOI_2_Vegas_img4721,AOI_2_Vegas,AOI_2_Vegas:-11519:3618,test,owlvit,area,fixed,1.8,0.25,15,29,49,35,3.5,owlvit
AOI_2_Vegas_img4721,AOI_2_Vegas,AOI_2_Vegas:-11519:3618,test,owlvit,area,fixed,2.4,0.25,8,10,49,20,1.8,owlvit
AOI_2_Vegas_img4721,AOI_2_Vegas,AOI_2_Vegas:-11519:3618,test,owlvit,area,fixed,3.6,0.25,1,1,49,2,0.1,owlvit
AOI_2_Vegas_img4721,AOI_2_Vegas,AOI_2_Vegas:-11519:3618,test,owlvit,area,fixed,5.0,0.25,0,0,49,1,0.0,owlvit
AOI_2_Vegas_img4721,AOI_2_Vegas,AOI_2_Vegas:-11519:3618,test,owlvit,area,fixed,10.0,0.25,0,0,49,0,0.0,owlvit
AOI_2_Vegas_img4785,AOI_2_Vegas,AOI_2_Vegas:-11519:3615,test,owlvit,area,fixed,0.3,0.25,24,53,53,30,7.65,owlvit
AOI_2_Vegas_img4785,AOI_2_Vegas,AOI_2_Vegas:-11519:3615,test,owlvit,area,fixed,0.45,0.25,25,57,53,28,8.8,owlvit
AOI_2_Vegas_img4785,AOI_2_Vegas,AOI_2_Vegas:-11519:3615,test,owlvit,area,fixed,0.6,0.25,26,57,53,33,8.7,owlvit
AOI_2_Vegas_img4785,AOI_2_Vegas,AOI_2_Vegas:-11519:3615,test,owlvit,area,fixed,0.9,0.25,23,48,53,32,8.3,owlvit
AOI_2_Vegas_img4785,AOI_2_Vegas,AOI_2_Vegas:-11519:3615,test,owlvit,area,fixed,1.2,0.25,24,45,53,33,7.4,owlvit
AOI_2_Vegas_img4785,AOI_2_Vegas,AOI_2_Vegas:-11519:3615,test,owlvit,area,fixed,1.8,0.25,11,19,53,19,3.6,owlvit
AOI_2_Vegas_img4785,AOI_2_Vegas,AOI_2_Vegas:-11519:3615,test,owlvit,area,fixed,2.4,0.25,0,0,53,10,0.0,owlvit
AOI_2_Vegas_img4785,AOI_2_Vegas,AOI_2_Vegas:-11519:3615,test,owlvit,area,fixed,3.6,0.25,0,0,53,2,0.0,owlvit
AOI_2_Vegas_img4785,AOI_2_Vegas,AOI_2_Vegas:-11519:3615,test,owlvit,area,fixed,5.0,0.25,0,0,53,2,0.0,owlvit
AOI_2_Vegas_img4785,AOI_2_Vegas,AOI_2_Vegas:-11519:3615,test,owlvit,area,fixed,10.0,0.25,0,0,53,0,0.0,owlvit
AOI_2_Vegas_img4786,AOI_2_Vegas,AOI_2_Vegas:-11519:3615,test,owlvit,area,fixed,0.3,0.25,15,17,52,15,3.25,owlvit
AOI_2_Vegas_img4786,AOI_2_Vegas,AOI_2_Vegas:-11519:3615,test,owlvit,area,fixed,0.45,0.25,16,19,52,20,3.25,owlvit
AOI_2_Vegas_img4786,AOI_2_Vegas,AOI_2_Vegas:-11519:3615,test,owlvit,area,fixed,0.6,0.25,15,19,52,18,4.0,owlvit
AOI_2_Vegas_img4786,AOI_2_Vegas,AOI_2_Vegas:-11519:3615,test,owlvit,area,fixed,0.9,0.25,15,21,52,17,3.8,owlvit
AOI_2_Vegas_img4786,AOI_2_Vegas,AOI_2_Vegas:-11519:3615,test,owlvit,area,fixed,1.2,0.25,13,17,52,16,4.0,owlvit
AOI_2_Vegas_img4786,AOI_2_Vegas,AOI_2_Vegas:-11519:3615,test,owlvit,area,fixed,1.8,0.25,5,6,52,10,1.55,owlvit
AOI_2_Vegas_img4786,AOI_2_Vegas,AOI_2_Vegas:-11519:3615,test,owlvit,area,fixed,2.4,0.25,1,1,52,5,0.15,owlvit
AOI_2_Vegas_img4786,AOI_2_Vegas,AOI_2_Vegas:-11519:3615,test,owlvit,area,fixed,3.6,0.25,0,0,52,4,0.0,owlvit
AOI_2_Vegas_img4786,AOI_2_Vegas,AOI_2_Vegas:-11519:3615,test,owlvit,area,fixed,5.0,0.25,0,0,52,0,0.0,owlvit
AOI_2_Vegas_img4786,AOI_2_Vegas,AOI_2_Vegas:-11519:3615,test,owlvit,area,fixed,10.0,0.25,0,0,52,0,0.0,owlvit
AOI_2_Vegas_img4794,AOI_2_Vegas,AOI_2_Vegas:-11519:3616,test,owlvit,area,fixed,0.3,0.25,2,7,5,6,0.2,owlvit
AOI_2_Vegas_img4794,AOI_2_Vegas,AOI_2_Vegas:-11519:3616,test,owlvit,area,fixed,0.45,0.25,2,6,5,7,0.05,owlvit
AOI_2_Vegas_img4794,AOI_2_Vegas,AOI_2_Vegas:-11519:3616,test,owlvit,area,fixed,0.6,0.25,2,6,5,6,0.1,owlvit
AOI_2_Vegas_img4794,AOI_2_Vegas,AOI_2_Vegas:-11519:3616,test,owlvit,area,fixed,0.9,0.25,2,4,5,5,0.05,owlvit
AOI_2_Vegas_img4794,AOI_2_Vegas,AOI_2_Vegas:-11519:3616,test,owlvit,area,fixed,1.2,0.25,1,2,5,3,0.05,owlvit
AOI_2_Vegas_img4794,AOI_2_Vegas,AOI_2_Vegas:-11519:3616,test,owlvit,area,fixed,1.8,0.25,0,0,5,1,0.0,owlvit
AOI_2_Vegas_img4794,AOI_2_Vegas,AOI_2_Vegas:-11519:3616,test,owlvit,area,fixed,2.4,0.25,0,0,5,0,0.0,owlvit
AOI_2_Vegas_img4794,AOI_2_Vegas,AOI_2_Vegas:-11519:3616,test,owlvit,area,fixed,3.6,0.25,0,0,5,0,0.0,owlvit
AOI_2_Vegas_img4794,AOI_2_Vegas,AOI_2_Vegas:-11519:3616,test,owlvit,area,fixed,5.0,0.25,0,0,5,1,0.0,owlvit
AOI_2_Vegas_img4794,AOI_2_Vegas,AOI_2_Vegas:-11519:3616,test,owlvit,area,fixed,10.0,0.25,0,0,5,0,0.0,owlvit
AOI_2_Vegas_img4805,AOI_2_Vegas,AOI_2_Vegas:-11519:3618,test,owlvit,area,fixed,0.3,0.25,15,57,26,41,3.5,owlvit
AOI_2_Vegas_img4805,AOI_2_Vegas,AOI_2_Vegas:-11519:3618,test,owlvit,area,fixed,0.45,0.25,16,50,26,40,2.55,owlvit
AOI_2_Vegas_img4805,AOI_2_Vegas,AOI_2_Vegas:-11519:3618,test,owlvit,area,fixed,0.6,0.25,16,47,26,42,3.1,owlvit
AOI_2_Vegas_img4805,AOI_2_Vegas,AOI_2_Vegas:-11519:3618,test,owlvit,area,fixed,0.9,0.25,16,30,26,38,2.2,owlvit
AOI_2_Vegas_img4805,AOI_2_Vegas,AOI_2_Vegas:-11519:3618,test,owlvit,area,fixed,1.2,0.25,12,21,26,40,1.6,owlvit
AOI_2_Vegas_img4805,AOI_2_Vegas,AOI_2_Vegas:-11519:3618,test,owlvit,area,fixed,1.8,0.25,7,10,26,31,0.75,owlvit
AOI_2_Vegas_img4805,AOI_2_Vegas,AOI_2_Vegas:-11519:3618,test,owlvit,area,fixed,2.4,0.25,3,4,26,30,0.4,owlvit
AOI_2_Vegas_img4805,AOI_2_Vegas,AOI_2_Vegas:-11519:3618,test,owlvit,area,fixed,3.6,0.25,2,2,26,28,0.25,owlvit
AOI_2_Vegas_img4805,AOI_2_Vegas,AOI_2_Vegas:-11519:3618,test,owlvit,area,fixed,5.0,0.25,0,0,26,11,0.0,owlvit
AOI_2_Vegas_img4805,AOI_2_Vegas,AOI_2_Vegas:-11519:3618,test,owlvit,area,fixed,10.0,0.25,0,0,26,1,0.0,owlvit
