chip_id,city,block,split,detector,method,config,level,iou,matches,predictions,references,removed,chance_matches,label
AOI_2_Vegas_img1007,AOI_2_Vegas,AOI_2_Vegas:-11528:3618,test,owlv2,area,fixed,0.3,0.25,28,151,34,41,10.9,owlv2
AOI_2_Vegas_img1007,AOI_2_Vegas,AOI_2_Vegas:-11528:3618,test,owlv2,area,fixed,0.45,0.25,27,87,34,41,7.8,owlv2
AOI_2_Vegas_img1007,AOI_2_Vegas,AOI_2_Vegas:-11528:3618,test,owlv2,area,fixed,0.6,0.25,26,67,34,45,8.35,owlv2
AOI_2_Vegas_img1007,AOI_2_Vegas,AOI_2_Vegas:-11528:3618,test,owlv2,area,fixed,0.9,0.25,25,53,34,33,7.05,owlv2
AOI_2_Vegas_img1007,AOI_2_Vegas,AOI_2_Vegas:-11528:3618,test,owlv2,area,fixed,1.2,0.25,19,30,34,30,5.0,owlv2
AOI_2_Vegas_img1007,AOI_2_Vegas,AOI_2_Vegas:-11528:3618,test,owlv2,area,fixed,1.8,0.25,16,27,34,17,4.7,owlv2
AOI_2_Vegas_img1007,AOI_2_Vegas,AOI_2_Vegas:-11528:3618,test,owlv2,area,fixed,2.4,0.25,14,22,34,25,3.9,owlv2
AOI_2_Vegas_img1007,AOI_2_Vegas,AOI_2_Vegas:-11528:3618,test,owlv2,area,fixed,3.6,0.25,2,3,34,2,0.55,owlv2
AOI_2_Vegas_img1007,AOI_2_Vegas,AOI_2_Vegas:-11528:3618,test,owlv2,area,fixed,5.0,0.25,0,0,34,0,0.0,owlv2
AOI_2_Vegas_img1007,AOI_2_Vegas,AOI_2_Vegas:-11528:3618,test,owlv2,area,fixed,10.0,0.25,0,0,34,0,0.0,owlv2
AOI_2_Vegas_img101,AOI_2_Vegas,AOI_2_Vegas:-11531:3620,test,owlv2,area,fixed,0.3,0.25,21,166,30,38,9.6,owlv2
AOI_2_Vegas_img101,AOI_2_Vegas,AOI_2_Vegas:-11531:3620,test,owlv2,area,fixed,0.45,0.25,19,121,30,29,7.7,owlv2
AOI_2_Vegas_img101,AOI_2_Vegas,AOI_2_Vegas:-11531:3620,test,owlv2,area,fixed,0.6,0.25,21,135,30,33,8.5,owlv2
AOI_2_Vegas_img101,AOI_2_Vegas,AOI_2_Vegas:-11531:3620,test,owlv2,area,fixed,0.9,0.25,16,84,30,27,6.1,owlv2
AOI_2_Vegas_img101,AOI_2_Vegas,AOI_2_Vegas:-11531:3620,test,owlv2,area,fixed,1.2,0.25,12,56,30,20,4.0,owlv2
AOI_2_Vegas_img101,AOI_2_Vegas,AOI_2_Vegas:-11531:3620,test,owlv2,area,fixed,1.8,0.25,14,61,30,17,4.7,owlv2
AOI_2_Vegas_img101,AOI_2_Vegas,AOI_2_Vegas:-11531:3620,test,owlv2,area,fixed,2.4,0.25,17,64,30,22,5.35,owlv2
AOI_2_Vegas_img101,AOI_2_Vegas,AOI_2_Vegas:-11531:3620,test,owlv2,area,fixed,3.6,0.25,6,8,30,11,0.95,owlv2
AOI_2_Vegas_img101,AOI_2_Vegas,AOI_2_Vegas:-11531:3620,test,owlv2,area,fixed,5.0,0.25,0,0,30,5,0.0,owlv2
AOI_2_Vegas_img101,AOI_2_Vegas,AOI_2_Vegas:-11531:3620,test,owlv2,area,fixed,10.0,0.25,0,0,30,0,0.0,owlv2
AOI_2_Vegas_img1035,AOI_2_Vegas,AOI_2_Vegas:-11528:3623,test,owlv2,area,fixed,0.3,0.25,0,0,0,0,0.0,owlv2
AOI_2_Vegas_img1035,AOI_2_Vegas,AOI_2_Vegas:-11528:3623,test,owlv2,area,fixed,0.45,0.25,0,0,0,0,0.0,owlv2
AOI_2_Vegas_img1035,AOI_2_Vegas,AOI_2_Vegas:-11528:3623,test,owlv2,area,fixed,0.6,0.25,0,0,0,0,0.0,owlv2
AOI_2_Vegas_img1035,AOI_2_Vegas,AOI_2_Vegas:-11528:3623,test,owlv2,area,fixed,0.9,0.25,0,0,0,0,0.0,owlv2
AOI_2_Vegas_img1035,AOI_2_Vegas,AOI_2_Vegas:-11528:3623,test,owlv2,area,fixed,1.2,0.25,0,0,0,0,0.0,owlv2
AOI_2_Vegas_img1035,AOI_2_Vegas,AOI_2_Vegas:-11528:3623,test,owlv2,area,fixed,1.8,0.25,0,0,0,0,0.0,owlv2
AOI_2_Vegas_img1035,AOI_2_Vegas,AOI_2_Vegas:-11528:3623,test,owlv2,area,fixed,2.4,0.25,0,0,0,0,0.0,owlv2
AOI_2_Vegas_img1035,AOI_2_Vegas,AOI_2_Vegas:-11528:3623,test,owlv2,area,fixed,3.6,0.25,0,0,0,0,0.0,owlv2
AOI_2_Vegas_img1035,AOI_2_Vegas,AOI_2_Vegas:-11528:3623,test,owlv2,area,fixed,5.0,0.25,0,0,0,0,0.0,owlv2
AOI_2_Vegas_img1035,AOI_2_Vegas,AOI_2_Vegas:-11528:3623,test,owlv2,area,fixed,10.0,0.25,0,0,0,0,0.0,owlv2
AOI_2_Vegas_img1041,AOI_2_Vegas,AOI_2_Vegas:-11528:3613,test,owlv2,area,fixed,0.3,0.25,33,156,39,62,11.55,owlv2
AOI_2_Vegas_img1041,AOI_2_Vegas,AOI_2_Vegas:-11528:3613,test,owlv2,area,fixed,0.45,0.25,32,102,39,52,9.6,owlv2
AOI_2_Vegas_img1041,AOI_2_Vegas,AOI_2_Vegas:-11528:3613,test,owlv2,area,fixed,0.6,0.25,32,95,39,54,9.4,owlv2
AOI_2_Vegas_img1041,AOI_2_Vegas,AOI_2_Vegas:-11528:3613,test,owlv2,area,fixed,0.9,0.25,24,44,39,27,4.4,owlv2
AOI_2_Vegas_img1041,AOI_2_Vegas,AOI_2_Vegas:-11528:3613,test,owlv2,area,fixed,1.2,0.25,25,44,39,38,5.35,owlv2
AOI_2_Vegas_img1041,AOI_2_Vegas,AOI_2_Vegas:-11528:3613,test,owlv2,area,fixed,1.8,0.25,21,22,39,14,2.9,owlv2
AOI_2_Vegas_img1041,AOI_2_Vegas,AOI_2_Vegas:-11528:3613,test,owlv2,area,fixed,2.4,0.25,22,24,39,15,3.4,owlv2
AOI_2_Vegas_img1041,AOI_2_Vegas,AOI_2_Vegas:-11528:3613,test,owlv2,area,fixed,3.6,0.25,0,0,39,0,0.0,owlv2
AOI_2_Vegas_img1041,AOI_2_Vegas,AOI_2_Vegas:-11528:3613,test,owlv2,area,fixed,5.0,0.25,4,4,39,13,0.4,owlv2
AOI_2_Vegas_img1041,AOI_2_Vegas,AOI_2_Vegas:-11528:3613,test,owlv2,area,fixed,10.0,0.25,0,0,39,0,0.0,owlv2
AOI_2_Vegas_img1104,AOI_2_Vegas,AOI_2_Vegas:-11528:3613,test,owlv2,area,fixed,0.3,0.25,6,38,10,11,0.05,owlv2
AOI_2_Vegas_img1104,AOI_2_Vegas,AOI_2_Vegas:-11528:3613,test,owlv2,area,fixed,0.45,0.25,3,12,10,7,0.0,owlv2
AOI_2_Vegas_img1104,AOI_2_Vegas,AOI_2_Vegas:-11528:3613,test,owlv2,area,fixed,0.6,0.25,3,11,10,8,0.05,owlv2
AOI_2_Vegas_img1104,AOI_2_Vegas,AOI_2_Vegas:-11528:3613,test,owlv2,area,fixed,0.9,0.25,0,3,10,7,0.0,owlv2
AOI_2_Vegas_img1104,AOI_2_Vegas,AOI_2_Vegas:-11528:3613,test,owlv2,area,fixed,1.2,0.25,0,2,10,8,0.0,owlv2
AOI_2_Vegas_img1104,AOI_2_Vegas,AOI_2_Vegas:-11528:3613,test,owlv2,area,fixed,1.8,0.25,0,1,10,9,0.0,owlv2
AOI_2_Vegas_img1104,AOI_2_Vegas,AOI_2_Vegas:-11528:3613,test,owlv2,area,fixed,2.4,0.25,0,0,10,4,0.0,owlv2
AOI_2_Vegas_img1104,AOI_2_Vegas,AOI_2_Vegas:-11528:3613,test,owlv2,area,fixed,3.6,0.25,0,0,10,1,0.0,owlv2
AOI_2_Vegas_img1104,AOI_2_Vegas,AOI_2_Vegas:-11528:3613,test,owlv2,area,fixed,5.0,0.25,0,0,10,2,0.0,owlv2
AOI_2_Vegas_img1104,AOI_2_Vegas,AOI_2_Vegas:-11528:3613,test,owlv2,area,fixed,10.0,0.25,0,0,10,0,0.0,owlv2
AOI_2_Vegas_img1122,AOI_2_Vegas,AOI_2_Vegas:-11528:3616,test,owlv2,area,fixed,0.3,0.25,16,112,29,56,6.05,owlv2
AOI_2_Vegas_img1122,AOI_2_Vegas,AOI_2_Vegas:-11528:3616,test,owlv2,area,fixed,0.45,0.25,14,87,29,48,6.35,owlv2
AOI_2_Vegas_img1122,AOI_2_Vegas,AOI_2_Vegas:-11528:3616,test,owlv2,area,fixed,0.6,0.25,15,62,29,44,4.9,owlv2
AOI_2_Vegas_img1122,AOI_2_Vegas,AOI_2_Vegas:-11528:3616,test,owlv2,area,fixed,0.9,0.25,8,15,29,32,2.4,owlv2
AOI_2_Vegas_img1122,AOI_2_Vegas,AOI_2_Vegas:-11528:3616,test,owlv2,area,fixed,1.2,0.25,5,6,29,12,0.85,owlv2
AOI_2_Vegas_img1122,AOI_2_Vegas,AOI_2_Vegas:-11528:3616,test,owlv2,area,fixed,1.8,0.25,0,0,29,5,0.0,owlv2
AOI_2_Vegas_img1122,AOI_2_Vegas,AOI_2_Vegas:-11528:3616,test,owlv2,area,fixed,2.4,0.25,0,0,29,1,0.0,owlv2
AOI_2_Vegas_img1122,AOI_2_Vegas,AOI_2_Vegas:-11528:3616,test,owlv2,area,fixed,3.6,0.25,0,0,29,0,0.0,owlv2
AOI_2_Vegas_img1122,AOI_2_Vegas,AOI_2_Vegas:-11528:3616,test,owlv2,area,fixed,5.0,0.25,0,0,29,0,0.0,owlv2
AOI_2_Vegas_img1122,AOI_2_Vegas,AOI_2_Vegas:-11528:3616,test,owlv2,area,fixed,10.0,0.25,0,0,29,0,0.0,owlv2
AOI_2_Vegas_img1163,AOI_2_Vegas,AOI_2_Vegas:-11528:3623,test,owlv2,area,fixed,0.3,0.25,31,292,33,51,14.3,owlv2
AOI_2_Vegas_img1163,AOI_2_Vegas,AOI_2_Vegas:-11528:3623,test,owlv2,area,fixed,0.45,0.25,28,197,33,40,12.5,owlv2
AOI_2_Vegas_img1163,AOI_2_Vegas,AOI_2_Vegas:-11528:3623,test,owlv2,area,fixed,0.6,0.25,27,180,33,43,13.1,owlv2
AOI_2_Vegas_img1163,AOI_2_Vegas,AOI_2_Vegas:-11528:3623,test,owlv2,area,fixed,0.9,0.25,24,101,33,43,9.85,owlv2
AOI_2_Vegas_img1163,AOI_2_Vegas,AOI_2_Vegas:-11528:3623,test,owlv2,area,fixed,1.2,0.25,23,56,33,39,8.4,owlv2
AOI_2_Vegas_img1163,AOI_2_Vegas,AOI_2_Vegas:-11528:3623,test,owlv2,area,fixed,1.8,0.25,18,30,33,27,5.2,owlv2
AOI_2_Vegas_img1163,AOI_2_Vegas,AOI_2_Vegas:-11528:3623,test,owlv2,area,fixed,2.4,0.25,11,14,33,31,3.15,owlv2
AOI_2_Vegas_img1163,AOI_2_Vegas,AOI_2_Vegas:-11528:3623,test,owlv2,area,fixed,3.6,0.25,1,1,33,3,0.2,owlv2
AOI_2_Vegas_img1163,AOI_2_Vegas,AOI_2_Vegas:-11528:3623,test,owlv2,area,fixed,5.0,0.25,0,0,33,6,0.0,owlv2
AOI_2_Vegas_img1163,AOI_2_Vegas,AOI_2_Vegas:-11528:3623,test,owlv2,area,fixed,10.0,0.25,0,0,33,0,0.0,owlv2
AOI_2_Vegas_img118,AOI_2_Vegas,AOI_2_Vegas:-11531:3613,test,owlv2,area,fixed,0.3,0.25,26,263,27,68,16.0,owlv2
AOI_2_Vegas_img118,AOI_2_Vegas,AOI_2_Vegas:-11531:3613,test,owlv2,area,fixed,0.45,0.25,23,158,27,55,13.95,owlv2
AOI_2_Vegas_img118,AOI_2_Vegas,AOI_2_Vegas:-11531:3613,test,owlv2,area,fixed,0.6,0.25,24,144,27,50,12.35,owlv2
AOI_2_Vegas_img118,AOI_2_Vegas,AOI_2_Vegas:-11531:3613,test,owlv2,area,fixed,0.9,0.25,22,71,27,27,9.3,owlv2
AOI_2_Vegas_img118,AOI_2_Vegas,AOI_2_Vegas:-11531:3613,test,owlv2,area,fixed,1.2,0.25,21,68,27,32,8.9,owlv2
AOI_2_Vegas_img118,AOI_2_Vegas,AOI_2_Vegas:-11531:3613,test,owlv2,area,fixed,1.8,0.25,22,87,27,37,11.35,owlv2
AOI_2_Vegas_img118,AOI_2_Vegas,AOI_2_Vegas:-11531:3613,test,owlv2,area,fixed,2.4,0.25,18,41,27,27,6.6,owlv2
AOI_2_Vegas_img118,AOI_2_Vegas,AOI_2_Vegas:-11531:3613,test,owlv2,area,fixed,3.6,0.25,16,21,27,13,4.75,owlv2
AOI_2_Vegas_img118,AOI_2_Vegas,AOI_2_Vegas:-11531:3613,test,owlv2,area,fixed,5.0,0.25,0,0,27,2,0.0,owlv2
AOI_2_Vegas_img118,AOI_2_Vegas,AOI_2_Vegas:-11531:3613,test,owlv2,area,fixed,10.0,0.25,0,0,27,0,0.0,owlv2
AOI_2_Vegas_img1197,AOI_2_Vegas,AOI_2_Vegas:-11528:3618,test,owlv2,area,fixed,0.3,0.25,49,257,50,42,26.45,owlv2
AOI_2_Vegas_img1197,AOI_2_Vegas,AOI_2_Vegas:-11528:3618,test,owlv2,area,fixed,0.45,0.25,48,192,50,33,24.0,owlv2
AOI_2_Vegas_img1197,AOI_2_Vegas,AOI_2_Vegas:-11528:3618,test,owlv2,area,fixed,0.6,0.25,46,161,50,40,21.45,owlv2
AOI_2_Vegas_img1197,AOI_2_Vegas,AOI_2_Vegas:-11528:3618,test,owlv2,area,fixed,0.9,0.25,39,80,50,36,15.4,owlv2
AOI_2_Vegas_img1197,AOI_2_Vegas,AOI_2_Vegas:-11528:3618,test,owlv2,area,fixed,1.2,0.25,36,71,50,30,12.2,owlv2
AOI_2_Vegas_img1197,AOI_2_Vegas,AOI_2_Vegas:-11528:3618,test,owlv2,area,fixed,1.8,0.25,36,61,50,38,12.55,owlv2
AOI_2_Vegas_img1197,AOI_2_Vegas,AOI_2_Vegas:-11528:3618,test,owlv2,area,fixed,2.4,0.25,14,17,50,16,3.9,owlv2
AOI_2_Vegas_img1197,AOI_2_Vegas,AOI_2_Vegas:-11528:3618,test,owlv2,area,fixed,3.6,0.25,0,0,50,2,0.0,owlv2
AOI_2_Vegas_img1197,AOI_2_Vegas,AOI_2_Vegas:-11528:3618,test,owlv2,area,fixed,5.0,0.25,0,0,50,3,0.0,owlv2
AOI_2_Vegas_img1197,AOI_2_Vegas,AOI_2_Vegas:-11528:3618,test,owlv2,area,fixed,10.0,0.25,0,0,50,0,0.0,owlv2
AOI_2_Vegas_img1215,AOI_2_Vegas,AOI_2_Vegas:-11528:3621,test,owlv2,area,fixed,0.3,0.25,26,276,29,44,16.15,owlv2
AOI_2_Vegas_img1215,AOI_2_Vegas,AOI_2_Vegas:-11528:3621,test,owlv2,area,fixed,0.45,0.25,26,167,29,43,13.25,owlv2
AOI_2_Vegas_img1215,AOI_2_Vegas,AOI_2_Vegas:-11528:3621,test,owlv2,area,fixed,0.6,0.25,25,150,29,39,12.75,owlv2
AOI_2_Vegas_img1215,AOI_2_Vegas,AOI_2_Vegas:-11528:3621,test,owlv2,area,fixed,0.9,0.25,20,56,29,10,8.5,owlv2
AOI_2_Vegas_img1215,AOI_2_Vegas,AOI_2_Vegas:-11528:3621,test,owlv2,area,fixed,1.2,0.25,19,47,29,8,7.45,owlv2
AOI_2_Vegas_img1215,AOI_2_Vegas,AOI_2_Vegas:-11528:3621,test,owlv2,area,fixed,1.8,0.25,17,42,29,11,6.35,owlv2
AOI_2_Vegas_img1215,AOI_2_Vegas,AOI_2_Vegas:-11528:3621,test,owlv2,area,fixed,2.4,0.25,19,45,29,7,7.35,owlv2
AOI_2_Vegas_img1215,AOI_2_Vegas,AOI_2_Vegas:-11528:3621,test,owlv2,area,fixed,3.6,0.25,0,0,29,0,0.0,owlv2
AOI_2_Vegas_img1215,AOI_2_Vegas,AOI_2_Vegas:-11528:3621,test,owlv2,area,fixed,5.0,0.25,0,0,29,0,0.0,owlv2
AOI_2_Vegas_img1215,AOI_2_Vegas,AOI_2_Vegas:-11528:3621,test,owlv2,area,fixed,10.0,0.25,0,0,29,0,0.0,owlv2
AOI_2_Vegas_img1216,AOI_2_Vegas,AOI_2_Vegas:-11528:3621,test,owlv2,area,fixed,0.3,0.25,29,325,31,42,11.05,owlv2
AOI_2_Vegas_img1216,AOI_2_Vegas,AOI_2_Vegas:-11528:3621,test,owlv2,area,fixed,0.45,0.25,29,180,31,25,8.6,owlv2
AOI_2_Vegas_img1216,AOI_2_Vegas,AOI_2_Vegas:-11528:3621,test,owlv2,area,fixed,0.6,0.25,27,167,31,26,8.65,owlv2
AOI_2_Vegas_img1216,AOI_2_Vegas,AOI_2_Vegas:-11528:3621,test,owlv2,area,fixed,0.9,0.25,25,71,31,16,5.15,owlv2
AOI_2_Vegas_img1216,AOI_2_Vegas,AOI_2_Vegas:-11528:3621,test,owlv2,area,fixed,1.2,0.25,23,48,31,11,4.4,owlv2
AOI_2_Vegas_img1216,AOI_2_Vegas,AOI_2_Vegas:-11528:3621,test,owlv2,area,fixed,1.8,0.25,22,34,31,11,3.4,owlv2
AOI_2_Vegas_img1216,AOI_2_Vegas,AOI_2_Vegas:-11528:3621,test,owlv2,area,fixed,2.4,0.25,24,33,31,8,3.45,owlv2
AOI_2_Vegas_img1216,AOI_2_Vegas,AOI_2_Vegas:-11528:3621,test,owlv2,area,fixed,3.6,0.25,21,22,31,9,2.35,owlv2
AOI_2_Vegas_img1216,AOI_2_Vegas,AOI_2_Vegas:-11528:3621,test,owlv2,area,fixed,5.0,0.25,1,1,31,2,0.15,owlv2
AOI_2_Vegas_img1216,AOI_2_Vegas,AOI_2_Vegas:-11528:3621,test,owlv2,area,fixed,10.0,0.25,0,0,31,0,0.0,owlv2
AOI_2_Vegas_img1217,AOI_2_Vegas,AOI_2_Vegas:-11528:3621,test,owlv2,area,fixed,0.3,0.25,50,210,52,51,27.1,owlv2
AOI_2_Vegas_img1217,AOI_2_Vegas,AOI_2_Vegas:-11528:3621,test,owlv2,area,fixed,0.45,0.25,48,145,52,37,22.85,owlv2
AOI_2_Vegas_img1217,AOI_2_Vegas,AOI_2_Vegas:-11528:3621,test,owlv2,area,fixed,0.6,0.25,48,131,52,43,21.2,owlv2
AOI_2_Vegas_img1217,AOI_2_Vegas,AOI_2_Vegas:-11528:3621,test,owlv2,area,fixed,0.9,0.25,47,109,52,26,19.8,owlv2
AOI_2_Vegas_img1217,AOI_2_Vegas,AOI_2_Vegas:-11528:3621,test,owlv2,area,fixed,1.2,0.25,46,98,52,34,20.55,owlv2
AOI_2_Vegas_img1217,AOI_2_Vegas,AOI_2_Vegas:-11528:3621,test,owlv2,area,fixed,1.8,0.25,45,61,52,41,13.65,owlv2
AOI_2_Vegas_img1217,AOI_2_Vegas,AOI_2_Vegas:-11528:3621,test,owlv2,area,fixed,2.4,0.25,41,49,52,34,12.1,owlv2
AOI_2_Vegas_img1217,AOI_2_Vegas,AOI_2_Vegas:-11528:3621,test,owlv2,area,fixed,3.6,0.25,27,28,52,39,7.55,owlv2
AOI_2_Vegas_img1217,AOI_2_Vegas,AOI_2_Vegas:-11528:3621,test,owlv2,area,fixed,5.0,0.25,0,0,52,0,0.0,owlv2
AOI_2_Vegas_img1217,AOI_2_Vegas,AOI_2_Vegas:-11528:3621,test,owlv2,area,fixed,10.0,0.25,0,0,52,0,0.0,owlv2
AOI_2_Vegas_img1246,AOI_2_Vegas,AOI_2_Vegas:-11528:3615,test,owlv2,area,fixed,0.3,0.25,29,155,40,41,10.85,owlv2
AOI_2_Vegas_img1246,AOI_2_Vegas,AOI_2_Vegas:-11528:3615,test,owlv2,area,fixed,0.45,0.25,27,104,40,40,10.1,owlv2
AOI_2_Vegas_img1246,AOI_2_Vegas,AOI_2_Vegas:-11528:3615,test,owlv2,area,fixed,0.6,0.25,24,89,40,34,9.6,owlv2
AOI_2_Vegas_img1246,AOI_2_Vegas,AOI_2_Vegas:-11528:3615,test,owlv2,area,fixed,0.9,0.25,23,61,40,38,8.45,owlv2
AOI_2_Vegas_img1246,AOI_2_Vegas,AOI_2_Vegas:-11528:3615,test,owlv2,area,fixed,1.2,0.25,22,57,40,28,8.75,owlv2
AOI_2_Vegas_img1246,AOI_2_Vegas,AOI_2_Vegas:-11528:3615,test,owlv2,area,fixed,1.8,0.25,19,44,40,22,6.6,owlv2
AOI_2_Vegas_img1246,AOI_2_Vegas,AOI_2_Vegas:-11528:3615,test,owlv2,area,fixed,2.4,0.25,16,23,40,21,4.45,owlv2
AOI_2_Vegas_img1246,AOI_2_Vegas,AOI_2_Vegas:-11528:3615,test,owlv2,area,fixed,3.6,0.25,0,0,40,0,0.0,owlv2
AOI_2_Vegas_img1246,AOI_2_Vegas,AOI_2_Vegas:-11528:3615,test,owlv2,area,fixed,5.0,0.25,0,0,40,0,0.0,owlv2
AOI_2_Vegas_img1246,AOI_2_Vegas,AOI_2_Vegas:-11528:3615,test,owlv2,area,fixed,10.0,0.25,0,0,40,3,0.0,owlv2
AOI_2_Vegas_img1290,AOI_2_Vegas,AOI_2_Vegas:-11528:3623,test,owlv2,area,fixed,0.3,0.25,41,105,45,31,12.65,owlv2
AOI_2_Vegas_img1290,AOI_2_Vegas,AOI_2_Vegas:-11528:3623,test,owlv2,area,fixed,0.45,0.25,40,72,45,27,10.2,owlv2
AOI_2_Vegas_img1290,AOI_2_Vegas,AOI_2_Vegas:-11528:3623,test,owlv2,area,fixed,0.6,0.25,37,66,45,35,8.95,owlv2
AOI_2_Vegas_img1290,AOI_2_Vegas,AOI_2_Vegas:-11528:3623,test,owlv2,area,fixed,0.9,0.25,15,20,45,22,3.3,owlv2
AOI_2_Vegas_img1290,AOI_2_Vegas,AOI_2_Vegas:-11528:3623,test,owlv2,area,fixed,1.2,0.25,11,14,45,21,2.85,owlv2
AOI_2_Vegas_img1290,AOI_2_Vegas,AOI_2_Vegas:-11528:3623,test,owlv2,area,fixed,1.8,0.25,10,17,45,20,2.95,owlv2
AOI_2_Vegas_img1290,AOI_2_Vegas,AOI_2_Vegas:-11528:3623,test,owlv2,area,fixed,2.4,0.25,11,16,45,18,2.7,owlv2
AOI_2_Vegas_img1290,AOI_2_Vegas,AOI_2_Vegas:-11528:3623,test,owlv2,area,fixed,3.6,0.25,0,0,45,5,0.0,owlv2
AOI_2_Vegas_img1290,AOI_2_Vegas,AOI_2_Vegas:-11528:3623,test,owlv2,area,fixed,5.0,0.25,0,0,45,0,0.0,owlv2
AOI_2_Vegas_img1290,AOI_2_Vegas,AOI_2_Vegas:-11528:3623,test,owlv2,area,fixed,10.0,0.25,0,0,45,0,0.0,owlv2
AOI_2_Vegas_img1381,AOI_2_Vegas,AOI_2_Vegas:-11527:3617,test,owlv2,area,fixed,0.3,0.25,50,234,52,52,20.1,owlv2
AOI_2_Vegas_img1381,AOI_2_Vegas,AOI_2_Vegas:-11527:3617,test,owlv2,area,fixed,0.45,0.25,43,127,52,35,15.95,owlv2
AOI_2_Vegas_img1381,AOI_2_Vegas,AOI_2_Vegas:-11527:3617,test,owlv2,area,fixed,0.6,0.25,40,78,52,35,12.3,owlv2
AOI_2_Vegas_img1381,AOI_2_Vegas,AOI_2_Vegas:-11527:3617,test,owlv2,area,fixed,0.9,0.25,24,36,52,24,6.9,owlv2
AOI_2_Vegas_img1381,AOI_2_Vegas,AOI_2_Vegas:-11527:3617,test,owlv2,area,fixed,1.2,0.25,22,29,52,12,6.3,owlv2
AOI_2_Vegas_img1381,AOI_2_Vegas,AOI_2_Vegas:-11527:3617,test,owlv2,area,fixed,1.8,0.25,14,21,52,12,4.5,owlv2
AOI_2_Vegas_img1381,AOI_2_Vegas,AOI_2_Vegas:-11527:3617,test,owlv2,area,fixed,2.4,0.25,8,8,52,3,2.2,owlv2
AOI_2_Vegas_img1381,AOI_2_Vegas,AOI_2_Vegas:-11527:3617,test,owlv2,area,fixed,3.6,0.25,0,0,52,0,0.0,owlv2
AOI_2_Vegas_img1381,AOI_2_Vegas,AOI_2_Vegas:-11527:3617,test,owlv2,area,fixed,5.0,0.25,0,0,52,0,0.0,owlv2
AOI_2_Vegas_img1381,AOI_2_Vegas,AOI_2_Vegas:-11527:3617,test,owlv2,area,fixed,10.0,0.25,0,0,52,0,0.0,owlv2
AOI_2_Vegas_img139,AOI_2_Vegas,AOI_2_Vegas:-11531:3617,test,owlv2,area,fixed,0.3,0.25,23,154,26,26,7.15,owlv2
AOI_2_Vegas_img139,AOI_2_Vegas,AOI_2_Vegas:-11531:3617,test,owlv2,area,fixed,0.45,0.25,19,95,26,22,5.45,owlv2
AOI_2_Vegas_img139,AOI_2_Vegas,AOI_2_Vegas:-11531:3617,test,owlv2,area,fixed,0.6,0.25,18,87,26,25,5.4,owlv2
AOI_2_Vegas_img139,AOI_2_Vegas,AOI_2_Vegas:-11531:3617,test,owlv2,area,fixed,0.9,0.25,17,47,26,18,4.25,owlv2
AOI_2_Vegas_img139,AOI_2_Vegas,AOI_2_Vegas:-11531:3617,test,owlv2,area,fixed,1.2,0.25,19,52,26,17,5.2,owlv2
AOI_2_Vegas_img139,AOI_2_Vegas,AOI_2_Vegas:-11531:3617,test,owlv2,area,fixed,1.8,0.25,13,41,26,26,3.85,owlv2
AOI_2_Vegas_img139,AOI_2_Vegas,AOI_2_Vegas:-11531:3617,test,owlv2,area,fixed,2.4,0.25,3,9,26,20,1.05,owlv2
AOI_2_Vegas_img139,AOI_2_Vegas,AOI_2_Vegas:-11531:3617,test,owlv2,area,fixed,3.6,0.25,0,0,26,10,0.0,owlv2
AOI_2_Vegas_img139,AOI_2_Vegas,AOI_2_Vegas:-11531:3617,test,owlv2,area,fixed,5.0,0.25,0,0,26,9,0.0,owlv2
AOI_2_Vegas_img139,AOI_2_Vegas,AOI_2_Vegas:-11531:3617,test,owlv2,area,fixed,10.0,0.25,0,0,26,1,0.0,owlv2
AOI_2_Vegas_img1489,AOI_2_Vegas,AOI_2_Vegas:-11527:3614,test,owlv2,area,fixed,0.3,0.25,4,25,14,40,0.85,owlv2
AOI_2_Vegas_img1489,AOI_2_Vegas,AOI_2_Vegas:-11527:3614,test,owlv2,area,fixed,0.45,0.25,2,10,14,24,0.35,owlv2
AOI_2_Vegas_img1489,AOI_2_Vegas,AOI_2_Vegas:-11527:3614,test,owlv2,area,fixed,0.6,0.25,2,6,14,21,0.3,owlv2
AOI_2_Vegas_img1489,AOI_2_Vegas,AOI_2_Vegas:-11527:3614,test,owlv2,area,fixed,0.9,0.25,0,0,14,6,0.0,owlv2
AOI_2_Vegas_img1489,AOI_2_Vegas,AOI_2_Vegas:-11527:3614,test,owlv2,area,fixed,1.2,0.25,0,0,14,0,0.0,owlv2
AOI_2_Vegas_img1489,AOI_2_Vegas,AOI_2_Vegas:-11527:3614,test,owlv2,area,fixed,1.8,0.25,0,0,14,0,0.0,owlv2
AOI_2_Vegas_img1489,AOI_2_Vegas,AOI_2_Vegas:-11527:3614,test,owlv2,area,fixed,2.4,0.25,0,0,14,0,0.0,owlv2
AOI_2_Vegas_img1489,AOI_2_Vegas,AOI_2_Vegas:-11527:3614,test,owlv2,area,fixed,3.6,0.25,0,0,14,0,0.0,owlv2
AOI_2_Vegas_img1489,AOI_2_Vegas,AOI_2_Vegas:-11527:3614,test,owlv2,area,fixed,5.0,0.25,0,0,14,1,0.0,owlv2
AOI_2_Vegas_img1489,AOI_2_Vegas,AOI_2_Vegas:-11527:3614,test,owlv2,area,fixed,10.0,0.25,0,0,14,0,0.0,owlv2
AOI_2_Vegas_img1504,AOI_2_Vegas,AOI_2_Vegas:-11527:3616,test,owlv2,area,fixed,0.3,0.25,9,65,11,7,0.85,owlv2
AOI_2_Vegas_img1504,AOI_2_Vegas,AOI_2_Vegas:-11527:3616,test,owlv2,area,fixed,0.45,0.25,9,57,11,5,0.7,owlv2
AOI_2_Vegas_img1504,AOI_2_Vegas,AOI_2_Vegas:-11527:3616,test,owlv2,area,fixed,0.6,0.25,9,53,11,6,0.6,owlv2
AOI_2_Vegas_img1504,AOI_2_Vegas,AOI_2_Vegas:-11527:3616,test,owlv2,area,fixed,0.9,0.25,9,22,11,4,0.4,owlv2
AOI_2_Vegas_img1504,AOI_2_Vegas,AOI_2_Vegas:-11527:3616,test,owlv2,area,fixed,1.2,0.25,8,13,11,4,0.25,owlv2
AOI_2_Vegas_img1504,AOI_2_Vegas,AOI_2_Vegas:-11527:3616,test,owlv2,area,fixed,1.8,0.25,7,10,11,0,0.1,owlv2
AOI_2_Vegas_img1504,AOI_2_Vegas,AOI_2_Vegas:-11527:3616,test,owlv2,area,fixed,2.4,0.25,1,1,11,0,0.0,owlv2
AOI_2_Vegas_img1504,AOI_2_Vegas,AOI_2_Vegas:-11527:3616,test,owlv2,area,fixed,3.6,0.25,0,0,11,1,0.0,owlv2
AOI_2_Vegas_img1504,AOI_2_Vegas,AOI_2_Vegas:-11527:3616,test,owlv2,area,fixed,5.0,0.25,0,0,11,1,0.0,owlv2
AOI_2_Vegas_img1504,AOI_2_Vegas,AOI_2_Vegas:-11527:3616,test,owlv2,area,fixed,10.0,0.25,0,0,11,0,0.0,owlv2
AOI_2_Vegas_img1510,AOI_2_Vegas,AOI_2_Vegas:-11527:3618,test,owlv2,area,fixed,0.3,0.25,1,22,1,6,0.0,owlv2
AOI_2_Vegas_img1510,AOI_2_Vegas,AOI_2_Vegas:-11527:3618,test,owlv2,area,fixed,0.45,0.25,1,18,1,3,0.05,owlv2
AOI_2_Vegas_img1510,AOI_2_Vegas,AOI_2_Vegas:-11527:3618,test,owlv2,area,fixed,0.6,0.25,1,22,1,4,0.05,owlv2
AOI_2_Vegas_img1510,AOI_2_Vegas,AOI_2_Vegas:-11527:3618,test,owlv2,area,fixed,0.9,0.25,1,5,1,1,0.0,owlv2
AOI_2_Vegas_img1510,AOI_2_Vegas,AOI_2_Vegas:-11527:3618,test,owlv2,area,fixed,1.2,0.25,0,3,1,1,0.0,owlv2
AOI_2_Vegas_img1510,AOI_2_Vegas,AOI_2_Vegas:-11527:3618,test,owlv2,area,fixed,1.8,0.25,0,1,1,1,0.0,owlv2
AOI_2_Vegas_img1510,AOI_2_Vegas,AOI_2_Vegas:-11527:3618,test,owlv2,area,fixed,2.4,0.25,0,0,1,1,0.0,owlv2
AOI_2_Vegas_img1510,AOI_2_Vegas,AOI_2_Vegas:-11527:3618,test,owlv2,area,fixed,3.6,0.25,0,0,1,1,0.0,owlv2
AOI_2_Vegas_img1510,AOI_2_Vegas,AOI_2_Vegas:-11527:3618,test,owlv2,area,fixed,5.0,0.25,0,0,1,0,0.0,owlv2
AOI_2_Vegas_img1510,AOI_2_Vegas,AOI_2_Vegas:-11527:3618,test,owlv2,area,fixed,10.0,0.25,0,0,1,0,0.0,owlv2
AOI_2_Vegas_img1536,AOI_2_Vegas,AOI_2_Vegas:-11527:3622,test,owlv2,area,fixed,0.3,0.25,17,71,24,29,2.55,owlv2
AOI_2_Vegas_img1536,AOI_2_Vegas,AOI_2_Vegas:-11527:3622,test,owlv2,area,fixed,0.45,0.25,16,58,24,27,2.65,owlv2
AOI_2_Vegas_img1536,AOI_2_Vegas,AOI_2_Vegas:-11527:3622,test,owlv2,area,fixed,0.6,0.25,14,46,24,29,2.85,owlv2
AOI_2_Vegas_img1536,AOI_2_Vegas,AOI_2_Vegas:-11527:3622,test,owlv2,area,fixed,0.9,0.25,11,30,24,21,1.5,owlv2
AOI_2_Vegas_img1536,AOI_2_Vegas,AOI_2_Vegas:-11527:3622,test,owlv2,area,fixed,1.2,0.25,7,18,24,18,0.75,owlv2
AOI_2_Vegas_img1536,AOI_2_Vegas,AOI_2_Vegas:-11527:3622,test,owlv2,area,fixed,1.8,0.25,3,6,24,11,0.6,owlv2
AOI_2_Vegas_img1536,AOI_2_Vegas,AOI_2_Vegas:-11527:3622,test,owlv2,area,fixed,2.4,0.25,2,4,24,6,0.5,owlv2
AOI_2_Vegas_img1536,AOI_2_Vegas,AOI_2_Vegas:-11527:3622,test,owlv2,area,fixed,3.6,0.25,0,0,24,0,0.0,owlv2
AOI_2_Vegas_img1536,AOI_2_Vegas,AOI_2_Vegas:-11527:3622,test,owlv2,area,fixed,5.0,0.25,0,0,24,0,0.0,owlv2
AOI_2_Vegas_img1536,AOI_2_Vegas,AOI_2_Vegas:-11527:3622,test,owlv2,area,fixed,10.0,0.25,0,0,24,1,0.0,owlv2
AOI_2_Vegas_img1540,AOI_2_Vegas,AOI_2_Vegas:-11527:3623,test,owlv2,area,fixed,0.3,0.25,34,138,36,36,11.05,owlv2
AOI_2_Vegas_img1540,AOI_2_Vegas,AOI_2_Vegas:-11527:3623,test,owlv2,area,fixed,0.45,0.25,34,78,36,26,7.85,owlv2
AOI_2_Vegas_img1540,AOI_2_Vegas,AOI_2_Vegas:-11527:3623,test,owlv2,area,fixed,0.6,0.25,33,71,36,21,9.4,owlv2
AOI_2_Vegas_img1540,AOI_2_Vegas,AOI_2_Vegas:-11527:3623,test,owlv2,area,fixed,0.9,0.25,26,35,36,16,6.25,owlv2
AOI_2_Vegas_img1540,AOI_2_Vegas,AOI_2_Vegas:-11527:3623,test,owlv2,area,fixed,1.2,0.25,16,20,36,11,3.5,owlv2
AOI_2_Vegas_img1540,AOI_2_Vegas,AOI_2_Vegas:-11527:3623,test,owlv2,area,fixed,1.8,0.25,5,6,36,11,1.4,owlv2
AOI_2_Vegas_img1540,AOI_2_Vegas,AOI_2_Vegas:-11527:3623,test,owlv2,area,fixed,2.4,0.25,2,3,36,9,0.55,owlv2
AOI_2_Vegas_img1540,AOI_2_Vegas,AOI_2_Vegas:-11527:3623,test,owlv2,area,fixed,3.6,0.25,0,0,36,14,0.0,owlv2
AOI_2_Vegas_img1540,AOI_2_Vegas,AOI_2_Vegas:-11527:3623,test,owlv2,area,fixed,5.0,0.25,0,0,36,4,0.0,owlv2
AOI_2_Vegas_img1540,AOI_2_Vegas,AOI_2_Vegas:-11527:3623,test,owlv2,area,fixed,10.0,0.25,0,0,36,0,0.0,owlv2
AOI_2_Vegas_img1542,AOI_2_Vegas,AOI_2_Vegas:-11527:3612,test,owlv2,area,fixed,0.3,0.25,58,273,61,42,33.5,owlv2
AOI_2_Vegas_img1542,AOI_2_Vegas,AOI_2_Vegas:-11527:3612,test,owlv2,area,fixed,0.45,0.25,57,174,61,29,27.85,owlv2
AOI_2_Vegas_img1542,AOI_2_Vegas,AOI_2_Vegas:-11527:3612,test,owlv2,area,fixed,0.6,0.25,51,128,61,25,24.6,owlv2
AOI_2_Vegas_img1542,AOI_2_Vegas,AOI_2_Vegas:-11527:3612,test,owlv2,area,fixed,0.9,0.25,14,22,61,12,7.1,owlv2
AOI_2_Vegas_img1542,AOI_2_Vegas,AOI_2_Vegas:-11527:3612,test,owlv2,area,fixed,1.2,0.25,3,5,61,9,1.65,owlv2
AOI_2_Vegas_img1542,AOI_2_Vegas,AOI_2_Vegas:-11527:3612,test,owlv2,area,fixed,1.8,0.25,6,12,61,8,3.0,owlv2
AOI_2_Vegas_img1542,AOI_2_Vegas,AOI_2_Vegas:-11527:3612,test,owlv2,area,fixed,2.4,0.25,0,0,61,3,0.0,owlv2
AOI_2_Vegas_img1542,AOI_2_Vegas,AOI_2_Vegas:-11527:3612,test,owlv2,area,fixed,3.6,0.25,0,0,61,2,0.0,owlv2
AOI_2_Vegas_img1542,AOI_2_Vegas,AOI_2_Vegas:-11527:3612,test,owlv2,area,fixed,5.0,0.25,0,0,61,1,0.0,owlv2
AOI_2_Vegas_img1542,AOI_2_Vegas,AOI_2_Vegas:-11527:3612,test,owlv2,area,fixed,10.0,0.25,0,0,61,0,0.0,owlv2
AOI_2_Vegas_img1548,AOI_2_Vegas,AOI_2_Vegas:-11527:3613,test,owlv2,area,fixed,0.3,0.25,16,155,26,59,6.0,owlv2
AOI_2_Vegas_img1548,AOI_2_Vegas,AOI_2_Vegas:-11527:3613,test,owlv2,area,fixed,0.45,0.25,15,104,26,50,5.85,owlv2
AOI_2_Vegas_img1548,AOI_2_Vegas,AOI_2_Vegas:-11527:3613,test,owlv2,area,fixed,0.6,0.25,15,115,26,60,6.9,owlv2
AOI_2_Vegas_img1548,AOI_2_Vegas,AOI_2_Vegas:-11527:3613,test,owlv2,area,fixed,0.9,0.25,14,76,26,54,5.75,owlv2
AOI_2_Vegas_img1548,AOI_2_Vegas,AOI_2_Vegas:-11527:3613,test,owlv2,area,fixed,1.2,0.25,14,64,26,55,4.5,owlv2
AOI_2_Vegas_img1548,AOI_2_Vegas,AOI_2_Vegas:-11527:3613,test,owlv2,area,fixed,1.8,0.25,13,39,26,48,2.9,owlv2
AOI_2_Vegas_img1548,AOI_2_Vegas,AOI_2_Vegas:-11527:3613,test,owlv2,area,fixed,2.4,0.25,2,8,26,27,0.65,owlv2
AOI_2_Vegas_img1548,AOI_2_Vegas,AOI_2_Vegas:-11527:3613,test,owlv2,area,fixed,3.6,0.25,0,0,26,2,0.0,owlv2
AOI_2_Vegas_img1548,AOI_2_Vegas,AOI_2_Vegas:-11527:3613,test,owlv2,area,fixed,5.0,0.25,0,0,26,0,0.0,owlv2
AOI_2_Vegas_img1548,AOI_2_Vegas,AOI_2_Vegas:-11527:3613,test,owlv2,area,fixed,10.0,0.25,0,0,26,0,0.0,owlv2
AOI_2_Vegas_img1566,AOI_2_Vegas,AOI_2_Vegas:-11527:3616,test,owlv2,area,fixed,0.3,0.25,14,75,16,35,1.15,owlv2
AOI_2_Vegas_img1566,AOI_2_Vegas,AOI_2_Vegas:-11527:3616,test,owlv2,area,fixed,0.45,0.25,13,56,16,37,0.75,owlv2
AOI_2_Vegas_img1566,AOI_2_Vegas,AOI_2_Vegas:-11527:3616,test,owlv2,area,fixed,0.6,0.25,13,43,16,36,0.55,owlv2
AOI_2_Vegas_img1566,AOI_2_Vegas,AOI_2_Vegas:-11527:3616,test,owlv2,area,fixed,0.9,0.25,9,29,16,21,0.6,owlv2
AOI_2_Vegas_img1566,AOI_2_Vegas,AOI_2_Vegas:-11527:3616,test,owlv2,area,fixed,1.2,0.25,5,9,16,17,0.15,owlv2
AOI_2_Vegas_img1566,AOI_2_Vegas,AOI_2_Vegas:-11527:3616,test,owlv2,area,fixed,1.8,0.25,4,7,16,18,0.05,owlv2
AOI_2_Vegas_img1566,AOI_2_Vegas,AOI_2_Vegas:-11527:3616,test,owlv2,area,fixed,2.4,0.25,2,6,16,12,0.05,owlv2
AOI_2_Vegas_img1566,AOI_2_Vegas,AOI_2_Vegas:-11527:3616,test,owlv2,area,fixed,3.6,0.25,1,2,16,24,0.05,owlv2
AOI_2_Vegas_img1566,AOI_2_Vegas,AOI_2_Vegas:-11527:3616,test,owlv2,area,fixed,5.0,0.25,0,0,16,14,0.0,owlv2
AOI_2_Vegas_img1566,AOI_2_Vegas,AOI_2_Vegas:-11527:3616,test,owlv2,area,fixed,10.0,0.25,0,0,16,1,0.0,owlv2
AOI_2_Vegas_img1582,AOI_2_Vegas,AOI_2_Vegas:-11527:3619,test,owlv2,area,fixed,0.3,0.25,13,90,19,56,1.6,owlv2
AOI_2_Vegas_img1582,AOI_2_Vegas,AOI_2_Vegas:-11527:3619,test,owlv2,area,fixed,0.45,0.25,11,29,19,33,0.95,owlv2
AOI_2_Vegas_img1582,AOI_2_Vegas,AOI_2_Vegas:-11527:3619,test,owlv2,area,fixed,0.6,0.25,10,30,19,37,1.2,owlv2
AOI_2_Vegas_img1582,AOI_2_Vegas,AOI_2_Vegas:-11527:3619,test,owlv2,area,fixed,0.9,0.25,6,14,19,23,0.8,owlv2
AOI_2_Vegas_img1582,AOI_2_Vegas,AOI_2_Vegas:-11527:3619,test,owlv2,area,fixed,1.2,0.25,6,8,19,24,0.15,owlv2
AOI_2_Vegas_img1582,AOI_2_Vegas,AOI_2_Vegas:-11527:3619,test,owlv2,area,fixed,1.8,0.25,3,5,19,34,0.35,owlv2
AOI_2_Vegas_img1582,AOI_2_Vegas,AOI_2_Vegas:-11527:3619,test,owlv2,area,fixed,2.4,0.25,4,10,19,25,0.65,owlv2
AOI_2_Vegas_img1582,AOI_2_Vegas,AOI_2_Vegas:-11527:3619,test,owlv2,area,fixed,3.6,0.25,3,5,19,21,0.15,owlv2
AOI_2_Vegas_img1582,AOI_2_Vegas,AOI_2_Vegas:-11527:3619,test,owlv2,area,fixed,5.0,0.25,0,0,19,3,0.0,owlv2
AOI_2_Vegas_img1582,AOI_2_Vegas,AOI_2_Vegas:-11527:3619,test,owlv2,area,fixed,10.0,0.25,0,0,19,0,0.0,owlv2
AOI_2_Vegas_img1601,AOI_2_Vegas,AOI_2_Vegas:-11527:3623,test,owlv2,area,fixed,0.3,0.25,15,135,17,74,5.05,owlv2
AOI_2_Vegas_img1601,AOI_2_Vegas,AOI_2_Vegas:-11527:3623,test,owlv2,area,fixed,0.45,0.25,13,95,17,71,5.15,owlv2
AOI_2_Vegas_img1601,AOI_2_Vegas,AOI_2_Vegas:-11527:3623,test,owlv2,area,fixed,0.6,0.25,13,88,17,70,4.85,owlv2
AOI_2_Vegas_img1601,AOI_2_Vegas,AOI_2_Vegas:-11527:3623,test,owlv2,area,fixed,0.9,0.25,12,62,17,60,4.1,owlv2
AOI_2_Vegas_img1601,AOI_2_Vegas,AOI_2_Vegas:-11527:3623,test,owlv2,area,fixed,1.2,0.25,10,55,17,63,4.1,owlv2
AOI_2_Vegas_img1601,AOI_2_Vegas,AOI_2_Vegas:-11527:3623,test,owlv2,area,fixed,1.8,0.25,5,44,17,60,4.25,owlv2
AOI_2_Vegas_img1601,AOI_2_Vegas,AOI_2_Vegas:-11527:3623,test,owlv2,area,fixed,2.4,0.25,5,30,17,51,2.7,owlv2
AOI_2_Vegas_img1601,AOI_2_Vegas,AOI_2_Vegas:-11527:3623,test,owlv2,area,fixed,3.6,0.25,3,8,17,20,1.2,owlv2
AOI_2_Vegas_img1601,AOI_2_Vegas,AOI_2_Vegas:-11527:3623,test,owlv2,area,fixed,5.0,0.25,0,0,17,0,0.0,owlv2
AOI_2_Vegas_img1601,AOI_2_Vegas,AOI_2_Vegas:-11527:3623,test,owlv2,area,fixed,10.0,0.25,0,0,17,0,0.0,owlv2
AOI_2_Vegas_img1605,AOI_2_Vegas,AOI_2_Vegas:-11527:3612,test,owlv2,area,fixed,0.3,0.25,20,105,22,30,4.05,owlv2
AOI_2_Vegas_img1605,AOI_2_Vegas,AOI_2_Vegas:-11527:3612,test,owlv2,area,fixed,0.45,0.25,19,69,22,28,3.75,owlv2
AOI_2_Vegas_img1605,AOI_2_Vegas,AOI_2_Vegas:-11527:3612,test,owlv2,area,fixed,0.6,0.25,18,56,22,27,3.7,owlv2
AOI_2_Vegas_img1605,AOI_2_Vegas,AOI_2_Vegas:-11527:3612,test,owlv2,area,fixed,0.9,0.25,13,22,22,21,1.5,owlv2
AOI_2_Vegas_img1605,AOI_2_Vegas,AOI_2_Vegas:-11527:3612,test,owlv2,area,fixed,1.2,0.25,14,22,22,25,1.25,owlv2
AOI_2_Vegas_img1605,AOI_2_Vegas,AOI_2_Vegas:-11527:3612,test,owlv2,area,fixed,1.8,0.25,11,13,22,14,1.15,owlv2
AOI_2_Vegas_img1605,AOI_2_Vegas,AOI_2_Vegas:-11527:3612,test,owlv2,area,fixed,2.4,0.25,2,3,22,9,0.35,owlv2
AOI_2_Vegas_img1605,AOI_2_Vegas,AOI_2_Vegas:-11527:3612,test,owlv2,area,fixed,3.6,0.25,0,0,22,2,0.0,owlv2
AOI_2_Vegas_img1605,AOI_2_Vegas,AOI_2_Vegas:-11527:3612,test,owlv2,area,fixed,5.0,0.25,0,0,22,0,0.0,owlv2
AOI_2_Vegas_img1605,AOI_2_Vegas,AOI_2_Vegas:-11527:3612,test,owlv2,area,fixed,10.0,0.25,0,0,22,4,0.0,owlv2
AOI_2_Vegas_img1626,AOI_2_Vegas,AOI_2_Vegas:-11527:3616,test,owlv2,area,fixed,0.3,0.25,34,168,38,58,14.7,owlv2
AOI_2_Vegas_img1626,AOI_2_Vegas,AOI_2_Vegas:-11527:3616,test,owlv2,area,fixed,0.45,0.25,33,73,38,49,10.05,owlv2
AOI_2_Vegas_img1626,AOI_2_Vegas,AOI_2_Vegas:-11527:3616,test,owlv2,area,fixed,0.6,0.25,29,57,38,44,9.0,owlv2
AOI_2_Vegas_img1626,AOI_2_Vegas,AOI_2_Vegas:-11527:3616,test,owlv2,area,fixed,0.9,0.25,24,41,38,34,7.1,owlv2
AOI_2_Vegas_img1626,AOI_2_Vegas,AOI_2_Vegas:-11527:3616,test,owlv2,area,fixed,1.2,0.25,23,38,38,40,7.3,owlv2
AOI_2_Vegas_img1626,AOI_2_Vegas,AOI_2_Vegas:-11527:3616,test,owlv2,area,fixed,1.8,0.25,21,38,38,39,6.95,owlv2
AOI_2_Vegas_img1626,AOI_2_Vegas,AOI_2_Vegas:-11527:3616,test,owlv2,area,fixed,2.4,0.25,16,19,38,20,4.55,owlv2
AOI_2_Vegas_img1626,AOI_2_Vegas,AOI_2_Vegas:-11527:3616,test,owlv2,area,fixed,3.6,0.25,0,0,38,0,0.0,owlv2
AOI_2_Vegas_img1626,AOI_2_Vegas,AOI_2_Vegas:-11527:3616,test,owlv2,area,fixed,5.0,0.25,0,0,38,0,0.0,owlv2
AOI_2_Vegas_img1626,AOI_2_Vegas,AOI_2_Vegas:-11527:3616,test,owlv2,area,fixed,10.0,0.25,0,0,38,0,0.0,owlv2
AOI_2_Vegas_img166,AOI_2_Vegas,AOI_2_Vegas:-11531:3612,test,owlv2,area,fixed,0.3,0.25,18,85,18,14,6.9,owlv2
AOI_2_Vegas_img166,AOI_2_Vegas,AOI_2_Vegas:-11531:3612,test,owlv2,area,fixed,0.45,0.25,18,61,18,13,4.1,owlv2
AOI_2_Vegas_img166,AOI_2_Vegas,AOI_2_Vegas:-11531:3612,test,owlv2,area,fixed,0.6,0.25,18,59,18,17,4.65,owlv2
AOI_2_Vegas_img166,AOI_2_Vegas,AOI_2_Vegas:-11531:3612,test,owlv2,area,fixed,0.9,0.25,18,38,18,13,3.75,owlv2
AOI_2_Vegas_img166,AOI_2_Vegas,AOI_2_Vegas:-11531:3612,test,owlv2,area,fixed,1.2,0.25,18,23,18,9,2.85,owlv2
AOI_2_Vegas_img166,AOI_2_Vegas,AOI_2_Vegas:-11531:3612,test,owlv2,area,fixed,1.8,0.25,17,17,18,6,1.75,owlv2
AOI_2_Vegas_img166,AOI_2_Vegas,AOI_2_Vegas:-11531:3612,test,owlv2,area,fixed,2.4,0.25,17,18,18,4,2.2,owlv2
AOI_2_Vegas_img166,AOI_2_Vegas,AOI_2_Vegas:-11531:3612,test,owlv2,area,fixed,3.6,0.25,6,6,18,2,0.7,owlv2
AOI_2_Vegas_img166,AOI_2_Vegas,AOI_2_Vegas:-11531:3612,test,owlv2,area,fixed,5.0,0.25,0,0,18,0,0.0,owlv2
AOI_2_Vegas_img166,AOI_2_Vegas,AOI_2_Vegas:-11531:3612,test,owlv2,area,fixed,10.0,0.25,0,0,18,0,0.0,owlv2
AOI_2_Vegas_img1669,AOI_2_Vegas,AOI_2_Vegas:-11526:3613,test,owlv2,area,fixed,0.3,0.25,22,219,28,58,8.95,owlv2
AOI_2_Vegas_img1669,AOI_2_Vegas,AOI_2_Vegas:-11526:3613,test,owlv2,area,fixed,0.45,0.25,21,155,28,47,8.35,owlv2
AOI_2_Vegas_img1669,AOI_2_Vegas,AOI_2_Vegas:-11526:3613,test,owlv2,area,fixed,0.6,0.25,20,129,28,47,7.1,owlv2
AOI_2_Vegas_img1669,AOI_2_Vegas,AOI_2_Vegas:-11526:3613,test,owlv2,area,fixed,0.9,0.25,19,84,28,46,6.5,owlv2
AOI_2_Vegas_img1669,AOI_2_Vegas,AOI_2_Vegas:-11526:3613,test,owlv2,area,fixed,1.2,0.25,18,70,28,50,6.05,owlv2
AOI_2_Vegas_img1669,AOI_2_Vegas,AOI_2_Vegas:-11526:3613,test,owlv2,area,fixed,1.8,0.25,14,56,28,44,5.3,owlv2
AOI_2_Vegas_img1669,AOI_2_Vegas,AOI_2_Vegas:-11526:3613,test,owlv2,area,fixed,2.4,0.25,9,31,28,35,3.65,owlv2
AOI_2_Vegas_img1669,AOI_2_Vegas,AOI_2_Vegas:-11526:3613,test,owlv2,area,fixed,3.6,0.25,1,1,28,14,0.05,owlv2
AOI_2_Vegas_img1669,AOI_2_Vegas,AOI_2_Vegas:-11526:3613,test,owlv2,area,fixed,5.0,0.25,0,0,28,1,0.0,owlv2
AOI_2_Vegas_img1669,AOI_2_Vegas,AOI_2_Vegas:-11526:3613,test,owlv2,area,fixed,10.0,0.25,0,0,28,0,0.0,owlv2
AOI_2_Vegas_img1671,AOI_2_Vegas,AOI_2_Vegas:-11526:3613,test,owlv2,area,fixed,0.3,0.25,17,125,21,52,5.1,owlv2
AOI_2_Vegas_img1671,AOI_2_Vegas,AOI_2_Vegas:-11526:3613,test,owlv2,area,fixed,0.45,0.25,17,93,21,51,4.75,owlv2
AOI_2_Vegas_img1671,AOI_2_Vegas,AOI_2_Vegas:-11526:3613,test,owlv2,area,fixed,0.6,0.25,16,90,21,50,4.7,owlv2
AOI_2_Vegas_img1671,AOI_2_Vegas,AOI_2_Vegas:-11526:3613,test,owlv2,area,fixed,0.9,0.25,16,78,21,47,3.65,owlv2
AOI_2_Vegas_img1671,AOI_2_Vegas,AOI_2_Vegas:-11526:3613,test,owlv2,area,fixed,1.2,0.25,13,75,21,50,3.9,owlv2
AOI_2_Vegas_img1671,AOI_2_Vegas,AOI_2_Vegas:-11526:3613,test,owlv2,area,fixed,1.8,0.25,10,50,21,44,3.05,owlv2
AOI_2_Vegas_img1671,AOI_2_Vegas,AOI_2_Vegas:-11526:3613,test,owlv2,area,fixed,2.4,0.25,2,11,21,42,0.95,owlv2
AOI_2_Vegas_img1671,AOI_2_Vegas,AOI_2_Vegas:-11526:3613,test,owlv2,area,fixed,3.6,0.25,5,10,21,21,0.9,owlv2
AOI_2_Vegas_img1671,AOI_2_Vegas,AOI_2_Vegas:-11526:3613,test,owlv2,area,fixed,5.0,0.25,0,0,21,7,0.0,owlv2
AOI_2_Vegas_img1671,AOI_2_Vegas,AOI_2_Vegas:-11526:3613,test,owlv2,area,fixed,10.0,0.25,0,0,21,0,0.0,owlv2
AOI_2_Vegas_img1697,AOI_2_Vegas,AOI_2_Vegas:-11526:3618,test,owlv2,area,fixed,0.3,0.25,6,22,9,32,0.4,owlv2
AOI_2_Vegas_img1697,AOI_2_Vegas,AOI_2_Vegas:-11526:3618,test,owlv2,area,fixed,0.45,0.25,3,3,9,19,0.15,owlv2
AOI_2_Vegas_img1697,AOI_2_Vegas,AOI_2_Vegas:-11526:3618,test,owlv2,area,fixed,0.6,0.25,2,2,9,17,0.0,owlv2
AOI_2_Vegas_img1697,AOI_2_Vegas,AOI_2_Vegas:-11526:3618,test,owlv2,area,fixed,0.9,0.25,0,0,9,6,0.0,owlv2
AOI_2_Vegas_img1697,AOI_2_Vegas,AOI_2_Vegas:-11526:3618,test,owlv2,area,fixed,1.2,0.25,0,0,9,2,0.0,owlv2
AOI_2_Vegas_img1697,AOI_2_Vegas,AOI_2_Vegas:-11526:3618,test,owlv2,area,fixed,1.8,0.25,0,0,9,3,0.0,owlv2
AOI_2_Vegas_img1697,AOI_2_Vegas,AOI_2_Vegas:-11526:3618,test,owlv2,area,fixed,2.4,0.25,0,0,9,1,0.0,owlv2
AOI_2_Vegas_img1697,AOI_2_Vegas,AOI_2_Vegas:-11526:3618,test,owlv2,area,fixed,3.6,0.25,0,0,9,2,0.0,owlv2
AOI_2_Vegas_img1697,AOI_2_Vegas,AOI_2_Vegas:-11526:3618,test,owlv2,area,fixed,5.0,0.25,0,0,9,4,0.0,owlv2
AOI_2_Vegas_img1697,AOI_2_Vegas,AOI_2_Vegas:-11526:3618,test,owlv2,area,fixed,10.0,0.25,0,0,9,3,0.0,owlv2
AOI_2_Vegas_img1746,AOI_2_Vegas,AOI_2_Vegas:-11526:3615,test,owlv2,area,fixed,0.3,0.25,13,219,18,59,5.05,owlv2
AOI_2_Vegas_img1746,AOI_2_Vegas,AOI_2_Vegas:-11526:3615,test,owlv2,area,fixed,0.45,0.25,12,133,18,44,3.65,owlv2
AOI_2_Vegas_img1746,AOI_2_Vegas,AOI_2_Vegas:-11526:3615,test,owlv2,area,fixed,0.6,0.25,13,127,18,45,3.35,owlv2
AOI_2_Vegas_img1746,AOI_2_Vegas,AOI_2_Vegas:-11526:3615,test,owlv2,area,fixed,0.9,0.25,9,81,18,38,3.2,owlv2
AOI_2_Vegas_img1746,AOI_2_Vegas,AOI_2_Vegas:-11526:3615,test,owlv2,area,fixed,1.2,0.25,7,90,18,31,2.65,owlv2
AOI_2_Vegas_img1746,AOI_2_Vegas,AOI_2_Vegas:-11526:3615,test,owlv2,area,fixed,1.8,0.25,6,56,18,24,2.3,owlv2
AOI_2_Vegas_img1746,AOI_2_Vegas,AOI_2_Vegas:-11526:3615,test,owlv2,area,fixed,2.4,0.25,6,12,18,12,1.55,owlv2
AOI_2_Vegas_img1746,AOI_2_Vegas,AOI_2_Vegas:-11526:3615,test,owlv2,area,fixed,3.6,0.25,0,0,18,8,0.0,owlv2
AOI_2_Vegas_img1746,AOI_2_Vegas,AOI_2_Vegas:-11526:3615,test,owlv2,area,fixed,5.0,0.25,0,0,18,2,0.0,owlv2
AOI_2_Vegas_img1746,AOI_2_Vegas,AOI_2_Vegas:-11526:3615,test,owlv2,area,fixed,10.0,0.25,0,0,18,0,0.0,owlv2
AOI_2_Vegas_img1762,AOI_2_Vegas,AOI_2_Vegas:-11526:3618,test,owlv2,area,fixed,0.3,0.25,62,262,71,30,37.1,owlv2
AOI_2_Vegas_img1762,AOI_2_Vegas,AOI_2_Vegas:-11526:3618,test,owlv2,area,fixed,0.45,0.25,61,188,71,28,33.15,owlv2
AOI_2_Vegas_img1762,AOI_2_Vegas,AOI_2_Vegas:-11526:3618,test,owlv2,area,fixed,0.6,0.25,52,119,71,26,23.8,owlv2
AOI_2_Vegas_img1762,AOI_2_Vegas,AOI_2_Vegas:-11526:3618,test,owlv2,area,fixed,0.9,0.25,1,1,71,1,0.1,owlv2
AOI_2_Vegas_img1762,AOI_2_Vegas,AOI_2_Vegas:-11526:3618,test,owlv2,area,fixed,1.2,0.25,0,0,71,0,0.0,owlv2
AOI_2_Vegas_img1762,AOI_2_Vegas,AOI_2_Vegas:-11526:3618,test,owlv2,area,fixed,1.8,0.25,0,0,71,0,0.0,owlv2
AOI_2_Vegas_img1762,AOI_2_Vegas,AOI_2_Vegas:-11526:3618,test,owlv2,area,fixed,2.4,0.25,0,0,71,0,0.0,owlv2
AOI_2_Vegas_img1762,AOI_2_Vegas,AOI_2_Vegas:-11526:3618,test,owlv2,area,fixed,3.6,0.25,0,0,71,0,0.0,owlv2
AOI_2_Vegas_img1762,AOI_2_Vegas,AOI_2_Vegas:-11526:3618,test,owlv2,area,fixed,5.0,0.25,0,0,71,0,0.0,owlv2
AOI_2_Vegas_img1762,AOI_2_Vegas,AOI_2_Vegas:-11526:3618,test,owlv2,area,fixed,10.0,0.25,0,0,71,0,0.0,owlv2
AOI_2_Vegas_img1773,AOI_2_Vegas,AOI_2_Vegas:-11526:3620,test,owlv2,area,fixed,0.3,0.25,2,102,9,54,0.25,owlv2
AOI_2_Vegas_img1773,AOI_2_Vegas,AOI_2_Vegas:-11526:3620,test,owlv2,area,fixed,0.45,0.25,3,50,9,35,0.45,owlv2
AOI_2_Vegas_img1773,AOI_2_Vegas,AOI_2_Vegas:-11526:3620,test,owlv2,area,fixed,0.6,0.25,1,33,9,33,0.45,owlv2
AOI_2_Vegas_img1773,AOI_2_Vegas,AOI_2_Vegas:-11526:3620,test,owlv2,area,fixed,0.9,0.25,0,13,9,24,0.35,owlv2
AOI_2_Vegas_img1773,AOI_2_Vegas,AOI_2_Vegas:-11526:3620,test,owlv2,area,fixed,1.2,0.25,1,9,9,18,0.1,owlv2
AOI_2_Vegas_img1773,AOI_2_Vegas,AOI_2_Vegas:-11526:3620,test,owlv2,area,fixed,1.8,0.25,0,12,9,24,0.1,owlv2
AOI_2_Vegas_img1773,AOI_2_Vegas,AOI_2_Vegas:-11526:3620,test,owlv2,area,fixed,2.4,0.25,0,9,9,24,0.1,owlv2
AOI_2_Vegas_img1773,AOI_2_Vegas,AOI_2_Vegas:-11526:3620,test,owlv2,area,fixed,3.6,0.25,0,0,9,12,0.0,owlv2
AOI_2_Vegas_img1773,AOI_2_Vegas,AOI_2_Vegas:-11526:3620,test,owlv2,area,fixed,5.0,0.25,0,0,9,12,0.0,owlv2
AOI_2_Vegas_img1773,AOI_2_Vegas,AOI_2_Vegas:-11526:3620,test,owlv2,area,fixed,10.0,0.25,0,0,9,0,0.0,owlv2
AOI_2_Vegas_img1784,AOI_2_Vegas,AOI_2_Vegas:-11526:3622,test,owlv2,area,fixed,0.3,0.25,41,256,53,42,13.95,owlv2
AOI_2_Vegas_img1784,AOI_2_Vegas,AOI_2_Vegas:-11526:3622,test,owlv2,area,fixed,0.45,0.25,37,135,53,37,9.1,owlv2
AOI_2_Vegas_img1784,AOI_2_Vegas,AOI_2_Vegas:-11526:3622,test,owlv2,area,fixed,0.6,0.25,30,91,53,43,8.6,owlv2
AOI_2_Vegas_img1784,AOI_2_Vegas,AOI_2_Vegas:-11526:3622,test,owlv2,area,fixed,0.9,0.25,14,32,53,33,4.55,owlv2
AOI_2_Vegas_img1784,AOI_2_Vegas,AOI_2_Vegas:-11526:3622,test,owlv2,area,fixed,1.2,0.25,16,26,53,24,3.9,owlv2
AOI_2_Vegas_img1784,AOI_2_Vegas,AOI_2_Vegas:-11526:3622,test,owlv2,area,fixed,1.8,0.25,7,8,53,22,1.5,owlv2
AOI_2_Vegas_img1784,AOI_2_Vegas,AOI_2_Vegas:-11526:3622,test,owlv2,area,fixed,2.4,0.25,16,22,53,17,3.6,owlv2
AOI_2_Vegas_img1784,AOI_2_Vegas,AOI_2_Vegas:-11526:3622,test,owlv2,area,fixed,3.6,0.25,0,0,53,0,0.0,owlv2
AOI_2_Vegas_img1784,AOI_2_Vegas,AOI_2_Vegas:-11526:3622,test,owlv2,area,fixed,5.0,0.25,0,0,53,4,0.0,owlv2
AOI_2_Vegas_img1784,AOI_2_Vegas,AOI_2_Vegas:-11526:3622,test,owlv2,area,fixed,10.0,0.25,0,0,53,0,0.0,owlv2
AOI_2_Vegas_img1791,AOI_2_Vegas,AOI_2_Vegas:-11526:3612,test,owlv2,area,fixed,0.3,0.25,5,78,6,23,0.25,owlv2
AOI_2_Vegas_img1791,AOI_2_Vegas,AOI_2_Vegas:-11526:3612,test,owlv2,area,fixed,0.45,0.25,6,57,6,23,0.15,owlv2
AOI_2_Vegas_img1791,AOI_2_Vegas,AOI_2_Vegas:-11526:3612,test,owlv2,area,fixed,0.6,0.25,5,45,6,22,0.15,owlv2
AOI_2_Vegas_img1791,AOI_2_Vegas,AOI_2_Vegas:-11526:3612,test,owlv2,area,fixed,0.9,0.25,1,5,6,11,0.15,owlv2
AOI_2_Vegas_img1791,AOI_2_Vegas,AOI_2_Vegas:-11526:3612,test,owlv2,area,fixed,1.2,0.25,0,3,6,7,0.15,owlv2
AOI_2_Vegas_img1791,AOI_2_Vegas,AOI_2_Vegas:-11526:3612,test,owlv2,area,fixed,1.8,0.25,0,2,6,7,0.2,owlv2
AOI_2_Vegas_img1791,AOI_2_Vegas,AOI_2_Vegas:-11526:3612,test,owlv2,area,fixed,2.4,0.25,0,0,6,5,0.0,owlv2
AOI_2_Vegas_img1791,AOI_2_Vegas,AOI_2_Vegas:-11526:3612,test,owlv2,area,fixed,3.6,0.25,0,1,6,4,0.0,owlv2
AOI_2_Vegas_img1791,AOI_2_Vegas,AOI_2_Vegas:-11526:3612,test,owlv2,area,fixed,5.0,0.25,0,0,6,4,0.0,owlv2
AOI_2_Vegas_img1791,AOI_2_Vegas,AOI_2_Vegas:-11526:3612,test,owlv2,area,fixed,10.0,0.25,0,0,6,0,0.0,owlv2
AOI_2_Vegas_img1816,AOI_2_Vegas,AOI_2_Vegas:-11526:3617,test,owlv2,area,fixed,0.3,0.25,42,187,45,68,17.75,owlv2
AOI_2_Vegas_img1816,AOI_2_Vegas,AOI_2_Vegas:-11526:3617,test,owlv2,area,fixed,0.45,0.25,41,119,45,56,15.05,owlv2
AOI_2_Vegas_img1816,AOI_2_Vegas,AOI_2_Vegas:-11526:3617,test,owlv2,area,fixed,0.6,0.25,38,87,45,58,13.5,owlv2
AOI_2_Vegas_img1816,AOI_2_Vegas,AOI_2_Vegas:-11526:3617,test,owlv2,area,fixed,0.9,0.25,32,59,45,45,11.45,owlv2
AOI_2_Vegas_img1816,AOI_2_Vegas,AOI_2_Vegas:-11526:3617,test,owlv2,area,fixed,1.2,0.25,27,54,45,42,12.15,owlv2
AOI_2_Vegas_img1816,AOI_2_Vegas,AOI_2_Vegas:-11526:3617,test,owlv2,area,fixed,1.8,0.25,23,35,45,37,8.0,owlv2
AOI_2_Vegas_img1816,AOI_2_Vegas,AOI_2_Vegas:-11526:3617,test,owlv2,area,fixed,2.4,0.25,10,21,45,22,4.9,owlv2
AOI_2_Vegas_img1816,AOI_2_Vegas,AOI_2_Vegas:-11526:3617,test,owlv2,area,fixed,3.6,0.25,0,0,45,1,0.0,owlv2
AOI_2_Vegas_img1816,AOI_2_Vegas,AOI_2_Vegas:-11526:3617,test,owlv2,area,fixed,5.0,0.25,0,0,45,0,0.0,owlv2
AOI_2_Vegas_img1816,AOI_2_Vegas,AOI_2_Vegas:-11526:3617,test,owlv2,area,fixed,10.0,0.25,0,0,45,0,0.0,owlv2
AOI_2_Vegas_img1827,AOI_2_Vegas,AOI_2_Vegas:-11526:3619,test,owlv2,area,fixed,0.3,0.25,57,240,58,46,30.9,owlv2
AOI_2_Vegas_img1827,AOI_2_Vegas,AOI_2_Vegas:-11526:3619,test,owlv2,area,fixed,0.45,0.25,57,168,58,39,29.05,owlv2
AOI_2_Vegas_img1827,AOI_2_Vegas,AOI_2_Vegas:-11526:3619,test,owlv2,area,fixed,0.6,0.25,57,153,58,37,27.65,owlv2
AOI_2_Vegas_img1827,AOI_2_Vegas,AOI_2_Vegas:-11526:3619,test,owlv2,area,fixed,0.9,0.25,52,82,58,14,17.75,owlv2
AOI_2_Vegas_img1827,AOI_2_Vegas,AOI_2_Vegas:-11526:3619,test,owlv2,area,fixed,1.2,0.25,43,58,58,12,15.3,owlv2
AOI_2_Vegas_img1827,AOI_2_Vegas,AOI_2_Vegas:-11526:3619,test,owlv2,area,fixed,1.8,0.25,18,18,58,1,5.25,owlv2
AOI_2_Vegas_img1827,AOI_2_Vegas,AOI_2_Vegas:-11526:3619,test,owlv2,area,fixed,2.4,0.25,0,0,58,0,0.0,owlv2
AOI_2_Vegas_img1827,AOI_2_Vegas,AOI_2_Vegas:-11526:3619,test,owlv2,area,fixed,3.6,0.25,0,0,58,0,0.0,owlv2
AOI_2_Vegas_img1827,AOI_2_Vegas,AOI_2_Vegas:-11526:3619,test,owlv2,area,fixed,5.0,0.25,0,0,58,0,0.0,owlv2
AOI_2_Vegas_img1827,AOI_2_Vegas,AOI_2_Vegas:-11526:3619,test,owlv2,area,fixed,10.0,0.25,0,0,58,0,0.0,owlv2
AOI_2_Vegas_img1862,AOI_2_Vegas,AOI_2_Vegas:-11526:3614,test,owlv2,area,fixed,0.3,0.25,7,101,13,86,2.35,owlv2
AOI_2_Vegas_img1862,AOI_2_Vegas,AOI_2_Vegas:-11526:3614,test,owlv2,area,fixed,0.45,0.25,7,58,13,69,1.25,owlv2
AOI_2_Vegas_img1862,AOI_2_Vegas,AOI_2_Vegas:-11526:3614,test,owlv2,area,fixed,0.6,0.25,8,53,13,62,1.1,owlv2
AOI_2_Vegas_img1862,AOI_2_Vegas,AOI_2_Vegas:-11526:3614,test,owlv2,area,fixed,0.9,0.25,4,16,13,35,0.25,owlv2
AOI_2_Vegas_img1862,AOI_2_Vegas,AOI_2_Vegas:-11526:3614,test,owlv2,area,fixed,1.2,0.25,6,10,13,32,0.45,owlv2
AOI_2_Vegas_img1862,AOI_2_Vegas,AOI_2_Vegas:-11526:3614,test,owlv2,area,fixed,1.8,0.25,1,1,13,12,0.05,owlv2
AOI_2_Vegas_img1862,AOI_2_Vegas,AOI_2_Vegas:-11526:3614,test,owlv2,area,fixed,2.4,0.25,0,0,13,5,0.0,owlv2
AOI_2_Vegas_img1862,AOI_2_Vegas,AOI_2_Vegas:-11526:3614,test,owlv2,area,fixed,3.6,0.25,0,0,13,15,0.0,owlv2
AOI_2_Vegas_img1862,AOI_2_Vegas,AOI_2_Vegas:-11526:3614,test,owlv2,area,fixed,5.0,0.25,0,0,13,13,0.0,owlv2
AOI_2_Vegas_img1862,AOI_2_Vegas,AOI_2_Vegas:-11526:3614,test,owlv2,area,fixed,10.0,0.25,0,0,13,11,0.0,owlv2
AOI_2_Vegas_img189,AOI_2_Vegas,AOI_2_Vegas:-11531:3616,test,owlv2,area,fixed,0.3,0.25,16,85,17,39,5.0,owlv2
AOI_2_Vegas_img189,AOI_2_Vegas,AOI_2_Vegas:-11531:3616,test,owlv2,area,fixed,0.45,0.25,11,61,17,33,4.55,owlv2
AOI_2_Vegas_img189,AOI_2_Vegas,AOI_2_Vegas:-11531:3616,test,owlv2,area,fixed,0.6,0.25,11,67,17,32,5.1,owlv2
AOI_2_Vegas_img189,AOI_2_Vegas,AOI_2_Vegas:-11531:3616,test,owlv2,area,fixed,0.9,0.25,9,42,17,34,4.65,owlv2
AOI_2_Vegas_img189,AOI_2_Vegas,AOI_2_Vegas:-11531:3616,test,owlv2,area,fixed,1.2,0.25,12,54,17,35,5.6,owlv2
AOI_2_Vegas_img189,AOI_2_Vegas,AOI_2_Vegas:-11531:3616,test,owlv2,area,fixed,1.8,0.25,10,70,17,32,5.1,owlv2
AOI_2_Vegas_img189,AOI_2_Vegas,AOI_2_Vegas:-11531:3616,test,owlv2,area,fixed,2.4,0.25,10,46,17,25,5.3,owlv2
AOI_2_Vegas_img189,AOI_2_Vegas,AOI_2_Vegas:-11531:3616,test,owlv2,area,fixed,3.6,0.25,4,17,17,30,2.2,owlv2
AOI_2_Vegas_img189,AOI_2_Vegas,AOI_2_Vegas:-11531:3616,test,owlv2,area,fixed,5.0,0.25,5,12,17,32,1.35,owlv2
AOI_2_Vegas_img189,AOI_2_Vegas,AOI_2_Vegas:-11531:3616,test,owlv2,area,fixed,10.0,0.25,0,0,17,0,0.0,owlv2
AOI_2_Vegas_img1894,AOI_2_Vegas,AOI_2_Vegas:-11526:3620,test,owlv2,area,fixed,0.3,0.25,4,36,9,41,0.5,owlv2
AOI_2_Vegas_img1894,AOI_2_Vegas,AOI_2_Vegas:-11526:3620,test,owlv2,area,fixed,0.45,0.25,5,26,9,31,0.35,owlv2
AOI_2_Vegas_img1894,AOI_2_Vegas,AOI_2_Vegas:-11526:3620,test,owlv2,area,fixed,0.6,0.25,4,22,9,31,0.2,owlv2
AOI_2_Vegas_img1894,AOI_2_Vegas,AOI_2_Vegas:-11526:3620,test,owlv2,area,fixed,0.9,0.25,1,5,9,22,0.05,owlv2
AOI_2_Vegas_img1894,AOI_2_Vegas,AOI_2_Vegas:-11526:3620,test,owlv2,area,fixed,1.2,0.25,2,5,9,17,0.15,owlv2
AOI_2_Vegas_img1894,AOI_2_Vegas,AOI_2_Vegas:-11526:3620,test,owlv2,area,fixed,1.8,0.25,0,0,9,3,0.0,owlv2
AOI_2_Vegas_img1894,AOI_2_Vegas,AOI_2_Vegas:-11526:3620,test,owlv2,area,fixed,2.4,0.25,0,0,9,1,0.0,owlv2
AOI_2_Vegas_img1894,AOI_2_Vegas,AOI_2_Vegas:-11526:3620,test,owlv2,area,fixed,3.6,0.25,0,0,9,0,0.0,owlv2
AOI_2_Vegas_img1894,AOI_2_Vegas,AOI_2_Vegas:-11526:3620,test,owlv2,area,fixed,5.0,0.25,0,0,9,0,0.0,owlv2
AOI_2_Vegas_img1894,AOI_2_Vegas,AOI_2_Vegas:-11526:3620,test,owlv2,area,fixed,10.0,0.25,0,0,9,2,0.0,owlv2
AOI_2_Vegas_img190,AOI_2_Vegas,AOI_2_Vegas:-11531:3616,test,owlv2,area,fixed,0.3,0.25,17,92,22,29,6.45,owlv2
AOI_2_Vegas_img190,AOI_2_Vegas,AOI_2_Vegas:-11531:3616,test,owlv2,area,fixed,0.45,0.25,13,43,22,19,4.95,owlv2
AOI_2_Vegas_img190,AOI_2_Vegas,AOI_2_Vegas:-11531:3616,test,owlv2,area,fixed,0.6,0.25,12,48,22,19,5.4,owlv2
AOI_2_Vegas_img190,AOI_2_Vegas,AOI_2_Vegas:-11531:3616,test,owlv2,area,fixed,0.9,0.25,13,34,22,19,4.25,owlv2
AOI_2_Vegas_img190,AOI_2_Vegas,AOI_2_Vegas:-11531:3616,test,owlv2,area,fixed,1.2,0.25,12,28,22,22,3.85,owlv2
AOI_2_Vegas_img190,AOI_2_Vegas,AOI_2_Vegas:-11531:3616,test,owlv2,area,fixed,1.8,0.25,14,31,22,22,3.25,owlv2
AOI_2_Vegas_img190,AOI_2_Vegas,AOI_2_Vegas:-11531:3616,test,owlv2,area,fixed,2.4,0.25,9,20,22,22,3.6,owlv2
AOI_2_Vegas_img190,AOI_2_Vegas,AOI_2_Vegas:-11531:3616,test,owlv2,area,fixed,3.6,0.25,3,6,22,30,0.75,owlv2
AOI_2_Vegas_img190,AOI_2_Vegas,AOI_2_Vegas:-11531:3616,test,owlv2,area,fixed,5.0,0.25,0,1,22,9,0.05,owlv2
AOI_2_Vegas_img190,AOI_2_Vegas,AOI_2_Vegas:-11531:3616,test,owlv2,area,fixed,10.0,0.25,0,0,22,0,0.0,owlv2
AOI_2_Vegas_img1915,AOI_2_Vegas,AOI_2_Vegas:-11526:3612,test,owlv2,area,fixed,0.3,0.25,11,140,18,36,3.9,owlv2
AOI_2_Vegas_img1915,AOI_2_Vegas,AOI_2_Vegas:-11526:3612,test,owlv2,area,fixed,0.45,0.25,10,96,18,27,3.2,owlv2
AOI_2_Vegas_img1915,AOI_2_Vegas,AOI_2_Vegas:-11526:3612,test,owlv2,area,fixed,0.6,0.25,10,82,18,28,2.75,owlv2
AOI_2_Vegas_img1915,AOI_2_Vegas,AOI_2_Vegas:-11526:3612,test,owlv2,area,fixed,0.9,0.25,10,53,18,25,2.85,owlv2
AOI_2_Vegas_img1915,AOI_2_Vegas,AOI_2_Vegas:-11526:3612,test,owlv2,area,fixed,1.2,0.25,9,52,18,23,2.15,owlv2
AOI_2_Vegas_img1915,AOI_2_Vegas,AOI_2_Vegas:-11526:3612,test,owlv2,area,fixed,1.8,0.25,7,24,18,26,1.7,owlv2
AOI_2_Vegas_img1915,AOI_2_Vegas,AOI_2_Vegas:-11526:3612,test,owlv2,area,fixed,2.4,0.25,3,12,18,23,0.6,owlv2
AOI_2_Vegas_img1915,AOI_2_Vegas,AOI_2_Vegas:-11526:3612,test,owlv2,area,fixed,3.6,0.25,0,0,18,10,0.0,owlv2
AOI_2_Vegas_img1915,AOI_2_Vegas,AOI_2_Vegas:-11526:3612,test,owlv2,area,fixed,5.0,0.25,0,0,18,4,0.0,owlv2
AOI_2_Vegas_img1915,AOI_2_Vegas,AOI_2_Vegas:-11526:3612,test,owlv2,area,fixed,10.0,0.25,0,0,18,0,0.0,owlv2
AOI_2_Vegas_img1970,AOI_2_Vegas,AOI_2_Vegas:-11526:3622,test,owlv2,area,fixed,0.3,0.25,0,4,1,5,0.0,owlv2
AOI_2_Vegas_img1970,AOI_2_Vegas,AOI_2_Vegas:-11526:3622,test,owlv2,area,fixed,0.45,0.25,0,1,1,2,0.0,owlv2
AOI_2_Vegas_img1970,AOI_2_Vegas,AOI_2_Vegas:-11526:3622,test,owlv2,area,fixed,0.6,0.25,0,2,1,3,0.0,owlv2
AOI_2_Vegas_img1970,AOI_2_Vegas,AOI_2_Vegas:-11526:3622,test,owlv2,area,fixed,0.9,0.25,0,5,1,3,0.0,owlv2
AOI_2_Vegas_img1970,AOI_2_Vegas,AOI_2_Vegas:-11526:3622,test,owlv2,area,fixed,1.2,0.25,0,0,1,0,0.0,owlv2
AOI_2_Vegas_img1970,AOI_2_Vegas,AOI_2_Vegas:-11526:3622,test,owlv2,area,fixed,1.8,0.25,0,0,1,0,0.0,owlv2
AOI_2_Vegas_img1970,AOI_2_Vegas,AOI_2_Vegas:-11526:3622,test,owlv2,area,fixed,2.4,0.25,0,0,1,0,0.0,owlv2
AOI_2_Vegas_img1970,AOI_2_Vegas,AOI_2_Vegas:-11526:3622,test,owlv2,area,fixed,3.6,0.25,0,0,1,0,0.0,owlv2
AOI_2_Vegas_img1970,AOI_2_Vegas,AOI_2_Vegas:-11526:3622,test,owlv2,area,fixed,5.0,0.25,0,0,1,1,0.0,owlv2
AOI_2_Vegas_img1970,AOI_2_Vegas,AOI_2_Vegas:-11526:3622,test,owlv2,area,fixed,10.0,0.25,0,0,1,0,0.0,owlv2
AOI_2_Vegas_img1973,AOI_2_Vegas,AOI_2_Vegas:-11526:3623,test,owlv2,area,fixed,0.3,0.25,1,7,4,1,0.0,owlv2
AOI_2_Vegas_img1973,AOI_2_Vegas,AOI_2_Vegas:-11526:3623,test,owlv2,area,fixed,0.45,0.25,0,7,4,1,0.0,owlv2
AOI_2_Vegas_img1973,AOI_2_Vegas,AOI_2_Vegas:-11526:3623,test,owlv2,area,fixed,0.6,0.25,0,4,4,1,0.0,owlv2
AOI_2_Vegas_img1973,AOI_2_Vegas,AOI_2_Vegas:-11526:3623,test,owlv2,area,fixed,0.9,0.25,0,4,4,1,0.0,owlv2
AOI_2_Vegas_img1973,AOI_2_Vegas,AOI_2_Vegas:-11526:3623,test,owlv2,area,fixed,1.2,0.25,0,3,4,1,0.0,owlv2
AOI_2_Vegas_img1973,AOI_2_Vegas,AOI_2_Vegas:-11526:3623,test,owlv2,area,fixed,1.8,0.25,0,0,4,2,0.0,owlv2
AOI_2_Vegas_img1973,AOI_2_Vegas,AOI_2_Vegas:-11526:3623,test,owlv2,area,fixed,2.4,0.25,0,0,4,1,0.0,owlv2
AOI_2_Vegas_img1973,AOI_2_Vegas,AOI_2_Vegas:-11526:3623,test,owlv2,area,fixed,3.6,0.25,0,0,4,1,0.0,owlv2
AOI_2_Vegas_img1973,AOI_2_Vegas,AOI_2_Vegas:-11526:3623,test,owlv2,area,fixed,5.0,0.25,0,0,4,1,0.0,owlv2
AOI_2_Vegas_img1973,AOI_2_Vegas,AOI_2_Vegas:-11526:3623,test,owlv2,area,fixed,10.0,0.25,0,0,4,0,0.0,owlv2
AOI_2_Vegas_img1985,AOI_2_Vegas,AOI_2_Vegas:-11526:3614,test,owlv2,area,fixed,0.3,0.25,18,161,25,55,6.5,owlv2
AOI_2_Vegas_img1985,AOI_2_Vegas,AOI_2_Vegas:-11526:3614,test,owlv2,area,fixed,0.45,0.25,16,104,25,46,5.45,owlv2
AOI_2_Vegas_img1985,AOI_2_Vegas,AOI_2_Vegas:-11526:3614,test,owlv2,area,fixed,0.6,0.25,13,88,25,45,4.85,owlv2
AOI_2_Vegas_img1985,AOI_2_Vegas,AOI_2_Vegas:-11526:3614,test,owlv2,area,fixed,0.9,0.25,11,43,25,33,3.35,owlv2
AOI_2_Vegas_img1985,AOI_2_Vegas,AOI_2_Vegas:-11526:3614,test,owlv2,area,fixed,1.2,0.25,13,47,25,46,3.55,owlv2
AOI_2_Vegas_img1985,AOI_2_Vegas,AOI_2_Vegas:-11526:3614,test,owlv2,area,fixed,1.8,0.25,11,32,25,44,3.45,owlv2
AOI_2_Vegas_img1985,AOI_2_Vegas,AOI_2_Vegas:-11526:3614,test,owlv2,area,fixed,2.4,0.25,10,30,25,42,3.1,owlv2
AOI_2_Vegas_img1985,AOI_2_Vegas,AOI_2_Vegas:-11526:3614,test,owlv2,area,fixed,3.6,0.25,0,0,25,14,0.0,owlv2
AOI_2_Vegas_img1985,AOI_2_Vegas,AOI_2_Vegas:-11526:3614,test,owlv2,area,fixed,5.0,0.25,0,0,25,2,0.0,owlv2
AOI_2_Vegas_img1985,AOI_2_Vegas,AOI_2_Vegas:-11526:3614,test,owlv2,area,fixed,10.0,0.25,0,0,25,1,0.0,owlv2
AOI_2_Vegas_img2046,AOI_2_Vegas,AOI_2_Vegas:-11525:3613,test,owlv2,area,fixed,0.3,0.25,27,242,32,69,10.3,owlv2
AOI_2_Vegas_img2046,AOI_2_Vegas,AOI_2_Vegas:-11525:3613,test,owlv2,area,fixed,0.45,0.25,24,158,32,62,8.45,owlv2
AOI_2_Vegas_img2046,AOI_2_Vegas,AOI_2_Vegas:-11525:3613,test,owlv2,area,fixed,0.6,0.25,20,126,32,60,8.35,owlv2
AOI_2_Vegas_img2046,AOI_2_Vegas,AOI_2_Vegas:-11525:3613,test,owlv2,area,fixed,0.9,0.25,17,89,32,57,6.7,owlv2
AOI_2_Vegas_img2046,AOI_2_Vegas,AOI_2_Vegas:-11525:3613,test,owlv2,area,fixed,1.2,0.25,15,84,32,58,6.35,owlv2
AOI_2_Vegas_img2046,AOI_2_Vegas,AOI_2_Vegas:-11525:3613,test,owlv2,area,fixed,1.8,0.25,13,52,32,64,5.05,owlv2
AOI_2_Vegas_img2046,AOI_2_Vegas,AOI_2_Vegas:-11525:3613,test,owlv2,area,fixed,2.4,0.25,12,37,32,59,4.4,owlv2
AOI_2_Vegas_img2046,AOI_2_Vegas,AOI_2_Vegas:-11525:3613,test,owlv2,area,fixed,3.6,0.25,4,5,32,17,0.55,owlv2
AOI_2_Vegas_img2046,AOI_2_Vegas,AOI_2_Vegas:-11525:3613,test,owlv2,area,fixed,5.0,0.25,0,0,32,4,0.0,owlv2
AOI_2_Vegas_img2046,AOI_2_Vegas,AOI_2_Vegas:-11525:3613,test,owlv2,area,fixed,10.0,0.25,0,0,32,0,0.0,owlv2
AOI_2_Vegas_img2065,AOI_2_Vegas,AOI_2_Vegas:-11525:3617,test,owlv2,area,fixed,0.3,0.25,44,315,57,60,23.85,owlv2
AOI_2_Vegas_img2065,AOI_2_Vegas,AOI_2_Vegas:-11525:3617,test,owlv2,area,fixed,0.45,0.25,37,150,57,40,17.15,owlv2
AOI_2_Vegas_img2065,AOI_2_Vegas,AOI_2_Vegas:-11525:3617,test,owlv2,area,fixed,0.6,0.25,38,141,57,46,17.45,owlv2
AOI_2_Vegas_img2065,AOI_2_Vegas,AOI_2_Vegas:-11525:3617,test,owlv2,area,fixed,0.9,0.25,31,103,57,38,15.3,owlv2
AOI_2_Vegas_img2065,AOI_2_Vegas,AOI_2_Vegas:-11525:3617,test,owlv2,area,fixed,1.2,0.25,27,81,57,33,13.85,owlv2
AOI_2_Vegas_img2065,AOI_2_Vegas,AOI_2_Vegas:-11525:3617,test,owlv2,area,fixed,1.8,0.25,29,77,57,24,14.1,owlv2
AOI_2_Vegas_img2065,AOI_2_Vegas,AOI_2_Vegas:-11525:3617,test,owlv2,area,fixed,2.4,0.25,5,9,57,2,2.8,owlv2
AOI_2_Vegas_img2065,AOI_2_Vegas,AOI_2_Vegas:-11525:3617,test,owlv2,area,fixed,3.6,0.25,0,0,57,0,0.0,owlv2
AOI_2_Vegas_img2065,AOI_2_Vegas,AOI_2_Vegas:-11525:3617,test,owlv2,area,fixed,5.0,0.25,0,0,57,0,0.0,owlv2
AOI_2_Vegas_img2065,AOI_2_Vegas,AOI_2_Vegas:-11525:3617,test,owlv2,area,fixed,10.0,0.25,0,0,57,0,0.0,owlv2
AOI_2_Vegas_img2108,AOI_2_Vegas,AOI_2_Vegas:-11525:3613,test,owlv2,area,fixed,0.3,0.25,20,279,21,52,7.1,owlv2
AOI_2_Vegas_img2108,AOI_2_Vegas,AOI_2_Vegas:-11525:3613,test,owlv2,area,fixed,0.45,0.25,20,213,21,52,7.25,owlv2
AOI_2_Vegas_img2108,AOI_2_Vegas,AOI_2_Vegas:-11525:3613,test,owlv2,area,fixed,0.6,0.25,19,162,21,45,5.7,owlv2
AOI_2_Vegas_img2108,AOI_2_Vegas,AOI_2_Vegas:-11525:3613,test,owlv2,area,fixed,0.9,0.25,16,90,21,41,4.55,owlv2
AOI_2_Vegas_img2108,AOI_2_Vegas,AOI_2_Vegas:-11525:3613,test,owlv2,area,fixed,1.2,0.25,15,80,21,44,4.55,owlv2
AOI_2_Vegas_img2108,AOI_2_Vegas,AOI_2_Vegas:-11525:3613,test,owlv2,area,fixed,1.8,0.25,12,52,21,42,3.1,owlv2
AOI_2_Vegas_img2108,AOI_2_Vegas,AOI_2_Vegas:-11525:3613,test,owlv2,area,fixed,2.4,0.25,11,26,21,30,2.05,owlv2
AOI_2_Vegas_img2108,AOI_2_Vegas,AOI_2_Vegas:-11525:3613,test,owlv2,area,fixed,3.6,0.25,1,1,21,5,0.25,owlv2
AOI_2_Vegas_img2108,AOI_2_Vegas,AOI_2_Vegas:-11525:3613,test,owlv2,area,fixed,5.0,0.25,0,0,21,2,0.0,owlv2
AOI_2_Vegas_img2108,AOI_2_Vegas,AOI_2_Vegas:-11525:3613,test,owlv2,area,fixed,10.0,0.25,0,0,21,2,0.0,owlv2
AOI_2_Vegas_img2109,AOI_2_Vegas,AOI_2_Vegas:-11525:3613,test,owlv2,area,fixed,0.3,0.25,20,161,24,45,4.05,owlv2
AOI_2_Vegas_img2109,AOI_2_Vegas,AOI_2_Vegas:-11525:3613,test,owlv2,area,fixed,0.45,0.25,15,113,24,39,2.9,owlv2
AOI_2_Vegas_img2109,AOI_2_Vegas,AOI_2_Vegas:-11525:3613,test,owlv2,area,fixed,0.6,0.25,10,77,24,40,3.15,owlv2
AOI_2_Vegas_img2109,AOI_2_Vegas,AOI_2_Vegas:-11525:3613,test,owlv2,area,fixed,0.9,0.25,6,24,24,23,1.35,owlv2
AOI_2_Vegas_img2109,AOI_2_Vegas,AOI_2_Vegas:-11525:3613,test,owlv2,area,fixed,1.2,0.25,4,17,24,20,0.75,owlv2
AOI_2_Vegas_img2109,AOI_2_Vegas,AOI_2_Vegas:-11525:3613,test,owlv2,area,fixed,1.8,0.25,2,22,24,37,0.95,owlv2
AOI_2_Vegas_img2109,AOI_2_Vegas,AOI_2_Vegas:-11525:3613,test,owlv2,area,fixed,2.4,0.25,1,2,24,11,0.1,owlv2
AOI_2_Vegas_img2109,AOI_2_Vegas,AOI_2_Vegas:-11525:3613,test,owlv2,area,fixed,3.6,0.25,0,0,24,1,0.0,owlv2
AOI_2_Vegas_img2109,AOI_2_Vegas,AOI_2_Vegas:-11525:3613,test,owlv2,area,fixed,5.0,0.25,0,0,24,0,0.0,owlv2
AOI_2_Vegas_img2109,AOI_2_Vegas,AOI_2_Vegas:-11525:3613,test,owlv2,area,fixed,10.0,0.25,0,0,24,0,0.0,owlv2
AOI_2_Vegas_img2110,AOI_2_Vegas,AOI_2_Vegas:-11525:3613,test,owlv2,area,fixed,0.3,0.25,9,44,12,35,1.1,owlv2
AOI_2_Vegas_img2110,AOI_2_Vegas,AOI_2_Vegas:-11525:3613,test,owlv2,area,fixed,0.45,0.25,9,32,12,31,1.1,owlv2
AOI_2_Vegas_img2110,AOI_2_Vegas,AOI_2_Vegas:-11525:3613,test,owlv2,area,fixed,0.6,0.25,9,30,12,31,1.2,owlv2
AOI_2_Vegas_img2110,AOI_2_Vegas,AOI_2_Vegas:-11525:3613,test,owlv2,area,fixed,0.9,0.25,6,16,12,16,0.45,owlv2
AOI_2_Vegas_img2110,AOI_2_Vegas,AOI_2_Vegas:-11525:3613,test,owlv2,area,fixed,1.2,0.25,4,15,12,27,0.35,owlv2
AOI_2_Vegas_img2110,AOI_2_Vegas,AOI_2_Vegas:-11525:3613,test,owlv2,area,fixed,1.8,0.25,3,8,12,29,0.25,owlv2
AOI_2_Vegas_img2110,AOI_2_Vegas,AOI_2_Vegas:-11525:3613,test,owlv2,area,fixed,2.4,0.25,1,2,12,13,0.05,owlv2
AOI_2_Vegas_img2110,AOI_2_Vegas,AOI_2_Vegas:-11525:3613,test,owlv2,area,fixed,3.6,0.25,0,1,12,6,0.0,owlv2
AOI_2_Vegas_img2110,AOI_2_Vegas,AOI_2_Vegas:-11525:3613,test,owlv2,area,fixed,5.0,0.25,0,0,12,0,0.0,owlv2
AOI_2_Vegas_img2110,AOI_2_Vegas,AOI_2_Vegas:-11525:3613,test,owlv2,area,fixed,10.0,0.25,0,0,12,0,0.0,owlv2
AOI_2_Vegas_img2202,AOI_2_Vegas,AOI_2_Vegas:-11525:3617,test,owlv2,area,fixed,0.3,0.25,0,0,0,0,0.0,owlv2
AOI_2_Vegas_img2202,AOI_2_Vegas,AOI_2_Vegas:-11525:3617,test,owlv2,area,fixed,0.45,0.25,0,0,0,0,0.0,owlv2
AOI_2_Vegas_img2202,AOI_2_Vegas,AOI_2_Vegas:-11525:3617,test,owlv2,area,fixed,0.6,0.25,0,0,0,0,0.0,owlv2
AOI_2_Vegas_img2202,AOI_2_Vegas,AOI_2_Vegas:-11525:3617,test,owlv2,area,fixed,0.9,0.25,0,0,0,0,0.0,owlv2
AOI_2_Vegas_img2202,AOI_2_Vegas,AOI_2_Vegas:-11525:3617,test,owlv2,area,fixed,1.2,0.25,0,0,0,0,0.0,owlv2
AOI_2_Vegas_img2202,AOI_2_Vegas,AOI_2_Vegas:-11525:3617,test,owlv2,area,fixed,1.8,0.25,0,0,0,0,0.0,owlv2
AOI_2_Vegas_img2202,AOI_2_Vegas,AOI_2_Vegas:-11525:3617,test,owlv2,area,fixed,2.4,0.25,0,0,0,0,0.0,owlv2
AOI_2_Vegas_img2202,AOI_2_Vegas,AOI_2_Vegas:-11525:3617,test,owlv2,area,fixed,3.6,0.25,0,0,0,0,0.0,owlv2
AOI_2_Vegas_img2202,AOI_2_Vegas,AOI_2_Vegas:-11525:3617,test,owlv2,area,fixed,5.0,0.25,0,0,0,0,0.0,owlv2
AOI_2_Vegas_img2202,AOI_2_Vegas,AOI_2_Vegas:-11525:3617,test,owlv2,area,fixed,10.0,0.25,0,0,0,0,0.0,owlv2
AOI_2_Vegas_img2207,AOI_2_Vegas,AOI_2_Vegas:-11525:3618,test,owlv2,area,fixed,0.3,0.25,15,60,24,52,5.4,owlv2
AOI_2_Vegas_img2207,AOI_2_Vegas,AOI_2_Vegas:-11525:3618,test,owlv2,area,fixed,0.45,0.25,15,41,24,41,4.1,owlv2
AOI_2_Vegas_img2207,AOI_2_Vegas,AOI_2_Vegas:-11525:3618,test,owlv2,area,fixed,0.6,0.25,14,32,24,38,4.9,owlv2
AOI_2_Vegas_img2207,AOI_2_Vegas,AOI_2_Vegas:-11525:3618,test,owlv2,area,fixed,0.9,0.25,13,17,24,31,2.9,owlv2
AOI_2_Vegas_img2207,AOI_2_Vegas,AOI_2_Vegas:-11525:3618,test,owlv2,area,fixed,1.2,0.25,4,6,24,24,0.9,owlv2
AOI_2_Vegas_img2207,AOI_2_Vegas,AOI_2_Vegas:-11525:3618,test,owlv2,area,fixed,1.8,0.25,2,3,24,16,0.5,owlv2
AOI_2_Vegas_img2207,AOI_2_Vegas,AOI_2_Vegas:-11525:3618,test,owlv2,area,fixed,2.4,0.25,2,3,24,10,0.7,owlv2
AOI_2_Vegas_img2207,AOI_2_Vegas,AOI_2_Vegas:-11525:3618,test,owlv2,area,fixed,3.6,0.25,0,0,24,3,0.0,owlv2
AOI_2_Vegas_img2207,AOI_2_Vegas,AOI_2_Vegas:-11525:3618,test,owlv2,area,fixed,5.0,0.25,0,0,24,0,0.0,owlv2
AOI_2_Vegas_img2207,AOI_2_Vegas,AOI_2_Vegas:-11525:3618,test,owlv2,area,fixed,10.0,0.25,0,0,24,0,0.0,owlv2
AOI_2_Vegas_img2218,AOI_2_Vegas,AOI_2_Vegas:-11525:3620,test,owlv2,area,fixed,0.3,0.25,14,175,14,45,3.25,owlv2
AOI_2_Vegas_img2218,AOI_2_Vegas,AOI_2_Vegas:-11525:3620,test,owlv2,area,fixed,0.45,0.25,14,105,14,46,2.25,owlv2
AOI_2_Vegas_img2218,AOI_2_Vegas,AOI_2_Vegas:-11525:3620,test,owlv2,area,fixed,0.6,0.25,14,85,14,43,2.4,owlv2
AOI_2_Vegas_img2218,AOI_2_Vegas,AOI_2_Vegas:-11525:3620,test,owlv2,area,fixed,0.9,0.25,11,36,14,34,1.15,owlv2
AOI_2_Vegas_img2218,AOI_2_Vegas,AOI_2_Vegas:-11525:3620,test,owlv2,area,fixed,1.2,0.25,11,23,14,29,1.55,owlv2
AOI_2_Vegas_img2218,AOI_2_Vegas,AOI_2_Vegas:-11525:3620,test,owlv2,area,fixed,1.8,0.25,10,14,14,22,1.2,owlv2
AOI_2_Vegas_img2218,AOI_2_Vegas,AOI_2_Vegas:-11525:3620,test,owlv2,area,fixed,2.4,0.25,1,1,14,18,0.1,owlv2
AOI_2_Vegas_img2218,AOI_2_Vegas,AOI_2_Vegas:-11525:3620,test,owlv2,area,fixed,3.6,0.25,0,0,14,5,0.0,owlv2
AOI_2_Vegas_img2218,AOI_2_Vegas,AOI_2_Vegas:-11525:3620,test,owlv2,area,fixed,5.0,0.25,0,0,14,4,0.0,owlv2
AOI_2_Vegas_img2218,AOI_2_Vegas,AOI_2_Vegas:-11525:3620,test,owlv2,area,fixed,10.0,0.25,0,0,14,3,0.0,owlv2
AOI_2_Vegas_img2230,AOI_2_Vegas,AOI_2_Vegas:-11525:3622,test,owlv2,area,fixed,0.3,0.25,23,201,30,56,10.2,owlv2
AOI_2_Vegas_img2230,AOI_2_Vegas,AOI_2_Vegas:-11525:3622,test,owlv2,area,fixed,0.45,0.25,22,151,30,37,9.1,owlv2
AOI_2_Vegas_img2230,AOI_2_Vegas,AOI_2_Vegas:-11525:3622,test,owlv2,area,fixed,0.6,0.25,23,152,30,42,10.45,owlv2
AOI_2_Vegas_img2230,AOI_2_Vegas,AOI_2_Vegas:-11525:3622,test,owlv2,area,fixed,0.9,0.25,14,52,30,35,5.25,owlv2
AOI_2_Vegas_img2230,AOI_2_Vegas,AOI_2_Vegas:-11525:3622,test,owlv2,area,fixed,1.2,0.25,14,42,30,39,4.35,owlv2
AOI_2_Vegas_img2230,AOI_2_Vegas,AOI_2_Vegas:-11525:3622,test,owlv2,area,fixed,1.8,0.25,7,13,30,29,2.9,owlv2
AOI_2_Vegas_img2230,AOI_2_Vegas,AOI_2_Vegas:-11525:3622,test,owlv2,area,fixed,2.4,0.25,3,5,30,24,1.25,owlv2
AOI_2_Vegas_img2230,AOI_2_Vegas,AOI_2_Vegas:-11525:3622,test,owlv2,area,fixed,3.6,0.25,2,2,30,21,0.85,owlv2
AOI_2_Vegas_img2230,AOI_2_Vegas,AOI_2_Vegas:-11525:3622,test,owlv2,area,fixed,5.0,0.25,0,0,30,1,0.0,owlv2
AOI_2_Vegas_img2230,AOI_2_Vegas,AOI_2_Vegas:-11525:3622,test,owlv2,area,fixed,10.0,0.25,0,0,30,7,0.0,owlv2
AOI_2_Vegas_img2236,AOI_2_Vegas,AOI_2_Vegas:-11525:3623,test,owlv2,area,fixed,0.3,0.25,60,218,73,66,31.4,owlv2
AOI_2_Vegas_img2236,AOI_2_Vegas,AOI_2_Vegas:-11525:3623,test,owlv2,area,fixed,0.45,0.25,57,130,73,50,24.65,owlv2
AOI_2_Vegas_img2236,AOI_2_Vegas,AOI_2_Vegas:-11525:3623,test,owlv2,area,fixed,0.6,0.25,53,91,73,52,20.95,owlv2
AOI_2_Vegas_img2236,AOI_2_Vegas,AOI_2_Vegas:-11525:3623,test,owlv2,area,fixed,0.9,0.25,42,72,73,53,16.2,owlv2
AOI_2_Vegas_img2236,AOI_2_Vegas,AOI_2_Vegas:-11525:3623,test,owlv2,area,fixed,1.2,0.25,32,53,73,61,14.2,owlv2
AOI_2_Vegas_img2236,AOI_2_Vegas,AOI_2_Vegas:-11525:3623,test,owlv2,area,fixed,1.8,0.25,25,31,73,55,8.5,owlv2
AOI_2_Vegas_img2236,AOI_2_Vegas,AOI_2_Vegas:-11525:3623,test,owlv2,area,fixed,2.4,0.25,8,13,73,37,3.4,owlv2
AOI_2_Vegas_img2236,AOI_2_Vegas,AOI_2_Vegas:-11525:3623,test,owlv2,area,fixed,3.6,0.25,3,4,73,37,1.3,owlv2
AOI_2_Vegas_img2236,AOI_2_Vegas,AOI_2_Vegas:-11525:3623,test,owlv2,area,fixed,5.0,0.25,0,0,73,15,0.0,owlv2
AOI_2_Vegas_img2236,AOI_2_Vegas,AOI_2_Vegas:-11525:3623,test,owlv2,area,fixed,10.0,0.25,0,0,73,0,0.0,owlv2
AOI_2_Vegas_img2267,AOI_2_Vegas,AOI_2_Vegas:-11525:3616,test,owlv2,area,fixed,0.3,0.25,51,284,58,62,22.2,owlv2
AOI_2_Vegas_img2267,AOI_2_Vegas,AOI_2_Vegas:-11525:3616,test,owlv2,area,fixed,0.45,0.25,49,201,58,47,19.55,owlv2
AOI_2_Vegas_img2267,AOI_2_Vegas,AOI_2_Vegas:-11525:3616,test,owlv2,area,fixed,0.6,0.25,47,173,58,40,18.85,owlv2
AOI_2_Vegas_img2267,AOI_2_Vegas,AOI_2_Vegas:-11525:3616,test,owlv2,area,fixed,0.9,0.25,43,95,58,24,13.0,owlv2
AOI_2_Vegas_img2267,AOI_2_Vegas,AOI_2_Vegas:-11525:3616,test,owlv2,area,fixed,1.2,0.25,41,66,58,20,10.05,owlv2
AOI_2_Vegas_img2267,AOI_2_Vegas,AOI_2_Vegas:-11525:3616,test,owlv2,area,fixed,1.8,0.25,40,63,58,23,10.05,owlv2
AOI_2_Vegas_img2267,AOI_2_Vegas,AOI_2_Vegas:-11525:3616,test,owlv2,area,fixed,2.4,0.25,33,42,58,22,8.15,owlv2
AOI_2_Vegas_img2267,AOI_2_Vegas,AOI_2_Vegas:-11525:3616,test,owlv2,area,fixed,3.6,0.25,0,0,58,0,0.0,owlv2
AOI_2_Vegas_img2267,AOI_2_Vegas,AOI_2_Vegas:-11525:3616,test,owlv2,area,fixed,5.0,0.25,0,0,58,0,0.0,owlv2
AOI_2_Vegas_img2267,AOI_2_Vegas,AOI_2_Vegas:-11525:3616,test,owlv2,area,fixed,10.0,0.25,0,0,58,0,0.0,owlv2
AOI_2_Vegas_img227,AOI_2_Vegas,AOI_2_Vegas:-11530:3613,test,owlv2,area,fixed,0.3,0.25,37,210,42,62,20.3,owlv2
AOI_2_Vegas_img227,AOI_2_Vegas,AOI_2_Vegas:-11530:3613,test,owlv2,area,fixed,0.45,0.25,37,185,42,42,18.65,owlv2
AOI_2_Vegas_img227,AOI_2_Vegas,AOI_2_Vegas:-11530:3613,test,owlv2,area,fixed,0.6,0.25,34,121,42,48,16.2,owlv2
AOI_2_Vegas_img227,AOI_2_Vegas,AOI_2_Vegas:-11530:3613,test,owlv2,area,fixed,0.9,0.25,30,52,42,22,9.95,owlv2
AOI_2_Vegas_img227,AOI_2_Vegas,AOI_2_Vegas:-11530:3613,test,owlv2,area,fixed,1.2,0.25,26,41,42,20,8.45,owlv2
AOI_2_Vegas_img227,AOI_2_Vegas,AOI_2_Vegas:-11530:3613,test,owlv2,area,fixed,1.8,0.25,27,35,42,13,8.3,owlv2
AOI_2_Vegas_img227,AOI_2_Vegas,AOI_2_Vegas:-11530:3613,test,owlv2,area,fixed,2.4,0.25,20,22,42,7,6.3,owlv2
AOI_2_Vegas_img227,AOI_2_Vegas,AOI_2_Vegas:-11530:3613,test,owlv2,area,fixed,3.6,0.25,0,0,42,1,0.0,owlv2
AOI_2_Vegas_img227,AOI_2_Vegas,AOI_2_Vegas:-11530:3613,test,owlv2,area,fixed,5.0,0.25,0,0,42,0,0.0,owlv2
AOI_2_Vegas_img227,AOI_2_Vegas,AOI_2_Vegas:-11530:3613,test,owlv2,area,fixed,10.0,0.25,0,0,42,0,0.0,owlv2
AOI_2_Vegas_img2276,AOI_2_Vegas,AOI_2_Vegas:-11525:3617,test,owlv2,area,fixed,0.3,0.25,0,0,0,1,0.0,owlv2
AOI_2_Vegas_img2276,AOI_2_Vegas,AOI_2_Vegas:-11525:3617,test,owlv2,area,fixed,0.45,0.25,0,0,0,0,0.0,owlv2
AOI_2_Vegas_img2276,AOI_2_Vegas,AOI_2_Vegas:-11525:3617,test,owlv2,area,fixed,0.6,0.25,0,0,0,0,0.0,owlv2
AOI_2_Vegas_img2276,AOI_2_Vegas,AOI_2_Vegas:-11525:3617,test,owlv2,area,fixed,0.9,0.25,0,0,0,0,0.0,owlv2
AOI_2_Vegas_img2276,AOI_2_Vegas,AOI_2_Vegas:-11525:3617,test,owlv2,area,fixed,1.2,0.25,0,0,0,0,0.0,owlv2
AOI_2_Vegas_img2276,AOI_2_Vegas,AOI_2_Vegas:-11525:3617,test,owlv2,area,fixed,1.8,0.25,0,0,0,0,0.0,owlv2
AOI_2_Vegas_img2276,AOI_2_Vegas,AOI_2_Vegas:-11525:3617,test,owlv2,area,fixed,2.4,0.25,0,0,0,0,0.0,owlv2
AOI_2_Vegas_img2276,AOI_2_Vegas,AOI_2_Vegas:-11525:3617,test,owlv2,area,fixed,3.6,0.25,0,0,0,0,0.0,owlv2
AOI_2_Vegas_img2276,AOI_2_Vegas,AOI_2_Vegas:-11525:3617,test,owlv2,area,fixed,5.0,0.25,0,0,0,0,0.0,owlv2
AOI_2_Vegas_img2276,AOI_2_Vegas,AOI_2_Vegas:-11525:3617,test,owlv2,area,fixed,10.0,0.25,0,0,0,0,0.0,owlv2
AOI_2_Vegas_img2281,AOI_2_Vegas,AOI_2_Vegas:-11525:3618,test,owlv2,area,fixed,0.3,0.25,5,31,14,34,0.5,owlv2
AOI_2_Vegas_img2281,AOI_2_Vegas,AOI_2_Vegas:-11525:3618,test,owlv2,area,fixed,0.45,0.25,3,12,14,22,0.35,owlv2
AOI_2_Vegas_img2281,AOI_2_Vegas,AOI_2_Vegas:-11525:3618,test,owlv2,area,fixed,0.6,0.25,2,5,14,13,0.3,owlv2
AOI_2_Vegas_img2281,AOI_2_Vegas,AOI_2_Vegas:-11525:3618,test,owlv2,area,fixed,0.9,0.25,0,0,14,0,0.0,owlv2
AOI_2_Vegas_img2281,AOI_2_Vegas,AOI_2_Vegas:-11525:3618,test,owlv2,area,fixed,1.2,0.25,0,0,14,0,0.0,owlv2
AOI_2_Vegas_img2281,AOI_2_Vegas,AOI_2_Vegas:-11525:3618,test,owlv2,area,fixed,1.8,0.25,0,0,14,6,0.0,owlv2
AOI_2_Vegas_img2281,AOI_2_Vegas,AOI_2_Vegas:-11525:3618,test,owlv2,area,fixed,2.4,0.25,0,0,14,11,0.0,owlv2
AOI_2_Vegas_img2281,AOI_2_Vegas,AOI_2_Vegas:-11525:3618,test,owlv2,area,fixed,3.6,0.25,0,0,14,9,0.0,owlv2
AOI_2_Vegas_img2281,AOI_2_Vegas,AOI_2_Vegas:-11525:3618,test,owlv2,area,fixed,5.0,0.25,0,0,14,10,0.0,owlv2
AOI_2_Vegas_img2281,AOI_2_Vegas,AOI_2_Vegas:-11525:3618,test,owlv2,area,fixed,10.0,0.25,0,0,14,6,0.0,owlv2
AOI_2_Vegas_img2302,AOI_2_Vegas,AOI_2_Vegas:-11525:3622,test,owlv2,area,fixed,0.3,0.25,50,367,58,70,26.15,owlv2
AOI_2_Vegas_img2302,AOI_2_Vegas,AOI_2_Vegas:-11525:3622,test,owlv2,area,fixed,0.45,0.25,41,152,58,47,20.3,owlv2
AOI_2_Vegas_img2302,AOI_2_Vegas,AOI_2_Vegas:-11525:3622,test,owlv2,area,fixed,0.6,0.25,39,135,58,46,17.5,owlv2
AOI_2_Vegas_img2302,AOI_2_Vegas,AOI_2_Vegas:-11525:3622,test,owlv2,area,fixed,0.9,0.25,35,88,58,32,15.7,owlv2
AOI_2_Vegas_img2302,AOI_2_Vegas,AOI_2_Vegas:-11525:3622,test,owlv2,area,fixed,1.2,0.25,33,71,58,25,14.0,owlv2
AOI_2_Vegas_img2302,AOI_2_Vegas,AOI_2_Vegas:-11525:3622,test,owlv2,area,fixed,1.8,0.25,28,48,58,34,10.35,owlv2
AOI_2_Vegas_img2302,AOI_2_Vegas,AOI_2_Vegas:-11525:3622,test,owlv2,area,fixed,2.4,0.25,15,20,58,16,4.5,owlv2
AOI_2_Vegas_img2302,AOI_2_Vegas,AOI_2_Vegas:-11525:3622,test,owlv2,area,fixed,3.6,0.25,0,0,58,0,0.0,owlv2
AOI_2_Vegas_img2302,AOI_2_Vegas,AOI_2_Vegas:-11525:3622,test,owlv2,area,fixed,5.0,0.25,0,0,58,0,0.0,owlv2
AOI_2_Vegas_img2302,AOI_2_Vegas,AOI_2_Vegas:-11525:3622,test,owlv2,area,fixed,10.0,0.25,0,0,58,0,0.0,owlv2
AOI_2_Vegas_img2359,AOI_2_Vegas,AOI_2_Vegas:-11525:3619,test,owlv2,area,fixed,0.3,0.25,10,65,15,34,1.4,owlv2
AOI_2_Vegas_img2359,AOI_2_Vegas,AOI_2_Vegas:-11525:3619,test,owlv2,area,fixed,0.45,0.25,9,38,15,27,0.95,owlv2
AOI_2_Vegas_img2359,AOI_2_Vegas,AOI_2_Vegas:-11525:3619,test,owlv2,area,fixed,0.6,0.25,9,37,15,28,1.3,owlv2
AOI_2_Vegas_img2359,AOI_2_Vegas,AOI_2_Vegas:-11525:3619,test,owlv2,area,fixed,0.9,0.25,6,15,15,23,0.65,owlv2
AOI_2_Vegas_img2359,AOI_2_Vegas,AOI_2_Vegas:-11525:3619,test,owlv2,area,fixed,1.2,0.25,6,12,15,17,0.65,owlv2
AOI_2_Vegas_img2359,AOI_2_Vegas,AOI_2_Vegas:-11525:3619,test,owlv2,area,fixed,1.8,0.25,5,7,15,10,0.4,owlv2
AOI_2_Vegas_img2359,AOI_2_Vegas,AOI_2_Vegas:-11525:3619,test,owlv2,area,fixed,2.4,0.25,2,3,15,15,0.1,owlv2
AOI_2_Vegas_img2359,AOI_2_Vegas,AOI_2_Vegas:-11525:3619,test,owlv2,area,fixed,3.6,0.25,0,0,15,0,0.0,owlv2
AOI_2_Vegas_img2359,AOI_2_Vegas,AOI_2_Vegas:-11525:3619,test,owlv2,area,fixed,5.0,0.25,0,0,15,0,0.0,owlv2
AOI_2_Vegas_img2359,AOI_2_Vegas,AOI_2_Vegas:-11525:3619,test,owlv2,area,fixed,10.0,0.25,0,0,15,2,0.0,owlv2
AOI_2_Vegas_img2379,AOI_2_Vegas,AOI_2_Vegas:-11525:3623,test,owlv2,area,fixed,0.3,0.25,47,275,55,52,25.6,owlv2
AOI_2_Vegas_img2379,AOI_2_Vegas,AOI_2_Vegas:-11525:3623,test,owlv2,area,fixed,0.45,0.25,46,151,55,38,19.05,owlv2
AOI_2_Vegas_img2379,AOI_2_Vegas,AOI_2_Vegas:-11525:3623,test,owlv2,area,fixed,0.6,0.25,46,149,55,39,19.0,owlv2
AOI_2_Vegas_img2379,AOI_2_Vegas,AOI_2_Vegas:-11525:3623,test,owlv2,area,fixed,0.9,0.25,40,88,55,32,14.85,owlv2
AOI_2_Vegas_img2379,AOI_2_Vegas,AOI_2_Vegas:-11525:3623,test,owlv2,area,fixed,1.2,0.25,25,49,55,25,8.6,owlv2
AOI_2_Vegas_img2379,AOI_2_Vegas,AOI_2_Vegas:-11525:3623,test,owlv2,area,fixed,1.8,0.25,14,17,55,16,3.55,owlv2
AOI_2_Vegas_img2379,AOI_2_Vegas,AOI_2_Vegas:-11525:3623,test,owlv2,area,fixed,2.4,0.25,9,9,55,17,1.8,owlv2
AOI_2_Vegas_img2379,AOI_2_Vegas,AOI_2_Vegas:-11525:3623,test,owlv2,area,fixed,3.6,0.25,0,0,55,3,0.0,owlv2
AOI_2_Vegas_img2379,AOI_2_Vegas,AOI_2_Vegas:-11525:3623,test,owlv2,area,fixed,5.0,0.25,0,0,55,1,0.0,owlv2
AOI_2_Vegas_img2379,AOI_2_Vegas,AOI_2_Vegas:-11525:3623,test,owlv2,area,fixed,10.0,0.25,0,0,55,0,0.0,owlv2
AOI_2_Vegas_img2415,AOI_2_Vegas,AOI_2_Vegas:-11524:3615,test,owlv2,area,fixed,0.3,0.25,20,137,28,63,6.85,owlv2
AOI_2_Vegas_img2415,AOI_2_Vegas,AOI_2_Vegas:-11524:3615,test,owlv2,area,fixed,0.45,0.25,21,83,28,54,4.75,owlv2
AOI_2_Vegas_img2415,AOI_2_Vegas,AOI_2_Vegas:-11524:3615,test,owlv2,area,fixed,0.6,0.25,20,69,28,48,5.0,owlv2
AOI_2_Vegas_img2415,AOI_2_Vegas,AOI_2_Vegas:-11524:3615,test,owlv2,area,fixed,0.9,0.25,12,47,28,45,3.9,owlv2
AOI_2_Vegas_img2415,AOI_2_Vegas,AOI_2_Vegas:-11524:3615,test,owlv2,area,fixed,1.2,0.25,7,18,28,44,2.45,owlv2
AOI_2_Vegas_img2415,AOI_2_Vegas,AOI_2_Vegas:-11524:3615,test,owlv2,area,fixed,1.8,0.25,4,8,28,37,1.45,owlv2
AOI_2_Vegas_img2415,AOI_2_Vegas,AOI_2_Vegas:-11524:3615,test,owlv2,area,fixed,2.4,0.25,4,6,28,26,1.8,owlv2
AOI_2_Vegas_img2415,AOI_2_Vegas,AOI_2_Vegas:-11524:3615,test,owlv2,area,fixed,3.6,0.25,0,0,28,17,0.0,owlv2
AOI_2_Vegas_img2415,AOI_2_Vegas,AOI_2_Vegas:-11524:3615,test,owlv2,area,fixed,5.0,0.25,0,0,28,2,0.0,owlv2
AOI_2_Vegas_img2415,AOI_2_Vegas,AOI_2_Vegas:-11524:3615,test,owlv2,area,fixed,10.0,0.25,0,0,28,3,0.0,owlv2
AOI_2_Vegas_img2420,AOI_2_Vegas,AOI_2_Vegas:-11524:3616,test,owlv2,area,fixed,0.3,0.25,50,321,65,57,17.5,owlv2
AOI_2_Vegas_img2420,AOI_2_Vegas,AOI_2_Vegas:-11524:3616,test,owlv2,area,fixed,0.45,0.25,48,208,65,60,16.45,owlv2
AOI_2_Vegas_img2420,AOI_2_Vegas,AOI_2_Vegas:-11524:3616,test,owlv2,area,fixed,0.6,0.25,45,142,65,62,12.95,owlv2
AOI_2_Vegas_img2420,AOI_2_Vegas,AOI_2_Vegas:-11524:3616,test,owlv2,area,fixed,0.9,0.25,34,79,65,45,9.9,owlv2
AOI_2_Vegas_img2420,AOI_2_Vegas,AOI_2_Vegas:-11524:3616,test,owlv2,area,fixed,1.2,0.25,34,89,65,37,11.05,owlv2
AOI_2_Vegas_img2420,AOI_2_Vegas,AOI_2_Vegas:-11524:3616,test,owlv2,area,fixed,1.8,0.25,31,57,65,34,8.95,owlv2
AOI_2_Vegas_img2420,AOI_2_Vegas,AOI_2_Vegas:-11524:3616,test,owlv2,area,fixed,2.4,0.25,27,39,65,35,6.85,owlv2
AOI_2_Vegas_img2420,AOI_2_Vegas,AOI_2_Vegas:-11524:3616,test,owlv2,area,fixed,3.6,0.25,2,2,65,1,0.35,owlv2
AOI_2_Vegas_img2420,AOI_2_Vegas,AOI_2_Vegas:-11524:3616,test,owlv2,area,fixed,5.0,0.25,0,0,65,0,0.0,owlv2
AOI_2_Vegas_img2420,AOI_2_Vegas,AOI_2_Vegas:-11524:3616,test,owlv2,area,fixed,10.0,0.25,0,0,65,0,0.0,owlv2
AOI_2_Vegas_img244,AOI_2_Vegas,AOI_2_Vegas:-11530:3616,test,owlv2,area,fixed,0.3,0.25,15,139,18,38,5.25,owlv2
AOI_2_Vegas_img244,AOI_2_Vegas,AOI_2_Vegas:-11530:3616,test,owlv2,area,fixed,0.45,0.25,15,73,18,26,3.7,owlv2
AOI_2_Vegas_img244,AOI_2_Vegas,AOI_2_Vegas:-11530:3616,test,owlv2,area,fixed,0.6,0.25,13,68,18,24,3.15,owlv2
AOI_2_Vegas_img244,AOI_2_Vegas,AOI_2_Vegas:-11530:3616,test,owlv2,area,fixed,0.9,0.25,13,49,18,27,3.15,owlv2
AOI_2_Vegas_img244,AOI_2_Vegas,AOI_2_Vegas:-11530:3616,test,owlv2,area,fixed,1.2,0.25,14,58,18,35,4.3,owlv2
AOI_2_Vegas_img244,AOI_2_Vegas,AOI_2_Vegas:-11530:3616,test,owlv2,area,fixed,1.8,0.25,11,38,18,21,2.7,owlv2
AOI_2_Vegas_img244,AOI_2_Vegas,AOI_2_Vegas:-11530:3616,test,owlv2,area,fixed,2.4,0.25,10,27,18,18,1.6,owlv2
AOI_2_Vegas_img244,AOI_2_Vegas,AOI_2_Vegas:-11530:3616,test,owlv2,area,fixed,3.6,0.25,2,5,18,6,0.5,owlv2
AOI_2_Vegas_img244,AOI_2_Vegas,AOI_2_Vegas:-11530:3616,test,owlv2,area,fixed,5.0,0.25,0,0,18,0,0.0,owlv2
AOI_2_Vegas_img244,AOI_2_Vegas,AOI_2_Vegas:-11530:3616,test,owlv2,area,fixed,10.0,0.25,0,0,18,0,0.0,owlv2
AOI_2_Vegas_img2447,AOI_2_Vegas,AOI_2_Vegas:-11524:3621,test,owlv2,area,fixed,0.3,0.25,51,214,56,39,31.2,owlv2
AOI_2_Vegas_img2447,AOI_2_Vegas,AOI_2_Vegas:-11524:3621,test,owlv2,area,fixed,0.45,0.25,50,113,56,20,24.35,owlv2
AOI_2_Vegas_img2447,AOI_2_Vegas,AOI_2_Vegas:-11524:3621,test,owlv2,area,fixed,0.6,0.25,50,112,56,22,22.85,owlv2
AOI_2_Vegas_img2447,AOI_2_Vegas,AOI_2_Vegas:-11524:3621,test,owlv2,area,fixed,0.9,0.25,50,73,56,17,18.8,owlv2
AOI_2_Vegas_img2447,AOI_2_Vegas,AOI_2_Vegas:-11524:3621,test,owlv2,area,fixed,1.2,0.25,50,67,56,14,17.4,owlv2
AOI_2_Vegas_img2447,AOI_2_Vegas,AOI_2_Vegas:-11524:3621,test,owlv2,area,fixed,1.8,0.25,49,57,56,19,15.3,owlv2
AOI_2_Vegas_img2447,AOI_2_Vegas,AOI_2_Vegas:-11524:3621,test,owlv2,area,fixed,2.4,0.25,37,38,56,13,11.8,owlv2
AOI_2_Vegas_img2447,AOI_2_Vegas,AOI_2_Vegas:-11524:3621,test,owlv2,area,fixed,3.6,0.25,4,4,56,18,1.15,owlv2
AOI_2_Vegas_img2447,AOI_2_Vegas,AOI_2_Vegas:-11524:3621,test,owlv2,area,fixed,5.0,0.25,0,0,56,10,0.0,owlv2
AOI_2_Vegas_img2447,AOI_2_Vegas,AOI_2_Vegas:-11524:3621,test,owlv2,area,fixed,10.0,0.25,0,0,56,0,0.0,owlv2
AOI_2_Vegas_img2453,AOI_2_Vegas,AOI_2_Vegas:-11524:3622,test,owlv2,area,fixed,0.3,0.25,33,214,46,74,13.25,owlv2
AOI_2_Vegas_img2453,AOI_2_Vegas,AOI_2_Vegas:-11524:3622,test,owlv2,area,fixed,0.45,0.25,25,163,46,79,12.7,owlv2
AOI_2_Vegas_img2453,AOI_2_Vegas,AOI_2_Vegas:-11524:3622,test,owlv2,area,fixed,0.6,0.25,29,167,46,82,13.15,owlv2
AOI_2_Vegas_img2453,AOI_2_Vegas,AOI_2_Vegas:-11524:3622,test,owlv2,area,fixed,0.9,0.25,20,156,46,97,12.1,owlv2
AOI_2_Vegas_img2453,AOI_2_Vegas,AOI_2_Vegas:-11524:3622,test,owlv2,area,fixed,1.2,0.25,17,91,46,95,9.95,owlv2
AOI_2_Vegas_img2453,AOI_2_Vegas,AOI_2_Vegas:-11524:3622,test,owlv2,area,fixed,1.8,0.25,9,84,46,97,9.35,owlv2
AOI_2_Vegas_img2453,AOI_2_Vegas,AOI_2_Vegas:-11524:3622,test,owlv2,area,fixed,2.4,0.25,6,37,46,52,4.7,owlv2
AOI_2_Vegas_img2453,AOI_2_Vegas,AOI_2_Vegas:-11524:3622,test,owlv2,area,fixed,3.6,0.25,1,6,46,30,1.0,owlv2
AOI_2_Vegas_img2453,AOI_2_Vegas,AOI_2_Vegas:-11524:3622,test,owlv2,area,fixed,5.0,0.25,0,0,46,2,0.0,owlv2
AOI_2_Vegas_img2453,AOI_2_Vegas,AOI_2_Vegas:-11524:3622,test,owlv2,area,fixed,10.0,0.25,0,0,46,0,0.0,owlv2
AOI_2_Vegas_img2462,AOI_2_Vegas,AOI_2_Vegas:-11524:3623,test,owlv2,area,fixed,0.3,0.25,56,282,80,84,23.25,owlv2
AOI_2_Vegas_img2462,AOI_2_Vegas,AOI_2_Vegas:-11524:3623,test,owlv2,area,fixed,0.45,0.25,43,117,80,56,14.25,owlv2
AOI_2_Vegas_img2462,AOI_2_Vegas,AOI_2_Vegas:-11524:3623,test,owlv2,area,fixed,0.6,0.25,43,119,80,53,15.45,owlv2
AOI_2_Vegas_img2462,AOI_2_Vegas,AOI_2_Vegas:-11524:3623,test,owlv2,area,fixed,0.9,0.25,36,76,80,47,10.3,owlv2
AOI_2_Vegas_img2462,AOI_2_Vegas,AOI_2_Vegas:-11524:3623,test,owlv2,area,fixed,1.2,0.25,34,70,80,52,11.7,owlv2
AOI_2_Vegas_img2462,AOI_2_Vegas,AOI_2_Vegas:-11524:3623,test,owlv2,area,fixed,1.8,0.25,29,57,80,58,11.35,owlv2
AOI_2_Vegas_img2462,AOI_2_Vegas,AOI_2_Vegas:-11524:3623,test,owlv2,area,fixed,2.4,0.25,33,50,80,28,9.85,owlv2
AOI_2_Vegas_img2462,AOI_2_Vegas,AOI_2_Vegas:-11524:3623,test,owlv2,area,fixed,3.6,0.25,1,1,80,4,0.35,owlv2
AOI_2_Vegas_img2462,AOI_2_Vegas,AOI_2_Vegas:-11524:3623,test,owlv2,area,fixed,5.0,0.25,0,0,80,0,0.0,owlv2
AOI_2_Vegas_img2462,AOI_2_Vegas,AOI_2_Vegas:-11524:3623,test,owlv2,area,fixed,10.0,0.25,0,0,80,0,0.0,owlv2
AOI_2_Vegas_img2474,AOI_2_Vegas,AOI_2_Vegas:-11524:3625,test,owlv2,area,fixed,0.3,0.25,23,224,30,61,8.55,owlv2
AOI_2_Vegas_img2474,AOI_2_Vegas,AOI_2_Vegas:-11524:3625,test,owlv2,area,fixed,0.45,0.25,22,133,30,52,7.8,owlv2
AOI_2_Vegas_img2474,AOI_2_Vegas,AOI_2_Vegas:-11524:3625,test,owlv2,area,fixed,0.6,0.25,20,121,30,50,7.7,owlv2
AOI_2_Vegas_img2474,AOI_2_Vegas,AOI_2_Vegas:-11524:3625,test,owlv2,area,fixed,0.9,0.25,16,92,30,44,6.05,owlv2
AOI_2_Vegas_img2474,AOI_2_Vegas,AOI_2_Vegas:-11524:3625,test,owlv2,area,fixed,1.2,0.25,16,81,30,36,6.0,owlv2
AOI_2_Vegas_img2474,AOI_2_Vegas,AOI_2_Vegas:-11524:3625,test,owlv2,area,fixed,1.8,0.25,13,58,30,38,4.35,owlv2
AOI_2_Vegas_img2474,AOI_2_Vegas,AOI_2_Vegas:-11524:3625,test,owlv2,area,fixed,2.4,0.25,10,36,30,31,3.85,owlv2
AOI_2_Vegas_img2474,AOI_2_Vegas,AOI_2_Vegas:-11524:3625,test,owlv2,area,fixed,3.6,0.25,0,0,30,13,0.0,owlv2
AOI_2_Vegas_img2474,AOI_2_Vegas,AOI_2_Vegas:-11524:3625,test,owlv2,area,fixed,5.0,0.25,0,0,30,0,0.0,owlv2
AOI_2_Vegas_img2474,AOI_2_Vegas,AOI_2_Vegas:-11524:3625,test,owlv2,area,fixed,10.0,0.25,0,0,30,0,0.0,owlv2
AOI_2_Vegas_img2479,AOI_2_Vegas,AOI_2_Vegas:-11524:3612,test,owlv2,area,fixed,0.3,0.25,21,186,23,68,8.9,owlv2
AOI_2_Vegas_img2479,AOI_2_Vegas,AOI_2_Vegas:-11524:3612,test,owlv2,area,fixed,0.45,0.25,19,132,23,61,7.65,owlv2
AOI_2_Vegas_img2479,AOI_2_Vegas,AOI_2_Vegas:-11524:3612,test,owlv2,area,fixed,0.6,0.25,18,110,23,55,7.6,owlv2
AOI_2_Vegas_img2479,AOI_2_Vegas,AOI_2_Vegas:-11524:3612,test,owlv2,area,fixed,0.9,0.25,17,76,23,51,6.65,owlv2
AOI_2_Vegas_img2479,AOI_2_Vegas,AOI_2_Vegas:-11524:3612,test,owlv2,area,fixed,1.2,0.25,17,69,23,57,6.15,owlv2
AOI_2_Vegas_img2479,AOI_2_Vegas,AOI_2_Vegas:-11524:3612,test,owlv2,area,fixed,1.8,0.25,13,60,23,63,6.1,owlv2
AOI_2_Vegas_img2479,AOI_2_Vegas,AOI_2_Vegas:-11524:3612,test,owlv2,area,fixed,2.4,0.25,10,49,23,67,4.4,owlv2
AOI_2_Vegas_img2479,AOI_2_Vegas,AOI_2_Vegas:-11524:3612,test,owlv2,area,fixed,3.6,0.25,4,7,23,39,0.8,owlv2
AOI_2_Vegas_img2479,AOI_2_Vegas,AOI_2_Vegas:-11524:3612,test,owlv2,area,fixed,5.0,0.25,0,0,23,8,0.0,owlv2
AOI_2_Vegas_img2479,AOI_2_Vegas,AOI_2_Vegas:-11524:3612,test,owlv2,area,fixed,10.0,0.25,0,0,23,0,0.0,owlv2
AOI_2_Vegas_img2516,AOI_2_Vegas,AOI_2_Vegas:-11524:3619,test,owlv2,area,fixed,0.3,0.25,70,298,82,53,34.2,owlv2
AOI_2_Vegas_img2516,AOI_2_Vegas,AOI_2_Vegas:-11524:3619,test,owlv2,area,fixed,0.45,0.25,64,195,82,46,27.55,owlv2
AOI_2_Vegas_img2516,AOI_2_Vegas,AOI_2_Vegas:-11524:3619,test,owlv2,area,fixed,0.6,0.25,61,170,82,44,24.9,owlv2
AOI_2_Vegas_img2516,AOI_2_Vegas,AOI_2_Vegas:-11524:3619,test,owlv2,area,fixed,0.9,0.25,48,88,82,29,15.75,owlv2
AOI_2_Vegas_img2516,AOI_2_Vegas,AOI_2_Vegas:-11524:3619,test,owlv2,area,fixed,1.2,0.25,53,106,82,41,15.65,owlv2
AOI_2_Vegas_img2516,AOI_2_Vegas,AOI_2_Vegas:-11524:3619,test,owlv2,area,fixed,1.8,0.25,16,30,82,28,5.25,owlv2
AOI_2_Vegas_img2516,AOI_2_Vegas,AOI_2_Vegas:-11524:3619,test,owlv2,area,fixed,2.4,0.25,4,5,82,8,0.95,owlv2
AOI_2_Vegas_img2516,AOI_2_Vegas,AOI_2_Vegas:-11524:3619,test,owlv2,area,fixed,3.6,0.25,1,1,82,4,0.3,owlv2
AOI_2_Vegas_img2516,AOI_2_Vegas,AOI_2_Vegas:-11524:3619,test,owlv2,area,fixed,5.0,0.25,0,0,82,1,0.0,owlv2
AOI_2_Vegas_img2516,AOI_2_Vegas,AOI_2_Vegas:-11524:3619,test,owlv2,area,fixed,10.0,0.25,0,0,82,0,0.0,owlv2
AOI_2_Vegas_img2567,AOI_2_Vegas,AOI_2_Vegas:-11524:3614,test,owlv2,area,fixed,0.3,0.25,14,102,20,63,2.95,owlv2
AOI_2_Vegas_img2567,AOI_2_Vegas,AOI_2_Vegas:-11524:3614,test,owlv2,area,fixed,0.45,0.25,11,38,20,26,1.3,owlv2
AOI_2_Vegas_img2567,AOI_2_Vegas,AOI_2_Vegas:-11524:3614,test,owlv2,area,fixed,0.6,0.25,8,18,20,22,0.9,owlv2
AOI_2_Vegas_img2567,AOI_2_Vegas,AOI_2_Vegas:-11524:3614,test,owlv2,area,fixed,0.9,0.25,2,4,20,7,0.1,owlv2
AOI_2_Vegas_img2567,AOI_2_Vegas,AOI_2_Vegas:-11524:3614,test,owlv2,area,fixed,1.2,0.25,1,4,20,7,0.25,owlv2
AOI_2_Vegas_img2567,AOI_2_Vegas,AOI_2_Vegas:-11524:3614,test,owlv2,area,fixed,1.8,0.25,1,1,20,8,0.15,owlv2
AOI_2_Vegas_img2567,AOI_2_Vegas,AOI_2_Vegas:-11524:3614,test,owlv2,area,fixed,2.4,0.25,2,3,20,9,0.35,owlv2
AOI_2_Vegas_img2567,AOI_2_Vegas,AOI_2_Vegas:-11524:3614,test,owlv2,area,fixed,3.6,0.25,0,0,20,3,0.0,owlv2
AOI_2_Vegas_img2567,AOI_2_Vegas,AOI_2_Vegas:-11524:3614,test,owlv2,area,fixed,5.0,0.25,0,0,20,1,0.0,owlv2
AOI_2_Vegas_img2567,AOI_2_Vegas,AOI_2_Vegas:-11524:3614,test,owlv2,area,fixed,10.0,0.25,0,0,20,0,0.0,owlv2
AOI_2_Vegas_img2614,AOI_2_Vegas,AOI_2_Vegas:-11524:3622,test,owlv2,area,fixed,0.3,0.25,39,281,44,53,25.45,owlv2
AOI_2_Vegas_img2614,AOI_2_Vegas,AOI_2_Vegas:-11524:3622,test,owlv2,area,fixed,0.45,0.25,36,118,44,45,18.75,owlv2
AOI_2_Vegas_img2614,AOI_2_Vegas,AOI_2_Vegas:-11524:3622,test,owlv2,area,fixed,0.6,0.25,35,104,44,36,18.4,owlv2
AOI_2_Vegas_img2614,AOI_2_Vegas,AOI_2_Vegas:-11524:3622,test,owlv2,area,fixed,0.9,0.25,34,50,44,21,10.7,owlv2
AOI_2_Vegas_img2614,AOI_2_Vegas,AOI_2_Vegas:-11524:3622,test,owlv2,area,fixed,1.2,0.25,28,43,44,25,10.55,owlv2
AOI_2_Vegas_img2614,AOI_2_Vegas,AOI_2_Vegas:-11524:3622,test,owlv2,area,fixed,1.8,0.25,27,39,44,19,9.25,owlv2
AOI_2_Vegas_img2614,AOI_2_Vegas,AOI_2_Vegas:-11524:3622,test,owlv2,area,fixed,2.4,0.25,25,32,44,10,8.0,owlv2
AOI_2_Vegas_img2614,AOI_2_Vegas,AOI_2_Vegas:-11524:3622,test,owlv2,area,fixed,3.6,0.25,18,19,44,24,6.15,owlv2
AOI_2_Vegas_img2614,AOI_2_Vegas,AOI_2_Vegas:-11524:3622,test,owlv2,area,fixed,5.0,0.25,0,0,44,1,0.0,owlv2
AOI_2_Vegas_img2614,AOI_2_Vegas,AOI_2_Vegas:-11524:3622,test,owlv2,area,fixed,10.0,0.25,0,0,44,0,0.0,owlv2
AOI_2_Vegas_img2623,AOI_2_Vegas,AOI_2_Vegas:-11524:3624,test,owlv2,area,fixed,0.3,0.25,9,147,13,46,2.3,owlv2
AOI_2_Vegas_img2623,AOI_2_Vegas,AOI_2_Vegas:-11524:3624,test,owlv2,area,fixed,0.45,0.25,9,65,13,31,1.75,owlv2
AOI_2_Vegas_img2623,AOI_2_Vegas,AOI_2_Vegas:-11524:3624,test,owlv2,area,fixed,0.6,0.25,7,67,13,35,1.3,owlv2
AOI_2_Vegas_img2623,AOI_2_Vegas,AOI_2_Vegas:-11524:3624,test,owlv2,area,fixed,0.9,0.25,5,44,13,27,1.15,owlv2
AOI_2_Vegas_img2623,AOI_2_Vegas,AOI_2_Vegas:-11524:3624,test,owlv2,area,fixed,1.2,0.25,6,28,13,22,1.15,owlv2
AOI_2_Vegas_img2623,AOI_2_Vegas,AOI_2_Vegas:-11524:3624,test,owlv2,area,fixed,1.8,0.25,4,22,13,20,0.8,owlv2
AOI_2_Vegas_img2623,AOI_2_Vegas,AOI_2_Vegas:-11524:3624,test,owlv2,area,fixed,2.4,0.25,4,13,13,22,0.55,owlv2
AOI_2_Vegas_img2623,AOI_2_Vegas,AOI_2_Vegas:-11524:3624,test,owlv2,area,fixed,3.6,0.25,2,6,13,27,0.3,owlv2
AOI_2_Vegas_img2623,AOI_2_Vegas,AOI_2_Vegas:-11524:3624,test,owlv2,area,fixed,5.0,0.25,0,0,13,9,0.0,owlv2
AOI_2_Vegas_img2623,AOI_2_Vegas,AOI_2_Vegas:-11524:3624,test,owlv2,area,fixed,10.0,0.25,0,0,13,0,0.0,owlv2
AOI_2_Vegas_img263,AOI_2_Vegas,AOI_2_Vegas:-11530:3620,test,owlv2,area,fixed,0.3,0.25,44,325,44,58,26.25,owlv2
AOI_2_Vegas_img263,AOI_2_Vegas,AOI_2_Vegas:-11530:3620,test,owlv2,area,fixed,0.45,0.25,42,187,44,54,21.35,owlv2
AOI_2_Vegas_img263,AOI_2_Vegas,AOI_2_Vegas:-11530:3620,test,owlv2,area,fixed,0.6,0.25,41,159,44,50,20.8,owlv2
AOI_2_Vegas_img263,AOI_2_Vegas,AOI_2_Vegas:-11530:3620,test,owlv2,area,fixed,0.9,0.25,39,80,44,34,15.5,owlv2
AOI_2_Vegas_img263,AOI_2_Vegas,AOI_2_Vegas:-11530:3620,test,owlv2,area,fixed,1.2,0.25,40,80,44,34,15.65,owlv2
AOI_2_Vegas_img263,AOI_2_Vegas,AOI_2_Vegas:-11530:3620,test,owlv2,area,fixed,1.8,0.25,35,42,44,23,10.05,owlv2
AOI_2_Vegas_img263,AOI_2_Vegas,AOI_2_Vegas:-11530:3620,test,owlv2,area,fixed,2.4,0.25,31,38,44,18,9.5,owlv2
AOI_2_Vegas_img263,AOI_2_Vegas,AOI_2_Vegas:-11530:3620,test,owlv2,area,fixed,3.6,0.25,2,2,44,4,0.75,owlv2
AOI_2_Vegas_img263,AOI_2_Vegas,AOI_2_Vegas:-11530:3620,test,owlv2,area,fixed,5.0,0.25,0,0,44,0,0.0,owlv2
AOI_2_Vegas_img263,AOI_2_Vegas,AOI_2_Vegas:-11530:3620,test,owlv2,area,fixed,10.0,0.25,0,0,44,0,0.0,owlv2
AOI_2_Vegas_img2668,AOI_2_Vegas,AOI_2_Vegas:-11524:3618,test,owlv2,area,fixed,0.3,0.25,47,302,65,60,26.55,owlv2
AOI_2_Vegas_img2668,AOI_2_Vegas,AOI_2_Vegas:-11524:3618,test,owlv2,area,fixed,0.45,0.25,48,216,65,56,25.5,owlv2
AOI_2_Vegas_img2668,AOI_2_Vegas,AOI_2_Vegas:-11524:3618,test,owlv2,area,fixed,0.6,0.25,46,187,65,53,23.75,owlv2
AOI_2_Vegas_img2668,AOI_2_Vegas,AOI_2_Vegas:-11524:3618,test,owlv2,area,fixed,0.9,0.25,40,92,65,36,16.25,owlv2
AOI_2_Vegas_img2668,AOI_2_Vegas,AOI_2_Vegas:-11524:3618,test,owlv2,area,fixed,1.2,0.25,42,87,65,32,15.55,owlv2
AOI_2_Vegas_img2668,AOI_2_Vegas,AOI_2_Vegas:-11524:3618,test,owlv2,area,fixed,1.8,0.25,44,88,65,37,15.6,owlv2
AOI_2_Vegas_img2668,AOI_2_Vegas,AOI_2_Vegas:-11524:3618,test,owlv2,area,fixed,2.4,0.25,36,57,65,31,12.4,owlv2
AOI_2_Vegas_img2668,AOI_2_Vegas,AOI_2_Vegas:-11524:3618,test,owlv2,area,fixed,3.6,0.25,6,6,65,21,1.7,owlv2
AOI_2_Vegas_img2668,AOI_2_Vegas,AOI_2_Vegas:-11524:3618,test,owlv2,area,fixed,5.0,0.25,0,0,65,1,0.0,owlv2
AOI_2_Vegas_img2668,AOI_2_Vegas,AOI_2_Vegas:-11524:3618,test,owlv2,area,fixed,10.0,0.25,0,0,65,0,0.0,owlv2
AOI_2_Vegas_img2695,AOI_2_Vegas,AOI_2_Vegas:-11524:3623,test,owlv2,area,fixed,0.3,0.25,42,220,52,50,17.6,owlv2
AOI_2_Vegas_img2695,AOI_2_Vegas,AOI_2_Vegas:-11524:3623,test,owlv2,area,fixed,0.45,0.25,36,116,52,45,12.85,owlv2
AOI_2_Vegas_img2695,AOI_2_Vegas,AOI_2_Vegas:-11524:3623,test,owlv2,area,fixed,0.6,0.25,32,89,52,46,11.55,owlv2
AOI_2_Vegas_img2695,AOI_2_Vegas,AOI_2_Vegas:-11524:3623,test,owlv2,area,fixed,0.9,0.25,23,47,52,28,8.15,owlv2
AOI_2_Vegas_img2695,AOI_2_Vegas,AOI_2_Vegas:-11524:3623,test,owlv2,area,fixed,1.2,0.25,21,35,52,24,6.8,owlv2
AOI_2_Vegas_img2695,AOI_2_Vegas,AOI_2_Vegas:-11524:3623,test,owlv2,area,fixed,1.8,0.25,16,27,52,13,5.45,owlv2
AOI_2_Vegas_img2695,AOI_2_Vegas,AOI_2_Vegas:-11524:3623,test,owlv2,area,fixed,2.4,0.25,3,4,52,5,1.1,owlv2
AOI_2_Vegas_img2695,AOI_2_Vegas,AOI_2_Vegas:-11524:3623,test,owlv2,area,fixed,3.6,0.25,4,4,52,11,0.8,owlv2
AOI_2_Vegas_img2695,AOI_2_Vegas,AOI_2_Vegas:-11524:3623,test,owlv2,area,fixed,5.0,0.25,0,0,52,0,0.0,owlv2
AOI_2_Vegas_img2695,AOI_2_Vegas,AOI_2_Vegas:-11524:3623,test,owlv2,area,fixed,10.0,0.25,0,0,52,0,0.0,owlv2
AOI_2_Vegas_img2751,AOI_2_Vegas,AOI_2_Vegas:-11524:3619,test,owlv2,area,fixed,0.3,0.25,36,183,42,55,16.8,owlv2
AOI_2_Vegas_img2751,AOI_2_Vegas,AOI_2_Vegas:-11524:3619,test,owlv2,area,fixed,0.45,0.25,36,136,42,53,13.5,owlv2
AOI_2_Vegas_img2751,AOI_2_Vegas,AOI_2_Vegas:-11524:3619,test,owlv2,area,fixed,0.6,0.25,33,115,42,50,12.85,owlv2
AOI_2_Vegas_img2751,AOI_2_Vegas,AOI_2_Vegas:-11524:3619,test,owlv2,area,fixed,0.9,0.25,33,83,42,44,12.1,owlv2
AOI_2_Vegas_img2751,AOI_2_Vegas,AOI_2_Vegas:-11524:3619,test,owlv2,area,fixed,1.2,0.25,32,66,42,44,9.55,owlv2
AOI_2_Vegas_img2751,AOI_2_Vegas,AOI_2_Vegas:-11524:3619,test,owlv2,area,fixed,1.8,0.25,19,23,42,24,5.1,owlv2
AOI_2_Vegas_img2751,AOI_2_Vegas,AOI_2_Vegas:-11524:3619,test,owlv2,area,fixed,2.4,0.25,1,1,42,4,0.15,owlv2
AOI_2_Vegas_img2751,AOI_2_Vegas,AOI_2_Vegas:-11524:3619,test,owlv2,area,fixed,3.6,0.25,0,0,42,0,0.0,owlv2
AOI_2_Vegas_img2751,AOI_2_Vegas,AOI_2_Vegas:-11524:3619,test,owlv2,area,fixed,5.0,0.25,0,0,42,0,0.0,owlv2
AOI_2_Vegas_img2751,AOI_2_Vegas,AOI_2_Vegas:-11524:3619,test,owlv2,area,fixed,10.0,0.25,0,0,42,0,0.0,owlv2
AOI_2_Vegas_img2760,AOI_2_Vegas,AOI_2_Vegas:-11524:3620,test,owlv2,area,fixed,0.3,0.25,50,340,58,62,22.55,owlv2
AOI_2_Vegas_img2760,AOI_2_Vegas,AOI_2_Vegas:-11524:3620,test,owlv2,area,fixed,0.45,0.25,50,233,58,52,20.25,owlv2
AOI_2_Vegas_img2760,AOI_2_Vegas,AOI_2_Vegas:-11524:3620,test,owlv2,area,fixed,0.6,0.25,50,201,58,47,19.5,owlv2
AOI_2_Vegas_img2760,AOI_2_Vegas,AOI_2_Vegas:-11524:3620,test,owlv2,area,fixed,0.9,0.25,38,104,58,32,12.9,owlv2
AOI_2_Vegas_img2760,AOI_2_Vegas,AOI_2_Vegas:-11524:3620,test,owlv2,area,fixed,1.2,0.25,34,81,58,33,11.55,owlv2
AOI_2_Vegas_img2760,AOI_2_Vegas,AOI_2_Vegas:-11524:3620,test,owlv2,area,fixed,1.8,0.25,23,49,58,24,6.75,owlv2
AOI_2_Vegas_img2760,AOI_2_Vegas,AOI_2_Vegas:-11524:3620,test,owlv2,area,fixed,2.4,0.25,14,25,58,30,4.4,owlv2
AOI_2_Vegas_img2760,AOI_2_Vegas,AOI_2_Vegas:-11524:3620,test,owlv2,area,fixed,3.6,0.25,0,0,58,0,0.0,owlv2
AOI_2_Vegas_img2760,AOI_2_Vegas,AOI_2_Vegas:-11524:3620,test,owlv2,area,fixed,5.0,0.25,0,0,58,0,0.0,owlv2
AOI_2_Vegas_img2760,AOI_2_Vegas,AOI_2_Vegas:-11524:3620,test,owlv2,area,fixed,10.0,0.25,0,0,58,0,0.0,owlv2
AOI_2_Vegas_img2801,AOI_2_Vegas,AOI_2_Vegas:-11524:3613,test,owlv2,area,fixed,0.3,0.25,24,183,26,64,6.3,owlv2
AOI_2_Vegas_img2801,AOI_2_Vegas,AOI_2_Vegas:-11524:3613,test,owlv2,area,fixed,0.45,0.25,22,110,26,47,4.5,owlv2
AOI_2_Vegas_img2801,AOI_2_Vegas,AOI_2_Vegas:-11524:3613,test,owlv2,area,fixed,0.6,0.25,18,90,26,46,4.5,owlv2
AOI_2_Vegas_img2801,AOI_2_Vegas,AOI_2_Vegas:-11524:3613,test,owlv2,area,fixed,0.9,0.25,16,54,26,36,4.2,owlv2
AOI_2_Vegas_img2801,AOI_2_Vegas,AOI_2_Vegas:-11524:3613,test,owlv2,area,fixed,1.2,0.25,13,44,26,44,3.45,owlv2
AOI_2_Vegas_img2801,AOI_2_Vegas,AOI_2_Vegas:-11524:3613,test,owlv2,area,fixed,1.8,0.25,9,22,26,35,1.65,owlv2
AOI_2_Vegas_img2801,AOI_2_Vegas,AOI_2_Vegas:-11524:3613,test,owlv2,area,fixed,2.4,0.25,8,15,26,26,1.35,owlv2
AOI_2_Vegas_img2801,AOI_2_Vegas,AOI_2_Vegas:-11524:3613,test,owlv2,area,fixed,3.6,0.25,4,6,26,24,0.95,owlv2
AOI_2_Vegas_img2801,AOI_2_Vegas,AOI_2_Vegas:-11524:3613,test,owlv2,area,fixed,5.0,0.25,0,0,26,5,0.0,owlv2
AOI_2_Vegas_img2801,AOI_2_Vegas,AOI_2_Vegas:-11524:3613,test,owlv2,area,fixed,10.0,0.25,0,0,26,0,0.0,owlv2
AOI_2_Vegas_img2824,AOI_2_Vegas,AOI_2_Vegas:-11524:3618,test,owlv2,area,fixed,0.3,0.25,27,120,31,59,7.4,owlv2
AOI_2_Vegas_img2824,AOI_2_Vegas,AOI_2_Vegas:-11524:3618,test,owlv2,area,fixed,0.45,0.25,24,79,31,51,6.1,owlv2
AOI_2_Vegas_img2824,AOI_2_Vegas,AOI_2_Vegas:-11524:3618,test,owlv2,area,fixed,0.6,0.25,22,56,31,42,6.0,owlv2
AOI_2_Vegas_img2824,AOI_2_Vegas,AOI_2_Vegas:-11524:3618,test,owlv2,area,fixed,0.9,0.25,15,28,31,48,3.4,owlv2
AOI_2_Vegas_img2824,AOI_2_Vegas,AOI_2_Vegas:-11524:3618,test,owlv2,area,fixed,1.2,0.25,11,24,31,44,3.1,owlv2
AOI_2_Vegas_img2824,AOI_2_Vegas,AOI_2_Vegas:-11524:3618,test,owlv2,area,fixed,1.8,0.25,13,30,31,44,3.75,owlv2
AOI_2_Vegas_img2824,AOI_2_Vegas,AOI_2_Vegas:-11524:3618,test,owlv2,area,fixed,2.4,0.25,11,15,31,35,2.15,owlv2
AOI_2_Vegas_img2824,AOI_2_Vegas,AOI_2_Vegas:-11524:3618,test,owlv2,area,fixed,3.6,0.25,3,3,31,32,0.55,owlv2
AOI_2_Vegas_img2824,AOI_2_Vegas,AOI_2_Vegas:-11524:3618,test,owlv2,area,fixed,5.0,0.25,0,0,31,9,0.0,owlv2
AOI_2_Vegas_img2824,AOI_2_Vegas,AOI_2_Vegas:-11524:3618,test,owlv2,area,fixed,10.0,0.25,0,0,31,3,0.0,owlv2
AOI_2_Vegas_img2852,AOI_2_Vegas,AOI_2_Vegas:-11524:3622,test,owlv2,area,fixed,0.3,0.25,30,160,49,44,10.35,owlv2
AOI_2_Vegas_img2852,AOI_2_Vegas,AOI_2_Vegas:-11524:3622,test,owlv2,area,fixed,0.45,0.25,22,102,49,44,8.35,owlv2
AOI_2_Vegas_img2852,AOI_2_Vegas,AOI_2_Vegas:-11524:3622,test,owlv2,area,fixed,0.6,0.25,21,93,49,40,8.15,owlv2
AOI_2_Vegas_img2852,AOI_2_Vegas,AOI_2_Vegas:-11524:3622,test,owlv2,area,fixed,0.9,0.25,13,44,49,29,4.5,owlv2
AOI_2_Vegas_img2852,AOI_2_Vegas,AOI_2_Vegas:-11524:3622,test,owlv2,area,fixed,1.2,0.25,7,12,49,21,2.6,owlv2
AOI_2_Vegas_img2852,AOI_2_Vegas,AOI_2_Vegas:-11524:3622,test,owlv2,area,fixed,1.8,0.25,3,11,49,15,1.75,owlv2
AOI_2_Vegas_img2852,AOI_2_Vegas,AOI_2_Vegas:-11524:3622,test,owlv2,area,fixed,2.4,0.25,0,0,49,6,0.0,owlv2
AOI_2_Vegas_img2852,AOI_2_Vegas,AOI_2_Vegas:-11524:3622,test,owlv2,area,fixed,3.6,0.25,0,0,49,0,0.0,owlv2
AOI_2_Vegas_img2852,AOI_2_Vegas,AOI_2_Vegas:-11524:3622,test,owlv2,area,fixed,5.0,0.25,0,0,49,0,0.0,owlv2
AOI_2_Vegas_img2852,AOI_2_Vegas,AOI_2_Vegas:-11524:3622,test,owlv2,area,fixed,10.0,0.25,0,0,49,0,0.0,owlv2
AOI_2_Vegas_img286,AOI_2_Vegas,AOI_2_Vegas:-11530:3614,test,owlv2,area,fixed,0.3,0.25,2,59,6,49,0.6,owlv2
AOI_2_Vegas_img286,AOI_2_Vegas,AOI_2_Vegas:-11530:3614,test,owlv2,area,fixed,0.45,0.25,2,37,6,32,0.2,owlv2
AOI_2_Vegas_img286,AOI_2_Vegas,AOI_2_Vegas:-11530:3614,test,owlv2,area,fixed,0.6,0.25,2,24,6,32,0.35,owlv2
AOI_2_Vegas_img286,AOI_2_Vegas,AOI_2_Vegas:-11530:3614,test,owlv2,area,fixed,0.9,0.25,2,7,6,15,0.15,owlv2
AOI_2_Vegas_img286,AOI_2_Vegas,AOI_2_Vegas:-11530:3614,test,owlv2,area,fixed,1.2,0.25,2,4,6,12,0.15,owlv2
AOI_2_Vegas_img286,AOI_2_Vegas,AOI_2_Vegas:-11530:3614,test,owlv2,area,fixed,1.8,0.25,2,5,6,4,0.15,owlv2
AOI_2_Vegas_img286,AOI_2_Vegas,AOI_2_Vegas:-11530:3614,test,owlv2,area,fixed,2.4,0.25,2,3,6,3,0.2,owlv2
AOI_2_Vegas_img286,AOI_2_Vegas,AOI_2_Vegas:-11530:3614,test,owlv2,area,fixed,3.6,0.25,0,0,6,0,0.0,owlv2
AOI_2_Vegas_img286,AOI_2_Vegas,AOI_2_Vegas:-11530:3614,test,owlv2,area,fixed,5.0,0.25,0,0,6,1,0.0,owlv2
AOI_2_Vegas_img286,AOI_2_Vegas,AOI_2_Vegas:-11530:3614,test,owlv2,area,fixed,10.0,0.25,0,0,6,5,0.0,owlv2
AOI_2_Vegas_img2870,AOI_2_Vegas,AOI_2_Vegas:-11524:3626,test,owlv2,area,fixed,0.3,0.25,15,141,16,16,3.45,owlv2
AOI_2_Vegas_img2870,AOI_2_Vegas,AOI_2_Vegas:-11524:3626,test,owlv2,area,fixed,0.45,0.25,13,91,16,12,2.6,owlv2
AOI_2_Vegas_img2870,AOI_2_Vegas,AOI_2_Vegas:-11524:3626,test,owlv2,area,fixed,0.6,0.25,13,71,16,10,1.6,owlv2
AOI_2_Vegas_img2870,AOI_2_Vegas,AOI_2_Vegas:-11524:3626,test,owlv2,area,fixed,0.9,0.25,10,48,16,12,1.75,owlv2
AOI_2_Vegas_img2870,AOI_2_Vegas,AOI_2_Vegas:-11524:3626,test,owlv2,area,fixed,1.2,0.25,7,35,16,15,1.8,owlv2
AOI_2_Vegas_img2870,AOI_2_Vegas,AOI_2_Vegas:-11524:3626,test,owlv2,area,fixed,1.8,0.25,6,26,16,10,1.55,owlv2
AOI_2_Vegas_img2870,AOI_2_Vegas,AOI_2_Vegas:-11524:3626,test,owlv2,area,fixed,2.4,0.25,0,0,16,4,0.0,owlv2
AOI_2_Vegas_img2870,AOI_2_Vegas,AOI_2_Vegas:-11524:3626,test,owlv2,area,fixed,3.6,0.25,0,0,16,0,0.0,owlv2
AOI_2_Vegas_img2870,AOI_2_Vegas,AOI_2_Vegas:-11524:3626,test,owlv2,area,fixed,5.0,0.25,0,0,16,0,0.0,owlv2
AOI_2_Vegas_img2870,AOI_2_Vegas,AOI_2_Vegas:-11524:3626,test,owlv2,area,fixed,10.0,0.25,0,0,16,0,0.0,owlv2
AOI_2_Vegas_img2875,AOI_2_Vegas,AOI_2_Vegas:-11523:3613,test,owlv2,area,fixed,0.3,0.25,23,164,31,68,6.9,owlv2
AOI_2_Vegas_img2875,AOI_2_Vegas,AOI_2_Vegas:-11523:3613,test,owlv2,area,fixed,0.45,0.25,17,104,31,68,5.35,owlv2
AOI_2_Vegas_img2875,AOI_2_Vegas,AOI_2_Vegas:-11523:3613,test,owlv2,area,fixed,0.6,0.25,15,72,31,64,5.55,owlv2
AOI_2_Vegas_img2875,AOI_2_Vegas,AOI_2_Vegas:-11523:3613,test,owlv2,area,fixed,0.9,0.25,13,48,31,60,3.45,owlv2
AOI_2_Vegas_img2875,AOI_2_Vegas,AOI_2_Vegas:-11523:3613,test,owlv2,area,fixed,1.2,0.25,12,37,31,48,3.35,owlv2
AOI_2_Vegas_img2875,AOI_2_Vegas,AOI_2_Vegas:-11523:3613,test,owlv2,area,fixed,1.8,0.25,11,39,31,47,4.0,owlv2
AOI_2_Vegas_img2875,AOI_2_Vegas,AOI_2_Vegas:-11523:3613,test,owlv2,area,fixed,2.4,0.25,6,32,31,45,3.25,owlv2
AOI_2_Vegas_img2875,AOI_2_Vegas,AOI_2_Vegas:-11523:3613,test,owlv2,area,fixed,3.6,0.25,3,8,31,31,1.0,owlv2
AOI_2_Vegas_img2875,AOI_2_Vegas,AOI_2_Vegas:-11523:3613,test,owlv2,area,fixed,5.0,0.25,0,0,31,0,0.0,owlv2
AOI_2_Vegas_img2875,AOI_2_Vegas,AOI_2_Vegas:-11523:3613,test,owlv2,area,fixed,10.0,0.25,0,0,31,0,0.0,owlv2
AOI_2_Vegas_img288,AOI_2_Vegas,AOI_2_Vegas:-11530:3614,test,owlv2,area,fixed,0.3,0.25,28,174,37,64,10.45,owlv2
AOI_2_Vegas_img288,AOI_2_Vegas,AOI_2_Vegas:-11530:3614,test,owlv2,area,fixed,0.45,0.25,24,103,37,55,8.7,owlv2
AOI_2_Vegas_img288,AOI_2_Vegas,AOI_2_Vegas:-11530:3614,test,owlv2,area,fixed,0.6,0.25,25,98,37,48,8.95,owlv2
AOI_2_Vegas_img288,AOI_2_Vegas,AOI_2_Vegas:-11530:3614,test,owlv2,area,fixed,0.9,0.25,23,60,37,38,5.7,owlv2
AOI_2_Vegas_img288,AOI_2_Vegas,AOI_2_Vegas:-11530:3614,test,owlv2,area,fixed,1.2,0.25,19,45,37,35,5.65,owlv2
AOI_2_Vegas_img288,AOI_2_Vegas,AOI_2_Vegas:-11530:3614,test,owlv2,area,fixed,1.8,0.25,20,43,37,31,5.15,owlv2
AOI_2_Vegas_img288,AOI_2_Vegas,AOI_2_Vegas:-11530:3614,test,owlv2,area,fixed,2.4,0.25,14,20,37,20,3.15,owlv2
AOI_2_Vegas_img288,AOI_2_Vegas,AOI_2_Vegas:-11530:3614,test,owlv2,area,fixed,3.6,0.25,2,4,37,9,0.75,owlv2
AOI_2_Vegas_img288,AOI_2_Vegas,AOI_2_Vegas:-11530:3614,test,owlv2,area,fixed,5.0,0.25,0,0,37,0,0.0,owlv2
AOI_2_Vegas_img288,AOI_2_Vegas,AOI_2_Vegas:-11530:3614,test,owlv2,area,fixed,10.0,0.25,0,0,37,0,0.0,owlv2
AOI_2_Vegas_img2888,AOI_2_Vegas,AOI_2_Vegas:-11523:3615,test,owlv2,area,fixed,0.3,0.25,0,13,0,14,0.0,owlv2
AOI_2_Vegas_img2888,AOI_2_Vegas,AOI_2_Vegas:-11523:3615,test,owlv2,area,fixed,0.45,0.25,0,4,0,3,0.0,owlv2
AOI_2_Vegas_img2888,AOI_2_Vegas,AOI_2_Vegas:-11523:3615,test,owlv2,area,fixed,0.6,0.25,0,5,0,2,0.0,owlv2
AOI_2_Vegas_img2888,AOI_2_Vegas,AOI_2_Vegas:-11523:3615,test,owlv2,area,fixed,0.9,0.25,0,0,0,0,0.0,owlv2
AOI_2_Vegas_img2888,AOI_2_Vegas,AOI_2_Vegas:-11523:3615,test,owlv2,area,fixed,1.2,0.25,0,0,0,0,0.0,owlv2
AOI_2_Vegas_img2888,AOI_2_Vegas,AOI_2_Vegas:-11523:3615,test,owlv2,area,fixed,1.8,0.25,0,0,0,0,0.0,owlv2
AOI_2_Vegas_img2888,AOI_2_Vegas,AOI_2_Vegas:-11523:3615,test,owlv2,area,fixed,2.4,0.25,0,0,0,1,0.0,owlv2
AOI_2_Vegas_img2888,AOI_2_Vegas,AOI_2_Vegas:-11523:3615,test,owlv2,area,fixed,3.6,0.25,0,0,0,2,0.0,owlv2
AOI_2_Vegas_img2888,AOI_2_Vegas,AOI_2_Vegas:-11523:3615,test,owlv2,area,fixed,5.0,0.25,0,0,0,3,0.0,owlv2
AOI_2_Vegas_img2888,AOI_2_Vegas,AOI_2_Vegas:-11523:3615,test,owlv2,area,fixed,10.0,0.25,0,0,0,0,0.0,owlv2
AOI_2_Vegas_img297,AOI_2_Vegas,AOI_2_Vegas:-11530:3616,test,owlv2,area,fixed,0.3,0.25,0,0,0,0,0.0,owlv2
AOI_2_Vegas_img297,AOI_2_Vegas,AOI_2_Vegas:-11530:3616,test,owlv2,area,fixed,0.45,0.25,0,0,0,0,0.0,owlv2
AOI_2_Vegas_img297,AOI_2_Vegas,AOI_2_Vegas:-11530:3616,test,owlv2,area,fixed,0.6,0.25,0,0,0,0,0.0,owlv2
AOI_2_Vegas_img297,AOI_2_Vegas,AOI_2_Vegas:-11530:3616,test,owlv2,area,fixed,0.9,0.25,0,0,0,0,0.0,owlv2
AOI_2_Vegas_img297,AOI_2_Vegas,AOI_2_Vegas:-11530:3616,test,owlv2,area,fixed,1.2,0.25,0,0,0,0,0.0,owlv2
AOI_2_Vegas_img297,AOI_2_Vegas,AOI_2_Vegas:-11530:3616,test,owlv2,area,fixed,1.8,0.25,0,0,0,0,0.0,owlv2
AOI_2_Vegas_img297,AOI_2_Vegas,AOI_2_Vegas:-11530:3616,test,owlv2,area,fixed,2.4,0.25,0,0,0,0,0.0,owlv2
AOI_2_Vegas_img297,AOI_2_Vegas,AOI_2_Vegas:-11530:3616,test,owlv2,area,fixed,3.6,0.25,0,0,0,0,0.0,owlv2
AOI_2_Vegas_img297,AOI_2_Vegas,AOI_2_Vegas:-11530:3616,test,owlv2,area,fixed,5.0,0.25,0,0,0,0,0.0,owlv2
AOI_2_Vegas_img297,AOI_2_Vegas,AOI_2_Vegas:-11530:3616,test,owlv2,area,fixed,10.0,0.25,0,0,0,0,0.0,owlv2
AOI_2_Vegas_img2978,AOI_2_Vegas,AOI_2_Vegas:-11523:3617,test,owlv2,area,fixed,0.3,0.25,23,198,30,46,8.45,owlv2
AOI_2_Vegas_img2978,AOI_2_Vegas,AOI_2_Vegas:-11523:3617,test,owlv2,area,fixed,0.45,0.25,17,106,30,34,5.95,owlv2
AOI_2_Vegas_img2978,AOI_2_Vegas,AOI_2_Vegas:-11523:3617,test,owlv2,area,fixed,0.6,0.25,17,104,30,35,6.0,owlv2
AOI_2_Vegas_img2978,AOI_2_Vegas,AOI_2_Vegas:-11523:3617,test,owlv2,area,fixed,0.9,0.25,14,52,30,35,3.85,owlv2
AOI_2_Vegas_img2978,AOI_2_Vegas,AOI_2_Vegas:-11523:3617,test,owlv2,area,fixed,1.2,0.25,11,29,30,22,2.8,owlv2
AOI_2_Vegas_img2978,AOI_2_Vegas,AOI_2_Vegas:-11523:3617,test,owlv2,area,fixed,1.8,0.25,8,23,30,21,2.0,owlv2
AOI_2_Vegas_img2978,AOI_2_Vegas,AOI_2_Vegas:-11523:3617,test,owlv2,area,fixed,2.4,0.25,10,17,30,21,2.05,owlv2
AOI_2_Vegas_img2978,AOI_2_Vegas,AOI_2_Vegas:-11523:3617,test,owlv2,area,fixed,3.6,0.25,5,8,30,26,0.7,owlv2
AOI_2_Vegas_img2978,AOI_2_Vegas,AOI_2_Vegas:-11523:3617,test,owlv2,area,fixed,5.0,0.25,0,2,30,13,0.2,owlv2
AOI_2_Vegas_img2978,AOI_2_Vegas,AOI_2_Vegas:-11523:3617,test,owlv2,area,fixed,10.0,0.25,0,0,30,0,0.0,owlv2
AOI_2_Vegas_img3018,AOI_2_Vegas,AOI_2_Vegas:-11523:3624,test,owlv2,area,fixed,0.3,0.25,44,231,61,79,25.6,owlv2
AOI_2_Vegas_img3018,AOI_2_Vegas,AOI_2_Vegas:-11523:3624,test,owlv2,area,fixed,0.45,0.25,42,168,61,69,21.25,owlv2
AOI_2_Vegas_img3018,AOI_2_Vegas,AOI_2_Vegas:-11523:3624,test,owlv2,area,fixed,0.6,0.25,39,140,61,69,21.55,owlv2
AOI_2_Vegas_img3018,AOI_2_Vegas,AOI_2_Vegas:-11523:3624,test,owlv2,area,fixed,0.9,0.25,31,106,61,68,19.15,owlv2
AOI_2_Vegas_img3018,AOI_2_Vegas,AOI_2_Vegas:-11523:3624,test,owlv2,area,fixed,1.2,0.25,37,108,61,73,20.2,owlv2
AOI_2_Vegas_img3018,AOI_2_Vegas,AOI_2_Vegas:-11523:3624,test,owlv2,area,fixed,1.8,0.25,32,77,61,48,15.4,owlv2
AOI_2_Vegas_img3018,AOI_2_Vegas,AOI_2_Vegas:-11523:3624,test,owlv2,area,fixed,2.4,0.25,18,25,61,38,6.5,owlv2
AOI_2_Vegas_img3018,AOI_2_Vegas,AOI_2_Vegas:-11523:3624,test,owlv2,area,fixed,3.6,0.25,0,0,61,6,0.0,owlv2
AOI_2_Vegas_img3018,AOI_2_Vegas,AOI_2_Vegas:-11523:3624,test,owlv2,area,fixed,5.0,0.25,0,0,61,0,0.0,owlv2
AOI_2_Vegas_img3018,AOI_2_Vegas,AOI_2_Vegas:-11523:3624,test,owlv2,area,fixed,10.0,0.25,0,0,61,0,0.0,owlv2
AOI_2_Vegas_img3077,AOI_2_Vegas,AOI_2_Vegas:-11523:3620,test,owlv2,area,fixed,0.3,0.25,25,183,32,62,7.45,owlv2
AOI_2_Vegas_img3077,AOI_2_Vegas,AOI_2_Vegas:-11523:3620,test,owlv2,area,fixed,0.45,0.25,23,143,32,65,7.65,owlv2
AOI_2_Vegas_img3077,AOI_2_Vegas,AOI_2_Vegas:-11523:3620,test,owlv2,area,fixed,0.6,0.25,24,136,32,56,7.05,owlv2
AOI_2_Vegas_img3077,AOI_2_Vegas,AOI_2_Vegas:-11523:3620,test,owlv2,area,fixed,0.9,0.25,23,99,32,55,6.7,owlv2
AOI_2_Vegas_img3077,AOI_2_Vegas,AOI_2_Vegas:-11523:3620,test,owlv2,area,fixed,1.2,0.25,22,96,32,58,6.15,owlv2
AOI_2_Vegas_img3077,AOI_2_Vegas,AOI_2_Vegas:-11523:3620,test,owlv2,area,fixed,1.8,0.25,13,57,32,57,4.95,owlv2
AOI_2_Vegas_img3077,AOI_2_Vegas,AOI_2_Vegas:-11523:3620,test,owlv2,area,fixed,2.4,0.25,10,35,32,46,3.15,owlv2
AOI_2_Vegas_img3077,AOI_2_Vegas,AOI_2_Vegas:-11523:3620,test,owlv2,area,fixed,3.6,0.25,0,0,32,9,0.0,owlv2
AOI_2_Vegas_img3077,AOI_2_Vegas,AOI_2_Vegas:-11523:3620,test,owlv2,area,fixed,5.0,0.25,0,0,32,0,0.0,owlv2
AOI_2_Vegas_img3077,AOI_2_Vegas,AOI_2_Vegas:-11523:3620,test,owlv2,area,fixed,10.0,0.25,0,0,32,0,0.0,owlv2
AOI_2_Vegas_img3082,AOI_2_Vegas,AOI_2_Vegas:-11523:3621,test,owlv2,area,fixed,0.3,0.25,5,65,7,42,0.85,owlv2
AOI_2_Vegas_img3082,AOI_2_Vegas,AOI_2_Vegas:-11523:3621,test,owlv2,area,fixed,0.45,0.25,6,47,7,30,0.6,owlv2
AOI_2_Vegas_img3082,AOI_2_Vegas,AOI_2_Vegas:-11523:3621,test,owlv2,area,fixed,0.6,0.25,5,39,7,35,0.7,owlv2
AOI_2_Vegas_img3082,AOI_2_Vegas,AOI_2_Vegas:-11523:3621,test,owlv2,area,fixed,0.9,0.25,2,9,7,16,0.25,owlv2
AOI_2_Vegas_img3082,AOI_2_Vegas,AOI_2_Vegas:-11523:3621,test,owlv2,area,fixed,1.2,0.25,0,0,7,5,0.0,owlv2
AOI_2_Vegas_img3082,AOI_2_Vegas,AOI_2_Vegas:-11523:3621,test,owlv2,area,fixed,1.8,0.25,0,0,7,4,0.0,owlv2
AOI_2_Vegas_img3082,AOI_2_Vegas,AOI_2_Vegas:-11523:3621,test,owlv2,area,fixed,2.4,0.25,0,1,7,3,0.0,owlv2
AOI_2_Vegas_img3082,AOI_2_Vegas,AOI_2_Vegas:-11523:3621,test,owlv2,area,fixed,3.6,0.25,0,0,7,1,0.0,owlv2
AOI_2_Vegas_img3082,AOI_2_Vegas,AOI_2_Vegas:-11523:3621,test,owlv2,area,fixed,5.0,0.25,0,0,7,1,0.0,owlv2
AOI_2_Vegas_img3082,AOI_2_Vegas,AOI_2_Vegas:-11523:3621,test,owlv2,area,fixed,10.0,0.25,0,0,7,0,0.0,owlv2
AOI_2_Vegas_img311,AOI_2_Vegas,AOI_2_Vegas:-11530:3618,test,owlv2,area,fixed,0.3,0.25,9,192,15,36,0.85,owlv2
AOI_2_Vegas_img311,AOI_2_Vegas,AOI_2_Vegas:-11530:3618,test,owlv2,area,fixed,0.45,0.25,8,102,15,32,0.55,owlv2
AOI_2_Vegas_img311,AOI_2_Vegas,AOI_2_Vegas:-11530:3618,test,owlv2,area,fixed,0.6,0.25,8,120,15,31,0.65,owlv2
AOI_2_Vegas_img311,AOI_2_Vegas,AOI_2_Vegas:-11530:3618,test,owlv2,area,fixed,0.9,0.25,5,80,15,23,0.5,owlv2
AOI_2_Vegas_img311,AOI_2_Vegas,AOI_2_Vegas:-11530:3618,test,owlv2,area,fixed,1.2,0.25,6,73,15,24,0.35,owlv2
AOI_2_Vegas_img311,AOI_2_Vegas,AOI_2_Vegas:-11530:3618,test,owlv2,area,fixed,1.8,0.25,5,60,15,29,0.35,owlv2
AOI_2_Vegas_img311,AOI_2_Vegas,AOI_2_Vegas:-11530:3618,test,owlv2,area,fixed,2.4,0.25,5,26,15,15,0.05,owlv2
AOI_2_Vegas_img311,AOI_2_Vegas,AOI_2_Vegas:-11530:3618,test,owlv2,area,fixed,3.6,0.25,1,2,15,13,0.05,owlv2
AOI_2_Vegas_img311,AOI_2_Vegas,AOI_2_Vegas:-11530:3618,test,owlv2,area,fixed,5.0,0.25,0,0,15,1,0.0,owlv2
AOI_2_Vegas_img311,AOI_2_Vegas,AOI_2_Vegas:-11530:3618,test,owlv2,area,fixed,10.0,0.25,0,0,15,0,0.0,owlv2
AOI_2_Vegas_img3117,AOI_2_Vegas,AOI_2_Vegas:-11523:3613,test,owlv2,area,fixed,0.3,0.25,13,222,18,81,8.65,owlv2
AOI_2_Vegas_img3117,AOI_2_Vegas,AOI_2_Vegas:-11523:3613,test,owlv2,area,fixed,0.45,0.25,12,105,18,67,5.9,owlv2
AOI_2_Vegas_img3117,AOI_2_Vegas,AOI_2_Vegas:-11523:3613,test,owlv2,area,fixed,0.6,0.25,12,90,18,68,5.65,owlv2
AOI_2_Vegas_img3117,AOI_2_Vegas,AOI_2_Vegas:-11523:3613,test,owlv2,area,fixed,0.9,0.25,8,51,18,56,4.8,owlv2
AOI_2_Vegas_img3117,AOI_2_Vegas,AOI_2_Vegas:-11523:3613,test,owlv2,area,fixed,1.2,0.25,8,64,18,72,6.2,owlv2
AOI_2_Vegas_img3117,AOI_2_Vegas,AOI_2_Vegas:-11523:3613,test,owlv2,area,fixed,1.8,0.25,4,28,18,56,3.05,owlv2
AOI_2_Vegas_img3117,AOI_2_Vegas,AOI_2_Vegas:-11523:3613,test,owlv2,area,fixed,2.4,0.25,2,16,18,36,1.9,owlv2
AOI_2_Vegas_img3117,AOI_2_Vegas,AOI_2_Vegas:-11523:3613,test,owlv2,area,fixed,3.6,0.25,1,1,18,14,0.15,owlv2
AOI_2_Vegas_img3117,AOI_2_Vegas,AOI_2_Vegas:-11523:3613,test,owlv2,area,fixed,5.0,0.25,1,1,18,5,0.1,owlv2
AOI_2_Vegas_img3117,AOI_2_Vegas,AOI_2_Vegas:-11523:3613,test,owlv2,area,fixed,10.0,0.25,0,0,18,11,0.0,owlv2
AOI_2_Vegas_img3122,AOI_2_Vegas,AOI_2_Vegas:-11523:3614,test,owlv2,area,fixed,0.3,0.25,18,143,27,67,4.65,owlv2
AOI_2_Vegas_img3122,AOI_2_Vegas,AOI_2_Vegas:-11523:3614,test,owlv2,area,fixed,0.45,0.25,15,88,27,51,3.55,owlv2
AOI_2_Vegas_img3122,AOI_2_Vegas,AOI_2_Vegas:-11523:3614,test,owlv2,area,fixed,0.6,0.25,13,58,27,42,2.85,owlv2
AOI_2_Vegas_img3122,AOI_2_Vegas,AOI_2_Vegas:-11523:3614,test,owlv2,area,fixed,0.9,0.25,11,29,27,34,2.4,owlv2
AOI_2_Vegas_img3122,AOI_2_Vegas,AOI_2_Vegas:-11523:3614,test,owlv2,area,fixed,1.2,0.25,9,25,27,38,2.1,owlv2
AOI_2_Vegas_img3122,AOI_2_Vegas,AOI_2_Vegas:-11523:3614,test,owlv2,area,fixed,1.8,0.25,4,11,27,29,1.35,owlv2
AOI_2_Vegas_img3122,AOI_2_Vegas,AOI_2_Vegas:-11523:3614,test,owlv2,area,fixed,2.4,0.25,0,0,27,11,0.0,owlv2
AOI_2_Vegas_img3122,AOI_2_Vegas,AOI_2_Vegas:-11523:3614,test,owlv2,area,fixed,3.6,0.25,0,0,27,0,0.0,owlv2
AOI_2_Vegas_img3122,AOI_2_Vegas,AOI_2_Vegas:-11523:3614,test,owlv2,area,fixed,5.0,0.25,0,0,27,0,0.0,owlv2
AOI_2_Vegas_img3122,AOI_2_Vegas,AOI_2_Vegas:-11523:3614,test,owlv2,area,fixed,10.0,0.25,0,0,27,0,0.0,owlv2
AOI_2_Vegas_img3131,AOI_2_Vegas,AOI_2_Vegas:-11523:3616,test,owlv2,area,fixed,0.3,0.25,53,306,65,70,21.6,owlv2
AOI_2_Vegas_img3131,AOI_2_Vegas,AOI_2_Vegas:-11523:3616,test,owlv2,area,fixed,0.45,0.25,47,169,65,53,18.1,owlv2
AOI_2_Vegas_img3131,AOI_2_Vegas,AOI_2_Vegas:-11523:3616,test,owlv2,area,fixed,0.6,0.25,44,144,65,44,16.55,owlv2
AOI_2_Vegas_img3131,AOI_2_Vegas,AOI_2_Vegas:-11523:3616,test,owlv2,area,fixed,0.9,0.25,40,95,65,29,14.55,owlv2
AOI_2_Vegas_img3131,AOI_2_Vegas,AOI_2_Vegas:-11523:3616,test,owlv2,area,fixed,1.2,0.25,41,105,65,29,15.15,owlv2
AOI_2_Vegas_img3131,AOI_2_Vegas,AOI_2_Vegas:-11523:3616,test,owlv2,area,fixed,1.8,0.25,26,45,65,15,7.9,owlv2
AOI_2_Vegas_img3131,AOI_2_Vegas,AOI_2_Vegas:-11523:3616,test,owlv2,area,fixed,2.4,0.25,18,23,65,7,4.8,owlv2
AOI_2_Vegas_img3131,AOI_2_Vegas,AOI_2_Vegas:-11523:3616,test,owlv2,area,fixed,3.6,0.25,0,0,65,0,0.0,owlv2
AOI_2_Vegas_img3131,AOI_2_Vegas,AOI_2_Vegas:-11523:3616,test,owlv2,area,fixed,5.0,0.25,0,0,65,0,0.0,owlv2
AOI_2_Vegas_img3131,AOI_2_Vegas,AOI_2_Vegas:-11523:3616,test,owlv2,area,fixed,10.0,0.25,0,0,65,0,0.0,owlv2
AOI_2_Vegas_img3134,AOI_2_Vegas,AOI_2_Vegas:-11523:3616,test,owlv2,area,fixed,0.3,0.25,43,257,58,69,19.55,owlv2
AOI_2_Vegas_img3134,AOI_2_Vegas,AOI_2_Vegas:-11523:3616,test,owlv2,area,fixed,0.45,0.25,39,146,58,50,16.8,owlv2
AOI_2_Vegas_img3134,AOI_2_Vegas,AOI_2_Vegas:-11523:3616,test,owlv2,area,fixed,0.6,0.25,38,111,58,50,16.05,owlv2
AOI_2_Vegas_img3134,AOI_2_Vegas,AOI_2_Vegas:-11523:3616,test,owlv2,area,fixed,0.9,0.25,28,50,58,27,9.6,owlv2
AOI_2_Vegas_img3134,AOI_2_Vegas,AOI_2_Vegas:-11523:3616,test,owlv2,area,fixed,1.2,0.25,22,30,58,14,6.85,owlv2
AOI_2_Vegas_img3134,AOI_2_Vegas,AOI_2_Vegas:-11523:3616,test,owlv2,area,fixed,1.8,0.25,19,29,58,12,5.7,owlv2
AOI_2_Vegas_img3134,AOI_2_Vegas,AOI_2_Vegas:-11523:3616,test,owlv2,area,fixed,2.4,0.25,10,12,58,4,2.0,owlv2
AOI_2_Vegas_img3134,AOI_2_Vegas,AOI_2_Vegas:-11523:3616,test,owlv2,area,fixed,3.6,0.25,0,0,58,0,0.0,owlv2
AOI_2_Vegas_img3134,AOI_2_Vegas,AOI_2_Vegas:-11523:3616,test,owlv2,area,fixed,5.0,0.25,0,0,58,0,0.0,owlv2
AOI_2_Vegas_img3134,AOI_2_Vegas,AOI_2_Vegas:-11523:3616,test,owlv2,area,fixed,10.0,0.25,0,0,58,0,0.0,owlv2
AOI_2_Vegas_img3146,AOI_2_Vegas,AOI_2_Vegas:-11523:3619,test,owlv2,area,fixed,0.3,0.25,22,117,38,55,4.65,owlv2
AOI_2_Vegas_img3146,AOI_2_Vegas,AOI_2_Vegas:-11523:3619,test,owlv2,area,fixed,0.45,0.25,16,59,38,39,3.15,owlv2
AOI_2_Vegas_img3146,AOI_2_Vegas,AOI_2_Vegas:-11523:3619,test,owlv2,area,fixed,0.6,0.25,6,28,38,33,2.4,owlv2
AOI_2_Vegas_img3146,AOI_2_Vegas,AOI_2_Vegas:-11523:3619,test,owlv2,area,fixed,0.9,0.25,1,7,38,28,0.35,owlv2
AOI_2_Vegas_img3146,AOI_2_Vegas,AOI_2_Vegas:-11523:3619,test,owlv2,area,fixed,1.2,0.25,0,1,38,27,0.1,owlv2
AOI_2_Vegas_img3146,AOI_2_Vegas,AOI_2_Vegas:-11523:3619,test,owlv2,area,fixed,1.8,0.25,1,1,38,24,0.25,owlv2
AOI_2_Vegas_img3146,AOI_2_Vegas,AOI_2_Vegas:-11523:3619,test,owlv2,area,fixed,2.4,0.25,0,0,38,16,0.0,owlv2
AOI_2_Vegas_img3146,AOI_2_Vegas,AOI_2_Vegas:-11523:3619,test,owlv2,area,fixed,3.6,0.25,0,0,38,6,0.0,owlv2
AOI_2_Vegas_img3146,AOI_2_Vegas,AOI_2_Vegas:-11523:3619,test,owlv2,area,fixed,5.0,0.25,0,0,38,0,0.0,owlv2
AOI_2_Vegas_img3146,AOI_2_Vegas,AOI_2_Vegas:-11523:3619,test,owlv2,area,fixed,10.0,0.25,0,0,38,3,0.0,owlv2
AOI_2_Vegas_img3170,AOI_2_Vegas,AOI_2_Vegas:-11523:3623,test,owlv2,area,fixed,0.3,0.25,0,0,0,0,0.0,owlv2
AOI_2_Vegas_img3170,AOI_2_Vegas,AOI_2_Vegas:-11523:3623,test,owlv2,area,fixed,0.45,0.25,0,0,0,0,0.0,owlv2
AOI_2_Vegas_img3170,AOI_2_Vegas,AOI_2_Vegas:-11523:3623,test,owlv2,area,fixed,0.6,0.25,0,0,0,0,0.0,owlv2
AOI_2_Vegas_img3170,AOI_2_Vegas,AOI_2_Vegas:-11523:3623,test,owlv2,area,fixed,0.9,0.25,0,0,0,0,0.0,owlv2
AOI_2_Vegas_img3170,AOI_2_Vegas,AOI_2_Vegas:-11523:3623,test,owlv2,area,fixed,1.2,0.25,0,0,0,0,0.0,owlv2
AOI_2_Vegas_img3170,AOI_2_Vegas,AOI_2_Vegas:-11523:3623,test,owlv2,area,fixed,1.8,0.25,0,0,0,0,0.0,owlv2
AOI_2_Vegas_img3170,AOI_2_Vegas,AOI_2_Vegas:-11523:3623,test,owlv2,area,fixed,2.4,0.25,0,0,0,0,0.0,owlv2
AOI_2_Vegas_img3170,AOI_2_Vegas,AOI_2_Vegas:-11523:3623,test,owlv2,area,fixed,3.6,0.25,0,0,0,0,0.0,owlv2
AOI_2_Vegas_img3170,AOI_2_Vegas,AOI_2_Vegas:-11523:3623,test,owlv2,area,fixed,5.0,0.25,0,0,0,0,0.0,owlv2
AOI_2_Vegas_img3170,AOI_2_Vegas,AOI_2_Vegas:-11523:3623,test,owlv2,area,fixed,10.0,0.25,0,0,0,0,0.0,owlv2
AOI_2_Vegas_img3207,AOI_2_Vegas,AOI_2_Vegas:-11523:3615,test,owlv2,area,fixed,0.3,0.25,17,129,29,52,4.75,owlv2
AOI_2_Vegas_img3207,AOI_2_Vegas,AOI_2_Vegas:-11523:3615,test,owlv2,area,fixed,0.45,0.25,8,68,29,40,3.3,owlv2
AOI_2_Vegas_img3207,AOI_2_Vegas,AOI_2_Vegas:-11523:3615,test,owlv2,area,fixed,0.6,0.25,7,46,29,38,2.2,owlv2
AOI_2_Vegas_img3207,AOI_2_Vegas,AOI_2_Vegas:-11523:3615,test,owlv2,area,fixed,0.9,0.25,4,29,29,33,1.95,owlv2
AOI_2_Vegas_img3207,AOI_2_Vegas,AOI_2_Vegas:-11523:3615,test,owlv2,area,fixed,1.2,0.25,1,10,29,28,1.0,owlv2
AOI_2_Vegas_img3207,AOI_2_Vegas,AOI_2_Vegas:-11523:3615,test,owlv2,area,fixed,1.8,0.25,2,5,29,21,0.45,owlv2
AOI_2_Vegas_img3207,AOI_2_Vegas,AOI_2_Vegas:-11523:3615,test,owlv2,area,fixed,2.4,0.25,0,0,29,3,0.0,owlv2
AOI_2_Vegas_img3207,AOI_2_Vegas,AOI_2_Vegas:-11523:3615,test,owlv2,area,fixed,3.6,0.25,0,0,29,0,0.0,owlv2
AOI_2_Vegas_img3207,AOI_2_Vegas,AOI_2_Vegas:-11523:3615,test,owlv2,area,fixed,5.0,0.25,0,0,29,2,0.0,owlv2
AOI_2_Vegas_img3207,AOI_2_Vegas,AOI_2_Vegas:-11523:3615,test,owlv2,area,fixed,10.0,0.25,0,0,29,0,0.0,owlv2
AOI_2_Vegas_img3214,AOI_2_Vegas,AOI_2_Vegas:-11523:3617,test,owlv2,area,fixed,0.3,0.25,45,205,69,65,19.25,owlv2
AOI_2_Vegas_img3214,AOI_2_Vegas,AOI_2_Vegas:-11523:3617,test,owlv2,area,fixed,0.45,0.25,38,111,69,45,14.75,owlv2
AOI_2_Vegas_img3214,AOI_2_Vegas,AOI_2_Vegas:-11523:3617,test,owlv2,area,fixed,0.6,0.25,38,130,69,44,16.15,owlv2
AOI_2_Vegas_img3214,AOI_2_Vegas,AOI_2_Vegas:-11523:3617,test,owlv2,area,fixed,0.9,0.25,30,50,69,20,9.05,owlv2
AOI_2_Vegas_img3214,AOI_2_Vegas,AOI_2_Vegas:-11523:3617,test,owlv2,area,fixed,1.2,0.25,31,43,69,17,7.9,owlv2
AOI_2_Vegas_img3214,AOI_2_Vegas,AOI_2_Vegas:-11523:3617,test,owlv2,area,fixed,1.8,0.25,32,39,69,16,7.6,owlv2
AOI_2_Vegas_img3214,AOI_2_Vegas,AOI_2_Vegas:-11523:3617,test,owlv2,area,fixed,2.4,0.25,31,39,69,16,7.8,owlv2
AOI_2_Vegas_img3214,AOI_2_Vegas,AOI_2_Vegas:-11523:3617,test,owlv2,area,fixed,3.6,0.25,15,17,69,4,3.8,owlv2
AOI_2_Vegas_img3214,AOI_2_Vegas,AOI_2_Vegas:-11523:3617,test,owlv2,area,fixed,5.0,0.25,0,0,69,0,0.0,owlv2
AOI_2_Vegas_img3214,AOI_2_Vegas,AOI_2_Vegas:-11523:3617,test,owlv2,area,fixed,10.0,0.25,0,0,69,0,0.0,owlv2
AOI_2_Vegas_img324,AOI_2_Vegas,AOI_2_Vegas:-11530:3621,test,owlv2,area,fixed,0.3,0.25,23,312,24,54,12.35,owlv2
AOI_2_Vegas_img324,AOI_2_Vegas,AOI_2_Vegas:-11530:3621,test,owlv2,area,fixed,0.45,0.25,22,213,24,47,10.45,owlv2
AOI_2_Vegas_img324,AOI_2_Vegas,AOI_2_Vegas:-11530:3621,test,owlv2,area,fixed,0.6,0.25,22,186,24,42,10.0,owlv2
AOI_2_Vegas_img324,AOI_2_Vegas,AOI_2_Vegas:-11530:3621,test,owlv2,area,fixed,0.9,0.25,20,80,24,38,6.95,owlv2
AOI_2_Vegas_img324,AOI_2_Vegas,AOI_2_Vegas:-11530:3621,test,owlv2,area,fixed,1.2,0.25,18,39,24,27,6.05,owlv2
AOI_2_Vegas_img324,AOI_2_Vegas,AOI_2_Vegas:-11530:3621,test,owlv2,area,fixed,1.8,0.25,15,23,24,30,3.35,owlv2
AOI_2_Vegas_img324,AOI_2_Vegas,AOI_2_Vegas:-11530:3621,test,owlv2,area,fixed,2.4,0.25,14,15,24,19,2.35,owlv2
AOI_2_Vegas_img324,AOI_2_Vegas,AOI_2_Vegas:-11530:3621,test,owlv2,area,fixed,3.6,0.25,10,13,24,16,2.35,owlv2
AOI_2_Vegas_img324,AOI_2_Vegas,AOI_2_Vegas:-11530:3621,test,owlv2,area,fixed,5.0,0.25,0,0,24,2,0.0,owlv2
AOI_2_Vegas_img324,AOI_2_Vegas,AOI_2_Vegas:-11530:3621,test,owlv2,area,fixed,10.0,0.25,0,0,24,0,0.0,owlv2
AOI_2_Vegas_img3248,AOI_2_Vegas,AOI_2_Vegas:-11523:3623,test,owlv2,area,fixed,0.3,0.25,1,68,4,51,0.5,owlv2
AOI_2_Vegas_img3248,AOI_2_Vegas,AOI_2_Vegas:-11523:3623,test,owlv2,area,fixed,0.45,0.25,0,11,4,21,0.0,owlv2
AOI_2_Vegas_img3248,AOI_2_Vegas,AOI_2_Vegas:-11523:3623,test,owlv2,area,fixed,0.6,0.25,0,3,4,18,0.0,owlv2
AOI_2_Vegas_img3248,AOI_2_Vegas,AOI_2_Vegas:-11523:3623,test,owlv2,area,fixed,0.9,0.25,0,0,4,6,0.0,owlv2
AOI_2_Vegas_img3248,AOI_2_Vegas,AOI_2_Vegas:-11523:3623,test,owlv2,area,fixed,1.2,0.25,0,0,4,5,0.0,owlv2
AOI_2_Vegas_img3248,AOI_2_Vegas,AOI_2_Vegas:-11523:3623,test,owlv2,area,fixed,1.8,0.25,0,0,4,1,0.0,owlv2
AOI_2_Vegas_img3248,AOI_2_Vegas,AOI_2_Vegas:-11523:3623,test,owlv2,area,fixed,2.4,0.25,0,0,4,5,0.0,owlv2
AOI_2_Vegas_img3248,AOI_2_Vegas,AOI_2_Vegas:-11523:3623,test,owlv2,area,fixed,3.6,0.25,0,0,4,5,0.0,owlv2
AOI_2_Vegas_img3248,AOI_2_Vegas,AOI_2_Vegas:-11523:3623,test,owlv2,area,fixed,5.0,0.25,0,0,4,4,0.0,owlv2
AOI_2_Vegas_img3248,AOI_2_Vegas,AOI_2_Vegas:-11523:3623,test,owlv2,area,fixed,10.0,0.25,0,0,4,5,0.0,owlv2
AOI_2_Vegas_img3267,AOI_2_Vegas,AOI_2_Vegas:-11523:3612,test,owlv2,area,fixed,0.3,0.25,7,54,10,49,1.0,owlv2
AOI_2_Vegas_img3267,AOI_2_Vegas,AOI_2_Vegas:-11523:3612,test,owlv2,area,fixed,0.45,0.25,7,31,10,40,0.8,owlv2
AOI_2_Vegas_img3267,AOI_2_Vegas,AOI_2_Vegas:-11523:3612,test,owlv2,area,fixed,0.6,0.25,5,24,10,38,0.4,owlv2
AOI_2_Vegas_img3267,AOI_2_Vegas,AOI_2_Vegas:-11523:3612,test,owlv2,area,fixed,0.9,0.25,3,3,10,11,0.25,owlv2
AOI_2_Vegas_img3267,AOI_2_Vegas,AOI_2_Vegas:-11523:3612,test,owlv2,area,fixed,1.2,0.25,2,2,10,3,0.05,owlv2
AOI_2_Vegas_img3267,AOI_2_Vegas,AOI_2_Vegas:-11523:3612,test,owlv2,area,fixed,1.8,0.25,1,1,10,2,0.1,owlv2
AOI_2_Vegas_img3267,AOI_2_Vegas,AOI_2_Vegas:-11523:3612,test,owlv2,area,fixed,2.4,0.25,0,0,10,2,0.0,owlv2
AOI_2_Vegas_img3267,AOI_2_Vegas,AOI_2_Vegas:-11523:3612,test,owlv2,area,fixed,3.6,0.25,0,0,10,1,0.0,owlv2
AOI_2_Vegas_img3267,AOI_2_Vegas,AOI_2_Vegas:-11523:3612,test,owlv2,area,fixed,5.0,0.25,0,0,10,4,0.0,owlv2
AOI_2_Vegas_img3267,AOI_2_Vegas,AOI_2_Vegas:-11523:3612,test,owlv2,area,fixed,10.0,0.25,0,0,10,0,0.0,owlv2
AOI_2_Vegas_img3280,AOI_2_Vegas,AOI_2_Vegas:-11523:3614,test,owlv2,area,fixed,0.3,0.25,7,104,11,48,2.55,owlv2
AOI_2_Vegas_img3280,AOI_2_Vegas,AOI_2_Vegas:-11523:3614,test,owlv2,area,fixed,0.45,0.25,7,60,11,43,1.8,owlv2
AOI_2_Vegas_img3280,AOI_2_Vegas,AOI_2_Vegas:-11523:3614,test,owlv2,area,fixed,0.6,0.25,7,44,11,43,1.5,owlv2
AOI_2_Vegas_img3280,AOI_2_Vegas,AOI_2_Vegas:-11523:3614,test,owlv2,area,fixed,0.9,0.25,5,33,11,30,1.15,owlv2
AOI_2_Vegas_img3280,AOI_2_Vegas,AOI_2_Vegas:-11523:3614,test,owlv2,area,fixed,1.2,0.25,6,26,11,16,1.15,owlv2
AOI_2_Vegas_img3280,AOI_2_Vegas,AOI_2_Vegas:-11523:3614,test,owlv2,area,fixed,1.8,0.25,5,29,11,30,0.9,owlv2
AOI_2_Vegas_img3280,AOI_2_Vegas,AOI_2_Vegas:-11523:3614,test,owlv2,area,fixed,2.4,0.25,2,21,11,29,1.0,owlv2
AOI_2_Vegas_img3280,AOI_2_Vegas,AOI_2_Vegas:-11523:3614,test,owlv2,area,fixed,3.6,0.25,2,6,11,23,0.1,owlv2
AOI_2_Vegas_img3280,AOI_2_Vegas,AOI_2_Vegas:-11523:3614,test,owlv2,area,fixed,5.0,0.25,1,1,11,9,0.05,owlv2
AOI_2_Vegas_img3280,AOI_2_Vegas,AOI_2_Vegas:-11523:3614,test,owlv2,area,fixed,10.0,0.25,0,0,11,1,0.0,owlv2
AOI_2_Vegas_img3288,AOI_2_Vegas,AOI_2_Vegas:-11523:3616,test,owlv2,area,fixed,0.3,0.25,26,127,32,32,5.2,owlv2
AOI_2_Vegas_img3288,AOI_2_Vegas,AOI_2_Vegas:-11523:3616,test,owlv2,area,fixed,0.45,0.25,25,90,32,26,3.9,owlv2
AOI_2_Vegas_img3288,AOI_2_Vegas,AOI_2_Vegas:-11523:3616,test,owlv2,area,fixed,0.6,0.25,21,73,32,31,3.8,owlv2
AOI_2_Vegas_img3288,AOI_2_Vegas,AOI_2_Vegas:-11523:3616,test,owlv2,area,fixed,0.9,0.25,18,39,32,32,2.65,owlv2
AOI_2_Vegas_img3288,AOI_2_Vegas,AOI_2_Vegas:-11523:3616,test,owlv2,area,fixed,1.2,0.25,16,25,32,34,1.9,owlv2
AOI_2_Vegas_img3288,AOI_2_Vegas,AOI_2_Vegas:-11523:3616,test,owlv2,area,fixed,1.8,0.25,16,25,32,25,2.15,owlv2
AOI_2_Vegas_img3288,AOI_2_Vegas,AOI_2_Vegas:-11523:3616,test,owlv2,area,fixed,2.4,0.25,9,10,32,26,0.4,owlv2
AOI_2_Vegas_img3288,AOI_2_Vegas,AOI_2_Vegas:-11523:3616,test,owlv2,area,fixed,3.6,0.25,4,4,32,28,0.4,owlv2
AOI_2_Vegas_img3288,AOI_2_Vegas,AOI_2_Vegas:-11523:3616,test,owlv2,area,fixed,5.0,0.25,0,0,32,18,0.0,owlv2
AOI_2_Vegas_img3288,AOI_2_Vegas,AOI_2_Vegas:-11523:3616,test,owlv2,area,fixed,10.0,0.25,0,0,32,1,0.0,owlv2
AOI_2_Vegas_img3311,AOI_2_Vegas,AOI_2_Vegas:-11523:3620,test,owlv2,area,fixed,0.3,0.25,39,124,54,36,15.95,owlv2
AOI_2_Vegas_img3311,AOI_2_Vegas,AOI_2_Vegas:-11523:3620,test,owlv2,area,fixed,0.45,0.25,32,69,54,33,11.6,owlv2
AOI_2_Vegas_img3311,AOI_2_Vegas,AOI_2_Vegas:-11523:3620,test,owlv2,area,fixed,0.6,0.25,27,52,54,28,10.45,owlv2
AOI_2_Vegas_img3311,AOI_2_Vegas,AOI_2_Vegas:-11523:3620,test,owlv2,area,fixed,0.9,0.25,18,29,54,25,7.6,owlv2
AOI_2_Vegas_img3311,AOI_2_Vegas,AOI_2_Vegas:-11523:3620,test,owlv2,area,fixed,1.2,0.25,22,50,54,38,10.45,owlv2
AOI_2_Vegas_img3311,AOI_2_Vegas,AOI_2_Vegas:-11523:3620,test,owlv2,area,fixed,1.8,0.25,21,33,54,35,8.05,owlv2
AOI_2_Vegas_img3311,AOI_2_Vegas,AOI_2_Vegas:-11523:3620,test,owlv2,area,fixed,2.4,0.25,18,33,54,32,8.65,owlv2
AOI_2_Vegas_img3311,AOI_2_Vegas,AOI_2_Vegas:-11523:3620,test,owlv2,area,fixed,3.6,0.25,2,3,54,7,0.9,owlv2
AOI_2_Vegas_img3311,AOI_2_Vegas,AOI_2_Vegas:-11523:3620,test,owlv2,area,fixed,5.0,0.25,0,0,54,3,0.0,owlv2
AOI_2_Vegas_img3311,AOI_2_Vegas,AOI_2_Vegas:-11523:3620,test,owlv2,area,fixed,10.0,0.25,0,0,54,0,0.0,owlv2
AOI_2_Vegas_img3326,AOI_2_Vegas,AOI_2_Vegas:-11523:3622,test,owlv2,area,fixed,0.3,0.25,18,352,26,83,7.6,owlv2
AOI_2_Vegas_img3326,AOI_2_Vegas,AOI_2_Vegas:-11523:3622,test,owlv2,area,fixed,0.45,0.25,14,202,26,65,6.4,owlv2
AOI_2_Vegas_img3326,AOI_2_Vegas,AOI_2_Vegas:-11523:3622,test,owlv2,area,fixed,0.6,0.25,14,214,26,69,5.75,owlv2
AOI_2_Vegas_img3326,AOI_2_Vegas,AOI_2_Vegas:-11523:3622,test,owlv2,area,fixed,0.9,0.25,11,144,26,60,5.0,owlv2
AOI_2_Vegas_img3326,AOI_2_Vegas,AOI_2_Vegas:-11523:3622,test,owlv2,area,fixed,1.2,0.25,11,112,26,54,4.6,owlv2
AOI_2_Vegas_img3326,AOI_2_Vegas,AOI_2_Vegas:-11523:3622,test,owlv2,area,fixed,1.8,0.25,7,82,26,43,4.05,owlv2
AOI_2_Vegas_img3326,AOI_2_Vegas,AOI_2_Vegas:-11523:3622,test,owlv2,area,fixed,2.4,0.25,6,58,26,42,3.5,owlv2
AOI_2_Vegas_img3326,AOI_2_Vegas,AOI_2_Vegas:-11523:3622,test,owlv2,area,fixed,3.6,0.25,4,13,26,24,0.9,owlv2
AOI_2_Vegas_img3326,AOI_2_Vegas,AOI_2_Vegas:-11523:3622,test,owlv2,area,fixed,5.0,0.25,0,0,26,1,0.0,owlv2
AOI_2_Vegas_img3326,AOI_2_Vegas,AOI_2_Vegas:-11523:3622,test,owlv2,area,fixed,10.0,0.25,0,0,26,0,0.0,owlv2
AOI_2_Vegas_img3335,AOI_2_Vegas,AOI_2_Vegas:-11523:3624,test,owlv2,area,fixed,0.3,0.25,42,286,43,49,25.75,owlv2
AOI_2_Vegas_img3335,AOI_2_Vegas,AOI_2_Vegas:-11523:3624,test,owlv2,area,fixed,0.45,0.25,41,207,43,39,24.05,owlv2
AOI_2_Vegas_img3335,AOI_2_Vegas,AOI_2_Vegas:-11523:3624,test,owlv2,area,fixed,0.6,0.25,41,140,43,43,21.05,owlv2
AOI_2_Vegas_img3335,AOI_2_Vegas,AOI_2_Vegas:-11523:3624,test,owlv2,area,fixed,0.9,0.25,38,71,43,33,16.05,owlv2
AOI_2_Vegas_img3335,AOI_2_Vegas,AOI_2_Vegas:-11523:3624,test,owlv2,area,fixed,1.2,0.25,31,46,43,45,11.65,owlv2
AOI_2_Vegas_img3335,AOI_2_Vegas,AOI_2_Vegas:-11523:3624,test,owlv2,area,fixed,1.8,0.25,26,33,43,22,9.95,owlv2
AOI_2_Vegas_img3335,AOI_2_Vegas,AOI_2_Vegas:-11523:3624,test,owlv2,area,fixed,2.4,0.25,12,13,43,10,3.6,owlv2
AOI_2_Vegas_img3335,AOI_2_Vegas,AOI_2_Vegas:-11523:3624,test,owlv2,area,fixed,3.6,0.25,0,0,43,1,0.0,owlv2
AOI_2_Vegas_img3335,AOI_2_Vegas,AOI_2_Vegas:-11523:3624,test,owlv2,area,fixed,5.0,0.25,0,0,43,1,0.0,owlv2
AOI_2_Vegas_img3335,AOI_2_Vegas,AOI_2_Vegas:-11523:3624,test,owlv2,area,fixed,10.0,0.25,0,0,43,0,0.0,owlv2
AOI_2_Vegas_img3344,AOI_2_Vegas,AOI_2_Vegas:-11523:3626,test,owlv2,area,fixed,0.3,0.25,8,65,8,16,1.6,owlv2
AOI_2_Vegas_img3344,AOI_2_Vegas,AOI_2_Vegas:-11523:3626,test,owlv2,area,fixed,0.45,0.25,8,44,8,15,1.45,owlv2
AOI_2_Vegas_img3344,AOI_2_Vegas,AOI_2_Vegas:-11523:3626,test,owlv2,area,fixed,0.6,0.25,7,30,8,14,0.65,owlv2
AOI_2_Vegas_img3344,AOI_2_Vegas,AOI_2_Vegas:-11523:3626,test,owlv2,area,fixed,0.9,0.25,4,11,8,10,0.5,owlv2
AOI_2_Vegas_img3344,AOI_2_Vegas,AOI_2_Vegas:-11523:3626,test,owlv2,area,fixed,1.2,0.25,4,6,8,10,0.25,owlv2
AOI_2_Vegas_img3344,AOI_2_Vegas,AOI_2_Vegas:-11523:3626,test,owlv2,area,fixed,1.8,0.25,0,0,8,1,0.0,owlv2
AOI_2_Vegas_img3344,AOI_2_Vegas,AOI_2_Vegas:-11523:3626,test,owlv2,area,fixed,2.4,0.25,0,0,8,0,0.0,owlv2
AOI_2_Vegas_img3344,AOI_2_Vegas,AOI_2_Vegas:-11523:3626,test,owlv2,area,fixed,3.6,0.25,0,0,8,0,0.0,owlv2
AOI_2_Vegas_img3344,AOI_2_Vegas,AOI_2_Vegas:-11523:3626,test,owlv2,area,fixed,5.0,0.25,0,0,8,0,0.0,owlv2
AOI_2_Vegas_img3344,AOI_2_Vegas,AOI_2_Vegas:-11523:3626,test,owlv2,area,fixed,10.0,0.25,0,0,8,0,0.0,owlv2
AOI_2_Vegas_img3373,AOI_2_Vegas,AOI_2_Vegas:-11522:3617,test,owlv2,area,fixed,0.3,0.25,38,255,42,48,17.4,owlv2
AOI_2_Vegas_img3373,AOI_2_Vegas,AOI_2_Vegas:-11522:3617,test,owlv2,area,fixed,0.45,0.25,36,135,42,38,14.2,owlv2
AOI_2_Vegas_img3373,AOI_2_Vegas,AOI_2_Vegas:-11522:3617,test,owlv2,area,fixed,0.6,0.25,33,66,42,28,11.25,owlv2
AOI_2_Vegas_img3373,AOI_2_Vegas,AOI_2_Vegas:-11522:3617,test,owlv2,area,fixed,0.9,0.25,27,36,42,18,7.15,owlv2
AOI_2_Vegas_img3373,AOI_2_Vegas,AOI_2_Vegas:-11522:3617,test,owlv2,area,fixed,1.2,0.25,24,36,42,25,7.55,owlv2
AOI_2_Vegas_img3373,AOI_2_Vegas,AOI_2_Vegas:-11522:3617,test,owlv2,area,fixed,1.8,0.25,18,19,42,16,4.3,owlv2
AOI_2_Vegas_img3373,AOI_2_Vegas,AOI_2_Vegas:-11522:3617,test,owlv2,area,fixed,2.4,0.25,4,4,42,2,0.95,owlv2
AOI_2_Vegas_img3373,AOI_2_Vegas,AOI_2_Vegas:-11522:3617,test,owlv2,area,fixed,3.6,0.25,0,0,42,0,0.0,owlv2
AOI_2_Vegas_img3373,AOI_2_Vegas,AOI_2_Vegas:-11522:3617,test,owlv2,area,fixed,5.0,0.25,0,0,42,0,0.0,owlv2
AOI_2_Vegas_img3373,AOI_2_Vegas,AOI_2_Vegas:-11522:3617,test,owlv2,area,fixed,10.0,0.25,0,0,42,0,0.0,owlv2
AOI_2_Vegas_img3377,AOI_2_Vegas,AOI_2_Vegas:-11522:3618,test,owlv2,area,fixed,0.3,0.25,10,143,21,63,3.45,owlv2
AOI_2_Vegas_img3377,AOI_2_Vegas,AOI_2_Vegas:-11522:3618,test,owlv2,area,fixed,0.45,0.25,10,116,21,52,3.25,owlv2
AOI_2_Vegas_img3377,AOI_2_Vegas,AOI_2_Vegas:-11522:3618,test,owlv2,area,fixed,0.6,0.25,10,117,21,48,3.25,owlv2
AOI_2_Vegas_img3377,AOI_2_Vegas,AOI_2_Vegas:-11522:3618,test,owlv2,area,fixed,0.9,0.25,9,91,21,28,2.9,owlv2
AOI_2_Vegas_img3377,AOI_2_Vegas,AOI_2_Vegas:-11522:3618,test,owlv2,area,fixed,1.2,0.25,8,50,21,21,1.9,owlv2
AOI_2_Vegas_img3377,AOI_2_Vegas,AOI_2_Vegas:-11522:3618,test,owlv2,area,fixed,1.8,0.25,7,37,21,11,1.85,owlv2
AOI_2_Vegas_img3377,AOI_2_Vegas,AOI_2_Vegas:-11522:3618,test,owlv2,area,fixed,2.4,0.25,5,26,21,12,1.05,owlv2
AOI_2_Vegas_img3377,AOI_2_Vegas,AOI_2_Vegas:-11522:3618,test,owlv2,area,fixed,3.6,0.25,0,0,21,0,0.0,owlv2
AOI_2_Vegas_img3377,AOI_2_Vegas,AOI_2_Vegas:-11522:3618,test,owlv2,area,fixed,5.0,0.25,0,0,21,0,0.0,owlv2
AOI_2_Vegas_img3377,AOI_2_Vegas,AOI_2_Vegas:-11522:3618,test,owlv2,area,fixed,10.0,0.25,0,0,21,0,0.0,owlv2
AOI_2_Vegas_img3404,AOI_2_Vegas,AOI_2_Vegas:-11522:3622,test,owlv2,area,fixed,0.3,0.25,7,288,10,77,2.8,owlv2
AOI_2_Vegas_img3404,AOI_2_Vegas,AOI_2_Vegas:-11522:3622,test,owlv2,area,fixed,0.45,0.25,8,138,10,50,1.8,owlv2
AOI_2_Vegas_img3404,AOI_2_Vegas,AOI_2_Vegas:-11522:3622,test,owlv2,area,fixed,0.6,0.25,7,138,10,50,2.15,owlv2
AOI_2_Vegas_img3404,AOI_2_Vegas,AOI_2_Vegas:-11522:3622,test,owlv2,area,fixed,0.9,0.25,5,62,10,38,1.65,owlv2
AOI_2_Vegas_img3404,AOI_2_Vegas,AOI_2_Vegas:-11522:3622,test,owlv2,area,fixed,1.2,0.25,1,42,10,38,0.8,owlv2
AOI_2_Vegas_img3404,AOI_2_Vegas,AOI_2_Vegas:-11522:3622,test,owlv2,area,fixed,1.8,0.25,2,23,10,36,1.15,owlv2
AOI_2_Vegas_img3404,AOI_2_Vegas,AOI_2_Vegas:-11522:3622,test,owlv2,area,fixed,2.4,0.25,4,21,10,33,0.75,owlv2
AOI_2_Vegas_img3404,AOI_2_Vegas,AOI_2_Vegas:-11522:3622,test,owlv2,area,fixed,3.6,0.25,3,13,10,34,0.45,owlv2
AOI_2_Vegas_img3404,AOI_2_Vegas,AOI_2_Vegas:-11522:3622,test,owlv2,area,fixed,5.0,0.25,2,2,10,23,0.0,owlv2
AOI_2_Vegas_img3404,AOI_2_Vegas,AOI_2_Vegas:-11522:3622,test,owlv2,area,fixed,10.0,0.25,0,0,10,0,0.0,owlv2
AOI_2_Vegas_img3406,AOI_2_Vegas,AOI_2_Vegas:-11522:3623,test,owlv2,area,fixed,0.3,0.25,24,243,28,63,7.1,owlv2
AOI_2_Vegas_img3406,AOI_2_Vegas,AOI_2_Vegas:-11522:3623,test,owlv2,area,fixed,0.45,0.25,23,152,28,53,6.15,owlv2
AOI_2_Vegas_img3406,AOI_2_Vegas,AOI_2_Vegas:-11522:3623,test,owlv2,area,fixed,0.6,0.25,21,126,28,48,5.3,owlv2
AOI_2_Vegas_img3406,AOI_2_Vegas,AOI_2_Vegas:-11522:3623,test,owlv2,area,fixed,0.9,0.25,14,51,28,38,3.5,owlv2
AOI_2_Vegas_img3406,AOI_2_Vegas,AOI_2_Vegas:-11522:3623,test,owlv2,area,fixed,1.2,0.25,11,45,28,38,3.15,owlv2
AOI_2_Vegas_img3406,AOI_2_Vegas,AOI_2_Vegas:-11522:3623,test,owlv2,area,fixed,1.8,0.25,9,26,28,20,2.5,owlv2
AOI_2_Vegas_img3406,AOI_2_Vegas,AOI_2_Vegas:-11522:3623,test,owlv2,area,fixed,2.4,0.25,8,19,28,17,1.9,owlv2
AOI_2_Vegas_img3406,AOI_2_Vegas,AOI_2_Vegas:-11522:3623,test,owlv2,area,fixed,3.6,0.25,2,3,28,3,0.15,owlv2
AOI_2_Vegas_img3406,AOI_2_Vegas,AOI_2_Vegas:-11522:3623,test,owlv2,area,fixed,5.0,0.25,0,0,28,2,0.0,owlv2
AOI_2_Vegas_img3406,AOI_2_Vegas,AOI_2_Vegas:-11522:3623,test,owlv2,area,fixed,10.0,0.25,0,0,28,0,0.0,owlv2
AOI_2_Vegas_img3411,AOI_2_Vegas,AOI_2_Vegas:-11522:3623,test,owlv2,area,fixed,0.3,0.25,34,220,37,47,16.4,owlv2
AOI_2_Vegas_img3411,AOI_2_Vegas,AOI_2_Vegas:-11522:3623,test,owlv2,area,fixed,0.45,0.25,34,118,37,39,12.65,owlv2
AOI_2_Vegas_img3411,AOI_2_Vegas,AOI_2_Vegas:-11522:3623,test,owlv2,area,fixed,0.6,0.25,33,102,37,37,12.55,owlv2
AOI_2_Vegas_img3411,AOI_2_Vegas,AOI_2_Vegas:-11522:3623,test,owlv2,area,fixed,0.9,0.25,32,62,37,27,10.35,owlv2
AOI_2_Vegas_img3411,AOI_2_Vegas,AOI_2_Vegas:-11522:3623,test,owlv2,area,fixed,1.2,0.25,31,53,37,30,9.5,owlv2
AOI_2_Vegas_img3411,AOI_2_Vegas,AOI_2_Vegas:-11522:3623,test,owlv2,area,fixed,1.8,0.25,32,50,37,24,8.75,owlv2
AOI_2_Vegas_img3411,AOI_2_Vegas,AOI_2_Vegas:-11522:3623,test,owlv2,area,fixed,2.4,0.25,31,38,37,18,7.45,owlv2
AOI_2_Vegas_img3411,AOI_2_Vegas,AOI_2_Vegas:-11522:3623,test,owlv2,area,fixed,3.6,0.25,0,0,37,1,0.0,owlv2
AOI_2_Vegas_img3411,AOI_2_Vegas,AOI_2_Vegas:-11522:3623,test,owlv2,area,fixed,5.0,0.25,0,0,37,0,0.0,owlv2
AOI_2_Vegas_img3411,AOI_2_Vegas,AOI_2_Vegas:-11522:3623,test,owlv2,area,fixed,10.0,0.25,0,0,37,1,0.0,owlv2
AOI_2_Vegas_img3412,AOI_2_Vegas,AOI_2_Vegas:-11522:3624,test,owlv2,area,fixed,0.3,0.25,35,198,46,63,15.6,owlv2
AOI_2_Vegas_img3412,AOI_2_Vegas,AOI_2_Vegas:-11522:3624,test,owlv2,area,fixed,0.45,0.25,35,132,46,52,13.7,owlv2
AOI_2_Vegas_img3412,AOI_2_Vegas,AOI_2_Vegas:-11522:3624,test,owlv2,area,fixed,0.6,0.25,38,123,46,47,13.25,owlv2
AOI_2_Vegas_img3412,AOI_2_Vegas,AOI_2_Vegas:-11522:3624,test,owlv2,area,fixed,0.9,0.25,32,80,46,35,11.95,owlv2
AOI_2_Vegas_img3412,AOI_2_Vegas,AOI_2_Vegas:-11522:3624,test,owlv2,area,fixed,1.2,0.25,30,73,46,31,10.5,owlv2
AOI_2_Vegas_img3412,AOI_2_Vegas,AOI_2_Vegas:-11522:3624,test,owlv2,area,fixed,1.8,0.25,32,57,46,25,9.55,owlv2
AOI_2_Vegas_img3412,AOI_2_Vegas,AOI_2_Vegas:-11522:3624,test,owlv2,area,fixed,2.4,0.25,32,45,46,15,8.8,owlv2
AOI_2_Vegas_img3412,AOI_2_Vegas,AOI_2_Vegas:-11522:3624,test,owlv2,area,fixed,3.6,0.25,11,15,46,6,2.9,owlv2
AOI_2_Vegas_img3412,AOI_2_Vegas,AOI_2_Vegas:-11522:3624,test,owlv2,area,fixed,5.0,0.25,0,0,46,0,0.0,owlv2
AOI_2_Vegas_img3412,AOI_2_Vegas,AOI_2_Vegas:-11522:3624,test,owlv2,area,fixed,10.0,0.25,0,0,46,0,0.0,owlv2
AOI_2_Vegas_img3422,AOI_2_Vegas,AOI_2_Vegas:-11522:3625,test,owlv2,area,fixed,0.3,0.25,34,220,36,71,19.3,owlv2
AOI_2_Vegas_img3422,AOI_2_Vegas,AOI_2_Vegas:-11522:3625,test,owlv2,area,fixed,0.45,0.25,34,148,36,60,17.7,owlv2
AOI_2_Vegas_img3422,AOI_2_Vegas,AOI_2_Vegas:-11522:3625,test,owlv2,area,fixed,0.6,0.25,32,152,36,66,18.2,owlv2
AOI_2_Vegas_img3422,AOI_2_Vegas,AOI_2_Vegas:-11522:3625,test,owlv2,area,fixed,0.9,0.25,26,85,36,42,13.55,owlv2
AOI_2_Vegas_img3422,AOI_2_Vegas,AOI_2_Vegas:-11522:3625,test,owlv2,area,fixed,1.2,0.25,18,37,36,42,9.0,owlv2
AOI_2_Vegas_img3422,AOI_2_Vegas,AOI_2_Vegas:-11522:3625,test,owlv2,area,fixed,1.8,0.25,25,36,36,40,8.8,owlv2
AOI_2_Vegas_img3422,AOI_2_Vegas,AOI_2_Vegas:-11522:3625,test,owlv2,area,fixed,2.4,0.25,25,33,36,28,7.75,owlv2
AOI_2_Vegas_img3422,AOI_2_Vegas,AOI_2_Vegas:-11522:3625,test,owlv2,area,fixed,3.6,0.25,0,0,36,0,0.0,owlv2
AOI_2_Vegas_img3422,AOI_2_Vegas,AOI_2_Vegas:-11522:3625,test,owlv2,area,fixed,5.0,0.25,0,0,36,0,0.0,owlv2
AOI_2_Vegas_img3422,AOI_2_Vegas,AOI_2_Vegas:-11522:3625,test,owlv2,area,fixed,10.0,0.25,0,0,36,0,0.0,owlv2
AOI_2_Vegas_img3427,AOI_2_Vegas,AOI_2_Vegas:-11522:3612,test,owlv2,area,fixed,0.3,0.25,27,104,36,56,7.55,owlv2
AOI_2_Vegas_img3427,AOI_2_Vegas,AOI_2_Vegas:-11522:3612,test,owlv2,area,fixed,0.45,0.25,20,62,36,55,6.4,owlv2
AOI_2_Vegas_img3427,AOI_2_Vegas,AOI_2_Vegas:-11522:3612,test,owlv2,area,fixed,0.6,0.25,16,46,36,52,5.5,owlv2
AOI_2_Vegas_img3427,AOI_2_Vegas,AOI_2_Vegas:-11522:3612,test,owlv2,area,fixed,0.9,0.25,8,24,36,48,2.85,owlv2
AOI_2_Vegas_img3427,AOI_2_Vegas,AOI_2_Vegas:-11522:3612,test,owlv2,area,fixed,1.2,0.25,9,20,36,42,2.3,owlv2
AOI_2_Vegas_img3427,AOI_2_Vegas,AOI_2_Vegas:-11522:3612,test,owlv2,area,fixed,1.8,0.25,6,24,36,38,3.35,owlv2
AOI_2_Vegas_img3427,AOI_2_Vegas,AOI_2_Vegas:-11522:3612,test,owlv2,area,fixed,2.4,0.25,2,8,36,27,1.15,owlv2
AOI_2_Vegas_img3427,AOI_2_Vegas,AOI_2_Vegas:-11522:3612,test,owlv2,area,fixed,3.6,0.25,0,1,36,3,0.05,owlv2
AOI_2_Vegas_img3427,AOI_2_Vegas,AOI_2_Vegas:-11522:3612,test,owlv2,area,fixed,5.0,0.25,0,0,36,0,0.0,owlv2
AOI_2_Vegas_img3427,AOI_2_Vegas,AOI_2_Vegas:-11522:3612,test,owlv2,area,fixed,10.0,0.25,0,0,36,0,0.0,owlv2
AOI_2_Vegas_img3448,AOI_2_Vegas,AOI_2_Vegas:-11522:3616,test,owlv2,area,fixed,0.3,0.25,19,164,32,39,7.65,owlv2
AOI_2_Vegas_img3448,AOI_2_Vegas,AOI_2_Vegas:-11522:3616,test,owlv2,area,fixed,0.45,0.25,18,116,32,25,7.3,owlv2
AOI_2_Vegas_img3448,AOI_2_Vegas,AOI_2_Vegas:-11522:3616,test,owlv2,area,fixed,0.6,0.25,17,100,32,27,7.3,owlv2
AOI_2_Vegas_img3448,AOI_2_Vegas,AOI_2_Vegas:-11522:3616,test,owlv2,area,fixed,0.9,0.25,17,63,32,27,5.35,owlv2
AOI_2_Vegas_img3448,AOI_2_Vegas,AOI_2_Vegas:-11522:3616,test,owlv2,area,fixed,1.2,0.25,16,52,32,24,4.45,owlv2
AOI_2_Vegas_img3448,AOI_2_Vegas,AOI_2_Vegas:-11522:3616,test,owlv2,area,fixed,1.8,0.25,16,33,32,20,3.45,owlv2
AOI_2_Vegas_img3448,AOI_2_Vegas,AOI_2_Vegas:-11522:3616,test,owlv2,area,fixed,2.4,0.25,9,15,32,17,1.65,owlv2
AOI_2_Vegas_img3448,AOI_2_Vegas,AOI_2_Vegas:-11522:3616,test,owlv2,area,fixed,3.6,0.25,0,0,32,14,0.0,owlv2
AOI_2_Vegas_img3448,AOI_2_Vegas,AOI_2_Vegas:-11522:3616,test,owlv2,area,fixed,5.0,0.25,0,0,32,8,0.0,owlv2
AOI_2_Vegas_img3448,AOI_2_Vegas,AOI_2_Vegas:-11522:3616,test,owlv2,area,fixed,10.0,0.25,0,0,32,1,0.0,owlv2
AOI_2_Vegas_img3460,AOI_2_Vegas,AOI_2_Vegas:-11522:3618,test,owlv2,area,fixed,0.3,0.25,33,177,34,39,9.35,owlv2
AOI_2_Vegas_img3460,AOI_2_Vegas,AOI_2_Vegas:-11522:3618,test,owlv2,area,fixed,0.45,0.25,29,118,34,27,7.55,owlv2
AOI_2_Vegas_img3460,AOI_2_Vegas,AOI_2_Vegas:-11522:3618,test,owlv2,area,fixed,0.6,0.25,25,102,34,32,8.1,owlv2
AOI_2_Vegas_img3460,AOI_2_Vegas,AOI_2_Vegas:-11522:3618,test,owlv2,area,fixed,0.9,0.25,21,77,34,30,7.25,owlv2
AOI_2_Vegas_img3460,AOI_2_Vegas,AOI_2_Vegas:-11522:3618,test,owlv2,area,fixed,1.2,0.25,19,80,34,53,6.75,owlv2
AOI_2_Vegas_img3460,AOI_2_Vegas,AOI_2_Vegas:-11522:3618,test,owlv2,area,fixed,1.8,0.25,10,27,34,37,4.1,owlv2
AOI_2_Vegas_img3460,AOI_2_Vegas,AOI_2_Vegas:-11522:3618,test,owlv2,area,fixed,2.4,0.25,6,10,34,14,2.2,owlv2
AOI_2_Vegas_img3460,AOI_2_Vegas,AOI_2_Vegas:-11522:3618,test,owlv2,area,fixed,3.6,0.25,0,0,34,1,0.0,owlv2
AOI_2_Vegas_img3460,AOI_2_Vegas,AOI_2_Vegas:-11522:3618,test,owlv2,area,fixed,5.0,0.25,0,0,34,0,0.0,owlv2
AOI_2_Vegas_img3460,AOI_2_Vegas,AOI_2_Vegas:-11522:3618,test,owlv2,area,fixed,10.0,0.25,0,0,34,0,0.0,owlv2
AOI_2_Vegas_img347,AOI_2_Vegas,AOI_2_Vegas:-11530:3614,test,owlv2,area,fixed,0.3,0.25,12,70,34,42,5.6,owlv2
AOI_2_Vegas_img347,AOI_2_Vegas,AOI_2_Vegas:-11530:3614,test,owlv2,area,fixed,0.45,0.25,11,41,34,32,4.8,owlv2
AOI_2_Vegas_img347,AOI_2_Vegas,AOI_2_Vegas:-11530:3614,test,owlv2,area,fixed,0.6,0.25,10,36,34,36,3.75,owlv2
AOI_2_Vegas_img347,AOI_2_Vegas,AOI_2_Vegas:-11530:3614,test,owlv2,area,fixed,0.9,0.25,7,16,34,21,2.0,owlv2
AOI_2_Vegas_img347,AOI_2_Vegas,AOI_2_Vegas:-11530:3614,test,owlv2,area,fixed,1.2,0.25,4,9,34,16,1.25,owlv2
AOI_2_Vegas_img347,AOI_2_Vegas,AOI_2_Vegas:-11530:3614,test,owlv2,area,fixed,1.8,0.25,2,5,34,12,0.85,owlv2
AOI_2_Vegas_img347,AOI_2_Vegas,AOI_2_Vegas:-11530:3614,test,owlv2,area,fixed,2.4,0.25,0,1,34,5,0.1,owlv2
AOI_2_Vegas_img347,AOI_2_Vegas,AOI_2_Vegas:-11530:3614,test,owlv2,area,fixed,3.6,0.25,0,0,34,0,0.0,owlv2
AOI_2_Vegas_img347,AOI_2_Vegas,AOI_2_Vegas:-11530:3614,test,owlv2,area,fixed,5.0,0.25,0,0,34,0,0.0,owlv2
AOI_2_Vegas_img347,AOI_2_Vegas,AOI_2_Vegas:-11530:3614,test,owlv2,area,fixed,10.0,0.25,0,0,34,2,0.0,owlv2
AOI_2_Vegas_img3471,AOI_2_Vegas,AOI_2_Vegas:-11522:3620,test,owlv2,area,fixed,0.3,0.25,29,253,31,50,11.95,owlv2
AOI_2_Vegas_img3471,AOI_2_Vegas,AOI_2_Vegas:-11522:3620,test,owlv2,area,fixed,0.45,0.25,27,180,31,39,9.6,owlv2
AOI_2_Vegas_img3471,AOI_2_Vegas,AOI_2_Vegas:-11522:3620,test,owlv2,area,fixed,0.6,0.25,24,131,31,35,8.6,owlv2
AOI_2_Vegas_img3471,AOI_2_Vegas,AOI_2_Vegas:-11522:3620,test,owlv2,area,fixed,0.9,0.25,19,65,31,28,6.8,owlv2
AOI_2_Vegas_img3471,AOI_2_Vegas,AOI_2_Vegas:-11522:3620,test,owlv2,area,fixed,1.2,0.25,17,41,31,38,4.9,owlv2
AOI_2_Vegas_img3471,AOI_2_Vegas,AOI_2_Vegas:-11522:3620,test,owlv2,area,fixed,1.8,0.25,13,33,31,37,4.3,owlv2
AOI_2_Vegas_img3471,AOI_2_Vegas,AOI_2_Vegas:-11522:3620,test,owlv2,area,fixed,2.4,0.25,10,22,31,28,2.75,owlv2
AOI_2_Vegas_img3471,AOI_2_Vegas,AOI_2_Vegas:-11522:3620,test,owlv2,area,fixed,3.6,0.25,12,16,31,26,2.25,owlv2
AOI_2_Vegas_img3471,AOI_2_Vegas,AOI_2_Vegas:-11522:3620,test,owlv2,area,fixed,5.0,0.25,2,2,31,12,0.15,owlv2
AOI_2_Vegas_img3471,AOI_2_Vegas,AOI_2_Vegas:-11522:3620,test,owlv2,area,fixed,10.0,0.25,0,0,31,0,0.0,owlv2
AOI_2_Vegas_img3506,AOI_2_Vegas,AOI_2_Vegas:-11522:3612,test,owlv2,area,fixed,0.3,0.25,40,164,46,52,12.6,owlv2
AOI_2_Vegas_img3506,AOI_2_Vegas,AOI_2_Vegas:-11522:3612,test,owlv2,area,fixed,0.45,0.25,28,87,46,35,8.6,owlv2
AOI_2_Vegas_img3506,AOI_2_Vegas,AOI_2_Vegas:-11522:3612,test,owlv2,area,fixed,0.6,0.25,20,63,46,38,7.7,owlv2
AOI_2_Vegas_img3506,AOI_2_Vegas,AOI_2_Vegas:-11522:3612,test,owlv2,area,fixed,0.9,0.25,19,51,46,42,6.65,owlv2
AOI_2_Vegas_img3506,AOI_2_Vegas,AOI_2_Vegas:-11522:3612,test,owlv2,area,fixed,1.2,0.25,17,36,46,34,6.15,owlv2
AOI_2_Vegas_img3506,AOI_2_Vegas,AOI_2_Vegas:-11522:3612,test,owlv2,area,fixed,1.8,0.25,17,36,46,33,5.8,owlv2
AOI_2_Vegas_img3506,AOI_2_Vegas,AOI_2_Vegas:-11522:3612,test,owlv2,area,fixed,2.4,0.25,15,29,46,28,5.75,owlv2
AOI_2_Vegas_img3506,AOI_2_Vegas,AOI_2_Vegas:-11522:3612,test,owlv2,area,fixed,3.6,0.25,1,3,46,9,0.6,owlv2
AOI_2_Vegas_img3506,AOI_2_Vegas,AOI_2_Vegas:-11522:3612,test,owlv2,area,fixed,5.0,0.25,0,0,46,2,0.0,owlv2
AOI_2_Vegas_img3506,AOI_2_Vegas,AOI_2_Vegas:-11522:3612,test,owlv2,area,fixed,10.0,0.25,0,0,46,1,0.0,owlv2
AOI_2_Vegas_img3514,AOI_2_Vegas,AOI_2_Vegas:-11522:3614,test,owlv2,area,fixed,0.3,0.25,10,72,15,44,1.1,owlv2
AOI_2_Vegas_img3514,AOI_2_Vegas,AOI_2_Vegas:-11522:3614,test,owlv2,area,fixed,0.45,0.25,9,37,15,37,0.85,owlv2
AOI_2_Vegas_img3514,AOI_2_Vegas,AOI_2_Vegas:-11522:3614,test,owlv2,area,fixed,0.6,0.25,10,31,15,33,0.8,owlv2
AOI_2_Vegas_img3514,AOI_2_Vegas,AOI_2_Vegas:-11522:3614,test,owlv2,area,fixed,0.9,0.25,5,9,15,19,0.3,owlv2
AOI_2_Vegas_img3514,AOI_2_Vegas,AOI_2_Vegas:-11522:3614,test,owlv2,area,fixed,1.2,0.25,3,7,15,28,0.2,owlv2
AOI_2_Vegas_img3514,AOI_2_Vegas,AOI_2_Vegas:-11522:3614,test,owlv2,area,fixed,1.8,0.25,4,10,15,20,0.2,owlv2
AOI_2_Vegas_img3514,AOI_2_Vegas,AOI_2_Vegas:-11522:3614,test,owlv2,area,fixed,2.4,0.25,3,5,15,15,0.05,owlv2
AOI_2_Vegas_img3514,AOI_2_Vegas,AOI_2_Vegas:-11522:3614,test,owlv2,area,fixed,3.6,0.25,0,0,15,3,0.0,owlv2
AOI_2_Vegas_img3514,AOI_2_Vegas,AOI_2_Vegas:-11522:3614,test,owlv2,area,fixed,5.0,0.25,0,0,15,4,0.0,owlv2
AOI_2_Vegas_img3514,AOI_2_Vegas,AOI_2_Vegas:-11522:3614,test,owlv2,area,fixed,10.0,0.25,0,0,15,0,0.0,owlv2
AOI_2_Vegas_img3538,AOI_2_Vegas,AOI_2_Vegas:-11522:3618,test,owlv2,area,fixed,0.3,0.25,26,140,38,50,8.75,owlv2
AOI_2_Vegas_img3538,AOI_2_Vegas,AOI_2_Vegas:-11522:3618,test,owlv2,area,fixed,0.45,0.25,24,86,38,44,6.75,owlv2
AOI_2_Vegas_img3538,AOI_2_Vegas,AOI_2_Vegas:-11522:3618,test,owlv2,area,fixed,0.6,0.25,21,71,38,40,5.7,owlv2
AOI_2_Vegas_img3538,AOI_2_Vegas,AOI_2_Vegas:-11522:3618,test,owlv2,area,fixed,0.9,0.25,19,38,38,34,4.55,owlv2
AOI_2_Vegas_img3538,AOI_2_Vegas,AOI_2_Vegas:-11522:3618,test,owlv2,area,fixed,1.2,0.25,15,24,38,23,3.1,owlv2
AOI_2_Vegas_img3538,AOI_2_Vegas,AOI_2_Vegas:-11522:3618,test,owlv2,area,fixed,1.8,0.25,14,20,38,31,3.05,owlv2
AOI_2_Vegas_img3538,AOI_2_Vegas,AOI_2_Vegas:-11522:3618,test,owlv2,area,fixed,2.4,0.25,9,11,38,30,1.45,owlv2
AOI_2_Vegas_img3538,AOI_2_Vegas,AOI_2_Vegas:-11522:3618,test,owlv2,area,fixed,3.6,0.25,0,0,38,4,0.0,owlv2
AOI_2_Vegas_img3538,AOI_2_Vegas,AOI_2_Vegas:-11522:3618,test,owlv2,area,fixed,5.0,0.25,0,0,38,0,0.0,owlv2
AOI_2_Vegas_img3538,AOI_2_Vegas,AOI_2_Vegas:-11522:3618,test,owlv2,area,fixed,10.0,0.25,0,0,38,0,0.0,owlv2
AOI_2_Vegas_img355,AOI_2_Vegas,AOI_2_Vegas:-11530:3616,test,owlv2,area,fixed,0.3,0.25,28,75,34,27,9.8,owlv2
AOI_2_Vegas_img355,AOI_2_Vegas,AOI_2_Vegas:-11530:3616,test,owlv2,area,fixed,0.45,0.25,24,43,34,20,8.15,owlv2
AOI_2_Vegas_img355,AOI_2_Vegas,AOI_2_Vegas:-11530:3616,test,owlv2,area,fixed,0.6,0.25,28,48,34,22,8.6,owlv2
AOI_2_Vegas_img355,AOI_2_Vegas,AOI_2_Vegas:-11530:3616,test,owlv2,area,fixed,0.9,0.25,22,28,34,21,5.9,owlv2
AOI_2_Vegas_img355,AOI_2_Vegas,AOI_2_Vegas:-11530:3616,test,owlv2,area,fixed,1.2,0.25,24,34,34,22,6.4,owlv2
AOI_2_Vegas_img355,AOI_2_Vegas,AOI_2_Vegas:-11530:3616,test,owlv2,area,fixed,1.8,0.25,19,28,34,15,6.25,owlv2
AOI_2_Vegas_img355,AOI_2_Vegas,AOI_2_Vegas:-11530:3616,test,owlv2,area,fixed,2.4,0.25,14,21,34,12,4.4,owlv2
AOI_2_Vegas_img355,AOI_2_Vegas,AOI_2_Vegas:-11530:3616,test,owlv2,area,fixed,3.6,0.25,3,4,34,7,1.1,owlv2
AOI_2_Vegas_img355,AOI_2_Vegas,AOI_2_Vegas:-11530:3616,test,owlv2,area,fixed,5.0,0.25,0,0,34,4,0.0,owlv2
AOI_2_Vegas_img355,AOI_2_Vegas,AOI_2_Vegas:-11530:3616,test,owlv2,area,fixed,10.0,0.25,0,0,34,0,0.0,owlv2
AOI_2_Vegas_img3573,AOI_2_Vegas,AOI_2_Vegas:-11522:3624,test,owlv2,area,fixed,0.3,0.25,49,162,53,43,21.35,owlv2
AOI_2_Vegas_img3573,AOI_2_Vegas,AOI_2_Vegas:-11522:3624,test,owlv2,area,fixed,0.45,0.25,47,138,53,37,19.85,owlv2
AOI_2_Vegas_img3573,AOI_2_Vegas,AOI_2_Vegas:-11522:3624,test,owlv2,area,fixed,0.6,0.25,46,139,53,37,19.8,owlv2
AOI_2_Vegas_img3573,AOI_2_Vegas,AOI_2_Vegas:-11522:3624,test,owlv2,area,fixed,0.9,0.25,43,85,53,18,15.55,owlv2
AOI_2_Vegas_img3573,AOI_2_Vegas,AOI_2_Vegas:-11522:3624,test,owlv2,area,fixed,1.2,0.25,28,46,53,16,9.45,owlv2
AOI_2_Vegas_img3573,AOI_2_Vegas,AOI_2_Vegas:-11522:3624,test,owlv2,area,fixed,1.8,0.25,2,4,53,3,1.65,owlv2
AOI_2_Vegas_img3573,AOI_2_Vegas,AOI_2_Vegas:-11522:3624,test,owlv2,area,fixed,2.4,0.25,0,0,53,2,0.0,owlv2
AOI_2_Vegas_img3573,AOI_2_Vegas,AOI_2_Vegas:-11522:3624,test,owlv2,area,fixed,3.6,0.25,0,0,53,2,0.0,owlv2
AOI_2_Vegas_img3573,AOI_2_Vegas,AOI_2_Vegas:-11522:3624,test,owlv2,area,fixed,5.0,0.25,0,0,53,7,0.0,owlv2
AOI_2_Vegas_img3573,AOI_2_Vegas,AOI_2_Vegas:-11522:3624,test,owlv2,area,fixed,10.0,0.25,0,0,53,0,0.0,owlv2
AOI_2_Vegas_img3603,AOI_2_Vegas,AOI_2_Vegas:-11522:3616,test,owlv2,area,fixed,0.3,0.25,43,278,53,74,25.5,owlv2
AOI_2_Vegas_img3603,AOI_2_Vegas,AOI_2_Vegas:-11522:3616,test,owlv2,area,fixed,0.45,0.25,42,202,53,62,22.9,owlv2
AOI_2_Vegas_img3603,AOI_2_Vegas,AOI_2_Vegas:-11522:3616,test,owlv2,area,fixed,0.6,0.25,38,149,53,63,21.25,owlv2
AOI_2_Vegas_img3603,AOI_2_Vegas,AOI_2_Vegas:-11522:3616,test,owlv2,area,fixed,0.9,0.25,33,93,53,58,16.05,owlv2
AOI_2_Vegas_img3603,AOI_2_Vegas,AOI_2_Vegas:-11522:3616,test,owlv2,area,fixed,1.2,0.25,30,54,53,49,12.0,owlv2
AOI_2_Vegas_img3603,AOI_2_Vegas,AOI_2_Vegas:-11522:3616,test,owlv2,area,fixed,1.8,0.25,22,36,53,56,7.85,owlv2
AOI_2_Vegas_img3603,AOI_2_Vegas,AOI_2_Vegas:-11522:3616,test,owlv2,area,fixed,2.4,0.25,16,16,53,26,4.9,owlv2
AOI_2_Vegas_img3603,AOI_2_Vegas,AOI_2_Vegas:-11522:3616,test,owlv2,area,fixed,3.6,0.25,0,0,53,3,0.0,owlv2
AOI_2_Vegas_img3603,AOI_2_Vegas,AOI_2_Vegas:-11522:3616,test,owlv2,area,fixed,5.0,0.25,0,0,53,0,0.0,owlv2
AOI_2_Vegas_img3603,AOI_2_Vegas,AOI_2_Vegas:-11522:3616,test,owlv2,area,fixed,10.0,0.25,0,0,53,0,0.0,owlv2
AOI_2_Vegas_img3659,AOI_2_Vegas,AOI_2_Vegas:-11522:3625,test,owlv2,area,fixed,0.3,0.25,30,134,32,32,9.5,owlv2
AOI_2_Vegas_img3659,AOI_2_Vegas,AOI_2_Vegas:-11522:3625,test,owlv2,area,fixed,0.45,0.25,27,75,32,18,7.8,owlv2
AOI_2_Vegas_img3659,AOI_2_Vegas,AOI_2_Vegas:-11522:3625,test,owlv2,area,fixed,0.6,0.25,26,75,32,26,7.8,owlv2
AOI_2_Vegas_img3659,AOI_2_Vegas,AOI_2_Vegas:-11522:3625,test,owlv2,area,fixed,0.9,0.25,26,60,32,18,6.7,owlv2
AOI_2_Vegas_img3659,AOI_2_Vegas,AOI_2_Vegas:-11522:3625,test,owlv2,area,fixed,1.2,0.25,19,53,32,22,5.85,owlv2
AOI_2_Vegas_img3659,AOI_2_Vegas,AOI_2_Vegas:-11522:3625,test,owlv2,area,fixed,1.8,0.25,26,79,32,14,8.55,owlv2
AOI_2_Vegas_img3659,AOI_2_Vegas,AOI_2_Vegas:-11522:3625,test,owlv2,area,fixed,2.4,0.25,25,76,32,17,9.05,owlv2
AOI_2_Vegas_img3659,AOI_2_Vegas,AOI_2_Vegas:-11522:3625,test,owlv2,area,fixed,3.6,0.25,1,2,32,1,0.65,owlv2
AOI_2_Vegas_img3659,AOI_2_Vegas,AOI_2_Vegas:-11522:3625,test,owlv2,area,fixed,5.0,0.25,0,1,32,0,0.15,owlv2
AOI_2_Vegas_img3659,AOI_2_Vegas,AOI_2_Vegas:-11522:3625,test,owlv2,area,fixed,10.0,0.25,0,0,32,0,0.0,owlv2
AOI_2_Vegas_img3673,AOI_2_Vegas,AOI_2_Vegas:-11522:3614,test,owlv2,area,fixed,0.3,0.25,3,85,7,57,0.7,owlv2
AOI_2_Vegas_img3673,AOI_2_Vegas,AOI_2_Vegas:-11522:3614,test,owlv2,area,fixed,0.45,0.25,3,42,7,39,0.25,owlv2
AOI_2_Vegas_img3673,AOI_2_Vegas,AOI_2_Vegas:-11522:3614,test,owlv2,area,fixed,0.6,0.25,3,39,7,40,0.35,owlv2
AOI_2_Vegas_img3673,AOI_2_Vegas,AOI_2_Vegas:-11522:3614,test,owlv2,area,fixed,0.9,0.25,0,4,7,22,0.1,owlv2
AOI_2_Vegas_img3673,AOI_2_Vegas,AOI_2_Vegas:-11522:3614,test,owlv2,area,fixed,1.2,0.25,0,2,7,11,0.05,owlv2
AOI_2_Vegas_img3673,AOI_2_Vegas,AOI_2_Vegas:-11522:3614,test,owlv2,area,fixed,1.8,0.25,0,0,7,4,0.0,owlv2
AOI_2_Vegas_img3673,AOI_2_Vegas,AOI_2_Vegas:-11522:3614,test,owlv2,area,fixed,2.4,0.25,0,6,7,17,0.15,owlv2
AOI_2_Vegas_img3673,AOI_2_Vegas,AOI_2_Vegas:-11522:3614,test,owlv2,area,fixed,3.6,0.25,0,0,7,4,0.0,owlv2
AOI_2_Vegas_img3673,AOI_2_Vegas,AOI_2_Vegas:-11522:3614,test,owlv2,area,fixed,5.0,0.25,0,0,7,5,0.0,owlv2
AOI_2_Vegas_img3673,AOI_2_Vegas,AOI_2_Vegas:-11522:3614,test,owlv2,area,fixed,10.0,0.25,0,0,7,2,0.0,owlv2
AOI_2_Vegas_img3679,AOI_2_Vegas,AOI_2_Vegas:-11522:3615,test,owlv2,area,fixed,0.3,0.25,39,263,43,61,19.95,owlv2
AOI_2_Vegas_img3679,AOI_2_Vegas,AOI_2_Vegas:-11522:3615,test,owlv2,area,fixed,0.45,0.25,38,175,43,54,19.35,owlv2
AOI_2_Vegas_img3679,AOI_2_Vegas,AOI_2_Vegas:-11522:3615,test,owlv2,area,fixed,0.6,0.25,38,139,43,56,16.2,owlv2
AOI_2_Vegas_img3679,AOI_2_Vegas,AOI_2_Vegas:-11522:3615,test,owlv2,area,fixed,0.9,0.25,36,94,43,53,13.2,owlv2
AOI_2_Vegas_img3679,AOI_2_Vegas,AOI_2_Vegas:-11522:3615,test,owlv2,area,fixed,1.2,0.25,32,64,43,52,11.05,owlv2
AOI_2_Vegas_img3679,AOI_2_Vegas,AOI_2_Vegas:-11522:3615,test,owlv2,area,fixed,1.8,0.25,30,48,43,43,9.1,owlv2
AOI_2_Vegas_img3679,AOI_2_Vegas,AOI_2_Vegas:-11522:3615,test,owlv2,area,fixed,2.4,0.25,15,19,43,16,3.9,owlv2
AOI_2_Vegas_img3679,AOI_2_Vegas,AOI_2_Vegas:-11522:3615,test,owlv2,area,fixed,3.6,0.25,0,0,43,0,0.0,owlv2
AOI_2_Vegas_img3679,AOI_2_Vegas,AOI_2_Vegas:-11522:3615,test,owlv2,area,fixed,5.0,0.25,0,0,43,0,0.0,owlv2
AOI_2_Vegas_img3679,AOI_2_Vegas,AOI_2_Vegas:-11522:3615,test,owlv2,area,fixed,10.0,0.25,0,0,43,1,0.0,owlv2
AOI_2_Vegas_img3718,AOI_2_Vegas,AOI_2_Vegas:-11522:3622,test,owlv2,area,fixed,0.3,0.25,24,180,29,51,5.1,owlv2
AOI_2_Vegas_img3718,AOI_2_Vegas,AOI_2_Vegas:-11522:3622,test,owlv2,area,fixed,0.45,0.25,23,139,29,39,4.9,owlv2
AOI_2_Vegas_img3718,AOI_2_Vegas,AOI_2_Vegas:-11522:3622,test,owlv2,area,fixed,0.6,0.25,21,125,29,49,4.5,owlv2
AOI_2_Vegas_img3718,AOI_2_Vegas,AOI_2_Vegas:-11522:3622,test,owlv2,area,fixed,0.9,0.25,16,104,29,50,4.6,owlv2
AOI_2_Vegas_img3718,AOI_2_Vegas,AOI_2_Vegas:-11522:3622,test,owlv2,area,fixed,1.2,0.25,11,71,29,55,3.95,owlv2
AOI_2_Vegas_img3718,AOI_2_Vegas,AOI_2_Vegas:-11522:3622,test,owlv2,area,fixed,1.8,0.25,10,45,29,45,3.05,owlv2
AOI_2_Vegas_img3718,AOI_2_Vegas,AOI_2_Vegas:-11522:3622,test,owlv2,area,fixed,2.4,0.25,6,17,29,39,0.9,owlv2
AOI_2_Vegas_img3718,AOI_2_Vegas,AOI_2_Vegas:-11522:3622,test,owlv2,area,fixed,3.6,0.25,0,0,29,7,0.0,owlv2
AOI_2_Vegas_img3718,AOI_2_Vegas,AOI_2_Vegas:-11522:3622,test,owlv2,area,fixed,5.0,0.25,0,0,29,2,0.0,owlv2
AOI_2_Vegas_img3718,AOI_2_Vegas,AOI_2_Vegas:-11522:3622,test,owlv2,area,fixed,10.0,0.25,0,0,29,0,0.0,owlv2
AOI_2_Vegas_img3747,AOI_2_Vegas,AOI_2_Vegas:-11522:3613,test,owlv2,area,fixed,0.3,0.25,51,346,56,59,28.5,owlv2
AOI_2_Vegas_img3747,AOI_2_Vegas,AOI_2_Vegas:-11522:3613,test,owlv2,area,fixed,0.45,0.25,43,205,56,59,25.45,owlv2
AOI_2_Vegas_img3747,AOI_2_Vegas,AOI_2_Vegas:-11522:3613,test,owlv2,area,fixed,0.6,0.25,42,162,56,54,21.85,owlv2
AOI_2_Vegas_img3747,AOI_2_Vegas,AOI_2_Vegas:-11522:3613,test,owlv2,area,fixed,0.9,0.25,38,118,56,45,20.3,owlv2
AOI_2_Vegas_img3747,AOI_2_Vegas,AOI_2_Vegas:-11522:3613,test,owlv2,area,fixed,1.2,0.25,34,78,56,47,15.9,owlv2
AOI_2_Vegas_img3747,AOI_2_Vegas,AOI_2_Vegas:-11522:3613,test,owlv2,area,fixed,1.8,0.25,35,58,56,39,11.4,owlv2
AOI_2_Vegas_img3747,AOI_2_Vegas,AOI_2_Vegas:-11522:3613,test,owlv2,area,fixed,2.4,0.25,31,44,56,18,10.45,owlv2
AOI_2_Vegas_img3747,AOI_2_Vegas,AOI_2_Vegas:-11522:3613,test,owlv2,area,fixed,3.6,0.25,0,0,56,4,0.0,owlv2
AOI_2_Vegas_img3747,AOI_2_Vegas,AOI_2_Vegas:-11522:3613,test,owlv2,area,fixed,5.0,0.25,0,0,56,0,0.0,owlv2
AOI_2_Vegas_img3747,AOI_2_Vegas,AOI_2_Vegas:-11522:3613,test,owlv2,area,fixed,10.0,0.25,0,0,56,0,0.0,owlv2
AOI_2_Vegas_img375,AOI_2_Vegas,AOI_2_Vegas:-11530:3619,test,owlv2,area,fixed,0.3,0.25,19,181,22,56,8.7,owlv2
AOI_2_Vegas_img375,AOI_2_Vegas,AOI_2_Vegas:-11530:3619,test,owlv2,area,fixed,0.45,0.25,18,121,22,52,6.8,owlv2
AOI_2_Vegas_img375,AOI_2_Vegas,AOI_2_Vegas:-11530:3619,test,owlv2,area,fixed,0.6,0.25,18,123,22,46,6.85,owlv2
AOI_2_Vegas_img375,AOI_2_Vegas,AOI_2_Vegas:-11530:3619,test,owlv2,area,fixed,0.9,0.25,14,64,22,41,5.5,owlv2
AOI_2_Vegas_img375,AOI_2_Vegas,AOI_2_Vegas:-11530:3619,test,owlv2,area,fixed,1.2,0.25,12,44,22,42,4.1,owlv2
AOI_2_Vegas_img375,AOI_2_Vegas,AOI_2_Vegas:-11530:3619,test,owlv2,area,fixed,1.8,0.25,12,28,22,40,3.15,owlv2
AOI_2_Vegas_img375,AOI_2_Vegas,AOI_2_Vegas:-11530:3619,test,owlv2,area,fixed,2.4,0.25,5,13,22,23,1.25,owlv2
AOI_2_Vegas_img375,AOI_2_Vegas,AOI_2_Vegas:-11530:3619,test,owlv2,area,fixed,3.6,0.25,1,1,22,11,0.05,owlv2
AOI_2_Vegas_img375,AOI_2_Vegas,AOI_2_Vegas:-11530:3619,test,owlv2,area,fixed,5.0,0.25,0,0,22,0,0.0,owlv2
AOI_2_Vegas_img375,AOI_2_Vegas,AOI_2_Vegas:-11530:3619,test,owlv2,area,fixed,10.0,0.25,0,0,22,0,0.0,owlv2
AOI_2_Vegas_img3757,AOI_2_Vegas,AOI_2_Vegas:-11522:3615,test,owlv2,area,fixed,0.3,0.25,43,211,59,73,20.15,owlv2
AOI_2_Vegas_img3757,AOI_2_Vegas,AOI_2_Vegas:-11522:3615,test,owlv2,area,fixed,0.45,0.25,35,92,59,46,13.65,owlv2
AOI_2_Vegas_img3757,AOI_2_Vegas,AOI_2_Vegas:-11522:3615,test,owlv2,area,fixed,0.6,0.25,35,67,59,36,14.3,owlv2
AOI_2_Vegas_img3757,AOI_2_Vegas,AOI_2_Vegas:-11522:3615,test,owlv2,area,fixed,0.9,0.25,22,27,59,7,7.25,owlv2
AOI_2_Vegas_img3757,AOI_2_Vegas,AOI_2_Vegas:-11522:3615,test,owlv2,area,fixed,1.2,0.25,13,15,59,9,4.65,owlv2
AOI_2_Vegas_img3757,AOI_2_Vegas,AOI_2_Vegas:-11522:3615,test,owlv2,area,fixed,1.8,0.25,26,43,59,24,10.35,owlv2
AOI_2_Vegas_img3757,AOI_2_Vegas,AOI_2_Vegas:-11522:3615,test,owlv2,area,fixed,2.4,0.25,15,17,59,10,4.75,owlv2
AOI_2_Vegas_img3757,AOI_2_Vegas,AOI_2_Vegas:-11522:3615,test,owlv2,area,fixed,3.6,0.25,1,2,59,5,0.75,owlv2
AOI_2_Vegas_img3757,AOI_2_Vegas,AOI_2_Vegas:-11522:3615,test,owlv2,area,fixed,5.0,0.25,0,0,59,0,0.0,owlv2
AOI_2_Vegas_img3757,AOI_2_Vegas,AOI_2_Vegas:-11522:3615,test,owlv2,area,fixed,10.0,0.25,0,0,59,0,0.0,owlv2
AOI_2_Vegas_img3785,AOI_2_Vegas,AOI_2_Vegas:-11522:3620,test,owlv2,area,fixed,0.3,0.25,23,196,28,61,5.9,owlv2
AOI_2_Vegas_img3785,AOI_2_Vegas,AOI_2_Vegas:-11522:3620,test,owlv2,area,fixed,0.45,0.25,21,148,28,61,4.9,owlv2
AOI_2_Vegas_img3785,AOI_2_Vegas,AOI_2_Vegas:-11522:3620,test,owlv2,area,fixed,0.6,0.25,21,132,28,62,5.35,owlv2
AOI_2_Vegas_img3785,AOI_2_Vegas,AOI_2_Vegas:-11522:3620,test,owlv2,area,fixed,0.9,0.25,16,61,28,61,3.3,owlv2
AOI_2_Vegas_img3785,AOI_2_Vegas,AOI_2_Vegas:-11522:3620,test,owlv2,area,fixed,1.2,0.25,16,70,28,53,3.85,owlv2
AOI_2_Vegas_img3785,AOI_2_Vegas,AOI_2_Vegas:-11522:3620,test,owlv2,area,fixed,1.8,0.25,12,45,28,55,3.0,owlv2
AOI_2_Vegas_img3785,AOI_2_Vegas,AOI_2_Vegas:-11522:3620,test,owlv2,area,fixed,2.4,0.25,8,20,28,52,1.45,owlv2
AOI_2_Vegas_img3785,AOI_2_Vegas,AOI_2_Vegas:-11522:3620,test,owlv2,area,fixed,3.6,0.25,1,1,28,37,0.1,owlv2
AOI_2_Vegas_img3785,AOI_2_Vegas,AOI_2_Vegas:-11522:3620,test,owlv2,area,fixed,5.0,0.25,0,0,28,15,0.0,owlv2
AOI_2_Vegas_img3785,AOI_2_Vegas,AOI_2_Vegas:-11522:3620,test,owlv2,area,fixed,10.0,0.25,0,0,28,0,0.0,owlv2
AOI_2_Vegas_img3787,AOI_2_Vegas,AOI_2_Vegas:-11522:3620,test,owlv2,area,fixed,0.3,0.25,41,146,48,49,9.45,owlv2
AOI_2_Vegas_img3787,AOI_2_Vegas,AOI_2_Vegas:-11522:3620,test,owlv2,area,fixed,0.45,0.25,35,88,48,44,7.5,owlv2
AOI_2_Vegas_img3787,AOI_2_Vegas,AOI_2_Vegas:-11522:3620,test,owlv2,area,fixed,0.6,0.25,37,76,48,40,7.25,owlv2
AOI_2_Vegas_img3787,AOI_2_Vegas,AOI_2_Vegas:-11522:3620,test,owlv2,area,fixed,0.9,0.25,20,34,48,33,4.1,owlv2
AOI_2_Vegas_img3787,AOI_2_Vegas,AOI_2_Vegas:-11522:3620,test,owlv2,area,fixed,1.2,0.25,22,30,48,37,3.4,owlv2
AOI_2_Vegas_img3787,AOI_2_Vegas,AOI_2_Vegas:-11522:3620,test,owlv2,area,fixed,1.8,0.25,9,14,48,44,1.6,owlv2
AOI_2_Vegas_img3787,AOI_2_Vegas,AOI_2_Vegas:-11522:3620,test,owlv2,area,fixed,2.4,0.25,15,20,48,40,2.5,owlv2
AOI_2_Vegas_img3787,AOI_2_Vegas,AOI_2_Vegas:-11522:3620,test,owlv2,area,fixed,3.6,0.25,3,3,48,31,0.55,owlv2
AOI_2_Vegas_img3787,AOI_2_Vegas,AOI_2_Vegas:-11522:3620,test,owlv2,area,fixed,5.0,0.25,0,0,48,7,0.0,owlv2
AOI_2_Vegas_img3787,AOI_2_Vegas,AOI_2_Vegas:-11522:3620,test,owlv2,area,fixed,10.0,0.25,0,0,48,0,0.0,owlv2
AOI_2_Vegas_img3792,AOI_2_Vegas,AOI_2_Vegas:-11522:3621,test,owlv2,area,fixed,0.3,0.25,1,36,1,5,0.0,owlv2
AOI_2_Vegas_img3792,AOI_2_Vegas,AOI_2_Vegas:-11522:3621,test,owlv2,area,fixed,0.45,0.25,1,30,1,2,0.05,owlv2
AOI_2_Vegas_img3792,AOI_2_Vegas,AOI_2_Vegas:-11522:3621,test,owlv2,area,fixed,0.6,0.25,1,33,1,2,0.0,owlv2
AOI_2_Vegas_img3792,AOI_2_Vegas,AOI_2_Vegas:-11522:3621,test,owlv2,area,fixed,0.9,0.25,1,23,1,3,0.0,owlv2
AOI_2_Vegas_img3792,AOI_2_Vegas,AOI_2_Vegas:-11522:3621,test,owlv2,area,fixed,1.2,0.25,0,7,1,3,0.0,owlv2
AOI_2_Vegas_img3792,AOI_2_Vegas,AOI_2_Vegas:-11522:3621,test,owlv2,area,fixed,1.8,0.25,0,7,1,2,0.0,owlv2
AOI_2_Vegas_img3792,AOI_2_Vegas,AOI_2_Vegas:-11522:3621,test,owlv2,area,fixed,2.4,0.25,0,0,1,1,0.0,owlv2
AOI_2_Vegas_img3792,AOI_2_Vegas,AOI_2_Vegas:-11522:3621,test,owlv2,area,fixed,3.6,0.25,0,0,1,0,0.0,owlv2
AOI_2_Vegas_img3792,AOI_2_Vegas,AOI_2_Vegas:-11522:3621,test,owlv2,area,fixed,5.0,0.25,0,0,1,0,0.0,owlv2
AOI_2_Vegas_img3792,AOI_2_Vegas,AOI_2_Vegas:-11522:3621,test,owlv2,area,fixed,10.0,0.25,0,0,1,0,0.0,owlv2
AOI_2_Vegas_img3815,AOI_2_Vegas,AOI_2_Vegas:-11522:3625,test,owlv2,area,fixed,0.3,0.25,22,165,23,51,12.45,owlv2
AOI_2_Vegas_img3815,AOI_2_Vegas,AOI_2_Vegas:-11522:3625,test,owlv2,area,fixed,0.45,0.25,22,107,23,49,10.5,owlv2
AOI_2_Vegas_img3815,AOI_2_Vegas,AOI_2_Vegas:-11522:3625,test,owlv2,area,fixed,0.6,0.25,21,93,23,43,11.0,owlv2
AOI_2_Vegas_img3815,AOI_2_Vegas,AOI_2_Vegas:-11522:3625,test,owlv2,area,fixed,0.9,0.25,18,57,23,32,8.25,owlv2
AOI_2_Vegas_img3815,AOI_2_Vegas,AOI_2_Vegas:-11522:3625,test,owlv2,area,fixed,1.2,0.25,16,52,23,25,8.4,owlv2
AOI_2_Vegas_img3815,AOI_2_Vegas,AOI_2_Vegas:-11522:3625,test,owlv2,area,fixed,1.8,0.25,18,50,23,35,7.0,owlv2
AOI_2_Vegas_img3815,AOI_2_Vegas,AOI_2_Vegas:-11522:3625,test,owlv2,area,fixed,2.4,0.25,15,39,23,31,6.2,owlv2
AOI_2_Vegas_img3815,AOI_2_Vegas,AOI_2_Vegas:-11522:3625,test,owlv2,area,fixed,3.6,0.25,11,14,23,19,2.9,owlv2
AOI_2_Vegas_img3815,AOI_2_Vegas,AOI_2_Vegas:-11522:3625,test,owlv2,area,fixed,5.0,0.25,2,2,23,4,0.6,owlv2
AOI_2_Vegas_img3815,AOI_2_Vegas,AOI_2_Vegas:-11522:3625,test,owlv2,area,fixed,10.0,0.25,0,0,23,0,0.0,owlv2
AOI_2_Vegas_img3832,AOI_2_Vegas,AOI_2_Vegas:-11521:3614,test,owlv2,area,fixed,0.3,0.25,3,130,4,47,0.15,owlv2
AOI_2_Vegas_img3832,AOI_2_Vegas,AOI_2_Vegas:-11521:3614,test,owlv2,area,fixed,0.45,0.25,4,74,4,22,0.25,owlv2
AOI_2_Vegas_img3832,AOI_2_Vegas,AOI_2_Vegas:-11521:3614,test,owlv2,area,fixed,0.6,0.25,3,63,4,25,0.25,owlv2
AOI_2_Vegas_img3832,AOI_2_Vegas,AOI_2_Vegas:-11521:3614,test,owlv2,area,fixed,0.9,0.25,1,22,4,14,0.1,owlv2
AOI_2_Vegas_img3832,AOI_2_Vegas,AOI_2_Vegas:-11521:3614,test,owlv2,area,fixed,1.2,0.25,0,1,4,4,0.0,owlv2
AOI_2_Vegas_img3832,AOI_2_Vegas,AOI_2_Vegas:-11521:3614,test,owlv2,area,fixed,1.8,0.25,0,0,4,1,0.0,owlv2
AOI_2_Vegas_img3832,AOI_2_Vegas,AOI_2_Vegas:-11521:3614,test,owlv2,area,fixed,2.4,0.25,0,0,4,3,0.0,owlv2
AOI_2_Vegas_img3832,AOI_2_Vegas,AOI_2_Vegas:-11521:3614,test,owlv2,area,fixed,3.6,0.25,0,0,4,0,0.0,owlv2
AOI_2_Vegas_img3832,AOI_2_Vegas,AOI_2_Vegas:-11521:3614,test,owlv2,area,fixed,5.0,0.25,0,0,4,1,0.0,owlv2
AOI_2_Vegas_img3832,AOI_2_Vegas,AOI_2_Vegas:-11521:3614,test,owlv2,area,fixed,10.0,0.25,0,0,4,0,0.0,owlv2
AOI_2_Vegas_img3849,AOI_2_Vegas,AOI_2_Vegas:-11521:3617,test,owlv2,area,fixed,0.3,0.25,58,143,88,40,21.1,owlv2
AOI_2_Vegas_img3849,AOI_2_Vegas,AOI_2_Vegas:-11521:3617,test,owlv2,area,fixed,0.45,0.25,49,77,88,30,16.15,owlv2
AOI_2_Vegas_img3849,AOI_2_Vegas,AOI_2_Vegas:-11521:3617,test,owlv2,area,fixed,0.6,0.25,45,65,88,18,12.9,owlv2
AOI_2_Vegas_img3849,AOI_2_Vegas,AOI_2_Vegas:-11521:3617,test,owlv2,area,fixed,0.9,0.25,27,29,88,8,8.3,owlv2
AOI_2_Vegas_img3849,AOI_2_Vegas,AOI_2_Vegas:-11521:3617,test,owlv2,area,fixed,1.2,0.25,22,23,88,5,6.55,owlv2
AOI_2_Vegas_img3849,AOI_2_Vegas,AOI_2_Vegas:-11521:3617,test,owlv2,area,fixed,1.8,0.25,31,35,88,16,8.8,owlv2
AOI_2_Vegas_img3849,AOI_2_Vegas,AOI_2_Vegas:-11521:3617,test,owlv2,area,fixed,2.4,0.25,0,0,88,3,0.0,owlv2
AOI_2_Vegas_img3849,AOI_2_Vegas,AOI_2_Vegas:-11521:3617,test,owlv2,area,fixed,3.6,0.25,0,0,88,1,0.0,owlv2
AOI_2_Vegas_img3849,AOI_2_Vegas,AOI_2_Vegas:-11521:3617,test,owlv2,area,fixed,5.0,0.25,0,0,88,0,0.0,owlv2
AOI_2_Vegas_img3849,AOI_2_Vegas,AOI_2_Vegas:-11521:3617,test,owlv2,area,fixed,10.0,0.25,0,0,88,0,0.0,owlv2
AOI_2_Vegas_img3856,AOI_2_Vegas,AOI_2_Vegas:-11521:3618,test,owlv2,area,fixed,0.3,0.25,8,50,13,21,0.55,owlv2
AOI_2_Vegas_img3856,AOI_2_Vegas,AOI_2_Vegas:-11521:3618,test,owlv2,area,fixed,0.45,0.25,6,23,13,15,0.45,owlv2
AOI_2_Vegas_img3856,AOI_2_Vegas,AOI_2_Vegas:-11521:3618,test,owlv2,area,fixed,0.6,0.25,4,18,13,14,0.4,owlv2
AOI_2_Vegas_img3856,AOI_2_Vegas,AOI_2_Vegas:-11521:3618,test,owlv2,area,fixed,0.9,0.25,4,7,13,7,0.3,owlv2
AOI_2_Vegas_img3856,AOI_2_Vegas,AOI_2_Vegas:-11521:3618,test,owlv2,area,fixed,1.2,0.25,2,4,13,3,0.1,owlv2
AOI_2_Vegas_img3856,AOI_2_Vegas,AOI_2_Vegas:-11521:3618,test,owlv2,area,fixed,1.8,0.25,0,0,13,7,0.0,owlv2
AOI_2_Vegas_img3856,AOI_2_Vegas,AOI_2_Vegas:-11521:3618,test,owlv2,area,fixed,2.4,0.25,1,1,13,7,0.15,owlv2
AOI_2_Vegas_img3856,AOI_2_Vegas,AOI_2_Vegas:-11521:3618,test,owlv2,area,fixed,3.6,0.25,0,0,13,2,0.0,owlv2
AOI_2_Vegas_img3856,AOI_2_Vegas,AOI_2_Vegas:-11521:3618,test,owlv2,area,fixed,5.0,0.25,0,0,13,4,0.0,owlv2
AOI_2_Vegas_img3856,AOI_2_Vegas,AOI_2_Vegas:-11521:3618,test,owlv2,area,fixed,10.0,0.25,0,0,13,2,0.0,owlv2
AOI_2_Vegas_img3857,AOI_2_Vegas,AOI_2_Vegas:-11521:3619,test,owlv2,area,fixed,0.3,0.25,32,149,36,65,5.85,owlv2
AOI_2_Vegas_img3857,AOI_2_Vegas,AOI_2_Vegas:-11521:3619,test,owlv2,area,fixed,0.45,0.25,22,84,36,50,4.05,owlv2
AOI_2_Vegas_img3857,AOI_2_Vegas,AOI_2_Vegas:-11521:3619,test,owlv2,area,fixed,0.6,0.25,19,63,36,44,3.6,owlv2
AOI_2_Vegas_img3857,AOI_2_Vegas,AOI_2_Vegas:-11521:3619,test,owlv2,area,fixed,0.9,0.25,13,35,36,37,2.75,owlv2
AOI_2_Vegas_img3857,AOI_2_Vegas,AOI_2_Vegas:-11521:3619,test,owlv2,area,fixed,1.2,0.25,7,12,36,26,1.1,owlv2
AOI_2_Vegas_img3857,AOI_2_Vegas,AOI_2_Vegas:-11521:3619,test,owlv2,area,fixed,1.8,0.25,3,4,36,18,0.6,owlv2
AOI_2_Vegas_img3857,AOI_2_Vegas,AOI_2_Vegas:-11521:3619,test,owlv2,area,fixed,2.4,0.25,1,1,36,4,0.0,owlv2
AOI_2_Vegas_img3857,AOI_2_Vegas,AOI_2_Vegas:-11521:3619,test,owlv2,area,fixed,3.6,0.25,0,0,36,2,0.0,owlv2
AOI_2_Vegas_img3857,AOI_2_Vegas,AOI_2_Vegas:-11521:3619,test,owlv2,area,fixed,5.0,0.25,0,0,36,4,0.0,owlv2
AOI_2_Vegas_img3857,AOI_2_Vegas,AOI_2_Vegas:-11521:3619,test,owlv2,area,fixed,10.0,0.25,0,0,36,1,0.0,owlv2
AOI_2_Vegas_img3858,AOI_2_Vegas,AOI_2_Vegas:-11521:3619,test,owlv2,area,fixed,0.3,0.25,16,112,21,38,2.65,owlv2
AOI_2_Vegas_img3858,AOI_2_Vegas,AOI_2_Vegas:-11521:3619,test,owlv2,area,fixed,0.45,0.25,13,66,21,32,1.7,owlv2
AOI_2_Vegas_img3858,AOI_2_Vegas,AOI_2_Vegas:-11521:3619,test,owlv2,area,fixed,0.6,0.25,12,56,21,32,1.55,owlv2
AOI_2_Vegas_img3858,AOI_2_Vegas,AOI_2_Vegas:-11521:3619,test,owlv2,area,fixed,0.9,0.25,6,24,21,23,1.2,owlv2
AOI_2_Vegas_img3858,AOI_2_Vegas,AOI_2_Vegas:-11521:3619,test,owlv2,area,fixed,1.2,0.25,4,12,21,21,0.8,owlv2
AOI_2_Vegas_img3858,AOI_2_Vegas,AOI_2_Vegas:-11521:3619,test,owlv2,area,fixed,1.8,0.25,3,4,21,24,0.4,owlv2
AOI_2_Vegas_img3858,AOI_2_Vegas,AOI_2_Vegas:-11521:3619,test,owlv2,area,fixed,2.4,0.25,4,13,21,35,0.8,owlv2
AOI_2_Vegas_img3858,AOI_2_Vegas,AOI_2_Vegas:-11521:3619,test,owlv2,area,fixed,3.6,0.25,3,6,21,36,0.15,owlv2
AOI_2_Vegas_img3858,AOI_2_Vegas,AOI_2_Vegas:-11521:3619,test,owlv2,area,fixed,5.0,0.25,0,0,21,13,0.0,owlv2
AOI_2_Vegas_img3858,AOI_2_Vegas,AOI_2_Vegas:-11521:3619,test,owlv2,area,fixed,10.0,0.25,0,0,21,2,0.0,owlv2
AOI_2_Vegas_img386,AOI_2_Vegas,AOI_2_Vegas:-11530:3621,test,owlv2,area,fixed,0.3,0.25,31,161,34,34,13.05,owlv2
AOI_2_Vegas_img386,AOI_2_Vegas,AOI_2_Vegas:-11530:3621,test,owlv2,area,fixed,0.45,0.25,28,106,34,30,13.0,owlv2
AOI_2_Vegas_img386,AOI_2_Vegas,AOI_2_Vegas:-11530:3621,test,owlv2,area,fixed,0.6,0.25,27,90,34,31,11.65,owlv2
AOI_2_Vegas_img386,AOI_2_Vegas,AOI_2_Vegas:-11530:3621,test,owlv2,area,fixed,0.9,0.25,24,51,34,24,9.1,owlv2
AOI_2_Vegas_img386,AOI_2_Vegas,AOI_2_Vegas:-11530:3621,test,owlv2,area,fixed,1.2,0.25,24,40,34,27,8.15,owlv2
AOI_2_Vegas_img386,AOI_2_Vegas,AOI_2_Vegas:-11530:3621,test,owlv2,area,fixed,1.8,0.25,15,24,34,24,5.45,owlv2
AOI_2_Vegas_img386,AOI_2_Vegas,AOI_2_Vegas:-11530:3621,test,owlv2,area,fixed,2.4,0.25,6,8,34,25,1.5,owlv2
AOI_2_Vegas_img386,AOI_2_Vegas,AOI_2_Vegas:-11530:3621,test,owlv2,area,fixed,3.6,0.25,11,14,34,23,3.75,owlv2
AOI_2_Vegas_img386,AOI_2_Vegas,AOI_2_Vegas:-11530:3621,test,owlv2,area,fixed,5.0,0.25,2,2,34,16,0.65,owlv2
AOI_2_Vegas_img386,AOI_2_Vegas,AOI_2_Vegas:-11530:3621,test,owlv2,area,fixed,10.0,0.25,0,0,34,0,0.0,owlv2
AOI_2_Vegas_img3864,AOI_2_Vegas,AOI_2_Vegas:-11521:3620,test,owlv2,area,fixed,0.3,0.25,34,179,36,56,6.55,owlv2
AOI_2_Vegas_img3864,AOI_2_Vegas,AOI_2_Vegas:-11521:3620,test,owlv2,area,fixed,0.45,0.25,29,131,36,52,4.85,owlv2
AOI_2_Vegas_img3864,AOI_2_Vegas,AOI_2_Vegas:-11521:3620,test,owlv2,area,fixed,0.6,0.25,26,117,36,53,4.3,owlv2
AOI_2_Vegas_img3864,AOI_2_Vegas,AOI_2_Vegas:-11521:3620,test,owlv2,area,fixed,0.9,0.25,19,60,36,36,2.8,owlv2
AOI_2_Vegas_img3864,AOI_2_Vegas,AOI_2_Vegas:-11521:3620,test,owlv2,area,fixed,1.2,0.25,13,39,36,35,2.1,owlv2
AOI_2_Vegas_img3864,AOI_2_Vegas,AOI_2_Vegas:-11521:3620,test,owlv2,area,fixed,1.8,0.25,11,31,36,31,1.7,owlv2
AOI_2_Vegas_img3864,AOI_2_Vegas,AOI_2_Vegas:-11521:3620,test,owlv2,area,fixed,2.4,0.25,4,12,36,23,0.4,owlv2
AOI_2_Vegas_img3864,AOI_2_Vegas,AOI_2_Vegas:-11521:3620,test,owlv2,area,fixed,3.6,0.25,0,0,36,0,0.0,owlv2
AOI_2_Vegas_img3864,AOI_2_Vegas,AOI_2_Vegas:-11521:3620,test,owlv2,area,fixed,5.0,0.25,0,0,36,1,0.0,owlv2
AOI_2_Vegas_img3864,AOI_2_Vegas,AOI_2_Vegas:-11521:3620,test,owlv2,area,fixed,10.0,0.25,0,0,36,0,0.0,owlv2
AOI_2_Vegas_img3886,AOI_2_Vegas,AOI_2_Vegas:-11521:3624,test,owlv2,area,fixed,0.3,0.25,26,123,30,43,11.4,owlv2
AOI_2_Vegas_img3886,AOI_2_Vegas,AOI_2_Vegas:-11521:3624,test,owlv2,area,fixed,0.45,0.25,25,85,30,49,9.25,owlv2
AOI_2_Vegas_img3886,AOI_2_Vegas,AOI_2_Vegas:-11521:3624,test,owlv2,area,fixed,0.6,0.25,25,80,30,45,8.65,owlv2
AOI_2_Vegas_img3886,AOI_2_Vegas,AOI_2_Vegas:-11521:3624,test,owlv2,area,fixed,0.9,0.25,23,57,30,44,7.95,owlv2
AOI_2_Vegas_img3886,AOI_2_Vegas,AOI_2_Vegas:-11521:3624,test,owlv2,area,fixed,1.2,0.25,24,44,30,37,6.5,owlv2
AOI_2_Vegas_img3886,AOI_2_Vegas,AOI_2_Vegas:-11521:3624,test,owlv2,area,fixed,1.8,0.25,20,41,30,43,6.25,owlv2
AOI_2_Vegas_img3886,AOI_2_Vegas,AOI_2_Vegas:-11521:3624,test,owlv2,area,fixed,2.4,0.25,15,17,30,26,4.05,owlv2
AOI_2_Vegas_img3886,AOI_2_Vegas,AOI_2_Vegas:-11521:3624,test,owlv2,area,fixed,3.6,0.25,0,0,30,1,0.0,owlv2
AOI_2_Vegas_img3886,AOI_2_Vegas,AOI_2_Vegas:-11521:3624,test,owlv2,area,fixed,5.0,0.25,0,0,30,0,0.0,owlv2
AOI_2_Vegas_img3886,AOI_2_Vegas,AOI_2_Vegas:-11521:3624,test,owlv2,area,fixed,10.0,0.25,0,0,30,3,0.0,owlv2
AOI_2_Vegas_img3920,AOI_2_Vegas,AOI_2_Vegas:-11521:3616,test,owlv2,area,fixed,0.3,0.25,7,64,13,40,1.0,owlv2
AOI_2_Vegas_img3920,AOI_2_Vegas,AOI_2_Vegas:-11521:3616,test,owlv2,area,fixed,0.45,0.25,5,38,13,34,0.8,owlv2
AOI_2_Vegas_img3920,AOI_2_Vegas,AOI_2_Vegas:-11521:3616,test,owlv2,area,fixed,0.6,0.25,5,38,13,32,0.4,owlv2
AOI_2_Vegas_img3920,AOI_2_Vegas,AOI_2_Vegas:-11521:3616,test,owlv2,area,fixed,0.9,0.25,4,14,13,25,0.55,owlv2
AOI_2_Vegas_img3920,AOI_2_Vegas,AOI_2_Vegas:-11521:3616,test,owlv2,area,fixed,1.2,0.25,3,10,13,20,0.45,owlv2
AOI_2_Vegas_img3920,AOI_2_Vegas,AOI_2_Vegas:-11521:3616,test,owlv2,area,fixed,1.8,0.25,1,2,13,12,0.1,owlv2
AOI_2_Vegas_img3920,AOI_2_Vegas,AOI_2_Vegas:-11521:3616,test,owlv2,area,fixed,2.4,0.25,0,0,13,10,0.0,owlv2
AOI_2_Vegas_img3920,AOI_2_Vegas,AOI_2_Vegas:-11521:3616,test,owlv2,area,fixed,3.6,0.25,0,0,13,0,0.0,owlv2
AOI_2_Vegas_img3920,AOI_2_Vegas,AOI_2_Vegas:-11521:3616,test,owlv2,area,fixed,5.0,0.25,0,0,13,0,0.0,owlv2
AOI_2_Vegas_img3920,AOI_2_Vegas,AOI_2_Vegas:-11521:3616,test,owlv2,area,fixed,10.0,0.25,0,0,13,4,0.0,owlv2
AOI_2_Vegas_img3949,AOI_2_Vegas,AOI_2_Vegas:-11521:3621,test,owlv2,area,fixed,0.3,0.25,5,84,10,27,1.45,owlv2
AOI_2_Vegas_img3949,AOI_2_Vegas,AOI_2_Vegas:-11521:3621,test,owlv2,area,fixed,0.45,0.25,4,22,10,18,0.75,owlv2
AOI_2_Vegas_img3949,AOI_2_Vegas,AOI_2_Vegas:-11521:3621,test,owlv2,area,fixed,0.6,0.25,4,25,10,25,0.55,owlv2
AOI_2_Vegas_img3949,AOI_2_Vegas,AOI_2_Vegas:-11521:3621,test,owlv2,area,fixed,0.9,0.25,3,10,10,26,0.75,owlv2
AOI_2_Vegas_img3949,AOI_2_Vegas,AOI_2_Vegas:-11521:3621,test,owlv2,area,fixed,1.2,0.25,3,8,10,33,0.35,owlv2
AOI_2_Vegas_img3949,AOI_2_Vegas,AOI_2_Vegas:-11521:3621,test,owlv2,area,fixed,1.8,0.25,3,7,10,32,0.45,owlv2
AOI_2_Vegas_img3949,AOI_2_Vegas,AOI_2_Vegas:-11521:3621,test,owlv2,area,fixed,2.4,0.25,4,6,10,24,0.55,owlv2
AOI_2_Vegas_img3949,AOI_2_Vegas,AOI_2_Vegas:-11521:3621,test,owlv2,area,fixed,3.6,0.25,1,3,10,22,0.2,owlv2
AOI_2_Vegas_img3949,AOI_2_Vegas,AOI_2_Vegas:-11521:3621,test,owlv2,area,fixed,5.0,0.25,1,1,10,3,0.25,owlv2
AOI_2_Vegas_img3949,AOI_2_Vegas,AOI_2_Vegas:-11521:3621,test,owlv2,area,fixed,10.0,0.25,0,0,10,0,0.0,owlv2
AOI_2_Vegas_img3961,AOI_2_Vegas,AOI_2_Vegas:-11521:3623,test,owlv2,area,fixed,0.3,0.25,25,119,35,38,5.75,owlv2
AOI_2_Vegas_img3961,AOI_2_Vegas,AOI_2_Vegas:-11521:3623,test,owlv2,area,fixed,0.45,0.25,21,80,35,29,5.1,owlv2
AOI_2_Vegas_img3961,AOI_2_Vegas,AOI_2_Vegas:-11521:3623,test,owlv2,area,fixed,0.6,0.25,18,70,35,22,4.8,owlv2
AOI_2_Vegas_img3961,AOI_2_Vegas,AOI_2_Vegas:-11521:3623,test,owlv2,area,fixed,0.9,0.25,15,25,35,12,1.75,owlv2
AOI_2_Vegas_img3961,AOI_2_Vegas,AOI_2_Vegas:-11521:3623,test,owlv2,area,fixed,1.2,0.25,14,25,35,17,1.85,owlv2
AOI_2_Vegas_img3961,AOI_2_Vegas,AOI_2_Vegas:-11521:3623,test,owlv2,area,fixed,1.8,0.25,10,22,35,17,1.95,owlv2
AOI_2_Vegas_img3961,AOI_2_Vegas,AOI_2_Vegas:-11521:3623,test,owlv2,area,fixed,2.4,0.25,8,18,35,23,1.0,owlv2
AOI_2_Vegas_img3961,AOI_2_Vegas,AOI_2_Vegas:-11521:3623,test,owlv2,area,fixed,3.6,0.25,0,0,35,1,0.0,owlv2
AOI_2_Vegas_img3961,AOI_2_Vegas,AOI_2_Vegas:-11521:3623,test,owlv2,area,fixed,5.0,0.25,0,0,35,1,0.0,owlv2
AOI_2_Vegas_img3961,AOI_2_Vegas,AOI_2_Vegas:-11521:3623,test,owlv2,area,fixed,10.0,0.25,0,0,35,1,0.0,owlv2
AOI_2_Vegas_img3962,AOI_2_Vegas,AOI_2_Vegas:-11521:3623,test,owlv2,area,fixed,0.3,0.25,41,324,51,80,10.8,owlv2
AOI_2_Vegas_img3962,AOI_2_Vegas,AOI_2_Vegas:-11521:3623,test,owlv2,area,fixed,0.45,0.25,38,239,51,68,9.5,owlv2
AOI_2_Vegas_img3962,AOI_2_Vegas,AOI_2_Vegas:-11521:3623,test,owlv2,area,fixed,0.6,0.25,37,194,51,69,7.85,owlv2
AOI_2_Vegas_img3962,AOI_2_Vegas,AOI_2_Vegas:-11521:3623,test,owlv2,area,fixed,0.9,0.25,27,120,51,65,6.15,owlv2
AOI_2_Vegas_img3962,AOI_2_Vegas,AOI_2_Vegas:-11521:3623,test,owlv2,area,fixed,1.2,0.25,18,59,51,54,3.75,owlv2
AOI_2_Vegas_img3962,AOI_2_Vegas,AOI_2_Vegas:-11521:3623,test,owlv2,area,fixed,1.8,0.25,11,24,51,35,1.6,owlv2
AOI_2_Vegas_img3962,AOI_2_Vegas,AOI_2_Vegas:-11521:3623,test,owlv2,area,fixed,2.4,0.25,1,2,51,26,0.15,owlv2
AOI_2_Vegas_img3962,AOI_2_Vegas,AOI_2_Vegas:-11521:3623,test,owlv2,area,fixed,3.6,0.25,0,0,51,3,0.0,owlv2
AOI_2_Vegas_img3962,AOI_2_Vegas,AOI_2_Vegas:-11521:3623,test,owlv2,area,fixed,5.0,0.25,0,0,51,0,0.0,owlv2
AOI_2_Vegas_img3962,AOI_2_Vegas,AOI_2_Vegas:-11521:3623,test,owlv2,area,fixed,10.0,0.25,0,0,51,0,0.0,owlv2
AOI_2_Vegas_img3990,AOI_2_Vegas,AOI_2_Vegas:-11521:3614,test,owlv2,area,fixed,0.3,0.25,0,40,2,35,0.0,owlv2
AOI_2_Vegas_img3990,AOI_2_Vegas,AOI_2_Vegas:-11521:3614,test,owlv2,area,fixed,0.45,0.25,0,8,2,21,0.05,owlv2
AOI_2_Vegas_img3990,AOI_2_Vegas,AOI_2_Vegas:-11521:3614,test,owlv2,area,fixed,0.6,0.25,0,8,2,18,0.05,owlv2
AOI_2_Vegas_img3990,AOI_2_Vegas,AOI_2_Vegas:-11521:3614,test,owlv2,area,fixed,0.9,0.25,0,0,2,3,0.0,owlv2
AOI_2_Vegas_img3990,AOI_2_Vegas,AOI_2_Vegas:-11521:3614,test,owlv2,area,fixed,1.2,0.25,0,0,2,1,0.0,owlv2
AOI_2_Vegas_img3990,AOI_2_Vegas,AOI_2_Vegas:-11521:3614,test,owlv2,area,fixed,1.8,0.25,0,0,2,1,0.0,owlv2
AOI_2_Vegas_img3990,AOI_2_Vegas,AOI_2_Vegas:-11521:3614,test,owlv2,area,fixed,2.4,0.25,0,0,2,0,0.0,owlv2
AOI_2_Vegas_img3990,AOI_2_Vegas,AOI_2_Vegas:-11521:3614,test,owlv2,area,fixed,3.6,0.25,0,0,2,0,0.0,owlv2
AOI_2_Vegas_img3990,AOI_2_Vegas,AOI_2_Vegas:-11521:3614,test,owlv2,area,fixed,5.0,0.25,0,0,2,2,0.0,owlv2
AOI_2_Vegas_img3990,AOI_2_Vegas,AOI_2_Vegas:-11521:3614,test,owlv2,area,fixed,10.0,0.25,0,0,2,3,0.0,owlv2
AOI_2_Vegas_img400,AOI_2_Vegas,AOI_2_Vegas:-11530:3613,test,owlv2,area,fixed,0.3,0.25,55,329,58,65,34.7,owlv2
AOI_2_Vegas_img400,AOI_2_Vegas,AOI_2_Vegas:-11530:3613,test,owlv2,area,fixed,0.45,0.25,55,132,58,43,25.9,owlv2
AOI_2_Vegas_img400,AOI_2_Vegas,AOI_2_Vegas:-11530:3613,test,owlv2,area,fixed,0.6,0.25,51,100,58,36,21.05,owlv2
AOI_2_Vegas_img400,AOI_2_Vegas,AOI_2_Vegas:-11530:3613,test,owlv2,area,fixed,0.9,0.25,40,45,58,25,12.55,owlv2
AOI_2_Vegas_img400,AOI_2_Vegas,AOI_2_Vegas:-11530:3613,test,owlv2,area,fixed,1.2,0.25,19,20,58,15,5.85,owlv2
AOI_2_Vegas_img400,AOI_2_Vegas,AOI_2_Vegas:-11530:3613,test,owlv2,area,fixed,1.8,0.25,0,0,58,4,0.0,owlv2
AOI_2_Vegas_img400,AOI_2_Vegas,AOI_2_Vegas:-11530:3613,test,owlv2,area,fixed,2.4,0.25,3,3,58,10,0.85,owlv2
AOI_2_Vegas_img400,AOI_2_Vegas,AOI_2_Vegas:-11530:3613,test,owlv2,area,fixed,3.6,0.25,0,0,58,10,0.0,owlv2
AOI_2_Vegas_img400,AOI_2_Vegas,AOI_2_Vegas:-11530:3613,test,owlv2,area,fixed,5.0,0.25,0,0,58,2,0.0,owlv2
AOI_2_Vegas_img400,AOI_2_Vegas,AOI_2_Vegas:-11530:3613,test,owlv2,area,fixed,10.0,0.25,0,0,58,0,0.0,owlv2
AOI_2_Vegas_img4008,AOI_2_Vegas,AOI_2_Vegas:-11521:3617,test,owlv2,area,fixed,0.3,0.25,0,26,4,36,0.1,owlv2
AOI_2_Vegas_img4008,AOI_2_Vegas,AOI_2_Vegas:-11521:3617,test,owlv2,area,fixed,0.45,0.25,0,6,4,22,0.05,owlv2
AOI_2_Vegas_img4008,AOI_2_Vegas,AOI_2_Vegas:-11521:3617,test,owlv2,area,fixed,0.6,0.25,0,6,4,20,0.1,owlv2
AOI_2_Vegas_img4008,AOI_2_Vegas,AOI_2_Vegas:-11521:3617,test,owlv2,area,fixed,0.9,0.25,0,0,4,2,0.0,owlv2
AOI_2_Vegas_img4008,AOI_2_Vegas,AOI_2_Vegas:-11521:3617,test,owlv2,area,fixed,1.2,0.25,0,0,4,2,0.0,owlv2
AOI_2_Vegas_img4008,AOI_2_Vegas,AOI_2_Vegas:-11521:3617,test,owlv2,area,fixed,1.8,0.25,0,0,4,1,0.0,owlv2
AOI_2_Vegas_img4008,AOI_2_Vegas,AOI_2_Vegas:-11521:3617,test,owlv2,area,fixed,2.4,0.25,0,0,4,1,0.0,owlv2
AOI_2_Vegas_img4008,AOI_2_Vegas,AOI_2_Vegas:-11521:3617,test,owlv2,area,fixed,3.6,0.25,0,0,4,1,0.0,owlv2
AOI_2_Vegas_img4008,AOI_2_Vegas,AOI_2_Vegas:-11521:3617,test,owlv2,area,fixed,5.0,0.25,0,0,4,1,0.0,owlv2
AOI_2_Vegas_img4008,AOI_2_Vegas,AOI_2_Vegas:-11521:3617,test,owlv2,area,fixed,10.0,0.25,0,0,4,4,0.0,owlv2
AOI_2_Vegas_img4012,AOI_2_Vegas,AOI_2_Vegas:-11521:3618,test,owlv2,area,fixed,0.3,0.25,0,1,0,0,0.0,owlv2
AOI_2_Vegas_img4012,AOI_2_Vegas,AOI_2_Vegas:-11521:3618,test,owlv2,area,fixed,0.45,0.25,0,0,0,0,0.0,owlv2
AOI_2_Vegas_img4012,AOI_2_Vegas,AOI_2_Vegas:-11521:3618,test,owlv2,area,fixed,0.6,0.25,0,0,0,0,0.0,owlv2
AOI_2_Vegas_img4012,AOI_2_Vegas,AOI_2_Vegas:-11521:3618,test,owlv2,area,fixed,0.9,0.25,0,0,0,0,0.0,owlv2
AOI_2_Vegas_img4012,AOI_2_Vegas,AOI_2_Vegas:-11521:3618,test,owlv2,area,fixed,1.2,0.25,0,0,0,0,0.0,owlv2
AOI_2_Vegas_img4012,AOI_2_Vegas,AOI_2_Vegas:-11521:3618,test,owlv2,area,fixed,1.8,0.25,0,0,0,0,0.0,owlv2
AOI_2_Vegas_img4012,AOI_2_Vegas,AOI_2_Vegas:-11521:3618,test,owlv2,area,fixed,2.4,0.25,0,0,0,0,0.0,owlv2
AOI_2_Vegas_img4012,AOI_2_Vegas,AOI_2_Vegas:-11521:3618,test,owlv2,area,fixed,3.6,0.25,0,0,0,0,0.0,owlv2
AOI_2_Vegas_img4012,AOI_2_Vegas,AOI_2_Vegas:-11521:3618,test,owlv2,area,fixed,5.0,0.25,0,0,0,0,0.0,owlv2
AOI_2_Vegas_img4012,AOI_2_Vegas,AOI_2_Vegas:-11521:3618,test,owlv2,area,fixed,10.0,0.25,0,0,0,0,0.0,owlv2
AOI_2_Vegas_img4113,AOI_2_Vegas,AOI_2_Vegas:-11521:3622,test,owlv2,area,fixed,0.3,0.25,34,287,41,62,18.9,owlv2
AOI_2_Vegas_img4113,AOI_2_Vegas,AOI_2_Vegas:-11521:3622,test,owlv2,area,fixed,0.45,0.25,33,135,41,44,16.15,owlv2
AOI_2_Vegas_img4113,AOI_2_Vegas,AOI_2_Vegas:-11521:3622,test,owlv2,area,fixed,0.6,0.25,32,115,41,47,14.3,owlv2
AOI_2_Vegas_img4113,AOI_2_Vegas,AOI_2_Vegas:-11521:3622,test,owlv2,area,fixed,0.9,0.25,30,54,41,29,8.85,owlv2
AOI_2_Vegas_img4113,AOI_2_Vegas,AOI_2_Vegas:-11521:3622,test,owlv2,area,fixed,1.2,0.25,28,40,41,23,7.55,owlv2
AOI_2_Vegas_img4113,AOI_2_Vegas,AOI_2_Vegas:-11521:3622,test,owlv2,area,fixed,1.8,0.25,29,43,41,26,7.25,owlv2
AOI_2_Vegas_img4113,AOI_2_Vegas,AOI_2_Vegas:-11521:3622,test,owlv2,area,fixed,2.4,0.25,25,30,41,21,5.1,owlv2
AOI_2_Vegas_img4113,AOI_2_Vegas,AOI_2_Vegas:-11521:3622,test,owlv2,area,fixed,3.6,0.25,5,6,41,13,1.5,owlv2
AOI_2_Vegas_img4113,AOI_2_Vegas,AOI_2_Vegas:-11521:3622,test,owlv2,area,fixed,5.0,0.25,0,0,41,0,0.0,owlv2
AOI_2_Vegas_img4113,AOI_2_Vegas,AOI_2_Vegas:-11521:3622,test,owlv2,area,fixed,10.0,0.25,0,0,41,0,0.0,owlv2
AOI_2_Vegas_img4146,AOI_2_Vegas,AOI_2_Vegas:-11521:3614,test,owlv2,area,fixed,0.3,0.25,49,269,66,62,22.35,owlv2
AOI_2_Vegas_img4146,AOI_2_Vegas,AOI_2_Vegas:-11521:3614,test,owlv2,area,fixed,0.45,0.25,40,183,66,51,20.3,owlv2
AOI_2_Vegas_img4146,AOI_2_Vegas,AOI_2_Vegas:-11521:3614,test,owlv2,area,fixed,0.6,0.25,42,179,66,49,20.8,owlv2
AOI_2_Vegas_img4146,AOI_2_Vegas,AOI_2_Vegas:-11521:3614,test,owlv2,area,fixed,0.9,0.25,35,130,66,43,16.65,owlv2
AOI_2_Vegas_img4146,AOI_2_Vegas,AOI_2_Vegas:-11521:3614,test,owlv2,area,fixed,1.2,0.25,32,96,66,33,15.4,owlv2
AOI_2_Vegas_img4146,AOI_2_Vegas,AOI_2_Vegas:-11521:3614,test,owlv2,area,fixed,1.8,0.25,23,59,66,33,9.9,owlv2
AOI_2_Vegas_img4146,AOI_2_Vegas,AOI_2_Vegas:-11521:3614,test,owlv2,area,fixed,2.4,0.25,14,41,66,28,7.65,owlv2
AOI_2_Vegas_img4146,AOI_2_Vegas,AOI_2_Vegas:-11521:3614,test,owlv2,area,fixed,3.6,0.25,1,1,66,6,0.25,owlv2
AOI_2_Vegas_img4146,AOI_2_Vegas,AOI_2_Vegas:-11521:3614,test,owlv2,area,fixed,5.0,0.25,0,0,66,0,0.0,owlv2
AOI_2_Vegas_img4146,AOI_2_Vegas,AOI_2_Vegas:-11521:3614,test,owlv2,area,fixed,10.0,0.25,0,0,66,0,0.0,owlv2
AOI_2_Vegas_img4155,AOI_2_Vegas,AOI_2_Vegas:-11521:3615,test,owlv2,area,fixed,0.3,0.25,0,1,1,4,0.0,owlv2
AOI_2_Vegas_img4155,AOI_2_Vegas,AOI_2_Vegas:-11521:3615,test,owlv2,area,fixed,0.45,0.25,0,1,1,0,0.0,owlv2
AOI_2_Vegas_img4155,AOI_2_Vegas,AOI_2_Vegas:-11521:3615,test,owlv2,area,fixed,0.6,0.25,0,1,1,0,0.0,owlv2
AOI_2_Vegas_img4155,AOI_2_Vegas,AOI_2_Vegas:-11521:3615,test,owlv2,area,fixed,0.9,0.25,0,0,1,0,0.0,owlv2
AOI_2_Vegas_img4155,AOI_2_Vegas,AOI_2_Vegas:-11521:3615,test,owlv2,area,fixed,1.2,0.25,0,0,1,0,0.0,owlv2
AOI_2_Vegas_img4155,AOI_2_Vegas,AOI_2_Vegas:-11521:3615,test,owlv2,area,fixed,1.8,0.25,0,0,1,0,0.0,owlv2
AOI_2_Vegas_img4155,AOI_2_Vegas,AOI_2_Vegas:-11521:3615,test,owlv2,area,fixed,2.4,0.25,0,0,1,0,0.0,owlv2
AOI_2_Vegas_img4155,AOI_2_Vegas,AOI_2_Vegas:-11521:3615,test,owlv2,area,fixed,3.6,0.25,0,0,1,0,0.0,owlv2
AOI_2_Vegas_img4155,AOI_2_Vegas,AOI_2_Vegas:-11521:3615,test,owlv2,area,fixed,5.0,0.25,0,0,1,0,0.0,owlv2
AOI_2_Vegas_img4155,AOI_2_Vegas,AOI_2_Vegas:-11521:3615,test,owlv2,area,fixed,10.0,0.25,0,0,1,0,0.0,owlv2
AOI_2_Vegas_img416,AOI_2_Vegas,AOI_2_Vegas:-11530:3616,test,owlv2,area,fixed,0.3,0.25,16,329,18,53,6.8,owlv2
AOI_2_Vegas_img416,AOI_2_Vegas,AOI_2_Vegas:-11530:3616,test,owlv2,area,fixed,0.45,0.25,11,170,18,32,4.0,owlv2
AOI_2_Vegas_img416,AOI_2_Vegas,AOI_2_Vegas:-11530:3616,test,owlv2,area,fixed,0.6,0.25,13,197,18,40,5.65,owlv2
AOI_2_Vegas_img416,AOI_2_Vegas,AOI_2_Vegas:-11530:3616,test,owlv2,area,fixed,0.9,0.25,12,92,18,32,3.25,owlv2
AOI_2_Vegas_img416,AOI_2_Vegas,AOI_2_Vegas:-11530:3616,test,owlv2,area,fixed,1.2,0.25,10,73,18,34,3.9,owlv2
AOI_2_Vegas_img416,AOI_2_Vegas,AOI_2_Vegas:-11530:3616,test,owlv2,area,fixed,1.8,0.25,11,61,18,34,2.35,owlv2
AOI_2_Vegas_img416,AOI_2_Vegas,AOI_2_Vegas:-11530:3616,test,owlv2,area,fixed,2.4,0.25,10,36,18,12,1.5,owlv2
AOI_2_Vegas_img416,AOI_2_Vegas,AOI_2_Vegas:-11530:3616,test,owlv2,area,fixed,3.6,0.25,4,8,18,14,0.6,owlv2
AOI_2_Vegas_img416,AOI_2_Vegas,AOI_2_Vegas:-11530:3616,test,owlv2,area,fixed,5.0,0.25,0,0,18,5,0.0,owlv2
AOI_2_Vegas_img416,AOI_2_Vegas,AOI_2_Vegas:-11530:3616,test,owlv2,area,fixed,10.0,0.25,0,0,18,0,0.0,owlv2
AOI_2_Vegas_img4169,AOI_2_Vegas,AOI_2_Vegas:-11521:3618,test,owlv2,area,fixed,0.3,0.25,0,5,0,0,0.0,owlv2
AOI_2_Vegas_img4169,AOI_2_Vegas,AOI_2_Vegas:-11521:3618,test,owlv2,area,fixed,0.45,0.25,0,2,0,0,0.0,owlv2
AOI_2_Vegas_img4169,AOI_2_Vegas,AOI_2_Vegas:-11521:3618,test,owlv2,area,fixed,0.6,0.25,0,4,0,0,0.0,owlv2
AOI_2_Vegas_img4169,AOI_2_Vegas,AOI_2_Vegas:-11521:3618,test,owlv2,area,fixed,0.9,0.25,0,0,0,0,0.0,owlv2
AOI_2_Vegas_img4169,AOI_2_Vegas,AOI_2_Vegas:-11521:3618,test,owlv2,area,fixed,1.2,0.25,0,1,0,0,0.0,owlv2
AOI_2_Vegas_img4169,AOI_2_Vegas,AOI_2_Vegas:-11521:3618,test,owlv2,area,fixed,1.8,0.25,0,0,0,0,0.0,owlv2
AOI_2_Vegas_img4169,AOI_2_Vegas,AOI_2_Vegas:-11521:3618,test,owlv2,area,fixed,2.4,0.25,0,0,0,0,0.0,owlv2
AOI_2_Vegas_img4169,AOI_2_Vegas,AOI_2_Vegas:-11521:3618,test,owlv2,area,fixed,3.6,0.25,0,0,0,0,0.0,owlv2
AOI_2_Vegas_img4169,AOI_2_Vegas,AOI_2_Vegas:-11521:3618,test,owlv2,area,fixed,5.0,0.25,0,0,0,0,0.0,owlv2
AOI_2_Vegas_img4169,AOI_2_Vegas,AOI_2_Vegas:-11521:3618,test,owlv2,area,fixed,10.0,0.25,0,0,0,0,0.0,owlv2
AOI_2_Vegas_img4176,AOI_2_Vegas,AOI_2_Vegas:-11521:3619,test,owlv2,area,fixed,0.3,0.25,56,353,63,91,27.35,owlv2
AOI_2_Vegas_img4176,AOI_2_Vegas,AOI_2_Vegas:-11521:3619,test,owlv2,area,fixed,0.45,0.25,55,217,63,61,22.45,owlv2
AOI_2_Vegas_img4176,AOI_2_Vegas,AOI_2_Vegas:-11521:3619,test,owlv2,area,fixed,0.6,0.25,49,160,63,59,20.25,owlv2
AOI_2_Vegas_img4176,AOI_2_Vegas,AOI_2_Vegas:-11521:3619,test,owlv2,area,fixed,0.9,0.25,40,87,63,45,15.35,owlv2
AOI_2_Vegas_img4176,AOI_2_Vegas,AOI_2_Vegas:-11521:3619,test,owlv2,area,fixed,1.2,0.25,31,56,63,38,10.45,owlv2
AOI_2_Vegas_img4176,AOI_2_Vegas,AOI_2_Vegas:-11521:3619,test,owlv2,area,fixed,1.8,0.25,21,33,63,17,7.5,owlv2
AOI_2_Vegas_img4176,AOI_2_Vegas,AOI_2_Vegas:-11521:3619,test,owlv2,area,fixed,2.4,0.25,13,21,63,19,5.25,owlv2
AOI_2_Vegas_img4176,AOI_2_Vegas,AOI_2_Vegas:-11521:3619,test,owlv2,area,fixed,3.6,0.25,3,3,63,7,0.7,owlv2
AOI_2_Vegas_img4176,AOI_2_Vegas,AOI_2_Vegas:-11521:3619,test,owlv2,area,fixed,5.0,0.25,0,0,63,0,0.0,owlv2
AOI_2_Vegas_img4176,AOI_2_Vegas,AOI_2_Vegas:-11521:3619,test,owlv2,area,fixed,10.0,0.25,0,0,63,0,0.0,owlv2
AOI_2_Vegas_img4187,AOI_2_Vegas,AOI_2_Vegas:-11521:3621,test,owlv2,area,fixed,0.3,0.25,0,1,0,0,0.0,owlv2
AOI_2_Vegas_img4187,AOI_2_Vegas,AOI_2_Vegas:-11521:3621,test,owlv2,area,fixed,0.45,0.25,0,0,0,0,0.0,owlv2
AOI_2_Vegas_img4187,AOI_2_Vegas,AOI_2_Vegas:-11521:3621,test,owlv2,area,fixed,0.6,0.25,0,0,0,0,0.0,owlv2
AOI_2_Vegas_img4187,AOI_2_Vegas,AOI_2_Vegas:-11521:3621,test,owlv2,area,fixed,0.9,0.25,0,0,0,0,0.0,owlv2
AOI_2_Vegas_img4187,AOI_2_Vegas,AOI_2_Vegas:-11521:3621,test,owlv2,area,fixed,1.2,0.25,0,0,0,0,0.0,owlv2
AOI_2_Vegas_img4187,AOI_2_Vegas,AOI_2_Vegas:-11521:3621,test,owlv2,area,fixed,1.8,0.25,0,0,0,0,0.0,owlv2
AOI_2_Vegas_img4187,AOI_2_Vegas,AOI_2_Vegas:-11521:3621,test,owlv2,area,fixed,2.4,0.25,0,0,0,0,0.0,owlv2
AOI_2_Vegas_img4187,AOI_2_Vegas,AOI_2_Vegas:-11521:3621,test,owlv2,area,fixed,3.6,0.25,0,0,0,0,0.0,owlv2
AOI_2_Vegas_img4187,AOI_2_Vegas,AOI_2_Vegas:-11521:3621,test,owlv2,area,fixed,5.0,0.25,0,0,0,0,0.0,owlv2
AOI_2_Vegas_img4187,AOI_2_Vegas,AOI_2_Vegas:-11521:3621,test,owlv2,area,fixed,10.0,0.25,0,0,0,0,0.0,owlv2
AOI_2_Vegas_img4206,AOI_2_Vegas,AOI_2_Vegas:-11521:3624,test,owlv2,area,fixed,0.3,0.25,34,269,47,50,17.05,owlv2
AOI_2_Vegas_img4206,AOI_2_Vegas,AOI_2_Vegas:-11521:3624,test,owlv2,area,fixed,0.45,0.25,30,183,47,46,15.05,owlv2
AOI_2_Vegas_img4206,AOI_2_Vegas,AOI_2_Vegas:-11521:3624,test,owlv2,area,fixed,0.6,0.25,31,176,47,50,13.9,owlv2
AOI_2_Vegas_img4206,AOI_2_Vegas,AOI_2_Vegas:-11521:3624,test,owlv2,area,fixed,0.9,0.25,27,129,47,48,12.8,owlv2
AOI_2_Vegas_img4206,AOI_2_Vegas,AOI_2_Vegas:-11521:3624,test,owlv2,area,fixed,1.2,0.25,23,91,47,52,10.9,owlv2
AOI_2_Vegas_img4206,AOI_2_Vegas,AOI_2_Vegas:-11521:3624,test,owlv2,area,fixed,1.8,0.25,22,62,47,48,9.8,owlv2
AOI_2_Vegas_img4206,AOI_2_Vegas,AOI_2_Vegas:-11521:3624,test,owlv2,area,fixed,2.4,0.25,17,22,47,29,4.45,owlv2
AOI_2_Vegas_img4206,AOI_2_Vegas,AOI_2_Vegas:-11521:3624,test,owlv2,area,fixed,3.6,0.25,16,16,47,39,3.5,owlv2
AOI_2_Vegas_img4206,AOI_2_Vegas,AOI_2_Vegas:-11521:3624,test,owlv2,area,fixed,5.0,0.25,0,0,47,7,0.0,owlv2
AOI_2_Vegas_img4206,AOI_2_Vegas,AOI_2_Vegas:-11521:3624,test,owlv2,area,fixed,10.0,0.25,0,0,47,1,0.0,owlv2
AOI_2_Vegas_img4218,AOI_2_Vegas,AOI_2_Vegas:-11520:3612,test,owlv2,area,fixed,0.3,0.25,19,92,26,30,5.85,owlv2
AOI_2_Vegas_img4218,AOI_2_Vegas,AOI_2_Vegas:-11520:3612,test,owlv2,area,fixed,0.45,0.25,17,50,26,27,3.6,owlv2
AOI_2_Vegas_img4218,AOI_2_Vegas,AOI_2_Vegas:-11520:3612,test,owlv2,area,fixed,0.6,0.25,10,36,26,26,2.85,owlv2
AOI_2_Vegas_img4218,AOI_2_Vegas,AOI_2_Vegas:-11520:3612,test,owlv2,area,fixed,0.9,0.25,3,6,26,15,0.55,owlv2
AOI_2_Vegas_img4218,AOI_2_Vegas,AOI_2_Vegas:-11520:3612,test,owlv2,area,fixed,1.2,0.25,3,5,26,14,0.9,owlv2
AOI_2_Vegas_img4218,AOI_2_Vegas,AOI_2_Vegas:-11520:3612,test,owlv2,area,fixed,1.8,0.25,2,2,26,12,0.15,owlv2
AOI_2_Vegas_img4218,AOI_2_Vegas,AOI_2_Vegas:-11520:3612,test,owlv2,area,fixed,2.4,0.25,2,5,26,13,0.6,owlv2
AOI_2_Vegas_img4218,AOI_2_Vegas,AOI_2_Vegas:-11520:3612,test,owlv2,area,fixed,3.6,0.25,0,0,26,2,0.0,owlv2
AOI_2_Vegas_img4218,AOI_2_Vegas,AOI_2_Vegas:-11520:3612,test,owlv2,area,fixed,5.0,0.25,0,0,26,2,0.0,owlv2
AOI_2_Vegas_img4218,AOI_2_Vegas,AOI_2_Vegas:-11520:3612,test,owlv2,area,fixed,10.0,0.25,0,0,26,6,0.0,owlv2
AOI_2_Vegas_img4238,AOI_2_Vegas,AOI_2_Vegas:-11520:3616,test,owlv2,area,fixed,0.3,0.25,64,330,77,59,26.55,owlv2
AOI_2_Vegas_img4238,AOI_2_Vegas,AOI_2_Vegas:-11520:3616,test,owlv2,area,fixed,0.45,0.25,54,154,77,45,18.1,owlv2
AOI_2_Vegas_img4238,AOI_2_Vegas,AOI_2_Vegas:-11520:3616,test,owlv2,area,fixed,0.6,0.25,47,106,77,45,14.35,owlv2
AOI_2_Vegas_img4238,AOI_2_Vegas,AOI_2_Vegas:-11520:3616,test,owlv2,area,fixed,0.9,0.25,34,49,77,32,8.55,owlv2
AOI_2_Vegas_img4238,AOI_2_Vegas,AOI_2_Vegas:-11520:3616,test,owlv2,area,fixed,1.2,0.25,33,44,77,33,7.85,owlv2
AOI_2_Vegas_img4238,AOI_2_Vegas,AOI_2_Vegas:-11520:3616,test,owlv2,area,fixed,1.8,0.25,39,52,77,26,8.75,owlv2
AOI_2_Vegas_img4238,AOI_2_Vegas,AOI_2_Vegas:-11520:3616,test,owlv2,area,fixed,2.4,0.25,24,26,77,24,5.1,owlv2
AOI_2_Vegas_img4238,AOI_2_Vegas,AOI_2_Vegas:-11520:3616,test,owlv2,area,fixed,3.6,0.25,0,0,77,0,0.0,owlv2
AOI_2_Vegas_img4238,AOI_2_Vegas,AOI_2_Vegas:-11520:3616,test,owlv2,area,fixed,5.0,0.25,0,0,77,0,0.0,owlv2
AOI_2_Vegas_img4238,AOI_2_Vegas,AOI_2_Vegas:-11520:3616,test,owlv2,area,fixed,10.0,0.25,0,0,77,0,0.0,owlv2
AOI_2_Vegas_img4249,AOI_2_Vegas,AOI_2_Vegas:-11520:3618,test,owlv2,area,fixed,0.3,0.25,1,47,1,24,0.05,owlv2
AOI_2_Vegas_img4249,AOI_2_Vegas,AOI_2_Vegas:-11520:3618,test,owlv2,area,fixed,0.45,0.25,1,30,1,15,0.05,owlv2
AOI_2_Vegas_img4249,AOI_2_Vegas,AOI_2_Vegas:-11520:3618,test,owlv2,area,fixed,0.6,0.25,1,37,1,20,0.25,owlv2
AOI_2_Vegas_img4249,AOI_2_Vegas,AOI_2_Vegas:-11520:3618,test,owlv2,area,fixed,0.9,0.25,1,27,1,15,0.05,owlv2
AOI_2_Vegas_img4249,AOI_2_Vegas,AOI_2_Vegas:-11520:3618,test,owlv2,area,fixed,1.2,0.25,1,12,1,14,0.0,owlv2
AOI_2_Vegas_img4249,AOI_2_Vegas,AOI_2_Vegas:-11520:3618,test,owlv2,area,fixed,1.8,0.25,0,13,1,11,0.0,owlv2
AOI_2_Vegas_img4249,AOI_2_Vegas,AOI_2_Vegas:-11520:3618,test,owlv2,area,fixed,2.4,0.25,0,4,1,11,0.0,owlv2
AOI_2_Vegas_img4249,AOI_2_Vegas,AOI_2_Vegas:-11520:3618,test,owlv2,area,fixed,3.6,0.25,0,0,1,8,0.0,owlv2
AOI_2_Vegas_img4249,AOI_2_Vegas,AOI_2_Vegas:-11520:3618,test,owlv2,area,fixed,5.0,0.25,0,0,1,3,0.0,owlv2
AOI_2_Vegas_img4249,AOI_2_Vegas,AOI_2_Vegas:-11520:3618,test,owlv2,area,fixed,10.0,0.25,0,0,1,0,0.0,owlv2
AOI_2_Vegas_img4264,AOI_2_Vegas,AOI_2_Vegas:-11520:3620,test,owlv2,area,fixed,0.3,0.25,2,20,7,9,0.25,owlv2
AOI_2_Vegas_img4264,AOI_2_Vegas,AOI_2_Vegas:-11520:3620,test,owlv2,area,fixed,0.45,0.25,1,9,7,3,0.0,owlv2
AOI_2_Vegas_img4264,AOI_2_Vegas,AOI_2_Vegas:-11520:3620,test,owlv2,area,fixed,0.6,0.25,1,8,7,3,0.05,owlv2
AOI_2_Vegas_img4264,AOI_2_Vegas,AOI_2_Vegas:-11520:3620,test,owlv2,area,fixed,0.9,0.25,2,12,7,6,0.05,owlv2
AOI_2_Vegas_img4264,AOI_2_Vegas,AOI_2_Vegas:-11520:3620,test,owlv2,area,fixed,1.2,0.25,1,6,7,4,0.25,owlv2
AOI_2_Vegas_img4264,AOI_2_Vegas,AOI_2_Vegas:-11520:3620,test,owlv2,area,fixed,1.8,0.25,1,3,7,5,0.0,owlv2
AOI_2_Vegas_img4264,AOI_2_Vegas,AOI_2_Vegas:-11520:3620,test,owlv2,area,fixed,2.4,0.25,2,8,7,8,0.0,owlv2
AOI_2_Vegas_img4264,AOI_2_Vegas,AOI_2_Vegas:-11520:3620,test,owlv2,area,fixed,3.6,0.25,0,6,7,10,0.2,owlv2
AOI_2_Vegas_img4264,AOI_2_Vegas,AOI_2_Vegas:-11520:3620,test,owlv2,area,fixed,5.0,0.25,0,0,7,0,0.0,owlv2
AOI_2_Vegas_img4264,AOI_2_Vegas,AOI_2_Vegas:-11520:3620,test,owlv2,area,fixed,10.0,0.25,0,0,7,1,0.0,owlv2
AOI_2_Vegas_img4266,AOI_2_Vegas,AOI_2_Vegas:-11520:3621,test,owlv2,area,fixed,0.3,0.25,0,1,0,0,0.0,owlv2
AOI_2_Vegas_img4266,AOI_2_Vegas,AOI_2_Vegas:-11520:3621,test,owlv2,area,fixed,0.45,0.25,0,0,0,0,0.0,owlv2
AOI_2_Vegas_img4266,AOI_2_Vegas,AOI_2_Vegas:-11520:3621,test,owlv2,area,fixed,0.6,0.25,0,0,0,0,0.0,owlv2
AOI_2_Vegas_img4266,AOI_2_Vegas,AOI_2_Vegas:-11520:3621,test,owlv2,area,fixed,0.9,0.25,0,0,0,0,0.0,owlv2
AOI_2_Vegas_img4266,AOI_2_Vegas,AOI_2_Vegas:-11520:3621,test,owlv2,area,fixed,1.2,0.25,0,0,0,0,0.0,owlv2
AOI_2_Vegas_img4266,AOI_2_Vegas,AOI_2_Vegas:-11520:3621,test,owlv2,area,fixed,1.8,0.25,0,0,0,0,0.0,owlv2
AOI_2_Vegas_img4266,AOI_2_Vegas,AOI_2_Vegas:-11520:3621,test,owlv2,area,fixed,2.4,0.25,0,0,0,0,0.0,owlv2
AOI_2_Vegas_img4266,AOI_2_Vegas,AOI_2_Vegas:-11520:3621,test,owlv2,area,fixed,3.6,0.25,0,0,0,0,0.0,owlv2
AOI_2_Vegas_img4266,AOI_2_Vegas,AOI_2_Vegas:-11520:3621,test,owlv2,area,fixed,5.0,0.25,0,0,0,1,0.0,owlv2
AOI_2_Vegas_img4266,AOI_2_Vegas,AOI_2_Vegas:-11520:3621,test,owlv2,area,fixed,10.0,0.25,0,0,0,0,0.0,owlv2
AOI_2_Vegas_img4279,AOI_2_Vegas,AOI_2_Vegas:-11520:3623,test,owlv2,area,fixed,0.3,0.25,52,333,58,63,24.15,owlv2
AOI_2_Vegas_img4279,AOI_2_Vegas,AOI_2_Vegas:-11520:3623,test,owlv2,area,fixed,0.45,0.25,46,194,58,51,17.9,owlv2
AOI_2_Vegas_img4279,AOI_2_Vegas,AOI_2_Vegas:-11520:3623,test,owlv2,area,fixed,0.6,0.25,46,161,58,41,18.15,owlv2
AOI_2_Vegas_img4279,AOI_2_Vegas,AOI_2_Vegas:-11520:3623,test,owlv2,area,fixed,0.9,0.25,37,72,58,27,11.95,owlv2
AOI_2_Vegas_img4279,AOI_2_Vegas,AOI_2_Vegas:-11520:3623,test,owlv2,area,fixed,1.2,0.25,32,68,58,33,12.0,owlv2
AOI_2_Vegas_img4279,AOI_2_Vegas,AOI_2_Vegas:-11520:3623,test,owlv2,area,fixed,1.8,0.25,25,41,58,33,7.7,owlv2
AOI_2_Vegas_img4279,AOI_2_Vegas,AOI_2_Vegas:-11520:3623,test,owlv2,area,fixed,2.4,0.25,23,35,58,19,6.65,owlv2
AOI_2_Vegas_img4279,AOI_2_Vegas,AOI_2_Vegas:-11520:3623,test,owlv2,area,fixed,3.6,0.25,6,6,58,14,1.55,owlv2
AOI_2_Vegas_img4279,AOI_2_Vegas,AOI_2_Vegas:-11520:3623,test,owlv2,area,fixed,5.0,0.25,0,0,58,0,0.0,owlv2
AOI_2_Vegas_img4279,AOI_2_Vegas,AOI_2_Vegas:-11520:3623,test,owlv2,area,fixed,10.0,0.25,0,0,58,0,0.0,owlv2
AOI_2_Vegas_img4287,AOI_2_Vegas,AOI_2_Vegas:-11520:3625,test,owlv2,area,fixed,0.3,0.25,48,318,56,53,26.0,owlv2
AOI_2_Vegas_img4287,AOI_2_Vegas,AOI_2_Vegas:-11520:3625,test,owlv2,area,fixed,0.45,0.25,42,211,56,50,23.8,owlv2
AOI_2_Vegas_img4287,AOI_2_Vegas,AOI_2_Vegas:-11520:3625,test,owlv2,area,fixed,0.6,0.25,41,167,56,44,22.9,owlv2
AOI_2_Vegas_img4287,AOI_2_Vegas,AOI_2_Vegas:-11520:3625,test,owlv2,area,fixed,0.9,0.25,37,73,56,14,16.3,owlv2
AOI_2_Vegas_img4287,AOI_2_Vegas,AOI_2_Vegas:-11520:3625,test,owlv2,area,fixed,1.2,0.25,26,45,56,16,11.25,owlv2
AOI_2_Vegas_img4287,AOI_2_Vegas,AOI_2_Vegas:-11520:3625,test,owlv2,area,fixed,1.8,0.25,19,32,56,20,8.15,owlv2
AOI_2_Vegas_img4287,AOI_2_Vegas,AOI_2_Vegas:-11520:3625,test,owlv2,area,fixed,2.4,0.25,10,11,56,5,3.5,owlv2
AOI_2_Vegas_img4287,AOI_2_Vegas,AOI_2_Vegas:-11520:3625,test,owlv2,area,fixed,3.6,0.25,0,0,56,5,0.0,owlv2
AOI_2_Vegas_img4287,AOI_2_Vegas,AOI_2_Vegas:-11520:3625,test,owlv2,area,fixed,5.0,0.25,0,0,56,1,0.0,owlv2
AOI_2_Vegas_img4287,AOI_2_Vegas,AOI_2_Vegas:-11520:3625,test,owlv2,area,fixed,10.0,0.25,0,0,56,0,0.0,owlv2
AOI_2_Vegas_img4316,AOI_2_Vegas,AOI_2_Vegas:-11520:3616,test,owlv2,area,fixed,0.3,0.25,46,334,57,57,20.1,owlv2
AOI_2_Vegas_img4316,AOI_2_Vegas,AOI_2_Vegas:-11520:3616,test,owlv2,area,fixed,0.45,0.25,39,201,57,53,16.35,owlv2
AOI_2_Vegas_img4316,AOI_2_Vegas,AOI_2_Vegas:-11520:3616,test,owlv2,area,fixed,0.6,0.25,35,123,57,45,13.75,owlv2
AOI_2_Vegas_img4316,AOI_2_Vegas,AOI_2_Vegas:-11520:3616,test,owlv2,area,fixed,0.9,0.25,31,58,57,33,8.65,owlv2
AOI_2_Vegas_img4316,AOI_2_Vegas,AOI_2_Vegas:-11520:3616,test,owlv2,area,fixed,1.2,0.25,30,78,57,37,11.85,owlv2
AOI_2_Vegas_img4316,AOI_2_Vegas,AOI_2_Vegas:-11520:3616,test,owlv2,area,fixed,1.8,0.25,25,42,57,16,6.35,owlv2
AOI_2_Vegas_img4316,AOI_2_Vegas,AOI_2_Vegas:-11520:3616,test,owlv2,area,fixed,2.4,0.25,15,19,57,11,3.15,owlv2
AOI_2_Vegas_img4316,AOI_2_Vegas,AOI_2_Vegas:-11520:3616,test,owlv2,area,fixed,3.6,0.25,0,0,57,0,0.0,owlv2
AOI_2_Vegas_img4316,AOI_2_Vegas,AOI_2_Vegas:-11520:3616,test,owlv2,area,fixed,5.0,0.25,0,0,57,0,0.0,owlv2
AOI_2_Vegas_img4316,AOI_2_Vegas,AOI_2_Vegas:-11520:3616,test,owlv2,area,fixed,10.0,0.25,0,0,57,0,0.0,owlv2
AOI_2_Vegas_img4325,AOI_2_Vegas,AOI_2_Vegas:-11520:3617,test,owlv2,area,fixed,0.3,0.25,47,243,57,42,26.3,owlv2
AOI_2_Vegas_img4325,AOI_2_Vegas,AOI_2_Vegas:-11520:3617,test,owlv2,area,fixed,0.45,0.25,39,139,57,44,20.7,owlv2
AOI_2_Vegas_img4325,AOI_2_Vegas,AOI_2_Vegas:-11520:3617,test,owlv2,area,fixed,0.6,0.25,37,114,57,40,18.9,owlv2
AOI_2_Vegas_img4325,AOI_2_Vegas,AOI_2_Vegas:-11520:3617,test,owlv2,area,fixed,0.9,0.25,35,71,57,30,14.45,owlv2
AOI_2_Vegas_img4325,AOI_2_Vegas,AOI_2_Vegas:-11520:3617,test,owlv2,area,fixed,1.2,0.25,30,55,57,35,11.85,owlv2
AOI_2_Vegas_img4325,AOI_2_Vegas,AOI_2_Vegas:-11520:3617,test,owlv2,area,fixed,1.8,0.25,25,53,57,35,12.1,owlv2
AOI_2_Vegas_img4325,AOI_2_Vegas,AOI_2_Vegas:-11520:3617,test,owlv2,area,fixed,2.4,0.25,13,21,57,31,6.45,owlv2
AOI_2_Vegas_img4325,AOI_2_Vegas,AOI_2_Vegas:-11520:3617,test,owlv2,area,fixed,3.6,0.25,0,0,57,3,0.0,owlv2
AOI_2_Vegas_img4325,AOI_2_Vegas,AOI_2_Vegas:-11520:3617,test,owlv2,area,fixed,5.0,0.25,0,0,57,0,0.0,owlv2
AOI_2_Vegas_img4325,AOI_2_Vegas,AOI_2_Vegas:-11520:3617,test,owlv2,area,fixed,10.0,0.25,0,0,57,0,0.0,owlv2
AOI_2_Vegas_img4329,AOI_2_Vegas,AOI_2_Vegas:-11520:3618,test,owlv2,area,fixed,0.3,0.25,0,6,0,0,0.0,owlv2
AOI_2_Vegas_img4329,AOI_2_Vegas,AOI_2_Vegas:-11520:3618,test,owlv2,area,fixed,0.45,0.25,0,3,0,0,0.0,owlv2
AOI_2_Vegas_img4329,AOI_2_Vegas,AOI_2_Vegas:-11520:3618,test,owlv2,area,fixed,0.6,0.25,0,2,0,0,0.0,owlv2
AOI_2_Vegas_img4329,AOI_2_Vegas,AOI_2_Vegas:-11520:3618,test,owlv2,area,fixed,0.9,0.25,0,0,0,0,0.0,owlv2
AOI_2_Vegas_img4329,AOI_2_Vegas,AOI_2_Vegas:-11520:3618,test,owlv2,area,fixed,1.2,0.25,0,0,0,0,0.0,owlv2
AOI_2_Vegas_img4329,AOI_2_Vegas,AOI_2_Vegas:-11520:3618,test,owlv2,area,fixed,1.8,0.25,0,0,0,0,0.0,owlv2
AOI_2_Vegas_img4329,AOI_2_Vegas,AOI_2_Vegas:-11520:3618,test,owlv2,area,fixed,2.4,0.25,0,0,0,0,0.0,owlv2
AOI_2_Vegas_img4329,AOI_2_Vegas,AOI_2_Vegas:-11520:3618,test,owlv2,area,fixed,3.6,0.25,0,0,0,0,0.0,owlv2
AOI_2_Vegas_img4329,AOI_2_Vegas,AOI_2_Vegas:-11520:3618,test,owlv2,area,fixed,5.0,0.25,0,0,0,0,0.0,owlv2
AOI_2_Vegas_img4329,AOI_2_Vegas,AOI_2_Vegas:-11520:3618,test,owlv2,area,fixed,10.0,0.25,0,0,0,0,0.0,owlv2
AOI_2_Vegas_img4331,AOI_2_Vegas,AOI_2_Vegas:-11520:3618,test,owlv2,area,fixed,0.3,0.25,16,89,23,48,4.4,owlv2
AOI_2_Vegas_img4331,AOI_2_Vegas,AOI_2_Vegas:-11520:3618,test,owlv2,area,fixed,0.45,0.25,13,63,23,45,5.15,owlv2
AOI_2_Vegas_img4331,AOI_2_Vegas,AOI_2_Vegas:-11520:3618,test,owlv2,area,fixed,0.6,0.25,13,53,23,38,3.25,owlv2
AOI_2_Vegas_img4331,AOI_2_Vegas,AOI_2_Vegas:-11520:3618,test,owlv2,area,fixed,0.9,0.25,8,32,23,39,3.5,owlv2
AOI_2_Vegas_img4331,AOI_2_Vegas,AOI_2_Vegas:-11520:3618,test,owlv2,area,fixed,1.2,0.25,8,46,23,41,4.1,owlv2
AOI_2_Vegas_img4331,AOI_2_Vegas,AOI_2_Vegas:-11520:3618,test,owlv2,area,fixed,1.8,0.25,7,34,23,34,4.0,owlv2
AOI_2_Vegas_img4331,AOI_2_Vegas,AOI_2_Vegas:-11520:3618,test,owlv2,area,fixed,2.4,0.25,7,34,23,35,4.2,owlv2
AOI_2_Vegas_img4331,AOI_2_Vegas,AOI_2_Vegas:-11520:3618,test,owlv2,area,fixed,3.6,0.25,2,15,23,34,2.0,owlv2
AOI_2_Vegas_img4331,AOI_2_Vegas,AOI_2_Vegas:-11520:3618,test,owlv2,area,fixed,5.0,0.25,0,0,23,15,0.0,owlv2
AOI_2_Vegas_img4331,AOI_2_Vegas,AOI_2_Vegas:-11520:3618,test,owlv2,area,fixed,10.0,0.25,0,0,23,0,0.0,owlv2
AOI_2_Vegas_img4337,AOI_2_Vegas,AOI_2_Vegas:-11520:3619,test,owlv2,area,fixed,0.3,0.25,19,196,25,56,5.6,owlv2
AOI_2_Vegas_img4337,AOI_2_Vegas,AOI_2_Vegas:-11520:3619,test,owlv2,area,fixed,0.45,0.25,14,98,25,38,4.3,owlv2
AOI_2_Vegas_img4337,AOI_2_Vegas,AOI_2_Vegas:-11520:3619,test,owlv2,area,fixed,0.6,0.25,17,104,25,45,3.75,owlv2
AOI_2_Vegas_img4337,AOI_2_Vegas,AOI_2_Vegas:-11520:3619,test,owlv2,area,fixed,0.9,0.25,12,61,25,33,3.1,owlv2
AOI_2_Vegas_img4337,AOI_2_Vegas,AOI_2_Vegas:-11520:3619,test,owlv2,area,fixed,1.2,0.25,12,48,25,24,3.75,owlv2
AOI_2_Vegas_img4337,AOI_2_Vegas,AOI_2_Vegas:-11520:3619,test,owlv2,area,fixed,1.8,0.25,12,37,25,36,3.2,owlv2
AOI_2_Vegas_img4337,AOI_2_Vegas,AOI_2_Vegas:-11520:3619,test,owlv2,area,fixed,2.4,0.25,12,25,25,36,2.45,owlv2
AOI_2_Vegas_img4337,AOI_2_Vegas,AOI_2_Vegas:-11520:3619,test,owlv2,area,fixed,3.6,0.25,10,12,25,24,1.0,owlv2
AOI_2_Vegas_img4337,AOI_2_Vegas,AOI_2_Vegas:-11520:3619,test,owlv2,area,fixed,5.0,0.25,0,0,25,1,0.0,owlv2
AOI_2_Vegas_img4337,AOI_2_Vegas,AOI_2_Vegas:-11520:3619,test,owlv2,area,fixed,10.0,0.25,0,0,25,0,0.0,owlv2
AOI_2_Vegas_img4353,AOI_2_Vegas,AOI_2_Vegas:-11520:3622,test,owlv2,area,fixed,0.3,0.25,21,150,23,39,8.2,owlv2
AOI_2_Vegas_img4353,AOI_2_Vegas,AOI_2_Vegas:-11520:3622,test,owlv2,area,fixed,0.45,0.25,17,94,23,37,6.3,owlv2
AOI_2_Vegas_img4353,AOI_2_Vegas,AOI_2_Vegas:-11520:3622,test,owlv2,area,fixed,0.6,0.25,17,84,23,34,5.55,owlv2
AOI_2_Vegas_img4353,AOI_2_Vegas,AOI_2_Vegas:-11520:3622,test,owlv2,area,fixed,0.9,0.25,14,52,23,27,4.4,owlv2
AOI_2_Vegas_img4353,AOI_2_Vegas,AOI_2_Vegas:-11520:3622,test,owlv2,area,fixed,1.2,0.25,14,40,23,28,4.3,owlv2
AOI_2_Vegas_img4353,AOI_2_Vegas,AOI_2_Vegas:-11520:3622,test,owlv2,area,fixed,1.8,0.25,13,20,23,31,2.45,owlv2
AOI_2_Vegas_img4353,AOI_2_Vegas,AOI_2_Vegas:-11520:3622,test,owlv2,area,fixed,2.4,0.25,11,20,23,28,2.8,owlv2
AOI_2_Vegas_img4353,AOI_2_Vegas,AOI_2_Vegas:-11520:3622,test,owlv2,area,fixed,3.6,0.25,0,0,23,6,0.0,owlv2
AOI_2_Vegas_img4353,AOI_2_Vegas,AOI_2_Vegas:-11520:3622,test,owlv2,area,fixed,5.0,0.25,0,0,23,1,0.0,owlv2
AOI_2_Vegas_img4353,AOI_2_Vegas,AOI_2_Vegas:-11520:3622,test,owlv2,area,fixed,10.0,0.25,0,0,23,4,0.0,owlv2
AOI_2_Vegas_img4369,AOI_2_Vegas,AOI_2_Vegas:-11520:3625,test,owlv2,area,fixed,0.3,0.25,36,141,45,43,14.8,owlv2
AOI_2_Vegas_img4369,AOI_2_Vegas,AOI_2_Vegas:-11520:3625,test,owlv2,area,fixed,0.45,0.25,35,125,45,44,12.7,owlv2
AOI_2_Vegas_img4369,AOI_2_Vegas,AOI_2_Vegas:-11520:3625,test,owlv2,area,fixed,0.6,0.25,35,109,45,47,13.65,owlv2
AOI_2_Vegas_img4369,AOI_2_Vegas,AOI_2_Vegas:-11520:3625,test,owlv2,area,fixed,0.9,0.25,31,62,45,36,9.75,owlv2
AOI_2_Vegas_img4369,AOI_2_Vegas,AOI_2_Vegas:-11520:3625,test,owlv2,area,fixed,1.2,0.25,30,52,45,33,8.1,owlv2
AOI_2_Vegas_img4369,AOI_2_Vegas,AOI_2_Vegas:-11520:3625,test,owlv2,area,fixed,1.8,0.25,27,38,45,28,6.5,owlv2
AOI_2_Vegas_img4369,AOI_2_Vegas,AOI_2_Vegas:-11520:3625,test,owlv2,area,fixed,2.4,0.25,22,29,45,7,5.25,owlv2
AOI_2_Vegas_img4369,AOI_2_Vegas,AOI_2_Vegas:-11520:3625,test,owlv2,area,fixed,3.6,0.25,0,0,45,1,0.0,owlv2
AOI_2_Vegas_img4369,AOI_2_Vegas,AOI_2_Vegas:-11520:3625,test,owlv2,area,fixed,5.0,0.25,0,0,45,0,0.0,owlv2
AOI_2_Vegas_img4369,AOI_2_Vegas,AOI_2_Vegas:-11520:3625,test,owlv2,area,fixed,10.0,0.25,0,0,45,0,0.0,owlv2
AOI_2_Vegas_img4402,AOI_2_Vegas,AOI_2_Vegas:-11520:3617,test,owlv2,area,fixed,0.3,0.25,0,11,0,5,0.0,owlv2
AOI_2_Vegas_img4402,AOI_2_Vegas,AOI_2_Vegas:-11520:3617,test,owlv2,area,fixed,0.45,0.25,0,0,0,2,0.0,owlv2
AOI_2_Vegas_img4402,AOI_2_Vegas,AOI_2_Vegas:-11520:3617,test,owlv2,area,fixed,0.6,0.25,0,0,0,2,0.0,owlv2
AOI_2_Vegas_img4402,AOI_2_Vegas,AOI_2_Vegas:-11520:3617,test,owlv2,area,fixed,0.9,0.25,0,0,0,1,0.0,owlv2
AOI_2_Vegas_img4402,AOI_2_Vegas,AOI_2_Vegas:-11520:3617,test,owlv2,area,fixed,1.2,0.25,0,0,0,1,0.0,owlv2
AOI_2_Vegas_img4402,AOI_2_Vegas,AOI_2_Vegas:-11520:3617,test,owlv2,area,fixed,1.8,0.25,0,2,0,2,0.0,owlv2
AOI_2_Vegas_img4402,AOI_2_Vegas,AOI_2_Vegas:-11520:3617,test,owlv2,area,fixed,2.4,0.25,0,2,0,1,0.0,owlv2
AOI_2_Vegas_img4402,AOI_2_Vegas,AOI_2_Vegas:-11520:3617,test,owlv2,area,fixed,3.6,0.25,0,0,0,4,0.0,owlv2
AOI_2_Vegas_img4402,AOI_2_Vegas,AOI_2_Vegas:-11520:3617,test,owlv2,area,fixed,5.0,0.25,0,0,0,4,0.0,owlv2
AOI_2_Vegas_img4402,AOI_2_Vegas,AOI_2_Vegas:-11520:3617,test,owlv2,area,fixed,10.0,0.25,0,0,0,0,0.0,owlv2
AOI_2_Vegas_img4447,AOI_2_Vegas,AOI_2_Vegas:-11520:3625,test,owlv2,area,fixed,0.3,0.25,13,144,15,44,3.25,owlv2
AOI_2_Vegas_img4447,AOI_2_Vegas,AOI_2_Vegas:-11520:3625,test,owlv2,area,fixed,0.45,0.25,14,100,15,38,2.35,owlv2
AOI_2_Vegas_img4447,AOI_2_Vegas,AOI_2_Vegas:-11520:3625,test,owlv2,area,fixed,0.6,0.25,14,76,15,37,2.4,owlv2
AOI_2_Vegas_img4447,AOI_2_Vegas,AOI_2_Vegas:-11520:3625,test,owlv2,area,fixed,0.9,0.25,10,30,15,36,1.4,owlv2
AOI_2_Vegas_img4447,AOI_2_Vegas,AOI_2_Vegas:-11520:3625,test,owlv2,area,fixed,1.2,0.25,12,30,15,36,1.35,owlv2
AOI_2_Vegas_img4447,AOI_2_Vegas,AOI_2_Vegas:-11520:3625,test,owlv2,area,fixed,1.8,0.25,9,25,15,31,1.25,owlv2
AOI_2_Vegas_img4447,AOI_2_Vegas,AOI_2_Vegas:-11520:3625,test,owlv2,area,fixed,2.4,0.25,6,14,15,30,0.75,owlv2
AOI_2_Vegas_img4447,AOI_2_Vegas,AOI_2_Vegas:-11520:3625,test,owlv2,area,fixed,3.6,0.25,0,0,15,6,0.0,owlv2
AOI_2_Vegas_img4447,AOI_2_Vegas,AOI_2_Vegas:-11520:3625,test,owlv2,area,fixed,5.0,0.25,0,0,15,2,0.0,owlv2
AOI_2_Vegas_img4447,AOI_2_Vegas,AOI_2_Vegas:-11520:3625,test,owlv2,area,fixed,10.0,0.25,0,0,15,4,0.0,owlv2
AOI_2_Vegas_img4468,AOI_2_Vegas,AOI_2_Vegas:-11520:3615,test,owlv2,area,fixed,0.3,0.25,27,180,28,53,11.5,owlv2
AOI_2_Vegas_img4468,AOI_2_Vegas,AOI_2_Vegas:-11520:3615,test,owlv2,area,fixed,0.45,0.25,25,109,28,35,8.6,owlv2
AOI_2_Vegas_img4468,AOI_2_Vegas,AOI_2_Vegas:-11520:3615,test,owlv2,area,fixed,0.6,0.25,25,118,28,36,10.75,owlv2
AOI_2_Vegas_img4468,AOI_2_Vegas,AOI_2_Vegas:-11520:3615,test,owlv2,area,fixed,0.9,0.25,20,86,28,37,8.7,owlv2
AOI_2_Vegas_img4468,AOI_2_Vegas,AOI_2_Vegas:-11520:3615,test,owlv2,area,fixed,1.2,0.25,18,69,28,41,8.3,owlv2
AOI_2_Vegas_img4468,AOI_2_Vegas,AOI_2_Vegas:-11520:3615,test,owlv2,area,fixed,1.8,0.25,19,60,28,45,7.35,owlv2
AOI_2_Vegas_img4468,AOI_2_Vegas,AOI_2_Vegas:-11520:3615,test,owlv2,area,fixed,2.4,0.25,17,45,28,34,6.05,owlv2
AOI_2_Vegas_img4468,AOI_2_Vegas,AOI_2_Vegas:-11520:3615,test,owlv2,area,fixed,3.6,0.25,0,0,28,5,0.0,owlv2
AOI_2_Vegas_img4468,AOI_2_Vegas,AOI_2_Vegas:-11520:3615,test,owlv2,area,fixed,5.0,0.25,0,0,28,1,0.0,owlv2
AOI_2_Vegas_img4468,AOI_2_Vegas,AOI_2_Vegas:-11520:3615,test,owlv2,area,fixed,10.0,0.25,0,0,28,0,0.0,owlv2
AOI_2_Vegas_img4470,AOI_2_Vegas,AOI_2_Vegas:-11520:3615,test,owlv2,area,fixed,0.3,0.25,15,136,20,51,3.65,owlv2
AOI_2_Vegas_img4470,AOI_2_Vegas,AOI_2_Vegas:-11520:3615,test,owlv2,area,fixed,0.45,0.25,13,67,20,40,2.55,owlv2
AOI_2_Vegas_img4470,AOI_2_Vegas,AOI_2_Vegas:-11520:3615,test,owlv2,area,fixed,0.6,0.25,11,42,20,34,1.5,owlv2
AOI_2_Vegas_img4470,AOI_2_Vegas,AOI_2_Vegas:-11520:3615,test,owlv2,area,fixed,0.9,0.25,6,20,20,28,1.05,owlv2
AOI_2_Vegas_img4470,AOI_2_Vegas,AOI_2_Vegas:-11520:3615,test,owlv2,area,fixed,1.2,0.25,5,14,20,27,0.95,owlv2
AOI_2_Vegas_img4470,AOI_2_Vegas,AOI_2_Vegas:-11520:3615,test,owlv2,area,fixed,1.8,0.25,2,7,20,25,0.35,owlv2
AOI_2_Vegas_img4470,AOI_2_Vegas,AOI_2_Vegas:-11520:3615,test,owlv2,area,fixed,2.4,0.25,2,4,20,30,0.25,owlv2
AOI_2_Vegas_img4470,AOI_2_Vegas,AOI_2_Vegas:-11520:3615,test,owlv2,area,fixed,3.6,0.25,0,0,20,11,0.0,owlv2
AOI_2_Vegas_img4470,AOI_2_Vegas,AOI_2_Vegas:-11520:3615,test,owlv2,area,fixed,5.0,0.25,0,0,20,3,0.0,owlv2
AOI_2_Vegas_img4470,AOI_2_Vegas,AOI_2_Vegas:-11520:3615,test,owlv2,area,fixed,10.0,0.25,0,0,20,8,0.0,owlv2
AOI_2_Vegas_img4479,AOI_2_Vegas,AOI_2_Vegas:-11520:3617,test,owlv2,area,fixed,0.3,0.25,3,84,3,40,0.9,owlv2
AOI_2_Vegas_img4479,AOI_2_Vegas,AOI_2_Vegas:-11520:3617,test,owlv2,area,fixed,0.45,0.25,3,26,3,22,0.3,owlv2
AOI_2_Vegas_img4479,AOI_2_Vegas,AOI_2_Vegas:-11520:3617,test,owlv2,area,fixed,0.6,0.25,2,23,3,25,0.25,owlv2
AOI_2_Vegas_img4479,AOI_2_Vegas,AOI_2_Vegas:-11520:3617,test,owlv2,area,fixed,0.9,0.25,2,15,3,12,0.25,owlv2
AOI_2_Vegas_img4479,AOI_2_Vegas,AOI_2_Vegas:-11520:3617,test,owlv2,area,fixed,1.2,0.25,1,11,3,10,0.15,owlv2
AOI_2_Vegas_img4479,AOI_2_Vegas,AOI_2_Vegas:-11520:3617,test,owlv2,area,fixed,1.8,0.25,0,3,3,5,0.05,owlv2
AOI_2_Vegas_img4479,AOI_2_Vegas,AOI_2_Vegas:-11520:3617,test,owlv2,area,fixed,2.4,0.25,0,8,3,10,0.1,owlv2
AOI_2_Vegas_img4479,AOI_2_Vegas,AOI_2_Vegas:-11520:3617,test,owlv2,area,fixed,3.6,0.25,0,0,3,6,0.0,owlv2
AOI_2_Vegas_img4479,AOI_2_Vegas,AOI_2_Vegas:-11520:3617,test,owlv2,area,fixed,5.0,0.25,0,0,3,1,0.0,owlv2
AOI_2_Vegas_img4479,AOI_2_Vegas,AOI_2_Vegas:-11520:3617,test,owlv2,area,fixed,10.0,0.25,0,0,3,0,0.0,owlv2
AOI_2_Vegas_img4488,AOI_2_Vegas,AOI_2_Vegas:-11520:3618,test,owlv2,area,fixed,0.3,0.25,0,4,0,0,0.0,owlv2
AOI_2_Vegas_img4488,AOI_2_Vegas,AOI_2_Vegas:-11520:3618,test,owlv2,area,fixed,0.45,0.25,0,3,0,0,0.0,owlv2
AOI_2_Vegas_img4488,AOI_2_Vegas,AOI_2_Vegas:-11520:3618,test,owlv2,area,fixed,0.6,0.25,0,3,0,0,0.0,owlv2
AOI_2_Vegas_img4488,AOI_2_Vegas,AOI_2_Vegas:-11520:3618,test,owlv2,area,fixed,0.9,0.25,0,0,0,0,0.0,owlv2
AOI_2_Vegas_img4488,AOI_2_Vegas,AOI_2_Vegas:-11520:3618,test,owlv2,area,fixed,1.2,0.25,0,0,0,0,0.0,owlv2
AOI_2_Vegas_img4488,AOI_2_Vegas,AOI_2_Vegas:-11520:3618,test,owlv2,area,fixed,1.8,0.25,0,0,0,0,0.0,owlv2
AOI_2_Vegas_img4488,AOI_2_Vegas,AOI_2_Vegas:-11520:3618,test,owlv2,area,fixed,2.4,0.25,0,0,0,0,0.0,owlv2
AOI_2_Vegas_img4488,AOI_2_Vegas,AOI_2_Vegas:-11520:3618,test,owlv2,area,fixed,3.6,0.25,0,0,0,0,0.0,owlv2
AOI_2_Vegas_img4488,AOI_2_Vegas,AOI_2_Vegas:-11520:3618,test,owlv2,area,fixed,5.0,0.25,0,0,0,0,0.0,owlv2
AOI_2_Vegas_img4488,AOI_2_Vegas,AOI_2_Vegas:-11520:3618,test,owlv2,area,fixed,10.0,0.25,0,0,0,0,0.0,owlv2
AOI_2_Vegas_img4518,AOI_2_Vegas,AOI_2_Vegas:-11520:3623,test,owlv2,area,fixed,0.3,0.25,9,39,12,29,1.3,owlv2
AOI_2_Vegas_img4518,AOI_2_Vegas,AOI_2_Vegas:-11520:3623,test,owlv2,area,fixed,0.45,0.25,8,20,12,18,1.1,owlv2
AOI_2_Vegas_img4518,AOI_2_Vegas,AOI_2_Vegas:-11520:3623,test,owlv2,area,fixed,0.6,0.25,7,18,12,18,1.0,owlv2
AOI_2_Vegas_img4518,AOI_2_Vegas,AOI_2_Vegas:-11520:3623,test,owlv2,area,fixed,0.9,0.25,6,10,12,9,0.65,owlv2
AOI_2_Vegas_img4518,AOI_2_Vegas,AOI_2_Vegas:-11520:3623,test,owlv2,area,fixed,1.2,0.25,6,9,12,10,0.45,owlv2
AOI_2_Vegas_img4518,AOI_2_Vegas,AOI_2_Vegas:-11520:3623,test,owlv2,area,fixed,1.8,0.25,6,13,12,11,0.9,owlv2
AOI_2_Vegas_img4518,AOI_2_Vegas,AOI_2_Vegas:-11520:3623,test,owlv2,area,fixed,2.4,0.25,7,10,12,7,0.85,owlv2
AOI_2_Vegas_img4518,AOI_2_Vegas,AOI_2_Vegas:-11520:3623,test,owlv2,area,fixed,3.6,0.25,3,3,12,3,0.15,owlv2
AOI_2_Vegas_img4518,AOI_2_Vegas,AOI_2_Vegas:-11520:3623,test,owlv2,area,fixed,5.0,0.25,0,0,12,4,0.0,owlv2
AOI_2_Vegas_img4518,AOI_2_Vegas,AOI_2_Vegas:-11520:3623,test,owlv2,area,fixed,10.0,0.25,0,0,12,1,0.0,owlv2
AOI_2_Vegas_img4554,AOI_2_Vegas,AOI_2_Vegas:-11520:3616,test,owlv2,area,fixed,0.3,0.25,15,115,22,33,2.9,owlv2
AOI_2_Vegas_img4554,AOI_2_Vegas,AOI_2_Vegas:-11520:3616,test,owlv2,area,fixed,0.45,0.25,16,82,22,27,2.7,owlv2
AOI_2_Vegas_img4554,AOI_2_Vegas,AOI_2_Vegas:-11520:3616,test,owlv2,area,fixed,0.6,0.25,14,81,22,28,3.55,owlv2
AOI_2_Vegas_img4554,AOI_2_Vegas,AOI_2_Vegas:-11520:3616,test,owlv2,area,fixed,0.9,0.25,12,26,22,16,2.0,owlv2
AOI_2_Vegas_img4554,AOI_2_Vegas,AOI_2_Vegas:-11520:3616,test,owlv2,area,fixed,1.2,0.25,9,17,22,10,1.6,owlv2
AOI_2_Vegas_img4554,AOI_2_Vegas,AOI_2_Vegas:-11520:3616,test,owlv2,area,fixed,1.8,0.25,11,28,22,14,1.85,owlv2
AOI_2_Vegas_img4554,AOI_2_Vegas,AOI_2_Vegas:-11520:3616,test,owlv2,area,fixed,2.4,0.25,6,11,22,7,0.95,owlv2
AOI_2_Vegas_img4554,AOI_2_Vegas,AOI_2_Vegas:-11520:3616,test,owlv2,area,fixed,3.6,0.25,0,0,22,2,0.0,owlv2
AOI_2_Vegas_img4554,AOI_2_Vegas,AOI_2_Vegas:-11520:3616,test,owlv2,area,fixed,5.0,0.25,1,1,22,3,0.15,owlv2
AOI_2_Vegas_img4554,AOI_2_Vegas,AOI_2_Vegas:-11520:3616,test,owlv2,area,fixed,10.0,0.25,0,0,22,0,0.0,owlv2
AOI_2_Vegas_img4562,AOI_2_Vegas,AOI_2_Vegas:-11520:3617,test,owlv2,area,fixed,0.3,0.25,38,208,46,50,22.85,owlv2
AOI_2_Vegas_img4562,AOI_2_Vegas,AOI_2_Vegas:-11520:3617,test,owlv2,area,fixed,0.45,0.25,38,135,46,47,20.85,owlv2
AOI_2_Vegas_img4562,AOI_2_Vegas,AOI_2_Vegas:-11520:3617,test,owlv2,area,fixed,0.6,0.25,37,98,46,43,17.2,owlv2
AOI_2_Vegas_img4562,AOI_2_Vegas,AOI_2_Vegas:-11520:3617,test,owlv2,area,fixed,0.9,0.25,33,52,46,35,11.7,owlv2
AOI_2_Vegas_img4562,AOI_2_Vegas,AOI_2_Vegas:-11520:3617,test,owlv2,area,fixed,1.2,0.25,26,38,46,32,9.55,owlv2
AOI_2_Vegas_img4562,AOI_2_Vegas,AOI_2_Vegas:-11520:3617,test,owlv2,area,fixed,1.8,0.25,23,35,46,20,8.7,owlv2
AOI_2_Vegas_img4562,AOI_2_Vegas,AOI_2_Vegas:-11520:3617,test,owlv2,area,fixed,2.4,0.25,17,19,46,14,5.45,owlv2
AOI_2_Vegas_img4562,AOI_2_Vegas,AOI_2_Vegas:-11520:3617,test,owlv2,area,fixed,3.6,0.25,0,0,46,0,0.0,owlv2
AOI_2_Vegas_img4562,AOI_2_Vegas,AOI_2_Vegas:-11520:3617,test,owlv2,area,fixed,5.0,0.25,0,0,46,0,0.0,owlv2
AOI_2_Vegas_img4562,AOI_2_Vegas,AOI_2_Vegas:-11520:3617,test,owlv2,area,fixed,10.0,0.25,0,0,46,0,0.0,owlv2
AOI_2_Vegas_img458,AOI_2_Vegas,AOI_2_Vegas:-11530:3613,test,owlv2,area,fixed,0.3,0.25,41,246,56,100,22.1,owlv2
AOI_2_Vegas_img458,AOI_2_Vegas,AOI_2_Vegas:-11530:3613,test,owlv2,area,fixed,0.45,0.25,37,154,56,73,18.25,owlv2
AOI_2_Vegas_img458,AOI_2_Vegas,AOI_2_Vegas:-11530:3613,test,owlv2,area,fixed,0.6,0.25,35,134,56,68,16.55,owlv2
AOI_2_Vegas_img458,AOI_2_Vegas,AOI_2_Vegas:-11530:3613,test,owlv2,area,fixed,0.9,0.25,24,74,56,59,12.5,owlv2
AOI_2_Vegas_img458,AOI_2_Vegas,AOI_2_Vegas:-11530:3613,test,owlv2,area,fixed,1.2,0.25,20,64,56,68,10.6,owlv2
AOI_2_Vegas_img458,AOI_2_Vegas,AOI_2_Vegas:-11530:3613,test,owlv2,area,fixed,1.8,0.25,25,51,56,59,10.7,owlv2
AOI_2_Vegas_img458,AOI_2_Vegas,AOI_2_Vegas:-11530:3613,test,owlv2,area,fixed,2.4,0.25,12,17,56,47,4.5,owlv2
AOI_2_Vegas_img458,AOI_2_Vegas,AOI_2_Vegas:-11530:3613,test,owlv2,area,fixed,3.6,0.25,0,0,56,2,0.0,owlv2
AOI_2_Vegas_img458,AOI_2_Vegas,AOI_2_Vegas:-11530:3613,test,owlv2,area,fixed,5.0,0.25,0,0,56,1,0.0,owlv2
AOI_2_Vegas_img458,AOI_2_Vegas,AOI_2_Vegas:-11530:3613,test,owlv2,area,fixed,10.0,0.25,0,0,56,0,0.0,owlv2
AOI_2_Vegas_img4582,AOI_2_Vegas,AOI_2_Vegas:-11520:3621,test,owlv2,area,fixed,0.3,0.25,0,4,0,1,0.0,owlv2
AOI_2_Vegas_img4582,AOI_2_Vegas,AOI_2_Vegas:-11520:3621,test,owlv2,area,fixed,0.45,0.25,0,0,0,0,0.0,owlv2
AOI_2_Vegas_img4582,AOI_2_Vegas,AOI_2_Vegas:-11520:3621,test,owlv2,area,fixed,0.6,0.25,0,0,0,0,0.0,owlv2
AOI_2_Vegas_img4582,AOI_2_Vegas,AOI_2_Vegas:-11520:3621,test,owlv2,area,fixed,0.9,0.25,0,0,0,0,0.0,owlv2
AOI_2_Vegas_img4582,AOI_2_Vegas,AOI_2_Vegas:-11520:3621,test,owlv2,area,fixed,1.2,0.25,0,0,0,0,0.0,owlv2
AOI_2_Vegas_img4582,AOI_2_Vegas,AOI_2_Vegas:-11520:3621,test,owlv2,area,fixed,1.8,0.25,0,0,0,0,0.0,owlv2
AOI_2_Vegas_img4582,AOI_2_Vegas,AOI_2_Vegas:-11520:3621,test,owlv2,area,fixed,2.4,0.25,0,0,0,0,0.0,owlv2
AOI_2_Vegas_img4582,AOI_2_Vegas,AOI_2_Vegas:-11520:3621,test,owlv2,area,fixed,3.6,0.25,0,0,0,0,0.0,owlv2
AOI_2_Vegas_img4582,AOI_2_Vegas,AOI_2_Vegas:-11520:3621,test,owlv2,area,fixed,5.0,0.25,0,0,0,0,0.0,owlv2
AOI_2_Vegas_img4582,AOI_2_Vegas,AOI_2_Vegas:-11520:3621,test,owlv2,area,fixed,10.0,0.25,0,0,0,0,0.0,owlv2
AOI_2_Vegas_img460,AOI_2_Vegas,AOI_2_Vegas:-11530:3613,test,owlv2,area,fixed,0.3,0.25,39,206,50,46,20.8,owlv2
AOI_2_Vegas_img460,AOI_2_Vegas,AOI_2_Vegas:-11530:3613,test,owlv2,area,fixed,0.45,0.25,39,110,50,31,15.55,owlv2
AOI_2_Vegas_img460,AOI_2_Vegas,AOI_2_Vegas:-11530:3613,test,owlv2,area,fixed,0.6,0.25,38,94,50,32,14.1,owlv2
AOI_2_Vegas_img460,AOI_2_Vegas,AOI_2_Vegas:-11530:3613,test,owlv2,area,fixed,0.9,0.25,36,59,50,19,9.55,owlv2
AOI_2_Vegas_img460,AOI_2_Vegas,AOI_2_Vegas:-11530:3613,test,owlv2,area,fixed,1.2,0.25,33,53,50,15,10.2,owlv2
AOI_2_Vegas_img460,AOI_2_Vegas,AOI_2_Vegas:-11530:3613,test,owlv2,area,fixed,1.8,0.25,32,52,50,8,10.05,owlv2
AOI_2_Vegas_img460,AOI_2_Vegas,AOI_2_Vegas:-11530:3613,test,owlv2,area,fixed,2.4,0.25,27,30,50,4,7.0,owlv2
AOI_2_Vegas_img460,AOI_2_Vegas,AOI_2_Vegas:-11530:3613,test,owlv2,area,fixed,3.6,0.25,0,0,50,0,0.0,owlv2
AOI_2_Vegas_img460,AOI_2_Vegas,AOI_2_Vegas:-11530:3613,test,owlv2,area,fixed,5.0,0.25,0,0,50,1,0.0,owlv2
AOI_2_Vegas_img460,AOI_2_Vegas,AOI_2_Vegas:-11530:3613,test,owlv2,area,fixed,10.0,0.25,0,0,50,0,0.0,owlv2
AOI_2_Vegas_img4614,AOI_2_Vegas,AOI_2_Vegas:-11520:3613,test,owlv2,area,fixed,0.3,0.25,3,19,8,26,0.65,owlv2
AOI_2_Vegas_img4614,AOI_2_Vegas,AOI_2_Vegas:-11520:3613,test,owlv2,area,fixed,0.45,0.25,3,12,8,20,0.45,owlv2
AOI_2_Vegas_img4614,AOI_2_Vegas,AOI_2_Vegas:-11520:3613,test,owlv2,area,fixed,0.6,0.25,3,11,8,18,0.55,owlv2
AOI_2_Vegas_img4614,AOI_2_Vegas,AOI_2_Vegas:-11520:3613,test,owlv2,area,fixed,0.9,0.25,0,0,8,5,0.0,owlv2
AOI_2_Vegas_img4614,AOI_2_Vegas,AOI_2_Vegas:-11520:3613,test,owlv2,area,fixed,1.2,0.25,0,0,8,1,0.0,owlv2
AOI_2_Vegas_img4614,AOI_2_Vegas,AOI_2_Vegas:-11520:3613,test,owlv2,area,fixed,1.8,0.25,0,0,8,0,0.0,owlv2
AOI_2_Vegas_img4614,AOI_2_Vegas,AOI_2_Vegas:-11520:3613,test,owlv2,area,fixed,2.4,0.25,0,0,8,0,0.0,owlv2
AOI_2_Vegas_img4614,AOI_2_Vegas,AOI_2_Vegas:-11520:3613,test,owlv2,area,fixed,3.6,0.25,0,0,8,0,0.0,owlv2
AOI_2_Vegas_img4614,AOI_2_Vegas,AOI_2_Vegas:-11520:3613,test,owlv2,area,fixed,5.0,0.25,0,0,8,3,0.0,owlv2
AOI_2_Vegas_img4614,AOI_2_Vegas,AOI_2_Vegas:-11520:3613,test,owlv2,area,fixed,10.0,0.25,0,0,8,4,0.0,owlv2
AOI_2_Vegas_img4684,AOI_2_Vegas,AOI_2_Vegas:-11520:3625,test,owlv2,area,fixed,0.3,0.25,6,75,8,55,0.5,owlv2
AOI_2_Vegas_img4684,AOI_2_Vegas,AOI_2_Vegas:-11520:3625,test,owlv2,area,fixed,0.45,0.25,6,29,8,32,0.15,owlv2
AOI_2_Vegas_img4684,AOI_2_Vegas,AOI_2_Vegas:-11520:3625,test,owlv2,area,fixed,0.6,0.25,3,19,8,24,0.15,owlv2
AOI_2_Vegas_img4684,AOI_2_Vegas,AOI_2_Vegas:-11520:3625,test,owlv2,area,fixed,0.9,0.25,0,7,8,11,0.0,owlv2
AOI_2_Vegas_img4684,AOI_2_Vegas,AOI_2_Vegas:-11520:3625,test,owlv2,area,fixed,1.2,0.25,0,7,8,10,0.1,owlv2
AOI_2_Vegas_img4684,AOI_2_Vegas,AOI_2_Vegas:-11520:3625,test,owlv2,area,fixed,1.8,0.25,0,6,8,8,0.0,owlv2
AOI_2_Vegas_img4684,AOI_2_Vegas,AOI_2_Vegas:-11520:3625,test,owlv2,area,fixed,2.4,0.25,0,4,8,8,0.0,owlv2
AOI_2_Vegas_img4684,AOI_2_Vegas,AOI_2_Vegas:-11520:3625,test,owlv2,area,fixed,3.6,0.25,0,1,8,8,0.05,owlv2
AOI_2_Vegas_img4684,AOI_2_Vegas,AOI_2_Vegas:-11520:3625,test,owlv2,area,fixed,5.0,0.25,0,0,8,19,0.0,owlv2
AOI_2_Vegas_img4684,AOI_2_Vegas,AOI_2_Vegas:-11520:3625,test,owlv2,area,fixed,10.0,0.25,0,0,8,3,0.0,owlv2
AOI_2_Vegas_img4696,AOI_2_Vegas,AOI_2_Vegas:-11519:3613,test,owlv2,area,fixed,0.3,0.25,5,42,12,54,1.0,owlv2
AOI_2_Vegas_img4696,AOI_2_Vegas,AOI_2_Vegas:-11519:3613,test,owlv2,area,fixed,0.45,0.25,5,18,12,29,0.8,owlv2
AOI_2_Vegas_img4696,AOI_2_Vegas,AOI_2_Vegas:-11519:3613,test,owlv2,area,fixed,0.6,0.25,2,5,12,18,0.1,owlv2
AOI_2_Vegas_img4696,AOI_2_Vegas,AOI_2_Vegas:-11519:3613,test,owlv2,area,fixed,0.9,0.25,0,0,12,0,0.0,owlv2
AOI_2_Vegas_img4696,AOI_2_Vegas,AOI_2_Vegas:-11519:3613,test,owlv2,area,fixed,1.2,0.25,0,0,12,0,0.0,owlv2
AOI_2_Vegas_img4696,AOI_2_Vegas,AOI_2_Vegas:-11519:3613,test,owlv2,area,fixed,1.8,0.25,0,0,12,0,0.0,owlv2
AOI_2_Vegas_img4696,AOI_2_Vegas,AOI_2_Vegas:-11519:3613,test,owlv2,area,fixed,2.4,0.25,0,0,12,0,0.0,owlv2
AOI_2_Vegas_img4696,AOI_2_Vegas,AOI_2_Vegas:-11519:3613,test,owlv2,area,fixed,3.6,0.25,0,0,12,0,0.0,owlv2
AOI_2_Vegas_img4696,AOI_2_Vegas,AOI_2_Vegas:-11519:3613,test,owlv2,area,fixed,5.0,0.25,0,0,12,0,0.0,owlv2
AOI_2_Vegas_img4696,AOI_2_Vegas,AOI_2_Vegas:-11519:3613,test,owlv2,area,fixed,10.0,0.25,0,0,12,0,0.0,owlv2
AOI_2_Vegas_img4701,AOI_2_Vegas,AOI_2_Vegas:-11519:3614,test,owlv2,area,fixed,0.3,0.25,1,15,3,17,0.05,owlv2
AOI_2_Vegas_img4701,AOI_2_Vegas,AOI_2_Vegas:-11519:3614,test,owlv2,area,fixed,0.45,0.25,1,4,3,8,0.0,owlv2
AOI_2_Vegas_img4701,AOI_2_Vegas,AOI_2_Vegas:-11519:3614,test,owlv2,area,fixed,0.6,0.25,1,2,3,5,0.0,owlv2
AOI_2_Vegas_img4701,AOI_2_Vegas,AOI_2_Vegas:-11519:3614,test,owlv2,area,fixed,0.9,0.25,0,0,3,2,0.0,owlv2
AOI_2_Vegas_img4701,AOI_2_Vegas,AOI_2_Vegas:-11519:3614,test,owlv2,area,fixed,1.2,0.25,0,0,3,2,0.0,owlv2
AOI_2_Vegas_img4701,AOI_2_Vegas,AOI_2_Vegas:-11519:3614,test,owlv2,area,fixed,1.8,0.25,0,0,3,2,0.0,owlv2
AOI_2_Vegas_img4701,AOI_2_Vegas,AOI_2_Vegas:-11519:3614,test,owlv2,area,fixed,2.4,0.25,0,0,3,2,0.0,owlv2
AOI_2_Vegas_img4701,AOI_2_Vegas,AOI_2_Vegas:-11519:3614,test,owlv2,area,fixed,3.6,0.25,0,0,3,0,0.0,owlv2
AOI_2_Vegas_img4701,AOI_2_Vegas,AOI_2_Vegas:-11519:3614,test,owlv2,area,fixed,5.0,0.25,0,0,3,5,0.0,owlv2
AOI_2_Vegas_img4701,AOI_2_Vegas,AOI_2_Vegas:-11519:3614,test,owlv2,area,fixed,10.0,0.25,0,0,3,0,0.0,owlv2
AOI_2_Vegas_img4721,AOI_2_Vegas,AOI_2_Vegas:-11519:3618,test,owlv2,area,fixed,0.3,0.25,39,260,49,64,13.55,owlv2
AOI_2_Vegas_img4721,AOI_2_Vegas,AOI_2_Vegas:-11519:3618,test,owlv2,area,fixed,0.45,0.25,33,156,49,55,11.0,owlv2
AOI_2_Vegas_img4721,AOI_2_Vegas,AOI_2_Vegas:-11519:3618,test,owlv2,area,fixed,0.6,0.25,32,130,49,47,10.95,owlv2
AOI_2_Vegas_img4721,AOI_2_Vegas,AOI_2_Vegas:-11519:3618,test,owlv2,area,fixed,0.9,0.25,20,74,49,34,7.15,owlv2
AOI_2_Vegas_img4721,AOI_2_Vegas,AOI_2_Vegas:-11519:3618,test,owlv2,area,fixed,1.2,0.25,20,60,49,32,7.25,owlv2
AOI_2_Vegas_img4721,AOI_2_Vegas,AOI_2_Vegas:-11519:3618,test,owlv2,area,fixed,1.8,0.25,19,53,49,26,6.25,owlv2
AOI_2_Vegas_img4721,AOI_2_Vegas,AOI_2_Vegas:-11519:3618,test,owlv2,area,fixed,2.4,0.25,14,30,49,8,4.05,owlv2
AOI_2_Vegas_img4721,AOI_2_Vegas,AOI_2_Vegas:-11519:3618,test,owlv2,area,fixed,3.6,0.25,7,7,49,5,1.55,owlv2
AOI_2_Vegas_img4721,AOI_2_Vegas,AOI_2_Vegas:-11519:3618,test,owlv2,area,fixed,5.0,0.25,0,0,49,0,0.0,owlv2
AOI_2_Vegas_img4721,AOI_2_Vegas,AOI_2_Vegas:-11519:3618,test,owlv2,area,fixed,10.0,0.25,0,0,49,0,0.0,owlv2
AOI_2_Vegas_img4785,AOI_2_Vegas,AOI_2_Vegas:-11519:3615,test,owlv2,area,fixed,0.3,0.25,44,167,53,56,14.6,owlv2
AOI_2_Vegas_img4785,AOI_2_Vegas,AOI_2_Vegas:-11519:3615,test,owlv2,area,fixed,0.45,0.25,40,119,53,41,12.85,owlv2
AOI_2_Vegas_img4785,AOI_2_Vegas,AOI_2_Vegas:-11519:3615,test,owlv2,area,fixed,0.6,0.25,40,113,53,49,12.75,owlv2
AOI_2_Vegas_img4785,AOI_2_Vegas,AOI_2_Vegas:-11519:3615,test,owlv2,area,fixed,0.9,0.25,34,94,53,48,12.4,owlv2
AOI_2_Vegas_img4785,AOI_2_Vegas,AOI_2_Vegas:-11519:3615,test,owlv2,area,fixed,1.2,0.25,31,85,53,44,10.85,owlv2
AOI_2_Vegas_img4785,AOI_2_Vegas,AOI_2_Vegas:-11519:3615,test,owlv2,area,fixed,1.8,0.25,20,45,53,39,6.6,owlv2
AOI_2_Vegas_img4785,AOI_2_Vegas,AOI_2_Vegas:-11519:3615,test,owlv2,area,fixed,2.4,0.25,2,4,53,9,0.6,owlv2
AOI_2_Vegas_img4785,AOI_2_Vegas,AOI_2_Vegas:-11519:3615,test,owlv2,area,fixed,3.6,0.25,0,0,53,0,0.0,owlv2
AOI_2_Vegas_img4785,AOI_2_Vegas,AOI_2_Vegas:-11519:3615,test,owlv2,area,fixed,5.0,0.25,0,0,53,0,0.0,owlv2
AOI_2_Vegas_img4785,AOI_2_Vegas,AOI_2_Vegas:-11519:3615,test,owlv2,area,fixed,10.0,0.25,0,0,53,0,0.0,owlv2
AOI_2_Vegas_img4786,AOI_2_Vegas,AOI_2_Vegas:-11519:3615,test,owlv2,area,fixed,0.3,0.25,43,134,52,27,14.15,owlv2
AOI_2_Vegas_img4786,AOI_2_Vegas,AOI_2_Vegas:-11519:3615,test,owlv2,area,fixed,0.45,0.25,38,99,52,23,12.0,owlv2
AOI_2_Vegas_img4786,AOI_2_Vegas,AOI_2_Vegas:-11519:3615,test,owlv2,area,fixed,0.6,0.25,38,84,52,30,11.7,owlv2
AOI_2_Vegas_img4786,AOI_2_Vegas,AOI_2_Vegas:-11519:3615,test,owlv2,area,fixed,0.9,0.25,37,73,52,20,10.5,owlv2
AOI_2_Vegas_img4786,AOI_2_Vegas,AOI_2_Vegas:-11519:3615,test,owlv2,area,fixed,1.2,0.25,33,62,52,21,7.95,owlv2
AOI_2_Vegas_img4786,AOI_2_Vegas,AOI_2_Vegas:-11519:3615,test,owlv2,area,fixed,1.8,0.25,23,33,52,16,4.9,owlv2
AOI_2_Vegas_img4786,AOI_2_Vegas,AOI_2_Vegas:-11519:3615,test,owlv2,area,fixed,2.4,0.25,9,10,52,5,2.1,owlv2
AOI_2_Vegas_img4786,AOI_2_Vegas,AOI_2_Vegas:-11519:3615,test,owlv2,area,fixed,3.6,0.25,0,0,52,0,0.0,owlv2
AOI_2_Vegas_img4786,AOI_2_Vegas,AOI_2_Vegas:-11519:3615,test,owlv2,area,fixed,5.0,0.25,0,0,52,0,0.0,owlv2
AOI_2_Vegas_img4786,AOI_2_Vegas,AOI_2_Vegas:-11519:3615,test,owlv2,area,fixed,10.0,0.25,0,0,52,0,0.0,owlv2
AOI_2_Vegas_img4794,AOI_2_Vegas,AOI_2_Vegas:-11519:3616,test,owlv2,area,fixed,0.3,0.25,4,39,5,9,0.3,owlv2
AOI_2_Vegas_img4794,AOI_2_Vegas,AOI_2_Vegas:-11519:3616,test,owlv2,area,fixed,0.45,0.25,3,29,5,6,0.25,owlv2
AOI_2_Vegas_img4794,AOI_2_Vegas,AOI_2_Vegas:-11519:3616,test,owlv2,area,fixed,0.6,0.25,3,26,5,4,0.3,owlv2
AOI_2_Vegas_img4794,AOI_2_Vegas,AOI_2_Vegas:-11519:3616,test,owlv2,area,fixed,0.9,0.25,3,16,5,5,0.2,owlv2
AOI_2_Vegas_img4794,AOI_2_Vegas,AOI_2_Vegas:-11519:3616,test,owlv2,area,fixed,1.2,0.25,3,13,5,7,0.2,owlv2
AOI_2_Vegas_img4794,AOI_2_Vegas,AOI_2_Vegas:-11519:3616,test,owlv2,area,fixed,1.8,0.25,1,8,5,9,0.15,owlv2
AOI_2_Vegas_img4794,AOI_2_Vegas,AOI_2_Vegas:-11519:3616,test,owlv2,area,fixed,2.4,0.25,1,2,5,3,0.25,owlv2
AOI_2_Vegas_img4794,AOI_2_Vegas,AOI_2_Vegas:-11519:3616,test,owlv2,area,fixed,3.6,0.25,0,0,5,0,0.0,owlv2
AOI_2_Vegas_img4794,AOI_2_Vegas,AOI_2_Vegas:-11519:3616,test,owlv2,area,fixed,5.0,0.25,0,0,5,0,0.0,owlv2
AOI_2_Vegas_img4794,AOI_2_Vegas,AOI_2_Vegas:-11519:3616,test,owlv2,area,fixed,10.0,0.25,0,0,5,0,0.0,owlv2
AOI_2_Vegas_img4805,AOI_2_Vegas,AOI_2_Vegas:-11519:3618,test,owlv2,area,fixed,0.3,0.25,23,138,26,40,4.3,owlv2
AOI_2_Vegas_img4805,AOI_2_Vegas,AOI_2_Vegas:-11519:3618,test,owlv2,area,fixed,0.45,0.25,23,94,26,38,4.5,owlv2
AOI_2_Vegas_img4805,AOI_2_Vegas,AOI_2_Vegas:-11519:3618,test,owlv2,area,fixed,0.6,0.25,20,73,26,34,3.1,owlv2
AOI_2_Vegas_img4805,AOI_2_Vegas,AOI_2_Vegas:-11519:3618,test,owlv2,area,fixed,0.9,0.25,13,34,26,34,2.55,owlv2
AOI_2_Vegas_img4805,AOI_2_Vegas,AOI_2_Vegas:-11519:3618,test,owlv2,area,fixed,1.2,0.25,10,13,26,19,1.25,owlv2
AOI_2_Vegas_img4805,AOI_2_Vegas,AOI_2_Vegas:-11519:3618,test,owlv2,area,fixed,1.8,0.25,10,18,26,28,1.6,owlv2
AOI_2_Vegas_img4805,AOI_2_Vegas,AOI_2_Vegas:-11519:3618,test,owlv2,area,fixed,2.4,0.25,8,17,26,39,1.35,owlv2
AOI_2_Vegas_img4805,AOI_2_Vegas,AOI_2_Vegas:-11519:3618,test,owlv2,area,fixed,3.6,0.25,3,5,26,22,0.65,owlv2
AOI_2_Vegas_img4805,AOI_2_Vegas,AOI_2_Vegas:-11519:3618,test,owlv2,area,fixed,5.0,0.25,0,0,26,5,0.0,owlv2
AOI_2_Vegas_img4805,AOI_2_Vegas,AOI_2_Vegas:-11519:3618,test,owlv2,area,fixed,10.0,0.25,0,0,26,0,0.0,owlv2
