chip_id,city,block,split,detector,method,config,level,iou,matches,predictions,references,removed,chance_matches,label
AOI_2_Vegas_img1007,AOI_2_Vegas,AOI_2_Vegas:-11528:3618,test,owlv2,blur_resize,fixed,0.3,0.5,25,151,34,41,1.4,owlv2
AOI_2_Vegas_img1007,AOI_2_Vegas,AOI_2_Vegas:-11528:3618,test,owlv2,blur_resize,fixed,0.45,0.5,19,71,34,46,1.2,owlv2
AOI_2_Vegas_img1007,AOI_2_Vegas,AOI_2_Vegas:-11528:3618,test,owlv2,blur_resize,fixed,0.6,0.5,19,60,34,36,0.95,owlv2
AOI_2_Vegas_img1007,AOI_2_Vegas,AOI_2_Vegas:-11528:3618,test,owlv2,blur_resize,fixed,0.9,0.5,17,49,34,38,0.85,owlv2
AOI_2_Vegas_img1007,AOI_2_Vegas,AOI_2_Vegas:-11528:3618,test,owlv2,blur_resize,fixed,1.2,0.5,18,43,34,36,1.4,owlv2
AOI_2_Vegas_img1007,AOI_2_Vegas,AOI_2_Vegas:-11528:3618,test,owlv2,blur_resize,fixed,1.8,0.5,15,31,34,25,0.55,owlv2
AOI_2_Vegas_img1007,AOI_2_Vegas,AOI_2_Vegas:-11528:3618,test,owlv2,blur_resize,fixed,2.4,0.5,9,23,34,22,0.35,owlv2
AOI_2_Vegas_img1007,AOI_2_Vegas,AOI_2_Vegas:-11528:3618,test,owlv2,blur_resize,fixed,3.6,0.5,0,0,34,0,0.0,owlv2
AOI_2_Vegas_img1007,AOI_2_Vegas,AOI_2_Vegas:-11528:3618,test,owlv2,blur_resize,fixed,5.0,0.5,0,0,34,0,0.0,owlv2
AOI_2_Vegas_img1007,AOI_2_Vegas,AOI_2_Vegas:-11528:3618,test,owlv2,blur_resize,fixed,10.0,0.5,0,0,34,0,0.0,owlv2
AOI_2_Vegas_img101,AOI_2_Vegas,AOI_2_Vegas:-11531:3620,test,owlv2,blur_resize,fixed,0.3,0.5,12,166,30,38,0.95,owlv2
AOI_2_Vegas_img101,AOI_2_Vegas,AOI_2_Vegas:-11531:3620,test,owlv2,blur_resize,fixed,0.45,0.5,3,102,30,30,0.75,owlv2
AOI_2_Vegas_img101,AOI_2_Vegas,AOI_2_Vegas:-11531:3620,test,owlv2,blur_resize,fixed,0.6,0.5,4,76,30,25,0.4,owlv2
AOI_2_Vegas_img101,AOI_2_Vegas,AOI_2_Vegas:-11531:3620,test,owlv2,blur_resize,fixed,0.9,0.5,5,51,30,21,0.3,owlv2
AOI_2_Vegas_img101,AOI_2_Vegas,AOI_2_Vegas:-11531:3620,test,owlv2,blur_resize,fixed,1.2,0.5,4,41,30,20,0.2,owlv2
AOI_2_Vegas_img101,AOI_2_Vegas,AOI_2_Vegas:-11531:3620,test,owlv2,blur_resize,fixed,1.8,0.5,12,56,30,22,0.6,owlv2
AOI_2_Vegas_img101,AOI_2_Vegas,AOI_2_Vegas:-11531:3620,test,owlv2,blur_resize,fixed,2.4,0.5,8,38,30,21,0.35,owlv2
AOI_2_Vegas_img101,AOI_2_Vegas,AOI_2_Vegas:-11531:3620,test,owlv2,blur_resize,fixed,3.6,0.5,1,4,30,9,0.1,owlv2
AOI_2_Vegas_img101,AOI_2_Vegas,AOI_2_Vegas:-11531:3620,test,owlv2,blur_resize,fixed,5.0,0.5,0,0,30,0,0.0,owlv2
AOI_2_Vegas_img101,AOI_2_Vegas,AOI_2_Vegas:-11531:3620,test,owlv2,blur_resize,fixed,10.0,0.5,0,0,30,0,0.0,owlv2
AOI_2_Vegas_img1035,AOI_2_Vegas,AOI_2_Vegas:-11528:3623,test,owlv2,blur_resize,fixed,0.3,0.5,0,0,0,0,0.0,owlv2
AOI_2_Vegas_img1035,AOI_2_Vegas,AOI_2_Vegas:-11528:3623,test,owlv2,blur_resize,fixed,0.45,0.5,0,0,0,0,0.0,owlv2
AOI_2_Vegas_img1035,AOI_2_Vegas,AOI_2_Vegas:-11528:3623,test,owlv2,blur_resize,fixed,0.6,0.5,0,0,0,0,0.0,owlv2
AOI_2_Vegas_img1035,AOI_2_Vegas,AOI_2_Vegas:-11528:3623,test,owlv2,blur_resize,fixed,0.9,0.5,0,0,0,0,0.0,owlv2
AOI_2_Vegas_img1035,AOI_2_Vegas,AOI_2_Vegas:-11528:3623,test,owlv2,blur_resize,fixed,1.2,0.5,0,0,0,0,0.0,owlv2
AOI_2_Vegas_img1035,AOI_2_Vegas,AOI_2_Vegas:-11528:3623,test,owlv2,blur_resize,fixed,1.8,0.5,0,0,0,0,0.0,owlv2
AOI_2_Vegas_img1035,AOI_2_Vegas,AOI_2_Vegas:-11528:3623,test,owlv2,blur_resize,fixed,2.4,0.5,0,0,0,0,0.0,owlv2
AOI_2_Vegas_img1035,AOI_2_Vegas,AOI_2_Vegas:-11528:3623,test,owlv2,blur_resize,fixed,3.6,0.5,0,0,0,0,0.0,owlv2
AOI_2_Vegas_img1035,AOI_2_Vegas,AOI_2_Vegas:-11528:3623,test,owlv2,blur_resize,fixed,5.0,0.5,0,0,0,0,0.0,owlv2
AOI_2_Vegas_img1035,AOI_2_Vegas,AOI_2_Vegas:-11528:3623,test,owlv2,blur_resize,fixed,10.0,0.5,0,0,0,0,0.0,owlv2
AOI_2_Vegas_img1041,AOI_2_Vegas,AOI_2_Vegas:-11528:3613,test,owlv2,blur_resize,fixed,0.3,0.5,26,156,39,62,1.3,owlv2
AOI_2_Vegas_img1041,AOI_2_Vegas,AOI_2_Vegas:-11528:3613,test,owlv2,blur_resize,fixed,0.45,0.5,22,68,39,48,0.85,owlv2
AOI_2_Vegas_img1041,AOI_2_Vegas,AOI_2_Vegas:-11528:3613,test,owlv2,blur_resize,fixed,0.6,0.5,20,53,39,36,0.4,owlv2
AOI_2_Vegas_img1041,AOI_2_Vegas,AOI_2_Vegas:-11528:3613,test,owlv2,blur_resize,fixed,0.9,0.5,18,32,39,17,0.4,owlv2
AOI_2_Vegas_img1041,AOI_2_Vegas,AOI_2_Vegas:-11528:3613,test,owlv2,blur_resize,fixed,1.2,0.5,15,36,39,21,0.45,owlv2
AOI_2_Vegas_img1041,AOI_2_Vegas,AOI_2_Vegas:-11528:3613,test,owlv2,blur_resize,fixed,1.8,0.5,7,21,39,15,0.3,owlv2
AOI_2_Vegas_img1041,AOI_2_Vegas,AOI_2_Vegas:-11528:3613,test,owlv2,blur_resize,fixed,2.4,0.5,1,8,39,7,0.0,owlv2
AOI_2_Vegas_img1041,AOI_2_Vegas,AOI_2_Vegas:-11528:3613,test,owlv2,blur_resize,fixed,3.6,0.5,0,0,39,1,0.0,owlv2
AOI_2_Vegas_img1041,AOI_2_Vegas,AOI_2_Vegas:-11528:3613,test,owlv2,blur_resize,fixed,5.0,0.5,0,0,39,0,0.0,owlv2
AOI_2_Vegas_img1041,AOI_2_Vegas,AOI_2_Vegas:-11528:3613,test,owlv2,blur_resize,fixed,10.0,0.5,0,0,39,0,0.0,owlv2
AOI_2_Vegas_img1104,AOI_2_Vegas,AOI_2_Vegas:-11528:3613,test,owlv2,blur_resize,fixed,0.3,0.5,4,38,10,11,0.0,owlv2
AOI_2_Vegas_img1104,AOI_2_Vegas,AOI_2_Vegas:-11528:3613,test,owlv2,blur_resize,fixed,0.45,0.5,3,7,10,7,0.0,owlv2
AOI_2_Vegas_img1104,AOI_2_Vegas,AOI_2_Vegas:-11528:3613,test,owlv2,blur_resize,fixed,0.6,0.5,1,5,10,6,0.0,owlv2
AOI_2_Vegas_img1104,AOI_2_Vegas,AOI_2_Vegas:-11528:3613,test,owlv2,blur_resize,fixed,0.9,0.5,0,1,10,7,0.0,owlv2
AOI_2_Vegas_img1104,AOI_2_Vegas,AOI_2_Vegas:-11528:3613,test,owlv2,blur_resize,fixed,1.2,0.5,0,3,10,9,0.0,owlv2
AOI_2_Vegas_img1104,AOI_2_Vegas,AOI_2_Vegas:-11528:3613,test,owlv2,blur_resize,fixed,1.8,0.5,0,0,10,6,0.0,owlv2
AOI_2_Vegas_img1104,AOI_2_Vegas,AOI_2_Vegas:-11528:3613,test,owlv2,blur_resize,fixed,2.4,0.5,0,0,10,4,0.0,owlv2
AOI_2_Vegas_img1104,AOI_2_Vegas,AOI_2_Vegas:-11528:3613,test,owlv2,blur_resize,fixed,3.6,0.5,0,0,10,2,0.0,owlv2
AOI_2_Vegas_img1104,AOI_2_Vegas,AOI_2_Vegas:-11528:3613,test,owlv2,blur_resize,fixed,5.0,0.5,0,0,10,5,0.0,owlv2
AOI_2_Vegas_img1104,AOI_2_Vegas,AOI_2_Vegas:-11528:3613,test,owlv2,blur_resize,fixed,10.0,0.5,0,0,10,0,0.0,owlv2
AOI_2_Vegas_img1122,AOI_2_Vegas,AOI_2_Vegas:-11528:3616,test,owlv2,blur_resize,fixed,0.3,0.5,14,112,29,56,0.8,owlv2
AOI_2_Vegas_img1122,AOI_2_Vegas,AOI_2_Vegas:-11528:3616,test,owlv2,blur_resize,fixed,0.45,0.5,11,48,29,37,0.45,owlv2
AOI_2_Vegas_img1122,AOI_2_Vegas,AOI_2_Vegas:-11528:3616,test,owlv2,blur_resize,fixed,0.6,0.5,8,22,29,28,0.25,owlv2
AOI_2_Vegas_img1122,AOI_2_Vegas,AOI_2_Vegas:-11528:3616,test,owlv2,blur_resize,fixed,0.9,0.5,5,7,29,18,0.15,owlv2
AOI_2_Vegas_img1122,AOI_2_Vegas,AOI_2_Vegas:-11528:3616,test,owlv2,blur_resize,fixed,1.2,0.5,4,4,29,5,0.05,owlv2
AOI_2_Vegas_img1122,AOI_2_Vegas,AOI_2_Vegas:-11528:3616,test,owlv2,blur_resize,fixed,1.8,0.5,0,0,29,1,0.0,owlv2
AOI_2_Vegas_img1122,AOI_2_Vegas,AOI_2_Vegas:-11528:3616,test,owlv2,blur_resize,fixed,2.4,0.5,0,0,29,2,0.0,owlv2
AOI_2_Vegas_img1122,AOI_2_Vegas,AOI_2_Vegas:-11528:3616,test,owlv2,blur_resize,fixed,3.6,0.5,0,0,29,1,0.0,owlv2
AOI_2_Vegas_img1122,AOI_2_Vegas,AOI_2_Vegas:-11528:3616,test,owlv2,blur_resize,fixed,5.0,0.5,0,0,29,0,0.0,owlv2
AOI_2_Vegas_img1122,AOI_2_Vegas,AOI_2_Vegas:-11528:3616,test,owlv2,blur_resize,fixed,10.0,0.5,0,0,29,1,0.0,owlv2
AOI_2_Vegas_img1163,AOI_2_Vegas,AOI_2_Vegas:-11528:3623,test,owlv2,blur_resize,fixed,0.3,0.5,26,292,33,51,1.7,owlv2
AOI_2_Vegas_img1163,AOI_2_Vegas,AOI_2_Vegas:-11528:3623,test,owlv2,blur_resize,fixed,0.45,0.5,19,174,33,40,2.05,owlv2
AOI_2_Vegas_img1163,AOI_2_Vegas,AOI_2_Vegas:-11528:3623,test,owlv2,blur_resize,fixed,0.6,0.5,20,139,33,43,1.5,owlv2
AOI_2_Vegas_img1163,AOI_2_Vegas,AOI_2_Vegas:-11528:3623,test,owlv2,blur_resize,fixed,0.9,0.5,15,96,33,39,1.95,owlv2
AOI_2_Vegas_img1163,AOI_2_Vegas,AOI_2_Vegas:-11528:3623,test,owlv2,blur_resize,fixed,1.2,0.5,16,58,33,35,1.0,owlv2
AOI_2_Vegas_img1163,AOI_2_Vegas,AOI_2_Vegas:-11528:3623,test,owlv2,blur_resize,fixed,1.8,0.5,12,28,33,30,0.45,owlv2
AOI_2_Vegas_img1163,AOI_2_Vegas,AOI_2_Vegas:-11528:3623,test,owlv2,blur_resize,fixed,2.4,0.5,4,11,33,25,0.15,owlv2
AOI_2_Vegas_img1163,AOI_2_Vegas,AOI_2_Vegas:-11528:3623,test,owlv2,blur_resize,fixed,3.6,0.5,0,0,33,5,0.0,owlv2
AOI_2_Vegas_img1163,AOI_2_Vegas,AOI_2_Vegas:-11528:3623,test,owlv2,blur_resize,fixed,5.0,0.5,0,0,33,1,0.0,owlv2
AOI_2_Vegas_img1163,AOI_2_Vegas,AOI_2_Vegas:-11528:3623,test,owlv2,blur_resize,fixed,10.0,0.5,0,0,33,0,0.0,owlv2
AOI_2_Vegas_img118,AOI_2_Vegas,AOI_2_Vegas:-11531:3613,test,owlv2,blur_resize,fixed,0.3,0.5,23,263,27,68,3.6,owlv2
AOI_2_Vegas_img118,AOI_2_Vegas,AOI_2_Vegas:-11531:3613,test,owlv2,blur_resize,fixed,0.45,0.5,21,111,27,45,1.55,owlv2
AOI_2_Vegas_img118,AOI_2_Vegas,AOI_2_Vegas:-11531:3613,test,owlv2,blur_resize,fixed,0.6,0.5,21,61,27,24,1.2,owlv2
AOI_2_Vegas_img118,AOI_2_Vegas,AOI_2_Vegas:-11531:3613,test,owlv2,blur_resize,fixed,0.9,0.5,21,51,27,24,0.9,owlv2
AOI_2_Vegas_img118,AOI_2_Vegas,AOI_2_Vegas:-11531:3613,test,owlv2,blur_resize,fixed,1.2,0.5,20,60,27,26,1.05,owlv2
AOI_2_Vegas_img118,AOI_2_Vegas,AOI_2_Vegas:-11531:3613,test,owlv2,blur_resize,fixed,1.8,0.5,15,54,27,22,1.25,owlv2
AOI_2_Vegas_img118,AOI_2_Vegas,AOI_2_Vegas:-11531:3613,test,owlv2,blur_resize,fixed,2.4,0.5,14,23,27,19,1.2,owlv2
AOI_2_Vegas_img118,AOI_2_Vegas,AOI_2_Vegas:-11531:3613,test,owlv2,blur_resize,fixed,3.6,0.5,0,0,27,3,0.0,owlv2
AOI_2_Vegas_img118,AOI_2_Vegas,AOI_2_Vegas:-11531:3613,test,owlv2,blur_resize,fixed,5.0,0.5,0,0,27,0,0.0,owlv2
AOI_2_Vegas_img118,AOI_2_Vegas,AOI_2_Vegas:-11531:3613,test,owlv2,blur_resize,fixed,10.0,0.5,0,0,27,0,0.0,owlv2
AOI_2_Vegas_img1197,AOI_2_Vegas,AOI_2_Vegas:-11528:3618,test,owlv2,blur_resize,fixed,0.3,0.5,46,257,50,42,4.9,owlv2
AOI_2_Vegas_img1197,AOI_2_Vegas,AOI_2_Vegas:-11528:3618,test,owlv2,blur_resize,fixed,0.45,0.5,40,159,50,39,3.5,owlv2
AOI_2_Vegas_img1197,AOI_2_Vegas,AOI_2_Vegas:-11528:3618,test,owlv2,blur_resize,fixed,0.6,0.5,36,127,50,35,3.15,owlv2
AOI_2_Vegas_img1197,AOI_2_Vegas,AOI_2_Vegas:-11528:3618,test,owlv2,blur_resize,fixed,0.9,0.5,28,82,50,38,2.25,owlv2
AOI_2_Vegas_img1197,AOI_2_Vegas,AOI_2_Vegas:-11528:3618,test,owlv2,blur_resize,fixed,1.2,0.5,27,80,50,36,2.95,owlv2
AOI_2_Vegas_img1197,AOI_2_Vegas,AOI_2_Vegas:-11528:3618,test,owlv2,blur_resize,fixed,1.8,0.5,20,43,50,31,1.4,owlv2
AOI_2_Vegas_img1197,AOI_2_Vegas,AOI_2_Vegas:-11528:3618,test,owlv2,blur_resize,fixed,2.4,0.5,3,5,50,14,0.1,owlv2
AOI_2_Vegas_img1197,AOI_2_Vegas,AOI_2_Vegas:-11528:3618,test,owlv2,blur_resize,fixed,3.6,0.5,0,0,50,2,0.0,owlv2
AOI_2_Vegas_img1197,AOI_2_Vegas,AOI_2_Vegas:-11528:3618,test,owlv2,blur_resize,fixed,5.0,0.5,0,0,50,2,0.0,owlv2
AOI_2_Vegas_img1197,AOI_2_Vegas,AOI_2_Vegas:-11528:3618,test,owlv2,blur_resize,fixed,10.0,0.5,0,0,50,0,0.0,owlv2
AOI_2_Vegas_img1215,AOI_2_Vegas,AOI_2_Vegas:-11528:3621,test,owlv2,blur_resize,fixed,0.3,0.5,20,276,29,44,3.65,owlv2
AOI_2_Vegas_img1215,AOI_2_Vegas,AOI_2_Vegas:-11528:3621,test,owlv2,blur_resize,fixed,0.45,0.5,19,115,29,31,2.15,owlv2
AOI_2_Vegas_img1215,AOI_2_Vegas,AOI_2_Vegas:-11528:3621,test,owlv2,blur_resize,fixed,0.6,0.5,18,80,29,19,2.4,owlv2
AOI_2_Vegas_img1215,AOI_2_Vegas,AOI_2_Vegas:-11528:3621,test,owlv2,blur_resize,fixed,0.9,0.5,15,36,29,6,1.25,owlv2
AOI_2_Vegas_img1215,AOI_2_Vegas,AOI_2_Vegas:-11528:3621,test,owlv2,blur_resize,fixed,1.2,0.5,14,35,29,9,1.5,owlv2
AOI_2_Vegas_img1215,AOI_2_Vegas,AOI_2_Vegas:-11528:3621,test,owlv2,blur_resize,fixed,1.8,0.5,14,29,29,11,1.0,owlv2
AOI_2_Vegas_img1215,AOI_2_Vegas,AOI_2_Vegas:-11528:3621,test,owlv2,blur_resize,fixed,2.4,0.5,1,1,29,1,0.1,owlv2
AOI_2_Vegas_img1215,AOI_2_Vegas,AOI_2_Vegas:-11528:3621,test,owlv2,blur_resize,fixed,3.6,0.5,0,0,29,0,0.0,owlv2
AOI_2_Vegas_img1215,AOI_2_Vegas,AOI_2_Vegas:-11528:3621,test,owlv2,blur_resize,fixed,5.0,0.5,0,0,29,0,0.0,owlv2
AOI_2_Vegas_img1215,AOI_2_Vegas,AOI_2_Vegas:-11528:3621,test,owlv2,blur_resize,fixed,10.0,0.5,0,0,29,0,0.0,owlv2
AOI_2_Vegas_img1216,AOI_2_Vegas,AOI_2_Vegas:-11528:3621,test,owlv2,blur_resize,fixed,0.3,0.5,24,325,31,42,2.25,owlv2
AOI_2_Vegas_img1216,AOI_2_Vegas,AOI_2_Vegas:-11528:3621,test,owlv2,blur_resize,fixed,0.45,0.5,23,135,31,23,1.15,owlv2
AOI_2_Vegas_img1216,AOI_2_Vegas,AOI_2_Vegas:-11528:3621,test,owlv2,blur_resize,fixed,0.6,0.5,18,81,31,18,0.65,owlv2
AOI_2_Vegas_img1216,AOI_2_Vegas,AOI_2_Vegas:-11528:3621,test,owlv2,blur_resize,fixed,0.9,0.5,19,43,31,12,0.4,owlv2
AOI_2_Vegas_img1216,AOI_2_Vegas,AOI_2_Vegas:-11528:3621,test,owlv2,blur_resize,fixed,1.2,0.5,19,39,31,10,0.5,owlv2
AOI_2_Vegas_img1216,AOI_2_Vegas,AOI_2_Vegas:-11528:3621,test,owlv2,blur_resize,fixed,1.8,0.5,16,33,31,6,0.65,owlv2
AOI_2_Vegas_img1216,AOI_2_Vegas,AOI_2_Vegas:-11528:3621,test,owlv2,blur_resize,fixed,2.4,0.5,16,26,31,3,0.3,owlv2
AOI_2_Vegas_img1216,AOI_2_Vegas,AOI_2_Vegas:-11528:3621,test,owlv2,blur_resize,fixed,3.6,0.5,5,6,31,3,0.15,owlv2
AOI_2_Vegas_img1216,AOI_2_Vegas,AOI_2_Vegas:-11528:3621,test,owlv2,blur_resize,fixed,5.0,0.5,0,0,31,0,0.0,owlv2
AOI_2_Vegas_img1216,AOI_2_Vegas,AOI_2_Vegas:-11528:3621,test,owlv2,blur_resize,fixed,10.0,0.5,0,0,31,0,0.0,owlv2
AOI_2_Vegas_img1217,AOI_2_Vegas,AOI_2_Vegas:-11528:3621,test,owlv2,blur_resize,fixed,0.3,0.5,36,210,52,51,4.05,owlv2
AOI_2_Vegas_img1217,AOI_2_Vegas,AOI_2_Vegas:-11528:3621,test,owlv2,blur_resize,fixed,0.45,0.5,35,121,52,41,2.1,owlv2
AOI_2_Vegas_img1217,AOI_2_Vegas,AOI_2_Vegas:-11528:3621,test,owlv2,blur_resize,fixed,0.6,0.5,35,103,52,30,2.25,owlv2
AOI_2_Vegas_img1217,AOI_2_Vegas,AOI_2_Vegas:-11528:3621,test,owlv2,blur_resize,fixed,0.9,0.5,30,87,52,27,1.65,owlv2
AOI_2_Vegas_img1217,AOI_2_Vegas,AOI_2_Vegas:-11528:3621,test,owlv2,blur_resize,fixed,1.2,0.5,24,72,52,31,0.85,owlv2
AOI_2_Vegas_img1217,AOI_2_Vegas,AOI_2_Vegas:-11528:3621,test,owlv2,blur_resize,fixed,1.8,0.5,18,52,52,29,0.7,owlv2
AOI_2_Vegas_img1217,AOI_2_Vegas,AOI_2_Vegas:-11528:3621,test,owlv2,blur_resize,fixed,2.4,0.5,12,39,52,20,0.35,owlv2
AOI_2_Vegas_img1217,AOI_2_Vegas,AOI_2_Vegas:-11528:3621,test,owlv2,blur_resize,fixed,3.6,0.5,0,0,52,4,0.0,owlv2
AOI_2_Vegas_img1217,AOI_2_Vegas,AOI_2_Vegas:-11528:3621,test,owlv2,blur_resize,fixed,5.0,0.5,0,0,52,0,0.0,owlv2
AOI_2_Vegas_img1217,AOI_2_Vegas,AOI_2_Vegas:-11528:3621,test,owlv2,blur_resize,fixed,10.0,0.5,0,0,52,0,0.0,owlv2
AOI_2_Vegas_img1246,AOI_2_Vegas,AOI_2_Vegas:-11528:3615,test,owlv2,blur_resize,fixed,0.3,0.5,20,155,40,41,2.5,owlv2
AOI_2_Vegas_img1246,AOI_2_Vegas,AOI_2_Vegas:-11528:3615,test,owlv2,blur_resize,fixed,0.45,0.5,19,92,40,33,1.75,owlv2
AOI_2_Vegas_img1246,AOI_2_Vegas,AOI_2_Vegas:-11528:3615,test,owlv2,blur_resize,fixed,0.6,0.5,15,65,40,37,1.3,owlv2
AOI_2_Vegas_img1246,AOI_2_Vegas,AOI_2_Vegas:-11528:3615,test,owlv2,blur_resize,fixed,0.9,0.5,15,56,40,35,1.45,owlv2
AOI_2_Vegas_img1246,AOI_2_Vegas,AOI_2_Vegas:-11528:3615,test,owlv2,blur_resize,fixed,1.2,0.5,11,45,40,32,1.05,owlv2
AOI_2_Vegas_img1246,AOI_2_Vegas,AOI_2_Vegas:-11528:3615,test,owlv2,blur_resize,fixed,1.8,0.5,10,31,40,24,0.95,owlv2
AOI_2_Vegas_img1246,AOI_2_Vegas,AOI_2_Vegas:-11528:3615,test,owlv2,blur_resize,fixed,2.4,0.5,0,2,40,5,0.05,owlv2
AOI_2_Vegas_img1246,AOI_2_Vegas,AOI_2_Vegas:-11528:3615,test,owlv2,blur_resize,fixed,3.6,0.5,0,0,40,0,0.0,owlv2
AOI_2_Vegas_img1246,AOI_2_Vegas,AOI_2_Vegas:-11528:3615,test,owlv2,blur_resize,fixed,5.0,0.5,0,0,40,0,0.0,owlv2
AOI_2_Vegas_img1246,AOI_2_Vegas,AOI_2_Vegas:-11528:3615,test,owlv2,blur_resize,fixed,10.0,0.5,0,0,40,1,0.0,owlv2
AOI_2_Vegas_img1290,AOI_2_Vegas,AOI_2_Vegas:-11528:3623,test,owlv2,blur_resize,fixed,0.3,0.5,26,105,45,31,1.4,owlv2
AOI_2_Vegas_img1290,AOI_2_Vegas,AOI_2_Vegas:-11528:3623,test,owlv2,blur_resize,fixed,0.45,0.5,17,58,45,28,0.9,owlv2
AOI_2_Vegas_img1290,AOI_2_Vegas,AOI_2_Vegas:-11528:3623,test,owlv2,blur_resize,fixed,0.6,0.5,12,38,45,25,0.6,owlv2
AOI_2_Vegas_img1290,AOI_2_Vegas,AOI_2_Vegas:-11528:3623,test,owlv2,blur_resize,fixed,0.9,0.5,10,28,45,20,0.2,owlv2
AOI_2_Vegas_img1290,AOI_2_Vegas,AOI_2_Vegas:-11528:3623,test,owlv2,blur_resize,fixed,1.2,0.5,16,35,45,27,0.65,owlv2
AOI_2_Vegas_img1290,AOI_2_Vegas,AOI_2_Vegas:-11528:3623,test,owlv2,blur_resize,fixed,1.8,0.5,4,21,45,23,0.25,owlv2
AOI_2_Vegas_img1290,AOI_2_Vegas,AOI_2_Vegas:-11528:3623,test,owlv2,blur_resize,fixed,2.4,0.5,1,7,45,16,0.0,owlv2
AOI_2_Vegas_img1290,AOI_2_Vegas,AOI_2_Vegas:-11528:3623,test,owlv2,blur_resize,fixed,3.6,0.5,0,0,45,0,0.0,owlv2
AOI_2_Vegas_img1290,AOI_2_Vegas,AOI_2_Vegas:-11528:3623,test,owlv2,blur_resize,fixed,5.0,0.5,0,0,45,1,0.0,owlv2
AOI_2_Vegas_img1290,AOI_2_Vegas,AOI_2_Vegas:-11528:3623,test,owlv2,blur_resize,fixed,10.0,0.5,0,0,45,0,0.0,owlv2
AOI_2_Vegas_img1381,AOI_2_Vegas,AOI_2_Vegas:-11527:3617,test,owlv2,blur_resize,fixed,0.3,0.5,41,234,52,52,4.9,owlv2
AOI_2_Vegas_img1381,AOI_2_Vegas,AOI_2_Vegas:-11527:3617,test,owlv2,blur_resize,fixed,0.45,0.5,30,67,52,25,2.0,owlv2
AOI_2_Vegas_img1381,AOI_2_Vegas,AOI_2_Vegas:-11527:3617,test,owlv2,blur_resize,fixed,0.6,0.5,24,41,52,17,1.7,owlv2
AOI_2_Vegas_img1381,AOI_2_Vegas,AOI_2_Vegas:-11527:3617,test,owlv2,blur_resize,fixed,0.9,0.5,18,28,52,12,0.85,owlv2
AOI_2_Vegas_img1381,AOI_2_Vegas,AOI_2_Vegas:-11527:3617,test,owlv2,blur_resize,fixed,1.2,0.5,21,32,52,14,0.7,owlv2
AOI_2_Vegas_img1381,AOI_2_Vegas,AOI_2_Vegas:-11527:3617,test,owlv2,blur_resize,fixed,1.8,0.5,11,12,52,3,0.3,owlv2
AOI_2_Vegas_img1381,AOI_2_Vegas,AOI_2_Vegas:-11527:3617,test,owlv2,blur_resize,fixed,2.4,0.5,0,0,52,1,0.0,owlv2
AOI_2_Vegas_img1381,AOI_2_Vegas,AOI_2_Vegas:-11527:3617,test,owlv2,blur_resize,fixed,3.6,0.5,0,0,52,0,0.0,owlv2
AOI_2_Vegas_img1381,AOI_2_Vegas,AOI_2_Vegas:-11527:3617,test,owlv2,blur_resize,fixed,5.0,0.5,0,0,52,0,0.0,owlv2
AOI_2_Vegas_img1381,AOI_2_Vegas,AOI_2_Vegas:-11527:3617,test,owlv2,blur_resize,fixed,10.0,0.5,0,0,52,0,0.0,owlv2
AOI_2_Vegas_img139,AOI_2_Vegas,AOI_2_Vegas:-11531:3617,test,owlv2,blur_resize,fixed,0.3,0.5,15,154,26,26,0.5,owlv2
AOI_2_Vegas_img139,AOI_2_Vegas,AOI_2_Vegas:-11531:3617,test,owlv2,blur_resize,fixed,0.45,0.5,10,75,26,22,0.6,owlv2
AOI_2_Vegas_img139,AOI_2_Vegas,AOI_2_Vegas:-11531:3617,test,owlv2,blur_resize,fixed,0.6,0.5,7,63,26,21,0.45,owlv2
AOI_2_Vegas_img139,AOI_2_Vegas,AOI_2_Vegas:-11531:3617,test,owlv2,blur_resize,fixed,0.9,0.5,9,45,26,17,0.85,owlv2
AOI_2_Vegas_img139,AOI_2_Vegas,AOI_2_Vegas:-11531:3617,test,owlv2,blur_resize,fixed,1.2,0.5,10,61,26,21,0.95,owlv2
AOI_2_Vegas_img139,AOI_2_Vegas,AOI_2_Vegas:-11531:3617,test,owlv2,blur_resize,fixed,1.8,0.5,3,28,26,27,0.2,owlv2
AOI_2_Vegas_img139,AOI_2_Vegas,AOI_2_Vegas:-11531:3617,test,owlv2,blur_resize,fixed,2.4,0.5,0,2,26,16,0.05,owlv2
AOI_2_Vegas_img139,AOI_2_Vegas,AOI_2_Vegas:-11531:3617,test,owlv2,blur_resize,fixed,3.6,0.5,0,0,26,8,0.0,owlv2
AOI_2_Vegas_img139,AOI_2_Vegas,AOI_2_Vegas:-11531:3617,test,owlv2,blur_resize,fixed,5.0,0.5,0,0,26,6,0.0,owlv2
AOI_2_Vegas_img139,AOI_2_Vegas,AOI_2_Vegas:-11531:3617,test,owlv2,blur_resize,fixed,10.0,0.5,0,0,26,0,0.0,owlv2
AOI_2_Vegas_img1489,AOI_2_Vegas,AOI_2_Vegas:-11527:3614,test,owlv2,blur_resize,fixed,0.3,0.5,3,25,14,40,0.05,owlv2
AOI_2_Vegas_img1489,AOI_2_Vegas,AOI_2_Vegas:-11527:3614,test,owlv2,blur_resize,fixed,0.45,0.5,2,3,14,17,0.0,owlv2
AOI_2_Vegas_img1489,AOI_2_Vegas,AOI_2_Vegas:-11527:3614,test,owlv2,blur_resize,fixed,0.6,0.5,0,1,14,9,0.0,owlv2
AOI_2_Vegas_img1489,AOI_2_Vegas,AOI_2_Vegas:-11527:3614,test,owlv2,blur_resize,fixed,0.9,0.5,0,0,14,0,0.0,owlv2
AOI_2_Vegas_img1489,AOI_2_Vegas,AOI_2_Vegas:-11527:3614,test,owlv2,blur_resize,fixed,1.2,0.5,0,0,14,0,0.0,owlv2
AOI_2_Vegas_img1489,AOI_2_Vegas,AOI_2_Vegas:-11527:3614,test,owlv2,blur_resize,fixed,1.8,0.5,0,0,14,0,0.0,owlv2
AOI_2_Vegas_img1489,AOI_2_Vegas,AOI_2_Vegas:-11527:3614,test,owlv2,blur_resize,fixed,2.4,0.5,0,0,14,0,0.0,owlv2
AOI_2_Vegas_img1489,AOI_2_Vegas,AOI_2_Vegas:-11527:3614,test,owlv2,blur_resize,fixed,3.6,0.5,0,0,14,2,0.0,owlv2
AOI_2_Vegas_img1489,AOI_2_Vegas,AOI_2_Vegas:-11527:3614,test,owlv2,blur_resize,fixed,5.0,0.5,0,0,14,1,0.0,owlv2
AOI_2_Vegas_img1489,AOI_2_Vegas,AOI_2_Vegas:-11527:3614,test,owlv2,blur_resize,fixed,10.0,0.5,0,0,14,0,0.0,owlv2
AOI_2_Vegas_img1504,AOI_2_Vegas,AOI_2_Vegas:-11527:3616,test,owlv2,blur_resize,fixed,0.3,0.5,6,65,11,7,0.0,owlv2
AOI_2_Vegas_img1504,AOI_2_Vegas,AOI_2_Vegas:-11527:3616,test,owlv2,blur_resize,fixed,0.45,0.5,6,47,11,6,0.0,owlv2
AOI_2_Vegas_img1504,AOI_2_Vegas,AOI_2_Vegas:-11527:3616,test,owlv2,blur_resize,fixed,0.6,0.5,6,33,11,6,0.0,owlv2
AOI_2_Vegas_img1504,AOI_2_Vegas,AOI_2_Vegas:-11527:3616,test,owlv2,blur_resize,fixed,0.9,0.5,5,20,11,4,0.0,owlv2
AOI_2_Vegas_img1504,AOI_2_Vegas,AOI_2_Vegas:-11527:3616,test,owlv2,blur_resize,fixed,1.2,0.5,4,16,11,0,0.0,owlv2
AOI_2_Vegas_img1504,AOI_2_Vegas,AOI_2_Vegas:-11527:3616,test,owlv2,blur_resize,fixed,1.8,0.5,1,4,11,0,0.0,owlv2
AOI_2_Vegas_img1504,AOI_2_Vegas,AOI_2_Vegas:-11527:3616,test,owlv2,blur_resize,fixed,2.4,0.5,0,1,11,0,0.0,owlv2
AOI_2_Vegas_img1504,AOI_2_Vegas,AOI_2_Vegas:-11527:3616,test,owlv2,blur_resize,fixed,3.6,0.5,0,0,11,1,0.0,owlv2
AOI_2_Vegas_img1504,AOI_2_Vegas,AOI_2_Vegas:-11527:3616,test,owlv2,blur_resize,fixed,5.0,0.5,0,0,11,0,0.0,owlv2
AOI_2_Vegas_img1504,AOI_2_Vegas,AOI_2_Vegas:-11527:3616,test,owlv2,blur_resize,fixed,10.0,0.5,0,0,11,0,0.0,owlv2
AOI_2_Vegas_img1510,AOI_2_Vegas,AOI_2_Vegas:-11527:3618,test,owlv2,blur_resize,fixed,0.3,0.5,0,22,1,6,0.0,owlv2
AOI_2_Vegas_img1510,AOI_2_Vegas,AOI_2_Vegas:-11527:3618,test,owlv2,blur_resize,fixed,0.45,0.5,0,11,1,3,0.0,owlv2
AOI_2_Vegas_img1510,AOI_2_Vegas,AOI_2_Vegas:-11527:3618,test,owlv2,blur_resize,fixed,0.6,0.5,0,6,1,3,0.0,owlv2
AOI_2_Vegas_img1510,AOI_2_Vegas,AOI_2_Vegas:-11527:3618,test,owlv2,blur_resize,fixed,0.9,0.5,0,3,1,1,0.0,owlv2
AOI_2_Vegas_img1510,AOI_2_Vegas,AOI_2_Vegas:-11527:3618,test,owlv2,blur_resize,fixed,1.2,0.5,0,2,1,1,0.0,owlv2
AOI_2_Vegas_img1510,AOI_2_Vegas,AOI_2_Vegas:-11527:3618,test,owlv2,blur_resize,fixed,1.8,0.5,0,0,1,1,0.0,owlv2
AOI_2_Vegas_img1510,AOI_2_Vegas,AOI_2_Vegas:-11527:3618,test,owlv2,blur_resize,fixed,2.4,0.5,0,0,1,0,0.0,owlv2
AOI_2_Vegas_img1510,AOI_2_Vegas,AOI_2_Vegas:-11527:3618,test,owlv2,blur_resize,fixed,3.6,0.5,0,0,1,0,0.0,owlv2
AOI_2_Vegas_img1510,AOI_2_Vegas,AOI_2_Vegas:-11527:3618,test,owlv2,blur_resize,fixed,5.0,0.5,0,0,1,0,0.0,owlv2
AOI_2_Vegas_img1510,AOI_2_Vegas,AOI_2_Vegas:-11527:3618,test,owlv2,blur_resize,fixed,10.0,0.5,0,0,1,0,0.0,owlv2
AOI_2_Vegas_img1536,AOI_2_Vegas,AOI_2_Vegas:-11527:3622,test,owlv2,blur_resize,fixed,0.3,0.5,12,71,24,29,0.3,owlv2
AOI_2_Vegas_img1536,AOI_2_Vegas,AOI_2_Vegas:-11527:3622,test,owlv2,blur_resize,fixed,0.45,0.5,11,50,24,29,0.4,owlv2
AOI_2_Vegas_img1536,AOI_2_Vegas,AOI_2_Vegas:-11527:3622,test,owlv2,blur_resize,fixed,0.6,0.5,10,36,24,21,0.1,owlv2
AOI_2_Vegas_img1536,AOI_2_Vegas,AOI_2_Vegas:-11527:3622,test,owlv2,blur_resize,fixed,0.9,0.5,7,25,24,18,0.25,owlv2
AOI_2_Vegas_img1536,AOI_2_Vegas,AOI_2_Vegas:-11527:3622,test,owlv2,blur_resize,fixed,1.2,0.5,3,12,24,14,0.05,owlv2
AOI_2_Vegas_img1536,AOI_2_Vegas,AOI_2_Vegas:-11527:3622,test,owlv2,blur_resize,fixed,1.8,0.5,3,5,24,11,0.05,owlv2
AOI_2_Vegas_img1536,AOI_2_Vegas,AOI_2_Vegas:-11527:3622,test,owlv2,blur_resize,fixed,2.4,0.5,0,0,24,3,0.0,owlv2
AOI_2_Vegas_img1536,AOI_2_Vegas,AOI_2_Vegas:-11527:3622,test,owlv2,blur_resize,fixed,3.6,0.5,0,0,24,0,0.0,owlv2
AOI_2_Vegas_img1536,AOI_2_Vegas,AOI_2_Vegas:-11527:3622,test,owlv2,blur_resize,fixed,5.0,0.5,0,0,24,0,0.0,owlv2
AOI_2_Vegas_img1536,AOI_2_Vegas,AOI_2_Vegas:-11527:3622,test,owlv2,blur_resize,fixed,10.0,0.5,0,0,24,0,0.0,owlv2
AOI_2_Vegas_img1540,AOI_2_Vegas,AOI_2_Vegas:-11527:3623,test,owlv2,blur_resize,fixed,0.3,0.5,31,138,36,36,1.05,owlv2
AOI_2_Vegas_img1540,AOI_2_Vegas,AOI_2_Vegas:-11527:3623,test,owlv2,blur_resize,fixed,0.45,0.5,25,57,36,22,1.1,owlv2
AOI_2_Vegas_img1540,AOI_2_Vegas,AOI_2_Vegas:-11527:3623,test,owlv2,blur_resize,fixed,0.6,0.5,17,45,36,17,0.95,owlv2
AOI_2_Vegas_img1540,AOI_2_Vegas,AOI_2_Vegas:-11527:3623,test,owlv2,blur_resize,fixed,0.9,0.5,17,32,36,17,0.85,owlv2
AOI_2_Vegas_img1540,AOI_2_Vegas,AOI_2_Vegas:-11527:3623,test,owlv2,blur_resize,fixed,1.2,0.5,11,17,36,12,0.4,owlv2
AOI_2_Vegas_img1540,AOI_2_Vegas,AOI_2_Vegas:-11527:3623,test,owlv2,blur_resize,fixed,1.8,0.5,4,7,36,12,0.15,owlv2
AOI_2_Vegas_img1540,AOI_2_Vegas,AOI_2_Vegas:-11527:3623,test,owlv2,blur_resize,fixed,2.4,0.5,1,1,36,10,0.0,owlv2
AOI_2_Vegas_img1540,AOI_2_Vegas,AOI_2_Vegas:-11527:3623,test,owlv2,blur_resize,fixed,3.6,0.5,0,0,36,11,0.0,owlv2
AOI_2_Vegas_img1540,AOI_2_Vegas,AOI_2_Vegas:-11527:3623,test,owlv2,blur_resize,fixed,5.0,0.5,0,0,36,1,0.0,owlv2
AOI_2_Vegas_img1540,AOI_2_Vegas,AOI_2_Vegas:-11527:3623,test,owlv2,blur_resize,fixed,10.0,0.5,0,0,36,0,0.0,owlv2
AOI_2_Vegas_img1542,AOI_2_Vegas,AOI_2_Vegas:-11527:3612,test,owlv2,blur_resize,fixed,0.3,0.5,50,273,61,42,4.55,owlv2
AOI_2_Vegas_img1542,AOI_2_Vegas,AOI_2_Vegas:-11527:3612,test,owlv2,blur_resize,fixed,0.45,0.5,42,135,61,28,3.95,owlv2
AOI_2_Vegas_img1542,AOI_2_Vegas,AOI_2_Vegas:-11527:3612,test,owlv2,blur_resize,fixed,0.6,0.5,29,55,61,18,1.9,owlv2
AOI_2_Vegas_img1542,AOI_2_Vegas,AOI_2_Vegas:-11527:3612,test,owlv2,blur_resize,fixed,0.9,0.5,7,20,61,15,0.7,owlv2
AOI_2_Vegas_img1542,AOI_2_Vegas,AOI_2_Vegas:-11527:3612,test,owlv2,blur_resize,fixed,1.2,0.5,0,5,61,9,0.35,owlv2
AOI_2_Vegas_img1542,AOI_2_Vegas,AOI_2_Vegas:-11527:3612,test,owlv2,blur_resize,fixed,1.8,0.5,0,4,61,7,0.05,owlv2
AOI_2_Vegas_img1542,AOI_2_Vegas,AOI_2_Vegas:-11527:3612,test,owlv2,blur_resize,fixed,2.4,0.5,0,0,61,4,0.0,owlv2
AOI_2_Vegas_img1542,AOI_2_Vegas,AOI_2_Vegas:-11527:3612,test,owlv2,blur_resize,fixed,3.6,0.5,0,0,61,1,0.0,owlv2
AOI_2_Vegas_img1542,AOI_2_Vegas,AOI_2_Vegas:-11527:3612,test,owlv2,blur_resize,fixed,5.0,0.5,0,0,61,0,0.0,owlv2
AOI_2_Vegas_img1542,AOI_2_Vegas,AOI_2_Vegas:-11527:3612,test,owlv2,blur_resize,fixed,10.0,0.5,0,0,61,0,0.0,owlv2
AOI_2_Vegas_img1548,AOI_2_Vegas,AOI_2_Vegas:-11527:3613,test,owlv2,blur_resize,fixed,0.3,0.5,7,155,26,59,0.9,owlv2
AOI_2_Vegas_img1548,AOI_2_Vegas,AOI_2_Vegas:-11527:3613,test,owlv2,blur_resize,fixed,0.45,0.5,7,107,26,55,0.75,owlv2
AOI_2_Vegas_img1548,AOI_2_Vegas,AOI_2_Vegas:-11527:3613,test,owlv2,blur_resize,fixed,0.6,0.5,5,86,26,60,0.65,owlv2
AOI_2_Vegas_img1548,AOI_2_Vegas,AOI_2_Vegas:-11527:3613,test,owlv2,blur_resize,fixed,0.9,0.5,3,71,26,57,0.55,owlv2
AOI_2_Vegas_img1548,AOI_2_Vegas,AOI_2_Vegas:-11527:3613,test,owlv2,blur_resize,fixed,1.2,0.5,3,71,26,59,0.45,owlv2
AOI_2_Vegas_img1548,AOI_2_Vegas,AOI_2_Vegas:-11527:3613,test,owlv2,blur_resize,fixed,1.8,0.5,2,15,26,30,0.25,owlv2
AOI_2_Vegas_img1548,AOI_2_Vegas,AOI_2_Vegas:-11527:3613,test,owlv2,blur_resize,fixed,2.4,0.5,0,3,26,11,0.05,owlv2
AOI_2_Vegas_img1548,AOI_2_Vegas,AOI_2_Vegas:-11527:3613,test,owlv2,blur_resize,fixed,3.6,0.5,0,0,26,0,0.0,owlv2
AOI_2_Vegas_img1548,AOI_2_Vegas,AOI_2_Vegas:-11527:3613,test,owlv2,blur_resize,fixed,5.0,0.5,0,0,26,0,0.0,owlv2
AOI_2_Vegas_img1548,AOI_2_Vegas,AOI_2_Vegas:-11527:3613,test,owlv2,blur_resize,fixed,10.0,0.5,0,0,26,0,0.0,owlv2
AOI_2_Vegas_img1566,AOI_2_Vegas,AOI_2_Vegas:-11527:3616,test,owlv2,blur_resize,fixed,0.3,0.5,10,75,16,35,0.1,owlv2
AOI_2_Vegas_img1566,AOI_2_Vegas,AOI_2_Vegas:-11527:3616,test,owlv2,blur_resize,fixed,0.45,0.5,10,48,16,38,0.05,owlv2
AOI_2_Vegas_img1566,AOI_2_Vegas,AOI_2_Vegas:-11527:3616,test,owlv2,blur_resize,fixed,0.6,0.5,9,38,16,24,0.1,owlv2
AOI_2_Vegas_img1566,AOI_2_Vegas,AOI_2_Vegas:-11527:3616,test,owlv2,blur_resize,fixed,0.9,0.5,1,15,16,19,0.05,owlv2
AOI_2_Vegas_img1566,AOI_2_Vegas,AOI_2_Vegas:-11527:3616,test,owlv2,blur_resize,fixed,1.2,0.5,1,4,16,18,0.0,owlv2
AOI_2_Vegas_img1566,AOI_2_Vegas,AOI_2_Vegas:-11527:3616,test,owlv2,blur_resize,fixed,1.8,0.5,0,0,16,8,0.0,owlv2
AOI_2_Vegas_img1566,AOI_2_Vegas,AOI_2_Vegas:-11527:3616,test,owlv2,blur_resize,fixed,2.4,0.5,0,0,16,12,0.0,owlv2
AOI_2_Vegas_img1566,AOI_2_Vegas,AOI_2_Vegas:-11527:3616,test,owlv2,blur_resize,fixed,3.6,0.5,0,0,16,8,0.0,owlv2
AOI_2_Vegas_img1566,AOI_2_Vegas,AOI_2_Vegas:-11527:3616,test,owlv2,blur_resize,fixed,5.0,0.5,0,0,16,4,0.0,owlv2
AOI_2_Vegas_img1566,AOI_2_Vegas,AOI_2_Vegas:-11527:3616,test,owlv2,blur_resize,fixed,10.0,0.5,0,0,16,0,0.0,owlv2
AOI_2_Vegas_img1582,AOI_2_Vegas,AOI_2_Vegas:-11527:3619,test,owlv2,blur_resize,fixed,0.3,0.5,7,90,19,56,0.1,owlv2
AOI_2_Vegas_img1582,AOI_2_Vegas,AOI_2_Vegas:-11527:3619,test,owlv2,blur_resize,fixed,0.45,0.5,6,25,19,34,0.1,owlv2
AOI_2_Vegas_img1582,AOI_2_Vegas,AOI_2_Vegas:-11527:3619,test,owlv2,blur_resize,fixed,0.6,0.5,7,24,19,34,0.05,owlv2
AOI_2_Vegas_img1582,AOI_2_Vegas,AOI_2_Vegas:-11527:3619,test,owlv2,blur_resize,fixed,0.9,0.5,5,8,19,16,0.0,owlv2
AOI_2_Vegas_img1582,AOI_2_Vegas,AOI_2_Vegas:-11527:3619,test,owlv2,blur_resize,fixed,1.2,0.5,3,4,19,17,0.0,owlv2
AOI_2_Vegas_img1582,AOI_2_Vegas,AOI_2_Vegas:-11527:3619,test,owlv2,blur_resize,fixed,1.8,0.5,2,6,19,21,0.0,owlv2
AOI_2_Vegas_img1582,AOI_2_Vegas,AOI_2_Vegas:-11527:3619,test,owlv2,blur_resize,fixed,2.4,0.5,3,4,19,19,0.0,owlv2
AOI_2_Vegas_img1582,AOI_2_Vegas,AOI_2_Vegas:-11527:3619,test,owlv2,blur_resize,fixed,3.6,0.5,0,0,19,1,0.0,owlv2
AOI_2_Vegas_img1582,AOI_2_Vegas,AOI_2_Vegas:-11527:3619,test,owlv2,blur_resize,fixed,5.0,0.5,0,0,19,0,0.0,owlv2
AOI_2_Vegas_img1582,AOI_2_Vegas,AOI_2_Vegas:-11527:3619,test,owlv2,blur_resize,fixed,10.0,0.5,0,0,19,0,0.0,owlv2
AOI_2_Vegas_img1601,AOI_2_Vegas,AOI_2_Vegas:-11527:3623,test,owlv2,blur_resize,fixed,0.3,0.5,7,135,17,74,0.55,owlv2
AOI_2_Vegas_img1601,AOI_2_Vegas,AOI_2_Vegas:-11527:3623,test,owlv2,blur_resize,fixed,0.45,0.5,4,85,17,69,0.5,owlv2
AOI_2_Vegas_img1601,AOI_2_Vegas,AOI_2_Vegas:-11527:3623,test,owlv2,blur_resize,fixed,0.6,0.5,6,68,17,62,0.6,owlv2
AOI_2_Vegas_img1601,AOI_2_Vegas,AOI_2_Vegas:-11527:3623,test,owlv2,blur_resize,fixed,0.9,0.5,4,51,17,57,0.3,owlv2
AOI_2_Vegas_img1601,AOI_2_Vegas,AOI_2_Vegas:-11527:3623,test,owlv2,blur_resize,fixed,1.2,0.5,4,48,17,67,0.35,owlv2
AOI_2_Vegas_img1601,AOI_2_Vegas,AOI_2_Vegas:-11527:3623,test,owlv2,blur_resize,fixed,1.8,0.5,1,29,17,57,0.25,owlv2
AOI_2_Vegas_img1601,AOI_2_Vegas,AOI_2_Vegas:-11527:3623,test,owlv2,blur_resize,fixed,2.4,0.5,1,8,17,46,0.1,owlv2
AOI_2_Vegas_img1601,AOI_2_Vegas,AOI_2_Vegas:-11527:3623,test,owlv2,blur_resize,fixed,3.6,0.5,0,0,17,0,0.0,owlv2
AOI_2_Vegas_img1601,AOI_2_Vegas,AOI_2_Vegas:-11527:3623,test,owlv2,blur_resize,fixed,5.0,0.5,0,0,17,0,0.0,owlv2
AOI_2_Vegas_img1601,AOI_2_Vegas,AOI_2_Vegas:-11527:3623,test,owlv2,blur_resize,fixed,10.0,0.5,0,0,17,0,0.0,owlv2
AOI_2_Vegas_img1605,AOI_2_Vegas,AOI_2_Vegas:-11527:3612,test,owlv2,blur_resize,fixed,0.3,0.5,15,105,22,30,0.75,owlv2
AOI_2_Vegas_img1605,AOI_2_Vegas,AOI_2_Vegas:-11527:3612,test,owlv2,blur_resize,fixed,0.45,0.5,15,72,22,29,0.3,owlv2
AOI_2_Vegas_img1605,AOI_2_Vegas,AOI_2_Vegas:-11527:3612,test,owlv2,blur_resize,fixed,0.6,0.5,12,54,22,26,0.3,owlv2
AOI_2_Vegas_img1605,AOI_2_Vegas,AOI_2_Vegas:-11527:3612,test,owlv2,blur_resize,fixed,0.9,0.5,10,24,22,21,0.3,owlv2
AOI_2_Vegas_img1605,AOI_2_Vegas,AOI_2_Vegas:-11527:3612,test,owlv2,blur_resize,fixed,1.2,0.5,11,18,22,26,0.1,owlv2
AOI_2_Vegas_img1605,AOI_2_Vegas,AOI_2_Vegas:-11527:3612,test,owlv2,blur_resize,fixed,1.8,0.5,1,6,22,10,0.15,owlv2
AOI_2_Vegas_img1605,AOI_2_Vegas,AOI_2_Vegas:-11527:3612,test,owlv2,blur_resize,fixed,2.4,0.5,0,0,22,6,0.0,owlv2
AOI_2_Vegas_img1605,AOI_2_Vegas,AOI_2_Vegas:-11527:3612,test,owlv2,blur_resize,fixed,3.6,0.5,0,0,22,2,0.0,owlv2
AOI_2_Vegas_img1605,AOI_2_Vegas,AOI_2_Vegas:-11527:3612,test,owlv2,blur_resize,fixed,5.0,0.5,0,0,22,3,0.0,owlv2
AOI_2_Vegas_img1605,AOI_2_Vegas,AOI_2_Vegas:-11527:3612,test,owlv2,blur_resize,fixed,10.0,0.5,0,0,22,0,0.0,owlv2
AOI_2_Vegas_img1626,AOI_2_Vegas,AOI_2_Vegas:-11527:3616,test,owlv2,blur_resize,fixed,0.3,0.5,29,168,38,58,2.3,owlv2
AOI_2_Vegas_img1626,AOI_2_Vegas,AOI_2_Vegas:-11527:3616,test,owlv2,blur_resize,fixed,0.45,0.5,22,65,38,47,1.65,owlv2
AOI_2_Vegas_img1626,AOI_2_Vegas,AOI_2_Vegas:-11527:3616,test,owlv2,blur_resize,fixed,0.6,0.5,19,47,38,38,1.3,owlv2
AOI_2_Vegas_img1626,AOI_2_Vegas,AOI_2_Vegas:-11527:3616,test,owlv2,blur_resize,fixed,0.9,0.5,15,40,38,39,1.25,owlv2
AOI_2_Vegas_img1626,AOI_2_Vegas,AOI_2_Vegas:-11527:3616,test,owlv2,blur_resize,fixed,1.2,0.5,13,50,38,36,1.25,owlv2
AOI_2_Vegas_img1626,AOI_2_Vegas,AOI_2_Vegas:-11527:3616,test,owlv2,blur_resize,fixed,1.8,0.5,10,32,38,31,0.6,owlv2
AOI_2_Vegas_img1626,AOI_2_Vegas,AOI_2_Vegas:-11527:3616,test,owlv2,blur_resize,fixed,2.4,0.5,0,0,38,0,0.0,owlv2
AOI_2_Vegas_img1626,AOI_2_Vegas,AOI_2_Vegas:-11527:3616,test,owlv2,blur_resize,fixed,3.6,0.5,0,0,38,0,0.0,owlv2
AOI_2_Vegas_img1626,AOI_2_Vegas,AOI_2_Vegas:-11527:3616,test,owlv2,blur_resize,fixed,5.0,0.5,0,0,38,0,0.0,owlv2
AOI_2_Vegas_img1626,AOI_2_Vegas,AOI_2_Vegas:-11527:3616,test,owlv2,blur_resize,fixed,10.0,0.5,0,0,38,0,0.0,owlv2
AOI_2_Vegas_img166,AOI_2_Vegas,AOI_2_Vegas:-11531:3612,test,owlv2,blur_resize,fixed,0.3,0.5,17,85,18,14,1.05,owlv2
AOI_2_Vegas_img166,AOI_2_Vegas,AOI_2_Vegas:-11531:3612,test,owlv2,blur_resize,fixed,0.45,0.5,15,58,18,11,1.0,owlv2
AOI_2_Vegas_img166,AOI_2_Vegas,AOI_2_Vegas:-11531:3612,test,owlv2,blur_resize,fixed,0.6,0.5,16,39,18,10,0.45,owlv2
AOI_2_Vegas_img166,AOI_2_Vegas,AOI_2_Vegas:-11531:3612,test,owlv2,blur_resize,fixed,0.9,0.5,13,20,18,7,0.35,owlv2
AOI_2_Vegas_img166,AOI_2_Vegas,AOI_2_Vegas:-11531:3612,test,owlv2,blur_resize,fixed,1.2,0.5,9,16,18,1,0.15,owlv2
AOI_2_Vegas_img166,AOI_2_Vegas,AOI_2_Vegas:-11531:3612,test,owlv2,blur_resize,fixed,1.8,0.5,9,15,18,5,0.1,owlv2
AOI_2_Vegas_img166,AOI_2_Vegas,AOI_2_Vegas:-11531:3612,test,owlv2,blur_resize,fixed,2.4,0.5,4,7,18,1,0.05,owlv2
AOI_2_Vegas_img166,AOI_2_Vegas,AOI_2_Vegas:-11531:3612,test,owlv2,blur_resize,fixed,3.6,0.5,0,0,18,0,0.0,owlv2
AOI_2_Vegas_img166,AOI_2_Vegas,AOI_2_Vegas:-11531:3612,test,owlv2,blur_resize,fixed,5.0,0.5,0,0,18,0,0.0,owlv2
AOI_2_Vegas_img166,AOI_2_Vegas,AOI_2_Vegas:-11531:3612,test,owlv2,blur_resize,fixed,10.0,0.5,0,0,18,0,0.0,owlv2
AOI_2_Vegas_img1669,AOI_2_Vegas,AOI_2_Vegas:-11526:3613,test,owlv2,blur_resize,fixed,0.3,0.5,13,219,28,58,0.8,owlv2
AOI_2_Vegas_img1669,AOI_2_Vegas,AOI_2_Vegas:-11526:3613,test,owlv2,blur_resize,fixed,0.45,0.5,12,114,28,49,0.8,owlv2
AOI_2_Vegas_img1669,AOI_2_Vegas,AOI_2_Vegas:-11526:3613,test,owlv2,blur_resize,fixed,0.6,0.5,9,80,28,44,0.4,owlv2
AOI_2_Vegas_img1669,AOI_2_Vegas,AOI_2_Vegas:-11526:3613,test,owlv2,blur_resize,fixed,0.9,0.5,9,82,28,48,0.4,owlv2
AOI_2_Vegas_img1669,AOI_2_Vegas,AOI_2_Vegas:-11526:3613,test,owlv2,blur_resize,fixed,1.2,0.5,8,70,28,53,0.7,owlv2
AOI_2_Vegas_img1669,AOI_2_Vegas,AOI_2_Vegas:-11526:3613,test,owlv2,blur_resize,fixed,1.8,0.5,4,42,28,37,0.35,owlv2
AOI_2_Vegas_img1669,AOI_2_Vegas,AOI_2_Vegas:-11526:3613,test,owlv2,blur_resize,fixed,2.4,0.5,0,4,28,19,0.1,owlv2
AOI_2_Vegas_img1669,AOI_2_Vegas,AOI_2_Vegas:-11526:3613,test,owlv2,blur_resize,fixed,3.6,0.5,0,0,28,1,0.0,owlv2
AOI_2_Vegas_img1669,AOI_2_Vegas,AOI_2_Vegas:-11526:3613,test,owlv2,blur_resize,fixed,5.0,0.5,0,0,28,0,0.0,owlv2
AOI_2_Vegas_img1669,AOI_2_Vegas,AOI_2_Vegas:-11526:3613,test,owlv2,blur_resize,fixed,10.0,0.5,0,0,28,0,0.0,owlv2
AOI_2_Vegas_img1671,AOI_2_Vegas,AOI_2_Vegas:-11526:3613,test,owlv2,blur_resize,fixed,0.3,0.5,9,125,21,52,0.25,owlv2
AOI_2_Vegas_img1671,AOI_2_Vegas,AOI_2_Vegas:-11526:3613,test,owlv2,blur_resize,fixed,0.45,0.5,9,88,21,46,0.65,owlv2
AOI_2_Vegas_img1671,AOI_2_Vegas,AOI_2_Vegas:-11526:3613,test,owlv2,blur_resize,fixed,0.6,0.5,9,82,21,44,0.35,owlv2
AOI_2_Vegas_img1671,AOI_2_Vegas,AOI_2_Vegas:-11526:3613,test,owlv2,blur_resize,fixed,0.9,0.5,10,81,21,47,0.6,owlv2
AOI_2_Vegas_img1671,AOI_2_Vegas,AOI_2_Vegas:-11526:3613,test,owlv2,blur_resize,fixed,1.2,0.5,7,80,21,51,0.4,owlv2
AOI_2_Vegas_img1671,AOI_2_Vegas,AOI_2_Vegas:-11526:3613,test,owlv2,blur_resize,fixed,1.8,0.5,7,37,21,37,0.5,owlv2
AOI_2_Vegas_img1671,AOI_2_Vegas,AOI_2_Vegas:-11526:3613,test,owlv2,blur_resize,fixed,2.4,0.5,3,10,21,34,0.2,owlv2
AOI_2_Vegas_img1671,AOI_2_Vegas,AOI_2_Vegas:-11526:3613,test,owlv2,blur_resize,fixed,3.6,0.5,1,1,21,16,0.0,owlv2
AOI_2_Vegas_img1671,AOI_2_Vegas,AOI_2_Vegas:-11526:3613,test,owlv2,blur_resize,fixed,5.0,0.5,0,0,21,3,0.0,owlv2
AOI_2_Vegas_img1671,AOI_2_Vegas,AOI_2_Vegas:-11526:3613,test,owlv2,blur_resize,fixed,10.0,0.5,0,0,21,0,0.0,owlv2
AOI_2_Vegas_img1697,AOI_2_Vegas,AOI_2_Vegas:-11526:3618,test,owlv2,blur_resize,fixed,0.3,0.5,5,22,9,32,0.05,owlv2
AOI_2_Vegas_img1697,AOI_2_Vegas,AOI_2_Vegas:-11526:3618,test,owlv2,blur_resize,fixed,0.45,0.5,2,3,9,16,0.05,owlv2
AOI_2_Vegas_img1697,AOI_2_Vegas,AOI_2_Vegas:-11526:3618,test,owlv2,blur_resize,fixed,0.6,0.5,1,1,9,6,0.0,owlv2
AOI_2_Vegas_img1697,AOI_2_Vegas,AOI_2_Vegas:-11526:3618,test,owlv2,blur_resize,fixed,0.9,0.5,0,0,9,4,0.0,owlv2
AOI_2_Vegas_img1697,AOI_2_Vegas,AOI_2_Vegas:-11526:3618,test,owlv2,blur_resize,fixed,1.2,0.5,0,0,9,3,0.0,owlv2
AOI_2_Vegas_img1697,AOI_2_Vegas,AOI_2_Vegas:-11526:3618,test,owlv2,blur_resize,fixed,1.8,0.5,0,0,9,3,0.0,owlv2
AOI_2_Vegas_img1697,AOI_2_Vegas,AOI_2_Vegas:-11526:3618,test,owlv2,blur_resize,fixed,2.4,0.5,0,0,9,3,0.0,owlv2
AOI_2_Vegas_img1697,AOI_2_Vegas,AOI_2_Vegas:-11526:3618,test,owlv2,blur_resize,fixed,3.6,0.5,0,0,9,1,0.0,owlv2
AOI_2_Vegas_img1697,AOI_2_Vegas,AOI_2_Vegas:-11526:3618,test,owlv2,blur_resize,fixed,5.0,0.5,0,0,9,5,0.0,owlv2
AOI_2_Vegas_img1697,AOI_2_Vegas,AOI_2_Vegas:-11526:3618,test,owlv2,blur_resize,fixed,10.0,0.5,0,0,9,0,0.0,owlv2
AOI_2_Vegas_img1746,AOI_2_Vegas,AOI_2_Vegas:-11526:3615,test,owlv2,blur_resize,fixed,0.3,0.5,8,219,18,59,0.8,owlv2
AOI_2_Vegas_img1746,AOI_2_Vegas,AOI_2_Vegas:-11526:3615,test,owlv2,blur_resize,fixed,0.45,0.5,6,116,18,43,0.35,owlv2
AOI_2_Vegas_img1746,AOI_2_Vegas,AOI_2_Vegas:-11526:3615,test,owlv2,blur_resize,fixed,0.6,0.5,5,99,18,40,0.15,owlv2
AOI_2_Vegas_img1746,AOI_2_Vegas,AOI_2_Vegas:-11526:3615,test,owlv2,blur_resize,fixed,0.9,0.5,5,101,18,34,0.15,owlv2
AOI_2_Vegas_img1746,AOI_2_Vegas,AOI_2_Vegas:-11526:3615,test,owlv2,blur_resize,fixed,1.2,0.5,5,102,18,35,0.35,owlv2
AOI_2_Vegas_img1746,AOI_2_Vegas,AOI_2_Vegas:-11526:3615,test,owlv2,blur_resize,fixed,1.8,0.5,3,37,18,14,0.15,owlv2
AOI_2_Vegas_img1746,AOI_2_Vegas,AOI_2_Vegas:-11526:3615,test,owlv2,blur_resize,fixed,2.4,0.5,3,6,18,12,0.0,owlv2
AOI_2_Vegas_img1746,AOI_2_Vegas,AOI_2_Vegas:-11526:3615,test,owlv2,blur_resize,fixed,3.6,0.5,0,0,18,3,0.0,owlv2
AOI_2_Vegas_img1746,AOI_2_Vegas,AOI_2_Vegas:-11526:3615,test,owlv2,blur_resize,fixed,5.0,0.5,0,0,18,5,0.0,owlv2
AOI_2_Vegas_img1746,AOI_2_Vegas,AOI_2_Vegas:-11526:3615,test,owlv2,blur_resize,fixed,10.0,0.5,0,0,18,0,0.0,owlv2
AOI_2_Vegas_img1762,AOI_2_Vegas,AOI_2_Vegas:-11526:3618,test,owlv2,blur_resize,fixed,0.3,0.5,39,262,71,30,4.75,owlv2
AOI_2_Vegas_img1762,AOI_2_Vegas,AOI_2_Vegas:-11526:3618,test,owlv2,blur_resize,fixed,0.45,0.5,22,128,71,24,2.15,owlv2
AOI_2_Vegas_img1762,AOI_2_Vegas,AOI_2_Vegas:-11526:3618,test,owlv2,blur_resize,fixed,0.6,0.5,3,29,71,12,0.65,owlv2
AOI_2_Vegas_img1762,AOI_2_Vegas,AOI_2_Vegas:-11526:3618,test,owlv2,blur_resize,fixed,0.9,0.5,0,0,71,0,0.0,owlv2
AOI_2_Vegas_img1762,AOI_2_Vegas,AOI_2_Vegas:-11526:3618,test,owlv2,blur_resize,fixed,1.2,0.5,0,0,71,3,0.0,owlv2
AOI_2_Vegas_img1762,AOI_2_Vegas,AOI_2_Vegas:-11526:3618,test,owlv2,blur_resize,fixed,1.8,0.5,0,0,71,0,0.0,owlv2
AOI_2_Vegas_img1762,AOI_2_Vegas,AOI_2_Vegas:-11526:3618,test,owlv2,blur_resize,fixed,2.4,0.5,0,0,71,0,0.0,owlv2
AOI_2_Vegas_img1762,AOI_2_Vegas,AOI_2_Vegas:-11526:3618,test,owlv2,blur_resize,fixed,3.6,0.5,0,0,71,0,0.0,owlv2
AOI_2_Vegas_img1762,AOI_2_Vegas,AOI_2_Vegas:-11526:3618,test,owlv2,blur_resize,fixed,5.0,0.5,0,0,71,0,0.0,owlv2
AOI_2_Vegas_img1762,AOI_2_Vegas,AOI_2_Vegas:-11526:3618,test,owlv2,blur_resize,fixed,10.0,0.5,0,0,71,0,0.0,owlv2
AOI_2_Vegas_img1773,AOI_2_Vegas,AOI_2_Vegas:-11526:3620,test,owlv2,blur_resize,fixed,0.3,0.5,1,102,9,54,0.0,owlv2
AOI_2_Vegas_img1773,AOI_2_Vegas,AOI_2_Vegas:-11526:3620,test,owlv2,blur_resize,fixed,0.45,0.5,1,32,9,27,0.0,owlv2
AOI_2_Vegas_img1773,AOI_2_Vegas,AOI_2_Vegas:-11526:3620,test,owlv2,blur_resize,fixed,0.6,0.5,1,26,9,23,0.05,owlv2
AOI_2_Vegas_img1773,AOI_2_Vegas,AOI_2_Vegas:-11526:3620,test,owlv2,blur_resize,fixed,0.9,0.5,0,12,9,19,0.0,owlv2
AOI_2_Vegas_img1773,AOI_2_Vegas,AOI_2_Vegas:-11526:3620,test,owlv2,blur_resize,fixed,1.2,0.5,0,9,9,19,0.0,owlv2
AOI_2_Vegas_img1773,AOI_2_Vegas,AOI_2_Vegas:-11526:3620,test,owlv2,blur_resize,fixed,1.8,0.5,0,13,9,33,0.0,owlv2
AOI_2_Vegas_img1773,AOI_2_Vegas,AOI_2_Vegas:-11526:3620,test,owlv2,blur_resize,fixed,2.4,0.5,0,9,9,29,0.0,owlv2
AOI_2_Vegas_img1773,AOI_2_Vegas,AOI_2_Vegas:-11526:3620,test,owlv2,blur_resize,fixed,3.6,0.5,0,0,9,11,0.0,owlv2
AOI_2_Vegas_img1773,AOI_2_Vegas,AOI_2_Vegas:-11526:3620,test,owlv2,blur_resize,fixed,5.0,0.5,0,0,9,9,0.0,owlv2
AOI_2_Vegas_img1773,AOI_2_Vegas,AOI_2_Vegas:-11526:3620,test,owlv2,blur_resize,fixed,10.0,0.5,0,0,9,0,0.0,owlv2
AOI_2_Vegas_img1784,AOI_2_Vegas,AOI_2_Vegas:-11526:3622,test,owlv2,blur_resize,fixed,0.3,0.5,25,256,53,42,1.65,owlv2
AOI_2_Vegas_img1784,AOI_2_Vegas,AOI_2_Vegas:-11526:3622,test,owlv2,blur_resize,fixed,0.45,0.5,20,85,53,41,0.8,owlv2
AOI_2_Vegas_img1784,AOI_2_Vegas,AOI_2_Vegas:-11526:3622,test,owlv2,blur_resize,fixed,0.6,0.5,12,47,53,38,1.1,owlv2
AOI_2_Vegas_img1784,AOI_2_Vegas,AOI_2_Vegas:-11526:3622,test,owlv2,blur_resize,fixed,0.9,0.5,12,29,53,19,0.8,owlv2
AOI_2_Vegas_img1784,AOI_2_Vegas,AOI_2_Vegas:-11526:3622,test,owlv2,blur_resize,fixed,1.2,0.5,8,18,53,20,0.65,owlv2
AOI_2_Vegas_img1784,AOI_2_Vegas,AOI_2_Vegas:-11526:3622,test,owlv2,blur_resize,fixed,1.8,0.5,7,11,53,15,0.3,owlv2
AOI_2_Vegas_img1784,AOI_2_Vegas,AOI_2_Vegas:-11526:3622,test,owlv2,blur_resize,fixed,2.4,0.5,0,0,53,1,0.0,owlv2
AOI_2_Vegas_img1784,AOI_2_Vegas,AOI_2_Vegas:-11526:3622,test,owlv2,blur_resize,fixed,3.6,0.5,0,0,53,0,0.0,owlv2
AOI_2_Vegas_img1784,AOI_2_Vegas,AOI_2_Vegas:-11526:3622,test,owlv2,blur_resize,fixed,5.0,0.5,0,0,53,0,0.0,owlv2
AOI_2_Vegas_img1784,AOI_2_Vegas,AOI_2_Vegas:-11526:3622,test,owlv2,blur_resize,fixed,10.0,0.5,0,0,53,0,0.0,owlv2
AOI_2_Vegas_img1791,AOI_2_Vegas,AOI_2_Vegas:-11526:3612,test,owlv2,blur_resize,fixed,0.3,0.5,3,78,6,23,0.0,owlv2
AOI_2_Vegas_img1791,AOI_2_Vegas,AOI_2_Vegas:-11526:3612,test,owlv2,blur_resize,fixed,0.45,0.5,2,43,6,20,0.05,owlv2
AOI_2_Vegas_img1791,AOI_2_Vegas,AOI_2_Vegas:-11526:3612,test,owlv2,blur_resize,fixed,0.6,0.5,1,17,6,14,0.0,owlv2
AOI_2_Vegas_img1791,AOI_2_Vegas,AOI_2_Vegas:-11526:3612,test,owlv2,blur_resize,fixed,0.9,0.5,0,4,6,7,0.05,owlv2
AOI_2_Vegas_img1791,AOI_2_Vegas,AOI_2_Vegas:-11526:3612,test,owlv2,blur_resize,fixed,1.2,0.5,0,3,6,6,0.1,owlv2
AOI_2_Vegas_img1791,AOI_2_Vegas,AOI_2_Vegas:-11526:3612,test,owlv2,blur_resize,fixed,1.8,0.5,0,0,6,7,0.0,owlv2
AOI_2_Vegas_img1791,AOI_2_Vegas,AOI_2_Vegas:-11526:3612,test,owlv2,blur_resize,fixed,2.4,0.5,0,0,6,3,0.0,owlv2
AOI_2_Vegas_img1791,AOI_2_Vegas,AOI_2_Vegas:-11526:3612,test,owlv2,blur_resize,fixed,3.6,0.5,0,0,6,3,0.0,owlv2
AOI_2_Vegas_img1791,AOI_2_Vegas,AOI_2_Vegas:-11526:3612,test,owlv2,blur_resize,fixed,5.0,0.5,0,0,6,3,0.0,owlv2
AOI_2_Vegas_img1791,AOI_2_Vegas,AOI_2_Vegas:-11526:3612,test,owlv2,blur_resize,fixed,10.0,0.5,0,0,6,0,0.0,owlv2
AOI_2_Vegas_img1816,AOI_2_Vegas,AOI_2_Vegas:-11526:3617,test,owlv2,blur_resize,fixed,0.3,0.5,34,187,45,68,3.1,owlv2
AOI_2_Vegas_img1816,AOI_2_Vegas,AOI_2_Vegas:-11526:3617,test,owlv2,blur_resize,fixed,0.45,0.5,33,86,45,56,2.75,owlv2
AOI_2_Vegas_img1816,AOI_2_Vegas,AOI_2_Vegas:-11526:3617,test,owlv2,blur_resize,fixed,0.6,0.5,30,63,45,51,2.0,owlv2
AOI_2_Vegas_img1816,AOI_2_Vegas,AOI_2_Vegas:-11526:3617,test,owlv2,blur_resize,fixed,0.9,0.5,25,51,45,42,1.2,owlv2
AOI_2_Vegas_img1816,AOI_2_Vegas,AOI_2_Vegas:-11526:3617,test,owlv2,blur_resize,fixed,1.2,0.5,17,54,45,40,1.65,owlv2
AOI_2_Vegas_img1816,AOI_2_Vegas,AOI_2_Vegas:-11526:3617,test,owlv2,blur_resize,fixed,1.8,0.5,11,26,45,30,0.9,owlv2
AOI_2_Vegas_img1816,AOI_2_Vegas,AOI_2_Vegas:-11526:3617,test,owlv2,blur_resize,fixed,2.4,0.5,0,2,45,11,0.0,owlv2
AOI_2_Vegas_img1816,AOI_2_Vegas,AOI_2_Vegas:-11526:3617,test,owlv2,blur_resize,fixed,3.6,0.5,0,0,45,0,0.0,owlv2
AOI_2_Vegas_img1816,AOI_2_Vegas,AOI_2_Vegas:-11526:3617,test,owlv2,blur_resize,fixed,5.0,0.5,0,0,45,0,0.0,owlv2
AOI_2_Vegas_img1816,AOI_2_Vegas,AOI_2_Vegas:-11526:3617,test,owlv2,blur_resize,fixed,10.0,0.5,0,0,45,0,0.0,owlv2
AOI_2_Vegas_img1827,AOI_2_Vegas,AOI_2_Vegas:-11526:3619,test,owlv2,blur_resize,fixed,0.3,0.5,55,240,58,46,4.95,owlv2
AOI_2_Vegas_img1827,AOI_2_Vegas,AOI_2_Vegas:-11526:3619,test,owlv2,blur_resize,fixed,0.45,0.5,52,150,58,42,4.5,owlv2
AOI_2_Vegas_img1827,AOI_2_Vegas,AOI_2_Vegas:-11526:3619,test,owlv2,blur_resize,fixed,0.6,0.5,51,102,58,31,3.4,owlv2
AOI_2_Vegas_img1827,AOI_2_Vegas,AOI_2_Vegas:-11526:3619,test,owlv2,blur_resize,fixed,0.9,0.5,41,60,58,17,2.35,owlv2
AOI_2_Vegas_img1827,AOI_2_Vegas,AOI_2_Vegas:-11526:3619,test,owlv2,blur_resize,fixed,1.2,0.5,41,59,58,16,2.8,owlv2
AOI_2_Vegas_img1827,AOI_2_Vegas,AOI_2_Vegas:-11526:3619,test,owlv2,blur_resize,fixed,1.8,0.5,1,3,58,3,0.05,owlv2
AOI_2_Vegas_img1827,AOI_2_Vegas,AOI_2_Vegas:-11526:3619,test,owlv2,blur_resize,fixed,2.4,0.5,0,0,58,0,0.0,owlv2
AOI_2_Vegas_img1827,AOI_2_Vegas,AOI_2_Vegas:-11526:3619,test,owlv2,blur_resize,fixed,3.6,0.5,0,0,58,0,0.0,owlv2
AOI_2_Vegas_img1827,AOI_2_Vegas,AOI_2_Vegas:-11526:3619,test,owlv2,blur_resize,fixed,5.0,0.5,0,0,58,0,0.0,owlv2
AOI_2_Vegas_img1827,AOI_2_Vegas,AOI_2_Vegas:-11526:3619,test,owlv2,blur_resize,fixed,10.0,0.5,0,0,58,0,0.0,owlv2
AOI_2_Vegas_img1862,AOI_2_Vegas,AOI_2_Vegas:-11526:3614,test,owlv2,blur_resize,fixed,0.3,0.5,3,101,13,86,0.15,owlv2
AOI_2_Vegas_img1862,AOI_2_Vegas,AOI_2_Vegas:-11526:3614,test,owlv2,blur_resize,fixed,0.45,0.5,2,57,13,72,0.05,owlv2
AOI_2_Vegas_img1862,AOI_2_Vegas,AOI_2_Vegas:-11526:3614,test,owlv2,blur_resize,fixed,0.6,0.5,2,40,13,56,0.05,owlv2
AOI_2_Vegas_img1862,AOI_2_Vegas,AOI_2_Vegas:-11526:3614,test,owlv2,blur_resize,fixed,0.9,0.5,2,13,13,31,0.05,owlv2
AOI_2_Vegas_img1862,AOI_2_Vegas,AOI_2_Vegas:-11526:3614,test,owlv2,blur_resize,fixed,1.2,0.5,2,6,13,36,0.05,owlv2
AOI_2_Vegas_img1862,AOI_2_Vegas,AOI_2_Vegas:-11526:3614,test,owlv2,blur_resize,fixed,1.8,0.5,1,1,13,18,0.0,owlv2
AOI_2_Vegas_img1862,AOI_2_Vegas,AOI_2_Vegas:-11526:3614,test,owlv2,blur_resize,fixed,2.4,0.5,0,0,13,8,0.0,owlv2
AOI_2_Vegas_img1862,AOI_2_Vegas,AOI_2_Vegas:-11526:3614,test,owlv2,blur_resize,fixed,3.6,0.5,0,0,13,7,0.0,owlv2
AOI_2_Vegas_img1862,AOI_2_Vegas,AOI_2_Vegas:-11526:3614,test,owlv2,blur_resize,fixed,5.0,0.5,0,0,13,7,0.0,owlv2
AOI_2_Vegas_img1862,AOI_2_Vegas,AOI_2_Vegas:-11526:3614,test,owlv2,blur_resize,fixed,10.0,0.5,0,0,13,0,0.0,owlv2
AOI_2_Vegas_img189,AOI_2_Vegas,AOI_2_Vegas:-11531:3616,test,owlv2,blur_resize,fixed,0.3,0.5,7,85,17,39,0.9,owlv2
AOI_2_Vegas_img189,AOI_2_Vegas,AOI_2_Vegas:-11531:3616,test,owlv2,blur_resize,fixed,0.45,0.5,8,57,17,27,0.85,owlv2
AOI_2_Vegas_img189,AOI_2_Vegas,AOI_2_Vegas:-11531:3616,test,owlv2,blur_resize,fixed,0.6,0.5,8,50,17,27,0.75,owlv2
AOI_2_Vegas_img189,AOI_2_Vegas,AOI_2_Vegas:-11531:3616,test,owlv2,blur_resize,fixed,0.9,0.5,5,31,17,30,0.45,owlv2
AOI_2_Vegas_img189,AOI_2_Vegas,AOI_2_Vegas:-11531:3616,test,owlv2,blur_resize,fixed,1.2,0.5,5,44,17,31,0.9,owlv2
AOI_2_Vegas_img189,AOI_2_Vegas,AOI_2_Vegas:-11531:3616,test,owlv2,blur_resize,fixed,1.8,0.5,4,44,17,26,0.7,owlv2
AOI_2_Vegas_img189,AOI_2_Vegas,AOI_2_Vegas:-11531:3616,test,owlv2,blur_resize,fixed,2.4,0.5,3,30,17,23,0.45,owlv2
AOI_2_Vegas_img189,AOI_2_Vegas,AOI_2_Vegas:-11531:3616,test,owlv2,blur_resize,fixed,3.6,0.5,2,6,17,26,0.1,owlv2
AOI_2_Vegas_img189,AOI_2_Vegas,AOI_2_Vegas:-11531:3616,test,owlv2,blur_resize,fixed,5.0,0.5,1,1,17,7,0.05,owlv2
AOI_2_Vegas_img189,AOI_2_Vegas,AOI_2_Vegas:-11531:3616,test,owlv2,blur_resize,fixed,10.0,0.5,0,0,17,0,0.0,owlv2
AOI_2_Vegas_img1894,AOI_2_Vegas,AOI_2_Vegas:-11526:3620,test,owlv2,blur_resize,fixed,0.3,0.5,4,36,9,41,0.0,owlv2
AOI_2_Vegas_img1894,AOI_2_Vegas,AOI_2_Vegas:-11526:3620,test,owlv2,blur_resize,fixed,0.45,0.5,1,20,9,32,0.0,owlv2
AOI_2_Vegas_img1894,AOI_2_Vegas,AOI_2_Vegas:-11526:3620,test,owlv2,blur_resize,fixed,0.6,0.5,1,10,9,25,0.0,owlv2
AOI_2_Vegas_img1894,AOI_2_Vegas,AOI_2_Vegas:-11526:3620,test,owlv2,blur_resize,fixed,0.9,0.5,0,3,9,18,0.0,owlv2
AOI_2_Vegas_img1894,AOI_2_Vegas,AOI_2_Vegas:-11526:3620,test,owlv2,blur_resize,fixed,1.2,0.5,1,1,9,6,0.0,owlv2
AOI_2_Vegas_img1894,AOI_2_Vegas,AOI_2_Vegas:-11526:3620,test,owlv2,blur_resize,fixed,1.8,0.5,0,0,9,2,0.0,owlv2
AOI_2_Vegas_img1894,AOI_2_Vegas,AOI_2_Vegas:-11526:3620,test,owlv2,blur_resize,fixed,2.4,0.5,0,0,9,0,0.0,owlv2
AOI_2_Vegas_img1894,AOI_2_Vegas,AOI_2_Vegas:-11526:3620,test,owlv2,blur_resize,fixed,3.6,0.5,0,0,9,2,0.0,owlv2
AOI_2_Vegas_img1894,AOI_2_Vegas,AOI_2_Vegas:-11526:3620,test,owlv2,blur_resize,fixed,5.0,0.5,0,0,9,1,0.0,owlv2
AOI_2_Vegas_img1894,AOI_2_Vegas,AOI_2_Vegas:-11526:3620,test,owlv2,blur_resize,fixed,10.0,0.5,0,0,9,0,0.0,owlv2
AOI_2_Vegas_img190,AOI_2_Vegas,AOI_2_Vegas:-11531:3616,test,owlv2,blur_resize,fixed,0.3,0.5,10,92,22,29,0.75,owlv2
AOI_2_Vegas_img190,AOI_2_Vegas,AOI_2_Vegas:-11531:3616,test,owlv2,blur_resize,fixed,0.45,0.5,10,38,22,16,0.65,owlv2
AOI_2_Vegas_img190,AOI_2_Vegas,AOI_2_Vegas:-11531:3616,test,owlv2,blur_resize,fixed,0.6,0.5,13,43,22,18,0.9,owlv2
AOI_2_Vegas_img190,AOI_2_Vegas,AOI_2_Vegas:-11531:3616,test,owlv2,blur_resize,fixed,0.9,0.5,9,33,22,19,0.5,owlv2
AOI_2_Vegas_img190,AOI_2_Vegas,AOI_2_Vegas:-11531:3616,test,owlv2,blur_resize,fixed,1.2,0.5,7,32,22,20,0.6,owlv2
AOI_2_Vegas_img190,AOI_2_Vegas,AOI_2_Vegas:-11531:3616,test,owlv2,blur_resize,fixed,1.8,0.5,4,14,22,18,0.3,owlv2
AOI_2_Vegas_img190,AOI_2_Vegas,AOI_2_Vegas:-11531:3616,test,owlv2,blur_resize,fixed,2.4,0.5,1,5,22,20,0.05,owlv2
AOI_2_Vegas_img190,AOI_2_Vegas,AOI_2_Vegas:-11531:3616,test,owlv2,blur_resize,fixed,3.6,0.5,0,1,22,13,0.0,owlv2
AOI_2_Vegas_img190,AOI_2_Vegas,AOI_2_Vegas:-11531:3616,test,owlv2,blur_resize,fixed,5.0,0.5,0,0,22,2,0.0,owlv2
AOI_2_Vegas_img190,AOI_2_Vegas,AOI_2_Vegas:-11531:3616,test,owlv2,blur_resize,fixed,10.0,0.5,0,0,22,0,0.0,owlv2
AOI_2_Vegas_img1915,AOI_2_Vegas,AOI_2_Vegas:-11526:3612,test,owlv2,blur_resize,fixed,0.3,0.5,7,140,18,36,0.6,owlv2
AOI_2_Vegas_img1915,AOI_2_Vegas,AOI_2_Vegas:-11526:3612,test,owlv2,blur_resize,fixed,0.45,0.5,7,82,18,30,0.4,owlv2
AOI_2_Vegas_img1915,AOI_2_Vegas,AOI_2_Vegas:-11526:3612,test,owlv2,blur_resize,fixed,0.6,0.5,6,65,18,25,0.15,owlv2
AOI_2_Vegas_img1915,AOI_2_Vegas,AOI_2_Vegas:-11526:3612,test,owlv2,blur_resize,fixed,0.9,0.5,4,50,18,28,0.05,owlv2
AOI_2_Vegas_img1915,AOI_2_Vegas,AOI_2_Vegas:-11526:3612,test,owlv2,blur_resize,fixed,1.2,0.5,4,47,18,27,0.3,owlv2
AOI_2_Vegas_img1915,AOI_2_Vegas,AOI_2_Vegas:-11526:3612,test,owlv2,blur_resize,fixed,1.8,0.5,2,19,18,22,0.1,owlv2
AOI_2_Vegas_img1915,AOI_2_Vegas,AOI_2_Vegas:-11526:3612,test,owlv2,blur_resize,fixed,2.4,0.5,0,8,18,20,0.05,owlv2
AOI_2_Vegas_img1915,AOI_2_Vegas,AOI_2_Vegas:-11526:3612,test,owlv2,blur_resize,fixed,3.6,0.5,0,0,18,3,0.0,owlv2
AOI_2_Vegas_img1915,AOI_2_Vegas,AOI_2_Vegas:-11526:3612,test,owlv2,blur_resize,fixed,5.0,0.5,0,0,18,0,0.0,owlv2
AOI_2_Vegas_img1915,AOI_2_Vegas,AOI_2_Vegas:-11526:3612,test,owlv2,blur_resize,fixed,10.0,0.5,0,0,18,0,0.0,owlv2
AOI_2_Vegas_img1970,AOI_2_Vegas,AOI_2_Vegas:-11526:3622,test,owlv2,blur_resize,fixed,0.3,0.5,0,4,1,5,0.0,owlv2
AOI_2_Vegas_img1970,AOI_2_Vegas,AOI_2_Vegas:-11526:3622,test,owlv2,blur_resize,fixed,0.45,0.5,0,2,1,5,0.0,owlv2
AOI_2_Vegas_img1970,AOI_2_Vegas,AOI_2_Vegas:-11526:3622,test,owlv2,blur_resize,fixed,0.6,0.5,0,6,1,4,0.0,owlv2
AOI_2_Vegas_img1970,AOI_2_Vegas,AOI_2_Vegas:-11526:3622,test,owlv2,blur_resize,fixed,0.9,0.5,0,1,1,1,0.0,owlv2
AOI_2_Vegas_img1970,AOI_2_Vegas,AOI_2_Vegas:-11526:3622,test,owlv2,blur_resize,fixed,1.2,0.5,0,0,1,0,0.0,owlv2
AOI_2_Vegas_img1970,AOI_2_Vegas,AOI_2_Vegas:-11526:3622,test,owlv2,blur_resize,fixed,1.8,0.5,0,0,1,0,0.0,owlv2
AOI_2_Vegas_img1970,AOI_2_Vegas,AOI_2_Vegas:-11526:3622,test,owlv2,blur_resize,fixed,2.4,0.5,0,0,1,0,0.0,owlv2
AOI_2_Vegas_img1970,AOI_2_Vegas,AOI_2_Vegas:-11526:3622,test,owlv2,blur_resize,fixed,3.6,0.5,0,0,1,0,0.0,owlv2
AOI_2_Vegas_img1970,AOI_2_Vegas,AOI_2_Vegas:-11526:3622,test,owlv2,blur_resize,fixed,5.0,0.5,0,0,1,1,0.0,owlv2
AOI_2_Vegas_img1970,AOI_2_Vegas,AOI_2_Vegas:-11526:3622,test,owlv2,blur_resize,fixed,10.0,0.5,0,0,1,0,0.0,owlv2
AOI_2_Vegas_img1973,AOI_2_Vegas,AOI_2_Vegas:-11526:3623,test,owlv2,blur_resize,fixed,0.3,0.5,0,7,4,1,0.0,owlv2
AOI_2_Vegas_img1973,AOI_2_Vegas,AOI_2_Vegas:-11526:3623,test,owlv2,blur_resize,fixed,0.45,0.5,0,4,4,2,0.0,owlv2
AOI_2_Vegas_img1973,AOI_2_Vegas,AOI_2_Vegas:-11526:3623,test,owlv2,blur_resize,fixed,0.6,0.5,0,3,4,1,0.0,owlv2
AOI_2_Vegas_img1973,AOI_2_Vegas,AOI_2_Vegas:-11526:3623,test,owlv2,blur_resize,fixed,0.9,0.5,0,3,4,0,0.0,owlv2
AOI_2_Vegas_img1973,AOI_2_Vegas,AOI_2_Vegas:-11526:3623,test,owlv2,blur_resize,fixed,1.2,0.5,0,1,4,1,0.0,owlv2
AOI_2_Vegas_img1973,AOI_2_Vegas,AOI_2_Vegas:-11526:3623,test,owlv2,blur_resize,fixed,1.8,0.5,0,0,4,2,0.0,owlv2
AOI_2_Vegas_img1973,AOI_2_Vegas,AOI_2_Vegas:-11526:3623,test,owlv2,blur_resize,fixed,2.4,0.5,0,0,4,0,0.0,owlv2
AOI_2_Vegas_img1973,AOI_2_Vegas,AOI_2_Vegas:-11526:3623,test,owlv2,blur_resize,fixed,3.6,0.5,0,0,4,2,0.0,owlv2
AOI_2_Vegas_img1973,AOI_2_Vegas,AOI_2_Vegas:-11526:3623,test,owlv2,blur_resize,fixed,5.0,0.5,0,0,4,2,0.0,owlv2
AOI_2_Vegas_img1973,AOI_2_Vegas,AOI_2_Vegas:-11526:3623,test,owlv2,blur_resize,fixed,10.0,0.5,0,0,4,0,0.0,owlv2
AOI_2_Vegas_img1985,AOI_2_Vegas,AOI_2_Vegas:-11526:3614,test,owlv2,blur_resize,fixed,0.3,0.5,11,161,25,55,0.85,owlv2
AOI_2_Vegas_img1985,AOI_2_Vegas,AOI_2_Vegas:-11526:3614,test,owlv2,blur_resize,fixed,0.45,0.5,6,77,25,46,0.4,owlv2
AOI_2_Vegas_img1985,AOI_2_Vegas,AOI_2_Vegas:-11526:3614,test,owlv2,blur_resize,fixed,0.6,0.5,7,60,25,40,0.55,owlv2
AOI_2_Vegas_img1985,AOI_2_Vegas,AOI_2_Vegas:-11526:3614,test,owlv2,blur_resize,fixed,0.9,0.5,8,42,25,43,0.45,owlv2
AOI_2_Vegas_img1985,AOI_2_Vegas,AOI_2_Vegas:-11526:3614,test,owlv2,blur_resize,fixed,1.2,0.5,8,48,25,53,0.35,owlv2
AOI_2_Vegas_img1985,AOI_2_Vegas,AOI_2_Vegas:-11526:3614,test,owlv2,blur_resize,fixed,1.8,0.5,4,35,25,41,0.4,owlv2
AOI_2_Vegas_img1985,AOI_2_Vegas,AOI_2_Vegas:-11526:3614,test,owlv2,blur_resize,fixed,2.4,0.5,3,12,25,33,0.1,owlv2
AOI_2_Vegas_img1985,AOI_2_Vegas,AOI_2_Vegas:-11526:3614,test,owlv2,blur_resize,fixed,3.6,0.5,0,0,25,3,0.0,owlv2
AOI_2_Vegas_img1985,AOI_2_Vegas,AOI_2_Vegas:-11526:3614,test,owlv2,blur_resize,fixed,5.0,0.5,0,0,25,1,0.0,owlv2
AOI_2_Vegas_img1985,AOI_2_Vegas,AOI_2_Vegas:-11526:3614,test,owlv2,blur_resize,fixed,10.0,0.5,0,0,25,0,0.0,owlv2
AOI_2_Vegas_img2046,AOI_2_Vegas,AOI_2_Vegas:-11525:3613,test,owlv2,blur_resize,fixed,0.3,0.5,18,242,32,69,1.25,owlv2
AOI_2_Vegas_img2046,AOI_2_Vegas,AOI_2_Vegas:-11525:3613,test,owlv2,blur_resize,fixed,0.45,0.5,11,124,32,60,1.1,owlv2
AOI_2_Vegas_img2046,AOI_2_Vegas,AOI_2_Vegas:-11525:3613,test,owlv2,blur_resize,fixed,0.6,0.5,7,95,32,60,0.95,owlv2
AOI_2_Vegas_img2046,AOI_2_Vegas,AOI_2_Vegas:-11525:3613,test,owlv2,blur_resize,fixed,0.9,0.5,11,84,32,54,1.0,owlv2
AOI_2_Vegas_img2046,AOI_2_Vegas,AOI_2_Vegas:-11525:3613,test,owlv2,blur_resize,fixed,1.2,0.5,10,86,32,67,0.9,owlv2
AOI_2_Vegas_img2046,AOI_2_Vegas,AOI_2_Vegas:-11525:3613,test,owlv2,blur_resize,fixed,1.8,0.5,7,50,32,66,0.55,owlv2
AOI_2_Vegas_img2046,AOI_2_Vegas,AOI_2_Vegas:-11525:3613,test,owlv2,blur_resize,fixed,2.4,0.5,1,11,32,26,0.2,owlv2
AOI_2_Vegas_img2046,AOI_2_Vegas,AOI_2_Vegas:-11525:3613,test,owlv2,blur_resize,fixed,3.6,0.5,0,0,32,4,0.0,owlv2
AOI_2_Vegas_img2046,AOI_2_Vegas,AOI_2_Vegas:-11525:3613,test,owlv2,blur_resize,fixed,5.0,0.5,0,0,32,1,0.0,owlv2
AOI_2_Vegas_img2046,AOI_2_Vegas,AOI_2_Vegas:-11525:3613,test,owlv2,blur_resize,fixed,10.0,0.5,0,0,32,0,0.0,owlv2
AOI_2_Vegas_img2065,AOI_2_Vegas,AOI_2_Vegas:-11525:3617,test,owlv2,blur_resize,fixed,0.3,0.5,35,315,57,60,5.45,owlv2
AOI_2_Vegas_img2065,AOI_2_Vegas,AOI_2_Vegas:-11525:3617,test,owlv2,blur_resize,fixed,0.45,0.5,22,120,57,38,2.7,owlv2
AOI_2_Vegas_img2065,AOI_2_Vegas,AOI_2_Vegas:-11525:3617,test,owlv2,blur_resize,fixed,0.6,0.5,15,103,57,33,2.4,owlv2
AOI_2_Vegas_img2065,AOI_2_Vegas,AOI_2_Vegas:-11525:3617,test,owlv2,blur_resize,fixed,0.9,0.5,15,79,57,37,2.2,owlv2
AOI_2_Vegas_img2065,AOI_2_Vegas,AOI_2_Vegas:-11525:3617,test,owlv2,blur_resize,fixed,1.2,0.5,18,95,57,38,2.35,owlv2
AOI_2_Vegas_img2065,AOI_2_Vegas,AOI_2_Vegas:-11525:3617,test,owlv2,blur_resize,fixed,1.8,0.5,15,55,57,18,2.05,owlv2
AOI_2_Vegas_img2065,AOI_2_Vegas,AOI_2_Vegas:-11525:3617,test,owlv2,blur_resize,fixed,2.4,0.5,0,0,57,0,0.0,owlv2
AOI_2_Vegas_img2065,AOI_2_Vegas,AOI_2_Vegas:-11525:3617,test,owlv2,blur_resize,fixed,3.6,0.5,0,0,57,0,0.0,owlv2
AOI_2_Vegas_img2065,AOI_2_Vegas,AOI_2_Vegas:-11525:3617,test,owlv2,blur_resize,fixed,5.0,0.5,0,0,57,0,0.0,owlv2
AOI_2_Vegas_img2065,AOI_2_Vegas,AOI_2_Vegas:-11525:3617,test,owlv2,blur_resize,fixed,10.0,0.5,0,0,57,0,0.0,owlv2
AOI_2_Vegas_img2108,AOI_2_Vegas,AOI_2_Vegas:-11525:3613,test,owlv2,blur_resize,fixed,0.3,0.5,14,279,21,52,1.15,owlv2
AOI_2_Vegas_img2108,AOI_2_Vegas,AOI_2_Vegas:-11525:3613,test,owlv2,blur_resize,fixed,0.45,0.5,12,153,21,43,0.55,owlv2
AOI_2_Vegas_img2108,AOI_2_Vegas,AOI_2_Vegas:-11525:3613,test,owlv2,blur_resize,fixed,0.6,0.5,12,100,21,36,0.75,owlv2
AOI_2_Vegas_img2108,AOI_2_Vegas,AOI_2_Vegas:-11525:3613,test,owlv2,blur_resize,fixed,0.9,0.5,12,86,21,45,0.7,owlv2
AOI_2_Vegas_img2108,AOI_2_Vegas,AOI_2_Vegas:-11525:3613,test,owlv2,blur_resize,fixed,1.2,0.5,11,73,21,44,0.6,owlv2
AOI_2_Vegas_img2108,AOI_2_Vegas,AOI_2_Vegas:-11525:3613,test,owlv2,blur_resize,fixed,1.8,0.5,8,44,21,37,0.35,owlv2
AOI_2_Vegas_img2108,AOI_2_Vegas,AOI_2_Vegas:-11525:3613,test,owlv2,blur_resize,fixed,2.4,0.5,4,11,21,18,0.3,owlv2
AOI_2_Vegas_img2108,AOI_2_Vegas,AOI_2_Vegas:-11525:3613,test,owlv2,blur_resize,fixed,3.6,0.5,0,0,21,0,0.0,owlv2
AOI_2_Vegas_img2108,AOI_2_Vegas,AOI_2_Vegas:-11525:3613,test,owlv2,blur_resize,fixed,5.0,0.5,0,0,21,0,0.0,owlv2
AOI_2_Vegas_img2108,AOI_2_Vegas,AOI_2_Vegas:-11525:3613,test,owlv2,blur_resize,fixed,10.0,0.5,0,0,21,0,0.0,owlv2
AOI_2_Vegas_img2109,AOI_2_Vegas,AOI_2_Vegas:-11525:3613,test,owlv2,blur_resize,fixed,0.3,0.5,15,161,24,45,0.75,owlv2
AOI_2_Vegas_img2109,AOI_2_Vegas,AOI_2_Vegas:-11525:3613,test,owlv2,blur_resize,fixed,0.45,0.5,8,67,24,30,0.25,owlv2
AOI_2_Vegas_img2109,AOI_2_Vegas,AOI_2_Vegas:-11525:3613,test,owlv2,blur_resize,fixed,0.6,0.5,5,30,24,19,0.1,owlv2
AOI_2_Vegas_img2109,AOI_2_Vegas,AOI_2_Vegas:-11525:3613,test,owlv2,blur_resize,fixed,0.9,0.5,3,24,24,23,0.1,owlv2
AOI_2_Vegas_img2109,AOI_2_Vegas,AOI_2_Vegas:-11525:3613,test,owlv2,blur_resize,fixed,1.2,0.5,2,9,24,17,0.15,owlv2
AOI_2_Vegas_img2109,AOI_2_Vegas,AOI_2_Vegas:-11525:3613,test,owlv2,blur_resize,fixed,1.8,0.5,1,5,24,16,0.1,owlv2
AOI_2_Vegas_img2109,AOI_2_Vegas,AOI_2_Vegas:-11525:3613,test,owlv2,blur_resize,fixed,2.4,0.5,0,0,24,1,0.0,owlv2
AOI_2_Vegas_img2109,AOI_2_Vegas,AOI_2_Vegas:-11525:3613,test,owlv2,blur_resize,fixed,3.6,0.5,0,0,24,0,0.0,owlv2
AOI_2_Vegas_img2109,AOI_2_Vegas,AOI_2_Vegas:-11525:3613,test,owlv2,blur_resize,fixed,5.0,0.5,0,0,24,0,0.0,owlv2
AOI_2_Vegas_img2109,AOI_2_Vegas,AOI_2_Vegas:-11525:3613,test,owlv2,blur_resize,fixed,10.0,0.5,0,0,24,0,0.0,owlv2
AOI_2_Vegas_img2110,AOI_2_Vegas,AOI_2_Vegas:-11525:3613,test,owlv2,blur_resize,fixed,0.3,0.5,6,44,12,35,0.25,owlv2
AOI_2_Vegas_img2110,AOI_2_Vegas,AOI_2_Vegas:-11525:3613,test,owlv2,blur_resize,fixed,0.45,0.5,7,26,12,23,0.05,owlv2
AOI_2_Vegas_img2110,AOI_2_Vegas,AOI_2_Vegas:-11525:3613,test,owlv2,blur_resize,fixed,0.6,0.5,6,24,12,25,0.0,owlv2
AOI_2_Vegas_img2110,AOI_2_Vegas,AOI_2_Vegas:-11525:3613,test,owlv2,blur_resize,fixed,0.9,0.5,3,20,12,27,0.0,owlv2
AOI_2_Vegas_img2110,AOI_2_Vegas,AOI_2_Vegas:-11525:3613,test,owlv2,blur_resize,fixed,1.2,0.5,3,13,12,30,0.05,owlv2
AOI_2_Vegas_img2110,AOI_2_Vegas,AOI_2_Vegas:-11525:3613,test,owlv2,blur_resize,fixed,1.8,0.5,1,3,12,12,0.0,owlv2
AOI_2_Vegas_img2110,AOI_2_Vegas,AOI_2_Vegas:-11525:3613,test,owlv2,blur_resize,fixed,2.4,0.5,0,0,12,0,0.0,owlv2
AOI_2_Vegas_img2110,AOI_2_Vegas,AOI_2_Vegas:-11525:3613,test,owlv2,blur_resize,fixed,3.6,0.5,0,0,12,0,0.0,owlv2
AOI_2_Vegas_img2110,AOI_2_Vegas,AOI_2_Vegas:-11525:3613,test,owlv2,blur_resize,fixed,5.0,0.5,0,0,12,0,0.0,owlv2
AOI_2_Vegas_img2110,AOI_2_Vegas,AOI_2_Vegas:-11525:3613,test,owlv2,blur_resize,fixed,10.0,0.5,0,0,12,0,0.0,owlv2
AOI_2_Vegas_img2202,AOI_2_Vegas,AOI_2_Vegas:-11525:3617,test,owlv2,blur_resize,fixed,0.3,0.5,0,0,0,0,0.0,owlv2
AOI_2_Vegas_img2202,AOI_2_Vegas,AOI_2_Vegas:-11525:3617,test,owlv2,blur_resize,fixed,0.45,0.5,0,0,0,0,0.0,owlv2
AOI_2_Vegas_img2202,AOI_2_Vegas,AOI_2_Vegas:-11525:3617,test,owlv2,blur_resize,fixed,0.6,0.5,0,0,0,0,0.0,owlv2
AOI_2_Vegas_img2202,AOI_2_Vegas,AOI_2_Vegas:-11525:3617,test,owlv2,blur_resize,fixed,0.9,0.5,0,0,0,0,0.0,owlv2
AOI_2_Vegas_img2202,AOI_2_Vegas,AOI_2_Vegas:-11525:3617,test,owlv2,blur_resize,fixed,1.2,0.5,0,0,0,0,0.0,owlv2
AOI_2_Vegas_img2202,AOI_2_Vegas,AOI_2_Vegas:-11525:3617,test,owlv2,blur_resize,fixed,1.8,0.5,0,0,0,0,0.0,owlv2
AOI_2_Vegas_img2202,AOI_2_Vegas,AOI_2_Vegas:-11525:3617,test,owlv2,blur_resize,fixed,2.4,0.5,0,0,0,0,0.0,owlv2
AOI_2_Vegas_img2202,AOI_2_Vegas,AOI_2_Vegas:-11525:3617,test,owlv2,blur_resize,fixed,3.6,0.5,0,0,0,0,0.0,owlv2
AOI_2_Vegas_img2202,AOI_2_Vegas,AOI_2_Vegas:-11525:3617,test,owlv2,blur_resize,fixed,5.0,0.5,0,0,0,0,0.0,owlv2
AOI_2_Vegas_img2202,AOI_2_Vegas,AOI_2_Vegas:-11525:3617,test,owlv2,blur_resize,fixed,10.0,0.5,0,0,0,0,0.0,owlv2
AOI_2_Vegas_img2207,AOI_2_Vegas,AOI_2_Vegas:-11525:3618,test,owlv2,blur_resize,fixed,0.3,0.5,12,60,24,52,0.75,owlv2
AOI_2_Vegas_img2207,AOI_2_Vegas,AOI_2_Vegas:-11525:3618,test,owlv2,blur_resize,fixed,0.45,0.5,10,27,24,35,0.6,owlv2
AOI_2_Vegas_img2207,AOI_2_Vegas,AOI_2_Vegas:-11525:3618,test,owlv2,blur_resize,fixed,0.6,0.5,9,15,24,33,0.8,owlv2
AOI_2_Vegas_img2207,AOI_2_Vegas,AOI_2_Vegas:-11525:3618,test,owlv2,blur_resize,fixed,0.9,0.5,3,4,24,28,0.2,owlv2
AOI_2_Vegas_img2207,AOI_2_Vegas,AOI_2_Vegas:-11525:3618,test,owlv2,blur_resize,fixed,1.2,0.5,2,3,24,21,0.1,owlv2
AOI_2_Vegas_img2207,AOI_2_Vegas,AOI_2_Vegas:-11525:3618,test,owlv2,blur_resize,fixed,1.8,0.5,2,3,24,13,0.0,owlv2
AOI_2_Vegas_img2207,AOI_2_Vegas,AOI_2_Vegas:-11525:3618,test,owlv2,blur_resize,fixed,2.4,0.5,0,0,24,3,0.0,owlv2
AOI_2_Vegas_img2207,AOI_2_Vegas,AOI_2_Vegas:-11525:3618,test,owlv2,blur_resize,fixed,3.6,0.5,0,0,24,0,0.0,owlv2
AOI_2_Vegas_img2207,AOI_2_Vegas,AOI_2_Vegas:-11525:3618,test,owlv2,blur_resize,fixed,5.0,0.5,0,0,24,0,0.0,owlv2
AOI_2_Vegas_img2207,AOI_2_Vegas,AOI_2_Vegas:-11525:3618,test,owlv2,blur_resize,fixed,10.0,0.5,0,0,24,0,0.0,owlv2
AOI_2_Vegas_img2218,AOI_2_Vegas,AOI_2_Vegas:-11525:3620,test,owlv2,blur_resize,fixed,0.3,0.5,14,175,14,45,0.45,owlv2
AOI_2_Vegas_img2218,AOI_2_Vegas,AOI_2_Vegas:-11525:3620,test,owlv2,blur_resize,fixed,0.45,0.5,13,72,14,40,0.35,owlv2
AOI_2_Vegas_img2218,AOI_2_Vegas,AOI_2_Vegas:-11525:3620,test,owlv2,blur_resize,fixed,0.6,0.5,12,44,14,37,0.25,owlv2
AOI_2_Vegas_img2218,AOI_2_Vegas,AOI_2_Vegas:-11525:3620,test,owlv2,blur_resize,fixed,0.9,0.5,11,24,14,32,0.0,owlv2
AOI_2_Vegas_img2218,AOI_2_Vegas,AOI_2_Vegas:-11525:3620,test,owlv2,blur_resize,fixed,1.2,0.5,10,18,14,28,0.05,owlv2
AOI_2_Vegas_img2218,AOI_2_Vegas,AOI_2_Vegas:-11525:3620,test,owlv2,blur_resize,fixed,1.8,0.5,2,4,14,20,0.1,owlv2
AOI_2_Vegas_img2218,AOI_2_Vegas,AOI_2_Vegas:-11525:3620,test,owlv2,blur_resize,fixed,2.4,0.5,0,0,14,3,0.0,owlv2
AOI_2_Vegas_img2218,AOI_2_Vegas,AOI_2_Vegas:-11525:3620,test,owlv2,blur_resize,fixed,3.6,0.5,0,0,14,3,0.0,owlv2
AOI_2_Vegas_img2218,AOI_2_Vegas,AOI_2_Vegas:-11525:3620,test,owlv2,blur_resize,fixed,5.0,0.5,0,0,14,3,0.0,owlv2
AOI_2_Vegas_img2218,AOI_2_Vegas,AOI_2_Vegas:-11525:3620,test,owlv2,blur_resize,fixed,10.0,0.5,0,0,14,1,0.0,owlv2
AOI_2_Vegas_img2230,AOI_2_Vegas,AOI_2_Vegas:-11525:3622,test,owlv2,blur_resize,fixed,0.3,0.5,15,201,30,56,1.6,owlv2
AOI_2_Vegas_img2230,AOI_2_Vegas,AOI_2_Vegas:-11525:3622,test,owlv2,blur_resize,fixed,0.45,0.5,14,129,30,40,1.05,owlv2
AOI_2_Vegas_img2230,AOI_2_Vegas,AOI_2_Vegas:-11525:3622,test,owlv2,blur_resize,fixed,0.6,0.5,15,91,30,41,0.85,owlv2
AOI_2_Vegas_img2230,AOI_2_Vegas,AOI_2_Vegas:-11525:3622,test,owlv2,blur_resize,fixed,0.9,0.5,9,54,30,36,0.65,owlv2
AOI_2_Vegas_img2230,AOI_2_Vegas,AOI_2_Vegas:-11525:3622,test,owlv2,blur_resize,fixed,1.2,0.5,8,33,30,35,0.65,owlv2
AOI_2_Vegas_img2230,AOI_2_Vegas,AOI_2_Vegas:-11525:3622,test,owlv2,blur_resize,fixed,1.8,0.5,8,21,30,33,0.6,owlv2
AOI_2_Vegas_img2230,AOI_2_Vegas,AOI_2_Vegas:-11525:3622,test,owlv2,blur_resize,fixed,2.4,0.5,2,6,30,26,0.5,owlv2
AOI_2_Vegas_img2230,AOI_2_Vegas,AOI_2_Vegas:-11525:3622,test,owlv2,blur_resize,fixed,3.6,0.5,0,0,30,8,0.0,owlv2
AOI_2_Vegas_img2230,AOI_2_Vegas,AOI_2_Vegas:-11525:3622,test,owlv2,blur_resize,fixed,5.0,0.5,0,0,30,0,0.0,owlv2
AOI_2_Vegas_img2230,AOI_2_Vegas,AOI_2_Vegas:-11525:3622,test,owlv2,blur_resize,fixed,10.0,0.5,0,0,30,1,0.0,owlv2
AOI_2_Vegas_img2236,AOI_2_Vegas,AOI_2_Vegas:-11525:3623,test,owlv2,blur_resize,fixed,0.3,0.5,49,218,73,66,3.9,owlv2
AOI_2_Vegas_img2236,AOI_2_Vegas,AOI_2_Vegas:-11525:3623,test,owlv2,blur_resize,fixed,0.45,0.5,39,91,73,42,2.3,owlv2
AOI_2_Vegas_img2236,AOI_2_Vegas,AOI_2_Vegas:-11525:3623,test,owlv2,blur_resize,fixed,0.6,0.5,35,75,73,47,2.1,owlv2
AOI_2_Vegas_img2236,AOI_2_Vegas,AOI_2_Vegas:-11525:3623,test,owlv2,blur_resize,fixed,0.9,0.5,29,67,73,64,1.6,owlv2
AOI_2_Vegas_img2236,AOI_2_Vegas,AOI_2_Vegas:-11525:3623,test,owlv2,blur_resize,fixed,1.2,0.5,24,50,73,56,1.2,owlv2
AOI_2_Vegas_img2236,AOI_2_Vegas,AOI_2_Vegas:-11525:3623,test,owlv2,blur_resize,fixed,1.8,0.5,12,20,73,42,0.4,owlv2
AOI_2_Vegas_img2236,AOI_2_Vegas,AOI_2_Vegas:-11525:3623,test,owlv2,blur_resize,fixed,2.4,0.5,1,9,73,38,0.15,owlv2
AOI_2_Vegas_img2236,AOI_2_Vegas,AOI_2_Vegas:-11525:3623,test,owlv2,blur_resize,fixed,3.6,0.5,0,0,73,18,0.0,owlv2
AOI_2_Vegas_img2236,AOI_2_Vegas,AOI_2_Vegas:-11525:3623,test,owlv2,blur_resize,fixed,5.0,0.5,0,0,73,0,0.0,owlv2
AOI_2_Vegas_img2236,AOI_2_Vegas,AOI_2_Vegas:-11525:3623,test,owlv2,blur_resize,fixed,10.0,0.5,0,0,73,0,0.0,owlv2
AOI_2_Vegas_img2267,AOI_2_Vegas,AOI_2_Vegas:-11525:3616,test,owlv2,blur_resize,fixed,0.3,0.5,39,284,58,62,4.1,owlv2
AOI_2_Vegas_img2267,AOI_2_Vegas,AOI_2_Vegas:-11525:3616,test,owlv2,blur_resize,fixed,0.45,0.5,31,153,58,36,2.75,owlv2
AOI_2_Vegas_img2267,AOI_2_Vegas,AOI_2_Vegas:-11525:3616,test,owlv2,blur_resize,fixed,0.6,0.5,22,89,58,24,1.7,owlv2
AOI_2_Vegas_img2267,AOI_2_Vegas,AOI_2_Vegas:-11525:3616,test,owlv2,blur_resize,fixed,0.9,0.5,17,68,58,19,1.55,owlv2
AOI_2_Vegas_img2267,AOI_2_Vegas,AOI_2_Vegas:-11525:3616,test,owlv2,blur_resize,fixed,1.2,0.5,18,58,58,17,0.9,owlv2
AOI_2_Vegas_img2267,AOI_2_Vegas,AOI_2_Vegas:-11525:3616,test,owlv2,blur_resize,fixed,1.8,0.5,28,50,58,17,0.9,owlv2
AOI_2_Vegas_img2267,AOI_2_Vegas,AOI_2_Vegas:-11525:3616,test,owlv2,blur_resize,fixed,2.4,0.5,4,16,58,18,0.3,owlv2
AOI_2_Vegas_img2267,AOI_2_Vegas,AOI_2_Vegas:-11525:3616,test,owlv2,blur_resize,fixed,3.6,0.5,0,0,58,0,0.0,owlv2
AOI_2_Vegas_img2267,AOI_2_Vegas,AOI_2_Vegas:-11525:3616,test,owlv2,blur_resize,fixed,5.0,0.5,0,0,58,0,0.0,owlv2
AOI_2_Vegas_img2267,AOI_2_Vegas,AOI_2_Vegas:-11525:3616,test,owlv2,blur_resize,fixed,10.0,0.5,0,0,58,0,0.0,owlv2
AOI_2_Vegas_img227,AOI_2_Vegas,AOI_2_Vegas:-11530:3613,test,owlv2,blur_resize,fixed,0.3,0.5,23,210,42,62,3.65,owlv2
AOI_2_Vegas_img227,AOI_2_Vegas,AOI_2_Vegas:-11530:3613,test,owlv2,blur_resize,fixed,0.45,0.5,16,113,42,38,1.8,owlv2
AOI_2_Vegas_img227,AOI_2_Vegas,AOI_2_Vegas:-11530:3613,test,owlv2,blur_resize,fixed,0.6,0.5,13,58,42,25,1.5,owlv2
AOI_2_Vegas_img227,AOI_2_Vegas,AOI_2_Vegas:-11530:3613,test,owlv2,blur_resize,fixed,0.9,0.5,12,43,42,18,0.9,owlv2
AOI_2_Vegas_img227,AOI_2_Vegas,AOI_2_Vegas:-11530:3613,test,owlv2,blur_resize,fixed,1.2,0.5,9,34,42,17,0.65,owlv2
AOI_2_Vegas_img227,AOI_2_Vegas,AOI_2_Vegas:-11530:3613,test,owlv2,blur_resize,fixed,1.8,0.5,11,29,42,10,0.45,owlv2
AOI_2_Vegas_img227,AOI_2_Vegas,AOI_2_Vegas:-11530:3613,test,owlv2,blur_resize,fixed,2.4,0.5,1,6,42,4,0.1,owlv2
AOI_2_Vegas_img227,AOI_2_Vegas,AOI_2_Vegas:-11530:3613,test,owlv2,blur_resize,fixed,3.6,0.5,0,0,42,0,0.0,owlv2
AOI_2_Vegas_img227,AOI_2_Vegas,AOI_2_Vegas:-11530:3613,test,owlv2,blur_resize,fixed,5.0,0.5,0,0,42,0,0.0,owlv2
AOI_2_Vegas_img227,AOI_2_Vegas,AOI_2_Vegas:-11530:3613,test,owlv2,blur_resize,fixed,10.0,0.5,0,0,42,0,0.0,owlv2
AOI_2_Vegas_img2276,AOI_2_Vegas,AOI_2_Vegas:-11525:3617,test,owlv2,blur_resize,fixed,0.3,0.5,0,0,0,1,0.0,owlv2
AOI_2_Vegas_img2276,AOI_2_Vegas,AOI_2_Vegas:-11525:3617,test,owlv2,blur_resize,fixed,0.45,0.5,0,0,0,0,0.0,owlv2
AOI_2_Vegas_img2276,AOI_2_Vegas,AOI_2_Vegas:-11525:3617,test,owlv2,blur_resize,fixed,0.6,0.5,0,0,0,0,0.0,owlv2
AOI_2_Vegas_img2276,AOI_2_Vegas,AOI_2_Vegas:-11525:3617,test,owlv2,blur_resize,fixed,0.9,0.5,0,0,0,0,0.0,owlv2
AOI_2_Vegas_img2276,AOI_2_Vegas,AOI_2_Vegas:-11525:3617,test,owlv2,blur_resize,fixed,1.2,0.5,0,0,0,0,0.0,owlv2
AOI_2_Vegas_img2276,AOI_2_Vegas,AOI_2_Vegas:-11525:3617,test,owlv2,blur_resize,fixed,1.8,0.5,0,0,0,0,0.0,owlv2
AOI_2_Vegas_img2276,AOI_2_Vegas,AOI_2_Vegas:-11525:3617,test,owlv2,blur_resize,fixed,2.4,0.5,0,0,0,0,0.0,owlv2
AOI_2_Vegas_img2276,AOI_2_Vegas,AOI_2_Vegas:-11525:3617,test,owlv2,blur_resize,fixed,3.6,0.5,0,0,0,0,0.0,owlv2
AOI_2_Vegas_img2276,AOI_2_Vegas,AOI_2_Vegas:-11525:3617,test,owlv2,blur_resize,fixed,5.0,0.5,0,0,0,0,0.0,owlv2
AOI_2_Vegas_img2276,AOI_2_Vegas,AOI_2_Vegas:-11525:3617,test,owlv2,blur_resize,fixed,10.0,0.5,0,0,0,0,0.0,owlv2
AOI_2_Vegas_img2281,AOI_2_Vegas,AOI_2_Vegas:-11525:3618,test,owlv2,blur_resize,fixed,0.3,0.5,4,31,14,34,0.05,owlv2
AOI_2_Vegas_img2281,AOI_2_Vegas,AOI_2_Vegas:-11525:3618,test,owlv2,blur_resize,fixed,0.45,0.5,1,6,14,12,0.05,owlv2
AOI_2_Vegas_img2281,AOI_2_Vegas,AOI_2_Vegas:-11525:3618,test,owlv2,blur_resize,fixed,0.6,0.5,0,0,14,4,0.0,owlv2
AOI_2_Vegas_img2281,AOI_2_Vegas,AOI_2_Vegas:-11525:3618,test,owlv2,blur_resize,fixed,0.9,0.5,0,0,14,0,0.0,owlv2
AOI_2_Vegas_img2281,AOI_2_Vegas,AOI_2_Vegas:-11525:3618,test,owlv2,blur_resize,fixed,1.2,0.5,0,0,14,0,0.0,owlv2
AOI_2_Vegas_img2281,AOI_2_Vegas,AOI_2_Vegas:-11525:3618,test,owlv2,blur_resize,fixed,1.8,0.5,0,0,14,4,0.0,owlv2
AOI_2_Vegas_img2281,AOI_2_Vegas,AOI_2_Vegas:-11525:3618,test,owlv2,blur_resize,fixed,2.4,0.5,0,0,14,9,0.0,owlv2
AOI_2_Vegas_img2281,AOI_2_Vegas,AOI_2_Vegas:-11525:3618,test,owlv2,blur_resize,fixed,3.6,0.5,0,0,14,7,0.0,owlv2
AOI_2_Vegas_img2281,AOI_2_Vegas,AOI_2_Vegas:-11525:3618,test,owlv2,blur_resize,fixed,5.0,0.5,0,0,14,4,0.0,owlv2
AOI_2_Vegas_img2281,AOI_2_Vegas,AOI_2_Vegas:-11525:3618,test,owlv2,blur_resize,fixed,10.0,0.5,0,0,14,0,0.0,owlv2
AOI_2_Vegas_img2302,AOI_2_Vegas,AOI_2_Vegas:-11525:3622,test,owlv2,blur_resize,fixed,0.3,0.5,38,367,58,70,5.75,owlv2
AOI_2_Vegas_img2302,AOI_2_Vegas,AOI_2_Vegas:-11525:3622,test,owlv2,blur_resize,fixed,0.45,0.5,25,118,58,40,3.2,owlv2
AOI_2_Vegas_img2302,AOI_2_Vegas,AOI_2_Vegas:-11525:3622,test,owlv2,blur_resize,fixed,0.6,0.5,21,88,58,37,2.15,owlv2
AOI_2_Vegas_img2302,AOI_2_Vegas,AOI_2_Vegas:-11525:3622,test,owlv2,blur_resize,fixed,0.9,0.5,17,86,58,28,2.8,owlv2
AOI_2_Vegas_img2302,AOI_2_Vegas,AOI_2_Vegas:-11525:3622,test,owlv2,blur_resize,fixed,1.2,0.5,17,61,58,25,1.3,owlv2
AOI_2_Vegas_img2302,AOI_2_Vegas,AOI_2_Vegas:-11525:3622,test,owlv2,blur_resize,fixed,1.8,0.5,10,30,58,24,0.8,owlv2
AOI_2_Vegas_img2302,AOI_2_Vegas,AOI_2_Vegas:-11525:3622,test,owlv2,blur_resize,fixed,2.4,0.5,2,3,58,1,0.0,owlv2
AOI_2_Vegas_img2302,AOI_2_Vegas,AOI_2_Vegas:-11525:3622,test,owlv2,blur_resize,fixed,3.6,0.5,0,0,58,0,0.0,owlv2
AOI_2_Vegas_img2302,AOI_2_Vegas,AOI_2_Vegas:-11525:3622,test,owlv2,blur_resize,fixed,5.0,0.5,0,0,58,0,0.0,owlv2
AOI_2_Vegas_img2302,AOI_2_Vegas,AOI_2_Vegas:-11525:3622,test,owlv2,blur_resize,fixed,10.0,0.5,0,0,58,0,0.0,owlv2
AOI_2_Vegas_img2359,AOI_2_Vegas,AOI_2_Vegas:-11525:3619,test,owlv2,blur_resize,fixed,0.3,0.5,8,65,15,34,0.15,owlv2
AOI_2_Vegas_img2359,AOI_2_Vegas,AOI_2_Vegas:-11525:3619,test,owlv2,blur_resize,fixed,0.45,0.5,7,34,15,28,0.0,owlv2
AOI_2_Vegas_img2359,AOI_2_Vegas,AOI_2_Vegas:-11525:3619,test,owlv2,blur_resize,fixed,0.6,0.5,7,27,15,27,0.1,owlv2
AOI_2_Vegas_img2359,AOI_2_Vegas,AOI_2_Vegas:-11525:3619,test,owlv2,blur_resize,fixed,0.9,0.5,5,19,15,21,0.05,owlv2
AOI_2_Vegas_img2359,AOI_2_Vegas,AOI_2_Vegas:-11525:3619,test,owlv2,blur_resize,fixed,1.2,0.5,4,13,15,21,0.1,owlv2
AOI_2_Vegas_img2359,AOI_2_Vegas,AOI_2_Vegas:-11525:3619,test,owlv2,blur_resize,fixed,1.8,0.5,1,4,15,18,0.05,owlv2
AOI_2_Vegas_img2359,AOI_2_Vegas,AOI_2_Vegas:-11525:3619,test,owlv2,blur_resize,fixed,2.4,0.5,0,0,15,6,0.0,owlv2
AOI_2_Vegas_img2359,AOI_2_Vegas,AOI_2_Vegas:-11525:3619,test,owlv2,blur_resize,fixed,3.6,0.5,0,0,15,0,0.0,owlv2
AOI_2_Vegas_img2359,AOI_2_Vegas,AOI_2_Vegas:-11525:3619,test,owlv2,blur_resize,fixed,5.0,0.5,0,0,15,3,0.0,owlv2
AOI_2_Vegas_img2359,AOI_2_Vegas,AOI_2_Vegas:-11525:3619,test,owlv2,blur_resize,fixed,10.0,0.5,0,0,15,0,0.0,owlv2
AOI_2_Vegas_img2379,AOI_2_Vegas,AOI_2_Vegas:-11525:3623,test,owlv2,blur_resize,fixed,0.3,0.5,31,275,55,52,3.05,owlv2
AOI_2_Vegas_img2379,AOI_2_Vegas,AOI_2_Vegas:-11525:3623,test,owlv2,blur_resize,fixed,0.45,0.5,25,140,55,33,2.05,owlv2
AOI_2_Vegas_img2379,AOI_2_Vegas,AOI_2_Vegas:-11525:3623,test,owlv2,blur_resize,fixed,0.6,0.5,17,106,55,29,1.35,owlv2
AOI_2_Vegas_img2379,AOI_2_Vegas,AOI_2_Vegas:-11525:3623,test,owlv2,blur_resize,fixed,0.9,0.5,15,73,55,22,0.75,owlv2
AOI_2_Vegas_img2379,AOI_2_Vegas,AOI_2_Vegas:-11525:3623,test,owlv2,blur_resize,fixed,1.2,0.5,7,34,55,21,0.75,owlv2
AOI_2_Vegas_img2379,AOI_2_Vegas,AOI_2_Vegas:-11525:3623,test,owlv2,blur_resize,fixed,1.8,0.5,3,6,55,7,0.05,owlv2
AOI_2_Vegas_img2379,AOI_2_Vegas,AOI_2_Vegas:-11525:3623,test,owlv2,blur_resize,fixed,2.4,0.5,0,1,55,6,0.0,owlv2
AOI_2_Vegas_img2379,AOI_2_Vegas,AOI_2_Vegas:-11525:3623,test,owlv2,blur_resize,fixed,3.6,0.5,0,0,55,2,0.0,owlv2
AOI_2_Vegas_img2379,AOI_2_Vegas,AOI_2_Vegas:-11525:3623,test,owlv2,blur_resize,fixed,5.0,0.5,0,0,55,0,0.0,owlv2
AOI_2_Vegas_img2379,AOI_2_Vegas,AOI_2_Vegas:-11525:3623,test,owlv2,blur_resize,fixed,10.0,0.5,0,0,55,0,0.0,owlv2
AOI_2_Vegas_img2415,AOI_2_Vegas,AOI_2_Vegas:-11524:3615,test,owlv2,blur_resize,fixed,0.3,0.5,10,137,28,63,0.35,owlv2
AOI_2_Vegas_img2415,AOI_2_Vegas,AOI_2_Vegas:-11524:3615,test,owlv2,blur_resize,fixed,0.45,0.5,7,63,28,45,0.75,owlv2
AOI_2_Vegas_img2415,AOI_2_Vegas,AOI_2_Vegas:-11524:3615,test,owlv2,blur_resize,fixed,0.6,0.5,6,38,28,37,0.3,owlv2
AOI_2_Vegas_img2415,AOI_2_Vegas,AOI_2_Vegas:-11524:3615,test,owlv2,blur_resize,fixed,0.9,0.5,2,24,28,39,0.05,owlv2
AOI_2_Vegas_img2415,AOI_2_Vegas,AOI_2_Vegas:-11524:3615,test,owlv2,blur_resize,fixed,1.2,0.5,4,21,28,40,0.5,owlv2
AOI_2_Vegas_img2415,AOI_2_Vegas,AOI_2_Vegas:-11524:3615,test,owlv2,blur_resize,fixed,1.8,0.5,2,7,28,37,0.25,owlv2
AOI_2_Vegas_img2415,AOI_2_Vegas,AOI_2_Vegas:-11524:3615,test,owlv2,blur_resize,fixed,2.4,0.5,1,2,28,31,0.05,owlv2
AOI_2_Vegas_img2415,AOI_2_Vegas,AOI_2_Vegas:-11524:3615,test,owlv2,blur_resize,fixed,3.6,0.5,0,0,28,2,0.0,owlv2
AOI_2_Vegas_img2415,AOI_2_Vegas,AOI_2_Vegas:-11524:3615,test,owlv2,blur_resize,fixed,5.0,0.5,0,0,28,1,0.0,owlv2
AOI_2_Vegas_img2415,AOI_2_Vegas,AOI_2_Vegas:-11524:3615,test,owlv2,blur_resize,fixed,10.0,0.5,0,0,28,0,0.0,owlv2
AOI_2_Vegas_img2420,AOI_2_Vegas,AOI_2_Vegas:-11524:3616,test,owlv2,blur_resize,fixed,0.3,0.5,33,321,65,57,3.5,owlv2
AOI_2_Vegas_img2420,AOI_2_Vegas,AOI_2_Vegas:-11524:3616,test,owlv2,blur_resize,fixed,0.45,0.5,27,156,65,65,2.0,owlv2
AOI_2_Vegas_img2420,AOI_2_Vegas,AOI_2_Vegas:-11524:3616,test,owlv2,blur_resize,fixed,0.6,0.5,21,99,65,47,1.9,owlv2
AOI_2_Vegas_img2420,AOI_2_Vegas,AOI_2_Vegas:-11524:3616,test,owlv2,blur_resize,fixed,0.9,0.5,13,75,65,40,1.3,owlv2
AOI_2_Vegas_img2420,AOI_2_Vegas,AOI_2_Vegas:-11524:3616,test,owlv2,blur_resize,fixed,1.2,0.5,13,70,65,36,1.15,owlv2
AOI_2_Vegas_img2420,AOI_2_Vegas,AOI_2_Vegas:-11524:3616,test,owlv2,blur_resize,fixed,1.8,0.5,13,41,65,30,0.7,owlv2
AOI_2_Vegas_img2420,AOI_2_Vegas,AOI_2_Vegas:-11524:3616,test,owlv2,blur_resize,fixed,2.4,0.5,4,13,65,15,0.2,owlv2
AOI_2_Vegas_img2420,AOI_2_Vegas,AOI_2_Vegas:-11524:3616,test,owlv2,blur_resize,fixed,3.6,0.5,0,0,65,0,0.0,owlv2
AOI_2_Vegas_img2420,AOI_2_Vegas,AOI_2_Vegas:-11524:3616,test,owlv2,blur_resize,fixed,5.0,0.5,0,0,65,0,0.0,owlv2
AOI_2_Vegas_img2420,AOI_2_Vegas,AOI_2_Vegas:-11524:3616,test,owlv2,blur_resize,fixed,10.0,0.5,0,0,65,0,0.0,owlv2
AOI_2_Vegas_img244,AOI_2_Vegas,AOI_2_Vegas:-11530:3616,test,owlv2,blur_resize,fixed,0.3,0.5,11,139,18,38,0.5,owlv2
AOI_2_Vegas_img244,AOI_2_Vegas,AOI_2_Vegas:-11530:3616,test,owlv2,blur_resize,fixed,0.45,0.5,10,66,18,27,0.25,owlv2
AOI_2_Vegas_img244,AOI_2_Vegas,AOI_2_Vegas:-11530:3616,test,owlv2,blur_resize,fixed,0.6,0.5,9,58,18,27,0.45,owlv2
AOI_2_Vegas_img244,AOI_2_Vegas,AOI_2_Vegas:-11530:3616,test,owlv2,blur_resize,fixed,0.9,0.5,4,55,18,35,0.5,owlv2
AOI_2_Vegas_img244,AOI_2_Vegas,AOI_2_Vegas:-11530:3616,test,owlv2,blur_resize,fixed,1.2,0.5,6,59,18,34,0.45,owlv2
AOI_2_Vegas_img244,AOI_2_Vegas,AOI_2_Vegas:-11530:3616,test,owlv2,blur_resize,fixed,1.8,0.5,4,29,18,18,0.25,owlv2
AOI_2_Vegas_img244,AOI_2_Vegas,AOI_2_Vegas:-11530:3616,test,owlv2,blur_resize,fixed,2.4,0.5,3,17,18,9,0.3,owlv2
AOI_2_Vegas_img244,AOI_2_Vegas,AOI_2_Vegas:-11530:3616,test,owlv2,blur_resize,fixed,3.6,0.5,0,0,18,0,0.0,owlv2
AOI_2_Vegas_img244,AOI_2_Vegas,AOI_2_Vegas:-11530:3616,test,owlv2,blur_resize,fixed,5.0,0.5,0,0,18,0,0.0,owlv2
AOI_2_Vegas_img244,AOI_2_Vegas,AOI_2_Vegas:-11530:3616,test,owlv2,blur_resize,fixed,10.0,0.5,0,0,18,0,0.0,owlv2
AOI_2_Vegas_img2447,AOI_2_Vegas,AOI_2_Vegas:-11524:3621,test,owlv2,blur_resize,fixed,0.3,0.5,43,214,56,39,4.6,owlv2
AOI_2_Vegas_img2447,AOI_2_Vegas,AOI_2_Vegas:-11524:3621,test,owlv2,blur_resize,fixed,0.45,0.5,30,87,56,20,3.05,owlv2
AOI_2_Vegas_img2447,AOI_2_Vegas,AOI_2_Vegas:-11524:3621,test,owlv2,blur_resize,fixed,0.6,0.5,27,68,56,12,2.35,owlv2
AOI_2_Vegas_img2447,AOI_2_Vegas,AOI_2_Vegas:-11524:3621,test,owlv2,blur_resize,fixed,0.9,0.5,26,62,56,9,1.25,owlv2
AOI_2_Vegas_img2447,AOI_2_Vegas,AOI_2_Vegas:-11524:3621,test,owlv2,blur_resize,fixed,1.2,0.5,25,57,56,7,0.85,owlv2
AOI_2_Vegas_img2447,AOI_2_Vegas,AOI_2_Vegas:-11524:3621,test,owlv2,blur_resize,fixed,1.8,0.5,22,44,56,12,1.05,owlv2
AOI_2_Vegas_img2447,AOI_2_Vegas,AOI_2_Vegas:-11524:3621,test,owlv2,blur_resize,fixed,2.4,0.5,7,11,56,4,0.1,owlv2
AOI_2_Vegas_img2447,AOI_2_Vegas,AOI_2_Vegas:-11524:3621,test,owlv2,blur_resize,fixed,3.6,0.5,0,0,56,15,0.0,owlv2
AOI_2_Vegas_img2447,AOI_2_Vegas,AOI_2_Vegas:-11524:3621,test,owlv2,blur_resize,fixed,5.0,0.5,0,0,56,2,0.0,owlv2
AOI_2_Vegas_img2447,AOI_2_Vegas,AOI_2_Vegas:-11524:3621,test,owlv2,blur_resize,fixed,10.0,0.5,0,0,56,0,0.0,owlv2
AOI_2_Vegas_img2453,AOI_2_Vegas,AOI_2_Vegas:-11524:3622,test,owlv2,blur_resize,fixed,0.3,0.5,23,214,46,74,1.75,owlv2
AOI_2_Vegas_img2453,AOI_2_Vegas,AOI_2_Vegas:-11524:3622,test,owlv2,blur_resize,fixed,0.45,0.5,15,144,46,74,2.05,owlv2
AOI_2_Vegas_img2453,AOI_2_Vegas,AOI_2_Vegas:-11524:3622,test,owlv2,blur_resize,fixed,0.6,0.5,13,115,46,71,1.25,owlv2
AOI_2_Vegas_img2453,AOI_2_Vegas,AOI_2_Vegas:-11524:3622,test,owlv2,blur_resize,fixed,0.9,0.5,13,99,46,70,1.6,owlv2
AOI_2_Vegas_img2453,AOI_2_Vegas,AOI_2_Vegas:-11524:3622,test,owlv2,blur_resize,fixed,1.2,0.5,9,98,46,93,1.6,owlv2
AOI_2_Vegas_img2453,AOI_2_Vegas,AOI_2_Vegas:-11524:3622,test,owlv2,blur_resize,fixed,1.8,0.5,6,52,46,67,0.65,owlv2
AOI_2_Vegas_img2453,AOI_2_Vegas,AOI_2_Vegas:-11524:3622,test,owlv2,blur_resize,fixed,2.4,0.5,4,17,46,44,0.45,owlv2
AOI_2_Vegas_img2453,AOI_2_Vegas,AOI_2_Vegas:-11524:3622,test,owlv2,blur_resize,fixed,3.6,0.5,0,0,46,3,0.0,owlv2
AOI_2_Vegas_img2453,AOI_2_Vegas,AOI_2_Vegas:-11524:3622,test,owlv2,blur_resize,fixed,5.0,0.5,0,0,46,1,0.0,owlv2
AOI_2_Vegas_img2453,AOI_2_Vegas,AOI_2_Vegas:-11524:3622,test,owlv2,blur_resize,fixed,10.0,0.5,0,0,46,0,0.0,owlv2
AOI_2_Vegas_img2462,AOI_2_Vegas,AOI_2_Vegas:-11524:3623,test,owlv2,blur_resize,fixed,0.3,0.5,18,282,80,84,3.05,owlv2
AOI_2_Vegas_img2462,AOI_2_Vegas,AOI_2_Vegas:-11524:3623,test,owlv2,blur_resize,fixed,0.45,0.5,5,78,80,43,1.3,owlv2
AOI_2_Vegas_img2462,AOI_2_Vegas,AOI_2_Vegas:-11524:3623,test,owlv2,blur_resize,fixed,0.6,0.5,8,77,80,47,1.25,owlv2
AOI_2_Vegas_img2462,AOI_2_Vegas,AOI_2_Vegas:-11524:3623,test,owlv2,blur_resize,fixed,0.9,0.5,4,74,80,48,0.95,owlv2
AOI_2_Vegas_img2462,AOI_2_Vegas,AOI_2_Vegas:-11524:3623,test,owlv2,blur_resize,fixed,1.2,0.5,5,67,80,52,1.1,owlv2
AOI_2_Vegas_img2462,AOI_2_Vegas,AOI_2_Vegas:-11524:3623,test,owlv2,blur_resize,fixed,1.8,0.5,5,53,80,47,0.75,owlv2
AOI_2_Vegas_img2462,AOI_2_Vegas,AOI_2_Vegas:-11524:3623,test,owlv2,blur_resize,fixed,2.4,0.5,3,25,80,24,0.5,owlv2
AOI_2_Vegas_img2462,AOI_2_Vegas,AOI_2_Vegas:-11524:3623,test,owlv2,blur_resize,fixed,3.6,0.5,0,0,80,0,0.0,owlv2
AOI_2_Vegas_img2462,AOI_2_Vegas,AOI_2_Vegas:-11524:3623,test,owlv2,blur_resize,fixed,5.0,0.5,0,0,80,0,0.0,owlv2
AOI_2_Vegas_img2462,AOI_2_Vegas,AOI_2_Vegas:-11524:3623,test,owlv2,blur_resize,fixed,10.0,0.5,0,0,80,0,0.0,owlv2
AOI_2_Vegas_img2474,AOI_2_Vegas,AOI_2_Vegas:-11524:3625,test,owlv2,blur_resize,fixed,0.3,0.5,14,224,30,61,1.3,owlv2
AOI_2_Vegas_img2474,AOI_2_Vegas,AOI_2_Vegas:-11524:3625,test,owlv2,blur_resize,fixed,0.45,0.5,13,114,30,49,1.35,owlv2
AOI_2_Vegas_img2474,AOI_2_Vegas,AOI_2_Vegas:-11524:3625,test,owlv2,blur_resize,fixed,0.6,0.5,11,95,30,47,0.9,owlv2
AOI_2_Vegas_img2474,AOI_2_Vegas,AOI_2_Vegas:-11524:3625,test,owlv2,blur_resize,fixed,0.9,0.5,9,82,30,41,1.3,owlv2
AOI_2_Vegas_img2474,AOI_2_Vegas,AOI_2_Vegas:-11524:3625,test,owlv2,blur_resize,fixed,1.2,0.5,9,63,30,37,0.95,owlv2
AOI_2_Vegas_img2474,AOI_2_Vegas,AOI_2_Vegas:-11524:3625,test,owlv2,blur_resize,fixed,1.8,0.5,7,37,30,32,0.35,owlv2
AOI_2_Vegas_img2474,AOI_2_Vegas,AOI_2_Vegas:-11524:3625,test,owlv2,blur_resize,fixed,2.4,0.5,2,9,30,33,0.4,owlv2
AOI_2_Vegas_img2474,AOI_2_Vegas,AOI_2_Vegas:-11524:3625,test,owlv2,blur_resize,fixed,3.6,0.5,0,0,30,1,0.0,owlv2
AOI_2_Vegas_img2474,AOI_2_Vegas,AOI_2_Vegas:-11524:3625,test,owlv2,blur_resize,fixed,5.0,0.5,0,0,30,0,0.0,owlv2
AOI_2_Vegas_img2474,AOI_2_Vegas,AOI_2_Vegas:-11524:3625,test,owlv2,blur_resize,fixed,10.0,0.5,0,0,30,0,0.0,owlv2
AOI_2_Vegas_img2479,AOI_2_Vegas,AOI_2_Vegas:-11524:3612,test,owlv2,blur_resize,fixed,0.3,0.5,17,186,23,68,1.3,owlv2
AOI_2_Vegas_img2479,AOI_2_Vegas,AOI_2_Vegas:-11524:3612,test,owlv2,blur_resize,fixed,0.45,0.5,13,108,23,59,1.1,owlv2
AOI_2_Vegas_img2479,AOI_2_Vegas,AOI_2_Vegas:-11524:3612,test,owlv2,blur_resize,fixed,0.6,0.5,12,80,23,54,0.8,owlv2
AOI_2_Vegas_img2479,AOI_2_Vegas,AOI_2_Vegas:-11524:3612,test,owlv2,blur_resize,fixed,0.9,0.5,9,51,23,47,0.8,owlv2
AOI_2_Vegas_img2479,AOI_2_Vegas,AOI_2_Vegas:-11524:3612,test,owlv2,blur_resize,fixed,1.2,0.5,10,58,23,55,0.85,owlv2
AOI_2_Vegas_img2479,AOI_2_Vegas,AOI_2_Vegas:-11524:3612,test,owlv2,blur_resize,fixed,1.8,0.5,5,48,23,59,0.6,owlv2
AOI_2_Vegas_img2479,AOI_2_Vegas,AOI_2_Vegas:-11524:3612,test,owlv2,blur_resize,fixed,2.4,0.5,4,22,23,57,0.6,owlv2
AOI_2_Vegas_img2479,AOI_2_Vegas,AOI_2_Vegas:-11524:3612,test,owlv2,blur_resize,fixed,3.6,0.5,0,0,23,7,0.0,owlv2
AOI_2_Vegas_img2479,AOI_2_Vegas,AOI_2_Vegas:-11524:3612,test,owlv2,blur_resize,fixed,5.0,0.5,0,0,23,1,0.0,owlv2
AOI_2_Vegas_img2479,AOI_2_Vegas,AOI_2_Vegas:-11524:3612,test,owlv2,blur_resize,fixed,10.0,0.5,0,0,23,0,0.0,owlv2
AOI_2_Vegas_img2516,AOI_2_Vegas,AOI_2_Vegas:-11524:3619,test,owlv2,blur_resize,fixed,0.3,0.5,35,298,82,53,3.95,owlv2
AOI_2_Vegas_img2516,AOI_2_Vegas,AOI_2_Vegas:-11524:3619,test,owlv2,blur_resize,fixed,0.45,0.5,21,162,82,41,2.5,owlv2
AOI_2_Vegas_img2516,AOI_2_Vegas,AOI_2_Vegas:-11524:3619,test,owlv2,blur_resize,fixed,0.6,0.5,14,109,82,34,2.55,owlv2
AOI_2_Vegas_img2516,AOI_2_Vegas,AOI_2_Vegas:-11524:3619,test,owlv2,blur_resize,fixed,0.9,0.5,11,99,82,39,1.15,owlv2
AOI_2_Vegas_img2516,AOI_2_Vegas,AOI_2_Vegas:-11524:3619,test,owlv2,blur_resize,fixed,1.2,0.5,10,77,82,43,1.25,owlv2
AOI_2_Vegas_img2516,AOI_2_Vegas,AOI_2_Vegas:-11524:3619,test,owlv2,blur_resize,fixed,1.8,0.5,4,20,82,24,0.5,owlv2
AOI_2_Vegas_img2516,AOI_2_Vegas,AOI_2_Vegas:-11524:3619,test,owlv2,blur_resize,fixed,2.4,0.5,0,3,82,5,0.0,owlv2
AOI_2_Vegas_img2516,AOI_2_Vegas,AOI_2_Vegas:-11524:3619,test,owlv2,blur_resize,fixed,3.6,0.5,0,0,82,1,0.0,owlv2
AOI_2_Vegas_img2516,AOI_2_Vegas,AOI_2_Vegas:-11524:3619,test,owlv2,blur_resize,fixed,5.0,0.5,0,0,82,1,0.0,owlv2
AOI_2_Vegas_img2516,AOI_2_Vegas,AOI_2_Vegas:-11524:3619,test,owlv2,blur_resize,fixed,10.0,0.5,0,0,82,0,0.0,owlv2
AOI_2_Vegas_img2567,AOI_2_Vegas,AOI_2_Vegas:-11524:3614,test,owlv2,blur_resize,fixed,0.3,0.5,11,102,20,63,0.35,owlv2
AOI_2_Vegas_img2567,AOI_2_Vegas,AOI_2_Vegas:-11524:3614,test,owlv2,blur_resize,fixed,0.45,0.5,6,18,20,21,0.0,owlv2
AOI_2_Vegas_img2567,AOI_2_Vegas,AOI_2_Vegas:-11524:3614,test,owlv2,blur_resize,fixed,0.6,0.5,2,9,20,11,0.1,owlv2
AOI_2_Vegas_img2567,AOI_2_Vegas,AOI_2_Vegas:-11524:3614,test,owlv2,blur_resize,fixed,0.9,0.5,1,3,20,7,0.0,owlv2
AOI_2_Vegas_img2567,AOI_2_Vegas,AOI_2_Vegas:-11524:3614,test,owlv2,blur_resize,fixed,1.2,0.5,1,2,20,6,0.1,owlv2
AOI_2_Vegas_img2567,AOI_2_Vegas,AOI_2_Vegas:-11524:3614,test,owlv2,blur_resize,fixed,1.8,0.5,0,0,20,6,0.0,owlv2
AOI_2_Vegas_img2567,AOI_2_Vegas,AOI_2_Vegas:-11524:3614,test,owlv2,blur_resize,fixed,2.4,0.5,0,0,20,8,0.0,owlv2
AOI_2_Vegas_img2567,AOI_2_Vegas,AOI_2_Vegas:-11524:3614,test,owlv2,blur_resize,fixed,3.6,0.5,0,0,20,1,0.0,owlv2
AOI_2_Vegas_img2567,AOI_2_Vegas,AOI_2_Vegas:-11524:3614,test,owlv2,blur_resize,fixed,5.0,0.5,0,0,20,4,0.0,owlv2
AOI_2_Vegas_img2567,AOI_2_Vegas,AOI_2_Vegas:-11524:3614,test,owlv2,blur_resize,fixed,10.0,0.5,0,0,20,0,0.0,owlv2
AOI_2_Vegas_img2614,AOI_2_Vegas,AOI_2_Vegas:-11524:3622,test,owlv2,blur_resize,fixed,0.3,0.5,33,281,44,53,5.85,owlv2
AOI_2_Vegas_img2614,AOI_2_Vegas,AOI_2_Vegas:-11524:3622,test,owlv2,blur_resize,fixed,0.45,0.5,16,76,44,28,2.45,owlv2
AOI_2_Vegas_img2614,AOI_2_Vegas,AOI_2_Vegas:-11524:3622,test,owlv2,blur_resize,fixed,0.6,0.5,9,38,44,21,0.65,owlv2
AOI_2_Vegas_img2614,AOI_2_Vegas,AOI_2_Vegas:-11524:3622,test,owlv2,blur_resize,fixed,0.9,0.5,11,38,44,18,1.0,owlv2
AOI_2_Vegas_img2614,AOI_2_Vegas,AOI_2_Vegas:-11524:3622,test,owlv2,blur_resize,fixed,1.2,0.5,8,39,44,19,1.3,owlv2
AOI_2_Vegas_img2614,AOI_2_Vegas,AOI_2_Vegas:-11524:3622,test,owlv2,blur_resize,fixed,1.8,0.5,12,27,44,7,1.2,owlv2
AOI_2_Vegas_img2614,AOI_2_Vegas,AOI_2_Vegas:-11524:3622,test,owlv2,blur_resize,fixed,2.4,0.5,6,11,44,6,0.2,owlv2
AOI_2_Vegas_img2614,AOI_2_Vegas,AOI_2_Vegas:-11524:3622,test,owlv2,blur_resize,fixed,3.6,0.5,0,0,44,1,0.0,owlv2
AOI_2_Vegas_img2614,AOI_2_Vegas,AOI_2_Vegas:-11524:3622,test,owlv2,blur_resize,fixed,5.0,0.5,0,0,44,0,0.0,owlv2
AOI_2_Vegas_img2614,AOI_2_Vegas,AOI_2_Vegas:-11524:3622,test,owlv2,blur_resize,fixed,10.0,0.5,0,0,44,0,0.0,owlv2
AOI_2_Vegas_img2623,AOI_2_Vegas,AOI_2_Vegas:-11524:3624,test,owlv2,blur_resize,fixed,0.3,0.5,5,147,13,46,0.25,owlv2
AOI_2_Vegas_img2623,AOI_2_Vegas,AOI_2_Vegas:-11524:3624,test,owlv2,blur_resize,fixed,0.45,0.5,5,65,13,31,0.2,owlv2
AOI_2_Vegas_img2623,AOI_2_Vegas,AOI_2_Vegas:-11524:3624,test,owlv2,blur_resize,fixed,0.6,0.5,6,65,13,31,0.25,owlv2
AOI_2_Vegas_img2623,AOI_2_Vegas,AOI_2_Vegas:-11524:3624,test,owlv2,blur_resize,fixed,0.9,0.5,4,37,13,26,0.2,owlv2
AOI_2_Vegas_img2623,AOI_2_Vegas,AOI_2_Vegas:-11524:3624,test,owlv2,blur_resize,fixed,1.2,0.5,2,32,13,21,0.1,owlv2
AOI_2_Vegas_img2623,AOI_2_Vegas,AOI_2_Vegas:-11524:3624,test,owlv2,blur_resize,fixed,1.8,0.5,3,17,13,18,0.15,owlv2
AOI_2_Vegas_img2623,AOI_2_Vegas,AOI_2_Vegas:-11524:3624,test,owlv2,blur_resize,fixed,2.4,0.5,0,6,13,23,0.0,owlv2
AOI_2_Vegas_img2623,AOI_2_Vegas,AOI_2_Vegas:-11524:3624,test,owlv2,blur_resize,fixed,3.6,0.5,0,0,13,7,0.0,owlv2
AOI_2_Vegas_img2623,AOI_2_Vegas,AOI_2_Vegas:-11524:3624,test,owlv2,blur_resize,fixed,5.0,0.5,0,0,13,2,0.0,owlv2
AOI_2_Vegas_img2623,AOI_2_Vegas,AOI_2_Vegas:-11524:3624,test,owlv2,blur_resize,fixed,10.0,0.5,0,0,13,0,0.0,owlv2
AOI_2_Vegas_img263,AOI_2_Vegas,AOI_2_Vegas:-11530:3620,test,owlv2,blur_resize,fixed,0.3,0.5,40,325,44,58,5.65,owlv2
AOI_2_Vegas_img263,AOI_2_Vegas,AOI_2_Vegas:-11530:3620,test,owlv2,blur_resize,fixed,0.45,0.5,28,129,44,45,3.3,owlv2
AOI_2_Vegas_img263,AOI_2_Vegas,AOI_2_Vegas:-11530:3620,test,owlv2,blur_resize,fixed,0.6,0.5,28,86,44,39,3.4,owlv2
AOI_2_Vegas_img263,AOI_2_Vegas,AOI_2_Vegas:-11530:3620,test,owlv2,blur_resize,fixed,0.9,0.5,28,59,44,31,1.8,owlv2
AOI_2_Vegas_img263,AOI_2_Vegas,AOI_2_Vegas:-11530:3620,test,owlv2,blur_resize,fixed,1.2,0.5,31,61,44,27,2.0,owlv2
AOI_2_Vegas_img263,AOI_2_Vegas,AOI_2_Vegas:-11530:3620,test,owlv2,blur_resize,fixed,1.8,0.5,20,41,44,17,0.55,owlv2
AOI_2_Vegas_img263,AOI_2_Vegas,AOI_2_Vegas:-11530:3620,test,owlv2,blur_resize,fixed,2.4,0.5,11,24,44,12,0.85,owlv2
AOI_2_Vegas_img263,AOI_2_Vegas,AOI_2_Vegas:-11530:3620,test,owlv2,blur_resize,fixed,3.6,0.5,0,0,44,0,0.0,owlv2
AOI_2_Vegas_img263,AOI_2_Vegas,AOI_2_Vegas:-11530:3620,test,owlv2,blur_resize,fixed,5.0,0.5,0,0,44,0,0.0,owlv2
AOI_2_Vegas_img263,AOI_2_Vegas,AOI_2_Vegas:-11530:3620,test,owlv2,blur_resize,fixed,10.0,0.5,0,0,44,0,0.0,owlv2
AOI_2_Vegas_img2668,AOI_2_Vegas,AOI_2_Vegas:-11524:3618,test,owlv2,blur_resize,fixed,0.3,0.5,38,302,65,60,3.7,owlv2
AOI_2_Vegas_img2668,AOI_2_Vegas,AOI_2_Vegas:-11524:3618,test,owlv2,blur_resize,fixed,0.45,0.5,32,185,65,45,2.2,owlv2
AOI_2_Vegas_img2668,AOI_2_Vegas,AOI_2_Vegas:-11524:3618,test,owlv2,blur_resize,fixed,0.6,0.5,29,117,65,46,1.85,owlv2
AOI_2_Vegas_img2668,AOI_2_Vegas,AOI_2_Vegas:-11524:3618,test,owlv2,blur_resize,fixed,0.9,0.5,25,78,65,31,2.25,owlv2
AOI_2_Vegas_img2668,AOI_2_Vegas,AOI_2_Vegas:-11524:3618,test,owlv2,blur_resize,fixed,1.2,0.5,25,84,65,30,1.8,owlv2
AOI_2_Vegas_img2668,AOI_2_Vegas,AOI_2_Vegas:-11524:3618,test,owlv2,blur_resize,fixed,1.8,0.5,23,66,65,35,1.6,owlv2
AOI_2_Vegas_img2668,AOI_2_Vegas,AOI_2_Vegas:-11524:3618,test,owlv2,blur_resize,fixed,2.4,0.5,14,32,65,23,0.65,owlv2
AOI_2_Vegas_img2668,AOI_2_Vegas,AOI_2_Vegas:-11524:3618,test,owlv2,blur_resize,fixed,3.6,0.5,0,0,65,1,0.0,owlv2
AOI_2_Vegas_img2668,AOI_2_Vegas,AOI_2_Vegas:-11524:3618,test,owlv2,blur_resize,fixed,5.0,0.5,0,0,65,0,0.0,owlv2
AOI_2_Vegas_img2668,AOI_2_Vegas,AOI_2_Vegas:-11524:3618,test,owlv2,blur_resize,fixed,10.0,0.5,0,0,65,0,0.0,owlv2
AOI_2_Vegas_img2695,AOI_2_Vegas,AOI_2_Vegas:-11524:3623,test,owlv2,blur_resize,fixed,0.3,0.5,31,220,52,50,2.45,owlv2
AOI_2_Vegas_img2695,AOI_2_Vegas,AOI_2_Vegas:-11524:3623,test,owlv2,blur_resize,fixed,0.45,0.5,26,91,52,45,1.25,owlv2
AOI_2_Vegas_img2695,AOI_2_Vegas,AOI_2_Vegas:-11524:3623,test,owlv2,blur_resize,fixed,0.6,0.5,18,47,52,30,0.85,owlv2
AOI_2_Vegas_img2695,AOI_2_Vegas,AOI_2_Vegas:-11524:3623,test,owlv2,blur_resize,fixed,0.9,0.5,15,39,52,17,0.6,owlv2
AOI_2_Vegas_img2695,AOI_2_Vegas,AOI_2_Vegas:-11524:3623,test,owlv2,blur_resize,fixed,1.2,0.5,10,29,52,27,0.45,owlv2
AOI_2_Vegas_img2695,AOI_2_Vegas,AOI_2_Vegas:-11524:3623,test,owlv2,blur_resize,fixed,1.8,0.5,5,11,52,9,0.25,owlv2
AOI_2_Vegas_img2695,AOI_2_Vegas,AOI_2_Vegas:-11524:3623,test,owlv2,blur_resize,fixed,2.4,0.5,0,0,52,0,0.0,owlv2
AOI_2_Vegas_img2695,AOI_2_Vegas,AOI_2_Vegas:-11524:3623,test,owlv2,blur_resize,fixed,3.6,0.5,0,0,52,0,0.0,owlv2
AOI_2_Vegas_img2695,AOI_2_Vegas,AOI_2_Vegas:-11524:3623,test,owlv2,blur_resize,fixed,5.0,0.5,0,0,52,0,0.0,owlv2
AOI_2_Vegas_img2695,AOI_2_Vegas,AOI_2_Vegas:-11524:3623,test,owlv2,blur_resize,fixed,10.0,0.5,0,0,52,0,0.0,owlv2
AOI_2_Vegas_img2751,AOI_2_Vegas,AOI_2_Vegas:-11524:3619,test,owlv2,blur_resize,fixed,0.3,0.5,28,183,42,55,1.85,owlv2
AOI_2_Vegas_img2751,AOI_2_Vegas,AOI_2_Vegas:-11524:3619,test,owlv2,blur_resize,fixed,0.45,0.5,26,112,42,50,1.35,owlv2
AOI_2_Vegas_img2751,AOI_2_Vegas,AOI_2_Vegas:-11524:3619,test,owlv2,blur_resize,fixed,0.6,0.5,25,80,42,44,1.3,owlv2
AOI_2_Vegas_img2751,AOI_2_Vegas,AOI_2_Vegas:-11524:3619,test,owlv2,blur_resize,fixed,0.9,0.5,22,65,42,43,1.3,owlv2
AOI_2_Vegas_img2751,AOI_2_Vegas,AOI_2_Vegas:-11524:3619,test,owlv2,blur_resize,fixed,1.2,0.5,20,51,42,38,0.8,owlv2
AOI_2_Vegas_img2751,AOI_2_Vegas,AOI_2_Vegas:-11524:3619,test,owlv2,blur_resize,fixed,1.8,0.5,3,5,42,18,0.15,owlv2
AOI_2_Vegas_img2751,AOI_2_Vegas,AOI_2_Vegas:-11524:3619,test,owlv2,blur_resize,fixed,2.4,0.5,0,0,42,2,0.0,owlv2
AOI_2_Vegas_img2751,AOI_2_Vegas,AOI_2_Vegas:-11524:3619,test,owlv2,blur_resize,fixed,3.6,0.5,0,0,42,0,0.0,owlv2
AOI_2_Vegas_img2751,AOI_2_Vegas,AOI_2_Vegas:-11524:3619,test,owlv2,blur_resize,fixed,5.0,0.5,0,0,42,1,0.0,owlv2
AOI_2_Vegas_img2751,AOI_2_Vegas,AOI_2_Vegas:-11524:3619,test,owlv2,blur_resize,fixed,10.0,0.5,0,0,42,0,0.0,owlv2
AOI_2_Vegas_img2760,AOI_2_Vegas,AOI_2_Vegas:-11524:3620,test,owlv2,blur_resize,fixed,0.3,0.5,36,340,58,62,3.4,owlv2
AOI_2_Vegas_img2760,AOI_2_Vegas,AOI_2_Vegas:-11524:3620,test,owlv2,blur_resize,fixed,0.45,0.5,31,182,58,47,2.25,owlv2
AOI_2_Vegas_img2760,AOI_2_Vegas,AOI_2_Vegas:-11524:3620,test,owlv2,blur_resize,fixed,0.6,0.5,28,131,58,42,1.75,owlv2
AOI_2_Vegas_img2760,AOI_2_Vegas,AOI_2_Vegas:-11524:3620,test,owlv2,blur_resize,fixed,0.9,0.5,24,90,58,31,1.3,owlv2
AOI_2_Vegas_img2760,AOI_2_Vegas,AOI_2_Vegas:-11524:3620,test,owlv2,blur_resize,fixed,1.2,0.5,17,69,58,26,1.2,owlv2
AOI_2_Vegas_img2760,AOI_2_Vegas,AOI_2_Vegas:-11524:3620,test,owlv2,blur_resize,fixed,1.8,0.5,6,31,58,18,0.45,owlv2
AOI_2_Vegas_img2760,AOI_2_Vegas,AOI_2_Vegas:-11524:3620,test,owlv2,blur_resize,fixed,2.4,0.5,1,3,58,7,0.0,owlv2
AOI_2_Vegas_img2760,AOI_2_Vegas,AOI_2_Vegas:-11524:3620,test,owlv2,blur_resize,fixed,3.6,0.5,0,0,58,0,0.0,owlv2
AOI_2_Vegas_img2760,AOI_2_Vegas,AOI_2_Vegas:-11524:3620,test,owlv2,blur_resize,fixed,5.0,0.5,0,0,58,0,0.0,owlv2
AOI_2_Vegas_img2760,AOI_2_Vegas,AOI_2_Vegas:-11524:3620,test,owlv2,blur_resize,fixed,10.0,0.5,0,0,58,0,0.0,owlv2
AOI_2_Vegas_img2801,AOI_2_Vegas,AOI_2_Vegas:-11524:3613,test,owlv2,blur_resize,fixed,0.3,0.5,16,183,26,64,0.65,owlv2
AOI_2_Vegas_img2801,AOI_2_Vegas,AOI_2_Vegas:-11524:3613,test,owlv2,blur_resize,fixed,0.45,0.5,12,89,26,42,0.85,owlv2
AOI_2_Vegas_img2801,AOI_2_Vegas,AOI_2_Vegas:-11524:3613,test,owlv2,blur_resize,fixed,0.6,0.5,10,60,26,45,0.4,owlv2
AOI_2_Vegas_img2801,AOI_2_Vegas,AOI_2_Vegas:-11524:3613,test,owlv2,blur_resize,fixed,0.9,0.5,10,63,26,42,0.5,owlv2
AOI_2_Vegas_img2801,AOI_2_Vegas,AOI_2_Vegas:-11524:3613,test,owlv2,blur_resize,fixed,1.2,0.5,6,45,26,37,0.45,owlv2
AOI_2_Vegas_img2801,AOI_2_Vegas,AOI_2_Vegas:-11524:3613,test,owlv2,blur_resize,fixed,1.8,0.5,4,12,26,32,0.05,owlv2
AOI_2_Vegas_img2801,AOI_2_Vegas,AOI_2_Vegas:-11524:3613,test,owlv2,blur_resize,fixed,2.4,0.5,1,5,26,22,0.1,owlv2
AOI_2_Vegas_img2801,AOI_2_Vegas,AOI_2_Vegas:-11524:3613,test,owlv2,blur_resize,fixed,3.6,0.5,0,0,26,6,0.0,owlv2
AOI_2_Vegas_img2801,AOI_2_Vegas,AOI_2_Vegas:-11524:3613,test,owlv2,blur_resize,fixed,5.0,0.5,0,0,26,0,0.0,owlv2
AOI_2_Vegas_img2801,AOI_2_Vegas,AOI_2_Vegas:-11524:3613,test,owlv2,blur_resize,fixed,10.0,0.5,0,0,26,0,0.0,owlv2
AOI_2_Vegas_img2824,AOI_2_Vegas,AOI_2_Vegas:-11524:3618,test,owlv2,blur_resize,fixed,0.3,0.5,23,120,31,59,0.8,owlv2
AOI_2_Vegas_img2824,AOI_2_Vegas,AOI_2_Vegas:-11524:3618,test,owlv2,blur_resize,fixed,0.45,0.5,17,62,31,47,0.4,owlv2
AOI_2_Vegas_img2824,AOI_2_Vegas,AOI_2_Vegas:-11524:3618,test,owlv2,blur_resize,fixed,0.6,0.5,14,39,31,50,0.8,owlv2
AOI_2_Vegas_img2824,AOI_2_Vegas,AOI_2_Vegas:-11524:3618,test,owlv2,blur_resize,fixed,0.9,0.5,10,26,31,51,0.4,owlv2
AOI_2_Vegas_img2824,AOI_2_Vegas,AOI_2_Vegas:-11524:3618,test,owlv2,blur_resize,fixed,1.2,0.5,9,24,31,48,0.4,owlv2
AOI_2_Vegas_img2824,AOI_2_Vegas,AOI_2_Vegas:-11524:3618,test,owlv2,blur_resize,fixed,1.8,0.5,5,16,31,41,0.4,owlv2
AOI_2_Vegas_img2824,AOI_2_Vegas,AOI_2_Vegas:-11524:3618,test,owlv2,blur_resize,fixed,2.4,0.5,0,2,31,33,0.05,owlv2
AOI_2_Vegas_img2824,AOI_2_Vegas,AOI_2_Vegas:-11524:3618,test,owlv2,blur_resize,fixed,3.6,0.5,0,0,31,11,0.0,owlv2
AOI_2_Vegas_img2824,AOI_2_Vegas,AOI_2_Vegas:-11524:3618,test,owlv2,blur_resize,fixed,5.0,0.5,0,0,31,2,0.0,owlv2
AOI_2_Vegas_img2824,AOI_2_Vegas,AOI_2_Vegas:-11524:3618,test,owlv2,blur_resize,fixed,10.0,0.5,0,0,31,1,0.0,owlv2
AOI_2_Vegas_img2852,AOI_2_Vegas,AOI_2_Vegas:-11524:3622,test,owlv2,blur_resize,fixed,0.3,0.5,25,160,49,44,1.35,owlv2
AOI_2_Vegas_img2852,AOI_2_Vegas,AOI_2_Vegas:-11524:3622,test,owlv2,blur_resize,fixed,0.45,0.5,13,79,49,37,1.05,owlv2
AOI_2_Vegas_img2852,AOI_2_Vegas,AOI_2_Vegas:-11524:3622,test,owlv2,blur_resize,fixed,0.6,0.5,13,62,49,36,0.75,owlv2
AOI_2_Vegas_img2852,AOI_2_Vegas,AOI_2_Vegas:-11524:3622,test,owlv2,blur_resize,fixed,0.9,0.5,12,45,49,30,0.5,owlv2
AOI_2_Vegas_img2852,AOI_2_Vegas,AOI_2_Vegas:-11524:3622,test,owlv2,blur_resize,fixed,1.2,0.5,5,15,49,19,0.25,owlv2
AOI_2_Vegas_img2852,AOI_2_Vegas,AOI_2_Vegas:-11524:3622,test,owlv2,blur_resize,fixed,1.8,0.5,2,3,49,12,0.0,owlv2
AOI_2_Vegas_img2852,AOI_2_Vegas,AOI_2_Vegas:-11524:3622,test,owlv2,blur_resize,fixed,2.4,0.5,0,0,49,0,0.0,owlv2
AOI_2_Vegas_img2852,AOI_2_Vegas,AOI_2_Vegas:-11524:3622,test,owlv2,blur_resize,fixed,3.6,0.5,0,0,49,0,0.0,owlv2
AOI_2_Vegas_img2852,AOI_2_Vegas,AOI_2_Vegas:-11524:3622,test,owlv2,blur_resize,fixed,5.0,0.5,0,0,49,0,0.0,owlv2
AOI_2_Vegas_img2852,AOI_2_Vegas,AOI_2_Vegas:-11524:3622,test,owlv2,blur_resize,fixed,10.0,0.5,0,0,49,0,0.0,owlv2
AOI_2_Vegas_img286,AOI_2_Vegas,AOI_2_Vegas:-11530:3614,test,owlv2,blur_resize,fixed,0.3,0.5,1,59,6,49,0.0,owlv2
AOI_2_Vegas_img286,AOI_2_Vegas,AOI_2_Vegas:-11530:3614,test,owlv2,blur_resize,fixed,0.45,0.5,1,29,6,30,0.0,owlv2
AOI_2_Vegas_img286,AOI_2_Vegas,AOI_2_Vegas:-11530:3614,test,owlv2,blur_resize,fixed,0.6,0.5,1,14,6,21,0.1,owlv2
AOI_2_Vegas_img286,AOI_2_Vegas,AOI_2_Vegas:-11530:3614,test,owlv2,blur_resize,fixed,0.9,0.5,1,5,6,13,0.0,owlv2
AOI_2_Vegas_img286,AOI_2_Vegas,AOI_2_Vegas:-11530:3614,test,owlv2,blur_resize,fixed,1.2,0.5,1,4,6,8,0.0,owlv2
AOI_2_Vegas_img286,AOI_2_Vegas,AOI_2_Vegas:-11530:3614,test,owlv2,blur_resize,fixed,1.8,0.5,1,2,6,3,0.0,owlv2
AOI_2_Vegas_img286,AOI_2_Vegas,AOI_2_Vegas:-11530:3614,test,owlv2,blur_resize,fixed,2.4,0.5,0,0,6,0,0.0,owlv2
AOI_2_Vegas_img286,AOI_2_Vegas,AOI_2_Vegas:-11530:3614,test,owlv2,blur_resize,fixed,3.6,0.5,0,0,6,0,0.0,owlv2
AOI_2_Vegas_img286,AOI_2_Vegas,AOI_2_Vegas:-11530:3614,test,owlv2,blur_resize,fixed,5.0,0.5,0,0,6,7,0.0,owlv2
AOI_2_Vegas_img286,AOI_2_Vegas,AOI_2_Vegas:-11530:3614,test,owlv2,blur_resize,fixed,10.0,0.5,0,0,6,0,0.0,owlv2
AOI_2_Vegas_img2870,AOI_2_Vegas,AOI_2_Vegas:-11524:3626,test,owlv2,blur_resize,fixed,0.3,0.5,5,141,16,16,0.25,owlv2
AOI_2_Vegas_img2870,AOI_2_Vegas,AOI_2_Vegas:-11524:3626,test,owlv2,blur_resize,fixed,0.45,0.5,3,71,16,10,0.2,owlv2
AOI_2_Vegas_img2870,AOI_2_Vegas,AOI_2_Vegas:-11524:3626,test,owlv2,blur_resize,fixed,0.6,0.5,4,53,16,9,0.15,owlv2
AOI_2_Vegas_img2870,AOI_2_Vegas,AOI_2_Vegas:-11524:3626,test,owlv2,blur_resize,fixed,0.9,0.5,4,42,16,12,0.35,owlv2
AOI_2_Vegas_img2870,AOI_2_Vegas,AOI_2_Vegas:-11524:3626,test,owlv2,blur_resize,fixed,1.2,0.5,4,40,16,13,0.3,owlv2
AOI_2_Vegas_img2870,AOI_2_Vegas,AOI_2_Vegas:-11524:3626,test,owlv2,blur_resize,fixed,1.8,0.5,2,6,16,11,0.05,owlv2
AOI_2_Vegas_img2870,AOI_2_Vegas,AOI_2_Vegas:-11524:3626,test,owlv2,blur_resize,fixed,2.4,0.5,0,0,16,0,0.0,owlv2
AOI_2_Vegas_img2870,AOI_2_Vegas,AOI_2_Vegas:-11524:3626,test,owlv2,blur_resize,fixed,3.6,0.5,0,0,16,0,0.0,owlv2
AOI_2_Vegas_img2870,AOI_2_Vegas,AOI_2_Vegas:-11524:3626,test,owlv2,blur_resize,fixed,5.0,0.5,0,0,16,0,0.0,owlv2
AOI_2_Vegas_img2870,AOI_2_Vegas,AOI_2_Vegas:-11524:3626,test,owlv2,blur_resize,fixed,10.0,0.5,0,0,16,0,0.0,owlv2
AOI_2_Vegas_img2875,AOI_2_Vegas,AOI_2_Vegas:-11523:3613,test,owlv2,blur_resize,fixed,0.3,0.5,13,164,31,68,0.65,owlv2
AOI_2_Vegas_img2875,AOI_2_Vegas,AOI_2_Vegas:-11523:3613,test,owlv2,blur_resize,fixed,0.45,0.5,11,74,31,63,0.65,owlv2
AOI_2_Vegas_img2875,AOI_2_Vegas,AOI_2_Vegas:-11523:3613,test,owlv2,blur_resize,fixed,0.6,0.5,9,51,31,57,0.4,owlv2
AOI_2_Vegas_img2875,AOI_2_Vegas,AOI_2_Vegas:-11523:3613,test,owlv2,blur_resize,fixed,0.9,0.5,7,36,31,43,0.35,owlv2
AOI_2_Vegas_img2875,AOI_2_Vegas,AOI_2_Vegas:-11523:3613,test,owlv2,blur_resize,fixed,1.2,0.5,9,47,31,53,0.5,owlv2
AOI_2_Vegas_img2875,AOI_2_Vegas,AOI_2_Vegas:-11523:3613,test,owlv2,blur_resize,fixed,1.8,0.5,5,30,31,38,0.35,owlv2
AOI_2_Vegas_img2875,AOI_2_Vegas,AOI_2_Vegas:-11523:3613,test,owlv2,blur_resize,fixed,2.4,0.5,1,19,31,38,0.3,owlv2
AOI_2_Vegas_img2875,AOI_2_Vegas,AOI_2_Vegas:-11523:3613,test,owlv2,blur_resize,fixed,3.6,0.5,0,0,31,1,0.0,owlv2
AOI_2_Vegas_img2875,AOI_2_Vegas,AOI_2_Vegas:-11523:3613,test,owlv2,blur_resize,fixed,5.0,0.5,0,0,31,0,0.0,owlv2
AOI_2_Vegas_img2875,AOI_2_Vegas,AOI_2_Vegas:-11523:3613,test,owlv2,blur_resize,fixed,10.0,0.5,0,0,31,0,0.0,owlv2
AOI_2_Vegas_img288,AOI_2_Vegas,AOI_2_Vegas:-11530:3614,test,owlv2,blur_resize,fixed,0.3,0.5,17,174,37,64,1.2,owlv2
AOI_2_Vegas_img288,AOI_2_Vegas,AOI_2_Vegas:-11530:3614,test,owlv2,blur_resize,fixed,0.45,0.5,13,95,37,49,0.85,owlv2
AOI_2_Vegas_img288,AOI_2_Vegas,AOI_2_Vegas:-11530:3614,test,owlv2,blur_resize,fixed,0.6,0.5,14,71,37,41,1.05,owlv2
AOI_2_Vegas_img288,AOI_2_Vegas,AOI_2_Vegas:-11530:3614,test,owlv2,blur_resize,fixed,0.9,0.5,11,46,37,23,0.55,owlv2
AOI_2_Vegas_img288,AOI_2_Vegas,AOI_2_Vegas:-11530:3614,test,owlv2,blur_resize,fixed,1.2,0.5,9,36,37,24,0.5,owlv2
AOI_2_Vegas_img288,AOI_2_Vegas,AOI_2_Vegas:-11530:3614,test,owlv2,blur_resize,fixed,1.8,0.5,8,19,37,18,0.5,owlv2
AOI_2_Vegas_img288,AOI_2_Vegas,AOI_2_Vegas:-11530:3614,test,owlv2,blur_resize,fixed,2.4,0.5,1,3,37,10,0.0,owlv2
AOI_2_Vegas_img288,AOI_2_Vegas,AOI_2_Vegas:-11530:3614,test,owlv2,blur_resize,fixed,3.6,0.5,0,0,37,0,0.0,owlv2
AOI_2_Vegas_img288,AOI_2_Vegas,AOI_2_Vegas:-11530:3614,test,owlv2,blur_resize,fixed,5.0,0.5,0,0,37,0,0.0,owlv2
AOI_2_Vegas_img288,AOI_2_Vegas,AOI_2_Vegas:-11530:3614,test,owlv2,blur_resize,fixed,10.0,0.5,0,0,37,0,0.0,owlv2
AOI_2_Vegas_img2888,AOI_2_Vegas,AOI_2_Vegas:-11523:3615,test,owlv2,blur_resize,fixed,0.3,0.5,0,13,0,14,0.0,owlv2
AOI_2_Vegas_img2888,AOI_2_Vegas,AOI_2_Vegas:-11523:3615,test,owlv2,blur_resize,fixed,0.45,0.5,0,3,0,2,0.0,owlv2
AOI_2_Vegas_img2888,AOI_2_Vegas,AOI_2_Vegas:-11523:3615,test,owlv2,blur_resize,fixed,0.6,0.5,0,0,0,0,0.0,owlv2
AOI_2_Vegas_img2888,AOI_2_Vegas,AOI_2_Vegas:-11523:3615,test,owlv2,blur_resize,fixed,0.9,0.5,0,0,0,0,0.0,owlv2
AOI_2_Vegas_img2888,AOI_2_Vegas,AOI_2_Vegas:-11523:3615,test,owlv2,blur_resize,fixed,1.2,0.5,0,0,0,1,0.0,owlv2
AOI_2_Vegas_img2888,AOI_2_Vegas,AOI_2_Vegas:-11523:3615,test,owlv2,blur_resize,fixed,1.8,0.5,0,0,0,0,0.0,owlv2
AOI_2_Vegas_img2888,AOI_2_Vegas,AOI_2_Vegas:-11523:3615,test,owlv2,blur_resize,fixed,2.4,0.5,0,0,0,0,0.0,owlv2
AOI_2_Vegas_img2888,AOI_2_Vegas,AOI_2_Vegas:-11523:3615,test,owlv2,blur_resize,fixed,3.6,0.5,0,0,0,2,0.0,owlv2
AOI_2_Vegas_img2888,AOI_2_Vegas,AOI_2_Vegas:-11523:3615,test,owlv2,blur_resize,fixed,5.0,0.5,0,0,0,3,0.0,owlv2
AOI_2_Vegas_img2888,AOI_2_Vegas,AOI_2_Vegas:-11523:3615,test,owlv2,blur_resize,fixed,10.0,0.5,0,0,0,0,0.0,owlv2
AOI_2_Vegas_img297,AOI_2_Vegas,AOI_2_Vegas:-11530:3616,test,owlv2,blur_resize,fixed,0.3,0.5,0,0,0,0,0.0,owlv2
AOI_2_Vegas_img297,AOI_2_Vegas,AOI_2_Vegas:-11530:3616,test,owlv2,blur_resize,fixed,0.45,0.5,0,0,0,0,0.0,owlv2
AOI_2_Vegas_img297,AOI_2_Vegas,AOI_2_Vegas:-11530:3616,test,owlv2,blur_resize,fixed,0.6,0.5,0,0,0,0,0.0,owlv2
AOI_2_Vegas_img297,AOI_2_Vegas,AOI_2_Vegas:-11530:3616,test,owlv2,blur_resize,fixed,0.9,0.5,0,0,0,0,0.0,owlv2
AOI_2_Vegas_img297,AOI_2_Vegas,AOI_2_Vegas:-11530:3616,test,owlv2,blur_resize,fixed,1.2,0.5,0,0,0,0,0.0,owlv2
AOI_2_Vegas_img297,AOI_2_Vegas,AOI_2_Vegas:-11530:3616,test,owlv2,blur_resize,fixed,1.8,0.5,0,0,0,0,0.0,owlv2
AOI_2_Vegas_img297,AOI_2_Vegas,AOI_2_Vegas:-11530:3616,test,owlv2,blur_resize,fixed,2.4,0.5,0,0,0,0,0.0,owlv2
AOI_2_Vegas_img297,AOI_2_Vegas,AOI_2_Vegas:-11530:3616,test,owlv2,blur_resize,fixed,3.6,0.5,0,0,0,0,0.0,owlv2
AOI_2_Vegas_img297,AOI_2_Vegas,AOI_2_Vegas:-11530:3616,test,owlv2,blur_resize,fixed,5.0,0.5,0,0,0,0,0.0,owlv2
AOI_2_Vegas_img297,AOI_2_Vegas,AOI_2_Vegas:-11530:3616,test,owlv2,blur_resize,fixed,10.0,0.5,0,0,0,0,0.0,owlv2
AOI_2_Vegas_img2978,AOI_2_Vegas,AOI_2_Vegas:-11523:3617,test,owlv2,blur_resize,fixed,0.3,0.5,8,198,30,46,0.85,owlv2
AOI_2_Vegas_img2978,AOI_2_Vegas,AOI_2_Vegas:-11523:3617,test,owlv2,blur_resize,fixed,0.45,0.5,6,75,30,30,0.4,owlv2
AOI_2_Vegas_img2978,AOI_2_Vegas,AOI_2_Vegas:-11523:3617,test,owlv2,blur_resize,fixed,0.6,0.5,4,64,30,30,0.55,owlv2
AOI_2_Vegas_img2978,AOI_2_Vegas,AOI_2_Vegas:-11523:3617,test,owlv2,blur_resize,fixed,0.9,0.5,6,36,30,28,0.2,owlv2
AOI_2_Vegas_img2978,AOI_2_Vegas,AOI_2_Vegas:-11523:3617,test,owlv2,blur_resize,fixed,1.2,0.5,6,30,30,22,0.1,owlv2
AOI_2_Vegas_img2978,AOI_2_Vegas,AOI_2_Vegas:-11523:3617,test,owlv2,blur_resize,fixed,1.8,0.5,1,12,30,20,0.1,owlv2
AOI_2_Vegas_img2978,AOI_2_Vegas,AOI_2_Vegas:-11523:3617,test,owlv2,blur_resize,fixed,2.4,0.5,0,5,30,18,0.05,owlv2
AOI_2_Vegas_img2978,AOI_2_Vegas,AOI_2_Vegas:-11523:3617,test,owlv2,blur_resize,fixed,3.6,0.5,0,1,30,16,0.0,owlv2
AOI_2_Vegas_img2978,AOI_2_Vegas,AOI_2_Vegas:-11523:3617,test,owlv2,blur_resize,fixed,5.0,0.5,0,0,30,2,0.0,owlv2
AOI_2_Vegas_img2978,AOI_2_Vegas,AOI_2_Vegas:-11523:3617,test,owlv2,blur_resize,fixed,10.0,0.5,0,0,30,0,0.0,owlv2
AOI_2_Vegas_img3018,AOI_2_Vegas,AOI_2_Vegas:-11523:3624,test,owlv2,blur_resize,fixed,0.3,0.5,19,231,61,79,4.1,owlv2
AOI_2_Vegas_img3018,AOI_2_Vegas,AOI_2_Vegas:-11523:3624,test,owlv2,blur_resize,fixed,0.45,0.5,17,137,61,70,2.9,owlv2
AOI_2_Vegas_img3018,AOI_2_Vegas,AOI_2_Vegas:-11523:3624,test,owlv2,blur_resize,fixed,0.6,0.5,11,93,61,66,1.75,owlv2
AOI_2_Vegas_img3018,AOI_2_Vegas,AOI_2_Vegas:-11523:3624,test,owlv2,blur_resize,fixed,0.9,0.5,9,80,61,63,1.6,owlv2
AOI_2_Vegas_img3018,AOI_2_Vegas,AOI_2_Vegas:-11523:3624,test,owlv2,blur_resize,fixed,1.2,0.5,8,86,61,58,1.8,owlv2
AOI_2_Vegas_img3018,AOI_2_Vegas,AOI_2_Vegas:-11523:3624,test,owlv2,blur_resize,fixed,1.8,0.5,8,44,61,39,1.05,owlv2
AOI_2_Vegas_img3018,AOI_2_Vegas,AOI_2_Vegas:-11523:3624,test,owlv2,blur_resize,fixed,2.4,0.5,6,18,61,38,0.35,owlv2
AOI_2_Vegas_img3018,AOI_2_Vegas,AOI_2_Vegas:-11523:3624,test,owlv2,blur_resize,fixed,3.6,0.5,0,0,61,0,0.0,owlv2
AOI_2_Vegas_img3018,AOI_2_Vegas,AOI_2_Vegas:-11523:3624,test,owlv2,blur_resize,fixed,5.0,0.5,0,0,61,0,0.0,owlv2
AOI_2_Vegas_img3018,AOI_2_Vegas,AOI_2_Vegas:-11523:3624,test,owlv2,blur_resize,fixed,10.0,0.5,0,0,61,0,0.0,owlv2
AOI_2_Vegas_img3077,AOI_2_Vegas,AOI_2_Vegas:-11523:3620,test,owlv2,blur_resize,fixed,0.3,0.5,21,183,32,62,1.45,owlv2
AOI_2_Vegas_img3077,AOI_2_Vegas,AOI_2_Vegas:-11523:3620,test,owlv2,blur_resize,fixed,0.45,0.5,17,129,32,59,0.75,owlv2
AOI_2_Vegas_img3077,AOI_2_Vegas,AOI_2_Vegas:-11523:3620,test,owlv2,blur_resize,fixed,0.6,0.5,13,113,32,48,1.0,owlv2
AOI_2_Vegas_img3077,AOI_2_Vegas,AOI_2_Vegas:-11523:3620,test,owlv2,blur_resize,fixed,0.9,0.5,12,109,32,54,1.05,owlv2
AOI_2_Vegas_img3077,AOI_2_Vegas,AOI_2_Vegas:-11523:3620,test,owlv2,blur_resize,fixed,1.2,0.5,11,83,32,62,0.95,owlv2
AOI_2_Vegas_img3077,AOI_2_Vegas,AOI_2_Vegas:-11523:3620,test,owlv2,blur_resize,fixed,1.8,0.5,8,45,32,49,0.25,owlv2
AOI_2_Vegas_img3077,AOI_2_Vegas,AOI_2_Vegas:-11523:3620,test,owlv2,blur_resize,fixed,2.4,0.5,3,16,32,61,0.25,owlv2
AOI_2_Vegas_img3077,AOI_2_Vegas,AOI_2_Vegas:-11523:3620,test,owlv2,blur_resize,fixed,3.6,0.5,0,0,32,0,0.0,owlv2
AOI_2_Vegas_img3077,AOI_2_Vegas,AOI_2_Vegas:-11523:3620,test,owlv2,blur_resize,fixed,5.0,0.5,0,0,32,0,0.0,owlv2
AOI_2_Vegas_img3077,AOI_2_Vegas,AOI_2_Vegas:-11523:3620,test,owlv2,blur_resize,fixed,10.0,0.5,0,0,32,0,0.0,owlv2
AOI_2_Vegas_img3082,AOI_2_Vegas,AOI_2_Vegas:-11523:3621,test,owlv2,blur_resize,fixed,0.3,0.5,1,65,7,42,0.0,owlv2
AOI_2_Vegas_img3082,AOI_2_Vegas,AOI_2_Vegas:-11523:3621,test,owlv2,blur_resize,fixed,0.45,0.5,2,29,7,31,0.05,owlv2
AOI_2_Vegas_img3082,AOI_2_Vegas,AOI_2_Vegas:-11523:3621,test,owlv2,blur_resize,fixed,0.6,0.5,2,16,7,26,0.05,owlv2
AOI_2_Vegas_img3082,AOI_2_Vegas,AOI_2_Vegas:-11523:3621,test,owlv2,blur_resize,fixed,0.9,0.5,1,1,7,8,0.0,owlv2
AOI_2_Vegas_img3082,AOI_2_Vegas,AOI_2_Vegas:-11523:3621,test,owlv2,blur_resize,fixed,1.2,0.5,0,0,7,4,0.0,owlv2
AOI_2_Vegas_img3082,AOI_2_Vegas,AOI_2_Vegas:-11523:3621,test,owlv2,blur_resize,fixed,1.8,0.5,0,1,7,4,0.0,owlv2
AOI_2_Vegas_img3082,AOI_2_Vegas,AOI_2_Vegas:-11523:3621,test,owlv2,blur_resize,fixed,2.4,0.5,0,0,7,1,0.0,owlv2
AOI_2_Vegas_img3082,AOI_2_Vegas,AOI_2_Vegas:-11523:3621,test,owlv2,blur_resize,fixed,3.6,0.5,0,0,7,0,0.0,owlv2
AOI_2_Vegas_img3082,AOI_2_Vegas,AOI_2_Vegas:-11523:3621,test,owlv2,blur_resize,fixed,5.0,0.5,0,0,7,0,0.0,owlv2
AOI_2_Vegas_img3082,AOI_2_Vegas,AOI_2_Vegas:-11523:3621,test,owlv2,blur_resize,fixed,10.0,0.5,0,0,7,0,0.0,owlv2
AOI_2_Vegas_img311,AOI_2_Vegas,AOI_2_Vegas:-11530:3618,test,owlv2,blur_resize,fixed,0.3,0.5,3,192,15,36,0.05,owlv2
AOI_2_Vegas_img311,AOI_2_Vegas,AOI_2_Vegas:-11530:3618,test,owlv2,blur_resize,fixed,0.45,0.5,1,75,15,21,0.05,owlv2
AOI_2_Vegas_img311,AOI_2_Vegas,AOI_2_Vegas:-11530:3618,test,owlv2,blur_resize,fixed,0.6,0.5,2,92,15,28,0.0,owlv2
AOI_2_Vegas_img311,AOI_2_Vegas,AOI_2_Vegas:-11530:3618,test,owlv2,blur_resize,fixed,0.9,0.5,1,85,15,36,0.0,owlv2
AOI_2_Vegas_img311,AOI_2_Vegas,AOI_2_Vegas:-11530:3618,test,owlv2,blur_resize,fixed,1.2,0.5,1,72,15,29,0.0,owlv2
AOI_2_Vegas_img311,AOI_2_Vegas,AOI_2_Vegas:-11530:3618,test,owlv2,blur_resize,fixed,1.8,0.5,2,34,15,16,0.0,owlv2
AOI_2_Vegas_img311,AOI_2_Vegas,AOI_2_Vegas:-11530:3618,test,owlv2,blur_resize,fixed,2.4,0.5,1,6,15,15,0.0,owlv2
AOI_2_Vegas_img311,AOI_2_Vegas,AOI_2_Vegas:-11530:3618,test,owlv2,blur_resize,fixed,3.6,0.5,0,1,15,2,0.0,owlv2
AOI_2_Vegas_img311,AOI_2_Vegas,AOI_2_Vegas:-11530:3618,test,owlv2,blur_resize,fixed,5.0,0.5,0,0,15,1,0.0,owlv2
AOI_2_Vegas_img311,AOI_2_Vegas,AOI_2_Vegas:-11530:3618,test,owlv2,blur_resize,fixed,10.0,0.5,0,0,15,0,0.0,owlv2
AOI_2_Vegas_img3117,AOI_2_Vegas,AOI_2_Vegas:-11523:3613,test,owlv2,blur_resize,fixed,0.3,0.5,6,222,18,81,1.25,owlv2
AOI_2_Vegas_img3117,AOI_2_Vegas,AOI_2_Vegas:-11523:3613,test,owlv2,blur_resize,fixed,0.45,0.5,5,83,18,63,0.6,owlv2
AOI_2_Vegas_img3117,AOI_2_Vegas,AOI_2_Vegas:-11523:3613,test,owlv2,blur_resize,fixed,0.6,0.5,4,54,18,59,0.65,owlv2
AOI_2_Vegas_img3117,AOI_2_Vegas,AOI_2_Vegas:-11523:3613,test,owlv2,blur_resize,fixed,0.9,0.5,2,44,18,64,0.05,owlv2
AOI_2_Vegas_img3117,AOI_2_Vegas,AOI_2_Vegas:-11523:3613,test,owlv2,blur_resize,fixed,1.2,0.5,3,40,18,58,0.35,owlv2
AOI_2_Vegas_img3117,AOI_2_Vegas,AOI_2_Vegas:-11523:3613,test,owlv2,blur_resize,fixed,1.8,0.5,1,19,18,44,0.3,owlv2
AOI_2_Vegas_img3117,AOI_2_Vegas,AOI_2_Vegas:-11523:3613,test,owlv2,blur_resize,fixed,2.4,0.5,1,7,18,29,0.15,owlv2
AOI_2_Vegas_img3117,AOI_2_Vegas,AOI_2_Vegas:-11523:3613,test,owlv2,blur_resize,fixed,3.6,0.5,1,1,18,3,0.0,owlv2
AOI_2_Vegas_img3117,AOI_2_Vegas,AOI_2_Vegas:-11523:3613,test,owlv2,blur_resize,fixed,5.0,0.5,0,0,18,4,0.0,owlv2
AOI_2_Vegas_img3117,AOI_2_Vegas,AOI_2_Vegas:-11523:3613,test,owlv2,blur_resize,fixed,10.0,0.5,0,0,18,0,0.0,owlv2
AOI_2_Vegas_img3122,AOI_2_Vegas,AOI_2_Vegas:-11523:3614,test,owlv2,blur_resize,fixed,0.3,0.5,10,143,27,67,0.35,owlv2
AOI_2_Vegas_img3122,AOI_2_Vegas,AOI_2_Vegas:-11523:3614,test,owlv2,blur_resize,fixed,0.45,0.5,9,54,27,43,0.5,owlv2
AOI_2_Vegas_img3122,AOI_2_Vegas,AOI_2_Vegas:-11523:3614,test,owlv2,blur_resize,fixed,0.6,0.5,8,37,27,33,0.15,owlv2
AOI_2_Vegas_img3122,AOI_2_Vegas,AOI_2_Vegas:-11523:3614,test,owlv2,blur_resize,fixed,0.9,0.5,7,28,27,31,0.5,owlv2
AOI_2_Vegas_img3122,AOI_2_Vegas,AOI_2_Vegas:-11523:3614,test,owlv2,blur_resize,fixed,1.2,0.5,6,22,27,37,0.35,owlv2
AOI_2_Vegas_img3122,AOI_2_Vegas,AOI_2_Vegas:-11523:3614,test,owlv2,blur_resize,fixed,1.8,0.5,1,2,27,19,0.05,owlv2
AOI_2_Vegas_img3122,AOI_2_Vegas,AOI_2_Vegas:-11523:3614,test,owlv2,blur_resize,fixed,2.4,0.5,0,0,27,1,0.0,owlv2
AOI_2_Vegas_img3122,AOI_2_Vegas,AOI_2_Vegas:-11523:3614,test,owlv2,blur_resize,fixed,3.6,0.5,0,0,27,0,0.0,owlv2
AOI_2_Vegas_img3122,AOI_2_Vegas,AOI_2_Vegas:-11523:3614,test,owlv2,blur_resize,fixed,5.0,0.5,0,0,27,0,0.0,owlv2
AOI_2_Vegas_img3122,AOI_2_Vegas,AOI_2_Vegas:-11523:3614,test,owlv2,blur_resize,fixed,10.0,0.5,0,0,27,0,0.0,owlv2
AOI_2_Vegas_img3131,AOI_2_Vegas,AOI_2_Vegas:-11523:3616,test,owlv2,blur_resize,fixed,0.3,0.5,32,306,65,70,2.45,owlv2
AOI_2_Vegas_img3131,AOI_2_Vegas,AOI_2_Vegas:-11523:3616,test,owlv2,blur_resize,fixed,0.45,0.5,26,142,65,52,2.4,owlv2
AOI_2_Vegas_img3131,AOI_2_Vegas,AOI_2_Vegas:-11523:3616,test,owlv2,blur_resize,fixed,0.6,0.5,24,100,65,44,1.9,owlv2
AOI_2_Vegas_img3131,AOI_2_Vegas,AOI_2_Vegas:-11523:3616,test,owlv2,blur_resize,fixed,0.9,0.5,23,102,65,33,2.5,owlv2
AOI_2_Vegas_img3131,AOI_2_Vegas,AOI_2_Vegas:-11523:3616,test,owlv2,blur_resize,fixed,1.2,0.5,28,102,65,35,1.7,owlv2
AOI_2_Vegas_img3131,AOI_2_Vegas,AOI_2_Vegas:-11523:3616,test,owlv2,blur_resize,fixed,1.8,0.5,9,22,65,2,0.55,owlv2
AOI_2_Vegas_img3131,AOI_2_Vegas,AOI_2_Vegas:-11523:3616,test,owlv2,blur_resize,fixed,2.4,0.5,1,2,65,0,0.0,owlv2
AOI_2_Vegas_img3131,AOI_2_Vegas,AOI_2_Vegas:-11523:3616,test,owlv2,blur_resize,fixed,3.6,0.5,0,0,65,0,0.0,owlv2
AOI_2_Vegas_img3131,AOI_2_Vegas,AOI_2_Vegas:-11523:3616,test,owlv2,blur_resize,fixed,5.0,0.5,0,0,65,0,0.0,owlv2
AOI_2_Vegas_img3131,AOI_2_Vegas,AOI_2_Vegas:-11523:3616,test,owlv2,blur_resize,fixed,10.0,0.5,0,0,65,0,0.0,owlv2
AOI_2_Vegas_img3134,AOI_2_Vegas,AOI_2_Vegas:-11523:3616,test,owlv2,blur_resize,fixed,0.3,0.5,29,257,58,69,2.95,owlv2
AOI_2_Vegas_img3134,AOI_2_Vegas,AOI_2_Vegas:-11523:3616,test,owlv2,blur_resize,fixed,0.45,0.5,26,98,58,48,1.95,owlv2
AOI_2_Vegas_img3134,AOI_2_Vegas,AOI_2_Vegas:-11523:3616,test,owlv2,blur_resize,fixed,0.6,0.5,16,55,58,31,1.7,owlv2
AOI_2_Vegas_img3134,AOI_2_Vegas,AOI_2_Vegas:-11523:3616,test,owlv2,blur_resize,fixed,0.9,0.5,17,43,58,27,1.4,owlv2
AOI_2_Vegas_img3134,AOI_2_Vegas,AOI_2_Vegas:-11523:3616,test,owlv2,blur_resize,fixed,1.2,0.5,14,34,58,16,1.0,owlv2
AOI_2_Vegas_img3134,AOI_2_Vegas,AOI_2_Vegas:-11523:3616,test,owlv2,blur_resize,fixed,1.8,0.5,12,18,58,6,0.45,owlv2
AOI_2_Vegas_img3134,AOI_2_Vegas,AOI_2_Vegas:-11523:3616,test,owlv2,blur_resize,fixed,2.4,0.5,0,0,58,2,0.0,owlv2
AOI_2_Vegas_img3134,AOI_2_Vegas,AOI_2_Vegas:-11523:3616,test,owlv2,blur_resize,fixed,3.6,0.5,0,0,58,0,0.0,owlv2
AOI_2_Vegas_img3134,AOI_2_Vegas,AOI_2_Vegas:-11523:3616,test,owlv2,blur_resize,fixed,5.0,0.5,0,0,58,0,0.0,owlv2
AOI_2_Vegas_img3134,AOI_2_Vegas,AOI_2_Vegas:-11523:3616,test,owlv2,blur_resize,fixed,10.0,0.5,0,0,58,0,0.0,owlv2
AOI_2_Vegas_img3146,AOI_2_Vegas,AOI_2_Vegas:-11523:3619,test,owlv2,blur_resize,fixed,0.3,0.5,17,117,38,55,0.7,owlv2
AOI_2_Vegas_img3146,AOI_2_Vegas,AOI_2_Vegas:-11523:3619,test,owlv2,blur_resize,fixed,0.45,0.5,3,22,38,32,0.15,owlv2
AOI_2_Vegas_img3146,AOI_2_Vegas,AOI_2_Vegas:-11523:3619,test,owlv2,blur_resize,fixed,0.6,0.5,0,12,38,30,0.0,owlv2
AOI_2_Vegas_img3146,AOI_2_Vegas,AOI_2_Vegas:-11523:3619,test,owlv2,blur_resize,fixed,0.9,0.5,0,5,38,31,0.0,owlv2
AOI_2_Vegas_img3146,AOI_2_Vegas,AOI_2_Vegas:-11523:3619,test,owlv2,blur_resize,fixed,1.2,0.5,0,5,38,32,0.0,owlv2
AOI_2_Vegas_img3146,AOI_2_Vegas,AOI_2_Vegas:-11523:3619,test,owlv2,blur_resize,fixed,1.8,0.5,0,0,38,15,0.0,owlv2
AOI_2_Vegas_img3146,AOI_2_Vegas,AOI_2_Vegas:-11523:3619,test,owlv2,blur_resize,fixed,2.4,0.5,0,0,38,10,0.0,owlv2
AOI_2_Vegas_img3146,AOI_2_Vegas,AOI_2_Vegas:-11523:3619,test,owlv2,blur_resize,fixed,3.6,0.5,0,0,38,0,0.0,owlv2
AOI_2_Vegas_img3146,AOI_2_Vegas,AOI_2_Vegas:-11523:3619,test,owlv2,blur_resize,fixed,5.0,0.5,0,0,38,0,0.0,owlv2
AOI_2_Vegas_img3146,AOI_2_Vegas,AOI_2_Vegas:-11523:3619,test,owlv2,blur_resize,fixed,10.0,0.5,0,0,38,0,0.0,owlv2
AOI_2_Vegas_img3170,AOI_2_Vegas,AOI_2_Vegas:-11523:3623,test,owlv2,blur_resize,fixed,0.3,0.5,0,0,0,0,0.0,owlv2
AOI_2_Vegas_img3170,AOI_2_Vegas,AOI_2_Vegas:-11523:3623,test,owlv2,blur_resize,fixed,0.45,0.5,0,0,0,0,0.0,owlv2
AOI_2_Vegas_img3170,AOI_2_Vegas,AOI_2_Vegas:-11523:3623,test,owlv2,blur_resize,fixed,0.6,0.5,0,0,0,0,0.0,owlv2
AOI_2_Vegas_img3170,AOI_2_Vegas,AOI_2_Vegas:-11523:3623,test,owlv2,blur_resize,fixed,0.9,0.5,0,0,0,0,0.0,owlv2
AOI_2_Vegas_img3170,AOI_2_Vegas,AOI_2_Vegas:-11523:3623,test,owlv2,blur_resize,fixed,1.2,0.5,0,0,0,0,0.0,owlv2
AOI_2_Vegas_img3170,AOI_2_Vegas,AOI_2_Vegas:-11523:3623,test,owlv2,blur_resize,fixed,1.8,0.5,0,0,0,0,0.0,owlv2
AOI_2_Vegas_img3170,AOI_2_Vegas,AOI_2_Vegas:-11523:3623,test,owlv2,blur_resize,fixed,2.4,0.5,0,0,0,0,0.0,owlv2
AOI_2_Vegas_img3170,AOI_2_Vegas,AOI_2_Vegas:-11523:3623,test,owlv2,blur_resize,fixed,3.6,0.5,0,0,0,0,0.0,owlv2
AOI_2_Vegas_img3170,AOI_2_Vegas,AOI_2_Vegas:-11523:3623,test,owlv2,blur_resize,fixed,5.0,0.5,0,0,0,0,0.0,owlv2
AOI_2_Vegas_img3170,AOI_2_Vegas,AOI_2_Vegas:-11523:3623,test,owlv2,blur_resize,fixed,10.0,0.5,0,0,0,0,0.0,owlv2
AOI_2_Vegas_img3207,AOI_2_Vegas,AOI_2_Vegas:-11523:3615,test,owlv2,blur_resize,fixed,0.3,0.5,14,129,29,52,0.3,owlv2
AOI_2_Vegas_img3207,AOI_2_Vegas,AOI_2_Vegas:-11523:3615,test,owlv2,blur_resize,fixed,0.45,0.5,4,39,29,35,0.05,owlv2
AOI_2_Vegas_img3207,AOI_2_Vegas,AOI_2_Vegas:-11523:3615,test,owlv2,blur_resize,fixed,0.6,0.5,4,25,29,29,0.2,owlv2
AOI_2_Vegas_img3207,AOI_2_Vegas,AOI_2_Vegas:-11523:3615,test,owlv2,blur_resize,fixed,0.9,0.5,1,11,29,26,0.05,owlv2
AOI_2_Vegas_img3207,AOI_2_Vegas,AOI_2_Vegas:-11523:3615,test,owlv2,blur_resize,fixed,1.2,0.5,1,7,29,25,0.0,owlv2
AOI_2_Vegas_img3207,AOI_2_Vegas,AOI_2_Vegas:-11523:3615,test,owlv2,blur_resize,fixed,1.8,0.5,1,3,29,20,0.0,owlv2
AOI_2_Vegas_img3207,AOI_2_Vegas,AOI_2_Vegas:-11523:3615,test,owlv2,blur_resize,fixed,2.4,0.5,0,0,29,0,0.0,owlv2
AOI_2_Vegas_img3207,AOI_2_Vegas,AOI_2_Vegas:-11523:3615,test,owlv2,blur_resize,fixed,3.6,0.5,0,0,29,0,0.0,owlv2
AOI_2_Vegas_img3207,AOI_2_Vegas,AOI_2_Vegas:-11523:3615,test,owlv2,blur_resize,fixed,5.0,0.5,0,0,29,3,0.0,owlv2
AOI_2_Vegas_img3207,AOI_2_Vegas,AOI_2_Vegas:-11523:3615,test,owlv2,blur_resize,fixed,10.0,0.5,0,0,29,0,0.0,owlv2
AOI_2_Vegas_img3214,AOI_2_Vegas,AOI_2_Vegas:-11523:3617,test,owlv2,blur_resize,fixed,0.3,0.5,27,205,69,65,3.6,owlv2
AOI_2_Vegas_img3214,AOI_2_Vegas,AOI_2_Vegas:-11523:3617,test,owlv2,blur_resize,fixed,0.45,0.5,21,97,69,40,2.1,owlv2
AOI_2_Vegas_img3214,AOI_2_Vegas,AOI_2_Vegas:-11523:3617,test,owlv2,blur_resize,fixed,0.6,0.5,17,69,69,33,1.9,owlv2
AOI_2_Vegas_img3214,AOI_2_Vegas,AOI_2_Vegas:-11523:3617,test,owlv2,blur_resize,fixed,0.9,0.5,18,46,69,19,1.05,owlv2
AOI_2_Vegas_img3214,AOI_2_Vegas,AOI_2_Vegas:-11523:3617,test,owlv2,blur_resize,fixed,1.2,0.5,18,43,69,19,1.15,owlv2
AOI_2_Vegas_img3214,AOI_2_Vegas,AOI_2_Vegas:-11523:3617,test,owlv2,blur_resize,fixed,1.8,0.5,19,35,69,13,0.9,owlv2
AOI_2_Vegas_img3214,AOI_2_Vegas,AOI_2_Vegas:-11523:3617,test,owlv2,blur_resize,fixed,2.4,0.5,20,31,69,5,1.3,owlv2
AOI_2_Vegas_img3214,AOI_2_Vegas,AOI_2_Vegas:-11523:3617,test,owlv2,blur_resize,fixed,3.6,0.5,0,0,69,2,0.0,owlv2
AOI_2_Vegas_img3214,AOI_2_Vegas,AOI_2_Vegas:-11523:3617,test,owlv2,blur_resize,fixed,5.0,0.5,0,0,69,0,0.0,owlv2
AOI_2_Vegas_img3214,AOI_2_Vegas,AOI_2_Vegas:-11523:3617,test,owlv2,blur_resize,fixed,10.0,0.5,0,0,69,0,0.0,owlv2
AOI_2_Vegas_img324,AOI_2_Vegas,AOI_2_Vegas:-11530:3621,test,owlv2,blur_resize,fixed,0.3,0.5,20,312,24,54,2.35,owlv2
AOI_2_Vegas_img324,AOI_2_Vegas,AOI_2_Vegas:-11530:3621,test,owlv2,blur_resize,fixed,0.45,0.5,18,168,24,42,1.45,owlv2
AOI_2_Vegas_img324,AOI_2_Vegas,AOI_2_Vegas:-11530:3621,test,owlv2,blur_resize,fixed,0.6,0.5,17,125,24,40,1.25,owlv2
AOI_2_Vegas_img324,AOI_2_Vegas,AOI_2_Vegas:-11530:3621,test,owlv2,blur_resize,fixed,0.9,0.5,7,52,24,27,1.15,owlv2
AOI_2_Vegas_img324,AOI_2_Vegas,AOI_2_Vegas:-11530:3621,test,owlv2,blur_resize,fixed,1.2,0.5,5,32,24,32,0.45,owlv2
AOI_2_Vegas_img324,AOI_2_Vegas,AOI_2_Vegas:-11530:3621,test,owlv2,blur_resize,fixed,1.8,0.5,2,17,24,24,0.4,owlv2
AOI_2_Vegas_img324,AOI_2_Vegas,AOI_2_Vegas:-11530:3621,test,owlv2,blur_resize,fixed,2.4,0.5,1,12,24,18,0.35,owlv2
AOI_2_Vegas_img324,AOI_2_Vegas,AOI_2_Vegas:-11530:3621,test,owlv2,blur_resize,fixed,3.6,0.5,0,0,24,4,0.0,owlv2
AOI_2_Vegas_img324,AOI_2_Vegas,AOI_2_Vegas:-11530:3621,test,owlv2,blur_resize,fixed,5.0,0.5,0,0,24,1,0.0,owlv2
AOI_2_Vegas_img324,AOI_2_Vegas,AOI_2_Vegas:-11530:3621,test,owlv2,blur_resize,fixed,10.0,0.5,0,0,24,0,0.0,owlv2
AOI_2_Vegas_img3248,AOI_2_Vegas,AOI_2_Vegas:-11523:3623,test,owlv2,blur_resize,fixed,0.3,0.5,0,68,4,51,0.05,owlv2
AOI_2_Vegas_img3248,AOI_2_Vegas,AOI_2_Vegas:-11523:3623,test,owlv2,blur_resize,fixed,0.45,0.5,0,2,4,11,0.0,owlv2
AOI_2_Vegas_img3248,AOI_2_Vegas,AOI_2_Vegas:-11523:3623,test,owlv2,blur_resize,fixed,0.6,0.5,0,0,4,7,0.0,owlv2
AOI_2_Vegas_img3248,AOI_2_Vegas,AOI_2_Vegas:-11523:3623,test,owlv2,blur_resize,fixed,0.9,0.5,0,0,4,5,0.0,owlv2
AOI_2_Vegas_img3248,AOI_2_Vegas,AOI_2_Vegas:-11523:3623,test,owlv2,blur_resize,fixed,1.2,0.5,0,0,4,2,0.0,owlv2
AOI_2_Vegas_img3248,AOI_2_Vegas,AOI_2_Vegas:-11523:3623,test,owlv2,blur_resize,fixed,1.8,0.5,0,0,4,4,0.0,owlv2
AOI_2_Vegas_img3248,AOI_2_Vegas,AOI_2_Vegas:-11523:3623,test,owlv2,blur_resize,fixed,2.4,0.5,0,0,4,3,0.0,owlv2
AOI_2_Vegas_img3248,AOI_2_Vegas,AOI_2_Vegas:-11523:3623,test,owlv2,blur_resize,fixed,3.6,0.5,0,0,4,5,0.0,owlv2
AOI_2_Vegas_img3248,AOI_2_Vegas,AOI_2_Vegas:-11523:3623,test,owlv2,blur_resize,fixed,5.0,0.5,0,0,4,8,0.0,owlv2
AOI_2_Vegas_img3248,AOI_2_Vegas,AOI_2_Vegas:-11523:3623,test,owlv2,blur_resize,fixed,10.0,0.5,0,0,4,1,0.0,owlv2
AOI_2_Vegas_img3267,AOI_2_Vegas,AOI_2_Vegas:-11523:3612,test,owlv2,blur_resize,fixed,0.3,0.5,5,54,10,49,0.1,owlv2
AOI_2_Vegas_img3267,AOI_2_Vegas,AOI_2_Vegas:-11523:3612,test,owlv2,blur_resize,fixed,0.45,0.5,4,21,10,39,0.05,owlv2
AOI_2_Vegas_img3267,AOI_2_Vegas,AOI_2_Vegas:-11523:3612,test,owlv2,blur_resize,fixed,0.6,0.5,3,8,10,19,0.0,owlv2
AOI_2_Vegas_img3267,AOI_2_Vegas,AOI_2_Vegas:-11523:3612,test,owlv2,blur_resize,fixed,0.9,0.5,2,2,10,5,0.05,owlv2
AOI_2_Vegas_img3267,AOI_2_Vegas,AOI_2_Vegas:-11523:3612,test,owlv2,blur_resize,fixed,1.2,0.5,2,2,10,1,0.0,owlv2
AOI_2_Vegas_img3267,AOI_2_Vegas,AOI_2_Vegas:-11523:3612,test,owlv2,blur_resize,fixed,1.8,0.5,1,1,10,4,0.0,owlv2
AOI_2_Vegas_img3267,AOI_2_Vegas,AOI_2_Vegas:-11523:3612,test,owlv2,blur_resize,fixed,2.4,0.5,0,0,10,1,0.0,owlv2
AOI_2_Vegas_img3267,AOI_2_Vegas,AOI_2_Vegas:-11523:3612,test,owlv2,blur_resize,fixed,3.6,0.5,0,0,10,2,0.0,owlv2
AOI_2_Vegas_img3267,AOI_2_Vegas,AOI_2_Vegas:-11523:3612,test,owlv2,blur_resize,fixed,5.0,0.5,0,0,10,1,0.0,owlv2
AOI_2_Vegas_img3267,AOI_2_Vegas,AOI_2_Vegas:-11523:3612,test,owlv2,blur_resize,fixed,10.0,0.5,0,0,10,0,0.0,owlv2
AOI_2_Vegas_img3280,AOI_2_Vegas,AOI_2_Vegas:-11523:3614,test,owlv2,blur_resize,fixed,0.3,0.5,6,104,11,48,0.3,owlv2
AOI_2_Vegas_img3280,AOI_2_Vegas,AOI_2_Vegas:-11523:3614,test,owlv2,blur_resize,fixed,0.45,0.5,5,37,11,36,0.05,owlv2
AOI_2_Vegas_img3280,AOI_2_Vegas,AOI_2_Vegas:-11523:3614,test,owlv2,blur_resize,fixed,0.6,0.5,5,29,11,28,0.1,owlv2
AOI_2_Vegas_img3280,AOI_2_Vegas,AOI_2_Vegas:-11523:3614,test,owlv2,blur_resize,fixed,0.9,0.5,3,31,11,24,0.2,owlv2
AOI_2_Vegas_img3280,AOI_2_Vegas,AOI_2_Vegas:-11523:3614,test,owlv2,blur_resize,fixed,1.2,0.5,4,34,11,24,0.15,owlv2
AOI_2_Vegas_img3280,AOI_2_Vegas,AOI_2_Vegas:-11523:3614,test,owlv2,blur_resize,fixed,1.8,0.5,3,25,11,36,0.05,owlv2
AOI_2_Vegas_img3280,AOI_2_Vegas,AOI_2_Vegas:-11523:3614,test,owlv2,blur_resize,fixed,2.4,0.5,2,14,11,34,0.05,owlv2
AOI_2_Vegas_img3280,AOI_2_Vegas,AOI_2_Vegas:-11523:3614,test,owlv2,blur_resize,fixed,3.6,0.5,0,2,11,12,0.0,owlv2
AOI_2_Vegas_img3280,AOI_2_Vegas,AOI_2_Vegas:-11523:3614,test,owlv2,blur_resize,fixed,5.0,0.5,0,0,11,3,0.0,owlv2
AOI_2_Vegas_img3280,AOI_2_Vegas,AOI_2_Vegas:-11523:3614,test,owlv2,blur_resize,fixed,10.0,0.5,0,0,11,0,0.0,owlv2
AOI_2_Vegas_img3288,AOI_2_Vegas,AOI_2_Vegas:-11523:3616,test,owlv2,blur_resize,fixed,0.3,0.5,20,127,32,32,0.65,owlv2
AOI_2_Vegas_img3288,AOI_2_Vegas,AOI_2_Vegas:-11523:3616,test,owlv2,blur_resize,fixed,0.45,0.5,15,60,32,30,0.35,owlv2
AOI_2_Vegas_img3288,AOI_2_Vegas,AOI_2_Vegas:-11523:3616,test,owlv2,blur_resize,fixed,0.6,0.5,13,41,32,33,0.55,owlv2
AOI_2_Vegas_img3288,AOI_2_Vegas,AOI_2_Vegas:-11523:3616,test,owlv2,blur_resize,fixed,0.9,0.5,9,29,32,28,0.35,owlv2
AOI_2_Vegas_img3288,AOI_2_Vegas,AOI_2_Vegas:-11523:3616,test,owlv2,blur_resize,fixed,1.2,0.5,9,26,32,29,0.4,owlv2
AOI_2_Vegas_img3288,AOI_2_Vegas,AOI_2_Vegas:-11523:3616,test,owlv2,blur_resize,fixed,1.8,0.5,8,19,32,23,0.05,owlv2
AOI_2_Vegas_img3288,AOI_2_Vegas,AOI_2_Vegas:-11523:3616,test,owlv2,blur_resize,fixed,2.4,0.5,4,9,32,30,0.05,owlv2
AOI_2_Vegas_img3288,AOI_2_Vegas,AOI_2_Vegas:-11523:3616,test,owlv2,blur_resize,fixed,3.6,0.5,0,0,32,8,0.0,owlv2
AOI_2_Vegas_img3288,AOI_2_Vegas,AOI_2_Vegas:-11523:3616,test,owlv2,blur_resize,fixed,5.0,0.5,0,0,32,4,0.0,owlv2
AOI_2_Vegas_img3288,AOI_2_Vegas,AOI_2_Vegas:-11523:3616,test,owlv2,blur_resize,fixed,10.0,0.5,0,0,32,0,0.0,owlv2
AOI_2_Vegas_img3311,AOI_2_Vegas,AOI_2_Vegas:-11523:3620,test,owlv2,blur_resize,fixed,0.3,0.5,35,124,54,36,2.55,owlv2
AOI_2_Vegas_img3311,AOI_2_Vegas,AOI_2_Vegas:-11523:3620,test,owlv2,blur_resize,fixed,0.45,0.5,25,54,54,31,1.9,owlv2
AOI_2_Vegas_img3311,AOI_2_Vegas,AOI_2_Vegas:-11523:3620,test,owlv2,blur_resize,fixed,0.6,0.5,15,35,54,21,1.4,owlv2
AOI_2_Vegas_img3311,AOI_2_Vegas,AOI_2_Vegas:-11523:3620,test,owlv2,blur_resize,fixed,0.9,0.5,13,44,54,42,1.35,owlv2
AOI_2_Vegas_img3311,AOI_2_Vegas,AOI_2_Vegas:-11523:3620,test,owlv2,blur_resize,fixed,1.2,0.5,12,43,54,50,1.65,owlv2
AOI_2_Vegas_img3311,AOI_2_Vegas,AOI_2_Vegas:-11523:3620,test,owlv2,blur_resize,fixed,1.8,0.5,11,22,54,25,1.05,owlv2
AOI_2_Vegas_img3311,AOI_2_Vegas,AOI_2_Vegas:-11523:3620,test,owlv2,blur_resize,fixed,2.4,0.5,4,14,54,21,0.35,owlv2
AOI_2_Vegas_img3311,AOI_2_Vegas,AOI_2_Vegas:-11523:3620,test,owlv2,blur_resize,fixed,3.6,0.5,0,0,54,0,0.0,owlv2
AOI_2_Vegas_img3311,AOI_2_Vegas,AOI_2_Vegas:-11523:3620,test,owlv2,blur_resize,fixed,5.0,0.5,0,0,54,2,0.0,owlv2
AOI_2_Vegas_img3311,AOI_2_Vegas,AOI_2_Vegas:-11523:3620,test,owlv2,blur_resize,fixed,10.0,0.5,0,0,54,0,0.0,owlv2
AOI_2_Vegas_img3326,AOI_2_Vegas,AOI_2_Vegas:-11523:3622,test,owlv2,blur_resize,fixed,0.3,0.5,3,352,26,83,0.65,owlv2
AOI_2_Vegas_img3326,AOI_2_Vegas,AOI_2_Vegas:-11523:3622,test,owlv2,blur_resize,fixed,0.45,0.5,1,137,26,47,0.4,owlv2
AOI_2_Vegas_img3326,AOI_2_Vegas,AOI_2_Vegas:-11523:3622,test,owlv2,blur_resize,fixed,0.6,0.5,1,124,26,47,0.3,owlv2
AOI_2_Vegas_img3326,AOI_2_Vegas,AOI_2_Vegas:-11523:3622,test,owlv2,blur_resize,fixed,0.9,0.5,3,125,26,59,0.65,owlv2
AOI_2_Vegas_img3326,AOI_2_Vegas,AOI_2_Vegas:-11523:3622,test,owlv2,blur_resize,fixed,1.2,0.5,1,87,26,59,0.6,owlv2
AOI_2_Vegas_img3326,AOI_2_Vegas,AOI_2_Vegas:-11523:3622,test,owlv2,blur_resize,fixed,1.8,0.5,0,50,26,58,0.2,owlv2
AOI_2_Vegas_img3326,AOI_2_Vegas,AOI_2_Vegas:-11523:3622,test,owlv2,blur_resize,fixed,2.4,0.5,0,25,26,31,0.1,owlv2
AOI_2_Vegas_img3326,AOI_2_Vegas,AOI_2_Vegas:-11523:3622,test,owlv2,blur_resize,fixed,3.6,0.5,0,0,26,4,0.0,owlv2
AOI_2_Vegas_img3326,AOI_2_Vegas,AOI_2_Vegas:-11523:3622,test,owlv2,blur_resize,fixed,5.0,0.5,0,0,26,0,0.0,owlv2
AOI_2_Vegas_img3326,AOI_2_Vegas,AOI_2_Vegas:-11523:3622,test,owlv2,blur_resize,fixed,10.0,0.5,0,0,26,0,0.0,owlv2
AOI_2_Vegas_img3335,AOI_2_Vegas,AOI_2_Vegas:-11523:3624,test,owlv2,blur_resize,fixed,0.3,0.5,36,286,43,49,6.05,owlv2
AOI_2_Vegas_img3335,AOI_2_Vegas,AOI_2_Vegas:-11523:3624,test,owlv2,blur_resize,fixed,0.45,0.5,31,144,43,38,3.95,owlv2
AOI_2_Vegas_img3335,AOI_2_Vegas,AOI_2_Vegas:-11523:3624,test,owlv2,blur_resize,fixed,0.6,0.5,26,81,43,28,3.1,owlv2
AOI_2_Vegas_img3335,AOI_2_Vegas,AOI_2_Vegas:-11523:3624,test,owlv2,blur_resize,fixed,0.9,0.5,22,64,43,33,2.05,owlv2
AOI_2_Vegas_img3335,AOI_2_Vegas,AOI_2_Vegas:-11523:3624,test,owlv2,blur_resize,fixed,1.2,0.5,17,72,43,47,2.6,owlv2
AOI_2_Vegas_img3335,AOI_2_Vegas,AOI_2_Vegas:-11523:3624,test,owlv2,blur_resize,fixed,1.8,0.5,5,8,43,9,0.55,owlv2
AOI_2_Vegas_img3335,AOI_2_Vegas,AOI_2_Vegas:-11523:3624,test,owlv2,blur_resize,fixed,2.4,0.5,0,0,43,2,0.0,owlv2
AOI_2_Vegas_img3335,AOI_2_Vegas,AOI_2_Vegas:-11523:3624,test,owlv2,blur_resize,fixed,3.6,0.5,0,0,43,0,0.0,owlv2
AOI_2_Vegas_img3335,AOI_2_Vegas,AOI_2_Vegas:-11523:3624,test,owlv2,blur_resize,fixed,5.0,0.5,0,0,43,0,0.0,owlv2
AOI_2_Vegas_img3335,AOI_2_Vegas,AOI_2_Vegas:-11523:3624,test,owlv2,blur_resize,fixed,10.0,0.5,0,0,43,0,0.0,owlv2
AOI_2_Vegas_img3344,AOI_2_Vegas,AOI_2_Vegas:-11523:3626,test,owlv2,blur_resize,fixed,0.3,0.5,7,65,8,16,0.2,owlv2
AOI_2_Vegas_img3344,AOI_2_Vegas,AOI_2_Vegas:-11523:3626,test,owlv2,blur_resize,fixed,0.45,0.5,5,32,8,16,0.25,owlv2
AOI_2_Vegas_img3344,AOI_2_Vegas,AOI_2_Vegas:-11523:3626,test,owlv2,blur_resize,fixed,0.6,0.5,5,21,8,14,0.05,owlv2
AOI_2_Vegas_img3344,AOI_2_Vegas,AOI_2_Vegas:-11523:3626,test,owlv2,blur_resize,fixed,0.9,0.5,3,10,8,12,0.05,owlv2
AOI_2_Vegas_img3344,AOI_2_Vegas,AOI_2_Vegas:-11523:3626,test,owlv2,blur_resize,fixed,1.2,0.5,1,3,8,12,0.05,owlv2
AOI_2_Vegas_img3344,AOI_2_Vegas,AOI_2_Vegas:-11523:3626,test,owlv2,blur_resize,fixed,1.8,0.5,0,0,8,0,0.0,owlv2
AOI_2_Vegas_img3344,AOI_2_Vegas,AOI_2_Vegas:-11523:3626,test,owlv2,blur_resize,fixed,2.4,0.5,0,0,8,0,0.0,owlv2
AOI_2_Vegas_img3344,AOI_2_Vegas,AOI_2_Vegas:-11523:3626,test,owlv2,blur_resize,fixed,3.6,0.5,0,0,8,0,0.0,owlv2
AOI_2_Vegas_img3344,AOI_2_Vegas,AOI_2_Vegas:-11523:3626,test,owlv2,blur_resize,fixed,5.0,0.5,0,0,8,0,0.0,owlv2
AOI_2_Vegas_img3344,AOI_2_Vegas,AOI_2_Vegas:-11523:3626,test,owlv2,blur_resize,fixed,10.0,0.5,0,0,8,0,0.0,owlv2
AOI_2_Vegas_img3373,AOI_2_Vegas,AOI_2_Vegas:-11522:3617,test,owlv2,blur_resize,fixed,0.3,0.5,26,255,42,48,2.25,owlv2
AOI_2_Vegas_img3373,AOI_2_Vegas,AOI_2_Vegas:-11522:3617,test,owlv2,blur_resize,fixed,0.45,0.5,21,62,42,22,1.05,owlv2
AOI_2_Vegas_img3373,AOI_2_Vegas,AOI_2_Vegas:-11522:3617,test,owlv2,blur_resize,fixed,0.6,0.5,8,38,42,12,0.45,owlv2
AOI_2_Vegas_img3373,AOI_2_Vegas,AOI_2_Vegas:-11522:3617,test,owlv2,blur_resize,fixed,0.9,0.5,14,38,42,21,0.9,owlv2
AOI_2_Vegas_img3373,AOI_2_Vegas,AOI_2_Vegas:-11522:3617,test,owlv2,blur_resize,fixed,1.2,0.5,11,39,42,31,1.2,owlv2
AOI_2_Vegas_img3373,AOI_2_Vegas,AOI_2_Vegas:-11522:3617,test,owlv2,blur_resize,fixed,1.8,0.5,0,4,42,12,0.0,owlv2
AOI_2_Vegas_img3373,AOI_2_Vegas,AOI_2_Vegas:-11522:3617,test,owlv2,blur_resize,fixed,2.4,0.5,0,0,42,0,0.0,owlv2
AOI_2_Vegas_img3373,AOI_2_Vegas,AOI_2_Vegas:-11522:3617,test,owlv2,blur_resize,fixed,3.6,0.5,0,0,42,0,0.0,owlv2
AOI_2_Vegas_img3373,AOI_2_Vegas,AOI_2_Vegas:-11522:3617,test,owlv2,blur_resize,fixed,5.0,0.5,0,0,42,0,0.0,owlv2
AOI_2_Vegas_img3373,AOI_2_Vegas,AOI_2_Vegas:-11522:3617,test,owlv2,blur_resize,fixed,10.0,0.5,0,0,42,0,0.0,owlv2
AOI_2_Vegas_img3377,AOI_2_Vegas,AOI_2_Vegas:-11522:3618,test,owlv2,blur_resize,fixed,0.3,0.5,7,143,21,63,0.3,owlv2
AOI_2_Vegas_img3377,AOI_2_Vegas,AOI_2_Vegas:-11522:3618,test,owlv2,blur_resize,fixed,0.45,0.5,8,106,21,46,0.55,owlv2
AOI_2_Vegas_img3377,AOI_2_Vegas,AOI_2_Vegas:-11522:3618,test,owlv2,blur_resize,fixed,0.6,0.5,8,98,21,33,0.45,owlv2
AOI_2_Vegas_img3377,AOI_2_Vegas,AOI_2_Vegas:-11522:3618,test,owlv2,blur_resize,fixed,0.9,0.5,7,54,21,16,0.1,owlv2
AOI_2_Vegas_img3377,AOI_2_Vegas,AOI_2_Vegas:-11522:3618,test,owlv2,blur_resize,fixed,1.2,0.5,7,38,21,11,0.3,owlv2
AOI_2_Vegas_img3377,AOI_2_Vegas,AOI_2_Vegas:-11522:3618,test,owlv2,blur_resize,fixed,1.8,0.5,4,26,21,8,0.15,owlv2
AOI_2_Vegas_img3377,AOI_2_Vegas,AOI_2_Vegas:-11522:3618,test,owlv2,blur_resize,fixed,2.4,0.5,0,0,21,3,0.0,owlv2
AOI_2_Vegas_img3377,AOI_2_Vegas,AOI_2_Vegas:-11522:3618,test,owlv2,blur_resize,fixed,3.6,0.5,0,0,21,0,0.0,owlv2
AOI_2_Vegas_img3377,AOI_2_Vegas,AOI_2_Vegas:-11522:3618,test,owlv2,blur_resize,fixed,5.0,0.5,0,0,21,1,0.0,owlv2
AOI_2_Vegas_img3377,AOI_2_Vegas,AOI_2_Vegas:-11522:3618,test,owlv2,blur_resize,fixed,10.0,0.5,0,0,21,0,0.0,owlv2
AOI_2_Vegas_img3404,AOI_2_Vegas,AOI_2_Vegas:-11522:3622,test,owlv2,blur_resize,fixed,0.3,0.5,1,288,10,77,0.15,owlv2
AOI_2_Vegas_img3404,AOI_2_Vegas,AOI_2_Vegas:-11522:3622,test,owlv2,blur_resize,fixed,0.45,0.5,1,69,10,38,0.0,owlv2
AOI_2_Vegas_img3404,AOI_2_Vegas,AOI_2_Vegas:-11522:3622,test,owlv2,blur_resize,fixed,0.6,0.5,1,52,10,39,0.0,owlv2
AOI_2_Vegas_img3404,AOI_2_Vegas,AOI_2_Vegas:-11522:3622,test,owlv2,blur_resize,fixed,0.9,0.5,1,35,10,38,0.15,owlv2
AOI_2_Vegas_img3404,AOI_2_Vegas,AOI_2_Vegas:-11522:3622,test,owlv2,blur_resize,fixed,1.2,0.5,1,25,10,37,0.15,owlv2
AOI_2_Vegas_img3404,AOI_2_Vegas,AOI_2_Vegas:-11522:3622,test,owlv2,blur_resize,fixed,1.8,0.5,0,10,10,36,0.0,owlv2
AOI_2_Vegas_img3404,AOI_2_Vegas,AOI_2_Vegas:-11522:3622,test,owlv2,blur_resize,fixed,2.4,0.5,0,3,10,35,0.0,owlv2
AOI_2_Vegas_img3404,AOI_2_Vegas,AOI_2_Vegas:-11522:3622,test,owlv2,blur_resize,fixed,3.6,0.5,0,2,10,27,0.0,owlv2
AOI_2_Vegas_img3404,AOI_2_Vegas,AOI_2_Vegas:-11522:3622,test,owlv2,blur_resize,fixed,5.0,0.5,0,0,10,2,0.0,owlv2
AOI_2_Vegas_img3404,AOI_2_Vegas,AOI_2_Vegas:-11522:3622,test,owlv2,blur_resize,fixed,10.0,0.5,0,0,10,0,0.0,owlv2
AOI_2_Vegas_img3406,AOI_2_Vegas,AOI_2_Vegas:-11522:3623,test,owlv2,blur_resize,fixed,0.3,0.5,11,243,28,63,1.1,owlv2
AOI_2_Vegas_img3406,AOI_2_Vegas,AOI_2_Vegas:-11522:3623,test,owlv2,blur_resize,fixed,0.45,0.5,11,125,28,48,0.8,owlv2
AOI_2_Vegas_img3406,AOI_2_Vegas,AOI_2_Vegas:-11522:3623,test,owlv2,blur_resize,fixed,0.6,0.5,9,88,28,41,0.6,owlv2
AOI_2_Vegas_img3406,AOI_2_Vegas,AOI_2_Vegas:-11522:3623,test,owlv2,blur_resize,fixed,0.9,0.5,5,52,28,37,0.4,owlv2
AOI_2_Vegas_img3406,AOI_2_Vegas,AOI_2_Vegas:-11522:3623,test,owlv2,blur_resize,fixed,1.2,0.5,6,43,28,38,0.55,owlv2
AOI_2_Vegas_img3406,AOI_2_Vegas,AOI_2_Vegas:-11522:3623,test,owlv2,blur_resize,fixed,1.8,0.5,4,22,28,19,0.35,owlv2
AOI_2_Vegas_img3406,AOI_2_Vegas,AOI_2_Vegas:-11522:3623,test,owlv2,blur_resize,fixed,2.4,0.5,2,5,28,10,0.05,owlv2
AOI_2_Vegas_img3406,AOI_2_Vegas,AOI_2_Vegas:-11522:3623,test,owlv2,blur_resize,fixed,3.6,0.5,0,0,28,2,0.0,owlv2
AOI_2_Vegas_img3406,AOI_2_Vegas,AOI_2_Vegas:-11522:3623,test,owlv2,blur_resize,fixed,5.0,0.5,0,0,28,1,0.0,owlv2
AOI_2_Vegas_img3406,AOI_2_Vegas,AOI_2_Vegas:-11522:3623,test,owlv2,blur_resize,fixed,10.0,0.5,0,0,28,0,0.0,owlv2
AOI_2_Vegas_img3411,AOI_2_Vegas,AOI_2_Vegas:-11522:3623,test,owlv2,blur_resize,fixed,0.3,0.5,33,220,37,47,2.9,owlv2
AOI_2_Vegas_img3411,AOI_2_Vegas,AOI_2_Vegas:-11522:3623,test,owlv2,blur_resize,fixed,0.45,0.5,32,97,37,36,1.65,owlv2
AOI_2_Vegas_img3411,AOI_2_Vegas,AOI_2_Vegas:-11522:3623,test,owlv2,blur_resize,fixed,0.6,0.5,33,66,37,27,2.05,owlv2
AOI_2_Vegas_img3411,AOI_2_Vegas,AOI_2_Vegas:-11522:3623,test,owlv2,blur_resize,fixed,0.9,0.5,29,58,37,29,1.85,owlv2
AOI_2_Vegas_img3411,AOI_2_Vegas,AOI_2_Vegas:-11522:3623,test,owlv2,blur_resize,fixed,1.2,0.5,31,56,37,23,1.2,owlv2
AOI_2_Vegas_img3411,AOI_2_Vegas,AOI_2_Vegas:-11522:3623,test,owlv2,blur_resize,fixed,1.8,0.5,28,38,37,23,0.6,owlv2
AOI_2_Vegas_img3411,AOI_2_Vegas,AOI_2_Vegas:-11522:3623,test,owlv2,blur_resize,fixed,2.4,0.5,3,4,37,5,0.15,owlv2
AOI_2_Vegas_img3411,AOI_2_Vegas,AOI_2_Vegas:-11522:3623,test,owlv2,blur_resize,fixed,3.6,0.5,0,0,37,1,0.0,owlv2
AOI_2_Vegas_img3411,AOI_2_Vegas,AOI_2_Vegas:-11522:3623,test,owlv2,blur_resize,fixed,5.0,0.5,0,0,37,1,0.0,owlv2
AOI_2_Vegas_img3411,AOI_2_Vegas,AOI_2_Vegas:-11522:3623,test,owlv2,blur_resize,fixed,10.0,0.5,0,0,37,0,0.0,owlv2
AOI_2_Vegas_img3412,AOI_2_Vegas,AOI_2_Vegas:-11522:3624,test,owlv2,blur_resize,fixed,0.3,0.5,33,198,46,63,2.0,owlv2
AOI_2_Vegas_img3412,AOI_2_Vegas,AOI_2_Vegas:-11522:3624,test,owlv2,blur_resize,fixed,0.45,0.5,30,118,46,57,2.35,owlv2
AOI_2_Vegas_img3412,AOI_2_Vegas,AOI_2_Vegas:-11522:3624,test,owlv2,blur_resize,fixed,0.6,0.5,26,86,46,47,1.55,owlv2
AOI_2_Vegas_img3412,AOI_2_Vegas,AOI_2_Vegas:-11522:3624,test,owlv2,blur_resize,fixed,0.9,0.5,21,67,46,27,1.75,owlv2
AOI_2_Vegas_img3412,AOI_2_Vegas,AOI_2_Vegas:-11522:3624,test,owlv2,blur_resize,fixed,1.2,0.5,20,56,46,30,1.1,owlv2
AOI_2_Vegas_img3412,AOI_2_Vegas,AOI_2_Vegas:-11522:3624,test,owlv2,blur_resize,fixed,1.8,0.5,17,42,46,21,1.05,owlv2
AOI_2_Vegas_img3412,AOI_2_Vegas,AOI_2_Vegas:-11522:3624,test,owlv2,blur_resize,fixed,2.4,0.5,15,30,46,7,1.05,owlv2
AOI_2_Vegas_img3412,AOI_2_Vegas,AOI_2_Vegas:-11522:3624,test,owlv2,blur_resize,fixed,3.6,0.5,0,1,46,1,0.0,owlv2
AOI_2_Vegas_img3412,AOI_2_Vegas,AOI_2_Vegas:-11522:3624,test,owlv2,blur_resize,fixed,5.0,0.5,0,0,46,0,0.0,owlv2
AOI_2_Vegas_img3412,AOI_2_Vegas,AOI_2_Vegas:-11522:3624,test,owlv2,blur_resize,fixed,10.0,0.5,0,0,46,0,0.0,owlv2
AOI_2_Vegas_img3422,AOI_2_Vegas,AOI_2_Vegas:-11522:3625,test,owlv2,blur_resize,fixed,0.3,0.5,27,220,36,71,3.7,owlv2
AOI_2_Vegas_img3422,AOI_2_Vegas,AOI_2_Vegas:-11522:3625,test,owlv2,blur_resize,fixed,0.45,0.5,17,98,36,50,2.1,owlv2
AOI_2_Vegas_img3422,AOI_2_Vegas,AOI_2_Vegas:-11522:3625,test,owlv2,blur_resize,fixed,0.6,0.5,16,80,36,47,2.15,owlv2
AOI_2_Vegas_img3422,AOI_2_Vegas,AOI_2_Vegas:-11522:3625,test,owlv2,blur_resize,fixed,0.9,0.5,14,55,36,36,1.8,owlv2
AOI_2_Vegas_img3422,AOI_2_Vegas,AOI_2_Vegas:-11522:3625,test,owlv2,blur_resize,fixed,1.2,0.5,12,45,36,51,1.45,owlv2
AOI_2_Vegas_img3422,AOI_2_Vegas,AOI_2_Vegas:-11522:3625,test,owlv2,blur_resize,fixed,1.8,0.5,13,38,36,46,1.6,owlv2
AOI_2_Vegas_img3422,AOI_2_Vegas,AOI_2_Vegas:-11522:3625,test,owlv2,blur_resize,fixed,2.4,0.5,2,3,36,6,0.05,owlv2
AOI_2_Vegas_img3422,AOI_2_Vegas,AOI_2_Vegas:-11522:3625,test,owlv2,blur_resize,fixed,3.6,0.5,0,0,36,0,0.0,owlv2
AOI_2_Vegas_img3422,AOI_2_Vegas,AOI_2_Vegas:-11522:3625,test,owlv2,blur_resize,fixed,5.0,0.5,0,0,36,0,0.0,owlv2
AOI_2_Vegas_img3422,AOI_2_Vegas,AOI_2_Vegas:-11522:3625,test,owlv2,blur_resize,fixed,10.0,0.5,0,0,36,0,0.0,owlv2
AOI_2_Vegas_img3427,AOI_2_Vegas,AOI_2_Vegas:-11522:3612,test,owlv2,blur_resize,fixed,0.3,0.5,14,104,36,56,0.65,owlv2
AOI_2_Vegas_img3427,AOI_2_Vegas,AOI_2_Vegas:-11522:3612,test,owlv2,blur_resize,fixed,0.45,0.5,10,50,36,51,0.95,owlv2
AOI_2_Vegas_img3427,AOI_2_Vegas,AOI_2_Vegas:-11522:3612,test,owlv2,blur_resize,fixed,0.6,0.5,6,33,36,50,0.75,owlv2
AOI_2_Vegas_img3427,AOI_2_Vegas,AOI_2_Vegas:-11522:3612,test,owlv2,blur_resize,fixed,0.9,0.5,7,35,36,50,0.85,owlv2
AOI_2_Vegas_img3427,AOI_2_Vegas,AOI_2_Vegas:-11522:3612,test,owlv2,blur_resize,fixed,1.2,0.5,7,39,36,47,0.8,owlv2
AOI_2_Vegas_img3427,AOI_2_Vegas,AOI_2_Vegas:-11522:3612,test,owlv2,blur_resize,fixed,1.8,0.5,5,19,36,38,0.4,owlv2
AOI_2_Vegas_img3427,AOI_2_Vegas,AOI_2_Vegas:-11522:3612,test,owlv2,blur_resize,fixed,2.4,0.5,0,1,36,10,0.0,owlv2
AOI_2_Vegas_img3427,AOI_2_Vegas,AOI_2_Vegas:-11522:3612,test,owlv2,blur_resize,fixed,3.6,0.5,0,0,36,0,0.0,owlv2
AOI_2_Vegas_img3427,AOI_2_Vegas,AOI_2_Vegas:-11522:3612,test,owlv2,blur_resize,fixed,5.0,0.5,0,0,36,0,0.0,owlv2
AOI_2_Vegas_img3427,AOI_2_Vegas,AOI_2_Vegas:-11522:3612,test,owlv2,blur_resize,fixed,10.0,0.5,0,0,36,0,0.0,owlv2
AOI_2_Vegas_img3448,AOI_2_Vegas,AOI_2_Vegas:-11522:3616,test,owlv2,blur_resize,fixed,0.3,0.5,13,164,32,39,1.6,owlv2
AOI_2_Vegas_img3448,AOI_2_Vegas,AOI_2_Vegas:-11522:3616,test,owlv2,blur_resize,fixed,0.45,0.5,10,92,32,28,0.6,owlv2
AOI_2_Vegas_img3448,AOI_2_Vegas,AOI_2_Vegas:-11522:3616,test,owlv2,blur_resize,fixed,0.6,0.5,9,80,32,29,0.55,owlv2
AOI_2_Vegas_img3448,AOI_2_Vegas,AOI_2_Vegas:-11522:3616,test,owlv2,blur_resize,fixed,0.9,0.5,10,56,32,25,0.6,owlv2
AOI_2_Vegas_img3448,AOI_2_Vegas,AOI_2_Vegas:-11522:3616,test,owlv2,blur_resize,fixed,1.2,0.5,8,55,32,25,0.85,owlv2
AOI_2_Vegas_img3448,AOI_2_Vegas,AOI_2_Vegas:-11522:3616,test,owlv2,blur_resize,fixed,1.8,0.5,7,25,32,15,0.2,owlv2
AOI_2_Vegas_img3448,AOI_2_Vegas,AOI_2_Vegas:-11522:3616,test,owlv2,blur_resize,fixed,2.4,0.5,1,7,32,13,0.0,owlv2
AOI_2_Vegas_img3448,AOI_2_Vegas,AOI_2_Vegas:-11522:3616,test,owlv2,blur_resize,fixed,3.6,0.5,0,0,32,7,0.0,owlv2
AOI_2_Vegas_img3448,AOI_2_Vegas,AOI_2_Vegas:-11522:3616,test,owlv2,blur_resize,fixed,5.0,0.5,0,0,32,8,0.0,owlv2
AOI_2_Vegas_img3448,AOI_2_Vegas,AOI_2_Vegas:-11522:3616,test,owlv2,blur_resize,fixed,10.0,0.5,0,0,32,0,0.0,owlv2
AOI_2_Vegas_img3460,AOI_2_Vegas,AOI_2_Vegas:-11522:3618,test,owlv2,blur_resize,fixed,0.3,0.5,22,177,34,39,1.6,owlv2
AOI_2_Vegas_img3460,AOI_2_Vegas,AOI_2_Vegas:-11522:3618,test,owlv2,blur_resize,fixed,0.45,0.5,16,91,34,24,0.7,owlv2
AOI_2_Vegas_img3460,AOI_2_Vegas,AOI_2_Vegas:-11522:3618,test,owlv2,blur_resize,fixed,0.6,0.5,15,76,34,21,0.65,owlv2
AOI_2_Vegas_img3460,AOI_2_Vegas,AOI_2_Vegas:-11522:3618,test,owlv2,blur_resize,fixed,0.9,0.5,18,79,34,45,0.8,owlv2
AOI_2_Vegas_img3460,AOI_2_Vegas,AOI_2_Vegas:-11522:3618,test,owlv2,blur_resize,fixed,1.2,0.5,9,48,34,41,0.8,owlv2
AOI_2_Vegas_img3460,AOI_2_Vegas,AOI_2_Vegas:-11522:3618,test,owlv2,blur_resize,fixed,1.8,0.5,3,12,34,13,0.1,owlv2
AOI_2_Vegas_img3460,AOI_2_Vegas,AOI_2_Vegas:-11522:3618,test,owlv2,blur_resize,fixed,2.4,0.5,0,1,34,1,0.0,owlv2
AOI_2_Vegas_img3460,AOI_2_Vegas,AOI_2_Vegas:-11522:3618,test,owlv2,blur_resize,fixed,3.6,0.5,0,0,34,0,0.0,owlv2
AOI_2_Vegas_img3460,AOI_2_Vegas,AOI_2_Vegas:-11522:3618,test,owlv2,blur_resize,fixed,5.0,0.5,0,0,34,0,0.0,owlv2
AOI_2_Vegas_img3460,AOI_2_Vegas,AOI_2_Vegas:-11522:3618,test,owlv2,blur_resize,fixed,10.0,0.5,0,0,34,0,0.0,owlv2
AOI_2_Vegas_img347,AOI_2_Vegas,AOI_2_Vegas:-11530:3614,test,owlv2,blur_resize,fixed,0.3,0.5,4,70,34,42,0.45,owlv2
AOI_2_Vegas_img347,AOI_2_Vegas,AOI_2_Vegas:-11530:3614,test,owlv2,blur_resize,fixed,0.45,0.5,3,29,34,30,0.3,owlv2
AOI_2_Vegas_img347,AOI_2_Vegas,AOI_2_Vegas:-11530:3614,test,owlv2,blur_resize,fixed,0.6,0.5,2,15,34,25,0.25,owlv2
AOI_2_Vegas_img347,AOI_2_Vegas,AOI_2_Vegas:-11530:3614,test,owlv2,blur_resize,fixed,0.9,0.5,4,16,34,21,0.3,owlv2
AOI_2_Vegas_img347,AOI_2_Vegas,AOI_2_Vegas:-11530:3614,test,owlv2,blur_resize,fixed,1.2,0.5,1,12,34,21,0.1,owlv2
AOI_2_Vegas_img347,AOI_2_Vegas,AOI_2_Vegas:-11530:3614,test,owlv2,blur_resize,fixed,1.8,0.5,0,4,34,9,0.1,owlv2
AOI_2_Vegas_img347,AOI_2_Vegas,AOI_2_Vegas:-11530:3614,test,owlv2,blur_resize,fixed,2.4,0.5,0,0,34,1,0.0,owlv2
AOI_2_Vegas_img347,AOI_2_Vegas,AOI_2_Vegas:-11530:3614,test,owlv2,blur_resize,fixed,3.6,0.5,0,0,34,0,0.0,owlv2
AOI_2_Vegas_img347,AOI_2_Vegas,AOI_2_Vegas:-11530:3614,test,owlv2,blur_resize,fixed,5.0,0.5,0,0,34,0,0.0,owlv2
AOI_2_Vegas_img347,AOI_2_Vegas,AOI_2_Vegas:-11530:3614,test,owlv2,blur_resize,fixed,10.0,0.5,0,0,34,0,0.0,owlv2
AOI_2_Vegas_img3471,AOI_2_Vegas,AOI_2_Vegas:-11522:3620,test,owlv2,blur_resize,fixed,0.3,0.5,20,253,31,50,1.5,owlv2
AOI_2_Vegas_img3471,AOI_2_Vegas,AOI_2_Vegas:-11522:3620,test,owlv2,blur_resize,fixed,0.45,0.5,17,141,31,43,1.25,owlv2
AOI_2_Vegas_img3471,AOI_2_Vegas,AOI_2_Vegas:-11522:3620,test,owlv2,blur_resize,fixed,0.6,0.5,17,77,31,37,0.95,owlv2
AOI_2_Vegas_img3471,AOI_2_Vegas,AOI_2_Vegas:-11522:3620,test,owlv2,blur_resize,fixed,0.9,0.5,13,52,31,31,0.5,owlv2
AOI_2_Vegas_img3471,AOI_2_Vegas,AOI_2_Vegas:-11522:3620,test,owlv2,blur_resize,fixed,1.2,0.5,12,55,31,38,0.95,owlv2
AOI_2_Vegas_img3471,AOI_2_Vegas,AOI_2_Vegas:-11522:3620,test,owlv2,blur_resize,fixed,1.8,0.5,7,30,31,28,0.5,owlv2
AOI_2_Vegas_img3471,AOI_2_Vegas,AOI_2_Vegas:-11522:3620,test,owlv2,blur_resize,fixed,2.4,0.5,6,17,31,24,0.35,owlv2
AOI_2_Vegas_img3471,AOI_2_Vegas,AOI_2_Vegas:-11522:3620,test,owlv2,blur_resize,fixed,3.6,0.5,2,5,31,17,0.1,owlv2
AOI_2_Vegas_img3471,AOI_2_Vegas,AOI_2_Vegas:-11522:3620,test,owlv2,blur_resize,fixed,5.0,0.5,0,0,31,3,0.0,owlv2
AOI_2_Vegas_img3471,AOI_2_Vegas,AOI_2_Vegas:-11522:3620,test,owlv2,blur_resize,fixed,10.0,0.5,0,0,31,0,0.0,owlv2
AOI_2_Vegas_img3506,AOI_2_Vegas,AOI_2_Vegas:-11522:3612,test,owlv2,blur_resize,fixed,0.3,0.5,29,164,46,52,0.9,owlv2
AOI_2_Vegas_img3506,AOI_2_Vegas,AOI_2_Vegas:-11522:3612,test,owlv2,blur_resize,fixed,0.45,0.5,12,72,46,37,0.8,owlv2
AOI_2_Vegas_img3506,AOI_2_Vegas,AOI_2_Vegas:-11522:3612,test,owlv2,blur_resize,fixed,0.6,0.5,8,51,46,42,0.55,owlv2
AOI_2_Vegas_img3506,AOI_2_Vegas,AOI_2_Vegas:-11522:3612,test,owlv2,blur_resize,fixed,0.9,0.5,9,44,46,39,0.2,owlv2
AOI_2_Vegas_img3506,AOI_2_Vegas,AOI_2_Vegas:-11522:3612,test,owlv2,blur_resize,fixed,1.2,0.5,9,40,46,39,0.35,owlv2
AOI_2_Vegas_img3506,AOI_2_Vegas,AOI_2_Vegas:-11522:3612,test,owlv2,blur_resize,fixed,1.8,0.5,8,30,46,28,0.2,owlv2
AOI_2_Vegas_img3506,AOI_2_Vegas,AOI_2_Vegas:-11522:3612,test,owlv2,blur_resize,fixed,2.4,0.5,2,4,46,16,0.05,owlv2
AOI_2_Vegas_img3506,AOI_2_Vegas,AOI_2_Vegas:-11522:3612,test,owlv2,blur_resize,fixed,3.6,0.5,0,0,46,4,0.0,owlv2
AOI_2_Vegas_img3506,AOI_2_Vegas,AOI_2_Vegas:-11522:3612,test,owlv2,blur_resize,fixed,5.0,0.5,0,0,46,1,0.0,owlv2
AOI_2_Vegas_img3506,AOI_2_Vegas,AOI_2_Vegas:-11522:3612,test,owlv2,blur_resize,fixed,10.0,0.5,0,0,46,0,0.0,owlv2
AOI_2_Vegas_img3514,AOI_2_Vegas,AOI_2_Vegas:-11522:3614,test,owlv2,blur_resize,fixed,0.3,0.5,4,72,15,44,0.05,owlv2
AOI_2_Vegas_img3514,AOI_2_Vegas,AOI_2_Vegas:-11522:3614,test,owlv2,blur_resize,fixed,0.45,0.5,4,26,15,33,0.0,owlv2
AOI_2_Vegas_img3514,AOI_2_Vegas,AOI_2_Vegas:-11522:3614,test,owlv2,blur_resize,fixed,0.6,0.5,2,15,15,24,0.0,owlv2
AOI_2_Vegas_img3514,AOI_2_Vegas,AOI_2_Vegas:-11522:3614,test,owlv2,blur_resize,fixed,0.9,0.5,2,7,15,16,0.0,owlv2
AOI_2_Vegas_img3514,AOI_2_Vegas,AOI_2_Vegas:-11522:3614,test,owlv2,blur_resize,fixed,1.2,0.5,2,6,15,26,0.1,owlv2
AOI_2_Vegas_img3514,AOI_2_Vegas,AOI_2_Vegas:-11522:3614,test,owlv2,blur_resize,fixed,1.8,0.5,0,4,15,12,0.05,owlv2
AOI_2_Vegas_img3514,AOI_2_Vegas,AOI_2_Vegas:-11522:3614,test,owlv2,blur_resize,fixed,2.4,0.5,0,2,15,8,0.0,owlv2
AOI_2_Vegas_img3514,AOI_2_Vegas,AOI_2_Vegas:-11522:3614,test,owlv2,blur_resize,fixed,3.6,0.5,0,0,15,0,0.0,owlv2
AOI_2_Vegas_img3514,AOI_2_Vegas,AOI_2_Vegas:-11522:3614,test,owlv2,blur_resize,fixed,5.0,0.5,0,0,15,4,0.0,owlv2
AOI_2_Vegas_img3514,AOI_2_Vegas,AOI_2_Vegas:-11522:3614,test,owlv2,blur_resize,fixed,10.0,0.5,0,0,15,0,0.0,owlv2
AOI_2_Vegas_img3538,AOI_2_Vegas,AOI_2_Vegas:-11522:3618,test,owlv2,blur_resize,fixed,0.3,0.5,17,140,38,50,0.85,owlv2
AOI_2_Vegas_img3538,AOI_2_Vegas,AOI_2_Vegas:-11522:3618,test,owlv2,blur_resize,fixed,0.45,0.5,14,71,38,45,0.7,owlv2
AOI_2_Vegas_img3538,AOI_2_Vegas,AOI_2_Vegas:-11522:3618,test,owlv2,blur_resize,fixed,0.6,0.5,11,46,38,36,0.5,owlv2
AOI_2_Vegas_img3538,AOI_2_Vegas,AOI_2_Vegas:-11522:3618,test,owlv2,blur_resize,fixed,0.9,0.5,9,28,38,31,0.25,owlv2
AOI_2_Vegas_img3538,AOI_2_Vegas,AOI_2_Vegas:-11522:3618,test,owlv2,blur_resize,fixed,1.2,0.5,8,20,38,26,0.5,owlv2
AOI_2_Vegas_img3538,AOI_2_Vegas,AOI_2_Vegas:-11522:3618,test,owlv2,blur_resize,fixed,1.8,0.5,7,14,38,25,0.4,owlv2
AOI_2_Vegas_img3538,AOI_2_Vegas,AOI_2_Vegas:-11522:3618,test,owlv2,blur_resize,fixed,2.4,0.5,0,0,38,6,0.0,owlv2
AOI_2_Vegas_img3538,AOI_2_Vegas,AOI_2_Vegas:-11522:3618,test,owlv2,blur_resize,fixed,3.6,0.5,0,0,38,0,0.0,owlv2
AOI_2_Vegas_img3538,AOI_2_Vegas,AOI_2_Vegas:-11522:3618,test,owlv2,blur_resize,fixed,5.0,0.5,0,0,38,0,0.0,owlv2
AOI_2_Vegas_img3538,AOI_2_Vegas,AOI_2_Vegas:-11522:3618,test,owlv2,blur_resize,fixed,10.0,0.5,0,0,38,0,0.0,owlv2
AOI_2_Vegas_img355,AOI_2_Vegas,AOI_2_Vegas:-11530:3616,test,owlv2,blur_resize,fixed,0.3,0.5,22,75,34,27,1.7,owlv2
AOI_2_Vegas_img355,AOI_2_Vegas,AOI_2_Vegas:-11530:3616,test,owlv2,blur_resize,fixed,0.45,0.5,23,38,34,23,1.65,owlv2
AOI_2_Vegas_img355,AOI_2_Vegas,AOI_2_Vegas:-11530:3616,test,owlv2,blur_resize,fixed,0.6,0.5,24,40,34,28,1.55,owlv2
AOI_2_Vegas_img355,AOI_2_Vegas,AOI_2_Vegas:-11530:3616,test,owlv2,blur_resize,fixed,0.9,0.5,19,35,34,26,1.2,owlv2
AOI_2_Vegas_img355,AOI_2_Vegas,AOI_2_Vegas:-11530:3616,test,owlv2,blur_resize,fixed,1.2,0.5,19,38,34,24,1.2,owlv2
AOI_2_Vegas_img355,AOI_2_Vegas,AOI_2_Vegas:-11530:3616,test,owlv2,blur_resize,fixed,1.8,0.5,3,12,34,10,0.45,owlv2
AOI_2_Vegas_img355,AOI_2_Vegas,AOI_2_Vegas:-11530:3616,test,owlv2,blur_resize,fixed,2.4,0.5,2,8,34,7,0.25,owlv2
AOI_2_Vegas_img355,AOI_2_Vegas,AOI_2_Vegas:-11530:3616,test,owlv2,blur_resize,fixed,3.6,0.5,0,1,34,10,0.05,owlv2
AOI_2_Vegas_img355,AOI_2_Vegas,AOI_2_Vegas:-11530:3616,test,owlv2,blur_resize,fixed,5.0,0.5,0,0,34,2,0.0,owlv2
AOI_2_Vegas_img355,AOI_2_Vegas,AOI_2_Vegas:-11530:3616,test,owlv2,blur_resize,fixed,10.0,0.5,0,0,34,0,0.0,owlv2
AOI_2_Vegas_img3573,AOI_2_Vegas,AOI_2_Vegas:-11522:3624,test,owlv2,blur_resize,fixed,0.3,0.5,41,162,53,43,2.75,owlv2
AOI_2_Vegas_img3573,AOI_2_Vegas,AOI_2_Vegas:-11522:3624,test,owlv2,blur_resize,fixed,0.45,0.5,37,139,53,42,3.15,owlv2
AOI_2_Vegas_img3573,AOI_2_Vegas,AOI_2_Vegas:-11522:3624,test,owlv2,blur_resize,fixed,0.6,0.5,33,114,53,34,2.55,owlv2
AOI_2_Vegas_img3573,AOI_2_Vegas,AOI_2_Vegas:-11522:3624,test,owlv2,blur_resize,fixed,0.9,0.5,15,71,53,23,1.65,owlv2
AOI_2_Vegas_img3573,AOI_2_Vegas,AOI_2_Vegas:-11522:3624,test,owlv2,blur_resize,fixed,1.2,0.5,8,14,53,9,0.5,owlv2
AOI_2_Vegas_img3573,AOI_2_Vegas,AOI_2_Vegas:-11522:3624,test,owlv2,blur_resize,fixed,1.8,0.5,0,1,53,4,0.05,owlv2
AOI_2_Vegas_img3573,AOI_2_Vegas,AOI_2_Vegas:-11522:3624,test,owlv2,blur_resize,fixed,2.4,0.5,0,0,53,1,0.0,owlv2
AOI_2_Vegas_img3573,AOI_2_Vegas,AOI_2_Vegas:-11522:3624,test,owlv2,blur_resize,fixed,3.6,0.5,0,0,53,2,0.0,owlv2
AOI_2_Vegas_img3573,AOI_2_Vegas,AOI_2_Vegas:-11522:3624,test,owlv2,blur_resize,fixed,5.0,0.5,0,0,53,0,0.0,owlv2
AOI_2_Vegas_img3573,AOI_2_Vegas,AOI_2_Vegas:-11522:3624,test,owlv2,blur_resize,fixed,10.0,0.5,0,0,53,0,0.0,owlv2
AOI_2_Vegas_img3603,AOI_2_Vegas,AOI_2_Vegas:-11522:3616,test,owlv2,blur_resize,fixed,0.3,0.5,33,278,53,74,4.75,owlv2
AOI_2_Vegas_img3603,AOI_2_Vegas,AOI_2_Vegas:-11522:3616,test,owlv2,blur_resize,fixed,0.45,0.5,34,153,53,53,2.3,owlv2
AOI_2_Vegas_img3603,AOI_2_Vegas,AOI_2_Vegas:-11522:3616,test,owlv2,blur_resize,fixed,0.6,0.5,28,102,53,55,2.2,owlv2
AOI_2_Vegas_img3603,AOI_2_Vegas,AOI_2_Vegas:-11522:3616,test,owlv2,blur_resize,fixed,0.9,0.5,14,58,53,56,1.25,owlv2
AOI_2_Vegas_img3603,AOI_2_Vegas,AOI_2_Vegas:-11522:3616,test,owlv2,blur_resize,fixed,1.2,0.5,11,43,53,57,0.7,owlv2
AOI_2_Vegas_img3603,AOI_2_Vegas,AOI_2_Vegas:-11522:3616,test,owlv2,blur_resize,fixed,1.8,0.5,8,29,53,28,0.35,owlv2
AOI_2_Vegas_img3603,AOI_2_Vegas,AOI_2_Vegas:-11522:3616,test,owlv2,blur_resize,fixed,2.4,0.5,0,1,53,6,0.0,owlv2
AOI_2_Vegas_img3603,AOI_2_Vegas,AOI_2_Vegas:-11522:3616,test,owlv2,blur_resize,fixed,3.6,0.5,0,0,53,0,0.0,owlv2
AOI_2_Vegas_img3603,AOI_2_Vegas,AOI_2_Vegas:-11522:3616,test,owlv2,blur_resize,fixed,5.0,0.5,0,0,53,1,0.0,owlv2
AOI_2_Vegas_img3603,AOI_2_Vegas,AOI_2_Vegas:-11522:3616,test,owlv2,blur_resize,fixed,10.0,0.5,0,0,53,0,0.0,owlv2
AOI_2_Vegas_img3659,AOI_2_Vegas,AOI_2_Vegas:-11522:3625,test,owlv2,blur_resize,fixed,0.3,0.5,27,134,32,32,1.0,owlv2
AOI_2_Vegas_img3659,AOI_2_Vegas,AOI_2_Vegas:-11522:3625,test,owlv2,blur_resize,fixed,0.45,0.5,22,68,32,25,0.75,owlv2
AOI_2_Vegas_img3659,AOI_2_Vegas,AOI_2_Vegas:-11522:3625,test,owlv2,blur_resize,fixed,0.6,0.5,21,59,32,27,0.7,owlv2
AOI_2_Vegas_img3659,AOI_2_Vegas,AOI_2_Vegas:-11522:3625,test,owlv2,blur_resize,fixed,0.9,0.5,18,60,32,21,0.95,owlv2
AOI_2_Vegas_img3659,AOI_2_Vegas,AOI_2_Vegas:-11522:3625,test,owlv2,blur_resize,fixed,1.2,0.5,19,75,32,23,0.8,owlv2
AOI_2_Vegas_img3659,AOI_2_Vegas,AOI_2_Vegas:-11522:3625,test,owlv2,blur_resize,fixed,1.8,0.5,27,78,32,11,1.3,owlv2
AOI_2_Vegas_img3659,AOI_2_Vegas,AOI_2_Vegas:-11522:3625,test,owlv2,blur_resize,fixed,2.4,0.5,15,23,32,10,0.35,owlv2
AOI_2_Vegas_img3659,AOI_2_Vegas,AOI_2_Vegas:-11522:3625,test,owlv2,blur_resize,fixed,3.6,0.5,0,1,32,0,0.05,owlv2
AOI_2_Vegas_img3659,AOI_2_Vegas,AOI_2_Vegas:-11522:3625,test,owlv2,blur_resize,fixed,5.0,0.5,0,0,32,0,0.0,owlv2
AOI_2_Vegas_img3659,AOI_2_Vegas,AOI_2_Vegas:-11522:3625,test,owlv2,blur_resize,fixed,10.0,0.5,0,0,32,0,0.0,owlv2
AOI_2_Vegas_img3673,AOI_2_Vegas,AOI_2_Vegas:-11522:3614,test,owlv2,blur_resize,fixed,0.3,0.5,1,85,7,57,0.0,owlv2
AOI_2_Vegas_img3673,AOI_2_Vegas,AOI_2_Vegas:-11522:3614,test,owlv2,blur_resize,fixed,0.45,0.5,1,36,7,42,0.0,owlv2
AOI_2_Vegas_img3673,AOI_2_Vegas,AOI_2_Vegas:-11522:3614,test,owlv2,blur_resize,fixed,0.6,0.5,0,14,7,33,0.0,owlv2
AOI_2_Vegas_img3673,AOI_2_Vegas,AOI_2_Vegas:-11522:3614,test,owlv2,blur_resize,fixed,0.9,0.5,0,6,7,20,0.0,owlv2
AOI_2_Vegas_img3673,AOI_2_Vegas,AOI_2_Vegas:-11522:3614,test,owlv2,blur_resize,fixed,1.2,0.5,0,2,7,12,0.0,owlv2
AOI_2_Vegas_img3673,AOI_2_Vegas,AOI_2_Vegas:-11522:3614,test,owlv2,blur_resize,fixed,1.8,0.5,0,2,7,12,0.0,owlv2
AOI_2_Vegas_img3673,AOI_2_Vegas,AOI_2_Vegas:-11522:3614,test,owlv2,blur_resize,fixed,2.4,0.5,0,0,7,9,0.0,owlv2
AOI_2_Vegas_img3673,AOI_2_Vegas,AOI_2_Vegas:-11522:3614,test,owlv2,blur_resize,fixed,3.6,0.5,0,0,7,1,0.0,owlv2
AOI_2_Vegas_img3673,AOI_2_Vegas,AOI_2_Vegas:-11522:3614,test,owlv2,blur_resize,fixed,5.0,0.5,0,0,7,6,0.0,owlv2
AOI_2_Vegas_img3673,AOI_2_Vegas,AOI_2_Vegas:-11522:3614,test,owlv2,blur_resize,fixed,10.0,0.5,0,0,7,0,0.0,owlv2
AOI_2_Vegas_img3679,AOI_2_Vegas,AOI_2_Vegas:-11522:3615,test,owlv2,blur_resize,fixed,0.3,0.5,34,263,43,61,3.7,owlv2
AOI_2_Vegas_img3679,AOI_2_Vegas,AOI_2_Vegas:-11522:3615,test,owlv2,blur_resize,fixed,0.45,0.5,30,147,43,59,2.25,owlv2
AOI_2_Vegas_img3679,AOI_2_Vegas,AOI_2_Vegas:-11522:3615,test,owlv2,blur_resize,fixed,0.6,0.5,27,110,43,43,1.85,owlv2
AOI_2_Vegas_img3679,AOI_2_Vegas,AOI_2_Vegas:-11522:3615,test,owlv2,blur_resize,fixed,0.9,0.5,24,92,43,54,1.55,owlv2
AOI_2_Vegas_img3679,AOI_2_Vegas,AOI_2_Vegas:-11522:3615,test,owlv2,blur_resize,fixed,1.2,0.5,18,80,43,50,1.65,owlv2
AOI_2_Vegas_img3679,AOI_2_Vegas,AOI_2_Vegas:-11522:3615,test,owlv2,blur_resize,fixed,1.8,0.5,10,41,43,29,0.6,owlv2
AOI_2_Vegas_img3679,AOI_2_Vegas,AOI_2_Vegas:-11522:3615,test,owlv2,blur_resize,fixed,2.4,0.5,0,1,43,4,0.0,owlv2
AOI_2_Vegas_img3679,AOI_2_Vegas,AOI_2_Vegas:-11522:3615,test,owlv2,blur_resize,fixed,3.6,0.5,0,0,43,0,0.0,owlv2
AOI_2_Vegas_img3679,AOI_2_Vegas,AOI_2_Vegas:-11522:3615,test,owlv2,blur_resize,fixed,5.0,0.5,0,0,43,0,0.0,owlv2
AOI_2_Vegas_img3679,AOI_2_Vegas,AOI_2_Vegas:-11522:3615,test,owlv2,blur_resize,fixed,10.0,0.5,0,0,43,0,0.0,owlv2
AOI_2_Vegas_img3718,AOI_2_Vegas,AOI_2_Vegas:-11522:3622,test,owlv2,blur_resize,fixed,0.3,0.5,14,180,29,51,0.25,owlv2
AOI_2_Vegas_img3718,AOI_2_Vegas,AOI_2_Vegas:-11522:3622,test,owlv2,blur_resize,fixed,0.45,0.5,15,125,29,41,0.35,owlv2
AOI_2_Vegas_img3718,AOI_2_Vegas,AOI_2_Vegas:-11522:3622,test,owlv2,blur_resize,fixed,0.6,0.5,12,105,29,42,0.6,owlv2
AOI_2_Vegas_img3718,AOI_2_Vegas,AOI_2_Vegas:-11522:3622,test,owlv2,blur_resize,fixed,0.9,0.5,7,84,29,48,0.25,owlv2
AOI_2_Vegas_img3718,AOI_2_Vegas,AOI_2_Vegas:-11522:3622,test,owlv2,blur_resize,fixed,1.2,0.5,6,63,29,43,0.35,owlv2
AOI_2_Vegas_img3718,AOI_2_Vegas,AOI_2_Vegas:-11522:3622,test,owlv2,blur_resize,fixed,1.8,0.5,3,31,29,40,0.3,owlv2
AOI_2_Vegas_img3718,AOI_2_Vegas,AOI_2_Vegas:-11522:3622,test,owlv2,blur_resize,fixed,2.4,0.5,0,0,29,22,0.0,owlv2
AOI_2_Vegas_img3718,AOI_2_Vegas,AOI_2_Vegas:-11522:3622,test,owlv2,blur_resize,fixed,3.6,0.5,0,0,29,0,0.0,owlv2
AOI_2_Vegas_img3718,AOI_2_Vegas,AOI_2_Vegas:-11522:3622,test,owlv2,blur_resize,fixed,5.0,0.5,0,0,29,2,0.0,owlv2
AOI_2_Vegas_img3718,AOI_2_Vegas,AOI_2_Vegas:-11522:3622,test,owlv2,blur_resize,fixed,10.0,0.5,0,0,29,0,0.0,owlv2
AOI_2_Vegas_img3747,AOI_2_Vegas,AOI_2_Vegas:-11522:3613,test,owlv2,blur_resize,fixed,0.3,0.5,36,346,56,59,4.85,owlv2
AOI_2_Vegas_img3747,AOI_2_Vegas,AOI_2_Vegas:-11522:3613,test,owlv2,blur_resize,fixed,0.45,0.5,24,172,56,53,3.8,owlv2
AOI_2_Vegas_img3747,AOI_2_Vegas,AOI_2_Vegas:-11522:3613,test,owlv2,blur_resize,fixed,0.6,0.5,19,143,56,57,3.0,owlv2
AOI_2_Vegas_img3747,AOI_2_Vegas,AOI_2_Vegas:-11522:3613,test,owlv2,blur_resize,fixed,0.9,0.5,25,107,56,46,2.75,owlv2
AOI_2_Vegas_img3747,AOI_2_Vegas,AOI_2_Vegas:-11522:3613,test,owlv2,blur_resize,fixed,1.2,0.5,22,86,56,51,2.35,owlv2
AOI_2_Vegas_img3747,AOI_2_Vegas,AOI_2_Vegas:-11522:3613,test,owlv2,blur_resize,fixed,1.8,0.5,15,37,56,20,1.15,owlv2
AOI_2_Vegas_img3747,AOI_2_Vegas,AOI_2_Vegas:-11522:3613,test,owlv2,blur_resize,fixed,2.4,0.5,0,1,56,7,0.05,owlv2
AOI_2_Vegas_img3747,AOI_2_Vegas,AOI_2_Vegas:-11522:3613,test,owlv2,blur_resize,fixed,3.6,0.5,0,0,56,0,0.0,owlv2
AOI_2_Vegas_img3747,AOI_2_Vegas,AOI_2_Vegas:-11522:3613,test,owlv2,blur_resize,fixed,5.0,0.5,0,0,56,0,0.0,owlv2
AOI_2_Vegas_img3747,AOI_2_Vegas,AOI_2_Vegas:-11522:3613,test,owlv2,blur_resize,fixed,10.0,0.5,0,0,56,0,0.0,owlv2
AOI_2_Vegas_img375,AOI_2_Vegas,AOI_2_Vegas:-11530:3619,test,owlv2,blur_resize,fixed,0.3,0.5,9,181,22,56,0.85,owlv2
AOI_2_Vegas_img375,AOI_2_Vegas,AOI_2_Vegas:-11530:3619,test,owlv2,blur_resize,fixed,0.45,0.5,7,88,22,49,0.45,owlv2
AOI_2_Vegas_img375,AOI_2_Vegas,AOI_2_Vegas:-11530:3619,test,owlv2,blur_resize,fixed,0.6,0.5,5,70,22,50,0.6,owlv2
AOI_2_Vegas_img375,AOI_2_Vegas,AOI_2_Vegas:-11530:3619,test,owlv2,blur_resize,fixed,0.9,0.5,5,46,22,47,0.6,owlv2
AOI_2_Vegas_img375,AOI_2_Vegas,AOI_2_Vegas:-11530:3619,test,owlv2,blur_resize,fixed,1.2,0.5,8,36,22,36,0.3,owlv2
AOI_2_Vegas_img375,AOI_2_Vegas,AOI_2_Vegas:-11530:3619,test,owlv2,blur_resize,fixed,1.8,0.5,3,14,22,27,0.15,owlv2
AOI_2_Vegas_img375,AOI_2_Vegas,AOI_2_Vegas:-11530:3619,test,owlv2,blur_resize,fixed,2.4,0.5,0,2,22,18,0.05,owlv2
AOI_2_Vegas_img375,AOI_2_Vegas,AOI_2_Vegas:-11530:3619,test,owlv2,blur_resize,fixed,3.6,0.5,0,0,22,0,0.0,owlv2
AOI_2_Vegas_img375,AOI_2_Vegas,AOI_2_Vegas:-11530:3619,test,owlv2,blur_resize,fixed,5.0,0.5,0,0,22,0,0.0,owlv2
AOI_2_Vegas_img375,AOI_2_Vegas,AOI_2_Vegas:-11530:3619,test,owlv2,blur_resize,fixed,10.0,0.5,0,0,22,0,0.0,owlv2
AOI_2_Vegas_img3757,AOI_2_Vegas,AOI_2_Vegas:-11522:3615,test,owlv2,blur_resize,fixed,0.3,0.5,32,211,59,73,2.6,owlv2
AOI_2_Vegas_img3757,AOI_2_Vegas,AOI_2_Vegas:-11522:3615,test,owlv2,blur_resize,fixed,0.45,0.5,18,72,59,33,1.35,owlv2
AOI_2_Vegas_img3757,AOI_2_Vegas,AOI_2_Vegas:-11522:3615,test,owlv2,blur_resize,fixed,0.6,0.5,13,34,59,13,0.7,owlv2
AOI_2_Vegas_img3757,AOI_2_Vegas,AOI_2_Vegas:-11522:3615,test,owlv2,blur_resize,fixed,0.9,0.5,8,20,59,8,0.5,owlv2
AOI_2_Vegas_img3757,AOI_2_Vegas,AOI_2_Vegas:-11522:3615,test,owlv2,blur_resize,fixed,1.2,0.5,15,40,59,12,1.05,owlv2
AOI_2_Vegas_img3757,AOI_2_Vegas,AOI_2_Vegas:-11522:3615,test,owlv2,blur_resize,fixed,1.8,0.5,7,15,59,9,0.6,owlv2
AOI_2_Vegas_img3757,AOI_2_Vegas,AOI_2_Vegas:-11522:3615,test,owlv2,blur_resize,fixed,2.4,0.5,0,0,59,5,0.0,owlv2
AOI_2_Vegas_img3757,AOI_2_Vegas,AOI_2_Vegas:-11522:3615,test,owlv2,blur_resize,fixed,3.6,0.5,0,0,59,0,0.0,owlv2
AOI_2_Vegas_img3757,AOI_2_Vegas,AOI_2_Vegas:-11522:3615,test,owlv2,blur_resize,fixed,5.0,0.5,0,0,59,0,0.0,owlv2
AOI_2_Vegas_img3757,AOI_2_Vegas,AOI_2_Vegas:-11522:3615,test,owlv2,blur_resize,fixed,10.0,0.5,0,0,59,0,0.0,owlv2
AOI_2_Vegas_img3785,AOI_2_Vegas,AOI_2_Vegas:-11522:3620,test,owlv2,blur_resize,fixed,0.3,0.5,13,196,28,61,0.75,owlv2
AOI_2_Vegas_img3785,AOI_2_Vegas,AOI_2_Vegas:-11522:3620,test,owlv2,blur_resize,fixed,0.45,0.5,11,127,28,62,0.8,owlv2
AOI_2_Vegas_img3785,AOI_2_Vegas,AOI_2_Vegas:-11522:3620,test,owlv2,blur_resize,fixed,0.6,0.5,10,103,28,63,0.45,owlv2
AOI_2_Vegas_img3785,AOI_2_Vegas,AOI_2_Vegas:-11522:3620,test,owlv2,blur_resize,fixed,0.9,0.5,9,80,28,65,0.4,owlv2
AOI_2_Vegas_img3785,AOI_2_Vegas,AOI_2_Vegas:-11522:3620,test,owlv2,blur_resize,fixed,1.2,0.5,5,60,28,59,0.45,owlv2
AOI_2_Vegas_img3785,AOI_2_Vegas,AOI_2_Vegas:-11522:3620,test,owlv2,blur_resize,fixed,1.8,0.5,3,16,28,50,0.0,owlv2
AOI_2_Vegas_img3785,AOI_2_Vegas,AOI_2_Vegas:-11522:3620,test,owlv2,blur_resize,fixed,2.4,0.5,0,2,28,29,0.0,owlv2
AOI_2_Vegas_img3785,AOI_2_Vegas,AOI_2_Vegas:-11522:3620,test,owlv2,blur_resize,fixed,3.6,0.5,0,0,28,24,0.0,owlv2
AOI_2_Vegas_img3785,AOI_2_Vegas,AOI_2_Vegas:-11522:3620,test,owlv2,blur_resize,fixed,5.0,0.5,0,0,28,6,0.0,owlv2
AOI_2_Vegas_img3785,AOI_2_Vegas,AOI_2_Vegas:-11522:3620,test,owlv2,blur_resize,fixed,10.0,0.5,0,0,28,0,0.0,owlv2
AOI_2_Vegas_img3787,AOI_2_Vegas,AOI_2_Vegas:-11522:3620,test,owlv2,blur_resize,fixed,0.3,0.5,20,146,48,49,0.75,owlv2
AOI_2_Vegas_img3787,AOI_2_Vegas,AOI_2_Vegas:-11522:3620,test,owlv2,blur_resize,fixed,0.45,0.5,11,73,48,31,0.7,owlv2
AOI_2_Vegas_img3787,AOI_2_Vegas,AOI_2_Vegas:-11522:3620,test,owlv2,blur_resize,fixed,0.6,0.5,6,42,48,30,0.3,owlv2
AOI_2_Vegas_img3787,AOI_2_Vegas,AOI_2_Vegas:-11522:3620,test,owlv2,blur_resize,fixed,0.9,0.5,8,45,48,49,0.3,owlv2
AOI_2_Vegas_img3787,AOI_2_Vegas,AOI_2_Vegas:-11522:3620,test,owlv2,blur_resize,fixed,1.2,0.5,7,37,48,49,0.3,owlv2
AOI_2_Vegas_img3787,AOI_2_Vegas,AOI_2_Vegas:-11522:3620,test,owlv2,blur_resize,fixed,1.8,0.5,2,17,48,51,0.05,owlv2
AOI_2_Vegas_img3787,AOI_2_Vegas,AOI_2_Vegas:-11522:3620,test,owlv2,blur_resize,fixed,2.4,0.5,0,5,48,35,0.0,owlv2
AOI_2_Vegas_img3787,AOI_2_Vegas,AOI_2_Vegas:-11522:3620,test,owlv2,blur_resize,fixed,3.6,0.5,0,0,48,11,0.0,owlv2
AOI_2_Vegas_img3787,AOI_2_Vegas,AOI_2_Vegas:-11522:3620,test,owlv2,blur_resize,fixed,5.0,0.5,0,0,48,4,0.0,owlv2
AOI_2_Vegas_img3787,AOI_2_Vegas,AOI_2_Vegas:-11522:3620,test,owlv2,blur_resize,fixed,10.0,0.5,0,0,48,0,0.0,owlv2
AOI_2_Vegas_img3792,AOI_2_Vegas,AOI_2_Vegas:-11522:3621,test,owlv2,blur_resize,fixed,0.3,0.5,0,36,1,5,0.0,owlv2
AOI_2_Vegas_img3792,AOI_2_Vegas,AOI_2_Vegas:-11522:3621,test,owlv2,blur_resize,fixed,0.45,0.5,0,20,1,1,0.0,owlv2
AOI_2_Vegas_img3792,AOI_2_Vegas,AOI_2_Vegas:-11522:3621,test,owlv2,blur_resize,fixed,0.6,0.5,0,22,1,3,0.0,owlv2
AOI_2_Vegas_img3792,AOI_2_Vegas,AOI_2_Vegas:-11522:3621,test,owlv2,blur_resize,fixed,0.9,0.5,0,5,1,2,0.0,owlv2
AOI_2_Vegas_img3792,AOI_2_Vegas,AOI_2_Vegas:-11522:3621,test,owlv2,blur_resize,fixed,1.2,0.5,0,6,1,1,0.0,owlv2
AOI_2_Vegas_img3792,AOI_2_Vegas,AOI_2_Vegas:-11522:3621,test,owlv2,blur_resize,fixed,1.8,0.5,0,1,1,1,0.0,owlv2
AOI_2_Vegas_img3792,AOI_2_Vegas,AOI_2_Vegas:-11522:3621,test,owlv2,blur_resize,fixed,2.4,0.5,0,0,1,1,0.0,owlv2
AOI_2_Vegas_img3792,AOI_2_Vegas,AOI_2_Vegas:-11522:3621,test,owlv2,blur_resize,fixed,3.6,0.5,0,0,1,0,0.0,owlv2
AOI_2_Vegas_img3792,AOI_2_Vegas,AOI_2_Vegas:-11522:3621,test,owlv2,blur_resize,fixed,5.0,0.5,0,0,1,0,0.0,owlv2
AOI_2_Vegas_img3792,AOI_2_Vegas,AOI_2_Vegas:-11522:3621,test,owlv2,blur_resize,fixed,10.0,0.5,0,0,1,0,0.0,owlv2
AOI_2_Vegas_img3815,AOI_2_Vegas,AOI_2_Vegas:-11522:3625,test,owlv2,blur_resize,fixed,0.3,0.5,17,165,23,51,2.3,owlv2
AOI_2_Vegas_img3815,AOI_2_Vegas,AOI_2_Vegas:-11522:3625,test,owlv2,blur_resize,fixed,0.45,0.5,13,77,23,42,2.05,owlv2
AOI_2_Vegas_img3815,AOI_2_Vegas,AOI_2_Vegas:-11522:3625,test,owlv2,blur_resize,fixed,0.6,0.5,14,64,23,37,1.55,owlv2
AOI_2_Vegas_img3815,AOI_2_Vegas,AOI_2_Vegas:-11522:3625,test,owlv2,blur_resize,fixed,0.9,0.5,11,57,23,29,1.4,owlv2
AOI_2_Vegas_img3815,AOI_2_Vegas,AOI_2_Vegas:-11522:3625,test,owlv2,blur_resize,fixed,1.2,0.5,13,59,23,30,1.3,owlv2
AOI_2_Vegas_img3815,AOI_2_Vegas,AOI_2_Vegas:-11522:3625,test,owlv2,blur_resize,fixed,1.8,0.5,13,38,23,33,1.0,owlv2
AOI_2_Vegas_img3815,AOI_2_Vegas,AOI_2_Vegas:-11522:3625,test,owlv2,blur_resize,fixed,2.4,0.5,8,27,23,28,1.2,owlv2
AOI_2_Vegas_img3815,AOI_2_Vegas,AOI_2_Vegas:-11522:3625,test,owlv2,blur_resize,fixed,3.6,0.5,1,1,23,2,0.1,owlv2
AOI_2_Vegas_img3815,AOI_2_Vegas,AOI_2_Vegas:-11522:3625,test,owlv2,blur_resize,fixed,5.0,0.5,0,0,23,0,0.0,owlv2
AOI_2_Vegas_img3815,AOI_2_Vegas,AOI_2_Vegas:-11522:3625,test,owlv2,blur_resize,fixed,10.0,0.5,0,0,23,0,0.0,owlv2
AOI_2_Vegas_img3832,AOI_2_Vegas,AOI_2_Vegas:-11521:3614,test,owlv2,blur_resize,fixed,0.3,0.5,2,130,4,47,0.0,owlv2
AOI_2_Vegas_img3832,AOI_2_Vegas,AOI_2_Vegas:-11521:3614,test,owlv2,blur_resize,fixed,0.45,0.5,1,62,4,27,0.05,owlv2
AOI_2_Vegas_img3832,AOI_2_Vegas,AOI_2_Vegas:-11521:3614,test,owlv2,blur_resize,fixed,0.6,0.5,1,35,4,14,0.0,owlv2
AOI_2_Vegas_img3832,AOI_2_Vegas,AOI_2_Vegas:-11521:3614,test,owlv2,blur_resize,fixed,0.9,0.5,0,12,4,7,0.0,owlv2
AOI_2_Vegas_img3832,AOI_2_Vegas,AOI_2_Vegas:-11521:3614,test,owlv2,blur_resize,fixed,1.2,0.5,0,0,4,2,0.0,owlv2
AOI_2_Vegas_img3832,AOI_2_Vegas,AOI_2_Vegas:-11521:3614,test,owlv2,blur_resize,fixed,1.8,0.5,0,0,4,1,0.0,owlv2
AOI_2_Vegas_img3832,AOI_2_Vegas,AOI_2_Vegas:-11521:3614,test,owlv2,blur_resize,fixed,2.4,0.5,0,0,4,2,0.0,owlv2
AOI_2_Vegas_img3832,AOI_2_Vegas,AOI_2_Vegas:-11521:3614,test,owlv2,blur_resize,fixed,3.6,0.5,0,0,4,0,0.0,owlv2
AOI_2_Vegas_img3832,AOI_2_Vegas,AOI_2_Vegas:-11521:3614,test,owlv2,blur_resize,fixed,5.0,0.5,0,0,4,0,0.0,owlv2
AOI_2_Vegas_img3832,AOI_2_Vegas,AOI_2_Vegas:-11521:3614,test,owlv2,blur_resize,fixed,10.0,0.5,0,0,4,0,0.0,owlv2
AOI_2_Vegas_img3849,AOI_2_Vegas,AOI_2_Vegas:-11521:3617,test,owlv2,blur_resize,fixed,0.3,0.5,47,143,88,40,5.15,owlv2
AOI_2_Vegas_img3849,AOI_2_Vegas,AOI_2_Vegas:-11521:3617,test,owlv2,blur_resize,fixed,0.45,0.5,40,60,88,23,3.0,owlv2
AOI_2_Vegas_img3849,AOI_2_Vegas,AOI_2_Vegas:-11521:3617,test,owlv2,blur_resize,fixed,0.6,0.5,29,31,88,9,2.1,owlv2
AOI_2_Vegas_img3849,AOI_2_Vegas,AOI_2_Vegas:-11521:3617,test,owlv2,blur_resize,fixed,0.9,0.5,27,29,88,4,1.4,owlv2
AOI_2_Vegas_img3849,AOI_2_Vegas,AOI_2_Vegas:-11521:3617,test,owlv2,blur_resize,fixed,1.2,0.5,33,36,88,8,2.15,owlv2
AOI_2_Vegas_img3849,AOI_2_Vegas,AOI_2_Vegas:-11521:3617,test,owlv2,blur_resize,fixed,1.8,0.5,10,10,88,12,0.65,owlv2
AOI_2_Vegas_img3849,AOI_2_Vegas,AOI_2_Vegas:-11521:3617,test,owlv2,blur_resize,fixed,2.4,0.5,0,0,88,0,0.0,owlv2
AOI_2_Vegas_img3849,AOI_2_Vegas,AOI_2_Vegas:-11521:3617,test,owlv2,blur_resize,fixed,3.6,0.5,0,0,88,0,0.0,owlv2
AOI_2_Vegas_img3849,AOI_2_Vegas,AOI_2_Vegas:-11521:3617,test,owlv2,blur_resize,fixed,5.0,0.5,0,0,88,0,0.0,owlv2
AOI_2_Vegas_img3849,AOI_2_Vegas,AOI_2_Vegas:-11521:3617,test,owlv2,blur_resize,fixed,10.0,0.5,0,0,88,0,0.0,owlv2
AOI_2_Vegas_img3856,AOI_2_Vegas,AOI_2_Vegas:-11521:3618,test,owlv2,blur_resize,fixed,0.3,0.5,7,50,13,21,0.15,owlv2
AOI_2_Vegas_img3856,AOI_2_Vegas,AOI_2_Vegas:-11521:3618,test,owlv2,blur_resize,fixed,0.45,0.5,4,19,13,15,0.0,owlv2
AOI_2_Vegas_img3856,AOI_2_Vegas,AOI_2_Vegas:-11521:3618,test,owlv2,blur_resize,fixed,0.6,0.5,3,10,13,11,0.0,owlv2
AOI_2_Vegas_img3856,AOI_2_Vegas,AOI_2_Vegas:-11521:3618,test,owlv2,blur_resize,fixed,0.9,0.5,3,6,13,7,0.0,owlv2
AOI_2_Vegas_img3856,AOI_2_Vegas,AOI_2_Vegas:-11521:3618,test,owlv2,blur_resize,fixed,1.2,0.5,2,2,13,4,0.0,owlv2
AOI_2_Vegas_img3856,AOI_2_Vegas,AOI_2_Vegas:-11521:3618,test,owlv2,blur_resize,fixed,1.8,0.5,0,0,13,10,0.0,owlv2
AOI_2_Vegas_img3856,AOI_2_Vegas,AOI_2_Vegas:-11521:3618,test,owlv2,blur_resize,fixed,2.4,0.5,0,0,13,7,0.0,owlv2
AOI_2_Vegas_img3856,AOI_2_Vegas,AOI_2_Vegas:-11521:3618,test,owlv2,blur_resize,fixed,3.6,0.5,0,0,13,2,0.0,owlv2
AOI_2_Vegas_img3856,AOI_2_Vegas,AOI_2_Vegas:-11521:3618,test,owlv2,blur_resize,fixed,5.0,0.5,0,0,13,5,0.0,owlv2
AOI_2_Vegas_img3856,AOI_2_Vegas,AOI_2_Vegas:-11521:3618,test,owlv2,blur_resize,fixed,10.0,0.5,0,0,13,0,0.0,owlv2
AOI_2_Vegas_img3857,AOI_2_Vegas,AOI_2_Vegas:-11521:3619,test,owlv2,blur_resize,fixed,0.3,0.5,21,149,36,65,0.35,owlv2
AOI_2_Vegas_img3857,AOI_2_Vegas,AOI_2_Vegas:-11521:3619,test,owlv2,blur_resize,fixed,0.45,0.5,11,74,36,51,0.3,owlv2
AOI_2_Vegas_img3857,AOI_2_Vegas,AOI_2_Vegas:-11521:3619,test,owlv2,blur_resize,fixed,0.6,0.5,12,65,36,45,0.5,owlv2
AOI_2_Vegas_img3857,AOI_2_Vegas,AOI_2_Vegas:-11521:3619,test,owlv2,blur_resize,fixed,0.9,0.5,8,33,36,43,0.25,owlv2
AOI_2_Vegas_img3857,AOI_2_Vegas,AOI_2_Vegas:-11521:3619,test,owlv2,blur_resize,fixed,1.2,0.5,5,13,36,31,0.05,owlv2
AOI_2_Vegas_img3857,AOI_2_Vegas,AOI_2_Vegas:-11521:3619,test,owlv2,blur_resize,fixed,1.8,0.5,0,1,36,11,0.0,owlv2
AOI_2_Vegas_img3857,AOI_2_Vegas,AOI_2_Vegas:-11521:3619,test,owlv2,blur_resize,fixed,2.4,0.5,0,0,36,1,0.0,owlv2
AOI_2_Vegas_img3857,AOI_2_Vegas,AOI_2_Vegas:-11521:3619,test,owlv2,blur_resize,fixed,3.6,0.5,0,0,36,1,0.0,owlv2
AOI_2_Vegas_img3857,AOI_2_Vegas,AOI_2_Vegas:-11521:3619,test,owlv2,blur_resize,fixed,5.0,0.5,0,0,36,5,0.0,owlv2
AOI_2_Vegas_img3857,AOI_2_Vegas,AOI_2_Vegas:-11521:3619,test,owlv2,blur_resize,fixed,10.0,0.5,0,0,36,0,0.0,owlv2
AOI_2_Vegas_img3858,AOI_2_Vegas,AOI_2_Vegas:-11521:3619,test,owlv2,blur_resize,fixed,0.3,0.5,11,112,21,38,0.2,owlv2
AOI_2_Vegas_img3858,AOI_2_Vegas,AOI_2_Vegas:-11521:3619,test,owlv2,blur_resize,fixed,0.45,0.5,5,48,21,36,0.1,owlv2
AOI_2_Vegas_img3858,AOI_2_Vegas,AOI_2_Vegas:-11521:3619,test,owlv2,blur_resize,fixed,0.6,0.5,4,33,21,28,0.05,owlv2
AOI_2_Vegas_img3858,AOI_2_Vegas,AOI_2_Vegas:-11521:3619,test,owlv2,blur_resize,fixed,0.9,0.5,5,15,21,18,0.1,owlv2
AOI_2_Vegas_img3858,AOI_2_Vegas,AOI_2_Vegas:-11521:3619,test,owlv2,blur_resize,fixed,1.2,0.5,5,19,21,30,0.05,owlv2
AOI_2_Vegas_img3858,AOI_2_Vegas,AOI_2_Vegas:-11521:3619,test,owlv2,blur_resize,fixed,1.8,0.5,3,10,21,40,0.1,owlv2
AOI_2_Vegas_img3858,AOI_2_Vegas,AOI_2_Vegas:-11521:3619,test,owlv2,blur_resize,fixed,2.4,0.5,1,7,21,31,0.1,owlv2
AOI_2_Vegas_img3858,AOI_2_Vegas,AOI_2_Vegas:-11521:3619,test,owlv2,blur_resize,fixed,3.6,0.5,0,0,21,17,0.0,owlv2
AOI_2_Vegas_img3858,AOI_2_Vegas,AOI_2_Vegas:-11521:3619,test,owlv2,blur_resize,fixed,5.0,0.5,0,0,21,10,0.0,owlv2
AOI_2_Vegas_img3858,AOI_2_Vegas,AOI_2_Vegas:-11521:3619,test,owlv2,blur_resize,fixed,10.0,0.5,0,0,21,0,0.0,owlv2
AOI_2_Vegas_img386,AOI_2_Vegas,AOI_2_Vegas:-11530:3621,test,owlv2,blur_resize,fixed,0.3,0.5,15,161,34,34,2.15,owlv2
AOI_2_Vegas_img386,AOI_2_Vegas,AOI_2_Vegas:-11530:3621,test,owlv2,blur_resize,fixed,0.45,0.5,15,85,34,27,1.85,owlv2
AOI_2_Vegas_img386,AOI_2_Vegas,AOI_2_Vegas:-11530:3621,test,owlv2,blur_resize,fixed,0.6,0.5,12,49,34,21,1.55,owlv2
AOI_2_Vegas_img386,AOI_2_Vegas,AOI_2_Vegas:-11530:3621,test,owlv2,blur_resize,fixed,0.9,0.5,8,38,34,20,1.25,owlv2
AOI_2_Vegas_img386,AOI_2_Vegas,AOI_2_Vegas:-11530:3621,test,owlv2,blur_resize,fixed,1.2,0.5,7,28,34,26,0.9,owlv2
AOI_2_Vegas_img386,AOI_2_Vegas,AOI_2_Vegas:-11530:3621,test,owlv2,blur_resize,fixed,1.8,0.5,5,14,34,23,0.75,owlv2
AOI_2_Vegas_img386,AOI_2_Vegas,AOI_2_Vegas:-11530:3621,test,owlv2,blur_resize,fixed,2.4,0.5,2,4,34,24,0.0,owlv2
AOI_2_Vegas_img386,AOI_2_Vegas,AOI_2_Vegas:-11530:3621,test,owlv2,blur_resize,fixed,3.6,0.5,1,7,34,16,0.35,owlv2
AOI_2_Vegas_img386,AOI_2_Vegas,AOI_2_Vegas:-11530:3621,test,owlv2,blur_resize,fixed,5.0,0.5,0,0,34,3,0.0,owlv2
AOI_2_Vegas_img386,AOI_2_Vegas,AOI_2_Vegas:-11530:3621,test,owlv2,blur_resize,fixed,10.0,0.5,0,0,34,0,0.0,owlv2
AOI_2_Vegas_img3864,AOI_2_Vegas,AOI_2_Vegas:-11521:3620,test,owlv2,blur_resize,fixed,0.3,0.5,23,179,36,56,0.45,owlv2
AOI_2_Vegas_img3864,AOI_2_Vegas,AOI_2_Vegas:-11521:3620,test,owlv2,blur_resize,fixed,0.45,0.5,16,127,36,50,0.6,owlv2
AOI_2_Vegas_img3864,AOI_2_Vegas,AOI_2_Vegas:-11521:3620,test,owlv2,blur_resize,fixed,0.6,0.5,14,96,36,45,0.45,owlv2
AOI_2_Vegas_img3864,AOI_2_Vegas,AOI_2_Vegas:-11521:3620,test,owlv2,blur_resize,fixed,0.9,0.5,13,54,36,31,0.3,owlv2
AOI_2_Vegas_img3864,AOI_2_Vegas,AOI_2_Vegas:-11521:3620,test,owlv2,blur_resize,fixed,1.2,0.5,6,36,36,40,0.2,owlv2
AOI_2_Vegas_img3864,AOI_2_Vegas,AOI_2_Vegas:-11521:3620,test,owlv2,blur_resize,fixed,1.8,0.5,2,9,36,20,0.0,owlv2
AOI_2_Vegas_img3864,AOI_2_Vegas,AOI_2_Vegas:-11521:3620,test,owlv2,blur_resize,fixed,2.4,0.5,0,1,36,2,0.0,owlv2
AOI_2_Vegas_img3864,AOI_2_Vegas,AOI_2_Vegas:-11521:3620,test,owlv2,blur_resize,fixed,3.6,0.5,0,0,36,0,0.0,owlv2
AOI_2_Vegas_img3864,AOI_2_Vegas,AOI_2_Vegas:-11521:3620,test,owlv2,blur_resize,fixed,5.0,0.5,0,0,36,0,0.0,owlv2
AOI_2_Vegas_img3864,AOI_2_Vegas,AOI_2_Vegas:-11521:3620,test,owlv2,blur_resize,fixed,10.0,0.5,0,0,36,0,0.0,owlv2
AOI_2_Vegas_img3886,AOI_2_Vegas,AOI_2_Vegas:-11521:3624,test,owlv2,blur_resize,fixed,0.3,0.5,25,123,30,43,2.45,owlv2
AOI_2_Vegas_img3886,AOI_2_Vegas,AOI_2_Vegas:-11521:3624,test,owlv2,blur_resize,fixed,0.45,0.5,24,82,30,44,1.75,owlv2
AOI_2_Vegas_img3886,AOI_2_Vegas,AOI_2_Vegas:-11521:3624,test,owlv2,blur_resize,fixed,0.6,0.5,22,64,30,45,1.5,owlv2
AOI_2_Vegas_img3886,AOI_2_Vegas,AOI_2_Vegas:-11521:3624,test,owlv2,blur_resize,fixed,0.9,0.5,24,48,30,41,1.2,owlv2
AOI_2_Vegas_img3886,AOI_2_Vegas,AOI_2_Vegas:-11521:3624,test,owlv2,blur_resize,fixed,1.2,0.5,23,43,30,40,1.75,owlv2
AOI_2_Vegas_img3886,AOI_2_Vegas,AOI_2_Vegas:-11521:3624,test,owlv2,blur_resize,fixed,1.8,0.5,13,29,30,41,1.1,owlv2
AOI_2_Vegas_img3886,AOI_2_Vegas,AOI_2_Vegas:-11521:3624,test,owlv2,blur_resize,fixed,2.4,0.5,4,4,30,9,0.1,owlv2
AOI_2_Vegas_img3886,AOI_2_Vegas,AOI_2_Vegas:-11521:3624,test,owlv2,blur_resize,fixed,3.6,0.5,0,0,30,1,0.0,owlv2
AOI_2_Vegas_img3886,AOI_2_Vegas,AOI_2_Vegas:-11521:3624,test,owlv2,blur_resize,fixed,5.0,0.5,0,0,30,1,0.0,owlv2
AOI_2_Vegas_img3886,AOI_2_Vegas,AOI_2_Vegas:-11521:3624,test,owlv2,blur_resize,fixed,10.0,0.5,0,0,30,0,0.0,owlv2
AOI_2_Vegas_img3920,AOI_2_Vegas,AOI_2_Vegas:-11521:3616,test,owlv2,blur_resize,fixed,0.3,0.5,6,64,13,40,0.0,owlv2
AOI_2_Vegas_img3920,AOI_2_Vegas,AOI_2_Vegas:-11521:3616,test,owlv2,blur_resize,fixed,0.45,0.5,3,30,13,31,0.0,owlv2
AOI_2_Vegas_img3920,AOI_2_Vegas,AOI_2_Vegas:-11521:3616,test,owlv2,blur_resize,fixed,0.6,0.5,3,17,13,26,0.1,owlv2
AOI_2_Vegas_img3920,AOI_2_Vegas,AOI_2_Vegas:-11521:3616,test,owlv2,blur_resize,fixed,0.9,0.5,3,15,13,21,0.0,owlv2
AOI_2_Vegas_img3920,AOI_2_Vegas,AOI_2_Vegas:-11521:3616,test,owlv2,blur_resize,fixed,1.2,0.5,2,7,13,18,0.0,owlv2
AOI_2_Vegas_img3920,AOI_2_Vegas,AOI_2_Vegas:-11521:3616,test,owlv2,blur_resize,fixed,1.8,0.5,0,0,13,9,0.0,owlv2
AOI_2_Vegas_img3920,AOI_2_Vegas,AOI_2_Vegas:-11521:3616,test,owlv2,blur_resize,fixed,2.4,0.5,0,0,13,1,0.0,owlv2
AOI_2_Vegas_img3920,AOI_2_Vegas,AOI_2_Vegas:-11521:3616,test,owlv2,blur_resize,fixed,3.6,0.5,0,0,13,0,0.0,owlv2
AOI_2_Vegas_img3920,AOI_2_Vegas,AOI_2_Vegas:-11521:3616,test,owlv2,blur_resize,fixed,5.0,0.5,0,0,13,4,0.0,owlv2
AOI_2_Vegas_img3920,AOI_2_Vegas,AOI_2_Vegas:-11521:3616,test,owlv2,blur_resize,fixed,10.0,0.5,0,0,13,0,0.0,owlv2
AOI_2_Vegas_img3949,AOI_2_Vegas,AOI_2_Vegas:-11521:3621,test,owlv2,blur_resize,fixed,0.3,0.5,4,84,10,27,0.2,owlv2
AOI_2_Vegas_img3949,AOI_2_Vegas,AOI_2_Vegas:-11521:3621,test,owlv2,blur_resize,fixed,0.45,0.5,2,7,10,12,0.0,owlv2
AOI_2_Vegas_img3949,AOI_2_Vegas,AOI_2_Vegas:-11521:3621,test,owlv2,blur_resize,fixed,0.6,0.5,2,4,10,20,0.05,owlv2
AOI_2_Vegas_img3949,AOI_2_Vegas,AOI_2_Vegas:-11521:3621,test,owlv2,blur_resize,fixed,0.9,0.5,1,7,10,29,0.05,owlv2
AOI_2_Vegas_img3949,AOI_2_Vegas,AOI_2_Vegas:-11521:3621,test,owlv2,blur_resize,fixed,1.2,0.5,1,5,10,27,0.0,owlv2
AOI_2_Vegas_img3949,AOI_2_Vegas,AOI_2_Vegas:-11521:3621,test,owlv2,blur_resize,fixed,1.8,0.5,1,2,10,25,0.0,owlv2
AOI_2_Vegas_img3949,AOI_2_Vegas,AOI_2_Vegas:-11521:3621,test,owlv2,blur_resize,fixed,2.4,0.5,1,1,10,15,0.0,owlv2
AOI_2_Vegas_img3949,AOI_2_Vegas,AOI_2_Vegas:-11521:3621,test,owlv2,blur_resize,fixed,3.6,0.5,0,0,10,5,0.0,owlv2
AOI_2_Vegas_img3949,AOI_2_Vegas,AOI_2_Vegas:-11521:3621,test,owlv2,blur_resize,fixed,5.0,0.5,0,0,10,0,0.0,owlv2
AOI_2_Vegas_img3949,AOI_2_Vegas,AOI_2_Vegas:-11521:3621,test,owlv2,blur_resize,fixed,10.0,0.5,0,0,10,0,0.0,owlv2
AOI_2_Vegas_img3961,AOI_2_Vegas,AOI_2_Vegas:-11521:3623,test,owlv2,blur_resize,fixed,0.3,0.5,19,119,35,38,0.7,owlv2
AOI_2_Vegas_img3961,AOI_2_Vegas,AOI_2_Vegas:-11521:3623,test,owlv2,blur_resize,fixed,0.45,0.5,16,56,35,16,0.45,owlv2
AOI_2_Vegas_img3961,AOI_2_Vegas,AOI_2_Vegas:-11521:3623,test,owlv2,blur_resize,fixed,0.6,0.5,13,34,35,14,0.3,owlv2
AOI_2_Vegas_img3961,AOI_2_Vegas,AOI_2_Vegas:-11521:3623,test,owlv2,blur_resize,fixed,0.9,0.5,9,18,35,11,0.05,owlv2
AOI_2_Vegas_img3961,AOI_2_Vegas,AOI_2_Vegas:-11521:3623,test,owlv2,blur_resize,fixed,1.2,0.5,8,30,35,18,0.15,owlv2
AOI_2_Vegas_img3961,AOI_2_Vegas,AOI_2_Vegas:-11521:3623,test,owlv2,blur_resize,fixed,1.8,0.5,4,24,35,24,0.05,owlv2
AOI_2_Vegas_img3961,AOI_2_Vegas,AOI_2_Vegas:-11521:3623,test,owlv2,blur_resize,fixed,2.4,0.5,2,3,35,6,0.0,owlv2
AOI_2_Vegas_img3961,AOI_2_Vegas,AOI_2_Vegas:-11521:3623,test,owlv2,blur_resize,fixed,3.6,0.5,0,0,35,0,0.0,owlv2
AOI_2_Vegas_img3961,AOI_2_Vegas,AOI_2_Vegas:-11521:3623,test,owlv2,blur_resize,fixed,5.0,0.5,0,0,35,2,0.0,owlv2
AOI_2_Vegas_img3961,AOI_2_Vegas,AOI_2_Vegas:-11521:3623,test,owlv2,blur_resize,fixed,10.0,0.5,0,0,35,0,0.0,owlv2
AOI_2_Vegas_img3962,AOI_2_Vegas,AOI_2_Vegas:-11521:3623,test,owlv2,blur_resize,fixed,0.3,0.5,23,324,51,80,0.85,owlv2
AOI_2_Vegas_img3962,AOI_2_Vegas,AOI_2_Vegas:-11521:3623,test,owlv2,blur_resize,fixed,0.45,0.5,17,189,51,65,0.9,owlv2
AOI_2_Vegas_img3962,AOI_2_Vegas,AOI_2_Vegas:-11521:3623,test,owlv2,blur_resize,fixed,0.6,0.5,14,149,51,64,0.65,owlv2
AOI_2_Vegas_img3962,AOI_2_Vegas,AOI_2_Vegas:-11521:3623,test,owlv2,blur_resize,fixed,0.9,0.5,8,86,51,58,0.65,owlv2
AOI_2_Vegas_img3962,AOI_2_Vegas,AOI_2_Vegas:-11521:3623,test,owlv2,blur_resize,fixed,1.2,0.5,6,40,51,41,0.2,owlv2
AOI_2_Vegas_img3962,AOI_2_Vegas,AOI_2_Vegas:-11521:3623,test,owlv2,blur_resize,fixed,1.8,0.5,1,4,51,27,0.05,owlv2
AOI_2_Vegas_img3962,AOI_2_Vegas,AOI_2_Vegas:-11521:3623,test,owlv2,blur_resize,fixed,2.4,0.5,0,0,51,2,0.0,owlv2
AOI_2_Vegas_img3962,AOI_2_Vegas,AOI_2_Vegas:-11521:3623,test,owlv2,blur_resize,fixed,3.6,0.5,0,0,51,0,0.0,owlv2
AOI_2_Vegas_img3962,AOI_2_Vegas,AOI_2_Vegas:-11521:3623,test,owlv2,blur_resize,fixed,5.0,0.5,0,0,51,0,0.0,owlv2
AOI_2_Vegas_img3962,AOI_2_Vegas,AOI_2_Vegas:-11521:3623,test,owlv2,blur_resize,fixed,10.0,0.5,0,0,51,0,0.0,owlv2
AOI_2_Vegas_img3990,AOI_2_Vegas,AOI_2_Vegas:-11521:3614,test,owlv2,blur_resize,fixed,0.3,0.5,0,40,2,35,0.0,owlv2
AOI_2_Vegas_img3990,AOI_2_Vegas,AOI_2_Vegas:-11521:3614,test,owlv2,blur_resize,fixed,0.45,0.5,0,5,2,15,0.0,owlv2
AOI_2_Vegas_img3990,AOI_2_Vegas,AOI_2_Vegas:-11521:3614,test,owlv2,blur_resize,fixed,0.6,0.5,0,2,2,7,0.0,owlv2
AOI_2_Vegas_img3990,AOI_2_Vegas,AOI_2_Vegas:-11521:3614,test,owlv2,blur_resize,fixed,0.9,0.5,0,0,2,1,0.0,owlv2
AOI_2_Vegas_img3990,AOI_2_Vegas,AOI_2_Vegas:-11521:3614,test,owlv2,blur_resize,fixed,1.2,0.5,0,0,2,1,0.0,owlv2
AOI_2_Vegas_img3990,AOI_2_Vegas,AOI_2_Vegas:-11521:3614,test,owlv2,blur_resize,fixed,1.8,0.5,0,0,2,0,0.0,owlv2
AOI_2_Vegas_img3990,AOI_2_Vegas,AOI_2_Vegas:-11521:3614,test,owlv2,blur_resize,fixed,2.4,0.5,0,0,2,0,0.0,owlv2
AOI_2_Vegas_img3990,AOI_2_Vegas,AOI_2_Vegas:-11521:3614,test,owlv2,blur_resize,fixed,3.6,0.5,0,0,2,0,0.0,owlv2
AOI_2_Vegas_img3990,AOI_2_Vegas,AOI_2_Vegas:-11521:3614,test,owlv2,blur_resize,fixed,5.0,0.5,0,0,2,6,0.0,owlv2
AOI_2_Vegas_img3990,AOI_2_Vegas,AOI_2_Vegas:-11521:3614,test,owlv2,blur_resize,fixed,10.0,0.5,0,0,2,0,0.0,owlv2
AOI_2_Vegas_img400,AOI_2_Vegas,AOI_2_Vegas:-11530:3613,test,owlv2,blur_resize,fixed,0.3,0.5,49,329,58,65,6.25,owlv2
AOI_2_Vegas_img400,AOI_2_Vegas,AOI_2_Vegas:-11530:3613,test,owlv2,blur_resize,fixed,0.45,0.5,26,72,58,31,1.65,owlv2
AOI_2_Vegas_img400,AOI_2_Vegas,AOI_2_Vegas:-11530:3613,test,owlv2,blur_resize,fixed,0.6,0.5,12,42,58,27,0.3,owlv2
AOI_2_Vegas_img400,AOI_2_Vegas,AOI_2_Vegas:-11530:3613,test,owlv2,blur_resize,fixed,0.9,0.5,6,31,58,18,0.4,owlv2
AOI_2_Vegas_img400,AOI_2_Vegas,AOI_2_Vegas:-11530:3613,test,owlv2,blur_resize,fixed,1.2,0.5,5,20,58,11,0.15,owlv2
AOI_2_Vegas_img400,AOI_2_Vegas,AOI_2_Vegas:-11530:3613,test,owlv2,blur_resize,fixed,1.8,0.5,2,5,58,8,0.1,owlv2
AOI_2_Vegas_img400,AOI_2_Vegas,AOI_2_Vegas:-11530:3613,test,owlv2,blur_resize,fixed,2.4,0.5,0,2,58,7,0.0,owlv2
AOI_2_Vegas_img400,AOI_2_Vegas,AOI_2_Vegas:-11530:3613,test,owlv2,blur_resize,fixed,3.6,0.5,0,0,58,2,0.0,owlv2
AOI_2_Vegas_img400,AOI_2_Vegas,AOI_2_Vegas:-11530:3613,test,owlv2,blur_resize,fixed,5.0,0.5,0,0,58,0,0.0,owlv2
AOI_2_Vegas_img400,AOI_2_Vegas,AOI_2_Vegas:-11530:3613,test,owlv2,blur_resize,fixed,10.0,0.5,0,0,58,0,0.0,owlv2
AOI_2_Vegas_img4008,AOI_2_Vegas,AOI_2_Vegas:-11521:3617,test,owlv2,blur_resize,fixed,0.3,0.5,0,26,4,36,0.0,owlv2
AOI_2_Vegas_img4008,AOI_2_Vegas,AOI_2_Vegas:-11521:3617,test,owlv2,blur_resize,fixed,0.45,0.5,0,3,4,16,0.0,owlv2
AOI_2_Vegas_img4008,AOI_2_Vegas,AOI_2_Vegas:-11521:3617,test,owlv2,blur_resize,fixed,0.6,0.5,0,0,4,5,0.0,owlv2
AOI_2_Vegas_img4008,AOI_2_Vegas,AOI_2_Vegas:-11521:3617,test,owlv2,blur_resize,fixed,0.9,0.5,0,0,4,0,0.0,owlv2
AOI_2_Vegas_img4008,AOI_2_Vegas,AOI_2_Vegas:-11521:3617,test,owlv2,blur_resize,fixed,1.2,0.5,0,0,4,1,0.0,owlv2
AOI_2_Vegas_img4008,AOI_2_Vegas,AOI_2_Vegas:-11521:3617,test,owlv2,blur_resize,fixed,1.8,0.5,0,0,4,1,0.0,owlv2
AOI_2_Vegas_img4008,AOI_2_Vegas,AOI_2_Vegas:-11521:3617,test,owlv2,blur_resize,fixed,2.4,0.5,0,0,4,1,0.0,owlv2
AOI_2_Vegas_img4008,AOI_2_Vegas,AOI_2_Vegas:-11521:3617,test,owlv2,blur_resize,fixed,3.6,0.5,0,0,4,1,0.0,owlv2
AOI_2_Vegas_img4008,AOI_2_Vegas,AOI_2_Vegas:-11521:3617,test,owlv2,blur_resize,fixed,5.0,0.5,0,0,4,10,0.0,owlv2
AOI_2_Vegas_img4008,AOI_2_Vegas,AOI_2_Vegas:-11521:3617,test,owlv2,blur_resize,fixed,10.0,0.5,0,0,4,1,0.0,owlv2
AOI_2_Vegas_img4012,AOI_2_Vegas,AOI_2_Vegas:-11521:3618,test,owlv2,blur_resize,fixed,0.3,0.5,0,1,0,0,0.0,owlv2
AOI_2_Vegas_img4012,AOI_2_Vegas,AOI_2_Vegas:-11521:3618,test,owlv2,blur_resize,fixed,0.45,0.5,0,0,0,0,0.0,owlv2
AOI_2_Vegas_img4012,AOI_2_Vegas,AOI_2_Vegas:-11521:3618,test,owlv2,blur_resize,fixed,0.6,0.5,0,0,0,0,0.0,owlv2
AOI_2_Vegas_img4012,AOI_2_Vegas,AOI_2_Vegas:-11521:3618,test,owlv2,blur_resize,fixed,0.9,0.5,0,0,0,0,0.0,owlv2
AOI_2_Vegas_img4012,AOI_2_Vegas,AOI_2_Vegas:-11521:3618,test,owlv2,blur_resize,fixed,1.2,0.5,0,0,0,0,0.0,owlv2
AOI_2_Vegas_img4012,AOI_2_Vegas,AOI_2_Vegas:-11521:3618,test,owlv2,blur_resize,fixed,1.8,0.5,0,0,0,0,0.0,owlv2
AOI_2_Vegas_img4012,AOI_2_Vegas,AOI_2_Vegas:-11521:3618,test,owlv2,blur_resize,fixed,2.4,0.5,0,0,0,0,0.0,owlv2
AOI_2_Vegas_img4012,AOI_2_Vegas,AOI_2_Vegas:-11521:3618,test,owlv2,blur_resize,fixed,3.6,0.5,0,0,0,0,0.0,owlv2
AOI_2_Vegas_img4012,AOI_2_Vegas,AOI_2_Vegas:-11521:3618,test,owlv2,blur_resize,fixed,5.0,0.5,0,0,0,0,0.0,owlv2
AOI_2_Vegas_img4012,AOI_2_Vegas,AOI_2_Vegas:-11521:3618,test,owlv2,blur_resize,fixed,10.0,0.5,0,0,0,0,0.0,owlv2
AOI_2_Vegas_img4113,AOI_2_Vegas,AOI_2_Vegas:-11521:3622,test,owlv2,blur_resize,fixed,0.3,0.5,24,287,41,62,3.0,owlv2
AOI_2_Vegas_img4113,AOI_2_Vegas,AOI_2_Vegas:-11521:3622,test,owlv2,blur_resize,fixed,0.45,0.5,24,112,41,40,2.4,owlv2
AOI_2_Vegas_img4113,AOI_2_Vegas,AOI_2_Vegas:-11521:3622,test,owlv2,blur_resize,fixed,0.6,0.5,23,79,41,37,1.95,owlv2
AOI_2_Vegas_img4113,AOI_2_Vegas,AOI_2_Vegas:-11521:3622,test,owlv2,blur_resize,fixed,0.9,0.5,20,44,41,28,1.65,owlv2
AOI_2_Vegas_img4113,AOI_2_Vegas,AOI_2_Vegas:-11521:3622,test,owlv2,blur_resize,fixed,1.2,0.5,18,37,41,31,1.65,owlv2
AOI_2_Vegas_img4113,AOI_2_Vegas,AOI_2_Vegas:-11521:3622,test,owlv2,blur_resize,fixed,1.8,0.5,19,35,41,23,0.75,owlv2
AOI_2_Vegas_img4113,AOI_2_Vegas,AOI_2_Vegas:-11521:3622,test,owlv2,blur_resize,fixed,2.4,0.5,7,16,41,21,0.5,owlv2
AOI_2_Vegas_img4113,AOI_2_Vegas,AOI_2_Vegas:-11521:3622,test,owlv2,blur_resize,fixed,3.6,0.5,0,0,41,2,0.0,owlv2
AOI_2_Vegas_img4113,AOI_2_Vegas,AOI_2_Vegas:-11521:3622,test,owlv2,blur_resize,fixed,5.0,0.5,0,0,41,0,0.0,owlv2
AOI_2_Vegas_img4113,AOI_2_Vegas,AOI_2_Vegas:-11521:3622,test,owlv2,blur_resize,fixed,10.0,0.5,0,0,41,0,0.0,owlv2
AOI_2_Vegas_img4146,AOI_2_Vegas,AOI_2_Vegas:-11521:3614,test,owlv2,blur_resize,fixed,0.3,0.5,38,269,66,62,4.3,owlv2
AOI_2_Vegas_img4146,AOI_2_Vegas,AOI_2_Vegas:-11521:3614,test,owlv2,blur_resize,fixed,0.45,0.5,28,173,66,49,2.35,owlv2
AOI_2_Vegas_img4146,AOI_2_Vegas,AOI_2_Vegas:-11521:3614,test,owlv2,blur_resize,fixed,0.6,0.5,26,126,66,40,2.0,owlv2
AOI_2_Vegas_img4146,AOI_2_Vegas,AOI_2_Vegas:-11521:3614,test,owlv2,blur_resize,fixed,0.9,0.5,19,133,66,42,3.0,owlv2
AOI_2_Vegas_img4146,AOI_2_Vegas,AOI_2_Vegas:-11521:3614,test,owlv2,blur_resize,fixed,1.2,0.5,14,109,66,43,2.7,owlv2
AOI_2_Vegas_img4146,AOI_2_Vegas,AOI_2_Vegas:-11521:3614,test,owlv2,blur_resize,fixed,1.8,0.5,8,43,66,27,1.3,owlv2
AOI_2_Vegas_img4146,AOI_2_Vegas,AOI_2_Vegas:-11521:3614,test,owlv2,blur_resize,fixed,2.4,0.5,1,6,66,9,0.2,owlv2
AOI_2_Vegas_img4146,AOI_2_Vegas,AOI_2_Vegas:-11521:3614,test,owlv2,blur_resize,fixed,3.6,0.5,0,0,66,0,0.0,owlv2
AOI_2_Vegas_img4146,AOI_2_Vegas,AOI_2_Vegas:-11521:3614,test,owlv2,blur_resize,fixed,5.0,0.5,0,0,66,0,0.0,owlv2
AOI_2_Vegas_img4146,AOI_2_Vegas,AOI_2_Vegas:-11521:3614,test,owlv2,blur_resize,fixed,10.0,0.5,0,0,66,0,0.0,owlv2
AOI_2_Vegas_img4155,AOI_2_Vegas,AOI_2_Vegas:-11521:3615,test,owlv2,blur_resize,fixed,0.3,0.5,0,1,1,4,0.0,owlv2
AOI_2_Vegas_img4155,AOI_2_Vegas,AOI_2_Vegas:-11521:3615,test,owlv2,blur_resize,fixed,0.45,0.5,0,1,1,0,0.0,owlv2
AOI_2_Vegas_img4155,AOI_2_Vegas,AOI_2_Vegas:-11521:3615,test,owlv2,blur_resize,fixed,0.6,0.5,0,0,1,0,0.0,owlv2
AOI_2_Vegas_img4155,AOI_2_Vegas,AOI_2_Vegas:-11521:3615,test,owlv2,blur_resize,fixed,0.9,0.5,0,0,1,0,0.0,owlv2
AOI_2_Vegas_img4155,AOI_2_Vegas,AOI_2_Vegas:-11521:3615,test,owlv2,blur_resize,fixed,1.2,0.5,0,0,1,0,0.0,owlv2
AOI_2_Vegas_img4155,AOI_2_Vegas,AOI_2_Vegas:-11521:3615,test,owlv2,blur_resize,fixed,1.8,0.5,0,0,1,0,0.0,owlv2
AOI_2_Vegas_img4155,AOI_2_Vegas,AOI_2_Vegas:-11521:3615,test,owlv2,blur_resize,fixed,2.4,0.5,0,0,1,0,0.0,owlv2
AOI_2_Vegas_img4155,AOI_2_Vegas,AOI_2_Vegas:-11521:3615,test,owlv2,blur_resize,fixed,3.6,0.5,0,0,1,0,0.0,owlv2
AOI_2_Vegas_img4155,AOI_2_Vegas,AOI_2_Vegas:-11521:3615,test,owlv2,blur_resize,fixed,5.0,0.5,0,0,1,0,0.0,owlv2
AOI_2_Vegas_img4155,AOI_2_Vegas,AOI_2_Vegas:-11521:3615,test,owlv2,blur_resize,fixed,10.0,0.5,0,0,1,0,0.0,owlv2
AOI_2_Vegas_img416,AOI_2_Vegas,AOI_2_Vegas:-11530:3616,test,owlv2,blur_resize,fixed,0.3,0.5,6,329,18,53,1.25,owlv2
AOI_2_Vegas_img416,AOI_2_Vegas,AOI_2_Vegas:-11530:3616,test,owlv2,blur_resize,fixed,0.45,0.5,3,115,18,33,0.7,owlv2
AOI_2_Vegas_img416,AOI_2_Vegas,AOI_2_Vegas:-11530:3616,test,owlv2,blur_resize,fixed,0.6,0.5,4,101,18,29,0.3,owlv2
AOI_2_Vegas_img416,AOI_2_Vegas,AOI_2_Vegas:-11530:3616,test,owlv2,blur_resize,fixed,0.9,0.5,2,72,18,28,0.5,owlv2
AOI_2_Vegas_img416,AOI_2_Vegas,AOI_2_Vegas:-11530:3616,test,owlv2,blur_resize,fixed,1.2,0.5,3,57,18,32,0.2,owlv2
AOI_2_Vegas_img416,AOI_2_Vegas,AOI_2_Vegas:-11530:3616,test,owlv2,blur_resize,fixed,1.8,0.5,2,48,18,19,0.35,owlv2
AOI_2_Vegas_img416,AOI_2_Vegas,AOI_2_Vegas:-11530:3616,test,owlv2,blur_resize,fixed,2.4,0.5,3,22,18,16,0.2,owlv2
AOI_2_Vegas_img416,AOI_2_Vegas,AOI_2_Vegas:-11530:3616,test,owlv2,blur_resize,fixed,3.6,0.5,0,0,18,6,0.0,owlv2
AOI_2_Vegas_img416,AOI_2_Vegas,AOI_2_Vegas:-11530:3616,test,owlv2,blur_resize,fixed,5.0,0.5,0,0,18,0,0.0,owlv2
AOI_2_Vegas_img416,AOI_2_Vegas,AOI_2_Vegas:-11530:3616,test,owlv2,blur_resize,fixed,10.0,0.5,0,0,18,0,0.0,owlv2
AOI_2_Vegas_img4169,AOI_2_Vegas,AOI_2_Vegas:-11521:3618,test,owlv2,blur_resize,fixed,0.3,0.5,0,5,0,0,0.0,owlv2
AOI_2_Vegas_img4169,AOI_2_Vegas,AOI_2_Vegas:-11521:3618,test,owlv2,blur_resize,fixed,0.45,0.5,0,0,0,0,0.0,owlv2
AOI_2_Vegas_img4169,AOI_2_Vegas,AOI_2_Vegas:-11521:3618,test,owlv2,blur_resize,fixed,0.6,0.5,0,0,0,0,0.0,owlv2
AOI_2_Vegas_img4169,AOI_2_Vegas,AOI_2_Vegas:-11521:3618,test,owlv2,blur_resize,fixed,0.9,0.5,0,0,0,0,0.0,owlv2
AOI_2_Vegas_img4169,AOI_2_Vegas,AOI_2_Vegas:-11521:3618,test,owlv2,blur_resize,fixed,1.2,0.5,0,0,0,0,0.0,owlv2
AOI_2_Vegas_img4169,AOI_2_Vegas,AOI_2_Vegas:-11521:3618,test,owlv2,blur_resize,fixed,1.8,0.5,0,0,0,0,0.0,owlv2
AOI_2_Vegas_img4169,AOI_2_Vegas,AOI_2_Vegas:-11521:3618,test,owlv2,blur_resize,fixed,2.4,0.5,0,0,0,0,0.0,owlv2
AOI_2_Vegas_img4169,AOI_2_Vegas,AOI_2_Vegas:-11521:3618,test,owlv2,blur_resize,fixed,3.6,0.5,0,0,0,0,0.0,owlv2
AOI_2_Vegas_img4169,AOI_2_Vegas,AOI_2_Vegas:-11521:3618,test,owlv2,blur_resize,fixed,5.0,0.5,0,0,0,0,0.0,owlv2
AOI_2_Vegas_img4169,AOI_2_Vegas,AOI_2_Vegas:-11521:3618,test,owlv2,blur_resize,fixed,10.0,0.5,0,0,0,0,0.0,owlv2
AOI_2_Vegas_img4176,AOI_2_Vegas,AOI_2_Vegas:-11521:3619,test,owlv2,blur_resize,fixed,0.3,0.5,42,353,63,91,5.25,owlv2
AOI_2_Vegas_img4176,AOI_2_Vegas,AOI_2_Vegas:-11521:3619,test,owlv2,blur_resize,fixed,0.45,0.5,37,177,63,50,3.75,owlv2
AOI_2_Vegas_img4176,AOI_2_Vegas,AOI_2_Vegas:-11521:3619,test,owlv2,blur_resize,fixed,0.6,0.5,31,101,63,37,2.6,owlv2
AOI_2_Vegas_img4176,AOI_2_Vegas,AOI_2_Vegas:-11521:3619,test,owlv2,blur_resize,fixed,0.9,0.5,21,60,63,35,1.6,owlv2
AOI_2_Vegas_img4176,AOI_2_Vegas,AOI_2_Vegas:-11521:3619,test,owlv2,blur_resize,fixed,1.2,0.5,13,40,63,32,1.4,owlv2
AOI_2_Vegas_img4176,AOI_2_Vegas,AOI_2_Vegas:-11521:3619,test,owlv2,blur_resize,fixed,1.8,0.5,9,22,63,14,0.65,owlv2
AOI_2_Vegas_img4176,AOI_2_Vegas,AOI_2_Vegas:-11521:3619,test,owlv2,blur_resize,fixed,2.4,0.5,5,8,63,8,0.15,owlv2
AOI_2_Vegas_img4176,AOI_2_Vegas,AOI_2_Vegas:-11521:3619,test,owlv2,blur_resize,fixed,3.6,0.5,0,0,63,1,0.0,owlv2
AOI_2_Vegas_img4176,AOI_2_Vegas,AOI_2_Vegas:-11521:3619,test,owlv2,blur_resize,fixed,5.0,0.5,0,0,63,0,0.0,owlv2
AOI_2_Vegas_img4176,AOI_2_Vegas,AOI_2_Vegas:-11521:3619,test,owlv2,blur_resize,fixed,10.0,0.5,0,0,63,0,0.0,owlv2
AOI_2_Vegas_img4187,AOI_2_Vegas,AOI_2_Vegas:-11521:3621,test,owlv2,blur_resize,fixed,0.3,0.5,0,1,0,0,0.0,owlv2
AOI_2_Vegas_img4187,AOI_2_Vegas,AOI_2_Vegas:-11521:3621,test,owlv2,blur_resize,fixed,0.45,0.5,0,0,0,0,0.0,owlv2
AOI_2_Vegas_img4187,AOI_2_Vegas,AOI_2_Vegas:-11521:3621,test,owlv2,blur_resize,fixed,0.6,0.5,0,0,0,0,0.0,owlv2
AOI_2_Vegas_img4187,AOI_2_Vegas,AOI_2_Vegas:-11521:3621,test,owlv2,blur_resize,fixed,0.9,0.5,0,0,0,0,0.0,owlv2
AOI_2_Vegas_img4187,AOI_2_Vegas,AOI_2_Vegas:-11521:3621,test,owlv2,blur_resize,fixed,1.2,0.5,0,0,0,0,0.0,owlv2
AOI_2_Vegas_img4187,AOI_2_Vegas,AOI_2_Vegas:-11521:3621,test,owlv2,blur_resize,fixed,1.8,0.5,0,0,0,0,0.0,owlv2
AOI_2_Vegas_img4187,AOI_2_Vegas,AOI_2_Vegas:-11521:3621,test,owlv2,blur_resize,fixed,2.4,0.5,0,0,0,0,0.0,owlv2
AOI_2_Vegas_img4187,AOI_2_Vegas,AOI_2_Vegas:-11521:3621,test,owlv2,blur_resize,fixed,3.6,0.5,0,0,0,0,0.0,owlv2
AOI_2_Vegas_img4187,AOI_2_Vegas,AOI_2_Vegas:-11521:3621,test,owlv2,blur_resize,fixed,5.0,0.5,0,0,0,0,0.0,owlv2
AOI_2_Vegas_img4187,AOI_2_Vegas,AOI_2_Vegas:-11521:3621,test,owlv2,blur_resize,fixed,10.0,0.5,0,0,0,0,0.0,owlv2
AOI_2_Vegas_img4206,AOI_2_Vegas,AOI_2_Vegas:-11521:3624,test,owlv2,blur_resize,fixed,0.3,0.5,24,269,47,50,2.9,owlv2
AOI_2_Vegas_img4206,AOI_2_Vegas,AOI_2_Vegas:-11521:3624,test,owlv2,blur_resize,fixed,0.45,0.5,21,162,47,45,2.8,owlv2
AOI_2_Vegas_img4206,AOI_2_Vegas,AOI_2_Vegas:-11521:3624,test,owlv2,blur_resize,fixed,0.6,0.5,18,136,47,42,2.85,owlv2
AOI_2_Vegas_img4206,AOI_2_Vegas,AOI_2_Vegas:-11521:3624,test,owlv2,blur_resize,fixed,0.9,0.5,16,119,47,49,2.1,owlv2
AOI_2_Vegas_img4206,AOI_2_Vegas,AOI_2_Vegas:-11521:3624,test,owlv2,blur_resize,fixed,1.2,0.5,11,86,47,50,2.3,owlv2
AOI_2_Vegas_img4206,AOI_2_Vegas,AOI_2_Vegas:-11521:3624,test,owlv2,blur_resize,fixed,1.8,0.5,8,38,47,37,0.75,owlv2
AOI_2_Vegas_img4206,AOI_2_Vegas,AOI_2_Vegas:-11521:3624,test,owlv2,blur_resize,fixed,2.4,0.5,10,18,47,22,0.8,owlv2
AOI_2_Vegas_img4206,AOI_2_Vegas,AOI_2_Vegas:-11521:3624,test,owlv2,blur_resize,fixed,3.6,0.5,1,1,47,17,0.0,owlv2
AOI_2_Vegas_img4206,AOI_2_Vegas,AOI_2_Vegas:-11521:3624,test,owlv2,blur_resize,fixed,5.0,0.5,0,0,47,5,0.0,owlv2
AOI_2_Vegas_img4206,AOI_2_Vegas,AOI_2_Vegas:-11521:3624,test,owlv2,blur_resize,fixed,10.0,0.5,0,0,47,0,0.0,owlv2
AOI_2_Vegas_img4218,AOI_2_Vegas,AOI_2_Vegas:-11520:3612,test,owlv2,blur_resize,fixed,0.3,0.5,10,92,26,30,0.35,owlv2
AOI_2_Vegas_img4218,AOI_2_Vegas,AOI_2_Vegas:-11520:3612,test,owlv2,blur_resize,fixed,0.45,0.5,2,22,26,18,0.05,owlv2
AOI_2_Vegas_img4218,AOI_2_Vegas,AOI_2_Vegas:-11520:3612,test,owlv2,blur_resize,fixed,0.6,0.5,2,6,26,12,0.0,owlv2
AOI_2_Vegas_img4218,AOI_2_Vegas,AOI_2_Vegas:-11520:3612,test,owlv2,blur_resize,fixed,0.9,0.5,0,7,26,12,0.0,owlv2
AOI_2_Vegas_img4218,AOI_2_Vegas,AOI_2_Vegas:-11520:3612,test,owlv2,blur_resize,fixed,1.2,0.5,0,11,26,13,0.05,owlv2
AOI_2_Vegas_img4218,AOI_2_Vegas,AOI_2_Vegas:-11520:3612,test,owlv2,blur_resize,fixed,1.8,0.5,0,0,26,13,0.0,owlv2
AOI_2_Vegas_img4218,AOI_2_Vegas,AOI_2_Vegas:-11520:3612,test,owlv2,blur_resize,fixed,2.4,0.5,0,0,26,6,0.0,owlv2
AOI_2_Vegas_img4218,AOI_2_Vegas,AOI_2_Vegas:-11520:3612,test,owlv2,blur_resize,fixed,3.6,0.5,0,0,26,2,0.0,owlv2
AOI_2_Vegas_img4218,AOI_2_Vegas,AOI_2_Vegas:-11520:3612,test,owlv2,blur_resize,fixed,5.0,0.5,0,0,26,4,0.0,owlv2
AOI_2_Vegas_img4218,AOI_2_Vegas,AOI_2_Vegas:-11520:3612,test,owlv2,blur_resize,fixed,10.0,0.5,0,0,26,2,0.0,owlv2
AOI_2_Vegas_img4238,AOI_2_Vegas,AOI_2_Vegas:-11520:3616,test,owlv2,blur_resize,fixed,0.3,0.5,43,330,77,59,4.35,owlv2
AOI_2_Vegas_img4238,AOI_2_Vegas,AOI_2_Vegas:-11520:3616,test,owlv2,blur_resize,fixed,0.45,0.5,29,124,77,39,1.9,owlv2
AOI_2_Vegas_img4238,AOI_2_Vegas,AOI_2_Vegas:-11520:3616,test,owlv2,blur_resize,fixed,0.6,0.5,23,78,77,37,1.3,owlv2
AOI_2_Vegas_img4238,AOI_2_Vegas,AOI_2_Vegas:-11520:3616,test,owlv2,blur_resize,fixed,0.9,0.5,16,54,77,32,0.8,owlv2
AOI_2_Vegas_img4238,AOI_2_Vegas,AOI_2_Vegas:-11520:3616,test,owlv2,blur_resize,fixed,1.2,0.5,18,56,77,24,0.75,owlv2
AOI_2_Vegas_img4238,AOI_2_Vegas,AOI_2_Vegas:-11520:3616,test,owlv2,blur_resize,fixed,1.8,0.5,13,31,77,24,0.5,owlv2
AOI_2_Vegas_img4238,AOI_2_Vegas,AOI_2_Vegas:-11520:3616,test,owlv2,blur_resize,fixed,2.4,0.5,0,1,77,0,0.0,owlv2
AOI_2_Vegas_img4238,AOI_2_Vegas,AOI_2_Vegas:-11520:3616,test,owlv2,blur_resize,fixed,3.6,0.5,0,0,77,0,0.0,owlv2
AOI_2_Vegas_img4238,AOI_2_Vegas,AOI_2_Vegas:-11520:3616,test,owlv2,blur_resize,fixed,5.0,0.5,0,0,77,0,0.0,owlv2
AOI_2_Vegas_img4238,AOI_2_Vegas,AOI_2_Vegas:-11520:3616,test,owlv2,blur_resize,fixed,10.0,0.5,0,0,77,0,0.0,owlv2
AOI_2_Vegas_img4249,AOI_2_Vegas,AOI_2_Vegas:-11520:3618,test,owlv2,blur_resize,fixed,0.3,0.5,0,47,1,24,0.0,owlv2
AOI_2_Vegas_img4249,AOI_2_Vegas,AOI_2_Vegas:-11520:3618,test,owlv2,blur_resize,fixed,0.45,0.5,0,32,1,17,0.0,owlv2
AOI_2_Vegas_img4249,AOI_2_Vegas,AOI_2_Vegas:-11520:3618,test,owlv2,blur_resize,fixed,0.6,0.5,0,27,1,15,0.0,owlv2
AOI_2_Vegas_img4249,AOI_2_Vegas,AOI_2_Vegas:-11520:3618,test,owlv2,blur_resize,fixed,0.9,0.5,0,16,1,11,0.0,owlv2
AOI_2_Vegas_img4249,AOI_2_Vegas,AOI_2_Vegas:-11520:3618,test,owlv2,blur_resize,fixed,1.2,0.5,0,8,1,10,0.0,owlv2
AOI_2_Vegas_img4249,AOI_2_Vegas,AOI_2_Vegas:-11520:3618,test,owlv2,blur_resize,fixed,1.8,0.5,0,3,1,8,0.0,owlv2
AOI_2_Vegas_img4249,AOI_2_Vegas,AOI_2_Vegas:-11520:3618,test,owlv2,blur_resize,fixed,2.4,0.5,0,0,1,9,0.0,owlv2
AOI_2_Vegas_img4249,AOI_2_Vegas,AOI_2_Vegas:-11520:3618,test,owlv2,blur_resize,fixed,3.6,0.5,0,0,1,3,0.0,owlv2
AOI_2_Vegas_img4249,AOI_2_Vegas,AOI_2_Vegas:-11520:3618,test,owlv2,blur_resize,fixed,5.0,0.5,0,0,1,2,0.0,owlv2
AOI_2_Vegas_img4249,AOI_2_Vegas,AOI_2_Vegas:-11520:3618,test,owlv2,blur_resize,fixed,10.0,0.5,0,0,1,0,0.0,owlv2
AOI_2_Vegas_img4264,AOI_2_Vegas,AOI_2_Vegas:-11520:3620,test,owlv2,blur_resize,fixed,0.3,0.5,0,20,7,9,0.0,owlv2
AOI_2_Vegas_img4264,AOI_2_Vegas,AOI_2_Vegas:-11520:3620,test,owlv2,blur_resize,fixed,0.45,0.5,0,5,7,3,0.0,owlv2
AOI_2_Vegas_img4264,AOI_2_Vegas,AOI_2_Vegas:-11520:3620,test,owlv2,blur_resize,fixed,0.6,0.5,0,5,7,3,0.0,owlv2
AOI_2_Vegas_img4264,AOI_2_Vegas,AOI_2_Vegas:-11520:3620,test,owlv2,blur_resize,fixed,0.9,0.5,0,9,7,6,0.0,owlv2
AOI_2_Vegas_img4264,AOI_2_Vegas,AOI_2_Vegas:-11520:3620,test,owlv2,blur_resize,fixed,1.2,0.5,0,3,7,4,0.0,owlv2
AOI_2_Vegas_img4264,AOI_2_Vegas,AOI_2_Vegas:-11520:3620,test,owlv2,blur_resize,fixed,1.8,0.5,1,4,7,7,0.0,owlv2
AOI_2_Vegas_img4264,AOI_2_Vegas,AOI_2_Vegas:-11520:3620,test,owlv2,blur_resize,fixed,2.4,0.5,0,2,7,7,0.0,owlv2
AOI_2_Vegas_img4264,AOI_2_Vegas,AOI_2_Vegas:-11520:3620,test,owlv2,blur_resize,fixed,3.6,0.5,0,1,7,5,0.0,owlv2
AOI_2_Vegas_img4264,AOI_2_Vegas,AOI_2_Vegas:-11520:3620,test,owlv2,blur_resize,fixed,5.0,0.5,0,0,7,0,0.0,owlv2
AOI_2_Vegas_img4264,AOI_2_Vegas,AOI_2_Vegas:-11520:3620,test,owlv2,blur_resize,fixed,10.0,0.5,0,0,7,0,0.0,owlv2
AOI_2_Vegas_img4266,AOI_2_Vegas,AOI_2_Vegas:-11520:3621,test,owlv2,blur_resize,fixed,0.3,0.5,0,1,0,0,0.0,owlv2
AOI_2_Vegas_img4266,AOI_2_Vegas,AOI_2_Vegas:-11520:3621,test,owlv2,blur_resize,fixed,0.45,0.5,0,0,0,0,0.0,owlv2
AOI_2_Vegas_img4266,AOI_2_Vegas,AOI_2_Vegas:-11520:3621,test,owlv2,blur_resize,fixed,0.6,0.5,0,0,0,0,0.0,owlv2
AOI_2_Vegas_img4266,AOI_2_Vegas,AOI_2_Vegas:-11520:3621,test,owlv2,blur_resize,fixed,0.9,0.5,0,0,0,0,0.0,owlv2
AOI_2_Vegas_img4266,AOI_2_Vegas,AOI_2_Vegas:-11520:3621,test,owlv2,blur_resize,fixed,1.2,0.5,0,0,0,0,0.0,owlv2
AOI_2_Vegas_img4266,AOI_2_Vegas,AOI_2_Vegas:-11520:3621,test,owlv2,blur_resize,fixed,1.8,0.5,0,0,0,0,0.0,owlv2
AOI_2_Vegas_img4266,AOI_2_Vegas,AOI_2_Vegas:-11520:3621,test,owlv2,blur_resize,fixed,2.4,0.5,0,0,0,0,0.0,owlv2
AOI_2_Vegas_img4266,AOI_2_Vegas,AOI_2_Vegas:-11520:3621,test,owlv2,blur_resize,fixed,3.6,0.5,0,0,0,0,0.0,owlv2
AOI_2_Vegas_img4266,AOI_2_Vegas,AOI_2_Vegas:-11520:3621,test,owlv2,blur_resize,fixed,5.0,0.5,0,0,0,0,0.0,owlv2
AOI_2_Vegas_img4266,AOI_2_Vegas,AOI_2_Vegas:-11520:3621,test,owlv2,blur_resize,fixed,10.0,0.5,0,0,0,0,0.0,owlv2
AOI_2_Vegas_img4279,AOI_2_Vegas,AOI_2_Vegas:-11520:3623,test,owlv2,blur_resize,fixed,0.3,0.5,35,333,58,63,4.65,owlv2
AOI_2_Vegas_img4279,AOI_2_Vegas,AOI_2_Vegas:-11520:3623,test,owlv2,blur_resize,fixed,0.45,0.5,30,141,58,40,3.25,owlv2
AOI_2_Vegas_img4279,AOI_2_Vegas,AOI_2_Vegas:-11520:3623,test,owlv2,blur_resize,fixed,0.6,0.5,23,79,58,23,2.1,owlv2
AOI_2_Vegas_img4279,AOI_2_Vegas,AOI_2_Vegas:-11520:3623,test,owlv2,blur_resize,fixed,0.9,0.5,17,67,58,26,1.05,owlv2
AOI_2_Vegas_img4279,AOI_2_Vegas,AOI_2_Vegas:-11520:3623,test,owlv2,blur_resize,fixed,1.2,0.5,14,61,58,27,1.3,owlv2
AOI_2_Vegas_img4279,AOI_2_Vegas,AOI_2_Vegas:-11520:3623,test,owlv2,blur_resize,fixed,1.8,0.5,6,38,58,27,0.9,owlv2
AOI_2_Vegas_img4279,AOI_2_Vegas,AOI_2_Vegas:-11520:3623,test,owlv2,blur_resize,fixed,2.4,0.5,3,25,58,12,0.4,owlv2
AOI_2_Vegas_img4279,AOI_2_Vegas,AOI_2_Vegas:-11520:3623,test,owlv2,blur_resize,fixed,3.6,0.5,0,0,58,0,0.0,owlv2
AOI_2_Vegas_img4279,AOI_2_Vegas,AOI_2_Vegas:-11520:3623,test,owlv2,blur_resize,fixed,5.0,0.5,0,0,58,0,0.0,owlv2
AOI_2_Vegas_img4279,AOI_2_Vegas,AOI_2_Vegas:-11520:3623,test,owlv2,blur_resize,fixed,10.0,0.5,0,0,58,0,0.0,owlv2
AOI_2_Vegas_img4287,AOI_2_Vegas,AOI_2_Vegas:-11520:3625,test,owlv2,blur_resize,fixed,0.3,0.5,32,318,56,53,4.7,owlv2
AOI_2_Vegas_img4287,AOI_2_Vegas,AOI_2_Vegas:-11520:3625,test,owlv2,blur_resize,fixed,0.45,0.5,26,156,56,35,3.6,owlv2
AOI_2_Vegas_img4287,AOI_2_Vegas,AOI_2_Vegas:-11520:3625,test,owlv2,blur_resize,fixed,0.6,0.5,19,110,56,24,2.95,owlv2
AOI_2_Vegas_img4287,AOI_2_Vegas,AOI_2_Vegas:-11520:3625,test,owlv2,blur_resize,fixed,0.9,0.5,10,43,56,13,0.85,owlv2
AOI_2_Vegas_img4287,AOI_2_Vegas,AOI_2_Vegas:-11520:3625,test,owlv2,blur_resize,fixed,1.2,0.5,8,44,56,14,1.75,owlv2
AOI_2_Vegas_img4287,AOI_2_Vegas,AOI_2_Vegas:-11520:3625,test,owlv2,blur_resize,fixed,1.8,0.5,5,18,56,22,0.55,owlv2
AOI_2_Vegas_img4287,AOI_2_Vegas,AOI_2_Vegas:-11520:3625,test,owlv2,blur_resize,fixed,2.4,0.5,1,1,56,1,0.0,owlv2
AOI_2_Vegas_img4287,AOI_2_Vegas,AOI_2_Vegas:-11520:3625,test,owlv2,blur_resize,fixed,3.6,0.5,0,0,56,1,0.0,owlv2
AOI_2_Vegas_img4287,AOI_2_Vegas,AOI_2_Vegas:-11520:3625,test,owlv2,blur_resize,fixed,5.0,0.5,0,0,56,1,0.0,owlv2
AOI_2_Vegas_img4287,AOI_2_Vegas,AOI_2_Vegas:-11520:3625,test,owlv2,blur_resize,fixed,10.0,0.5,0,0,56,0,0.0,owlv2
AOI_2_Vegas_img4316,AOI_2_Vegas,AOI_2_Vegas:-11520:3616,test,owlv2,blur_resize,fixed,0.3,0.5,34,334,57,57,3.25,owlv2
AOI_2_Vegas_img4316,AOI_2_Vegas,AOI_2_Vegas:-11520:3616,test,owlv2,blur_resize,fixed,0.45,0.5,24,107,57,45,1.85,owlv2
AOI_2_Vegas_img4316,AOI_2_Vegas,AOI_2_Vegas:-11520:3616,test,owlv2,blur_resize,fixed,0.6,0.5,17,67,57,39,1.2,owlv2
AOI_2_Vegas_img4316,AOI_2_Vegas,AOI_2_Vegas:-11520:3616,test,owlv2,blur_resize,fixed,0.9,0.5,14,69,57,38,0.95,owlv2
AOI_2_Vegas_img4316,AOI_2_Vegas,AOI_2_Vegas:-11520:3616,test,owlv2,blur_resize,fixed,1.2,0.5,15,61,57,29,1.55,owlv2
AOI_2_Vegas_img4316,AOI_2_Vegas,AOI_2_Vegas:-11520:3616,test,owlv2,blur_resize,fixed,1.8,0.5,13,24,57,10,0.65,owlv2
AOI_2_Vegas_img4316,AOI_2_Vegas,AOI_2_Vegas:-11520:3616,test,owlv2,blur_resize,fixed,2.4,0.5,0,0,57,0,0.0,owlv2
AOI_2_Vegas_img4316,AOI_2_Vegas,AOI_2_Vegas:-11520:3616,test,owlv2,blur_resize,fixed,3.6,0.5,0,0,57,0,0.0,owlv2
AOI_2_Vegas_img4316,AOI_2_Vegas,AOI_2_Vegas:-11520:3616,test,owlv2,blur_resize,fixed,5.0,0.5,0,0,57,0,0.0,owlv2
AOI_2_Vegas_img4316,AOI_2_Vegas,AOI_2_Vegas:-11520:3616,test,owlv2,blur_resize,fixed,10.0,0.5,0,0,57,0,0.0,owlv2
AOI_2_Vegas_img4325,AOI_2_Vegas,AOI_2_Vegas:-11520:3617,test,owlv2,blur_resize,fixed,0.3,0.5,27,243,57,42,4.5,owlv2
AOI_2_Vegas_img4325,AOI_2_Vegas,AOI_2_Vegas:-11520:3617,test,owlv2,blur_resize,fixed,0.45,0.5,17,120,57,40,2.25,owlv2
AOI_2_Vegas_img4325,AOI_2_Vegas,AOI_2_Vegas:-11520:3617,test,owlv2,blur_resize,fixed,0.6,0.5,13,81,57,38,1.7,owlv2
AOI_2_Vegas_img4325,AOI_2_Vegas,AOI_2_Vegas:-11520:3617,test,owlv2,blur_resize,fixed,0.9,0.5,11,65,57,37,1.7,owlv2
AOI_2_Vegas_img4325,AOI_2_Vegas,AOI_2_Vegas:-11520:3617,test,owlv2,blur_resize,fixed,1.2,0.5,8,48,57,32,1.1,owlv2
AOI_2_Vegas_img4325,AOI_2_Vegas,AOI_2_Vegas:-11520:3617,test,owlv2,blur_resize,fixed,1.8,0.5,3,22,57,22,0.55,owlv2
AOI_2_Vegas_img4325,AOI_2_Vegas,AOI_2_Vegas:-11520:3617,test,owlv2,blur_resize,fixed,2.4,0.5,0,3,57,8,0.15,owlv2
AOI_2_Vegas_img4325,AOI_2_Vegas,AOI_2_Vegas:-11520:3617,test,owlv2,blur_resize,fixed,3.6,0.5,0,0,57,0,0.0,owlv2
AOI_2_Vegas_img4325,AOI_2_Vegas,AOI_2_Vegas:-11520:3617,test,owlv2,blur_resize,fixed,5.0,0.5,0,0,57,0,0.0,owlv2
AOI_2_Vegas_img4325,AOI_2_Vegas,AOI_2_Vegas:-11520:3617,test,owlv2,blur_resize,fixed,10.0,0.5,0,0,57,0,0.0,owlv2
AOI_2_Vegas_img4329,AOI_2_Vegas,AOI_2_Vegas:-11520:3618,test,owlv2,blur_resize,fixed,0.3,0.5,0,6,0,0,0.0,owlv2
AOI_2_Vegas_img4329,AOI_2_Vegas,AOI_2_Vegas:-11520:3618,test,owlv2,blur_resize,fixed,0.45,0.5,0,0,0,0,0.0,owlv2
AOI_2_Vegas_img4329,AOI_2_Vegas,AOI_2_Vegas:-11520:3618,test,owlv2,blur_resize,fixed,0.6,0.5,0,0,0,0,0.0,owlv2
AOI_2_Vegas_img4329,AOI_2_Vegas,AOI_2_Vegas:-11520:3618,test,owlv2,blur_resize,fixed,0.9,0.5,0,0,0,0,0.0,owlv2
AOI_2_Vegas_img4329,AOI_2_Vegas,AOI_2_Vegas:-11520:3618,test,owlv2,blur_resize,fixed,1.2,0.5,0,0,0,0,0.0,owlv2
AOI_2_Vegas_img4329,AOI_2_Vegas,AOI_2_Vegas:-11520:3618,test,owlv2,blur_resize,fixed,1.8,0.5,0,0,0,0,0.0,owlv2
AOI_2_Vegas_img4329,AOI_2_Vegas,AOI_2_Vegas:-11520:3618,test,owlv2,blur_resize,fixed,2.4,0.5,0,0,0,0,0.0,owlv2
AOI_2_Vegas_img4329,AOI_2_Vegas,AOI_2_Vegas:-11520:3618,test,owlv2,blur_resize,fixed,3.6,0.5,0,0,0,0,0.0,owlv2
AOI_2_Vegas_img4329,AOI_2_Vegas,AOI_2_Vegas:-11520:3618,test,owlv2,blur_resize,fixed,5.0,0.5,0,0,0,0,0.0,owlv2
AOI_2_Vegas_img4329,AOI_2_Vegas,AOI_2_Vegas:-11520:3618,test,owlv2,blur_resize,fixed,10.0,0.5,0,0,0,0,0.0,owlv2
AOI_2_Vegas_img4331,AOI_2_Vegas,AOI_2_Vegas:-11520:3618,test,owlv2,blur_resize,fixed,0.3,0.5,12,89,23,48,0.4,owlv2
AOI_2_Vegas_img4331,AOI_2_Vegas,AOI_2_Vegas:-11520:3618,test,owlv2,blur_resize,fixed,0.45,0.5,7,52,23,40,0.25,owlv2
AOI_2_Vegas_img4331,AOI_2_Vegas,AOI_2_Vegas:-11520:3618,test,owlv2,blur_resize,fixed,0.6,0.5,7,39,23,38,0.25,owlv2
AOI_2_Vegas_img4331,AOI_2_Vegas,AOI_2_Vegas:-11520:3618,test,owlv2,blur_resize,fixed,0.9,0.5,8,39,23,39,0.4,owlv2
AOI_2_Vegas_img4331,AOI_2_Vegas,AOI_2_Vegas:-11520:3618,test,owlv2,blur_resize,fixed,1.2,0.5,5,36,23,45,0.25,owlv2
AOI_2_Vegas_img4331,AOI_2_Vegas,AOI_2_Vegas:-11520:3618,test,owlv2,blur_resize,fixed,1.8,0.5,5,26,23,36,0.4,owlv2
AOI_2_Vegas_img4331,AOI_2_Vegas,AOI_2_Vegas:-11520:3618,test,owlv2,blur_resize,fixed,2.4,0.5,2,19,23,35,0.2,owlv2
AOI_2_Vegas_img4331,AOI_2_Vegas,AOI_2_Vegas:-11520:3618,test,owlv2,blur_resize,fixed,3.6,0.5,0,1,23,22,0.05,owlv2
AOI_2_Vegas_img4331,AOI_2_Vegas,AOI_2_Vegas:-11520:3618,test,owlv2,blur_resize,fixed,5.0,0.5,0,0,23,5,0.0,owlv2
AOI_2_Vegas_img4331,AOI_2_Vegas,AOI_2_Vegas:-11520:3618,test,owlv2,blur_resize,fixed,10.0,0.5,0,0,23,0,0.0,owlv2
AOI_2_Vegas_img4337,AOI_2_Vegas,AOI_2_Vegas:-11520:3619,test,owlv2,blur_resize,fixed,0.3,0.5,6,196,25,56,0.3,owlv2
AOI_2_Vegas_img4337,AOI_2_Vegas,AOI_2_Vegas:-11520:3619,test,owlv2,blur_resize,fixed,0.45,0.5,4,64,25,35,0.15,owlv2
AOI_2_Vegas_img4337,AOI_2_Vegas,AOI_2_Vegas:-11520:3619,test,owlv2,blur_resize,fixed,0.6,0.5,6,71,25,36,0.0,owlv2
AOI_2_Vegas_img4337,AOI_2_Vegas,AOI_2_Vegas:-11520:3619,test,owlv2,blur_resize,fixed,0.9,0.5,3,41,25,28,0.1,owlv2
AOI_2_Vegas_img4337,AOI_2_Vegas,AOI_2_Vegas:-11520:3619,test,owlv2,blur_resize,fixed,1.2,0.5,3,29,25,24,0.1,owlv2
AOI_2_Vegas_img4337,AOI_2_Vegas,AOI_2_Vegas:-11520:3619,test,owlv2,blur_resize,fixed,1.8,0.5,2,32,25,30,0.0,owlv2
AOI_2_Vegas_img4337,AOI_2_Vegas,AOI_2_Vegas:-11520:3619,test,owlv2,blur_resize,fixed,2.4,0.5,2,15,25,27,0.0,owlv2
AOI_2_Vegas_img4337,AOI_2_Vegas,AOI_2_Vegas:-11520:3619,test,owlv2,blur_resize,fixed,3.6,0.5,0,0,25,8,0.0,owlv2
AOI_2_Vegas_img4337,AOI_2_Vegas,AOI_2_Vegas:-11520:3619,test,owlv2,blur_resize,fixed,5.0,0.5,0,0,25,0,0.0,owlv2
AOI_2_Vegas_img4337,AOI_2_Vegas,AOI_2_Vegas:-11520:3619,test,owlv2,blur_resize,fixed,10.0,0.5,0,0,25,0,0.0,owlv2
AOI_2_Vegas_img4353,AOI_2_Vegas,AOI_2_Vegas:-11520:3622,test,owlv2,blur_resize,fixed,0.3,0.5,16,150,23,39,1.45,owlv2
AOI_2_Vegas_img4353,AOI_2_Vegas,AOI_2_Vegas:-11520:3622,test,owlv2,blur_resize,fixed,0.45,0.5,14,80,23,30,0.9,owlv2
AOI_2_Vegas_img4353,AOI_2_Vegas,AOI_2_Vegas:-11520:3622,test,owlv2,blur_resize,fixed,0.6,0.5,12,60,23,29,0.85,owlv2
AOI_2_Vegas_img4353,AOI_2_Vegas,AOI_2_Vegas:-11520:3622,test,owlv2,blur_resize,fixed,0.9,0.5,11,41,23,24,1.05,owlv2
AOI_2_Vegas_img4353,AOI_2_Vegas,AOI_2_Vegas:-11520:3622,test,owlv2,blur_resize,fixed,1.2,0.5,11,34,23,29,0.75,owlv2
AOI_2_Vegas_img4353,AOI_2_Vegas,AOI_2_Vegas:-11520:3622,test,owlv2,blur_resize,fixed,1.8,0.5,8,16,23,32,0.2,owlv2
AOI_2_Vegas_img4353,AOI_2_Vegas,AOI_2_Vegas:-11520:3622,test,owlv2,blur_resize,fixed,2.4,0.5,7,10,23,25,0.0,owlv2
AOI_2_Vegas_img4353,AOI_2_Vegas,AOI_2_Vegas:-11520:3622,test,owlv2,blur_resize,fixed,3.6,0.5,0,0,23,1,0.0,owlv2
AOI_2_Vegas_img4353,AOI_2_Vegas,AOI_2_Vegas:-11520:3622,test,owlv2,blur_resize,fixed,5.0,0.5,0,0,23,2,0.0,owlv2
AOI_2_Vegas_img4353,AOI_2_Vegas,AOI_2_Vegas:-11520:3622,test,owlv2,blur_resize,fixed,10.0,0.5,0,0,23,0,0.0,owlv2
AOI_2_Vegas_img4369,AOI_2_Vegas,AOI_2_Vegas:-11520:3625,test,owlv2,blur_resize,fixed,0.3,0.5,23,141,45,43,1.75,owlv2
AOI_2_Vegas_img4369,AOI_2_Vegas,AOI_2_Vegas:-11520:3625,test,owlv2,blur_resize,fixed,0.45,0.5,19,101,45,44,1.55,owlv2
AOI_2_Vegas_img4369,AOI_2_Vegas,AOI_2_Vegas:-11520:3625,test,owlv2,blur_resize,fixed,0.6,0.5,18,64,45,35,1.2,owlv2
AOI_2_Vegas_img4369,AOI_2_Vegas,AOI_2_Vegas:-11520:3625,test,owlv2,blur_resize,fixed,0.9,0.5,20,49,45,36,0.75,owlv2
AOI_2_Vegas_img4369,AOI_2_Vegas,AOI_2_Vegas:-11520:3625,test,owlv2,blur_resize,fixed,1.2,0.5,20,54,45,31,1.25,owlv2
AOI_2_Vegas_img4369,AOI_2_Vegas,AOI_2_Vegas:-11520:3625,test,owlv2,blur_resize,fixed,1.8,0.5,7,29,45,15,0.55,owlv2
AOI_2_Vegas_img4369,AOI_2_Vegas,AOI_2_Vegas:-11520:3625,test,owlv2,blur_resize,fixed,2.4,0.5,3,8,45,6,0.1,owlv2
AOI_2_Vegas_img4369,AOI_2_Vegas,AOI_2_Vegas:-11520:3625,test,owlv2,blur_resize,fixed,3.6,0.5,0,0,45,0,0.0,owlv2
AOI_2_Vegas_img4369,AOI_2_Vegas,AOI_2_Vegas:-11520:3625,test,owlv2,blur_resize,fixed,5.0,0.5,0,0,45,0,0.0,owlv2
AOI_2_Vegas_img4369,AOI_2_Vegas,AOI_2_Vegas:-11520:3625,test,owlv2,blur_resize,fixed,10.0,0.5,0,0,45,0,0.0,owlv2
AOI_2_Vegas_img4402,AOI_2_Vegas,AOI_2_Vegas:-11520:3617,test,owlv2,blur_resize,fixed,0.3,0.5,0,11,0,5,0.0,owlv2
AOI_2_Vegas_img4402,AOI_2_Vegas,AOI_2_Vegas:-11520:3617,test,owlv2,blur_resize,fixed,0.45,0.5,0,0,0,2,0.0,owlv2
AOI_2_Vegas_img4402,AOI_2_Vegas,AOI_2_Vegas:-11520:3617,test,owlv2,blur_resize,fixed,0.6,0.5,0,0,0,2,0.0,owlv2
AOI_2_Vegas_img4402,AOI_2_Vegas,AOI_2_Vegas:-11520:3617,test,owlv2,blur_resize,fixed,0.9,0.5,0,0,0,1,0.0,owlv2
AOI_2_Vegas_img4402,AOI_2_Vegas,AOI_2_Vegas:-11520:3617,test,owlv2,blur_resize,fixed,1.2,0.5,0,1,0,1,0.0,owlv2
AOI_2_Vegas_img4402,AOI_2_Vegas,AOI_2_Vegas:-11520:3617,test,owlv2,blur_resize,fixed,1.8,0.5,0,1,0,1,0.0,owlv2
AOI_2_Vegas_img4402,AOI_2_Vegas,AOI_2_Vegas:-11520:3617,test,owlv2,blur_resize,fixed,2.4,0.5,0,1,0,1,0.0,owlv2
AOI_2_Vegas_img4402,AOI_2_Vegas,AOI_2_Vegas:-11520:3617,test,owlv2,blur_resize,fixed,3.6,0.5,0,0,0,0,0.0,owlv2
AOI_2_Vegas_img4402,AOI_2_Vegas,AOI_2_Vegas:-11520:3617,test,owlv2,blur_resize,fixed,5.0,0.5,0,0,0,2,0.0,owlv2
AOI_2_Vegas_img4402,AOI_2_Vegas,AOI_2_Vegas:-11520:3617,test,owlv2,blur_resize,fixed,10.0,0.5,0,0,0,0,0.0,owlv2
AOI_2_Vegas_img4447,AOI_2_Vegas,AOI_2_Vegas:-11520:3625,test,owlv2,blur_resize,fixed,0.3,0.5,8,144,15,44,0.35,owlv2
AOI_2_Vegas_img4447,AOI_2_Vegas,AOI_2_Vegas:-11520:3625,test,owlv2,blur_resize,fixed,0.45,0.5,8,71,15,35,0.15,owlv2
AOI_2_Vegas_img4447,AOI_2_Vegas,AOI_2_Vegas:-11520:3625,test,owlv2,blur_resize,fixed,0.6,0.5,6,37,15,38,0.25,owlv2
AOI_2_Vegas_img4447,AOI_2_Vegas,AOI_2_Vegas:-11520:3625,test,owlv2,blur_resize,fixed,0.9,0.5,6,30,15,41,0.15,owlv2
AOI_2_Vegas_img4447,AOI_2_Vegas,AOI_2_Vegas:-11520:3625,test,owlv2,blur_resize,fixed,1.2,0.5,6,27,15,36,0.15,owlv2
AOI_2_Vegas_img4447,AOI_2_Vegas,AOI_2_Vegas:-11520:3625,test,owlv2,blur_resize,fixed,1.8,0.5,4,18,15,34,0.05,owlv2
AOI_2_Vegas_img4447,AOI_2_Vegas,AOI_2_Vegas:-11520:3625,test,owlv2,blur_resize,fixed,2.4,0.5,2,4,15,27,0.0,owlv2
AOI_2_Vegas_img4447,AOI_2_Vegas,AOI_2_Vegas:-11520:3625,test,owlv2,blur_resize,fixed,3.6,0.5,0,0,15,0,0.0,owlv2
AOI_2_Vegas_img4447,AOI_2_Vegas,AOI_2_Vegas:-11520:3625,test,owlv2,blur_resize,fixed,5.0,0.5,0,0,15,6,0.0,owlv2
AOI_2_Vegas_img4447,AOI_2_Vegas,AOI_2_Vegas:-11520:3625,test,owlv2,blur_resize,fixed,10.0,0.5,0,0,15,0,0.0,owlv2
AOI_2_Vegas_img4468,AOI_2_Vegas,AOI_2_Vegas:-11520:3615,test,owlv2,blur_resize,fixed,0.3,0.5,18,180,28,53,2.0,owlv2
AOI_2_Vegas_img4468,AOI_2_Vegas,AOI_2_Vegas:-11520:3615,test,owlv2,blur_resize,fixed,0.45,0.5,16,99,28,37,1.6,owlv2
AOI_2_Vegas_img4468,AOI_2_Vegas,AOI_2_Vegas:-11520:3615,test,owlv2,blur_resize,fixed,0.6,0.5,12,87,28,37,1.5,owlv2
AOI_2_Vegas_img4468,AOI_2_Vegas,AOI_2_Vegas:-11520:3615,test,owlv2,blur_resize,fixed,0.9,0.5,12,79,28,39,1.25,owlv2
AOI_2_Vegas_img4468,AOI_2_Vegas,AOI_2_Vegas:-11520:3615,test,owlv2,blur_resize,fixed,1.2,0.5,10,69,28,46,1.5,owlv2
AOI_2_Vegas_img4468,AOI_2_Vegas,AOI_2_Vegas:-11520:3615,test,owlv2,blur_resize,fixed,1.8,0.5,10,47,28,37,1.0,owlv2
AOI_2_Vegas_img4468,AOI_2_Vegas,AOI_2_Vegas:-11520:3615,test,owlv2,blur_resize,fixed,2.4,0.5,1,9,28,21,0.25,owlv2
AOI_2_Vegas_img4468,AOI_2_Vegas,AOI_2_Vegas:-11520:3615,test,owlv2,blur_resize,fixed,3.6,0.5,0,0,28,1,0.0,owlv2
AOI_2_Vegas_img4468,AOI_2_Vegas,AOI_2_Vegas:-11520:3615,test,owlv2,blur_resize,fixed,5.0,0.5,0,0,28,0,0.0,owlv2
AOI_2_Vegas_img4468,AOI_2_Vegas,AOI_2_Vegas:-11520:3615,test,owlv2,blur_resize,fixed,10.0,0.5,0,0,28,0,0.0,owlv2
AOI_2_Vegas_img4470,AOI_2_Vegas,AOI_2_Vegas:-11520:3615,test,owlv2,blur_resize,fixed,0.3,0.5,10,136,20,51,0.2,owlv2
AOI_2_Vegas_img4470,AOI_2_Vegas,AOI_2_Vegas:-11520:3615,test,owlv2,blur_resize,fixed,0.45,0.5,8,48,20,39,0.1,owlv2
AOI_2_Vegas_img4470,AOI_2_Vegas,AOI_2_Vegas:-11520:3615,test,owlv2,blur_resize,fixed,0.6,0.5,5,31,20,29,0.1,owlv2
AOI_2_Vegas_img4470,AOI_2_Vegas,AOI_2_Vegas:-11520:3615,test,owlv2,blur_resize,fixed,0.9,0.5,2,14,20,26,0.05,owlv2
AOI_2_Vegas_img4470,AOI_2_Vegas,AOI_2_Vegas:-11520:3615,test,owlv2,blur_resize,fixed,1.2,0.5,1,9,20,25,0.05,owlv2
AOI_2_Vegas_img4470,AOI_2_Vegas,AOI_2_Vegas:-11520:3615,test,owlv2,blur_resize,fixed,1.8,0.5,0,3,20,26,0.0,owlv2
AOI_2_Vegas_img4470,AOI_2_Vegas,AOI_2_Vegas:-11520:3615,test,owlv2,blur_resize,fixed,2.4,0.5,0,1,20,26,0.0,owlv2
AOI_2_Vegas_img4470,AOI_2_Vegas,AOI_2_Vegas:-11520:3615,test,owlv2,blur_resize,fixed,3.6,0.5,0,0,20,11,0.0,owlv2
AOI_2_Vegas_img4470,AOI_2_Vegas,AOI_2_Vegas:-11520:3615,test,owlv2,blur_resize,fixed,5.0,0.5,0,0,20,8,0.0,owlv2
AOI_2_Vegas_img4470,AOI_2_Vegas,AOI_2_Vegas:-11520:3615,test,owlv2,blur_resize,fixed,10.0,0.5,0,0,20,0,0.0,owlv2
AOI_2_Vegas_img4479,AOI_2_Vegas,AOI_2_Vegas:-11520:3617,test,owlv2,blur_resize,fixed,0.3,0.5,2,84,3,40,0.0,owlv2
AOI_2_Vegas_img4479,AOI_2_Vegas,AOI_2_Vegas:-11520:3617,test,owlv2,blur_resize,fixed,0.45,0.5,1,19,3,21,0.1,owlv2
AOI_2_Vegas_img4479,AOI_2_Vegas,AOI_2_Vegas:-11520:3617,test,owlv2,blur_resize,fixed,0.6,0.5,0,15,3,17,0.05,owlv2
AOI_2_Vegas_img4479,AOI_2_Vegas,AOI_2_Vegas:-11520:3617,test,owlv2,blur_resize,fixed,0.9,0.5,1,10,3,7,0.05,owlv2
AOI_2_Vegas_img4479,AOI_2_Vegas,AOI_2_Vegas:-11520:3617,test,owlv2,blur_resize,fixed,1.2,0.5,0,6,3,7,0.0,owlv2
AOI_2_Vegas_img4479,AOI_2_Vegas,AOI_2_Vegas:-11520:3617,test,owlv2,blur_resize,fixed,1.8,0.5,0,3,3,6,0.1,owlv2
AOI_2_Vegas_img4479,AOI_2_Vegas,AOI_2_Vegas:-11520:3617,test,owlv2,blur_resize,fixed,2.4,0.5,0,0,3,6,0.0,owlv2
AOI_2_Vegas_img4479,AOI_2_Vegas,AOI_2_Vegas:-11520:3617,test,owlv2,blur_resize,fixed,3.6,0.5,0,0,3,1,0.0,owlv2
AOI_2_Vegas_img4479,AOI_2_Vegas,AOI_2_Vegas:-11520:3617,test,owlv2,blur_resize,fixed,5.0,0.5,0,0,3,0,0.0,owlv2
AOI_2_Vegas_img4479,AOI_2_Vegas,AOI_2_Vegas:-11520:3617,test,owlv2,blur_resize,fixed,10.0,0.5,0,0,3,0,0.0,owlv2
AOI_2_Vegas_img4488,AOI_2_Vegas,AOI_2_Vegas:-11520:3618,test,owlv2,blur_resize,fixed,0.3,0.5,0,4,0,0,0.0,owlv2
AOI_2_Vegas_img4488,AOI_2_Vegas,AOI_2_Vegas:-11520:3618,test,owlv2,blur_resize,fixed,0.45,0.5,0,1,0,0,0.0,owlv2
AOI_2_Vegas_img4488,AOI_2_Vegas,AOI_2_Vegas:-11520:3618,test,owlv2,blur_resize,fixed,0.6,0.5,0,0,0,0,0.0,owlv2
AOI_2_Vegas_img4488,AOI_2_Vegas,AOI_2_Vegas:-11520:3618,test,owlv2,blur_resize,fixed,0.9,0.5,0,0,0,0,0.0,owlv2
AOI_2_Vegas_img4488,AOI_2_Vegas,AOI_2_Vegas:-11520:3618,test,owlv2,blur_resize,fixed,1.2,0.5,0,0,0,0,0.0,owlv2
AOI_2_Vegas_img4488,AOI_2_Vegas,AOI_2_Vegas:-11520:3618,test,owlv2,blur_resize,fixed,1.8,0.5,0,0,0,0,0.0,owlv2
AOI_2_Vegas_img4488,AOI_2_Vegas,AOI_2_Vegas:-11520:3618,test,owlv2,blur_resize,fixed,2.4,0.5,0,0,0,0,0.0,owlv2
AOI_2_Vegas_img4488,AOI_2_Vegas,AOI_2_Vegas:-11520:3618,test,owlv2,blur_resize,fixed,3.6,0.5,0,0,0,0,0.0,owlv2
AOI_2_Vegas_img4488,AOI_2_Vegas,AOI_2_Vegas:-11520:3618,test,owlv2,blur_resize,fixed,5.0,0.5,0,0,0,0,0.0,owlv2
AOI_2_Vegas_img4488,AOI_2_Vegas,AOI_2_Vegas:-11520:3618,test,owlv2,blur_resize,fixed,10.0,0.5,0,0,0,0,0.0,owlv2
AOI_2_Vegas_img4518,AOI_2_Vegas,AOI_2_Vegas:-11520:3623,test,owlv2,blur_resize,fixed,0.3,0.5,8,39,12,29,0.05,owlv2
AOI_2_Vegas_img4518,AOI_2_Vegas,AOI_2_Vegas:-11520:3623,test,owlv2,blur_resize,fixed,0.45,0.5,5,14,12,14,0.35,owlv2
AOI_2_Vegas_img4518,AOI_2_Vegas,AOI_2_Vegas:-11520:3623,test,owlv2,blur_resize,fixed,0.6,0.5,5,11,12,10,0.0,owlv2
AOI_2_Vegas_img4518,AOI_2_Vegas,AOI_2_Vegas:-11520:3623,test,owlv2,blur_resize,fixed,0.9,0.5,5,9,12,8,0.1,owlv2
AOI_2_Vegas_img4518,AOI_2_Vegas,AOI_2_Vegas:-11520:3623,test,owlv2,blur_resize,fixed,1.2,0.5,5,7,12,10,0.05,owlv2
AOI_2_Vegas_img4518,AOI_2_Vegas,AOI_2_Vegas:-11520:3623,test,owlv2,blur_resize,fixed,1.8,0.5,5,11,12,11,0.2,owlv2
AOI_2_Vegas_img4518,AOI_2_Vegas,AOI_2_Vegas:-11520:3623,test,owlv2,blur_resize,fixed,2.4,0.5,4,4,12,3,0.05,owlv2
AOI_2_Vegas_img4518,AOI_2_Vegas,AOI_2_Vegas:-11520:3623,test,owlv2,blur_resize,fixed,3.6,0.5,0,0,12,0,0.0,owlv2
AOI_2_Vegas_img4518,AOI_2_Vegas,AOI_2_Vegas:-11520:3623,test,owlv2,blur_resize,fixed,5.0,0.5,0,0,12,5,0.0,owlv2
AOI_2_Vegas_img4518,AOI_2_Vegas,AOI_2_Vegas:-11520:3623,test,owlv2,blur_resize,fixed,10.0,0.5,0,0,12,0,0.0,owlv2
AOI_2_Vegas_img4554,AOI_2_Vegas,AOI_2_Vegas:-11520:3616,test,owlv2,blur_resize,fixed,0.3,0.5,12,115,22,33,0.55,owlv2
AOI_2_Vegas_img4554,AOI_2_Vegas,AOI_2_Vegas:-11520:3616,test,owlv2,blur_resize,fixed,0.45,0.5,11,70,22,26,0.3,owlv2
AOI_2_Vegas_img4554,AOI_2_Vegas,AOI_2_Vegas:-11520:3616,test,owlv2,blur_resize,fixed,0.6,0.5,9,40,22,16,0.25,owlv2
AOI_2_Vegas_img4554,AOI_2_Vegas,AOI_2_Vegas:-11520:3616,test,owlv2,blur_resize,fixed,0.9,0.5,9,27,22,14,0.25,owlv2
AOI_2_Vegas_img4554,AOI_2_Vegas,AOI_2_Vegas:-11520:3616,test,owlv2,blur_resize,fixed,1.2,0.5,8,18,22,12,0.1,owlv2
AOI_2_Vegas_img4554,AOI_2_Vegas,AOI_2_Vegas:-11520:3616,test,owlv2,blur_resize,fixed,1.8,0.5,5,16,22,9,0.05,owlv2
AOI_2_Vegas_img4554,AOI_2_Vegas,AOI_2_Vegas:-11520:3616,test,owlv2,blur_resize,fixed,2.4,0.5,0,0,22,0,0.0,owlv2
AOI_2_Vegas_img4554,AOI_2_Vegas,AOI_2_Vegas:-11520:3616,test,owlv2,blur_resize,fixed,3.6,0.5,0,0,22,0,0.0,owlv2
AOI_2_Vegas_img4554,AOI_2_Vegas,AOI_2_Vegas:-11520:3616,test,owlv2,blur_resize,fixed,5.0,0.5,0,0,22,1,0.0,owlv2
AOI_2_Vegas_img4554,AOI_2_Vegas,AOI_2_Vegas:-11520:3616,test,owlv2,blur_resize,fixed,10.0,0.5,0,0,22,0,0.0,owlv2
AOI_2_Vegas_img4562,AOI_2_Vegas,AOI_2_Vegas:-11520:3617,test,owlv2,blur_resize,fixed,0.3,0.5,36,208,46,50,4.0,owlv2
AOI_2_Vegas_img4562,AOI_2_Vegas,AOI_2_Vegas:-11520:3617,test,owlv2,blur_resize,fixed,0.45,0.5,30,84,46,45,2.85,owlv2
AOI_2_Vegas_img4562,AOI_2_Vegas,AOI_2_Vegas:-11520:3617,test,owlv2,blur_resize,fixed,0.6,0.5,29,56,46,38,2.2,owlv2
AOI_2_Vegas_img4562,AOI_2_Vegas,AOI_2_Vegas:-11520:3617,test,owlv2,blur_resize,fixed,0.9,0.5,23,49,46,35,1.95,owlv2
AOI_2_Vegas_img4562,AOI_2_Vegas,AOI_2_Vegas:-11520:3617,test,owlv2,blur_resize,fixed,1.2,0.5,14,34,46,31,1.4,owlv2
AOI_2_Vegas_img4562,AOI_2_Vegas,AOI_2_Vegas:-11520:3617,test,owlv2,blur_resize,fixed,1.8,0.5,7,12,46,8,0.8,owlv2
AOI_2_Vegas_img4562,AOI_2_Vegas,AOI_2_Vegas:-11520:3617,test,owlv2,blur_resize,fixed,2.4,0.5,0,0,46,0,0.0,owlv2
AOI_2_Vegas_img4562,AOI_2_Vegas,AOI_2_Vegas:-11520:3617,test,owlv2,blur_resize,fixed,3.6,0.5,0,0,46,0,0.0,owlv2
AOI_2_Vegas_img4562,AOI_2_Vegas,AOI_2_Vegas:-11520:3617,test,owlv2,blur_resize,fixed,5.0,0.5,0,0,46,0,0.0,owlv2
AOI_2_Vegas_img4562,AOI_2_Vegas,AOI_2_Vegas:-11520:3617,test,owlv2,blur_resize,fixed,10.0,0.5,0,0,46,0,0.0,owlv2
AOI_2_Vegas_img458,AOI_2_Vegas,AOI_2_Vegas:-11530:3613,test,owlv2,blur_resize,fixed,0.3,0.5,22,246,56,100,3.05,owlv2
AOI_2_Vegas_img458,AOI_2_Vegas,AOI_2_Vegas:-11530:3613,test,owlv2,blur_resize,fixed,0.45,0.5,19,124,56,67,1.7,owlv2
AOI_2_Vegas_img458,AOI_2_Vegas,AOI_2_Vegas:-11530:3613,test,owlv2,blur_resize,fixed,0.6,0.5,17,97,56,50,1.9,owlv2
AOI_2_Vegas_img458,AOI_2_Vegas,AOI_2_Vegas:-11530:3613,test,owlv2,blur_resize,fixed,0.9,0.5,14,75,56,60,1.35,owlv2
AOI_2_Vegas_img458,AOI_2_Vegas,AOI_2_Vegas:-11530:3613,test,owlv2,blur_resize,fixed,1.2,0.5,13,76,56,64,1.45,owlv2
AOI_2_Vegas_img458,AOI_2_Vegas,AOI_2_Vegas:-11530:3613,test,owlv2,blur_resize,fixed,1.8,0.5,11,38,56,55,1.0,owlv2
AOI_2_Vegas_img458,AOI_2_Vegas,AOI_2_Vegas:-11530:3613,test,owlv2,blur_resize,fixed,2.4,0.5,1,8,56,36,0.4,owlv2
AOI_2_Vegas_img458,AOI_2_Vegas,AOI_2_Vegas:-11530:3613,test,owlv2,blur_resize,fixed,3.6,0.5,0,0,56,0,0.0,owlv2
AOI_2_Vegas_img458,AOI_2_Vegas,AOI_2_Vegas:-11530:3613,test,owlv2,blur_resize,fixed,5.0,0.5,0,0,56,0,0.0,owlv2
AOI_2_Vegas_img458,AOI_2_Vegas,AOI_2_Vegas:-11530:3613,test,owlv2,blur_resize,fixed,10.0,0.5,0,0,56,0,0.0,owlv2
AOI_2_Vegas_img4582,AOI_2_Vegas,AOI_2_Vegas:-11520:3621,test,owlv2,blur_resize,fixed,0.3,0.5,0,4,0,1,0.0,owlv2
AOI_2_Vegas_img4582,AOI_2_Vegas,AOI_2_Vegas:-11520:3621,test,owlv2,blur_resize,fixed,0.45,0.5,0,0,0,0,0.0,owlv2
AOI_2_Vegas_img4582,AOI_2_Vegas,AOI_2_Vegas:-11520:3621,test,owlv2,blur_resize,fixed,0.6,0.5,0,0,0,0,0.0,owlv2
AOI_2_Vegas_img4582,AOI_2_Vegas,AOI_2_Vegas:-11520:3621,test,owlv2,blur_resize,fixed,0.9,0.5,0,0,0,0,0.0,owlv2
AOI_2_Vegas_img4582,AOI_2_Vegas,AOI_2_Vegas:-11520:3621,test,owlv2,blur_resize,fixed,1.2,0.5,0,0,0,0,0.0,owlv2
AOI_2_Vegas_img4582,AOI_2_Vegas,AOI_2_Vegas:-11520:3621,test,owlv2,blur_resize,fixed,1.8,0.5,0,0,0,0,0.0,owlv2
AOI_2_Vegas_img4582,AOI_2_Vegas,AOI_2_Vegas:-11520:3621,test,owlv2,blur_resize,fixed,2.4,0.5,0,0,0,0,0.0,owlv2
AOI_2_Vegas_img4582,AOI_2_Vegas,AOI_2_Vegas:-11520:3621,test,owlv2,blur_resize,fixed,3.6,0.5,0,0,0,0,0.0,owlv2
AOI_2_Vegas_img4582,AOI_2_Vegas,AOI_2_Vegas:-11520:3621,test,owlv2,blur_resize,fixed,5.0,0.5,0,0,0,0,0.0,owlv2
AOI_2_Vegas_img4582,AOI_2_Vegas,AOI_2_Vegas:-11520:3621,test,owlv2,blur_resize,fixed,10.0,0.5,0,0,0,0,0.0,owlv2
AOI_2_Vegas_img460,AOI_2_Vegas,AOI_2_Vegas:-11530:3613,test,owlv2,blur_resize,fixed,0.3,0.5,33,206,50,46,4.0,owlv2
AOI_2_Vegas_img460,AOI_2_Vegas,AOI_2_Vegas:-11530:3613,test,owlv2,blur_resize,fixed,0.45,0.5,30,83,50,23,2.05,owlv2
AOI_2_Vegas_img460,AOI_2_Vegas,AOI_2_Vegas:-11530:3613,test,owlv2,blur_resize,fixed,0.6,0.5,28,54,50,18,2.35,owlv2
AOI_2_Vegas_img460,AOI_2_Vegas,AOI_2_Vegas:-11530:3613,test,owlv2,blur_resize,fixed,0.9,0.5,23,52,50,15,1.9,owlv2
AOI_2_Vegas_img460,AOI_2_Vegas,AOI_2_Vegas:-11530:3613,test,owlv2,blur_resize,fixed,1.2,0.5,27,49,50,16,2.1,owlv2
AOI_2_Vegas_img460,AOI_2_Vegas,AOI_2_Vegas:-11530:3613,test,owlv2,blur_resize,fixed,1.8,0.5,23,32,50,4,1.3,owlv2
AOI_2_Vegas_img460,AOI_2_Vegas,AOI_2_Vegas:-11530:3613,test,owlv2,blur_resize,fixed,2.4,0.5,0,0,50,0,0.0,owlv2
AOI_2_Vegas_img460,AOI_2_Vegas,AOI_2_Vegas:-11530:3613,test,owlv2,blur_resize,fixed,3.6,0.5,0,0,50,0,0.0,owlv2
AOI_2_Vegas_img460,AOI_2_Vegas,AOI_2_Vegas:-11530:3613,test,owlv2,blur_resize,fixed,5.0,0.5,0,0,50,1,0.0,owlv2
AOI_2_Vegas_img460,AOI_2_Vegas,AOI_2_Vegas:-11530:3613,test,owlv2,blur_resize,fixed,10.0,0.5,0,0,50,0,0.0,owlv2
AOI_2_Vegas_img4614,AOI_2_Vegas,AOI_2_Vegas:-11520:3613,test,owlv2,blur_resize,fixed,0.3,0.5,1,19,8,26,0.05,owlv2
AOI_2_Vegas_img4614,AOI_2_Vegas,AOI_2_Vegas:-11520:3613,test,owlv2,blur_resize,fixed,0.45,0.5,1,11,8,19,0.0,owlv2
AOI_2_Vegas_img4614,AOI_2_Vegas,AOI_2_Vegas:-11520:3613,test,owlv2,blur_resize,fixed,0.6,0.5,0,3,8,12,0.05,owlv2
AOI_2_Vegas_img4614,AOI_2_Vegas,AOI_2_Vegas:-11520:3613,test,owlv2,blur_resize,fixed,0.9,0.5,0,0,8,3,0.0,owlv2
AOI_2_Vegas_img4614,AOI_2_Vegas,AOI_2_Vegas:-11520:3613,test,owlv2,blur_resize,fixed,1.2,0.5,0,0,8,0,0.0,owlv2
AOI_2_Vegas_img4614,AOI_2_Vegas,AOI_2_Vegas:-11520:3613,test,owlv2,blur_resize,fixed,1.8,0.5,0,0,8,0,0.0,owlv2
AOI_2_Vegas_img4614,AOI_2_Vegas,AOI_2_Vegas:-11520:3613,test,owlv2,blur_resize,fixed,2.4,0.5,0,0,8,0,0.0,owlv2
AOI_2_Vegas_img4614,AOI_2_Vegas,AOI_2_Vegas:-11520:3613,test,owlv2,blur_resize,fixed,3.6,0.5,0,0,8,3,0.0,owlv2
AOI_2_Vegas_img4614,AOI_2_Vegas,AOI_2_Vegas:-11520:3613,test,owlv2,blur_resize,fixed,5.0,0.5,0,0,8,5,0.0,owlv2
AOI_2_Vegas_img4614,AOI_2_Vegas,AOI_2_Vegas:-11520:3613,test,owlv2,blur_resize,fixed,10.0,0.5,0,0,8,0,0.0,owlv2
AOI_2_Vegas_img4684,AOI_2_Vegas,AOI_2_Vegas:-11520:3625,test,owlv2,blur_resize,fixed,0.3,0.5,2,75,8,55,0.0,owlv2
AOI_2_Vegas_img4684,AOI_2_Vegas,AOI_2_Vegas:-11520:3625,test,owlv2,blur_resize,fixed,0.45,0.5,1,19,8,23,0.05,owlv2
AOI_2_Vegas_img4684,AOI_2_Vegas,AOI_2_Vegas:-11520:3625,test,owlv2,blur_resize,fixed,0.6,0.5,1,12,8,13,0.0,owlv2
AOI_2_Vegas_img4684,AOI_2_Vegas,AOI_2_Vegas:-11520:3625,test,owlv2,blur_resize,fixed,0.9,0.5,0,8,8,12,0.0,owlv2
AOI_2_Vegas_img4684,AOI_2_Vegas,AOI_2_Vegas:-11520:3625,test,owlv2,blur_resize,fixed,1.2,0.5,0,8,8,14,0.0,owlv2
AOI_2_Vegas_img4684,AOI_2_Vegas,AOI_2_Vegas:-11520:3625,test,owlv2,blur_resize,fixed,1.8,0.5,0,3,8,8,0.0,owlv2
AOI_2_Vegas_img4684,AOI_2_Vegas,AOI_2_Vegas:-11520:3625,test,owlv2,blur_resize,fixed,2.4,0.5,0,0,8,3,0.0,owlv2
AOI_2_Vegas_img4684,AOI_2_Vegas,AOI_2_Vegas:-11520:3625,test,owlv2,blur_resize,fixed,3.6,0.5,0,0,8,4,0.0,owlv2
AOI_2_Vegas_img4684,AOI_2_Vegas,AOI_2_Vegas:-11520:3625,test,owlv2,blur_resize,fixed,5.0,0.5,0,0,8,13,0.0,owlv2
AOI_2_Vegas_img4684,AOI_2_Vegas,AOI_2_Vegas:-11520:3625,test,owlv2,blur_resize,fixed,10.0,0.5,0,0,8,0,0.0,owlv2
AOI_2_Vegas_img4696,AOI_2_Vegas,AOI_2_Vegas:-11519:3613,test,owlv2,blur_resize,fixed,0.3,0.5,3,42,12,54,0.0,owlv2
AOI_2_Vegas_img4696,AOI_2_Vegas,AOI_2_Vegas:-11519:3613,test,owlv2,blur_resize,fixed,0.45,0.5,0,4,12,12,0.0,owlv2
AOI_2_Vegas_img4696,AOI_2_Vegas,AOI_2_Vegas:-11519:3613,test,owlv2,blur_resize,fixed,0.6,0.5,0,0,12,2,0.0,owlv2
AOI_2_Vegas_img4696,AOI_2_Vegas,AOI_2_Vegas:-11519:3613,test,owlv2,blur_resize,fixed,0.9,0.5,0,0,12,0,0.0,owlv2
AOI_2_Vegas_img4696,AOI_2_Vegas,AOI_2_Vegas:-11519:3613,test,owlv2,blur_resize,fixed,1.2,0.5,0,0,12,0,0.0,owlv2
AOI_2_Vegas_img4696,AOI_2_Vegas,AOI_2_Vegas:-11519:3613,test,owlv2,blur_resize,fixed,1.8,0.5,0,0,12,0,0.0,owlv2
AOI_2_Vegas_img4696,AOI_2_Vegas,AOI_2_Vegas:-11519:3613,test,owlv2,blur_resize,fixed,2.4,0.5,0,0,12,0,0.0,owlv2
AOI_2_Vegas_img4696,AOI_2_Vegas,AOI_2_Vegas:-11519:3613,test,owlv2,blur_resize,fixed,3.6,0.5,0,0,12,0,0.0,owlv2
AOI_2_Vegas_img4696,AOI_2_Vegas,AOI_2_Vegas:-11519:3613,test,owlv2,blur_resize,fixed,5.0,0.5,0,0,12,2,0.0,owlv2
AOI_2_Vegas_img4696,AOI_2_Vegas,AOI_2_Vegas:-11519:3613,test,owlv2,blur_resize,fixed,10.0,0.5,0,0,12,0,0.0,owlv2
AOI_2_Vegas_img4701,AOI_2_Vegas,AOI_2_Vegas:-11519:3614,test,owlv2,blur_resize,fixed,0.3,0.5,1,15,3,17,0.0,owlv2
AOI_2_Vegas_img4701,AOI_2_Vegas,AOI_2_Vegas:-11519:3614,test,owlv2,blur_resize,fixed,0.45,0.5,1,1,3,5,0.0,owlv2
AOI_2_Vegas_img4701,AOI_2_Vegas,AOI_2_Vegas:-11519:3614,test,owlv2,blur_resize,fixed,0.6,0.5,0,0,3,3,0.0,owlv2
AOI_2_Vegas_img4701,AOI_2_Vegas,AOI_2_Vegas:-11519:3614,test,owlv2,blur_resize,fixed,0.9,0.5,0,0,3,2,0.0,owlv2
AOI_2_Vegas_img4701,AOI_2_Vegas,AOI_2_Vegas:-11519:3614,test,owlv2,blur_resize,fixed,1.2,0.5,0,0,3,2,0.0,owlv2
AOI_2_Vegas_img4701,AOI_2_Vegas,AOI_2_Vegas:-11519:3614,test,owlv2,blur_resize,fixed,1.8,0.5,0,0,3,1,0.0,owlv2
AOI_2_Vegas_img4701,AOI_2_Vegas,AOI_2_Vegas:-11519:3614,test,owlv2,blur_resize,fixed,2.4,0.5,0,0,3,1,0.0,owlv2
AOI_2_Vegas_img4701,AOI_2_Vegas,AOI_2_Vegas:-11519:3614,test,owlv2,blur_resize,fixed,3.6,0.5,0,0,3,0,0.0,owlv2
AOI_2_Vegas_img4701,AOI_2_Vegas,AOI_2_Vegas:-11519:3614,test,owlv2,blur_resize,fixed,5.0,0.5,0,0,3,5,0.0,owlv2
AOI_2_Vegas_img4701,AOI_2_Vegas,AOI_2_Vegas:-11519:3614,test,owlv2,blur_resize,fixed,10.0,0.5,0,0,3,0,0.0,owlv2
AOI_2_Vegas_img4721,AOI_2_Vegas,AOI_2_Vegas:-11519:3618,test,owlv2,blur_resize,fixed,0.3,0.5,22,260,49,64,1.95,owlv2
AOI_2_Vegas_img4721,AOI_2_Vegas,AOI_2_Vegas:-11519:3618,test,owlv2,blur_resize,fixed,0.45,0.5,21,117,49,42,2.15,owlv2
AOI_2_Vegas_img4721,AOI_2_Vegas,AOI_2_Vegas:-11519:3618,test,owlv2,blur_resize,fixed,0.6,0.5,17,75,49,40,1.75,owlv2
AOI_2_Vegas_img4721,AOI_2_Vegas,AOI_2_Vegas:-11519:3618,test,owlv2,blur_resize,fixed,0.9,0.5,14,60,49,29,1.0,owlv2
AOI_2_Vegas_img4721,AOI_2_Vegas,AOI_2_Vegas:-11519:3618,test,owlv2,blur_resize,fixed,1.2,0.5,12,63,49,36,1.25,owlv2
AOI_2_Vegas_img4721,AOI_2_Vegas,AOI_2_Vegas:-11519:3618,test,owlv2,blur_resize,fixed,1.8,0.5,10,36,49,16,0.85,owlv2
AOI_2_Vegas_img4721,AOI_2_Vegas,AOI_2_Vegas:-11519:3618,test,owlv2,blur_resize,fixed,2.4,0.5,6,10,49,0,0.05,owlv2
AOI_2_Vegas_img4721,AOI_2_Vegas,AOI_2_Vegas:-11519:3618,test,owlv2,blur_resize,fixed,3.6,0.5,0,0,49,0,0.0,owlv2
AOI_2_Vegas_img4721,AOI_2_Vegas,AOI_2_Vegas:-11519:3618,test,owlv2,blur_resize,fixed,5.0,0.5,0,0,49,0,0.0,owlv2
AOI_2_Vegas_img4721,AOI_2_Vegas,AOI_2_Vegas:-11519:3618,test,owlv2,blur_resize,fixed,10.0,0.5,0,0,49,0,0.0,owlv2
AOI_2_Vegas_img4785,AOI_2_Vegas,AOI_2_Vegas:-11519:3615,test,owlv2,blur_resize,fixed,0.3,0.5,28,167,53,56,2.55,owlv2
AOI_2_Vegas_img4785,AOI_2_Vegas,AOI_2_Vegas:-11519:3615,test,owlv2,blur_resize,fixed,0.45,0.5,22,121,53,41,1.6,owlv2
AOI_2_Vegas_img4785,AOI_2_Vegas,AOI_2_Vegas:-11519:3615,test,owlv2,blur_resize,fixed,0.6,0.5,20,112,53,46,2.2,owlv2
AOI_2_Vegas_img4785,AOI_2_Vegas,AOI_2_Vegas:-11519:3615,test,owlv2,blur_resize,fixed,0.9,0.5,18,101,53,46,2.15,owlv2
AOI_2_Vegas_img4785,AOI_2_Vegas,AOI_2_Vegas:-11519:3615,test,owlv2,blur_resize,fixed,1.2,0.5,17,76,53,41,1.05,owlv2
AOI_2_Vegas_img4785,AOI_2_Vegas,AOI_2_Vegas:-11519:3615,test,owlv2,blur_resize,fixed,1.8,0.5,2,5,53,10,0.2,owlv2
AOI_2_Vegas_img4785,AOI_2_Vegas,AOI_2_Vegas:-11519:3615,test,owlv2,blur_resize,fixed,2.4,0.5,0,0,53,0,0.0,owlv2
AOI_2_Vegas_img4785,AOI_2_Vegas,AOI_2_Vegas:-11519:3615,test,owlv2,blur_resize,fixed,3.6,0.5,0,0,53,0,0.0,owlv2
AOI_2_Vegas_img4785,AOI_2_Vegas,AOI_2_Vegas:-11519:3615,test,owlv2,blur_resize,fixed,5.0,0.5,0,0,53,0,0.0,owlv2
AOI_2_Vegas_img4785,AOI_2_Vegas,AOI_2_Vegas:-11519:3615,test,owlv2,blur_resize,fixed,10.0,0.5,0,0,53,0,0.0,owlv2
AOI_2_Vegas_img4786,AOI_2_Vegas,AOI_2_Vegas:-11519:3615,test,owlv2,blur_resize,fixed,0.3,0.5,36,134,52,27,1.8,owlv2
AOI_2_Vegas_img4786,AOI_2_Vegas,AOI_2_Vegas:-11519:3615,test,owlv2,blur_resize,fixed,0.45,0.5,29,86,52,22,1.9,owlv2
AOI_2_Vegas_img4786,AOI_2_Vegas,AOI_2_Vegas:-11519:3615,test,owlv2,blur_resize,fixed,0.6,0.5,26,69,52,26,1.05,owlv2
AOI_2_Vegas_img4786,AOI_2_Vegas,AOI_2_Vegas:-11519:3615,test,owlv2,blur_resize,fixed,0.9,0.5,23,58,52,22,1.55,owlv2
AOI_2_Vegas_img4786,AOI_2_Vegas,AOI_2_Vegas:-11519:3615,test,owlv2,blur_resize,fixed,1.2,0.5,19,51,52,18,1.05,owlv2
AOI_2_Vegas_img4786,AOI_2_Vegas,AOI_2_Vegas:-11519:3615,test,owlv2,blur_resize,fixed,1.8,0.5,6,9,52,3,0.2,owlv2
AOI_2_Vegas_img4786,AOI_2_Vegas,AOI_2_Vegas:-11519:3615,test,owlv2,blur_resize,fixed,2.4,0.5,0,0,52,0,0.0,owlv2
AOI_2_Vegas_img4786,AOI_2_Vegas,AOI_2_Vegas:-11519:3615,test,owlv2,blur_resize,fixed,3.6,0.5,0,0,52,0,0.0,owlv2
AOI_2_Vegas_img4786,AOI_2_Vegas,AOI_2_Vegas:-11519:3615,test,owlv2,blur_resize,fixed,5.0,0.5,0,0,52,0,0.0,owlv2
AOI_2_Vegas_img4786,AOI_2_Vegas,AOI_2_Vegas:-11519:3615,test,owlv2,blur_resize,fixed,10.0,0.5,0,0,52,0,0.0,owlv2
AOI_2_Vegas_img4794,AOI_2_Vegas,AOI_2_Vegas:-11519:3616,test,owlv2,blur_resize,fixed,0.3,0.5,2,39,5,9,0.05,owlv2
AOI_2_Vegas_img4794,AOI_2_Vegas,AOI_2_Vegas:-11519:3616,test,owlv2,blur_resize,fixed,0.45,0.5,1,23,5,5,0.0,owlv2
AOI_2_Vegas_img4794,AOI_2_Vegas,AOI_2_Vegas:-11519:3616,test,owlv2,blur_resize,fixed,0.6,0.5,1,18,5,7,0.05,owlv2
AOI_2_Vegas_img4794,AOI_2_Vegas,AOI_2_Vegas:-11519:3616,test,owlv2,blur_resize,fixed,0.9,0.5,1,13,5,6,0.0,owlv2
AOI_2_Vegas_img4794,AOI_2_Vegas,AOI_2_Vegas:-11519:3616,test,owlv2,blur_resize,fixed,1.2,0.5,1,9,5,7,0.0,owlv2
AOI_2_Vegas_img4794,AOI_2_Vegas,AOI_2_Vegas:-11519:3616,test,owlv2,blur_resize,fixed,1.8,0.5,0,4,5,5,0.0,owlv2
AOI_2_Vegas_img4794,AOI_2_Vegas,AOI_2_Vegas:-11519:3616,test,owlv2,blur_resize,fixed,2.4,0.5,0,0,5,1,0.0,owlv2
AOI_2_Vegas_img4794,AOI_2_Vegas,AOI_2_Vegas:-11519:3616,test,owlv2,blur_resize,fixed,3.6,0.5,0,0,5,0,0.0,owlv2
AOI_2_Vegas_img4794,AOI_2_Vegas,AOI_2_Vegas:-11519:3616,test,owlv2,blur_resize,fixed,5.0,0.5,0,0,5,0,0.0,owlv2
AOI_2_Vegas_img4794,AOI_2_Vegas,AOI_2_Vegas:-11519:3616,test,owlv2,blur_resize,fixed,10.0,0.5,0,0,5,0,0.0,owlv2
AOI_2_Vegas_img4805,AOI_2_Vegas,AOI_2_Vegas:-11519:3618,test,owlv2,blur_resize,fixed,0.3,0.5,21,138,26,40,0.5,owlv2
AOI_2_Vegas_img4805,AOI_2_Vegas,AOI_2_Vegas:-11519:3618,test,owlv2,blur_resize,fixed,0.45,0.5,17,62,26,36,0.35,owlv2
AOI_2_Vegas_img4805,AOI_2_Vegas,AOI_2_Vegas:-11519:3618,test,owlv2,blur_resize,fixed,0.6,0.5,13,41,26,35,0.2,owlv2
AOI_2_Vegas_img4805,AOI_2_Vegas,AOI_2_Vegas:-11519:3618,test,owlv2,blur_resize,fixed,0.9,0.5,8,30,26,34,0.25,owlv2
AOI_2_Vegas_img4805,AOI_2_Vegas,AOI_2_Vegas:-11519:3618,test,owlv2,blur_resize,fixed,1.2,0.5,3,19,26,27,0.05,owlv2
AOI_2_Vegas_img4805,AOI_2_Vegas,AOI_2_Vegas:-11519:3618,test,owlv2,blur_resize,fixed,1.8,0.5,5,23,26,42,0.15,owlv2
AOI_2_Vegas_img4805,AOI_2_Vegas,AOI_2_Vegas:-11519:3618,test,owlv2,blur_resize,fixed,2.4,0.5,3,11,26,29,0.25,owlv2
AOI_2_Vegas_img4805,AOI_2_Vegas,AOI_2_Vegas:-11519:3618,test,owlv2,blur_resize,fixed,3.6,0.5,0,0,26,3,0.0,owlv2
AOI_2_Vegas_img4805,AOI_2_Vegas,AOI_2_Vegas:-11519:3618,test,owlv2,blur_resize,fixed,5.0,0.5,0,0,26,2,0.0,owlv2
AOI_2_Vegas_img4805,AOI_2_Vegas,AOI_2_Vegas:-11519:3618,test,owlv2,blur_resize,fixed,10.0,0.5,0,0,26,0,0.0,owlv2
