chip_id,city,block,split,detector,method,config,level,iou,matches,predictions,references,removed,chance_matches,label
AOI_2_Vegas_img1007,AOI_2_Vegas,AOI_2_Vegas:-11528:3618,test,colour-r120_c15,blur_resize,fixed,0.3,0.25,0,0,34,0,0.0,colour
AOI_2_Vegas_img1007,AOI_2_Vegas,AOI_2_Vegas:-11528:3618,test,colour-r120_c15,blur_resize,fixed,0.45,0.25,0,0,34,0,0.0,colour
AOI_2_Vegas_img1007,AOI_2_Vegas,AOI_2_Vegas:-11528:3618,test,colour-r120_c15,blur_resize,fixed,0.6,0.25,0,0,34,0,0.0,colour
AOI_2_Vegas_img1007,AOI_2_Vegas,AOI_2_Vegas:-11528:3618,test,colour-r120_c15,blur_resize,fixed,0.9,0.25,0,0,34,0,0.0,colour
AOI_2_Vegas_img1007,AOI_2_Vegas,AOI_2_Vegas:-11528:3618,test,colour-r120_c15,blur_resize,fixed,1.2,0.25,0,0,34,0,0.0,colour
AOI_2_Vegas_img1007,AOI_2_Vegas,AOI_2_Vegas:-11528:3618,test,colour-r120_c15,blur_resize,fixed,1.8,0.25,0,0,34,0,0.0,colour
AOI_2_Vegas_img1007,AOI_2_Vegas,AOI_2_Vegas:-11528:3618,test,colour-r120_c15,blur_resize,fixed,2.4,0.25,0,0,34,0,0.0,colour
AOI_2_Vegas_img1007,AOI_2_Vegas,AOI_2_Vegas:-11528:3618,test,colour-r120_c15,blur_resize,fixed,3.6,0.25,0,0,34,0,0.0,colour
AOI_2_Vegas_img1007,AOI_2_Vegas,AOI_2_Vegas:-11528:3618,test,colour-r120_c15,blur_resize,fixed,5.0,0.25,0,0,34,0,0.0,colour
AOI_2_Vegas_img1007,AOI_2_Vegas,AOI_2_Vegas:-11528:3618,test,colour-r120_c15,blur_resize,fixed,10.0,0.25,0,0,34,0,0.0,colour
AOI_2_Vegas_img101,AOI_2_Vegas,AOI_2_Vegas:-11531:3620,test,colour-r120_c15,blur_resize,fixed,0.3,0.25,0,19,30,0,0.0,colour
AOI_2_Vegas_img101,AOI_2_Vegas,AOI_2_Vegas:-11531:3620,test,colour-r120_c15,blur_resize,fixed,0.45,0.25,0,18,30,0,0.0,colour
AOI_2_Vegas_img101,AOI_2_Vegas,AOI_2_Vegas:-11531:3620,test,colour-r120_c15,blur_resize,fixed,0.6,0.25,0,17,30,0,0.0,colour
AOI_2_Vegas_img101,AOI_2_Vegas,AOI_2_Vegas:-11531:3620,test,colour-r120_c15,blur_resize,fixed,0.9,0.25,0,14,30,0,0.05,colour
AOI_2_Vegas_img101,AOI_2_Vegas,AOI_2_Vegas:-11531:3620,test,colour-r120_c15,blur_resize,fixed,1.2,0.25,0,12,30,0,0.0,colour
AOI_2_Vegas_img101,AOI_2_Vegas,AOI_2_Vegas:-11531:3620,test,colour-r120_c15,blur_resize,fixed,1.8,0.25,0,8,30,0,0.0,colour
AOI_2_Vegas_img101,AOI_2_Vegas,AOI_2_Vegas:-11531:3620,test,colour-r120_c15,blur_resize,fixed,2.4,0.25,0,4,30,0,0.0,colour
AOI_2_Vegas_img101,AOI_2_Vegas,AOI_2_Vegas:-11531:3620,test,colour-r120_c15,blur_resize,fixed,3.6,0.25,0,0,30,0,0.0,colour
AOI_2_Vegas_img101,AOI_2_Vegas,AOI_2_Vegas:-11531:3620,test,colour-r120_c15,blur_resize,fixed,5.0,0.25,0,0,30,0,0.0,colour
AOI_2_Vegas_img101,AOI_2_Vegas,AOI_2_Vegas:-11531:3620,test,colour-r120_c15,blur_resize,fixed,10.0,0.25,0,0,30,0,0.0,colour
AOI_2_Vegas_img1035,AOI_2_Vegas,AOI_2_Vegas:-11528:3623,test,colour-r120_c15,blur_resize,fixed,0.3,0.25,0,0,0,0,0.0,colour
AOI_2_Vegas_img1035,AOI_2_Vegas,AOI_2_Vegas:-11528:3623,test,colour-r120_c15,blur_resize,fixed,0.45,0.25,0,0,0,0,0.0,colour
AOI_2_Vegas_img1035,AOI_2_Vegas,AOI_2_Vegas:-11528:3623,test,colour-r120_c15,blur_resize,fixed,0.6,0.25,0,0,0,0,0.0,colour
AOI_2_Vegas_img1035,AOI_2_Vegas,AOI_2_Vegas:-11528:3623,test,colour-r120_c15,blur_resize,fixed,0.9,0.25,0,0,0,0,0.0,colour
AOI_2_Vegas_img1035,AOI_2_Vegas,AOI_2_Vegas:-11528:3623,test,colour-r120_c15,blur_resize,fixed,1.2,0.25,0,0,0,0,0.0,colour
AOI_2_Vegas_img1035,AOI_2_Vegas,AOI_2_Vegas:-11528:3623,test,colour-r120_c15,blur_resize,fixed,1.8,0.25,0,0,0,0,0.0,colour
AOI_2_Vegas_img1035,AOI_2_Vegas,AOI_2_Vegas:-11528:3623,test,colour-r120_c15,blur_resize,fixed,2.4,0.25,0,0,0,0,0.0,colour
AOI_2_Vegas_img1035,AOI_2_Vegas,AOI_2_Vegas:-11528:3623,test,colour-r120_c15,blur_resize,fixed,3.6,0.25,0,0,0,0,0.0,colour
AOI_2_Vegas_img1035,AOI_2_Vegas,AOI_2_Vegas:-11528:3623,test,colour-r120_c15,blur_resize,fixed,5.0,0.25,0,0,0,0,0.0,colour
AOI_2_Vegas_img1035,AOI_2_Vegas,AOI_2_Vegas:-11528:3623,test,colour-r120_c15,blur_resize,fixed,10.0,0.25,0,0,0,0,0.0,colour
AOI_2_Vegas_img1041,AOI_2_Vegas,AOI_2_Vegas:-11528:3613,test,colour-r120_c15,blur_resize,fixed,0.3,0.25,0,0,39,0,0.0,colour
AOI_2_Vegas_img1041,AOI_2_Vegas,AOI_2_Vegas:-11528:3613,test,colour-r120_c15,blur_resize,fixed,0.45,0.25,0,0,39,0,0.0,colour
AOI_2_Vegas_img1041,AOI_2_Vegas,AOI_2_Vegas:-11528:3613,test,colour-r120_c15,blur_resize,fixed,0.6,0.25,0,0,39,0,0.0,colour
AOI_2_Vegas_img1041,AOI_2_Vegas,AOI_2_Vegas:-11528:3613,test,colour-r120_c15,blur_resize,fixed,0.9,0.25,0,0,39,0,0.0,colour
AOI_2_Vegas_img1041,AOI_2_Vegas,AOI_2_Vegas:-11528:3613,test,colour-r120_c15,blur_resize,fixed,1.2,0.25,0,0,39,0,0.0,colour
AOI_2_Vegas_img1041,AOI_2_Vegas,AOI_2_Vegas:-11528:3613,test,colour-r120_c15,blur_resize,fixed,1.8,0.25,0,0,39,0,0.0,colour
AOI_2_Vegas_img1041,AOI_2_Vegas,AOI_2_Vegas:-11528:3613,test,colour-r120_c15,blur_resize,fixed,2.4,0.25,0,0,39,0,0.0,colour
AOI_2_Vegas_img1041,AOI_2_Vegas,AOI_2_Vegas:-11528:3613,test,colour-r120_c15,blur_resize,fixed,3.6,0.25,0,0,39,0,0.0,colour
AOI_2_Vegas_img1041,AOI_2_Vegas,AOI_2_Vegas:-11528:3613,test,colour-r120_c15,blur_resize,fixed,5.0,0.25,0,0,39,0,0.0,colour
AOI_2_Vegas_img1041,AOI_2_Vegas,AOI_2_Vegas:-11528:3613,test,colour-r120_c15,blur_resize,fixed,10.0,0.25,0,0,39,0,0.0,colour
AOI_2_Vegas_img1104,AOI_2_Vegas,AOI_2_Vegas:-11528:3613,test,colour-r120_c15,blur_resize,fixed,0.3,0.25,0,0,10,0,0.0,colour
AOI_2_Vegas_img1104,AOI_2_Vegas,AOI_2_Vegas:-11528:3613,test,colour-r120_c15,blur_resize,fixed,0.45,0.25,0,0,10,0,0.0,colour
AOI_2_Vegas_img1104,AOI_2_Vegas,AOI_2_Vegas:-11528:3613,test,colour-r120_c15,blur_resize,fixed,0.6,0.25,0,0,10,0,0.0,colour
AOI_2_Vegas_img1104,AOI_2_Vegas,AOI_2_Vegas:-11528:3613,test,colour-r120_c15,blur_resize,fixed,0.9,0.25,0,0,10,0,0.0,colour
AOI_2_Vegas_img1104,AOI_2_Vegas,AOI_2_Vegas:-11528:3613,test,colour-r120_c15,blur_resize,fixed,1.2,0.25,0,0,10,0,0.0,colour
AOI_2_Vegas_img1104,AOI_2_Vegas,AOI_2_Vegas:-11528:3613,test,colour-r120_c15,blur_resize,fixed,1.8,0.25,0,0,10,0,0.0,colour
AOI_2_Vegas_img1104,AOI_2_Vegas,AOI_2_Vegas:-11528:3613,test,colour-r120_c15,blur_resize,fixed,2.4,0.25,0,0,10,0,0.0,colour
AOI_2_Vegas_img1104,AOI_2_Vegas,AOI_2_Vegas:-11528:3613,test,colour-r120_c15,blur_resize,fixed,3.6,0.25,0,0,10,0,0.0,colour
AOI_2_Vegas_img1104,AOI_2_Vegas,AOI_2_Vegas:-11528:3613,test,colour-r120_c15,blur_resize,fixed,5.0,0.25,0,0,10,0,0.0,colour
AOI_2_Vegas_img1104,AOI_2_Vegas,AOI_2_Vegas:-11528:3613,test,colour-r120_c15,blur_resize,fixed,10.0,0.25,0,0,10,0,0.0,colour
AOI_2_Vegas_img1122,AOI_2_Vegas,AOI_2_Vegas:-11528:3616,test,colour-r120_c15,blur_resize,fixed,0.3,0.25,7,48,29,0,0.5,colour
AOI_2_Vegas_img1122,AOI_2_Vegas,AOI_2_Vegas:-11528:3616,test,colour-r120_c15,blur_resize,fixed,0.45,0.25,7,9,29,0,1.1,colour
AOI_2_Vegas_img1122,AOI_2_Vegas,AOI_2_Vegas:-11528:3616,test,colour-r120_c15,blur_resize,fixed,0.6,0.25,8,9,29,0,0.75,colour
AOI_2_Vegas_img1122,AOI_2_Vegas,AOI_2_Vegas:-11528:3616,test,colour-r120_c15,blur_resize,fixed,0.9,0.25,7,9,29,0,1.05,colour
AOI_2_Vegas_img1122,AOI_2_Vegas,AOI_2_Vegas:-11528:3616,test,colour-r120_c15,blur_resize,fixed,1.2,0.25,8,9,29,0,0.6,colour
AOI_2_Vegas_img1122,AOI_2_Vegas,AOI_2_Vegas:-11528:3616,test,colour-r120_c15,blur_resize,fixed,1.8,0.25,7,9,29,0,0.7,colour
AOI_2_Vegas_img1122,AOI_2_Vegas,AOI_2_Vegas:-11528:3616,test,colour-r120_c15,blur_resize,fixed,2.4,0.25,5,9,29,0,0.75,colour
AOI_2_Vegas_img1122,AOI_2_Vegas,AOI_2_Vegas:-11528:3616,test,colour-r120_c15,blur_resize,fixed,3.6,0.25,5,15,29,0,0.65,colour
AOI_2_Vegas_img1122,AOI_2_Vegas,AOI_2_Vegas:-11528:3616,test,colour-r120_c15,blur_resize,fixed,5.0,0.25,4,8,29,0,0.7,colour
AOI_2_Vegas_img1122,AOI_2_Vegas,AOI_2_Vegas:-11528:3616,test,colour-r120_c15,blur_resize,fixed,10.0,0.25,1,29,29,0,0.05,colour
AOI_2_Vegas_img1163,AOI_2_Vegas,AOI_2_Vegas:-11528:3623,test,colour-r120_c15,blur_resize,fixed,0.3,0.25,1,2,33,0,0.0,colour
AOI_2_Vegas_img1163,AOI_2_Vegas,AOI_2_Vegas:-11528:3623,test,colour-r120_c15,blur_resize,fixed,0.45,0.25,1,2,33,0,0.05,colour
AOI_2_Vegas_img1163,AOI_2_Vegas,AOI_2_Vegas:-11528:3623,test,colour-r120_c15,blur_resize,fixed,0.6,0.25,1,2,33,0,0.05,colour
AOI_2_Vegas_img1163,AOI_2_Vegas,AOI_2_Vegas:-11528:3623,test,colour-r120_c15,blur_resize,fixed,0.9,0.25,1,2,33,0,0.05,colour
AOI_2_Vegas_img1163,AOI_2_Vegas,AOI_2_Vegas:-11528:3623,test,colour-r120_c15,blur_resize,fixed,1.2,0.25,1,2,33,0,0.0,colour
AOI_2_Vegas_img1163,AOI_2_Vegas,AOI_2_Vegas:-11528:3623,test,colour-r120_c15,blur_resize,fixed,1.8,0.25,1,1,33,0,0.0,colour
AOI_2_Vegas_img1163,AOI_2_Vegas,AOI_2_Vegas:-11528:3623,test,colour-r120_c15,blur_resize,fixed,2.4,0.25,0,1,33,0,0.0,colour
AOI_2_Vegas_img1163,AOI_2_Vegas,AOI_2_Vegas:-11528:3623,test,colour-r120_c15,blur_resize,fixed,3.6,0.25,0,1,33,0,0.05,colour
AOI_2_Vegas_img1163,AOI_2_Vegas,AOI_2_Vegas:-11528:3623,test,colour-r120_c15,blur_resize,fixed,5.0,0.25,0,0,33,0,0.0,colour
AOI_2_Vegas_img1163,AOI_2_Vegas,AOI_2_Vegas:-11528:3623,test,colour-r120_c15,blur_resize,fixed,10.0,0.25,0,0,33,0,0.0,colour
AOI_2_Vegas_img118,AOI_2_Vegas,AOI_2_Vegas:-11531:3613,test,colour-r120_c15,blur_resize,fixed,0.3,0.25,3,45,27,0,0.15,colour
AOI_2_Vegas_img118,AOI_2_Vegas,AOI_2_Vegas:-11531:3613,test,colour-r120_c15,blur_resize,fixed,0.45,0.25,3,25,27,0,0.4,colour
AOI_2_Vegas_img118,AOI_2_Vegas,AOI_2_Vegas:-11531:3613,test,colour-r120_c15,blur_resize,fixed,0.6,0.25,3,27,27,0,0.15,colour
AOI_2_Vegas_img118,AOI_2_Vegas,AOI_2_Vegas:-11531:3613,test,colour-r120_c15,blur_resize,fixed,0.9,0.25,3,24,27,0,0.3,colour
AOI_2_Vegas_img118,AOI_2_Vegas,AOI_2_Vegas:-11531:3613,test,colour-r120_c15,blur_resize,fixed,1.2,0.25,3,26,27,0,0.35,colour
AOI_2_Vegas_img118,AOI_2_Vegas,AOI_2_Vegas:-11531:3613,test,colour-r120_c15,blur_resize,fixed,1.8,0.25,3,33,27,0,0.4,colour
AOI_2_Vegas_img118,AOI_2_Vegas,AOI_2_Vegas:-11531:3613,test,colour-r120_c15,blur_resize,fixed,2.4,0.25,3,33,27,0,0.45,colour
AOI_2_Vegas_img118,AOI_2_Vegas,AOI_2_Vegas:-11531:3613,test,colour-r120_c15,blur_resize,fixed,3.6,0.25,3,19,27,0,0.2,colour
AOI_2_Vegas_img118,AOI_2_Vegas,AOI_2_Vegas:-11531:3613,test,colour-r120_c15,blur_resize,fixed,5.0,0.25,1,20,27,0,0.05,colour
AOI_2_Vegas_img118,AOI_2_Vegas,AOI_2_Vegas:-11531:3613,test,colour-r120_c15,blur_resize,fixed,10.0,0.25,0,0,27,0,0.0,colour
AOI_2_Vegas_img1197,AOI_2_Vegas,AOI_2_Vegas:-11528:3618,test,colour-r120_c15,blur_resize,fixed,0.3,0.25,0,0,50,0,0.0,colour
AOI_2_Vegas_img1197,AOI_2_Vegas,AOI_2_Vegas:-11528:3618,test,colour-r120_c15,blur_resize,fixed,0.45,0.25,0,0,50,0,0.0,colour
AOI_2_Vegas_img1197,AOI_2_Vegas,AOI_2_Vegas:-11528:3618,test,colour-r120_c15,blur_resize,fixed,0.6,0.25,0,0,50,0,0.0,colour
AOI_2_Vegas_img1197,AOI_2_Vegas,AOI_2_Vegas:-11528:3618,test,colour-r120_c15,blur_resize,fixed,0.9,0.25,0,0,50,0,0.0,colour
AOI_2_Vegas_img1197,AOI_2_Vegas,AOI_2_Vegas:-11528:3618,test,colour-r120_c15,blur_resize,fixed,1.2,0.25,0,0,50,0,0.0,colour
AOI_2_Vegas_img1197,AOI_2_Vegas,AOI_2_Vegas:-11528:3618,test,colour-r120_c15,blur_resize,fixed,1.8,0.25,0,0,50,0,0.0,colour
AOI_2_Vegas_img1197,AOI_2_Vegas,AOI_2_Vegas:-11528:3618,test,colour-r120_c15,blur_resize,fixed,2.4,0.25,0,0,50,0,0.0,colour
AOI_2_Vegas_img1197,AOI_2_Vegas,AOI_2_Vegas:-11528:3618,test,colour-r120_c15,blur_resize,fixed,3.6,0.25,0,0,50,0,0.0,colour
AOI_2_Vegas_img1197,AOI_2_Vegas,AOI_2_Vegas:-11528:3618,test,colour-r120_c15,blur_resize,fixed,5.0,0.25,0,0,50,0,0.0,colour
AOI_2_Vegas_img1197,AOI_2_Vegas,AOI_2_Vegas:-11528:3618,test,colour-r120_c15,blur_resize,fixed,10.0,0.25,0,0,50,0,0.0,colour
AOI_2_Vegas_img1215,AOI_2_Vegas,AOI_2_Vegas:-11528:3621,test,colour-r120_c15,blur_resize,fixed,0.3,0.25,13,105,29,0,1.2,colour
AOI_2_Vegas_img1215,AOI_2_Vegas,AOI_2_Vegas:-11528:3621,test,colour-r120_c15,blur_resize,fixed,0.45,0.25,14,40,29,0,1.35,colour
AOI_2_Vegas_img1215,AOI_2_Vegas,AOI_2_Vegas:-11528:3621,test,colour-r120_c15,blur_resize,fixed,0.6,0.25,14,35,29,0,0.9,colour
AOI_2_Vegas_img1215,AOI_2_Vegas,AOI_2_Vegas:-11528:3621,test,colour-r120_c15,blur_resize,fixed,0.9,0.25,14,41,29,0,1.25,colour
AOI_2_Vegas_img1215,AOI_2_Vegas,AOI_2_Vegas:-11528:3621,test,colour-r120_c15,blur_resize,fixed,1.2,0.25,14,32,29,0,1.15,colour
AOI_2_Vegas_img1215,AOI_2_Vegas,AOI_2_Vegas:-11528:3621,test,colour-r120_c15,blur_resize,fixed,1.8,0.25,13,35,29,0,0.95,colour
AOI_2_Vegas_img1215,AOI_2_Vegas,AOI_2_Vegas:-11528:3621,test,colour-r120_c15,blur_resize,fixed,2.4,0.25,12,42,29,0,1.35,colour
AOI_2_Vegas_img1215,AOI_2_Vegas,AOI_2_Vegas:-11528:3621,test,colour-r120_c15,blur_resize,fixed,3.6,0.25,9,43,29,0,0.6,colour
AOI_2_Vegas_img1215,AOI_2_Vegas,AOI_2_Vegas:-11528:3621,test,colour-r120_c15,blur_resize,fixed,5.0,0.25,4,28,29,0,0.25,colour
AOI_2_Vegas_img1215,AOI_2_Vegas,AOI_2_Vegas:-11528:3621,test,colour-r120_c15,blur_resize,fixed,10.0,0.25,0,0,29,0,0.0,colour
AOI_2_Vegas_img1216,AOI_2_Vegas,AOI_2_Vegas:-11528:3621,test,colour-r120_c15,blur_resize,fixed,0.3,0.25,0,2,31,0,0.15,colour
AOI_2_Vegas_img1216,AOI_2_Vegas,AOI_2_Vegas:-11528:3621,test,colour-r120_c15,blur_resize,fixed,0.45,0.25,0,2,31,0,0.0,colour
AOI_2_Vegas_img1216,AOI_2_Vegas,AOI_2_Vegas:-11528:3621,test,colour-r120_c15,blur_resize,fixed,0.6,0.25,0,3,31,0,0.1,colour
AOI_2_Vegas_img1216,AOI_2_Vegas,AOI_2_Vegas:-11528:3621,test,colour-r120_c15,blur_resize,fixed,0.9,0.25,0,2,31,0,0.1,colour
AOI_2_Vegas_img1216,AOI_2_Vegas,AOI_2_Vegas:-11528:3621,test,colour-r120_c15,blur_resize,fixed,1.2,0.25,0,2,31,0,0.0,colour
AOI_2_Vegas_img1216,AOI_2_Vegas,AOI_2_Vegas:-11528:3621,test,colour-r120_c15,blur_resize,fixed,1.8,0.25,0,3,31,0,0.05,colour
AOI_2_Vegas_img1216,AOI_2_Vegas,AOI_2_Vegas:-11528:3621,test,colour-r120_c15,blur_resize,fixed,2.4,0.25,0,2,31,0,0.05,colour
AOI_2_Vegas_img1216,AOI_2_Vegas,AOI_2_Vegas:-11528:3621,test,colour-r120_c15,blur_resize,fixed,3.6,0.25,0,1,31,0,0.1,colour
AOI_2_Vegas_img1216,AOI_2_Vegas,AOI_2_Vegas:-11528:3621,test,colour-r120_c15,blur_resize,fixed,5.0,0.25,0,5,31,0,0.0,colour
AOI_2_Vegas_img1216,AOI_2_Vegas,AOI_2_Vegas:-11528:3621,test,colour-r120_c15,blur_resize,fixed,10.0,0.25,0,0,31,0,0.0,colour
AOI_2_Vegas_img1217,AOI_2_Vegas,AOI_2_Vegas:-11528:3621,test,colour-r120_c15,blur_resize,fixed,0.3,0.25,0,0,52,0,0.0,colour
AOI_2_Vegas_img1217,AOI_2_Vegas,AOI_2_Vegas:-11528:3621,test,colour-r120_c15,blur_resize,fixed,0.45,0.25,0,0,52,0,0.0,colour
AOI_2_Vegas_img1217,AOI_2_Vegas,AOI_2_Vegas:-11528:3621,test,colour-r120_c15,blur_resize,fixed,0.6,0.25,0,0,52,0,0.0,colour
AOI_2_Vegas_img1217,AOI_2_Vegas,AOI_2_Vegas:-11528:3621,test,colour-r120_c15,blur_resize,fixed,0.9,0.25,0,0,52,0,0.0,colour
AOI_2_Vegas_img1217,AOI_2_Vegas,AOI_2_Vegas:-11528:3621,test,colour-r120_c15,blur_resize,fixed,1.2,0.25,0,0,52,0,0.0,colour
AOI_2_Vegas_img1217,AOI_2_Vegas,AOI_2_Vegas:-11528:3621,test,colour-r120_c15,blur_resize,fixed,1.8,0.25,0,0,52,0,0.0,colour
AOI_2_Vegas_img1217,AOI_2_Vegas,AOI_2_Vegas:-11528:3621,test,colour-r120_c15,blur_resize,fixed,2.4,0.25,0,0,52,0,0.0,colour
AOI_2_Vegas_img1217,AOI_2_Vegas,AOI_2_Vegas:-11528:3621,test,colour-r120_c15,blur_resize,fixed,3.6,0.25,0,0,52,0,0.0,colour
AOI_2_Vegas_img1217,AOI_2_Vegas,AOI_2_Vegas:-11528:3621,test,colour-r120_c15,blur_resize,fixed,5.0,0.25,0,0,52,0,0.0,colour
AOI_2_Vegas_img1217,AOI_2_Vegas,AOI_2_Vegas:-11528:3621,test,colour-r120_c15,blur_resize,fixed,10.0,0.25,0,0,52,0,0.0,colour
AOI_2_Vegas_img1246,AOI_2_Vegas,AOI_2_Vegas:-11528:3615,test,colour-r120_c15,blur_resize,fixed,0.3,0.25,0,8,40,0,0.0,colour
AOI_2_Vegas_img1246,AOI_2_Vegas,AOI_2_Vegas:-11528:3615,test,colour-r120_c15,blur_resize,fixed,0.45,0.25,0,6,40,0,0.0,colour
AOI_2_Vegas_img1246,AOI_2_Vegas,AOI_2_Vegas:-11528:3615,test,colour-r120_c15,blur_resize,fixed,0.6,0.25,0,6,40,0,0.0,colour
AOI_2_Vegas_img1246,AOI_2_Vegas,AOI_2_Vegas:-11528:3615,test,colour-r120_c15,blur_resize,fixed,0.9,0.25,0,4,40,0,0.0,colour
AOI_2_Vegas_img1246,AOI_2_Vegas,AOI_2_Vegas:-11528:3615,test,colour-r120_c15,blur_resize,fixed,1.2,0.25,0,3,40,0,0.0,colour
AOI_2_Vegas_img1246,AOI_2_Vegas,AOI_2_Vegas:-11528:3615,test,colour-r120_c15,blur_resize,fixed,1.8,0.25,0,1,40,0,0.0,colour
AOI_2_Vegas_img1246,AOI_2_Vegas,AOI_2_Vegas:-11528:3615,test,colour-r120_c15,blur_resize,fixed,2.4,0.25,0,2,40,0,0.0,colour
AOI_2_Vegas_img1246,AOI_2_Vegas,AOI_2_Vegas:-11528:3615,test,colour-r120_c15,blur_resize,fixed,3.6,0.25,0,0,40,0,0.0,colour
AOI_2_Vegas_img1246,AOI_2_Vegas,AOI_2_Vegas:-11528:3615,test,colour-r120_c15,blur_resize,fixed,5.0,0.25,0,0,40,0,0.0,colour
AOI_2_Vegas_img1246,AOI_2_Vegas,AOI_2_Vegas:-11528:3615,test,colour-r120_c15,blur_resize,fixed,10.0,0.25,0,0,40,0,0.0,colour
AOI_2_Vegas_img1290,AOI_2_Vegas,AOI_2_Vegas:-11528:3623,test,colour-r120_c15,blur_resize,fixed,0.3,0.25,0,0,45,0,0.0,colour
AOI_2_Vegas_img1290,AOI_2_Vegas,AOI_2_Vegas:-11528:3623,test,colour-r120_c15,blur_resize,fixed,0.45,0.25,0,0,45,0,0.0,colour
AOI_2_Vegas_img1290,AOI_2_Vegas,AOI_2_Vegas:-11528:3623,test,colour-r120_c15,blur_resize,fixed,0.6,0.25,0,0,45,0,0.0,colour
AOI_2_Vegas_img1290,AOI_2_Vegas,AOI_2_Vegas:-11528:3623,test,colour-r120_c15,blur_resize,fixed,0.9,0.25,0,0,45,0,0.0,colour
AOI_2_Vegas_img1290,AOI_2_Vegas,AOI_2_Vegas:-11528:3623,test,colour-r120_c15,blur_resize,fixed,1.2,0.25,0,0,45,0,0.0,colour
AOI_2_Vegas_img1290,AOI_2_Vegas,AOI_2_Vegas:-11528:3623,test,colour-r120_c15,blur_resize,fixed,1.8,0.25,0,0,45,0,0.0,colour
AOI_2_Vegas_img1290,AOI_2_Vegas,AOI_2_Vegas:-11528:3623,test,colour-r120_c15,blur_resize,fixed,2.4,0.25,0,0,45,0,0.0,colour
AOI_2_Vegas_img1290,AOI_2_Vegas,AOI_2_Vegas:-11528:3623,test,colour-r120_c15,blur_resize,fixed,3.6,0.25,0,0,45,0,0.0,colour
AOI_2_Vegas_img1290,AOI_2_Vegas,AOI_2_Vegas:-11528:3623,test,colour-r120_c15,blur_resize,fixed,5.0,0.25,0,0,45,0,0.0,colour
AOI_2_Vegas_img1290,AOI_2_Vegas,AOI_2_Vegas:-11528:3623,test,colour-r120_c15,blur_resize,fixed,10.0,0.25,0,0,45,0,0.0,colour
AOI_2_Vegas_img1381,AOI_2_Vegas,AOI_2_Vegas:-11527:3617,test,colour-r120_c15,blur_resize,fixed,0.3,0.25,0,0,52,0,0.0,colour
AOI_2_Vegas_img1381,AOI_2_Vegas,AOI_2_Vegas:-11527:3617,test,colour-r120_c15,blur_resize,fixed,0.45,0.25,0,0,52,0,0.0,colour
AOI_2_Vegas_img1381,AOI_2_Vegas,AOI_2_Vegas:-11527:3617,test,colour-r120_c15,blur_resize,fixed,0.6,0.25,0,1,52,0,0.0,colour
AOI_2_Vegas_img1381,AOI_2_Vegas,AOI_2_Vegas:-11527:3617,test,colour-r120_c15,blur_resize,fixed,0.9,0.25,0,0,52,0,0.0,colour
AOI_2_Vegas_img1381,AOI_2_Vegas,AOI_2_Vegas:-11527:3617,test,colour-r120_c15,blur_resize,fixed,1.2,0.25,0,0,52,0,0.0,colour
AOI_2_Vegas_img1381,AOI_2_Vegas,AOI_2_Vegas:-11527:3617,test,colour-r120_c15,blur_resize,fixed,1.8,0.25,0,0,52,0,0.0,colour
AOI_2_Vegas_img1381,AOI_2_Vegas,AOI_2_Vegas:-11527:3617,test,colour-r120_c15,blur_resize,fixed,2.4,0.25,0,0,52,0,0.0,colour
AOI_2_Vegas_img1381,AOI_2_Vegas,AOI_2_Vegas:-11527:3617,test,colour-r120_c15,blur_resize,fixed,3.6,0.25,0,0,52,0,0.0,colour
AOI_2_Vegas_img1381,AOI_2_Vegas,AOI_2_Vegas:-11527:3617,test,colour-r120_c15,blur_resize,fixed,5.0,0.25,0,0,52,0,0.0,colour
AOI_2_Vegas_img1381,AOI_2_Vegas,AOI_2_Vegas:-11527:3617,test,colour-r120_c15,blur_resize,fixed,10.0,0.25,0,0,52,0,0.0,colour
AOI_2_Vegas_img139,AOI_2_Vegas,AOI_2_Vegas:-11531:3617,test,colour-r120_c15,blur_resize,fixed,0.3,0.25,0,49,26,0,0.05,colour
AOI_2_Vegas_img139,AOI_2_Vegas,AOI_2_Vegas:-11531:3617,test,colour-r120_c15,blur_resize,fixed,0.45,0.25,0,10,26,0,0.05,colour
AOI_2_Vegas_img139,AOI_2_Vegas,AOI_2_Vegas:-11531:3617,test,colour-r120_c15,blur_resize,fixed,0.6,0.25,0,9,26,0,0.0,colour
AOI_2_Vegas_img139,AOI_2_Vegas,AOI_2_Vegas:-11531:3617,test,colour-r120_c15,blur_resize,fixed,0.9,0.25,0,4,26,0,0.0,colour
AOI_2_Vegas_img139,AOI_2_Vegas,AOI_2_Vegas:-11531:3617,test,colour-r120_c15,blur_resize,fixed,1.2,0.25,0,3,26,0,0.0,colour
AOI_2_Vegas_img139,AOI_2_Vegas,AOI_2_Vegas:-11531:3617,test,colour-r120_c15,blur_resize,fixed,1.8,0.25,0,3,26,0,0.0,colour
AOI_2_Vegas_img139,AOI_2_Vegas,AOI_2_Vegas:-11531:3617,test,colour-r120_c15,blur_resize,fixed,2.4,0.25,0,2,26,0,0.05,colour
AOI_2_Vegas_img139,AOI_2_Vegas,AOI_2_Vegas:-11531:3617,test,colour-r120_c15,blur_resize,fixed,3.6,0.25,0,2,26,0,0.0,colour
AOI_2_Vegas_img139,AOI_2_Vegas,AOI_2_Vegas:-11531:3617,test,colour-r120_c15,blur_resize,fixed,5.0,0.25,0,4,26,0,0.0,colour
AOI_2_Vegas_img139,AOI_2_Vegas,AOI_2_Vegas:-11531:3617,test,colour-r120_c15,blur_resize,fixed,10.0,0.25,0,0,26,0,0.0,colour
AOI_2_Vegas_img1489,AOI_2_Vegas,AOI_2_Vegas:-11527:3614,test,colour-r120_c15,blur_resize,fixed,0.3,0.25,0,0,14,0,0.0,colour
AOI_2_Vegas_img1489,AOI_2_Vegas,AOI_2_Vegas:-11527:3614,test,colour-r120_c15,blur_resize,fixed,0.45,0.25,0,0,14,0,0.0,colour
AOI_2_Vegas_img1489,AOI_2_Vegas,AOI_2_Vegas:-11527:3614,test,colour-r120_c15,blur_resize,fixed,0.6,0.25,0,0,14,0,0.0,colour
AOI_2_Vegas_img1489,AOI_2_Vegas,AOI_2_Vegas:-11527:3614,test,colour-r120_c15,blur_resize,fixed,0.9,0.25,0,0,14,0,0.0,colour
AOI_2_Vegas_img1489,AOI_2_Vegas,AOI_2_Vegas:-11527:3614,test,colour-r120_c15,blur_resize,fixed,1.2,0.25,0,0,14,0,0.0,colour
AOI_2_Vegas_img1489,AOI_2_Vegas,AOI_2_Vegas:-11527:3614,test,colour-r120_c15,blur_resize,fixed,1.8,0.25,0,0,14,0,0.0,colour
AOI_2_Vegas_img1489,AOI_2_Vegas,AOI_2_Vegas:-11527:3614,test,colour-r120_c15,blur_resize,fixed,2.4,0.25,0,0,14,0,0.0,colour
AOI_2_Vegas_img1489,AOI_2_Vegas,AOI_2_Vegas:-11527:3614,test,colour-r120_c15,blur_resize,fixed,3.6,0.25,0,0,14,0,0.0,colour
AOI_2_Vegas_img1489,AOI_2_Vegas,AOI_2_Vegas:-11527:3614,test,colour-r120_c15,blur_resize,fixed,5.0,0.25,0,0,14,0,0.0,colour
AOI_2_Vegas_img1489,AOI_2_Vegas,AOI_2_Vegas:-11527:3614,test,colour-r120_c15,blur_resize,fixed,10.0,0.25,0,0,14,0,0.0,colour
AOI_2_Vegas_img1504,AOI_2_Vegas,AOI_2_Vegas:-11527:3616,test,colour-r120_c15,blur_resize,fixed,0.3,0.25,0,0,11,0,0.0,colour
AOI_2_Vegas_img1504,AOI_2_Vegas,AOI_2_Vegas:-11527:3616,test,colour-r120_c15,blur_resize,fixed,0.45,0.25,0,0,11,0,0.0,colour
AOI_2_Vegas_img1504,AOI_2_Vegas,AOI_2_Vegas:-11527:3616,test,colour-r120_c15,blur_resize,fixed,0.6,0.25,0,0,11,0,0.0,colour
AOI_2_Vegas_img1504,AOI_2_Vegas,AOI_2_Vegas:-11527:3616,test,colour-r120_c15,blur_resize,fixed,0.9,0.25,0,0,11,0,0.0,colour
AOI_2_Vegas_img1504,AOI_2_Vegas,AOI_2_Vegas:-11527:3616,test,colour-r120_c15,blur_resize,fixed,1.2,0.25,0,0,11,0,0.0,colour
AOI_2_Vegas_img1504,AOI_2_Vegas,AOI_2_Vegas:-11527:3616,test,colour-r120_c15,blur_resize,fixed,1.8,0.25,0,0,11,0,0.0,colour
AOI_2_Vegas_img1504,AOI_2_Vegas,AOI_2_Vegas:-11527:3616,test,colour-r120_c15,blur_resize,fixed,2.4,0.25,0,0,11,0,0.0,colour
AOI_2_Vegas_img1504,AOI_2_Vegas,AOI_2_Vegas:-11527:3616,test,colour-r120_c15,blur_resize,fixed,3.6,0.25,0,0,11,0,0.0,colour
AOI_2_Vegas_img1504,AOI_2_Vegas,AOI_2_Vegas:-11527:3616,test,colour-r120_c15,blur_resize,fixed,5.0,0.25,0,0,11,0,0.0,colour
AOI_2_Vegas_img1504,AOI_2_Vegas,AOI_2_Vegas:-11527:3616,test,colour-r120_c15,blur_resize,fixed,10.0,0.25,0,0,11,0,0.0,colour
AOI_2_Vegas_img1510,AOI_2_Vegas,AOI_2_Vegas:-11527:3618,test,colour-r120_c15,blur_resize,fixed,0.3,0.25,0,0,1,0,0.0,colour
AOI_2_Vegas_img1510,AOI_2_Vegas,AOI_2_Vegas:-11527:3618,test,colour-r120_c15,blur_resize,fixed,0.45,0.25,0,0,1,0,0.0,colour
AOI_2_Vegas_img1510,AOI_2_Vegas,AOI_2_Vegas:-11527:3618,test,colour-r120_c15,blur_resize,fixed,0.6,0.25,0,0,1,0,0.0,colour
AOI_2_Vegas_img1510,AOI_2_Vegas,AOI_2_Vegas:-11527:3618,test,colour-r120_c15,blur_resize,fixed,0.9,0.25,0,0,1,0,0.0,colour
AOI_2_Vegas_img1510,AOI_2_Vegas,AOI_2_Vegas:-11527:3618,test,colour-r120_c15,blur_resize,fixed,1.2,0.25,0,0,1,0,0.0,colour
AOI_2_Vegas_img1510,AOI_2_Vegas,AOI_2_Vegas:-11527:3618,test,colour-r120_c15,blur_resize,fixed,1.8,0.25,0,0,1,0,0.0,colour
AOI_2_Vegas_img1510,AOI_2_Vegas,AOI_2_Vegas:-11527:3618,test,colour-r120_c15,blur_resize,fixed,2.4,0.25,0,0,1,0,0.0,colour
AOI_2_Vegas_img1510,AOI_2_Vegas,AOI_2_Vegas:-11527:3618,test,colour-r120_c15,blur_resize,fixed,3.6,0.25,0,0,1,0,0.0,colour
AOI_2_Vegas_img1510,AOI_2_Vegas,AOI_2_Vegas:-11527:3618,test,colour-r120_c15,blur_resize,fixed,5.0,0.25,0,0,1,0,0.0,colour
AOI_2_Vegas_img1510,AOI_2_Vegas,AOI_2_Vegas:-11527:3618,test,colour-r120_c15,blur_resize,fixed,10.0,0.25,0,0,1,0,0.0,colour
AOI_2_Vegas_img1536,AOI_2_Vegas,AOI_2_Vegas:-11527:3622,test,colour-r120_c15,blur_resize,fixed,0.3,0.25,0,3,24,0,0.0,colour
AOI_2_Vegas_img1536,AOI_2_Vegas,AOI_2_Vegas:-11527:3622,test,colour-r120_c15,blur_resize,fixed,0.45,0.25,0,5,24,0,0.0,colour
AOI_2_Vegas_img1536,AOI_2_Vegas,AOI_2_Vegas:-11527:3622,test,colour-r120_c15,blur_resize,fixed,0.6,0.25,0,4,24,0,0.0,colour
AOI_2_Vegas_img1536,AOI_2_Vegas,AOI_2_Vegas:-11527:3622,test,colour-r120_c15,blur_resize,fixed,0.9,0.25,0,4,24,0,0.0,colour
AOI_2_Vegas_img1536,AOI_2_Vegas,AOI_2_Vegas:-11527:3622,test,colour-r120_c15,blur_resize,fixed,1.2,0.25,0,4,24,0,0.05,colour
AOI_2_Vegas_img1536,AOI_2_Vegas,AOI_2_Vegas:-11527:3622,test,colour-r120_c15,blur_resize,fixed,1.8,0.25,0,4,24,0,0.0,colour
AOI_2_Vegas_img1536,AOI_2_Vegas,AOI_2_Vegas:-11527:3622,test,colour-r120_c15,blur_resize,fixed,2.4,0.25,0,1,24,0,0.0,colour
AOI_2_Vegas_img1536,AOI_2_Vegas,AOI_2_Vegas:-11527:3622,test,colour-r120_c15,blur_resize,fixed,3.6,0.25,0,5,24,0,0.0,colour
AOI_2_Vegas_img1536,AOI_2_Vegas,AOI_2_Vegas:-11527:3622,test,colour-r120_c15,blur_resize,fixed,5.0,0.25,0,7,24,0,0.0,colour
AOI_2_Vegas_img1536,AOI_2_Vegas,AOI_2_Vegas:-11527:3622,test,colour-r120_c15,blur_resize,fixed,10.0,0.25,0,0,24,0,0.0,colour
AOI_2_Vegas_img1540,AOI_2_Vegas,AOI_2_Vegas:-11527:3623,test,colour-r120_c15,blur_resize,fixed,0.3,0.25,0,0,36,0,0.0,colour
AOI_2_Vegas_img1540,AOI_2_Vegas,AOI_2_Vegas:-11527:3623,test,colour-r120_c15,blur_resize,fixed,0.45,0.25,0,0,36,0,0.0,colour
AOI_2_Vegas_img1540,AOI_2_Vegas,AOI_2_Vegas:-11527:3623,test,colour-r120_c15,blur_resize,fixed,0.6,0.25,0,0,36,0,0.0,colour
AOI_2_Vegas_img1540,AOI_2_Vegas,AOI_2_Vegas:-11527:3623,test,colour-r120_c15,blur_resize,fixed,0.9,0.25,0,0,36,0,0.0,colour
AOI_2_Vegas_img1540,AOI_2_Vegas,AOI_2_Vegas:-11527:3623,test,colour-r120_c15,blur_resize,fixed,1.2,0.25,0,0,36,0,0.0,colour
AOI_2_Vegas_img1540,AOI_2_Vegas,AOI_2_Vegas:-11527:3623,test,colour-r120_c15,blur_resize,fixed,1.8,0.25,0,0,36,0,0.0,colour
AOI_2_Vegas_img1540,AOI_2_Vegas,AOI_2_Vegas:-11527:3623,test,colour-r120_c15,blur_resize,fixed,2.4,0.25,0,0,36,0,0.0,colour
AOI_2_Vegas_img1540,AOI_2_Vegas,AOI_2_Vegas:-11527:3623,test,colour-r120_c15,blur_resize,fixed,3.6,0.25,0,0,36,0,0.0,colour
AOI_2_Vegas_img1540,AOI_2_Vegas,AOI_2_Vegas:-11527:3623,test,colour-r120_c15,blur_resize,fixed,5.0,0.25,0,0,36,0,0.0,colour
AOI_2_Vegas_img1540,AOI_2_Vegas,AOI_2_Vegas:-11527:3623,test,colour-r120_c15,blur_resize,fixed,10.0,0.25,0,0,36,0,0.0,colour
AOI_2_Vegas_img1542,AOI_2_Vegas,AOI_2_Vegas:-11527:3612,test,colour-r120_c15,blur_resize,fixed,0.3,0.25,0,0,61,0,0.0,colour
AOI_2_Vegas_img1542,AOI_2_Vegas,AOI_2_Vegas:-11527:3612,test,colour-r120_c15,blur_resize,fixed,0.45,0.25,0,0,61,0,0.0,colour
AOI_2_Vegas_img1542,AOI_2_Vegas,AOI_2_Vegas:-11527:3612,test,colour-r120_c15,blur_resize,fixed,0.6,0.25,0,0,61,0,0.0,colour
AOI_2_Vegas_img1542,AOI_2_Vegas,AOI_2_Vegas:-11527:3612,test,colour-r120_c15,blur_resize,fixed,0.9,0.25,0,0,61,0,0.0,colour
AOI_2_Vegas_img1542,AOI_2_Vegas,AOI_2_Vegas:-11527:3612,test,colour-r120_c15,blur_resize,fixed,1.2,0.25,0,0,61,0,0.0,colour
AOI_2_Vegas_img1542,AOI_2_Vegas,AOI_2_Vegas:-11527:3612,test,colour-r120_c15,blur_resize,fixed,1.8,0.25,0,0,61,0,0.0,colour
AOI_2_Vegas_img1542,AOI_2_Vegas,AOI_2_Vegas:-11527:3612,test,colour-r120_c15,blur_resize,fixed,2.4,0.25,0,0,61,0,0.0,colour
AOI_2_Vegas_img1542,AOI_2_Vegas,AOI_2_Vegas:-11527:3612,test,colour-r120_c15,blur_resize,fixed,3.6,0.25,0,0,61,0,0.0,colour
AOI_2_Vegas_img1542,AOI_2_Vegas,AOI_2_Vegas:-11527:3612,test,colour-r120_c15,blur_resize,fixed,5.0,0.25,0,0,61,0,0.0,colour
AOI_2_Vegas_img1542,AOI_2_Vegas,AOI_2_Vegas:-11527:3612,test,colour-r120_c15,blur_resize,fixed,10.0,0.25,0,0,61,0,0.0,colour
AOI_2_Vegas_img1548,AOI_2_Vegas,AOI_2_Vegas:-11527:3613,test,colour-r120_c15,blur_resize,fixed,0.3,0.25,0,0,26,0,0.0,colour
AOI_2_Vegas_img1548,AOI_2_Vegas,AOI_2_Vegas:-11527:3613,test,colour-r120_c15,blur_resize,fixed,0.45,0.25,0,0,26,0,0.0,colour
AOI_2_Vegas_img1548,AOI_2_Vegas,AOI_2_Vegas:-11527:3613,test,colour-r120_c15,blur_resize,fixed,0.6,0.25,0,0,26,0,0.0,colour
AOI_2_Vegas_img1548,AOI_2_Vegas,AOI_2_Vegas:-11527:3613,test,colour-r120_c15,blur_resize,fixed,0.9,0.25,0,0,26,0,0.0,colour
AOI_2_Vegas_img1548,AOI_2_Vegas,AOI_2_Vegas:-11527:3613,test,colour-r120_c15,blur_resize,fixed,1.2,0.25,0,0,26,0,0.0,colour
AOI_2_Vegas_img1548,AOI_2_Vegas,AOI_2_Vegas:-11527:3613,test,colour-r120_c15,blur_resize,fixed,1.8,0.25,0,0,26,0,0.0,colour
AOI_2_Vegas_img1548,AOI_2_Vegas,AOI_2_Vegas:-11527:3613,test,colour-r120_c15,blur_resize,fixed,2.4,0.25,0,0,26,0,0.0,colour
AOI_2_Vegas_img1548,AOI_2_Vegas,AOI_2_Vegas:-11527:3613,test,colour-r120_c15,blur_resize,fixed,3.6,0.25,0,0,26,0,0.0,colour
AOI_2_Vegas_img1548,AOI_2_Vegas,AOI_2_Vegas:-11527:3613,test,colour-r120_c15,blur_resize,fixed,5.0,0.25,0,0,26,0,0.0,colour
AOI_2_Vegas_img1548,AOI_2_Vegas,AOI_2_Vegas:-11527:3613,test,colour-r120_c15,blur_resize,fixed,10.0,0.25,0,0,26,0,0.0,colour
AOI_2_Vegas_img1566,AOI_2_Vegas,AOI_2_Vegas:-11527:3616,test,colour-r120_c15,blur_resize,fixed,0.3,0.25,0,0,16,0,0.0,colour
AOI_2_Vegas_img1566,AOI_2_Vegas,AOI_2_Vegas:-11527:3616,test,colour-r120_c15,blur_resize,fixed,0.45,0.25,0,0,16,0,0.0,colour
AOI_2_Vegas_img1566,AOI_2_Vegas,AOI_2_Vegas:-11527:3616,test,colour-r120_c15,blur_resize,fixed,0.6,0.25,0,0,16,0,0.0,colour
AOI_2_Vegas_img1566,AOI_2_Vegas,AOI_2_Vegas:-11527:3616,test,colour-r120_c15,blur_resize,fixed,0.9,0.25,0,0,16,0,0.0,colour
AOI_2_Vegas_img1566,AOI_2_Vegas,AOI_2_Vegas:-11527:3616,test,colour-r120_c15,blur_resize,fixed,1.2,0.25,0,0,16,0,0.0,colour
AOI_2_Vegas_img1566,AOI_2_Vegas,AOI_2_Vegas:-11527:3616,test,colour-r120_c15,blur_resize,fixed,1.8,0.25,0,0,16,0,0.0,colour
AOI_2_Vegas_img1566,AOI_2_Vegas,AOI_2_Vegas:-11527:3616,test,colour-r120_c15,blur_resize,fixed,2.4,0.25,0,0,16,0,0.0,colour
AOI_2_Vegas_img1566,AOI_2_Vegas,AOI_2_Vegas:-11527:3616,test,colour-r120_c15,blur_resize,fixed,3.6,0.25,0,0,16,0,0.0,colour
AOI_2_Vegas_img1566,AOI_2_Vegas,AOI_2_Vegas:-11527:3616,test,colour-r120_c15,blur_resize,fixed,5.0,0.25,0,0,16,0,0.0,colour
AOI_2_Vegas_img1566,AOI_2_Vegas,AOI_2_Vegas:-11527:3616,test,colour-r120_c15,blur_resize,fixed,10.0,0.25,0,0,16,0,0.0,colour
AOI_2_Vegas_img1582,AOI_2_Vegas,AOI_2_Vegas:-11527:3619,test,colour-r120_c15,blur_resize,fixed,0.3,0.25,0,0,19,0,0.0,colour
AOI_2_Vegas_img1582,AOI_2_Vegas,AOI_2_Vegas:-11527:3619,test,colour-r120_c15,blur_resize,fixed,0.45,0.25,0,0,19,0,0.0,colour
AOI_2_Vegas_img1582,AOI_2_Vegas,AOI_2_Vegas:-11527:3619,test,colour-r120_c15,blur_resize,fixed,0.6,0.25,0,0,19,0,0.0,colour
AOI_2_Vegas_img1582,AOI_2_Vegas,AOI_2_Vegas:-11527:3619,test,colour-r120_c15,blur_resize,fixed,0.9,0.25,0,0,19,0,0.0,colour
AOI_2_Vegas_img1582,AOI_2_Vegas,AOI_2_Vegas:-11527:3619,test,colour-r120_c15,blur_resize,fixed,1.2,0.25,0,0,19,0,0.0,colour
AOI_2_Vegas_img1582,AOI_2_Vegas,AOI_2_Vegas:-11527:3619,test,colour-r120_c15,blur_resize,fixed,1.8,0.25,0,0,19,0,0.0,colour
AOI_2_Vegas_img1582,AOI_2_Vegas,AOI_2_Vegas:-11527:3619,test,colour-r120_c15,blur_resize,fixed,2.4,0.25,0,0,19,0,0.0,colour
AOI_2_Vegas_img1582,AOI_2_Vegas,AOI_2_Vegas:-11527:3619,test,colour-r120_c15,blur_resize,fixed,3.6,0.25,0,0,19,0,0.0,colour
AOI_2_Vegas_img1582,AOI_2_Vegas,AOI_2_Vegas:-11527:3619,test,colour-r120_c15,blur_resize,fixed,5.0,0.25,0,0,19,0,0.0,colour
AOI_2_Vegas_img1582,AOI_2_Vegas,AOI_2_Vegas:-11527:3619,test,colour-r120_c15,blur_resize,fixed,10.0,0.25,0,0,19,0,0.0,colour
AOI_2_Vegas_img1601,AOI_2_Vegas,AOI_2_Vegas:-11527:3623,test,colour-r120_c15,blur_resize,fixed,0.3,0.25,0,11,17,0,0.0,colour
AOI_2_Vegas_img1601,AOI_2_Vegas,AOI_2_Vegas:-11527:3623,test,colour-r120_c15,blur_resize,fixed,0.45,0.25,0,7,17,0,0.0,colour
AOI_2_Vegas_img1601,AOI_2_Vegas,AOI_2_Vegas:-11527:3623,test,colour-r120_c15,blur_resize,fixed,0.6,0.25,0,9,17,0,0.0,colour
AOI_2_Vegas_img1601,AOI_2_Vegas,AOI_2_Vegas:-11527:3623,test,colour-r120_c15,blur_resize,fixed,0.9,0.25,0,5,17,0,0.0,colour
AOI_2_Vegas_img1601,AOI_2_Vegas,AOI_2_Vegas:-11527:3623,test,colour-r120_c15,blur_resize,fixed,1.2,0.25,0,5,17,0,0.0,colour
AOI_2_Vegas_img1601,AOI_2_Vegas,AOI_2_Vegas:-11527:3623,test,colour-r120_c15,blur_resize,fixed,1.8,0.25,0,1,17,0,0.0,colour
AOI_2_Vegas_img1601,AOI_2_Vegas,AOI_2_Vegas:-11527:3623,test,colour-r120_c15,blur_resize,fixed,2.4,0.25,0,3,17,0,0.0,colour
AOI_2_Vegas_img1601,AOI_2_Vegas,AOI_2_Vegas:-11527:3623,test,colour-r120_c15,blur_resize,fixed,3.6,0.25,0,0,17,0,0.0,colour
AOI_2_Vegas_img1601,AOI_2_Vegas,AOI_2_Vegas:-11527:3623,test,colour-r120_c15,blur_resize,fixed,5.0,0.25,0,0,17,0,0.0,colour
AOI_2_Vegas_img1601,AOI_2_Vegas,AOI_2_Vegas:-11527:3623,test,colour-r120_c15,blur_resize,fixed,10.0,0.25,0,0,17,0,0.0,colour
AOI_2_Vegas_img1605,AOI_2_Vegas,AOI_2_Vegas:-11527:3612,test,colour-r120_c15,blur_resize,fixed,0.3,0.25,0,0,22,0,0.0,colour
AOI_2_Vegas_img1605,AOI_2_Vegas,AOI_2_Vegas:-11527:3612,test,colour-r120_c15,blur_resize,fixed,0.45,0.25,0,0,22,0,0.0,colour
AOI_2_Vegas_img1605,AOI_2_Vegas,AOI_2_Vegas:-11527:3612,test,colour-r120_c15,blur_resize,fixed,0.6,0.25,0,0,22,0,0.0,colour
AOI_2_Vegas_img1605,AOI_2_Vegas,AOI_2_Vegas:-11527:3612,test,colour-r120_c15,blur_resize,fixed,0.9,0.25,0,0,22,0,0.0,colour
AOI_2_Vegas_img1605,AOI_2_Vegas,AOI_2_Vegas:-11527:3612,test,colour-r120_c15,blur_resize,fixed,1.2,0.25,0,0,22,0,0.0,colour
AOI_2_Vegas_img1605,AOI_2_Vegas,AOI_2_Vegas:-11527:3612,test,colour-r120_c15,blur_resize,fixed,1.8,0.25,0,0,22,0,0.0,colour
AOI_2_Vegas_img1605,AOI_2_Vegas,AOI_2_Vegas:-11527:3612,test,colour-r120_c15,blur_resize,fixed,2.4,0.25,0,0,22,0,0.0,colour
AOI_2_Vegas_img1605,AOI_2_Vegas,AOI_2_Vegas:-11527:3612,test,colour-r120_c15,blur_resize,fixed,3.6,0.25,0,0,22,0,0.0,colour
AOI_2_Vegas_img1605,AOI_2_Vegas,AOI_2_Vegas:-11527:3612,test,colour-r120_c15,blur_resize,fixed,5.0,0.25,0,0,22,0,0.0,colour
AOI_2_Vegas_img1605,AOI_2_Vegas,AOI_2_Vegas:-11527:3612,test,colour-r120_c15,blur_resize,fixed,10.0,0.25,0,0,22,0,0.0,colour
AOI_2_Vegas_img1626,AOI_2_Vegas,AOI_2_Vegas:-11527:3616,test,colour-r120_c15,blur_resize,fixed,0.3,0.25,0,0,38,0,0.0,colour
AOI_2_Vegas_img1626,AOI_2_Vegas,AOI_2_Vegas:-11527:3616,test,colour-r120_c15,blur_resize,fixed,0.45,0.25,0,0,38,0,0.0,colour
AOI_2_Vegas_img1626,AOI_2_Vegas,AOI_2_Vegas:-11527:3616,test,colour-r120_c15,blur_resize,fixed,0.6,0.25,0,0,38,0,0.0,colour
AOI_2_Vegas_img1626,AOI_2_Vegas,AOI_2_Vegas:-11527:3616,test,colour-r120_c15,blur_resize,fixed,0.9,0.25,0,0,38,0,0.0,colour
AOI_2_Vegas_img1626,AOI_2_Vegas,AOI_2_Vegas:-11527:3616,test,colour-r120_c15,blur_resize,fixed,1.2,0.25,0,0,38,0,0.0,colour
AOI_2_Vegas_img1626,AOI_2_Vegas,AOI_2_Vegas:-11527:3616,test,colour-r120_c15,blur_resize,fixed,1.8,0.25,0,0,38,0,0.0,colour
AOI_2_Vegas_img1626,AOI_2_Vegas,AOI_2_Vegas:-11527:3616,test,colour-r120_c15,blur_resize,fixed,2.4,0.25,0,0,38,0,0.0,colour
AOI_2_Vegas_img1626,AOI_2_Vegas,AOI_2_Vegas:-11527:3616,test,colour-r120_c15,blur_resize,fixed,3.6,0.25,0,0,38,0,0.0,colour
AOI_2_Vegas_img1626,AOI_2_Vegas,AOI_2_Vegas:-11527:3616,test,colour-r120_c15,blur_resize,fixed,5.0,0.25,0,0,38,0,0.0,colour
AOI_2_Vegas_img1626,AOI_2_Vegas,AOI_2_Vegas:-11527:3616,test,colour-r120_c15,blur_resize,fixed,10.0,0.25,0,0,38,0,0.0,colour
AOI_2_Vegas_img166,AOI_2_Vegas,AOI_2_Vegas:-11531:3612,test,colour-r120_c15,blur_resize,fixed,0.3,0.25,0,7,18,0,0.0,colour
AOI_2_Vegas_img166,AOI_2_Vegas,AOI_2_Vegas:-11531:3612,test,colour-r120_c15,blur_resize,fixed,0.45,0.25,0,8,18,0,0.0,colour
AOI_2_Vegas_img166,AOI_2_Vegas,AOI_2_Vegas:-11531:3612,test,colour-r120_c15,blur_resize,fixed,0.6,0.25,0,12,18,0,0.0,colour
AOI_2_Vegas_img166,AOI_2_Vegas,AOI_2_Vegas:-11531:3612,test,colour-r120_c15,blur_resize,fixed,0.9,0.25,0,6,18,0,0.0,colour
AOI_2_Vegas_img166,AOI_2_Vegas,AOI_2_Vegas:-11531:3612,test,colour-r120_c15,blur_resize,fixed,1.2,0.25,0,10,18,0,0.05,colour
AOI_2_Vegas_img166,AOI_2_Vegas,AOI_2_Vegas:-11531:3612,test,colour-r120_c15,blur_resize,fixed,1.8,0.25,0,8,18,0,0.0,colour
AOI_2_Vegas_img166,AOI_2_Vegas,AOI_2_Vegas:-11531:3612,test,colour-r120_c15,blur_resize,fixed,2.4,0.25,0,12,18,0,0.0,colour
AOI_2_Vegas_img166,AOI_2_Vegas,AOI_2_Vegas:-11531:3612,test,colour-r120_c15,blur_resize,fixed,3.6,0.25,0,1,18,0,0.0,colour
AOI_2_Vegas_img166,AOI_2_Vegas,AOI_2_Vegas:-11531:3612,test,colour-r120_c15,blur_resize,fixed,5.0,0.25,0,3,18,0,0.0,colour
AOI_2_Vegas_img166,AOI_2_Vegas,AOI_2_Vegas:-11531:3612,test,colour-r120_c15,blur_resize,fixed,10.0,0.25,0,0,18,0,0.0,colour
AOI_2_Vegas_img1669,AOI_2_Vegas,AOI_2_Vegas:-11526:3613,test,colour-r120_c15,blur_resize,fixed,0.3,0.25,0,1,28,0,0.0,colour
AOI_2_Vegas_img1669,AOI_2_Vegas,AOI_2_Vegas:-11526:3613,test,colour-r120_c15,blur_resize,fixed,0.45,0.25,0,2,28,0,0.0,colour
AOI_2_Vegas_img1669,AOI_2_Vegas,AOI_2_Vegas:-11526:3613,test,colour-r120_c15,blur_resize,fixed,0.6,0.25,0,3,28,0,0.0,colour
AOI_2_Vegas_img1669,AOI_2_Vegas,AOI_2_Vegas:-11526:3613,test,colour-r120_c15,blur_resize,fixed,0.9,0.25,0,2,28,0,0.0,colour
AOI_2_Vegas_img1669,AOI_2_Vegas,AOI_2_Vegas:-11526:3613,test,colour-r120_c15,blur_resize,fixed,1.2,0.25,0,2,28,0,0.0,colour
AOI_2_Vegas_img1669,AOI_2_Vegas,AOI_2_Vegas:-11526:3613,test,colour-r120_c15,blur_resize,fixed,1.8,0.25,0,5,28,0,0.0,colour
AOI_2_Vegas_img1669,AOI_2_Vegas,AOI_2_Vegas:-11526:3613,test,colour-r120_c15,blur_resize,fixed,2.4,0.25,0,2,28,0,0.0,colour
AOI_2_Vegas_img1669,AOI_2_Vegas,AOI_2_Vegas:-11526:3613,test,colour-r120_c15,blur_resize,fixed,3.6,0.25,0,0,28,0,0.0,colour
AOI_2_Vegas_img1669,AOI_2_Vegas,AOI_2_Vegas:-11526:3613,test,colour-r120_c15,blur_resize,fixed,5.0,0.25,0,0,28,0,0.0,colour
AOI_2_Vegas_img1669,AOI_2_Vegas,AOI_2_Vegas:-11526:3613,test,colour-r120_c15,blur_resize,fixed,10.0,0.25,0,0,28,0,0.0,colour
AOI_2_Vegas_img1671,AOI_2_Vegas,AOI_2_Vegas:-11526:3613,test,colour-r120_c15,blur_resize,fixed,0.3,0.25,0,1,21,0,0.0,colour
AOI_2_Vegas_img1671,AOI_2_Vegas,AOI_2_Vegas:-11526:3613,test,colour-r120_c15,blur_resize,fixed,0.45,0.25,0,2,21,0,0.0,colour
AOI_2_Vegas_img1671,AOI_2_Vegas,AOI_2_Vegas:-11526:3613,test,colour-r120_c15,blur_resize,fixed,0.6,0.25,0,3,21,0,0.0,colour
AOI_2_Vegas_img1671,AOI_2_Vegas,AOI_2_Vegas:-11526:3613,test,colour-r120_c15,blur_resize,fixed,0.9,0.25,0,1,21,0,0.0,colour
AOI_2_Vegas_img1671,AOI_2_Vegas,AOI_2_Vegas:-11526:3613,test,colour-r120_c15,blur_resize,fixed,1.2,0.25,0,3,21,0,0.0,colour
AOI_2_Vegas_img1671,AOI_2_Vegas,AOI_2_Vegas:-11526:3613,test,colour-r120_c15,blur_resize,fixed,1.8,0.25,0,2,21,0,0.0,colour
AOI_2_Vegas_img1671,AOI_2_Vegas,AOI_2_Vegas:-11526:3613,test,colour-r120_c15,blur_resize,fixed,2.4,0.25,0,0,21,0,0.0,colour
AOI_2_Vegas_img1671,AOI_2_Vegas,AOI_2_Vegas:-11526:3613,test,colour-r120_c15,blur_resize,fixed,3.6,0.25,0,0,21,0,0.0,colour
AOI_2_Vegas_img1671,AOI_2_Vegas,AOI_2_Vegas:-11526:3613,test,colour-r120_c15,blur_resize,fixed,5.0,0.25,0,0,21,0,0.0,colour
AOI_2_Vegas_img1671,AOI_2_Vegas,AOI_2_Vegas:-11526:3613,test,colour-r120_c15,blur_resize,fixed,10.0,0.25,0,0,21,0,0.0,colour
AOI_2_Vegas_img1697,AOI_2_Vegas,AOI_2_Vegas:-11526:3618,test,colour-r120_c15,blur_resize,fixed,0.3,0.25,0,0,9,0,0.0,colour
AOI_2_Vegas_img1697,AOI_2_Vegas,AOI_2_Vegas:-11526:3618,test,colour-r120_c15,blur_resize,fixed,0.45,0.25,0,0,9,0,0.0,colour
AOI_2_Vegas_img1697,AOI_2_Vegas,AOI_2_Vegas:-11526:3618,test,colour-r120_c15,blur_resize,fixed,0.6,0.25,0,0,9,0,0.0,colour
AOI_2_Vegas_img1697,AOI_2_Vegas,AOI_2_Vegas:-11526:3618,test,colour-r120_c15,blur_resize,fixed,0.9,0.25,0,0,9,0,0.0,colour
AOI_2_Vegas_img1697,AOI_2_Vegas,AOI_2_Vegas:-11526:3618,test,colour-r120_c15,blur_resize,fixed,1.2,0.25,0,0,9,0,0.0,colour
AOI_2_Vegas_img1697,AOI_2_Vegas,AOI_2_Vegas:-11526:3618,test,colour-r120_c15,blur_resize,fixed,1.8,0.25,0,0,9,0,0.0,colour
AOI_2_Vegas_img1697,AOI_2_Vegas,AOI_2_Vegas:-11526:3618,test,colour-r120_c15,blur_resize,fixed,2.4,0.25,0,0,9,0,0.0,colour
AOI_2_Vegas_img1697,AOI_2_Vegas,AOI_2_Vegas:-11526:3618,test,colour-r120_c15,blur_resize,fixed,3.6,0.25,0,0,9,0,0.0,colour
AOI_2_Vegas_img1697,AOI_2_Vegas,AOI_2_Vegas:-11526:3618,test,colour-r120_c15,blur_resize,fixed,5.0,0.25,0,0,9,0,0.0,colour
AOI_2_Vegas_img1697,AOI_2_Vegas,AOI_2_Vegas:-11526:3618,test,colour-r120_c15,blur_resize,fixed,10.0,0.25,0,0,9,0,0.0,colour
AOI_2_Vegas_img1746,AOI_2_Vegas,AOI_2_Vegas:-11526:3615,test,colour-r120_c15,blur_resize,fixed,0.3,0.25,0,0,18,0,0.0,colour
AOI_2_Vegas_img1746,AOI_2_Vegas,AOI_2_Vegas:-11526:3615,test,colour-r120_c15,blur_resize,fixed,0.45,0.25,0,0,18,0,0.0,colour
AOI_2_Vegas_img1746,AOI_2_Vegas,AOI_2_Vegas:-11526:3615,test,colour-r120_c15,blur_resize,fixed,0.6,0.25,0,0,18,0,0.0,colour
AOI_2_Vegas_img1746,AOI_2_Vegas,AOI_2_Vegas:-11526:3615,test,colour-r120_c15,blur_resize,fixed,0.9,0.25,0,0,18,0,0.0,colour
AOI_2_Vegas_img1746,AOI_2_Vegas,AOI_2_Vegas:-11526:3615,test,colour-r120_c15,blur_resize,fixed,1.2,0.25,0,0,18,0,0.0,colour
AOI_2_Vegas_img1746,AOI_2_Vegas,AOI_2_Vegas:-11526:3615,test,colour-r120_c15,blur_resize,fixed,1.8,0.25,0,0,18,0,0.0,colour
AOI_2_Vegas_img1746,AOI_2_Vegas,AOI_2_Vegas:-11526:3615,test,colour-r120_c15,blur_resize,fixed,2.4,0.25,0,0,18,0,0.0,colour
AOI_2_Vegas_img1746,AOI_2_Vegas,AOI_2_Vegas:-11526:3615,test,colour-r120_c15,blur_resize,fixed,3.6,0.25,0,0,18,0,0.0,colour
AOI_2_Vegas_img1746,AOI_2_Vegas,AOI_2_Vegas:-11526:3615,test,colour-r120_c15,blur_resize,fixed,5.0,0.25,0,0,18,0,0.0,colour
AOI_2_Vegas_img1746,AOI_2_Vegas,AOI_2_Vegas:-11526:3615,test,colour-r120_c15,blur_resize,fixed,10.0,0.25,0,0,18,0,0.0,colour
AOI_2_Vegas_img1762,AOI_2_Vegas,AOI_2_Vegas:-11526:3618,test,colour-r120_c15,blur_resize,fixed,0.3,0.25,0,0,71,0,0.0,colour
AOI_2_Vegas_img1762,AOI_2_Vegas,AOI_2_Vegas:-11526:3618,test,colour-r120_c15,blur_resize,fixed,0.45,0.25,0,0,71,0,0.0,colour
AOI_2_Vegas_img1762,AOI_2_Vegas,AOI_2_Vegas:-11526:3618,test,colour-r120_c15,blur_resize,fixed,0.6,0.25,0,0,71,0,0.0,colour
AOI_2_Vegas_img1762,AOI_2_Vegas,AOI_2_Vegas:-11526:3618,test,colour-r120_c15,blur_resize,fixed,0.9,0.25,0,0,71,0,0.0,colour
AOI_2_Vegas_img1762,AOI_2_Vegas,AOI_2_Vegas:-11526:3618,test,colour-r120_c15,blur_resize,fixed,1.2,0.25,0,0,71,0,0.0,colour
AOI_2_Vegas_img1762,AOI_2_Vegas,AOI_2_Vegas:-11526:3618,test,colour-r120_c15,blur_resize,fixed,1.8,0.25,0,0,71,0,0.0,colour
AOI_2_Vegas_img1762,AOI_2_Vegas,AOI_2_Vegas:-11526:3618,test,colour-r120_c15,blur_resize,fixed,2.4,0.25,0,0,71,0,0.0,colour
AOI_2_Vegas_img1762,AOI_2_Vegas,AOI_2_Vegas:-11526:3618,test,colour-r120_c15,blur_resize,fixed,3.6,0.25,0,0,71,0,0.0,colour
AOI_2_Vegas_img1762,AOI_2_Vegas,AOI_2_Vegas:-11526:3618,test,colour-r120_c15,blur_resize,fixed,5.0,0.25,0,0,71,0,0.0,colour
AOI_2_Vegas_img1762,AOI_2_Vegas,AOI_2_Vegas:-11526:3618,test,colour-r120_c15,blur_resize,fixed,10.0,0.25,0,0,71,0,0.0,colour
AOI_2_Vegas_img1773,AOI_2_Vegas,AOI_2_Vegas:-11526:3620,test,colour-r120_c15,blur_resize,fixed,0.3,0.25,0,0,9,0,0.0,colour
AOI_2_Vegas_img1773,AOI_2_Vegas,AOI_2_Vegas:-11526:3620,test,colour-r120_c15,blur_resize,fixed,0.45,0.25,0,0,9,0,0.0,colour
AOI_2_Vegas_img1773,AOI_2_Vegas,AOI_2_Vegas:-11526:3620,test,colour-r120_c15,blur_resize,fixed,0.6,0.25,0,0,9,0,0.0,colour
AOI_2_Vegas_img1773,AOI_2_Vegas,AOI_2_Vegas:-11526:3620,test,colour-r120_c15,blur_resize,fixed,0.9,0.25,0,0,9,0,0.0,colour
AOI_2_Vegas_img1773,AOI_2_Vegas,AOI_2_Vegas:-11526:3620,test,colour-r120_c15,blur_resize,fixed,1.2,0.25,0,0,9,0,0.0,colour
AOI_2_Vegas_img1773,AOI_2_Vegas,AOI_2_Vegas:-11526:3620,test,colour-r120_c15,blur_resize,fixed,1.8,0.25,0,0,9,0,0.0,colour
AOI_2_Vegas_img1773,AOI_2_Vegas,AOI_2_Vegas:-11526:3620,test,colour-r120_c15,blur_resize,fixed,2.4,0.25,0,0,9,0,0.0,colour
AOI_2_Vegas_img1773,AOI_2_Vegas,AOI_2_Vegas:-11526:3620,test,colour-r120_c15,blur_resize,fixed,3.6,0.25,0,0,9,0,0.0,colour
AOI_2_Vegas_img1773,AOI_2_Vegas,AOI_2_Vegas:-11526:3620,test,colour-r120_c15,blur_resize,fixed,5.0,0.25,0,0,9,0,0.0,colour
AOI_2_Vegas_img1773,AOI_2_Vegas,AOI_2_Vegas:-11526:3620,test,colour-r120_c15,blur_resize,fixed,10.0,0.25,0,0,9,0,0.0,colour
AOI_2_Vegas_img1784,AOI_2_Vegas,AOI_2_Vegas:-11526:3622,test,colour-r120_c15,blur_resize,fixed,0.3,0.25,0,3,53,0,0.05,colour
AOI_2_Vegas_img1784,AOI_2_Vegas,AOI_2_Vegas:-11526:3622,test,colour-r120_c15,blur_resize,fixed,0.45,0.25,0,5,53,0,0.05,colour
AOI_2_Vegas_img1784,AOI_2_Vegas,AOI_2_Vegas:-11526:3622,test,colour-r120_c15,blur_resize,fixed,0.6,0.25,1,3,53,0,0.0,colour
AOI_2_Vegas_img1784,AOI_2_Vegas,AOI_2_Vegas:-11526:3622,test,colour-r120_c15,blur_resize,fixed,0.9,0.25,0,4,53,0,0.0,colour
AOI_2_Vegas_img1784,AOI_2_Vegas,AOI_2_Vegas:-11526:3622,test,colour-r120_c15,blur_resize,fixed,1.2,0.25,0,2,53,0,0.0,colour
AOI_2_Vegas_img1784,AOI_2_Vegas,AOI_2_Vegas:-11526:3622,test,colour-r120_c15,blur_resize,fixed,1.8,0.25,0,2,53,0,0.05,colour
AOI_2_Vegas_img1784,AOI_2_Vegas,AOI_2_Vegas:-11526:3622,test,colour-r120_c15,blur_resize,fixed,2.4,0.25,0,2,53,0,0.0,colour
AOI_2_Vegas_img1784,AOI_2_Vegas,AOI_2_Vegas:-11526:3622,test,colour-r120_c15,blur_resize,fixed,3.6,0.25,0,3,53,0,0.0,colour
AOI_2_Vegas_img1784,AOI_2_Vegas,AOI_2_Vegas:-11526:3622,test,colour-r120_c15,blur_resize,fixed,5.0,0.25,0,0,53,0,0.0,colour
AOI_2_Vegas_img1784,AOI_2_Vegas,AOI_2_Vegas:-11526:3622,test,colour-r120_c15,blur_resize,fixed,10.0,0.25,0,0,53,0,0.0,colour
AOI_2_Vegas_img1791,AOI_2_Vegas,AOI_2_Vegas:-11526:3612,test,colour-r120_c15,blur_resize,fixed,0.3,0.25,0,0,6,0,0.0,colour
AOI_2_Vegas_img1791,AOI_2_Vegas,AOI_2_Vegas:-11526:3612,test,colour-r120_c15,blur_resize,fixed,0.45,0.25,0,0,6,0,0.0,colour
AOI_2_Vegas_img1791,AOI_2_Vegas,AOI_2_Vegas:-11526:3612,test,colour-r120_c15,blur_resize,fixed,0.6,0.25,0,0,6,0,0.0,colour
AOI_2_Vegas_img1791,AOI_2_Vegas,AOI_2_Vegas:-11526:3612,test,colour-r120_c15,blur_resize,fixed,0.9,0.25,0,0,6,0,0.0,colour
AOI_2_Vegas_img1791,AOI_2_Vegas,AOI_2_Vegas:-11526:3612,test,colour-r120_c15,blur_resize,fixed,1.2,0.25,0,0,6,0,0.0,colour
AOI_2_Vegas_img1791,AOI_2_Vegas,AOI_2_Vegas:-11526:3612,test,colour-r120_c15,blur_resize,fixed,1.8,0.25,0,0,6,0,0.0,colour
AOI_2_Vegas_img1791,AOI_2_Vegas,AOI_2_Vegas:-11526:3612,test,colour-r120_c15,blur_resize,fixed,2.4,0.25,0,0,6,0,0.0,colour
AOI_2_Vegas_img1791,AOI_2_Vegas,AOI_2_Vegas:-11526:3612,test,colour-r120_c15,blur_resize,fixed,3.6,0.25,0,0,6,0,0.0,colour
AOI_2_Vegas_img1791,AOI_2_Vegas,AOI_2_Vegas:-11526:3612,test,colour-r120_c15,blur_resize,fixed,5.0,0.25,0,0,6,0,0.0,colour
AOI_2_Vegas_img1791,AOI_2_Vegas,AOI_2_Vegas:-11526:3612,test,colour-r120_c15,blur_resize,fixed,10.0,0.25,0,0,6,0,0.0,colour
AOI_2_Vegas_img1816,AOI_2_Vegas,AOI_2_Vegas:-11526:3617,test,colour-r120_c15,blur_resize,fixed,0.3,0.25,0,0,45,0,0.0,colour
AOI_2_Vegas_img1816,AOI_2_Vegas,AOI_2_Vegas:-11526:3617,test,colour-r120_c15,blur_resize,fixed,0.45,0.25,0,0,45,0,0.0,colour
AOI_2_Vegas_img1816,AOI_2_Vegas,AOI_2_Vegas:-11526:3617,test,colour-r120_c15,blur_resize,fixed,0.6,0.25,0,0,45,0,0.0,colour
AOI_2_Vegas_img1816,AOI_2_Vegas,AOI_2_Vegas:-11526:3617,test,colour-r120_c15,blur_resize,fixed,0.9,0.25,0,0,45,0,0.0,colour
AOI_2_Vegas_img1816,AOI_2_Vegas,AOI_2_Vegas:-11526:3617,test,colour-r120_c15,blur_resize,fixed,1.2,0.25,0,0,45,0,0.0,colour
AOI_2_Vegas_img1816,AOI_2_Vegas,AOI_2_Vegas:-11526:3617,test,colour-r120_c15,blur_resize,fixed,1.8,0.25,0,0,45,0,0.0,colour
AOI_2_Vegas_img1816,AOI_2_Vegas,AOI_2_Vegas:-11526:3617,test,colour-r120_c15,blur_resize,fixed,2.4,0.25,0,0,45,0,0.0,colour
AOI_2_Vegas_img1816,AOI_2_Vegas,AOI_2_Vegas:-11526:3617,test,colour-r120_c15,blur_resize,fixed,3.6,0.25,0,0,45,0,0.0,colour
AOI_2_Vegas_img1816,AOI_2_Vegas,AOI_2_Vegas:-11526:3617,test,colour-r120_c15,blur_resize,fixed,5.0,0.25,0,0,45,0,0.0,colour
AOI_2_Vegas_img1816,AOI_2_Vegas,AOI_2_Vegas:-11526:3617,test,colour-r120_c15,blur_resize,fixed,10.0,0.25,0,0,45,0,0.0,colour
AOI_2_Vegas_img1827,AOI_2_Vegas,AOI_2_Vegas:-11526:3619,test,colour-r120_c15,blur_resize,fixed,0.3,0.25,0,0,58,0,0.0,colour
AOI_2_Vegas_img1827,AOI_2_Vegas,AOI_2_Vegas:-11526:3619,test,colour-r120_c15,blur_resize,fixed,0.45,0.25,0,0,58,0,0.0,colour
AOI_2_Vegas_img1827,AOI_2_Vegas,AOI_2_Vegas:-11526:3619,test,colour-r120_c15,blur_resize,fixed,0.6,0.25,0,0,58,0,0.0,colour
AOI_2_Vegas_img1827,AOI_2_Vegas,AOI_2_Vegas:-11526:3619,test,colour-r120_c15,blur_resize,fixed,0.9,0.25,0,0,58,0,0.0,colour
AOI_2_Vegas_img1827,AOI_2_Vegas,AOI_2_Vegas:-11526:3619,test,colour-r120_c15,blur_resize,fixed,1.2,0.25,0,0,58,0,0.0,colour
AOI_2_Vegas_img1827,AOI_2_Vegas,AOI_2_Vegas:-11526:3619,test,colour-r120_c15,blur_resize,fixed,1.8,0.25,0,0,58,0,0.0,colour
AOI_2_Vegas_img1827,AOI_2_Vegas,AOI_2_Vegas:-11526:3619,test,colour-r120_c15,blur_resize,fixed,2.4,0.25,0,0,58,0,0.0,colour
AOI_2_Vegas_img1827,AOI_2_Vegas,AOI_2_Vegas:-11526:3619,test,colour-r120_c15,blur_resize,fixed,3.6,0.25,0,0,58,0,0.0,colour
AOI_2_Vegas_img1827,AOI_2_Vegas,AOI_2_Vegas:-11526:3619,test,colour-r120_c15,blur_resize,fixed,5.0,0.25,0,0,58,0,0.0,colour
AOI_2_Vegas_img1827,AOI_2_Vegas,AOI_2_Vegas:-11526:3619,test,colour-r120_c15,blur_resize,fixed,10.0,0.25,0,0,58,0,0.0,colour
AOI_2_Vegas_img1862,AOI_2_Vegas,AOI_2_Vegas:-11526:3614,test,colour-r120_c15,blur_resize,fixed,0.3,0.25,0,0,13,0,0.0,colour
AOI_2_Vegas_img1862,AOI_2_Vegas,AOI_2_Vegas:-11526:3614,test,colour-r120_c15,blur_resize,fixed,0.45,0.25,0,0,13,0,0.0,colour
AOI_2_Vegas_img1862,AOI_2_Vegas,AOI_2_Vegas:-11526:3614,test,colour-r120_c15,blur_resize,fixed,0.6,0.25,0,0,13,0,0.0,colour
AOI_2_Vegas_img1862,AOI_2_Vegas,AOI_2_Vegas:-11526:3614,test,colour-r120_c15,blur_resize,fixed,0.9,0.25,0,0,13,0,0.0,colour
AOI_2_Vegas_img1862,AOI_2_Vegas,AOI_2_Vegas:-11526:3614,test,colour-r120_c15,blur_resize,fixed,1.2,0.25,0,0,13,0,0.0,colour
AOI_2_Vegas_img1862,AOI_2_Vegas,AOI_2_Vegas:-11526:3614,test,colour-r120_c15,blur_resize,fixed,1.8,0.25,0,0,13,0,0.0,colour
AOI_2_Vegas_img1862,AOI_2_Vegas,AOI_2_Vegas:-11526:3614,test,colour-r120_c15,blur_resize,fixed,2.4,0.25,0,0,13,0,0.0,colour
AOI_2_Vegas_img1862,AOI_2_Vegas,AOI_2_Vegas:-11526:3614,test,colour-r120_c15,blur_resize,fixed,3.6,0.25,0,0,13,0,0.0,colour
AOI_2_Vegas_img1862,AOI_2_Vegas,AOI_2_Vegas:-11526:3614,test,colour-r120_c15,blur_resize,fixed,5.0,0.25,0,0,13,0,0.0,colour
AOI_2_Vegas_img1862,AOI_2_Vegas,AOI_2_Vegas:-11526:3614,test,colour-r120_c15,blur_resize,fixed,10.0,0.25,0,0,13,0,0.0,colour
AOI_2_Vegas_img189,AOI_2_Vegas,AOI_2_Vegas:-11531:3616,test,colour-r120_c15,blur_resize,fixed,0.3,0.25,0,0,17,0,0.0,colour
AOI_2_Vegas_img189,AOI_2_Vegas,AOI_2_Vegas:-11531:3616,test,colour-r120_c15,blur_resize,fixed,0.45,0.25,0,0,17,0,0.0,colour
AOI_2_Vegas_img189,AOI_2_Vegas,AOI_2_Vegas:-11531:3616,test,colour-r120_c15,blur_resize,fixed,0.6,0.25,0,0,17,0,0.0,colour
AOI_2_Vegas_img189,AOI_2_Vegas,AOI_2_Vegas:-11531:3616,test,colour-r120_c15,blur_resize,fixed,0.9,0.25,0,0,17,0,0.0,colour
AOI_2_Vegas_img189,AOI_2_Vegas,AOI_2_Vegas:-11531:3616,test,colour-r120_c15,blur_resize,fixed,1.2,0.25,0,0,17,0,0.0,colour
AOI_2_Vegas_img189,AOI_2_Vegas,AOI_2_Vegas:-11531:3616,test,colour-r120_c15,blur_resize,fixed,1.8,0.25,0,0,17,0,0.0,colour
AOI_2_Vegas_img189,AOI_2_Vegas,AOI_2_Vegas:-11531:3616,test,colour-r120_c15,blur_resize,fixed,2.4,0.25,0,0,17,0,0.0,colour
AOI_2_Vegas_img189,AOI_2_Vegas,AOI_2_Vegas:-11531:3616,test,colour-r120_c15,blur_resize,fixed,3.6,0.25,0,0,17,0,0.0,colour
AOI_2_Vegas_img189,AOI_2_Vegas,AOI_2_Vegas:-11531:3616,test,colour-r120_c15,blur_resize,fixed,5.0,0.25,0,0,17,0,0.0,colour
AOI_2_Vegas_img189,AOI_2_Vegas,AOI_2_Vegas:-11531:3616,test,colour-r120_c15,blur_resize,fixed,10.0,0.25,0,0,17,0,0.0,colour
AOI_2_Vegas_img1894,AOI_2_Vegas,AOI_2_Vegas:-11526:3620,test,colour-r120_c15,blur_resize,fixed,0.3,0.25,0,0,9,0,0.0,colour
AOI_2_Vegas_img1894,AOI_2_Vegas,AOI_2_Vegas:-11526:3620,test,colour-r120_c15,blur_resize,fixed,0.45,0.25,0,0,9,0,0.0,colour
AOI_2_Vegas_img1894,AOI_2_Vegas,AOI_2_Vegas:-11526:3620,test,colour-r120_c15,blur_resize,fixed,0.6,0.25,0,0,9,0,0.0,colour
AOI_2_Vegas_img1894,AOI_2_Vegas,AOI_2_Vegas:-11526:3620,test,colour-r120_c15,blur_resize,fixed,0.9,0.25,0,0,9,0,0.0,colour
AOI_2_Vegas_img1894,AOI_2_Vegas,AOI_2_Vegas:-11526:3620,test,colour-r120_c15,blur_resize,fixed,1.2,0.25,0,0,9,0,0.0,colour
AOI_2_Vegas_img1894,AOI_2_Vegas,AOI_2_Vegas:-11526:3620,test,colour-r120_c15,blur_resize,fixed,1.8,0.25,0,0,9,0,0.0,colour
AOI_2_Vegas_img1894,AOI_2_Vegas,AOI_2_Vegas:-11526:3620,test,colour-r120_c15,blur_resize,fixed,2.4,0.25,0,0,9,0,0.0,colour
AOI_2_Vegas_img1894,AOI_2_Vegas,AOI_2_Vegas:-11526:3620,test,colour-r120_c15,blur_resize,fixed,3.6,0.25,0,0,9,0,0.0,colour
AOI_2_Vegas_img1894,AOI_2_Vegas,AOI_2_Vegas:-11526:3620,test,colour-r120_c15,blur_resize,fixed,5.0,0.25,0,0,9,0,0.0,colour
AOI_2_Vegas_img1894,AOI_2_Vegas,AOI_2_Vegas:-11526:3620,test,colour-r120_c15,blur_resize,fixed,10.0,0.25,0,0,9,0,0.0,colour
AOI_2_Vegas_img190,AOI_2_Vegas,AOI_2_Vegas:-11531:3616,test,colour-r120_c15,blur_resize,fixed,0.3,0.25,0,0,22,0,0.0,colour
AOI_2_Vegas_img190,AOI_2_Vegas,AOI_2_Vegas:-11531:3616,test,colour-r120_c15,blur_resize,fixed,0.45,0.25,0,0,22,0,0.0,colour
AOI_2_Vegas_img190,AOI_2_Vegas,AOI_2_Vegas:-11531:3616,test,colour-r120_c15,blur_resize,fixed,0.6,0.25,0,0,22,0,0.0,colour
AOI_2_Vegas_img190,AOI_2_Vegas,AOI_2_Vegas:-11531:3616,test,colour-r120_c15,blur_resize,fixed,0.9,0.25,0,0,22,0,0.0,colour
AOI_2_Vegas_img190,AOI_2_Vegas,AOI_2_Vegas:-11531:3616,test,colour-r120_c15,blur_resize,fixed,1.2,0.25,0,0,22,0,0.0,colour
AOI_2_Vegas_img190,AOI_2_Vegas,AOI_2_Vegas:-11531:3616,test,colour-r120_c15,blur_resize,fixed,1.8,0.25,0,0,22,0,0.0,colour
AOI_2_Vegas_img190,AOI_2_Vegas,AOI_2_Vegas:-11531:3616,test,colour-r120_c15,blur_resize,fixed,2.4,0.25,0,0,22,0,0.0,colour
AOI_2_Vegas_img190,AOI_2_Vegas,AOI_2_Vegas:-11531:3616,test,colour-r120_c15,blur_resize,fixed,3.6,0.25,0,0,22,0,0.0,colour
AOI_2_Vegas_img190,AOI_2_Vegas,AOI_2_Vegas:-11531:3616,test,colour-r120_c15,blur_resize,fixed,5.0,0.25,0,0,22,0,0.0,colour
AOI_2_Vegas_img190,AOI_2_Vegas,AOI_2_Vegas:-11531:3616,test,colour-r120_c15,blur_resize,fixed,10.0,0.25,0,0,22,0,0.0,colour
AOI_2_Vegas_img1915,AOI_2_Vegas,AOI_2_Vegas:-11526:3612,test,colour-r120_c15,blur_resize,fixed,0.3,0.25,0,0,18,0,0.0,colour
AOI_2_Vegas_img1915,AOI_2_Vegas,AOI_2_Vegas:-11526:3612,test,colour-r120_c15,blur_resize,fixed,0.45,0.25,0,0,18,0,0.0,colour
AOI_2_Vegas_img1915,AOI_2_Vegas,AOI_2_Vegas:-11526:3612,test,colour-r120_c15,blur_resize,fixed,0.6,0.25,0,0,18,0,0.0,colour
AOI_2_Vegas_img1915,AOI_2_Vegas,AOI_2_Vegas:-11526:3612,test,colour-r120_c15,blur_resize,fixed,0.9,0.25,0,0,18,0,0.0,colour
AOI_2_Vegas_img1915,AOI_2_Vegas,AOI_2_Vegas:-11526:3612,test,colour-r120_c15,blur_resize,fixed,1.2,0.25,0,0,18,0,0.0,colour
AOI_2_Vegas_img1915,AOI_2_Vegas,AOI_2_Vegas:-11526:3612,test,colour-r120_c15,blur_resize,fixed,1.8,0.25,0,0,18,0,0.0,colour
AOI_2_Vegas_img1915,AOI_2_Vegas,AOI_2_Vegas:-11526:3612,test,colour-r120_c15,blur_resize,fixed,2.4,0.25,0,0,18,0,0.0,colour
AOI_2_Vegas_img1915,AOI_2_Vegas,AOI_2_Vegas:-11526:3612,test,colour-r120_c15,blur_resize,fixed,3.6,0.25,0,0,18,0,0.0,colour
AOI_2_Vegas_img1915,AOI_2_Vegas,AOI_2_Vegas:-11526:3612,test,colour-r120_c15,blur_resize,fixed,5.0,0.25,0,0,18,0,0.0,colour
AOI_2_Vegas_img1915,AOI_2_Vegas,AOI_2_Vegas:-11526:3612,test,colour-r120_c15,blur_resize,fixed,10.0,0.25,0,0,18,0,0.0,colour
AOI_2_Vegas_img1970,AOI_2_Vegas,AOI_2_Vegas:-11526:3622,test,colour-r120_c15,blur_resize,fixed,0.3,0.25,0,0,1,0,0.0,colour
AOI_2_Vegas_img1970,AOI_2_Vegas,AOI_2_Vegas:-11526:3622,test,colour-r120_c15,blur_resize,fixed,0.45,0.25,0,0,1,0,0.0,colour
AOI_2_Vegas_img1970,AOI_2_Vegas,AOI_2_Vegas:-11526:3622,test,colour-r120_c15,blur_resize,fixed,0.6,0.25,0,0,1,0,0.0,colour
AOI_2_Vegas_img1970,AOI_2_Vegas,AOI_2_Vegas:-11526:3622,test,colour-r120_c15,blur_resize,fixed,0.9,0.25,0,0,1,0,0.0,colour
AOI_2_Vegas_img1970,AOI_2_Vegas,AOI_2_Vegas:-11526:3622,test,colour-r120_c15,blur_resize,fixed,1.2,0.25,0,0,1,0,0.0,colour
AOI_2_Vegas_img1970,AOI_2_Vegas,AOI_2_Vegas:-11526:3622,test,colour-r120_c15,blur_resize,fixed,1.8,0.25,0,0,1,0,0.0,colour
AOI_2_Vegas_img1970,AOI_2_Vegas,AOI_2_Vegas:-11526:3622,test,colour-r120_c15,blur_resize,fixed,2.4,0.25,0,0,1,0,0.0,colour
AOI_2_Vegas_img1970,AOI_2_Vegas,AOI_2_Vegas:-11526:3622,test,colour-r120_c15,blur_resize,fixed,3.6,0.25,0,0,1,0,0.0,colour
AOI_2_Vegas_img1970,AOI_2_Vegas,AOI_2_Vegas:-11526:3622,test,colour-r120_c15,blur_resize,fixed,5.0,0.25,0,0,1,0,0.0,colour
AOI_2_Vegas_img1970,AOI_2_Vegas,AOI_2_Vegas:-11526:3622,test,colour-r120_c15,blur_resize,fixed,10.0,0.25,0,0,1,0,0.0,colour
AOI_2_Vegas_img1973,AOI_2_Vegas,AOI_2_Vegas:-11526:3623,test,colour-r120_c15,blur_resize,fixed,0.3,0.25,0,0,4,0,0.0,colour
AOI_2_Vegas_img1973,AOI_2_Vegas,AOI_2_Vegas:-11526:3623,test,colour-r120_c15,blur_resize,fixed,0.45,0.25,0,0,4,0,0.0,colour
AOI_2_Vegas_img1973,AOI_2_Vegas,AOI_2_Vegas:-11526:3623,test,colour-r120_c15,blur_resize,fixed,0.6,0.25,0,0,4,0,0.0,colour
AOI_2_Vegas_img1973,AOI_2_Vegas,AOI_2_Vegas:-11526:3623,test,colour-r120_c15,blur_resize,fixed,0.9,0.25,0,0,4,0,0.0,colour
AOI_2_Vegas_img1973,AOI_2_Vegas,AOI_2_Vegas:-11526:3623,test,colour-r120_c15,blur_resize,fixed,1.2,0.25,0,0,4,0,0.0,colour
AOI_2_Vegas_img1973,AOI_2_Vegas,AOI_2_Vegas:-11526:3623,test,colour-r120_c15,blur_resize,fixed,1.8,0.25,0,0,4,0,0.0,colour
AOI_2_Vegas_img1973,AOI_2_Vegas,AOI_2_Vegas:-11526:3623,test,colour-r120_c15,blur_resize,fixed,2.4,0.25,0,0,4,0,0.0,colour
AOI_2_Vegas_img1973,AOI_2_Vegas,AOI_2_Vegas:-11526:3623,test,colour-r120_c15,blur_resize,fixed,3.6,0.25,0,0,4,0,0.0,colour
AOI_2_Vegas_img1973,AOI_2_Vegas,AOI_2_Vegas:-11526:3623,test,colour-r120_c15,blur_resize,fixed,5.0,0.25,0,0,4,0,0.0,colour
AOI_2_Vegas_img1973,AOI_2_Vegas,AOI_2_Vegas:-11526:3623,test,colour-r120_c15,blur_resize,fixed,10.0,0.25,0,0,4,0,0.0,colour
AOI_2_Vegas_img1985,AOI_2_Vegas,AOI_2_Vegas:-11526:3614,test,colour-r120_c15,blur_resize,fixed,0.3,0.25,1,2,25,0,0.0,colour
AOI_2_Vegas_img1985,AOI_2_Vegas,AOI_2_Vegas:-11526:3614,test,colour-r120_c15,blur_resize,fixed,0.45,0.25,1,1,25,0,0.0,colour
AOI_2_Vegas_img1985,AOI_2_Vegas,AOI_2_Vegas:-11526:3614,test,colour-r120_c15,blur_resize,fixed,0.6,0.25,1,1,25,0,0.05,colour
AOI_2_Vegas_img1985,AOI_2_Vegas,AOI_2_Vegas:-11526:3614,test,colour-r120_c15,blur_resize,fixed,0.9,0.25,1,1,25,0,0.05,colour
AOI_2_Vegas_img1985,AOI_2_Vegas,AOI_2_Vegas:-11526:3614,test,colour-r120_c15,blur_resize,fixed,1.2,0.25,1,1,25,0,0.0,colour
AOI_2_Vegas_img1985,AOI_2_Vegas,AOI_2_Vegas:-11526:3614,test,colour-r120_c15,blur_resize,fixed,1.8,0.25,1,1,25,0,0.05,colour
AOI_2_Vegas_img1985,AOI_2_Vegas,AOI_2_Vegas:-11526:3614,test,colour-r120_c15,blur_resize,fixed,2.4,0.25,1,1,25,0,0.05,colour
AOI_2_Vegas_img1985,AOI_2_Vegas,AOI_2_Vegas:-11526:3614,test,colour-r120_c15,blur_resize,fixed,3.6,0.25,0,1,25,0,0.0,colour
AOI_2_Vegas_img1985,AOI_2_Vegas,AOI_2_Vegas:-11526:3614,test,colour-r120_c15,blur_resize,fixed,5.0,0.25,0,1,25,0,0.0,colour
AOI_2_Vegas_img1985,AOI_2_Vegas,AOI_2_Vegas:-11526:3614,test,colour-r120_c15,blur_resize,fixed,10.0,0.25,0,0,25,0,0.0,colour
AOI_2_Vegas_img2046,AOI_2_Vegas,AOI_2_Vegas:-11525:3613,test,colour-r120_c15,blur_resize,fixed,0.3,0.25,1,14,32,0,0.3,colour
AOI_2_Vegas_img2046,AOI_2_Vegas,AOI_2_Vegas:-11525:3613,test,colour-r120_c15,blur_resize,fixed,0.45,0.25,1,2,32,0,0.05,colour
AOI_2_Vegas_img2046,AOI_2_Vegas,AOI_2_Vegas:-11525:3613,test,colour-r120_c15,blur_resize,fixed,0.6,0.25,1,2,32,0,0.1,colour
AOI_2_Vegas_img2046,AOI_2_Vegas,AOI_2_Vegas:-11525:3613,test,colour-r120_c15,blur_resize,fixed,0.9,0.25,1,2,32,0,0.0,colour
AOI_2_Vegas_img2046,AOI_2_Vegas,AOI_2_Vegas:-11525:3613,test,colour-r120_c15,blur_resize,fixed,1.2,0.25,1,2,32,0,0.05,colour
AOI_2_Vegas_img2046,AOI_2_Vegas,AOI_2_Vegas:-11525:3613,test,colour-r120_c15,blur_resize,fixed,1.8,0.25,1,2,32,0,0.2,colour
AOI_2_Vegas_img2046,AOI_2_Vegas,AOI_2_Vegas:-11525:3613,test,colour-r120_c15,blur_resize,fixed,2.4,0.25,1,2,32,0,0.05,colour
AOI_2_Vegas_img2046,AOI_2_Vegas,AOI_2_Vegas:-11525:3613,test,colour-r120_c15,blur_resize,fixed,3.6,0.25,1,1,32,0,0.05,colour
AOI_2_Vegas_img2046,AOI_2_Vegas,AOI_2_Vegas:-11525:3613,test,colour-r120_c15,blur_resize,fixed,5.0,0.25,0,1,32,0,0.05,colour
AOI_2_Vegas_img2046,AOI_2_Vegas,AOI_2_Vegas:-11525:3613,test,colour-r120_c15,blur_resize,fixed,10.0,0.25,0,0,32,0,0.0,colour
AOI_2_Vegas_img2065,AOI_2_Vegas,AOI_2_Vegas:-11525:3617,test,colour-r120_c15,blur_resize,fixed,0.3,0.25,0,0,57,0,0.0,colour
AOI_2_Vegas_img2065,AOI_2_Vegas,AOI_2_Vegas:-11525:3617,test,colour-r120_c15,blur_resize,fixed,0.45,0.25,0,0,57,0,0.0,colour
AOI_2_Vegas_img2065,AOI_2_Vegas,AOI_2_Vegas:-11525:3617,test,colour-r120_c15,blur_resize,fixed,0.6,0.25,0,0,57,0,0.0,colour
AOI_2_Vegas_img2065,AOI_2_Vegas,AOI_2_Vegas:-11525:3617,test,colour-r120_c15,blur_resize,fixed,0.9,0.25,0,0,57,0,0.0,colour
AOI_2_Vegas_img2065,AOI_2_Vegas,AOI_2_Vegas:-11525:3617,test,colour-r120_c15,blur_resize,fixed,1.2,0.25,0,0,57,0,0.0,colour
AOI_2_Vegas_img2065,AOI_2_Vegas,AOI_2_Vegas:-11525:3617,test,colour-r120_c15,blur_resize,fixed,1.8,0.25,0,0,57,0,0.0,colour
AOI_2_Vegas_img2065,AOI_2_Vegas,AOI_2_Vegas:-11525:3617,test,colour-r120_c15,blur_resize,fixed,2.4,0.25,0,0,57,0,0.0,colour
AOI_2_Vegas_img2065,AOI_2_Vegas,AOI_2_Vegas:-11525:3617,test,colour-r120_c15,blur_resize,fixed,3.6,0.25,0,0,57,0,0.0,colour
AOI_2_Vegas_img2065,AOI_2_Vegas,AOI_2_Vegas:-11525:3617,test,colour-r120_c15,blur_resize,fixed,5.0,0.25,0,0,57,0,0.0,colour
AOI_2_Vegas_img2065,AOI_2_Vegas,AOI_2_Vegas:-11525:3617,test,colour-r120_c15,blur_resize,fixed,10.0,0.25,0,0,57,0,0.0,colour
AOI_2_Vegas_img2108,AOI_2_Vegas,AOI_2_Vegas:-11525:3613,test,colour-r120_c15,blur_resize,fixed,0.3,0.25,2,12,21,0,0.1,colour
AOI_2_Vegas_img2108,AOI_2_Vegas,AOI_2_Vegas:-11525:3613,test,colour-r120_c15,blur_resize,fixed,0.45,0.25,2,4,21,0,0.15,colour
AOI_2_Vegas_img2108,AOI_2_Vegas,AOI_2_Vegas:-11525:3613,test,colour-r120_c15,blur_resize,fixed,0.6,0.25,2,3,21,0,0.0,colour
AOI_2_Vegas_img2108,AOI_2_Vegas,AOI_2_Vegas:-11525:3613,test,colour-r120_c15,blur_resize,fixed,0.9,0.25,2,2,21,0,0.15,colour
AOI_2_Vegas_img2108,AOI_2_Vegas,AOI_2_Vegas:-11525:3613,test,colour-r120_c15,blur_resize,fixed,1.2,0.25,2,2,21,0,0.2,colour
AOI_2_Vegas_img2108,AOI_2_Vegas,AOI_2_Vegas:-11525:3613,test,colour-r120_c15,blur_resize,fixed,1.8,0.25,2,2,21,0,0.1,colour
AOI_2_Vegas_img2108,AOI_2_Vegas,AOI_2_Vegas:-11525:3613,test,colour-r120_c15,blur_resize,fixed,2.4,0.25,2,3,21,0,0.15,colour
AOI_2_Vegas_img2108,AOI_2_Vegas,AOI_2_Vegas:-11525:3613,test,colour-r120_c15,blur_resize,fixed,3.6,0.25,2,2,21,0,0.0,colour
AOI_2_Vegas_img2108,AOI_2_Vegas,AOI_2_Vegas:-11525:3613,test,colour-r120_c15,blur_resize,fixed,5.0,0.25,2,2,21,0,0.0,colour
AOI_2_Vegas_img2108,AOI_2_Vegas,AOI_2_Vegas:-11525:3613,test,colour-r120_c15,blur_resize,fixed,10.0,0.25,0,1,21,0,0.0,colour
AOI_2_Vegas_img2109,AOI_2_Vegas,AOI_2_Vegas:-11525:3613,test,colour-r120_c15,blur_resize,fixed,0.3,0.25,1,7,24,0,0.05,colour
AOI_2_Vegas_img2109,AOI_2_Vegas,AOI_2_Vegas:-11525:3613,test,colour-r120_c15,blur_resize,fixed,0.45,0.25,1,4,24,0,0.05,colour
AOI_2_Vegas_img2109,AOI_2_Vegas,AOI_2_Vegas:-11525:3613,test,colour-r120_c15,blur_resize,fixed,0.6,0.25,1,5,24,0,0.05,colour
AOI_2_Vegas_img2109,AOI_2_Vegas,AOI_2_Vegas:-11525:3613,test,colour-r120_c15,blur_resize,fixed,0.9,0.25,1,6,24,0,0.15,colour
AOI_2_Vegas_img2109,AOI_2_Vegas,AOI_2_Vegas:-11525:3613,test,colour-r120_c15,blur_resize,fixed,1.2,0.25,1,5,24,0,0.0,colour
AOI_2_Vegas_img2109,AOI_2_Vegas,AOI_2_Vegas:-11525:3613,test,colour-r120_c15,blur_resize,fixed,1.8,0.25,1,1,24,0,0.1,colour
AOI_2_Vegas_img2109,AOI_2_Vegas,AOI_2_Vegas:-11525:3613,test,colour-r120_c15,blur_resize,fixed,2.4,0.25,1,1,24,0,0.15,colour
AOI_2_Vegas_img2109,AOI_2_Vegas,AOI_2_Vegas:-11525:3613,test,colour-r120_c15,blur_resize,fixed,3.6,0.25,1,1,24,0,0.0,colour
AOI_2_Vegas_img2109,AOI_2_Vegas,AOI_2_Vegas:-11525:3613,test,colour-r120_c15,blur_resize,fixed,5.0,0.25,1,1,24,0,0.05,colour
AOI_2_Vegas_img2109,AOI_2_Vegas,AOI_2_Vegas:-11525:3613,test,colour-r120_c15,blur_resize,fixed,10.0,0.25,1,1,24,0,0.05,colour
AOI_2_Vegas_img2110,AOI_2_Vegas,AOI_2_Vegas:-11525:3613,test,colour-r120_c15,blur_resize,fixed,0.3,0.25,0,0,12,0,0.0,colour
AOI_2_Vegas_img2110,AOI_2_Vegas,AOI_2_Vegas:-11525:3613,test,colour-r120_c15,blur_resize,fixed,0.45,0.25,0,0,12,0,0.0,colour
AOI_2_Vegas_img2110,AOI_2_Vegas,AOI_2_Vegas:-11525:3613,test,colour-r120_c15,blur_resize,fixed,0.6,0.25,0,0,12,0,0.0,colour
AOI_2_Vegas_img2110,AOI_2_Vegas,AOI_2_Vegas:-11525:3613,test,colour-r120_c15,blur_resize,fixed,0.9,0.25,0,0,12,0,0.0,colour
AOI_2_Vegas_img2110,AOI_2_Vegas,AOI_2_Vegas:-11525:3613,test,colour-r120_c15,blur_resize,fixed,1.2,0.25,0,0,12,0,0.0,colour
AOI_2_Vegas_img2110,AOI_2_Vegas,AOI_2_Vegas:-11525:3613,test,colour-r120_c15,blur_resize,fixed,1.8,0.25,0,0,12,0,0.0,colour
AOI_2_Vegas_img2110,AOI_2_Vegas,AOI_2_Vegas:-11525:3613,test,colour-r120_c15,blur_resize,fixed,2.4,0.25,0,0,12,0,0.0,colour
AOI_2_Vegas_img2110,AOI_2_Vegas,AOI_2_Vegas:-11525:3613,test,colour-r120_c15,blur_resize,fixed,3.6,0.25,0,0,12,0,0.0,colour
AOI_2_Vegas_img2110,AOI_2_Vegas,AOI_2_Vegas:-11525:3613,test,colour-r120_c15,blur_resize,fixed,5.0,0.25,0,0,12,0,0.0,colour
AOI_2_Vegas_img2110,AOI_2_Vegas,AOI_2_Vegas:-11525:3613,test,colour-r120_c15,blur_resize,fixed,10.0,0.25,0,0,12,0,0.0,colour
AOI_2_Vegas_img2202,AOI_2_Vegas,AOI_2_Vegas:-11525:3617,test,colour-r120_c15,blur_resize,fixed,0.3,0.25,0,0,0,0,0.0,colour
AOI_2_Vegas_img2202,AOI_2_Vegas,AOI_2_Vegas:-11525:3617,test,colour-r120_c15,blur_resize,fixed,0.45,0.25,0,0,0,0,0.0,colour
AOI_2_Vegas_img2202,AOI_2_Vegas,AOI_2_Vegas:-11525:3617,test,colour-r120_c15,blur_resize,fixed,0.6,0.25,0,0,0,0,0.0,colour
AOI_2_Vegas_img2202,AOI_2_Vegas,AOI_2_Vegas:-11525:3617,test,colour-r120_c15,blur_resize,fixed,0.9,0.25,0,0,0,0,0.0,colour
AOI_2_Vegas_img2202,AOI_2_Vegas,AOI_2_Vegas:-11525:3617,test,colour-r120_c15,blur_resize,fixed,1.2,0.25,0,0,0,0,0.0,colour
AOI_2_Vegas_img2202,AOI_2_Vegas,AOI_2_Vegas:-11525:3617,test,colour-r120_c15,blur_resize,fixed,1.8,0.25,0,0,0,0,0.0,colour
AOI_2_Vegas_img2202,AOI_2_Vegas,AOI_2_Vegas:-11525:3617,test,colour-r120_c15,blur_resize,fixed,2.4,0.25,0,0,0,0,0.0,colour
AOI_2_Vegas_img2202,AOI_2_Vegas,AOI_2_Vegas:-11525:3617,test,colour-r120_c15,blur_resize,fixed,3.6,0.25,0,0,0,0,0.0,colour
AOI_2_Vegas_img2202,AOI_2_Vegas,AOI_2_Vegas:-11525:3617,test,colour-r120_c15,blur_resize,fixed,5.0,0.25,0,0,0,0,0.0,colour
AOI_2_Vegas_img2202,AOI_2_Vegas,AOI_2_Vegas:-11525:3617,test,colour-r120_c15,blur_resize,fixed,10.0,0.25,0,0,0,0,0.0,colour
AOI_2_Vegas_img2207,AOI_2_Vegas,AOI_2_Vegas:-11525:3618,test,colour-r120_c15,blur_resize,fixed,0.3,0.25,0,10,24,0,0.0,colour
AOI_2_Vegas_img2207,AOI_2_Vegas,AOI_2_Vegas:-11525:3618,test,colour-r120_c15,blur_resize,fixed,0.45,0.25,0,16,24,0,0.0,colour
AOI_2_Vegas_img2207,AOI_2_Vegas,AOI_2_Vegas:-11525:3618,test,colour-r120_c15,blur_resize,fixed,0.6,0.25,0,14,24,0,0.0,colour
AOI_2_Vegas_img2207,AOI_2_Vegas,AOI_2_Vegas:-11525:3618,test,colour-r120_c15,blur_resize,fixed,0.9,0.25,0,15,24,0,0.0,colour
AOI_2_Vegas_img2207,AOI_2_Vegas,AOI_2_Vegas:-11525:3618,test,colour-r120_c15,blur_resize,fixed,1.2,0.25,0,14,24,0,0.0,colour
AOI_2_Vegas_img2207,AOI_2_Vegas,AOI_2_Vegas:-11525:3618,test,colour-r120_c15,blur_resize,fixed,1.8,0.25,0,9,24,0,0.0,colour
AOI_2_Vegas_img2207,AOI_2_Vegas,AOI_2_Vegas:-11525:3618,test,colour-r120_c15,blur_resize,fixed,2.4,0.25,0,12,24,0,0.0,colour
AOI_2_Vegas_img2207,AOI_2_Vegas,AOI_2_Vegas:-11525:3618,test,colour-r120_c15,blur_resize,fixed,3.6,0.25,0,1,24,0,0.0,colour
AOI_2_Vegas_img2207,AOI_2_Vegas,AOI_2_Vegas:-11525:3618,test,colour-r120_c15,blur_resize,fixed,5.0,0.25,0,0,24,0,0.0,colour
AOI_2_Vegas_img2207,AOI_2_Vegas,AOI_2_Vegas:-11525:3618,test,colour-r120_c15,blur_resize,fixed,10.0,0.25,0,0,24,0,0.0,colour
AOI_2_Vegas_img2218,AOI_2_Vegas,AOI_2_Vegas:-11525:3620,test,colour-r120_c15,blur_resize,fixed,0.3,0.25,0,0,14,0,0.0,colour
AOI_2_Vegas_img2218,AOI_2_Vegas,AOI_2_Vegas:-11525:3620,test,colour-r120_c15,blur_resize,fixed,0.45,0.25,0,0,14,0,0.0,colour
AOI_2_Vegas_img2218,AOI_2_Vegas,AOI_2_Vegas:-11525:3620,test,colour-r120_c15,blur_resize,fixed,0.6,0.25,0,0,14,0,0.0,colour
AOI_2_Vegas_img2218,AOI_2_Vegas,AOI_2_Vegas:-11525:3620,test,colour-r120_c15,blur_resize,fixed,0.9,0.25,0,0,14,0,0.0,colour
AOI_2_Vegas_img2218,AOI_2_Vegas,AOI_2_Vegas:-11525:3620,test,colour-r120_c15,blur_resize,fixed,1.2,0.25,0,0,14,0,0.0,colour
AOI_2_Vegas_img2218,AOI_2_Vegas,AOI_2_Vegas:-11525:3620,test,colour-r120_c15,blur_resize,fixed,1.8,0.25,0,0,14,0,0.0,colour
AOI_2_Vegas_img2218,AOI_2_Vegas,AOI_2_Vegas:-11525:3620,test,colour-r120_c15,blur_resize,fixed,2.4,0.25,0,0,14,0,0.0,colour
AOI_2_Vegas_img2218,AOI_2_Vegas,AOI_2_Vegas:-11525:3620,test,colour-r120_c15,blur_resize,fixed,3.6,0.25,0,0,14,0,0.0,colour
AOI_2_Vegas_img2218,AOI_2_Vegas,AOI_2_Vegas:-11525:3620,test,colour-r120_c15,blur_resize,fixed,5.0,0.25,0,0,14,0,0.0,colour
AOI_2_Vegas_img2218,AOI_2_Vegas,AOI_2_Vegas:-11525:3620,test,colour-r120_c15,blur_resize,fixed,10.0,0.25,0,0,14,0,0.0,colour
AOI_2_Vegas_img2230,AOI_2_Vegas,AOI_2_Vegas:-11525:3622,test,colour-r120_c15,blur_resize,fixed,0.3,0.25,0,15,30,0,0.0,colour
AOI_2_Vegas_img2230,AOI_2_Vegas,AOI_2_Vegas:-11525:3622,test,colour-r120_c15,blur_resize,fixed,0.45,0.25,0,19,30,0,0.0,colour
AOI_2_Vegas_img2230,AOI_2_Vegas,AOI_2_Vegas:-11525:3622,test,colour-r120_c15,blur_resize,fixed,0.6,0.25,0,15,30,0,0.0,colour
AOI_2_Vegas_img2230,AOI_2_Vegas,AOI_2_Vegas:-11525:3622,test,colour-r120_c15,blur_resize,fixed,0.9,0.25,0,14,30,0,0.0,colour
AOI_2_Vegas_img2230,AOI_2_Vegas,AOI_2_Vegas:-11525:3622,test,colour-r120_c15,blur_resize,fixed,1.2,0.25,0,11,30,0,0.0,colour
AOI_2_Vegas_img2230,AOI_2_Vegas,AOI_2_Vegas:-11525:3622,test,colour-r120_c15,blur_resize,fixed,1.8,0.25,0,4,30,0,0.0,colour
AOI_2_Vegas_img2230,AOI_2_Vegas,AOI_2_Vegas:-11525:3622,test,colour-r120_c15,blur_resize,fixed,2.4,0.25,0,1,30,0,0.0,colour
AOI_2_Vegas_img2230,AOI_2_Vegas,AOI_2_Vegas:-11525:3622,test,colour-r120_c15,blur_resize,fixed,3.6,0.25,0,0,30,0,0.0,colour
AOI_2_Vegas_img2230,AOI_2_Vegas,AOI_2_Vegas:-11525:3622,test,colour-r120_c15,blur_resize,fixed,5.0,0.25,0,0,30,0,0.0,colour
AOI_2_Vegas_img2230,AOI_2_Vegas,AOI_2_Vegas:-11525:3622,test,colour-r120_c15,blur_resize,fixed,10.0,0.25,0,0,30,0,0.0,colour
AOI_2_Vegas_img2236,AOI_2_Vegas,AOI_2_Vegas:-11525:3623,test,colour-r120_c15,blur_resize,fixed,0.3,0.25,4,20,73,0,0.3,colour
AOI_2_Vegas_img2236,AOI_2_Vegas,AOI_2_Vegas:-11525:3623,test,colour-r120_c15,blur_resize,fixed,0.45,0.25,4,18,73,0,0.3,colour
AOI_2_Vegas_img2236,AOI_2_Vegas,AOI_2_Vegas:-11525:3623,test,colour-r120_c15,blur_resize,fixed,0.6,0.25,4,18,73,0,0.2,colour
AOI_2_Vegas_img2236,AOI_2_Vegas,AOI_2_Vegas:-11525:3623,test,colour-r120_c15,blur_resize,fixed,0.9,0.25,4,8,73,0,0.4,colour
AOI_2_Vegas_img2236,AOI_2_Vegas,AOI_2_Vegas:-11525:3623,test,colour-r120_c15,blur_resize,fixed,1.2,0.25,4,9,73,0,0.7,colour
AOI_2_Vegas_img2236,AOI_2_Vegas,AOI_2_Vegas:-11525:3623,test,colour-r120_c15,blur_resize,fixed,1.8,0.25,4,6,73,0,0.35,colour
AOI_2_Vegas_img2236,AOI_2_Vegas,AOI_2_Vegas:-11525:3623,test,colour-r120_c15,blur_resize,fixed,2.4,0.25,4,10,73,0,0.3,colour
AOI_2_Vegas_img2236,AOI_2_Vegas,AOI_2_Vegas:-11525:3623,test,colour-r120_c15,blur_resize,fixed,3.6,0.25,2,11,73,0,0.35,colour
AOI_2_Vegas_img2236,AOI_2_Vegas,AOI_2_Vegas:-11525:3623,test,colour-r120_c15,blur_resize,fixed,5.0,0.25,0,12,73,0,0.05,colour
AOI_2_Vegas_img2236,AOI_2_Vegas,AOI_2_Vegas:-11525:3623,test,colour-r120_c15,blur_resize,fixed,10.0,0.25,0,0,73,0,0.0,colour
AOI_2_Vegas_img2267,AOI_2_Vegas,AOI_2_Vegas:-11525:3616,test,colour-r120_c15,blur_resize,fixed,0.3,0.25,0,11,58,0,0.05,colour
AOI_2_Vegas_img2267,AOI_2_Vegas,AOI_2_Vegas:-11525:3616,test,colour-r120_c15,blur_resize,fixed,0.45,0.25,0,6,58,0,0.0,colour
AOI_2_Vegas_img2267,AOI_2_Vegas,AOI_2_Vegas:-11525:3616,test,colour-r120_c15,blur_resize,fixed,0.6,0.25,0,6,58,0,0.0,colour
AOI_2_Vegas_img2267,AOI_2_Vegas,AOI_2_Vegas:-11525:3616,test,colour-r120_c15,blur_resize,fixed,0.9,0.25,0,4,58,0,0.0,colour
AOI_2_Vegas_img2267,AOI_2_Vegas,AOI_2_Vegas:-11525:3616,test,colour-r120_c15,blur_resize,fixed,1.2,0.25,0,4,58,0,0.0,colour
AOI_2_Vegas_img2267,AOI_2_Vegas,AOI_2_Vegas:-11525:3616,test,colour-r120_c15,blur_resize,fixed,1.8,0.25,0,3,58,0,0.0,colour
AOI_2_Vegas_img2267,AOI_2_Vegas,AOI_2_Vegas:-11525:3616,test,colour-r120_c15,blur_resize,fixed,2.4,0.25,0,5,58,0,0.0,colour
AOI_2_Vegas_img2267,AOI_2_Vegas,AOI_2_Vegas:-11525:3616,test,colour-r120_c15,blur_resize,fixed,3.6,0.25,0,0,58,0,0.0,colour
AOI_2_Vegas_img2267,AOI_2_Vegas,AOI_2_Vegas:-11525:3616,test,colour-r120_c15,blur_resize,fixed,5.0,0.25,0,0,58,0,0.0,colour
AOI_2_Vegas_img2267,AOI_2_Vegas,AOI_2_Vegas:-11525:3616,test,colour-r120_c15,blur_resize,fixed,10.0,0.25,0,0,58,0,0.0,colour
AOI_2_Vegas_img227,AOI_2_Vegas,AOI_2_Vegas:-11530:3613,test,colour-r120_c15,blur_resize,fixed,0.3,0.25,1,23,42,0,0.35,colour
AOI_2_Vegas_img227,AOI_2_Vegas,AOI_2_Vegas:-11530:3613,test,colour-r120_c15,blur_resize,fixed,0.45,0.25,1,25,42,0,0.3,colour
AOI_2_Vegas_img227,AOI_2_Vegas,AOI_2_Vegas:-11530:3613,test,colour-r120_c15,blur_resize,fixed,0.6,0.25,1,22,42,0,0.15,colour
AOI_2_Vegas_img227,AOI_2_Vegas,AOI_2_Vegas:-11530:3613,test,colour-r120_c15,blur_resize,fixed,0.9,0.25,1,21,42,0,0.15,colour
AOI_2_Vegas_img227,AOI_2_Vegas,AOI_2_Vegas:-11530:3613,test,colour-r120_c15,blur_resize,fixed,1.2,0.25,1,21,42,0,0.25,colour
AOI_2_Vegas_img227,AOI_2_Vegas,AOI_2_Vegas:-11530:3613,test,colour-r120_c15,blur_resize,fixed,1.8,0.25,1,19,42,0,0.05,colour
AOI_2_Vegas_img227,AOI_2_Vegas,AOI_2_Vegas:-11530:3613,test,colour-r120_c15,blur_resize,fixed,2.4,0.25,1,16,42,0,0.0,colour
AOI_2_Vegas_img227,AOI_2_Vegas,AOI_2_Vegas:-11530:3613,test,colour-r120_c15,blur_resize,fixed,3.6,0.25,0,11,42,0,0.05,colour
AOI_2_Vegas_img227,AOI_2_Vegas,AOI_2_Vegas:-11530:3613,test,colour-r120_c15,blur_resize,fixed,5.0,0.25,0,13,42,0,0.0,colour
AOI_2_Vegas_img227,AOI_2_Vegas,AOI_2_Vegas:-11530:3613,test,colour-r120_c15,blur_resize,fixed,10.0,0.25,0,0,42,0,0.0,colour
AOI_2_Vegas_img2276,AOI_2_Vegas,AOI_2_Vegas:-11525:3617,test,colour-r120_c15,blur_resize,fixed,0.3,0.25,0,0,0,0,0.0,colour
AOI_2_Vegas_img2276,AOI_2_Vegas,AOI_2_Vegas:-11525:3617,test,colour-r120_c15,blur_resize,fixed,0.45,0.25,0,0,0,0,0.0,colour
AOI_2_Vegas_img2276,AOI_2_Vegas,AOI_2_Vegas:-11525:3617,test,colour-r120_c15,blur_resize,fixed,0.6,0.25,0,0,0,0,0.0,colour
AOI_2_Vegas_img2276,AOI_2_Vegas,AOI_2_Vegas:-11525:3617,test,colour-r120_c15,blur_resize,fixed,0.9,0.25,0,0,0,0,0.0,colour
AOI_2_Vegas_img2276,AOI_2_Vegas,AOI_2_Vegas:-11525:3617,test,colour-r120_c15,blur_resize,fixed,1.2,0.25,0,0,0,0,0.0,colour
AOI_2_Vegas_img2276,AOI_2_Vegas,AOI_2_Vegas:-11525:3617,test,colour-r120_c15,blur_resize,fixed,1.8,0.25,0,0,0,0,0.0,colour
AOI_2_Vegas_img2276,AOI_2_Vegas,AOI_2_Vegas:-11525:3617,test,colour-r120_c15,blur_resize,fixed,2.4,0.25,0,0,0,0,0.0,colour
AOI_2_Vegas_img2276,AOI_2_Vegas,AOI_2_Vegas:-11525:3617,test,colour-r120_c15,blur_resize,fixed,3.6,0.25,0,0,0,0,0.0,colour
AOI_2_Vegas_img2276,AOI_2_Vegas,AOI_2_Vegas:-11525:3617,test,colour-r120_c15,blur_resize,fixed,5.0,0.25,0,0,0,0,0.0,colour
AOI_2_Vegas_img2276,AOI_2_Vegas,AOI_2_Vegas:-11525:3617,test,colour-r120_c15,blur_resize,fixed,10.0,0.25,0,0,0,0,0.0,colour
AOI_2_Vegas_img2281,AOI_2_Vegas,AOI_2_Vegas:-11525:3618,test,colour-r120_c15,blur_resize,fixed,0.3,0.25,0,0,14,0,0.0,colour
AOI_2_Vegas_img2281,AOI_2_Vegas,AOI_2_Vegas:-11525:3618,test,colour-r120_c15,blur_resize,fixed,0.45,0.25,0,0,14,0,0.0,colour
AOI_2_Vegas_img2281,AOI_2_Vegas,AOI_2_Vegas:-11525:3618,test,colour-r120_c15,blur_resize,fixed,0.6,0.25,0,0,14,0,0.0,colour
AOI_2_Vegas_img2281,AOI_2_Vegas,AOI_2_Vegas:-11525:3618,test,colour-r120_c15,blur_resize,fixed,0.9,0.25,0,0,14,0,0.0,colour
AOI_2_Vegas_img2281,AOI_2_Vegas,AOI_2_Vegas:-11525:3618,test,colour-r120_c15,blur_resize,fixed,1.2,0.25,0,0,14,0,0.0,colour
AOI_2_Vegas_img2281,AOI_2_Vegas,AOI_2_Vegas:-11525:3618,test,colour-r120_c15,blur_resize,fixed,1.8,0.25,0,0,14,0,0.0,colour
AOI_2_Vegas_img2281,AOI_2_Vegas,AOI_2_Vegas:-11525:3618,test,colour-r120_c15,blur_resize,fixed,2.4,0.25,0,0,14,0,0.0,colour
AOI_2_Vegas_img2281,AOI_2_Vegas,AOI_2_Vegas:-11525:3618,test,colour-r120_c15,blur_resize,fixed,3.6,0.25,0,0,14,0,0.0,colour
AOI_2_Vegas_img2281,AOI_2_Vegas,AOI_2_Vegas:-11525:3618,test,colour-r120_c15,blur_resize,fixed,5.0,0.25,0,0,14,0,0.0,colour
AOI_2_Vegas_img2281,AOI_2_Vegas,AOI_2_Vegas:-11525:3618,test,colour-r120_c15,blur_resize,fixed,10.0,0.25,0,0,14,0,0.0,colour
AOI_2_Vegas_img2302,AOI_2_Vegas,AOI_2_Vegas:-11525:3622,test,colour-r120_c15,blur_resize,fixed,0.3,0.25,0,7,58,0,0.0,colour
AOI_2_Vegas_img2302,AOI_2_Vegas,AOI_2_Vegas:-11525:3622,test,colour-r120_c15,blur_resize,fixed,0.45,0.25,0,6,58,0,0.0,colour
AOI_2_Vegas_img2302,AOI_2_Vegas,AOI_2_Vegas:-11525:3622,test,colour-r120_c15,blur_resize,fixed,0.6,0.25,0,6,58,0,0.0,colour
AOI_2_Vegas_img2302,AOI_2_Vegas,AOI_2_Vegas:-11525:3622,test,colour-r120_c15,blur_resize,fixed,0.9,0.25,0,5,58,0,0.0,colour
AOI_2_Vegas_img2302,AOI_2_Vegas,AOI_2_Vegas:-11525:3622,test,colour-r120_c15,blur_resize,fixed,1.2,0.25,0,3,58,0,0.0,colour
AOI_2_Vegas_img2302,AOI_2_Vegas,AOI_2_Vegas:-11525:3622,test,colour-r120_c15,blur_resize,fixed,1.8,0.25,0,5,58,0,0.0,colour
AOI_2_Vegas_img2302,AOI_2_Vegas,AOI_2_Vegas:-11525:3622,test,colour-r120_c15,blur_resize,fixed,2.4,0.25,0,6,58,0,0.0,colour
AOI_2_Vegas_img2302,AOI_2_Vegas,AOI_2_Vegas:-11525:3622,test,colour-r120_c15,blur_resize,fixed,3.6,0.25,0,3,58,0,0.0,colour
AOI_2_Vegas_img2302,AOI_2_Vegas,AOI_2_Vegas:-11525:3622,test,colour-r120_c15,blur_resize,fixed,5.0,0.25,0,0,58,0,0.0,colour
AOI_2_Vegas_img2302,AOI_2_Vegas,AOI_2_Vegas:-11525:3622,test,colour-r120_c15,blur_resize,fixed,10.0,0.25,0,0,58,0,0.0,colour
AOI_2_Vegas_img2359,AOI_2_Vegas,AOI_2_Vegas:-11525:3619,test,colour-r120_c15,blur_resize,fixed,0.3,0.25,1,1,15,0,0.0,colour
AOI_2_Vegas_img2359,AOI_2_Vegas,AOI_2_Vegas:-11525:3619,test,colour-r120_c15,blur_resize,fixed,0.45,0.25,1,3,15,0,0.0,colour
AOI_2_Vegas_img2359,AOI_2_Vegas,AOI_2_Vegas:-11525:3619,test,colour-r120_c15,blur_resize,fixed,0.6,0.25,1,1,15,0,0.0,colour
AOI_2_Vegas_img2359,AOI_2_Vegas,AOI_2_Vegas:-11525:3619,test,colour-r120_c15,blur_resize,fixed,0.9,0.25,1,1,15,0,0.0,colour
AOI_2_Vegas_img2359,AOI_2_Vegas,AOI_2_Vegas:-11525:3619,test,colour-r120_c15,blur_resize,fixed,1.2,0.25,0,1,15,0,0.0,colour
AOI_2_Vegas_img2359,AOI_2_Vegas,AOI_2_Vegas:-11525:3619,test,colour-r120_c15,blur_resize,fixed,1.8,0.25,0,1,15,0,0.0,colour
AOI_2_Vegas_img2359,AOI_2_Vegas,AOI_2_Vegas:-11525:3619,test,colour-r120_c15,blur_resize,fixed,2.4,0.25,0,1,15,0,0.0,colour
AOI_2_Vegas_img2359,AOI_2_Vegas,AOI_2_Vegas:-11525:3619,test,colour-r120_c15,blur_resize,fixed,3.6,0.25,0,2,15,0,0.0,colour
AOI_2_Vegas_img2359,AOI_2_Vegas,AOI_2_Vegas:-11525:3619,test,colour-r120_c15,blur_resize,fixed,5.0,0.25,0,0,15,0,0.0,colour
AOI_2_Vegas_img2359,AOI_2_Vegas,AOI_2_Vegas:-11525:3619,test,colour-r120_c15,blur_resize,fixed,10.0,0.25,0,0,15,0,0.0,colour
AOI_2_Vegas_img2379,AOI_2_Vegas,AOI_2_Vegas:-11525:3623,test,colour-r120_c15,blur_resize,fixed,0.3,0.25,0,3,55,0,0.0,colour
AOI_2_Vegas_img2379,AOI_2_Vegas,AOI_2_Vegas:-11525:3623,test,colour-r120_c15,blur_resize,fixed,0.45,0.25,0,3,55,0,0.0,colour
AOI_2_Vegas_img2379,AOI_2_Vegas,AOI_2_Vegas:-11525:3623,test,colour-r120_c15,blur_resize,fixed,0.6,0.25,0,1,55,0,0.0,colour
AOI_2_Vegas_img2379,AOI_2_Vegas,AOI_2_Vegas:-11525:3623,test,colour-r120_c15,blur_resize,fixed,0.9,0.25,0,1,55,0,0.0,colour
AOI_2_Vegas_img2379,AOI_2_Vegas,AOI_2_Vegas:-11525:3623,test,colour-r120_c15,blur_resize,fixed,1.2,0.25,0,1,55,0,0.0,colour
AOI_2_Vegas_img2379,AOI_2_Vegas,AOI_2_Vegas:-11525:3623,test,colour-r120_c15,blur_resize,fixed,1.8,0.25,0,7,55,0,0.0,colour
AOI_2_Vegas_img2379,AOI_2_Vegas,AOI_2_Vegas:-11525:3623,test,colour-r120_c15,blur_resize,fixed,2.4,0.25,0,6,55,0,0.0,colour
AOI_2_Vegas_img2379,AOI_2_Vegas,AOI_2_Vegas:-11525:3623,test,colour-r120_c15,blur_resize,fixed,3.6,0.25,0,0,55,0,0.0,colour
AOI_2_Vegas_img2379,AOI_2_Vegas,AOI_2_Vegas:-11525:3623,test,colour-r120_c15,blur_resize,fixed,5.0,0.25,0,0,55,0,0.0,colour
AOI_2_Vegas_img2379,AOI_2_Vegas,AOI_2_Vegas:-11525:3623,test,colour-r120_c15,blur_resize,fixed,10.0,0.25,0,0,55,0,0.0,colour
AOI_2_Vegas_img2415,AOI_2_Vegas,AOI_2_Vegas:-11524:3615,test,colour-r120_c15,blur_resize,fixed,0.3,0.25,0,14,28,0,0.0,colour
AOI_2_Vegas_img2415,AOI_2_Vegas,AOI_2_Vegas:-11524:3615,test,colour-r120_c15,blur_resize,fixed,0.45,0.25,0,11,28,0,0.05,colour
AOI_2_Vegas_img2415,AOI_2_Vegas,AOI_2_Vegas:-11524:3615,test,colour-r120_c15,blur_resize,fixed,0.6,0.25,0,16,28,0,0.0,colour
AOI_2_Vegas_img2415,AOI_2_Vegas,AOI_2_Vegas:-11524:3615,test,colour-r120_c15,blur_resize,fixed,0.9,0.25,0,15,28,0,0.0,colour
AOI_2_Vegas_img2415,AOI_2_Vegas,AOI_2_Vegas:-11524:3615,test,colour-r120_c15,blur_resize,fixed,1.2,0.25,0,15,28,0,0.0,colour
AOI_2_Vegas_img2415,AOI_2_Vegas,AOI_2_Vegas:-11524:3615,test,colour-r120_c15,blur_resize,fixed,1.8,0.25,0,10,28,0,0.0,colour
AOI_2_Vegas_img2415,AOI_2_Vegas,AOI_2_Vegas:-11524:3615,test,colour-r120_c15,blur_resize,fixed,2.4,0.25,0,15,28,0,0.0,colour
AOI_2_Vegas_img2415,AOI_2_Vegas,AOI_2_Vegas:-11524:3615,test,colour-r120_c15,blur_resize,fixed,3.6,0.25,0,2,28,0,0.0,colour
AOI_2_Vegas_img2415,AOI_2_Vegas,AOI_2_Vegas:-11524:3615,test,colour-r120_c15,blur_resize,fixed,5.0,0.25,0,4,28,0,0.0,colour
AOI_2_Vegas_img2415,AOI_2_Vegas,AOI_2_Vegas:-11524:3615,test,colour-r120_c15,blur_resize,fixed,10.0,0.25,0,0,28,0,0.0,colour
AOI_2_Vegas_img2420,AOI_2_Vegas,AOI_2_Vegas:-11524:3616,test,colour-r120_c15,blur_resize,fixed,0.3,0.25,0,0,65,0,0.0,colour
AOI_2_Vegas_img2420,AOI_2_Vegas,AOI_2_Vegas:-11524:3616,test,colour-r120_c15,blur_resize,fixed,0.45,0.25,0,0,65,0,0.0,colour
AOI_2_Vegas_img2420,AOI_2_Vegas,AOI_2_Vegas:-11524:3616,test,colour-r120_c15,blur_resize,fixed,0.6,0.25,0,0,65,0,0.0,colour
AOI_2_Vegas_img2420,AOI_2_Vegas,AOI_2_Vegas:-11524:3616,test,colour-r120_c15,blur_resize,fixed,0.9,0.25,0,0,65,0,0.0,colour
AOI_2_Vegas_img2420,AOI_2_Vegas,AOI_2_Vegas:-11524:3616,test,colour-r120_c15,blur_resize,fixed,1.2,0.25,0,0,65,0,0.0,colour
AOI_2_Vegas_img2420,AOI_2_Vegas,AOI_2_Vegas:-11524:3616,test,colour-r120_c15,blur_resize,fixed,1.8,0.25,0,0,65,0,0.0,colour
AOI_2_Vegas_img2420,AOI_2_Vegas,AOI_2_Vegas:-11524:3616,test,colour-r120_c15,blur_resize,fixed,2.4,0.25,0,0,65,0,0.0,colour
AOI_2_Vegas_img2420,AOI_2_Vegas,AOI_2_Vegas:-11524:3616,test,colour-r120_c15,blur_resize,fixed,3.6,0.25,0,0,65,0,0.0,colour
AOI_2_Vegas_img2420,AOI_2_Vegas,AOI_2_Vegas:-11524:3616,test,colour-r120_c15,blur_resize,fixed,5.0,0.25,0,0,65,0,0.0,colour
AOI_2_Vegas_img2420,AOI_2_Vegas,AOI_2_Vegas:-11524:3616,test,colour-r120_c15,blur_resize,fixed,10.0,0.25,0,0,65,0,0.0,colour
AOI_2_Vegas_img244,AOI_2_Vegas,AOI_2_Vegas:-11530:3616,test,colour-r120_c15,blur_resize,fixed,0.3,0.25,0,0,18,0,0.0,colour
AOI_2_Vegas_img244,AOI_2_Vegas,AOI_2_Vegas:-11530:3616,test,colour-r120_c15,blur_resize,fixed,0.45,0.25,0,0,18,0,0.0,colour
AOI_2_Vegas_img244,AOI_2_Vegas,AOI_2_Vegas:-11530:3616,test,colour-r120_c15,blur_resize,fixed,0.6,0.25,0,0,18,0,0.0,colour
AOI_2_Vegas_img244,AOI_2_Vegas,AOI_2_Vegas:-11530:3616,test,colour-r120_c15,blur_resize,fixed,0.9,0.25,0,0,18,0,0.0,colour
AOI_2_Vegas_img244,AOI_2_Vegas,AOI_2_Vegas:-11530:3616,test,colour-r120_c15,blur_resize,fixed,1.2,0.25,0,0,18,0,0.0,colour
AOI_2_Vegas_img244,AOI_2_Vegas,AOI_2_Vegas:-11530:3616,test,colour-r120_c15,blur_resize,fixed,1.8,0.25,0,0,18,0,0.0,colour
AOI_2_Vegas_img244,AOI_2_Vegas,AOI_2_Vegas:-11530:3616,test,colour-r120_c15,blur_resize,fixed,2.4,0.25,0,0,18,0,0.0,colour
AOI_2_Vegas_img244,AOI_2_Vegas,AOI_2_Vegas:-11530:3616,test,colour-r120_c15,blur_resize,fixed,3.6,0.25,0,0,18,0,0.0,colour
AOI_2_Vegas_img244,AOI_2_Vegas,AOI_2_Vegas:-11530:3616,test,colour-r120_c15,blur_resize,fixed,5.0,0.25,0,0,18,0,0.0,colour
AOI_2_Vegas_img244,AOI_2_Vegas,AOI_2_Vegas:-11530:3616,test,colour-r120_c15,blur_resize,fixed,10.0,0.25,0,0,18,0,0.0,colour
AOI_2_Vegas_img2447,AOI_2_Vegas,AOI_2_Vegas:-11524:3621,test,colour-r120_c15,blur_resize,fixed,0.3,0.25,0,0,56,0,0.0,colour
AOI_2_Vegas_img2447,AOI_2_Vegas,AOI_2_Vegas:-11524:3621,test,colour-r120_c15,blur_resize,fixed,0.45,0.25,0,0,56,0,0.0,colour
AOI_2_Vegas_img2447,AOI_2_Vegas,AOI_2_Vegas:-11524:3621,test,colour-r120_c15,blur_resize,fixed,0.6,0.25,0,0,56,0,0.0,colour
AOI_2_Vegas_img2447,AOI_2_Vegas,AOI_2_Vegas:-11524:3621,test,colour-r120_c15,blur_resize,fixed,0.9,0.25,0,0,56,0,0.0,colour
AOI_2_Vegas_img2447,AOI_2_Vegas,AOI_2_Vegas:-11524:3621,test,colour-r120_c15,blur_resize,fixed,1.2,0.25,0,0,56,0,0.0,colour
AOI_2_Vegas_img2447,AOI_2_Vegas,AOI_2_Vegas:-11524:3621,test,colour-r120_c15,blur_resize,fixed,1.8,0.25,0,0,56,0,0.0,colour
AOI_2_Vegas_img2447,AOI_2_Vegas,AOI_2_Vegas:-11524:3621,test,colour-r120_c15,blur_resize,fixed,2.4,0.25,0,0,56,0,0.0,colour
AOI_2_Vegas_img2447,AOI_2_Vegas,AOI_2_Vegas:-11524:3621,test,colour-r120_c15,blur_resize,fixed,3.6,0.25,0,0,56,0,0.0,colour
AOI_2_Vegas_img2447,AOI_2_Vegas,AOI_2_Vegas:-11524:3621,test,colour-r120_c15,blur_resize,fixed,5.0,0.25,0,0,56,0,0.0,colour
AOI_2_Vegas_img2447,AOI_2_Vegas,AOI_2_Vegas:-11524:3621,test,colour-r120_c15,blur_resize,fixed,10.0,0.25,0,0,56,0,0.0,colour
AOI_2_Vegas_img2453,AOI_2_Vegas,AOI_2_Vegas:-11524:3622,test,colour-r120_c15,blur_resize,fixed,0.3,0.25,0,0,46,0,0.0,colour
AOI_2_Vegas_img2453,AOI_2_Vegas,AOI_2_Vegas:-11524:3622,test,colour-r120_c15,blur_resize,fixed,0.45,0.25,0,0,46,0,0.0,colour
AOI_2_Vegas_img2453,AOI_2_Vegas,AOI_2_Vegas:-11524:3622,test,colour-r120_c15,blur_resize,fixed,0.6,0.25,0,0,46,0,0.0,colour
AOI_2_Vegas_img2453,AOI_2_Vegas,AOI_2_Vegas:-11524:3622,test,colour-r120_c15,blur_resize,fixed,0.9,0.25,0,0,46,0,0.0,colour
AOI_2_Vegas_img2453,AOI_2_Vegas,AOI_2_Vegas:-11524:3622,test,colour-r120_c15,blur_resize,fixed,1.2,0.25,0,0,46,0,0.0,colour
AOI_2_Vegas_img2453,AOI_2_Vegas,AOI_2_Vegas:-11524:3622,test,colour-r120_c15,blur_resize,fixed,1.8,0.25,0,0,46,0,0.0,colour
AOI_2_Vegas_img2453,AOI_2_Vegas,AOI_2_Vegas:-11524:3622,test,colour-r120_c15,blur_resize,fixed,2.4,0.25,0,0,46,0,0.0,colour
AOI_2_Vegas_img2453,AOI_2_Vegas,AOI_2_Vegas:-11524:3622,test,colour-r120_c15,blur_resize,fixed,3.6,0.25,0,0,46,0,0.0,colour
AOI_2_Vegas_img2453,AOI_2_Vegas,AOI_2_Vegas:-11524:3622,test,colour-r120_c15,blur_resize,fixed,5.0,0.25,0,0,46,0,0.0,colour
AOI_2_Vegas_img2453,AOI_2_Vegas,AOI_2_Vegas:-11524:3622,test,colour-r120_c15,blur_resize,fixed,10.0,0.25,0,0,46,0,0.0,colour
AOI_2_Vegas_img2462,AOI_2_Vegas,AOI_2_Vegas:-11524:3623,test,colour-r120_c15,blur_resize,fixed,0.3,0.25,0,0,80,0,0.0,colour
AOI_2_Vegas_img2462,AOI_2_Vegas,AOI_2_Vegas:-11524:3623,test,colour-r120_c15,blur_resize,fixed,0.45,0.25,0,0,80,0,0.0,colour
AOI_2_Vegas_img2462,AOI_2_Vegas,AOI_2_Vegas:-11524:3623,test,colour-r120_c15,blur_resize,fixed,0.6,0.25,0,0,80,0,0.0,colour
AOI_2_Vegas_img2462,AOI_2_Vegas,AOI_2_Vegas:-11524:3623,test,colour-r120_c15,blur_resize,fixed,0.9,0.25,0,0,80,0,0.0,colour
AOI_2_Vegas_img2462,AOI_2_Vegas,AOI_2_Vegas:-11524:3623,test,colour-r120_c15,blur_resize,fixed,1.2,0.25,0,0,80,0,0.0,colour
AOI_2_Vegas_img2462,AOI_2_Vegas,AOI_2_Vegas:-11524:3623,test,colour-r120_c15,blur_resize,fixed,1.8,0.25,0,0,80,0,0.0,colour
AOI_2_Vegas_img2462,AOI_2_Vegas,AOI_2_Vegas:-11524:3623,test,colour-r120_c15,blur_resize,fixed,2.4,0.25,0,0,80,0,0.0,colour
AOI_2_Vegas_img2462,AOI_2_Vegas,AOI_2_Vegas:-11524:3623,test,colour-r120_c15,blur_resize,fixed,3.6,0.25,0,0,80,0,0.0,colour
AOI_2_Vegas_img2462,AOI_2_Vegas,AOI_2_Vegas:-11524:3623,test,colour-r120_c15,blur_resize,fixed,5.0,0.25,0,0,80,0,0.0,colour
AOI_2_Vegas_img2462,AOI_2_Vegas,AOI_2_Vegas:-11524:3623,test,colour-r120_c15,blur_resize,fixed,10.0,0.25,0,0,80,0,0.0,colour
AOI_2_Vegas_img2474,AOI_2_Vegas,AOI_2_Vegas:-11524:3625,test,colour-r120_c15,blur_resize,fixed,0.3,0.25,0,0,30,0,0.0,colour
AOI_2_Vegas_img2474,AOI_2_Vegas,AOI_2_Vegas:-11524:3625,test,colour-r120_c15,blur_resize,fixed,0.45,0.25,0,0,30,0,0.0,colour
AOI_2_Vegas_img2474,AOI_2_Vegas,AOI_2_Vegas:-11524:3625,test,colour-r120_c15,blur_resize,fixed,0.6,0.25,0,0,30,0,0.0,colour
AOI_2_Vegas_img2474,AOI_2_Vegas,AOI_2_Vegas:-11524:3625,test,colour-r120_c15,blur_resize,fixed,0.9,0.25,0,0,30,0,0.0,colour
AOI_2_Vegas_img2474,AOI_2_Vegas,AOI_2_Vegas:-11524:3625,test,colour-r120_c15,blur_resize,fixed,1.2,0.25,0,0,30,0,0.0,colour
AOI_2_Vegas_img2474,AOI_2_Vegas,AOI_2_Vegas:-11524:3625,test,colour-r120_c15,blur_resize,fixed,1.8,0.25,0,0,30,0,0.0,colour
AOI_2_Vegas_img2474,AOI_2_Vegas,AOI_2_Vegas:-11524:3625,test,colour-r120_c15,blur_resize,fixed,2.4,0.25,0,0,30,0,0.0,colour
AOI_2_Vegas_img2474,AOI_2_Vegas,AOI_2_Vegas:-11524:3625,test,colour-r120_c15,blur_resize,fixed,3.6,0.25,0,0,30,0,0.0,colour
AOI_2_Vegas_img2474,AOI_2_Vegas,AOI_2_Vegas:-11524:3625,test,colour-r120_c15,blur_resize,fixed,5.0,0.25,0,0,30,0,0.0,colour
AOI_2_Vegas_img2474,AOI_2_Vegas,AOI_2_Vegas:-11524:3625,test,colour-r120_c15,blur_resize,fixed,10.0,0.25,0,0,30,0,0.0,colour
AOI_2_Vegas_img2479,AOI_2_Vegas,AOI_2_Vegas:-11524:3612,test,colour-r120_c15,blur_resize,fixed,0.3,0.25,0,107,23,0,0.0,colour
AOI_2_Vegas_img2479,AOI_2_Vegas,AOI_2_Vegas:-11524:3612,test,colour-r120_c15,blur_resize,fixed,0.45,0.25,0,21,23,0,0.0,colour
AOI_2_Vegas_img2479,AOI_2_Vegas,AOI_2_Vegas:-11524:3612,test,colour-r120_c15,blur_resize,fixed,0.6,0.25,1,12,23,0,0.0,colour
AOI_2_Vegas_img2479,AOI_2_Vegas,AOI_2_Vegas:-11524:3612,test,colour-r120_c15,blur_resize,fixed,0.9,0.25,0,10,23,0,0.0,colour
AOI_2_Vegas_img2479,AOI_2_Vegas,AOI_2_Vegas:-11524:3612,test,colour-r120_c15,blur_resize,fixed,1.2,0.25,0,6,23,0,0.0,colour
AOI_2_Vegas_img2479,AOI_2_Vegas,AOI_2_Vegas:-11524:3612,test,colour-r120_c15,blur_resize,fixed,1.8,0.25,0,6,23,0,0.0,colour
AOI_2_Vegas_img2479,AOI_2_Vegas,AOI_2_Vegas:-11524:3612,test,colour-r120_c15,blur_resize,fixed,2.4,0.25,0,4,23,0,0.0,colour
AOI_2_Vegas_img2479,AOI_2_Vegas,AOI_2_Vegas:-11524:3612,test,colour-r120_c15,blur_resize,fixed,3.6,0.25,0,1,23,0,0.0,colour
AOI_2_Vegas_img2479,AOI_2_Vegas,AOI_2_Vegas:-11524:3612,test,colour-r120_c15,blur_resize,fixed,5.0,0.25,0,0,23,0,0.0,colour
AOI_2_Vegas_img2479,AOI_2_Vegas,AOI_2_Vegas:-11524:3612,test,colour-r120_c15,blur_resize,fixed,10.0,0.25,0,0,23,0,0.0,colour
AOI_2_Vegas_img2516,AOI_2_Vegas,AOI_2_Vegas:-11524:3619,test,colour-r120_c15,blur_resize,fixed,0.3,0.25,1,10,82,0,0.15,colour
AOI_2_Vegas_img2516,AOI_2_Vegas,AOI_2_Vegas:-11524:3619,test,colour-r120_c15,blur_resize,fixed,0.45,0.25,1,5,82,0,0.3,colour
AOI_2_Vegas_img2516,AOI_2_Vegas,AOI_2_Vegas:-11524:3619,test,colour-r120_c15,blur_resize,fixed,0.6,0.25,1,5,82,0,0.3,colour
AOI_2_Vegas_img2516,AOI_2_Vegas,AOI_2_Vegas:-11524:3619,test,colour-r120_c15,blur_resize,fixed,0.9,0.25,1,6,82,0,0.25,colour
AOI_2_Vegas_img2516,AOI_2_Vegas,AOI_2_Vegas:-11524:3619,test,colour-r120_c15,blur_resize,fixed,1.2,0.25,1,4,82,0,0.3,colour
AOI_2_Vegas_img2516,AOI_2_Vegas,AOI_2_Vegas:-11524:3619,test,colour-r120_c15,blur_resize,fixed,1.8,0.25,1,10,82,0,0.25,colour
AOI_2_Vegas_img2516,AOI_2_Vegas,AOI_2_Vegas:-11524:3619,test,colour-r120_c15,blur_resize,fixed,2.4,0.25,1,4,82,0,0.2,colour
AOI_2_Vegas_img2516,AOI_2_Vegas,AOI_2_Vegas:-11524:3619,test,colour-r120_c15,blur_resize,fixed,3.6,0.25,1,1,82,0,0.1,colour
AOI_2_Vegas_img2516,AOI_2_Vegas,AOI_2_Vegas:-11524:3619,test,colour-r120_c15,blur_resize,fixed,5.0,0.25,0,1,82,0,0.0,colour
AOI_2_Vegas_img2516,AOI_2_Vegas,AOI_2_Vegas:-11524:3619,test,colour-r120_c15,blur_resize,fixed,10.0,0.25,0,0,82,0,0.0,colour
AOI_2_Vegas_img2567,AOI_2_Vegas,AOI_2_Vegas:-11524:3614,test,colour-r120_c15,blur_resize,fixed,0.3,0.25,0,0,20,0,0.0,colour
AOI_2_Vegas_img2567,AOI_2_Vegas,AOI_2_Vegas:-11524:3614,test,colour-r120_c15,blur_resize,fixed,0.45,0.25,0,0,20,0,0.0,colour
AOI_2_Vegas_img2567,AOI_2_Vegas,AOI_2_Vegas:-11524:3614,test,colour-r120_c15,blur_resize,fixed,0.6,0.25,0,0,20,0,0.0,colour
AOI_2_Vegas_img2567,AOI_2_Vegas,AOI_2_Vegas:-11524:3614,test,colour-r120_c15,blur_resize,fixed,0.9,0.25,0,0,20,0,0.0,colour
AOI_2_Vegas_img2567,AOI_2_Vegas,AOI_2_Vegas:-11524:3614,test,colour-r120_c15,blur_resize,fixed,1.2,0.25,0,0,20,0,0.0,colour
AOI_2_Vegas_img2567,AOI_2_Vegas,AOI_2_Vegas:-11524:3614,test,colour-r120_c15,blur_resize,fixed,1.8,0.25,0,0,20,0,0.0,colour
AOI_2_Vegas_img2567,AOI_2_Vegas,AOI_2_Vegas:-11524:3614,test,colour-r120_c15,blur_resize,fixed,2.4,0.25,0,0,20,0,0.0,colour
AOI_2_Vegas_img2567,AOI_2_Vegas,AOI_2_Vegas:-11524:3614,test,colour-r120_c15,blur_resize,fixed,3.6,0.25,0,0,20,0,0.0,colour
AOI_2_Vegas_img2567,AOI_2_Vegas,AOI_2_Vegas:-11524:3614,test,colour-r120_c15,blur_resize,fixed,5.0,0.25,0,0,20,0,0.0,colour
AOI_2_Vegas_img2567,AOI_2_Vegas,AOI_2_Vegas:-11524:3614,test,colour-r120_c15,blur_resize,fixed,10.0,0.25,0,0,20,0,0.0,colour
AOI_2_Vegas_img2614,AOI_2_Vegas,AOI_2_Vegas:-11524:3622,test,colour-r120_c15,blur_resize,fixed,0.3,0.25,0,23,44,0,0.0,colour
AOI_2_Vegas_img2614,AOI_2_Vegas,AOI_2_Vegas:-11524:3622,test,colour-r120_c15,blur_resize,fixed,0.45,0.25,0,4,44,0,0.0,colour
AOI_2_Vegas_img2614,AOI_2_Vegas,AOI_2_Vegas:-11524:3622,test,colour-r120_c15,blur_resize,fixed,0.6,0.25,0,7,44,0,0.0,colour
AOI_2_Vegas_img2614,AOI_2_Vegas,AOI_2_Vegas:-11524:3622,test,colour-r120_c15,blur_resize,fixed,0.9,0.25,0,5,44,0,0.0,colour
AOI_2_Vegas_img2614,AOI_2_Vegas,AOI_2_Vegas:-11524:3622,test,colour-r120_c15,blur_resize,fixed,1.2,0.25,0,5,44,0,0.0,colour
AOI_2_Vegas_img2614,AOI_2_Vegas,AOI_2_Vegas:-11524:3622,test,colour-r120_c15,blur_resize,fixed,1.8,0.25,0,1,44,0,0.0,colour
AOI_2_Vegas_img2614,AOI_2_Vegas,AOI_2_Vegas:-11524:3622,test,colour-r120_c15,blur_resize,fixed,2.4,0.25,0,0,44,0,0.0,colour
AOI_2_Vegas_img2614,AOI_2_Vegas,AOI_2_Vegas:-11524:3622,test,colour-r120_c15,blur_resize,fixed,3.6,0.25,0,0,44,0,0.0,colour
AOI_2_Vegas_img2614,AOI_2_Vegas,AOI_2_Vegas:-11524:3622,test,colour-r120_c15,blur_resize,fixed,5.0,0.25,0,0,44,0,0.0,colour
AOI_2_Vegas_img2614,AOI_2_Vegas,AOI_2_Vegas:-11524:3622,test,colour-r120_c15,blur_resize,fixed,10.0,0.25,0,0,44,0,0.0,colour
AOI_2_Vegas_img2623,AOI_2_Vegas,AOI_2_Vegas:-11524:3624,test,colour-r120_c15,blur_resize,fixed,0.3,0.25,0,0,13,0,0.0,colour
AOI_2_Vegas_img2623,AOI_2_Vegas,AOI_2_Vegas:-11524:3624,test,colour-r120_c15,blur_resize,fixed,0.45,0.25,0,0,13,0,0.0,colour
AOI_2_Vegas_img2623,AOI_2_Vegas,AOI_2_Vegas:-11524:3624,test,colour-r120_c15,blur_resize,fixed,0.6,0.25,0,0,13,0,0.0,colour
AOI_2_Vegas_img2623,AOI_2_Vegas,AOI_2_Vegas:-11524:3624,test,colour-r120_c15,blur_resize,fixed,0.9,0.25,0,0,13,0,0.0,colour
AOI_2_Vegas_img2623,AOI_2_Vegas,AOI_2_Vegas:-11524:3624,test,colour-r120_c15,blur_resize,fixed,1.2,0.25,0,0,13,0,0.0,colour
AOI_2_Vegas_img2623,AOI_2_Vegas,AOI_2_Vegas:-11524:3624,test,colour-r120_c15,blur_resize,fixed,1.8,0.25,0,0,13,0,0.0,colour
AOI_2_Vegas_img2623,AOI_2_Vegas,AOI_2_Vegas:-11524:3624,test,colour-r120_c15,blur_resize,fixed,2.4,0.25,0,0,13,0,0.0,colour
AOI_2_Vegas_img2623,AOI_2_Vegas,AOI_2_Vegas:-11524:3624,test,colour-r120_c15,blur_resize,fixed,3.6,0.25,0,0,13,0,0.0,colour
AOI_2_Vegas_img2623,AOI_2_Vegas,AOI_2_Vegas:-11524:3624,test,colour-r120_c15,blur_resize,fixed,5.0,0.25,0,0,13,0,0.0,colour
AOI_2_Vegas_img2623,AOI_2_Vegas,AOI_2_Vegas:-11524:3624,test,colour-r120_c15,blur_resize,fixed,10.0,0.25,0,0,13,0,0.0,colour
AOI_2_Vegas_img263,AOI_2_Vegas,AOI_2_Vegas:-11530:3620,test,colour-r120_c15,blur_resize,fixed,0.3,0.25,0,0,44,0,0.0,colour
AOI_2_Vegas_img263,AOI_2_Vegas,AOI_2_Vegas:-11530:3620,test,colour-r120_c15,blur_resize,fixed,0.45,0.25,0,0,44,0,0.0,colour
AOI_2_Vegas_img263,AOI_2_Vegas,AOI_2_Vegas:-11530:3620,test,colour-r120_c15,blur_resize,fixed,0.6,0.25,0,0,44,0,0.0,colour
AOI_2_Vegas_img263,AOI_2_Vegas,AOI_2_Vegas:-11530:3620,test,colour-r120_c15,blur_resize,fixed,0.9,0.25,0,0,44,0,0.0,colour
AOI_2_Vegas_img263,AOI_2_Vegas,AOI_2_Vegas:-11530:3620,test,colour-r120_c15,blur_resize,fixed,1.2,0.25,0,0,44,0,0.0,colour
AOI_2_Vegas_img263,AOI_2_Vegas,AOI_2_Vegas:-11530:3620,test,colour-r120_c15,blur_resize,fixed,1.8,0.25,0,0,44,0,0.0,colour
AOI_2_Vegas_img263,AOI_2_Vegas,AOI_2_Vegas:-11530:3620,test,colour-r120_c15,blur_resize,fixed,2.4,0.25,0,0,44,0,0.0,colour
AOI_2_Vegas_img263,AOI_2_Vegas,AOI_2_Vegas:-11530:3620,test,colour-r120_c15,blur_resize,fixed,3.6,0.25,0,0,44,0,0.0,colour
AOI_2_Vegas_img263,AOI_2_Vegas,AOI_2_Vegas:-11530:3620,test,colour-r120_c15,blur_resize,fixed,5.0,0.25,0,0,44,0,0.0,colour
AOI_2_Vegas_img263,AOI_2_Vegas,AOI_2_Vegas:-11530:3620,test,colour-r120_c15,blur_resize,fixed,10.0,0.25,0,0,44,0,0.0,colour
AOI_2_Vegas_img2668,AOI_2_Vegas,AOI_2_Vegas:-11524:3618,test,colour-r120_c15,blur_resize,fixed,0.3,0.25,0,0,65,0,0.0,colour
AOI_2_Vegas_img2668,AOI_2_Vegas,AOI_2_Vegas:-11524:3618,test,colour-r120_c15,blur_resize,fixed,0.45,0.25,0,0,65,0,0.0,colour
AOI_2_Vegas_img2668,AOI_2_Vegas,AOI_2_Vegas:-11524:3618,test,colour-r120_c15,blur_resize,fixed,0.6,0.25,0,0,65,0,0.0,colour
AOI_2_Vegas_img2668,AOI_2_Vegas,AOI_2_Vegas:-11524:3618,test,colour-r120_c15,blur_resize,fixed,0.9,0.25,0,0,65,0,0.0,colour
AOI_2_Vegas_img2668,AOI_2_Vegas,AOI_2_Vegas:-11524:3618,test,colour-r120_c15,blur_resize,fixed,1.2,0.25,0,0,65,0,0.0,colour
AOI_2_Vegas_img2668,AOI_2_Vegas,AOI_2_Vegas:-11524:3618,test,colour-r120_c15,blur_resize,fixed,1.8,0.25,0,0,65,0,0.0,colour
AOI_2_Vegas_img2668,AOI_2_Vegas,AOI_2_Vegas:-11524:3618,test,colour-r120_c15,blur_resize,fixed,2.4,0.25,0,0,65,0,0.0,colour
AOI_2_Vegas_img2668,AOI_2_Vegas,AOI_2_Vegas:-11524:3618,test,colour-r120_c15,blur_resize,fixed,3.6,0.25,0,0,65,0,0.0,colour
AOI_2_Vegas_img2668,AOI_2_Vegas,AOI_2_Vegas:-11524:3618,test,colour-r120_c15,blur_resize,fixed,5.0,0.25,0,0,65,0,0.0,colour
AOI_2_Vegas_img2668,AOI_2_Vegas,AOI_2_Vegas:-11524:3618,test,colour-r120_c15,blur_resize,fixed,10.0,0.25,0,0,65,0,0.0,colour
AOI_2_Vegas_img2695,AOI_2_Vegas,AOI_2_Vegas:-11524:3623,test,colour-r120_c15,blur_resize,fixed,0.3,0.25,0,0,52,0,0.0,colour
AOI_2_Vegas_img2695,AOI_2_Vegas,AOI_2_Vegas:-11524:3623,test,colour-r120_c15,blur_resize,fixed,0.45,0.25,0,0,52,0,0.0,colour
AOI_2_Vegas_img2695,AOI_2_Vegas,AOI_2_Vegas:-11524:3623,test,colour-r120_c15,blur_resize,fixed,0.6,0.25,0,0,52,0,0.0,colour
AOI_2_Vegas_img2695,AOI_2_Vegas,AOI_2_Vegas:-11524:3623,test,colour-r120_c15,blur_resize,fixed,0.9,0.25,0,0,52,0,0.0,colour
AOI_2_Vegas_img2695,AOI_2_Vegas,AOI_2_Vegas:-11524:3623,test,colour-r120_c15,blur_resize,fixed,1.2,0.25,0,0,52,0,0.0,colour
AOI_2_Vegas_img2695,AOI_2_Vegas,AOI_2_Vegas:-11524:3623,test,colour-r120_c15,blur_resize,fixed,1.8,0.25,0,0,52,0,0.0,colour
AOI_2_Vegas_img2695,AOI_2_Vegas,AOI_2_Vegas:-11524:3623,test,colour-r120_c15,blur_resize,fixed,2.4,0.25,0,0,52,0,0.0,colour
AOI_2_Vegas_img2695,AOI_2_Vegas,AOI_2_Vegas:-11524:3623,test,colour-r120_c15,blur_resize,fixed,3.6,0.25,0,0,52,0,0.0,colour
AOI_2_Vegas_img2695,AOI_2_Vegas,AOI_2_Vegas:-11524:3623,test,colour-r120_c15,blur_resize,fixed,5.0,0.25,0,0,52,0,0.0,colour
AOI_2_Vegas_img2695,AOI_2_Vegas,AOI_2_Vegas:-11524:3623,test,colour-r120_c15,blur_resize,fixed,10.0,0.25,0,0,52,0,0.0,colour
AOI_2_Vegas_img2751,AOI_2_Vegas,AOI_2_Vegas:-11524:3619,test,colour-r120_c15,blur_resize,fixed,0.3,0.25,0,1,42,0,0.05,colour
AOI_2_Vegas_img2751,AOI_2_Vegas,AOI_2_Vegas:-11524:3619,test,colour-r120_c15,blur_resize,fixed,0.45,0.25,0,2,42,0,0.0,colour
AOI_2_Vegas_img2751,AOI_2_Vegas,AOI_2_Vegas:-11524:3619,test,colour-r120_c15,blur_resize,fixed,0.6,0.25,0,4,42,0,0.15,colour
AOI_2_Vegas_img2751,AOI_2_Vegas,AOI_2_Vegas:-11524:3619,test,colour-r120_c15,blur_resize,fixed,0.9,0.25,0,2,42,0,0.05,colour
AOI_2_Vegas_img2751,AOI_2_Vegas,AOI_2_Vegas:-11524:3619,test,colour-r120_c15,blur_resize,fixed,1.2,0.25,0,1,42,0,0.1,colour
AOI_2_Vegas_img2751,AOI_2_Vegas,AOI_2_Vegas:-11524:3619,test,colour-r120_c15,blur_resize,fixed,1.8,0.25,0,1,42,0,0.05,colour
AOI_2_Vegas_img2751,AOI_2_Vegas,AOI_2_Vegas:-11524:3619,test,colour-r120_c15,blur_resize,fixed,2.4,0.25,0,2,42,0,0.0,colour
AOI_2_Vegas_img2751,AOI_2_Vegas,AOI_2_Vegas:-11524:3619,test,colour-r120_c15,blur_resize,fixed,3.6,0.25,0,1,42,0,0.05,colour
AOI_2_Vegas_img2751,AOI_2_Vegas,AOI_2_Vegas:-11524:3619,test,colour-r120_c15,blur_resize,fixed,5.0,0.25,0,2,42,0,0.0,colour
AOI_2_Vegas_img2751,AOI_2_Vegas,AOI_2_Vegas:-11524:3619,test,colour-r120_c15,blur_resize,fixed,10.0,0.25,0,0,42,0,0.0,colour
AOI_2_Vegas_img2760,AOI_2_Vegas,AOI_2_Vegas:-11524:3620,test,colour-r120_c15,blur_resize,fixed,0.3,0.25,0,0,58,0,0.0,colour
AOI_2_Vegas_img2760,AOI_2_Vegas,AOI_2_Vegas:-11524:3620,test,colour-r120_c15,blur_resize,fixed,0.45,0.25,0,0,58,0,0.0,colour
AOI_2_Vegas_img2760,AOI_2_Vegas,AOI_2_Vegas:-11524:3620,test,colour-r120_c15,blur_resize,fixed,0.6,0.25,0,0,58,0,0.0,colour
AOI_2_Vegas_img2760,AOI_2_Vegas,AOI_2_Vegas:-11524:3620,test,colour-r120_c15,blur_resize,fixed,0.9,0.25,0,0,58,0,0.0,colour
AOI_2_Vegas_img2760,AOI_2_Vegas,AOI_2_Vegas:-11524:3620,test,colour-r120_c15,blur_resize,fixed,1.2,0.25,0,0,58,0,0.0,colour
AOI_2_Vegas_img2760,AOI_2_Vegas,AOI_2_Vegas:-11524:3620,test,colour-r120_c15,blur_resize,fixed,1.8,0.25,0,0,58,0,0.0,colour
AOI_2_Vegas_img2760,AOI_2_Vegas,AOI_2_Vegas:-11524:3620,test,colour-r120_c15,blur_resize,fixed,2.4,0.25,0,0,58,0,0.0,colour
AOI_2_Vegas_img2760,AOI_2_Vegas,AOI_2_Vegas:-11524:3620,test,colour-r120_c15,blur_resize,fixed,3.6,0.25,0,0,58,0,0.0,colour
AOI_2_Vegas_img2760,AOI_2_Vegas,AOI_2_Vegas:-11524:3620,test,colour-r120_c15,blur_resize,fixed,5.0,0.25,0,0,58,0,0.0,colour
AOI_2_Vegas_img2760,AOI_2_Vegas,AOI_2_Vegas:-11524:3620,test,colour-r120_c15,blur_resize,fixed,10.0,0.25,0,0,58,0,0.0,colour
AOI_2_Vegas_img2801,AOI_2_Vegas,AOI_2_Vegas:-11524:3613,test,colour-r120_c15,blur_resize,fixed,0.3,0.25,0,0,26,0,0.0,colour
AOI_2_Vegas_img2801,AOI_2_Vegas,AOI_2_Vegas:-11524:3613,test,colour-r120_c15,blur_resize,fixed,0.45,0.25,0,0,26,0,0.0,colour
AOI_2_Vegas_img2801,AOI_2_Vegas,AOI_2_Vegas:-11524:3613,test,colour-r120_c15,blur_resize,fixed,0.6,0.25,0,0,26,0,0.0,colour
AOI_2_Vegas_img2801,AOI_2_Vegas,AOI_2_Vegas:-11524:3613,test,colour-r120_c15,blur_resize,fixed,0.9,0.25,0,0,26,0,0.0,colour
AOI_2_Vegas_img2801,AOI_2_Vegas,AOI_2_Vegas:-11524:3613,test,colour-r120_c15,blur_resize,fixed,1.2,0.25,0,0,26,0,0.0,colour
AOI_2_Vegas_img2801,AOI_2_Vegas,AOI_2_Vegas:-11524:3613,test,colour-r120_c15,blur_resize,fixed,1.8,0.25,0,0,26,0,0.0,colour
AOI_2_Vegas_img2801,AOI_2_Vegas,AOI_2_Vegas:-11524:3613,test,colour-r120_c15,blur_resize,fixed,2.4,0.25,0,0,26,0,0.0,colour
AOI_2_Vegas_img2801,AOI_2_Vegas,AOI_2_Vegas:-11524:3613,test,colour-r120_c15,blur_resize,fixed,3.6,0.25,0,0,26,0,0.0,colour
AOI_2_Vegas_img2801,AOI_2_Vegas,AOI_2_Vegas:-11524:3613,test,colour-r120_c15,blur_resize,fixed,5.0,0.25,0,0,26,0,0.0,colour
AOI_2_Vegas_img2801,AOI_2_Vegas,AOI_2_Vegas:-11524:3613,test,colour-r120_c15,blur_resize,fixed,10.0,0.25,0,0,26,0,0.0,colour
AOI_2_Vegas_img2824,AOI_2_Vegas,AOI_2_Vegas:-11524:3618,test,colour-r120_c15,blur_resize,fixed,0.3,0.25,0,0,31,0,0.0,colour
AOI_2_Vegas_img2824,AOI_2_Vegas,AOI_2_Vegas:-11524:3618,test,colour-r120_c15,blur_resize,fixed,0.45,0.25,0,0,31,0,0.0,colour
AOI_2_Vegas_img2824,AOI_2_Vegas,AOI_2_Vegas:-11524:3618,test,colour-r120_c15,blur_resize,fixed,0.6,0.25,0,0,31,0,0.0,colour
AOI_2_Vegas_img2824,AOI_2_Vegas,AOI_2_Vegas:-11524:3618,test,colour-r120_c15,blur_resize,fixed,0.9,0.25,0,0,31,0,0.0,colour
AOI_2_Vegas_img2824,AOI_2_Vegas,AOI_2_Vegas:-11524:3618,test,colour-r120_c15,blur_resize,fixed,1.2,0.25,0,0,31,0,0.0,colour
AOI_2_Vegas_img2824,AOI_2_Vegas,AOI_2_Vegas:-11524:3618,test,colour-r120_c15,blur_resize,fixed,1.8,0.25,0,0,31,0,0.0,colour
AOI_2_Vegas_img2824,AOI_2_Vegas,AOI_2_Vegas:-11524:3618,test,colour-r120_c15,blur_resize,fixed,2.4,0.25,0,0,31,0,0.0,colour
AOI_2_Vegas_img2824,AOI_2_Vegas,AOI_2_Vegas:-11524:3618,test,colour-r120_c15,blur_resize,fixed,3.6,0.25,0,0,31,0,0.0,colour
AOI_2_Vegas_img2824,AOI_2_Vegas,AOI_2_Vegas:-11524:3618,test,colour-r120_c15,blur_resize,fixed,5.0,0.25,0,0,31,0,0.0,colour
AOI_2_Vegas_img2824,AOI_2_Vegas,AOI_2_Vegas:-11524:3618,test,colour-r120_c15,blur_resize,fixed,10.0,0.25,0,0,31,0,0.0,colour
AOI_2_Vegas_img2852,AOI_2_Vegas,AOI_2_Vegas:-11524:3622,test,colour-r120_c15,blur_resize,fixed,0.3,0.25,0,0,49,0,0.0,colour
AOI_2_Vegas_img2852,AOI_2_Vegas,AOI_2_Vegas:-11524:3622,test,colour-r120_c15,blur_resize,fixed,0.45,0.25,0,0,49,0,0.0,colour
AOI_2_Vegas_img2852,AOI_2_Vegas,AOI_2_Vegas:-11524:3622,test,colour-r120_c15,blur_resize,fixed,0.6,0.25,0,0,49,0,0.0,colour
AOI_2_Vegas_img2852,AOI_2_Vegas,AOI_2_Vegas:-11524:3622,test,colour-r120_c15,blur_resize,fixed,0.9,0.25,0,0,49,0,0.0,colour
AOI_2_Vegas_img2852,AOI_2_Vegas,AOI_2_Vegas:-11524:3622,test,colour-r120_c15,blur_resize,fixed,1.2,0.25,0,0,49,0,0.0,colour
AOI_2_Vegas_img2852,AOI_2_Vegas,AOI_2_Vegas:-11524:3622,test,colour-r120_c15,blur_resize,fixed,1.8,0.25,0,0,49,0,0.0,colour
AOI_2_Vegas_img2852,AOI_2_Vegas,AOI_2_Vegas:-11524:3622,test,colour-r120_c15,blur_resize,fixed,2.4,0.25,0,0,49,0,0.0,colour
AOI_2_Vegas_img2852,AOI_2_Vegas,AOI_2_Vegas:-11524:3622,test,colour-r120_c15,blur_resize,fixed,3.6,0.25,0,0,49,0,0.0,colour
AOI_2_Vegas_img2852,AOI_2_Vegas,AOI_2_Vegas:-11524:3622,test,colour-r120_c15,blur_resize,fixed,5.0,0.25,0,0,49,0,0.0,colour
AOI_2_Vegas_img2852,AOI_2_Vegas,AOI_2_Vegas:-11524:3622,test,colour-r120_c15,blur_resize,fixed,10.0,0.25,0,0,49,0,0.0,colour
AOI_2_Vegas_img286,AOI_2_Vegas,AOI_2_Vegas:-11530:3614,test,colour-r120_c15,blur_resize,fixed,0.3,0.25,0,1,6,0,0.0,colour
AOI_2_Vegas_img286,AOI_2_Vegas,AOI_2_Vegas:-11530:3614,test,colour-r120_c15,blur_resize,fixed,0.45,0.25,0,1,6,0,0.0,colour
AOI_2_Vegas_img286,AOI_2_Vegas,AOI_2_Vegas:-11530:3614,test,colour-r120_c15,blur_resize,fixed,0.6,0.25,0,1,6,0,0.0,colour
AOI_2_Vegas_img286,AOI_2_Vegas,AOI_2_Vegas:-11530:3614,test,colour-r120_c15,blur_resize,fixed,0.9,0.25,0,1,6,0,0.0,colour
AOI_2_Vegas_img286,AOI_2_Vegas,AOI_2_Vegas:-11530:3614,test,colour-r120_c15,blur_resize,fixed,1.2,0.25,0,1,6,0,0.0,colour
AOI_2_Vegas_img286,AOI_2_Vegas,AOI_2_Vegas:-11530:3614,test,colour-r120_c15,blur_resize,fixed,1.8,0.25,0,1,6,0,0.0,colour
AOI_2_Vegas_img286,AOI_2_Vegas,AOI_2_Vegas:-11530:3614,test,colour-r120_c15,blur_resize,fixed,2.4,0.25,0,0,6,0,0.0,colour
AOI_2_Vegas_img286,AOI_2_Vegas,AOI_2_Vegas:-11530:3614,test,colour-r120_c15,blur_resize,fixed,3.6,0.25,0,0,6,0,0.0,colour
AOI_2_Vegas_img286,AOI_2_Vegas,AOI_2_Vegas:-11530:3614,test,colour-r120_c15,blur_resize,fixed,5.0,0.25,0,0,6,0,0.0,colour
AOI_2_Vegas_img286,AOI_2_Vegas,AOI_2_Vegas:-11530:3614,test,colour-r120_c15,blur_resize,fixed,10.0,0.25,0,0,6,0,0.0,colour
AOI_2_Vegas_img2870,AOI_2_Vegas,AOI_2_Vegas:-11524:3626,test,colour-r120_c15,blur_resize,fixed,0.3,0.25,0,0,16,0,0.0,colour
AOI_2_Vegas_img2870,AOI_2_Vegas,AOI_2_Vegas:-11524:3626,test,colour-r120_c15,blur_resize,fixed,0.45,0.25,0,0,16,0,0.0,colour
AOI_2_Vegas_img2870,AOI_2_Vegas,AOI_2_Vegas:-11524:3626,test,colour-r120_c15,blur_resize,fixed,0.6,0.25,0,0,16,0,0.0,colour
AOI_2_Vegas_img2870,AOI_2_Vegas,AOI_2_Vegas:-11524:3626,test,colour-r120_c15,blur_resize,fixed,0.9,0.25,0,0,16,0,0.0,colour
AOI_2_Vegas_img2870,AOI_2_Vegas,AOI_2_Vegas:-11524:3626,test,colour-r120_c15,blur_resize,fixed,1.2,0.25,0,0,16,0,0.0,colour
AOI_2_Vegas_img2870,AOI_2_Vegas,AOI_2_Vegas:-11524:3626,test,colour-r120_c15,blur_resize,fixed,1.8,0.25,0,0,16,0,0.0,colour
AOI_2_Vegas_img2870,AOI_2_Vegas,AOI_2_Vegas:-11524:3626,test,colour-r120_c15,blur_resize,fixed,2.4,0.25,0,0,16,0,0.0,colour
AOI_2_Vegas_img2870,AOI_2_Vegas,AOI_2_Vegas:-11524:3626,test,colour-r120_c15,blur_resize,fixed,3.6,0.25,0,0,16,0,0.0,colour
AOI_2_Vegas_img2870,AOI_2_Vegas,AOI_2_Vegas:-11524:3626,test,colour-r120_c15,blur_resize,fixed,5.0,0.25,0,0,16,0,0.0,colour
AOI_2_Vegas_img2870,AOI_2_Vegas,AOI_2_Vegas:-11524:3626,test,colour-r120_c15,blur_resize,fixed,10.0,0.25,0,0,16,0,0.0,colour
AOI_2_Vegas_img2875,AOI_2_Vegas,AOI_2_Vegas:-11523:3613,test,colour-r120_c15,blur_resize,fixed,0.3,0.25,0,7,31,0,0.0,colour
AOI_2_Vegas_img2875,AOI_2_Vegas,AOI_2_Vegas:-11523:3613,test,colour-r120_c15,blur_resize,fixed,0.45,0.25,0,1,31,0,0.0,colour
AOI_2_Vegas_img2875,AOI_2_Vegas,AOI_2_Vegas:-11523:3613,test,colour-r120_c15,blur_resize,fixed,0.6,0.25,0,1,31,0,0.0,colour
AOI_2_Vegas_img2875,AOI_2_Vegas,AOI_2_Vegas:-11523:3613,test,colour-r120_c15,blur_resize,fixed,0.9,0.25,0,1,31,0,0.0,colour
AOI_2_Vegas_img2875,AOI_2_Vegas,AOI_2_Vegas:-11523:3613,test,colour-r120_c15,blur_resize,fixed,1.2,0.25,0,1,31,0,0.0,colour
AOI_2_Vegas_img2875,AOI_2_Vegas,AOI_2_Vegas:-11523:3613,test,colour-r120_c15,blur_resize,fixed,1.8,0.25,0,4,31,0,0.0,colour
AOI_2_Vegas_img2875,AOI_2_Vegas,AOI_2_Vegas:-11523:3613,test,colour-r120_c15,blur_resize,fixed,2.4,0.25,0,0,31,0,0.0,colour
AOI_2_Vegas_img2875,AOI_2_Vegas,AOI_2_Vegas:-11523:3613,test,colour-r120_c15,blur_resize,fixed,3.6,0.25,0,0,31,0,0.0,colour
AOI_2_Vegas_img2875,AOI_2_Vegas,AOI_2_Vegas:-11523:3613,test,colour-r120_c15,blur_resize,fixed,5.0,0.25,0,0,31,0,0.0,colour
AOI_2_Vegas_img2875,AOI_2_Vegas,AOI_2_Vegas:-11523:3613,test,colour-r120_c15,blur_resize,fixed,10.0,0.25,0,0,31,0,0.0,colour
AOI_2_Vegas_img288,AOI_2_Vegas,AOI_2_Vegas:-11530:3614,test,colour-r120_c15,blur_resize,fixed,0.3,0.25,0,0,37,0,0.0,colour
AOI_2_Vegas_img288,AOI_2_Vegas,AOI_2_Vegas:-11530:3614,test,colour-r120_c15,blur_resize,fixed,0.45,0.25,0,0,37,0,0.0,colour
AOI_2_Vegas_img288,AOI_2_Vegas,AOI_2_Vegas:-11530:3614,test,colour-r120_c15,blur_resize,fixed,0.6,0.25,0,0,37,0,0.0,colour
AOI_2_Vegas_img288,AOI_2_Vegas,AOI_2_Vegas:-11530:3614,test,colour-r120_c15,blur_resize,fixed,0.9,0.25,0,0,37,0,0.0,colour
AOI_2_Vegas_img288,AOI_2_Vegas,AOI_2_Vegas:-11530:3614,test,colour-r120_c15,blur_resize,fixed,1.2,0.25,0,0,37,0,0.0,colour
AOI_2_Vegas_img288,AOI_2_Vegas,AOI_2_Vegas:-11530:3614,test,colour-r120_c15,blur_resize,fixed,1.8,0.25,0,0,37,0,0.0,colour
AOI_2_Vegas_img288,AOI_2_Vegas,AOI_2_Vegas:-11530:3614,test,colour-r120_c15,blur_resize,fixed,2.4,0.25,0,0,37,0,0.0,colour
AOI_2_Vegas_img288,AOI_2_Vegas,AOI_2_Vegas:-11530:3614,test,colour-r120_c15,blur_resize,fixed,3.6,0.25,0,0,37,0,0.0,colour
AOI_2_Vegas_img288,AOI_2_Vegas,AOI_2_Vegas:-11530:3614,test,colour-r120_c15,blur_resize,fixed,5.0,0.25,0,0,37,0,0.0,colour
AOI_2_Vegas_img288,AOI_2_Vegas,AOI_2_Vegas:-11530:3614,test,colour-r120_c15,blur_resize,fixed,10.0,0.25,0,0,37,0,0.0,colour
AOI_2_Vegas_img2888,AOI_2_Vegas,AOI_2_Vegas:-11523:3615,test,colour-r120_c15,blur_resize,fixed,0.3,0.25,0,0,0,0,0.0,colour
AOI_2_Vegas_img2888,AOI_2_Vegas,AOI_2_Vegas:-11523:3615,test,colour-r120_c15,blur_resize,fixed,0.45,0.25,0,0,0,0,0.0,colour
AOI_2_Vegas_img2888,AOI_2_Vegas,AOI_2_Vegas:-11523:3615,test,colour-r120_c15,blur_resize,fixed,0.6,0.25,0,0,0,0,0.0,colour
AOI_2_Vegas_img2888,AOI_2_Vegas,AOI_2_Vegas:-11523:3615,test,colour-r120_c15,blur_resize,fixed,0.9,0.25,0,0,0,0,0.0,colour
AOI_2_Vegas_img2888,AOI_2_Vegas,AOI_2_Vegas:-11523:3615,test,colour-r120_c15,blur_resize,fixed,1.2,0.25,0,0,0,0,0.0,colour
AOI_2_Vegas_img2888,AOI_2_Vegas,AOI_2_Vegas:-11523:3615,test,colour-r120_c15,blur_resize,fixed,1.8,0.25,0,0,0,0,0.0,colour
AOI_2_Vegas_img2888,AOI_2_Vegas,AOI_2_Vegas:-11523:3615,test,colour-r120_c15,blur_resize,fixed,2.4,0.25,0,0,0,0,0.0,colour
AOI_2_Vegas_img2888,AOI_2_Vegas,AOI_2_Vegas:-11523:3615,test,colour-r120_c15,blur_resize,fixed,3.6,0.25,0,0,0,0,0.0,colour
AOI_2_Vegas_img2888,AOI_2_Vegas,AOI_2_Vegas:-11523:3615,test,colour-r120_c15,blur_resize,fixed,5.0,0.25,0,0,0,0,0.0,colour
AOI_2_Vegas_img2888,AOI_2_Vegas,AOI_2_Vegas:-11523:3615,test,colour-r120_c15,blur_resize,fixed,10.0,0.25,0,0,0,0,0.0,colour
AOI_2_Vegas_img297,AOI_2_Vegas,AOI_2_Vegas:-11530:3616,test,colour-r120_c15,blur_resize,fixed,0.3,0.25,0,0,0,0,0.0,colour
AOI_2_Vegas_img297,AOI_2_Vegas,AOI_2_Vegas:-11530:3616,test,colour-r120_c15,blur_resize,fixed,0.45,0.25,0,0,0,0,0.0,colour
AOI_2_Vegas_img297,AOI_2_Vegas,AOI_2_Vegas:-11530:3616,test,colour-r120_c15,blur_resize,fixed,0.6,0.25,0,0,0,0,0.0,colour
AOI_2_Vegas_img297,AOI_2_Vegas,AOI_2_Vegas:-11530:3616,test,colour-r120_c15,blur_resize,fixed,0.9,0.25,0,0,0,0,0.0,colour
AOI_2_Vegas_img297,AOI_2_Vegas,AOI_2_Vegas:-11530:3616,test,colour-r120_c15,blur_resize,fixed,1.2,0.25,0,0,0,0,0.0,colour
AOI_2_Vegas_img297,AOI_2_Vegas,AOI_2_Vegas:-11530:3616,test,colour-r120_c15,blur_resize,fixed,1.8,0.25,0,0,0,0,0.0,colour
AOI_2_Vegas_img297,AOI_2_Vegas,AOI_2_Vegas:-11530:3616,test,colour-r120_c15,blur_resize,fixed,2.4,0.25,0,0,0,0,0.0,colour
AOI_2_Vegas_img297,AOI_2_Vegas,AOI_2_Vegas:-11530:3616,test,colour-r120_c15,blur_resize,fixed,3.6,0.25,0,0,0,0,0.0,colour
AOI_2_Vegas_img297,AOI_2_Vegas,AOI_2_Vegas:-11530:3616,test,colour-r120_c15,blur_resize,fixed,5.0,0.25,0,0,0,0,0.0,colour
AOI_2_Vegas_img297,AOI_2_Vegas,AOI_2_Vegas:-11530:3616,test,colour-r120_c15,blur_resize,fixed,10.0,0.25,0,0,0,0,0.0,colour
AOI_2_Vegas_img2978,AOI_2_Vegas,AOI_2_Vegas:-11523:3617,test,colour-r120_c15,blur_resize,fixed,0.3,0.25,0,0,30,0,0.0,colour
AOI_2_Vegas_img2978,AOI_2_Vegas,AOI_2_Vegas:-11523:3617,test,colour-r120_c15,blur_resize,fixed,0.45,0.25,0,0,30,0,0.0,colour
AOI_2_Vegas_img2978,AOI_2_Vegas,AOI_2_Vegas:-11523:3617,test,colour-r120_c15,blur_resize,fixed,0.6,0.25,0,0,30,0,0.0,colour
AOI_2_Vegas_img2978,AOI_2_Vegas,AOI_2_Vegas:-11523:3617,test,colour-r120_c15,blur_resize,fixed,0.9,0.25,0,0,30,0,0.0,colour
AOI_2_Vegas_img2978,AOI_2_Vegas,AOI_2_Vegas:-11523:3617,test,colour-r120_c15,blur_resize,fixed,1.2,0.25,0,0,30,0,0.0,colour
AOI_2_Vegas_img2978,AOI_2_Vegas,AOI_2_Vegas:-11523:3617,test,colour-r120_c15,blur_resize,fixed,1.8,0.25,0,0,30,0,0.0,colour
AOI_2_Vegas_img2978,AOI_2_Vegas,AOI_2_Vegas:-11523:3617,test,colour-r120_c15,blur_resize,fixed,2.4,0.25,0,0,30,0,0.0,colour
AOI_2_Vegas_img2978,AOI_2_Vegas,AOI_2_Vegas:-11523:3617,test,colour-r120_c15,blur_resize,fixed,3.6,0.25,0,0,30,0,0.0,colour
AOI_2_Vegas_img2978,AOI_2_Vegas,AOI_2_Vegas:-11523:3617,test,colour-r120_c15,blur_resize,fixed,5.0,0.25,0,0,30,0,0.0,colour
AOI_2_Vegas_img2978,AOI_2_Vegas,AOI_2_Vegas:-11523:3617,test,colour-r120_c15,blur_resize,fixed,10.0,0.25,0,0,30,0,0.0,colour
AOI_2_Vegas_img3018,AOI_2_Vegas,AOI_2_Vegas:-11523:3624,test,colour-r120_c15,blur_resize,fixed,0.3,0.25,0,0,61,0,0.0,colour
AOI_2_Vegas_img3018,AOI_2_Vegas,AOI_2_Vegas:-11523:3624,test,colour-r120_c15,blur_resize,fixed,0.45,0.25,0,0,61,0,0.0,colour
AOI_2_Vegas_img3018,AOI_2_Vegas,AOI_2_Vegas:-11523:3624,test,colour-r120_c15,blur_resize,fixed,0.6,0.25,0,0,61,0,0.0,colour
AOI_2_Vegas_img3018,AOI_2_Vegas,AOI_2_Vegas:-11523:3624,test,colour-r120_c15,blur_resize,fixed,0.9,0.25,0,0,61,0,0.0,colour
AOI_2_Vegas_img3018,AOI_2_Vegas,AOI_2_Vegas:-11523:3624,test,colour-r120_c15,blur_resize,fixed,1.2,0.25,0,0,61,0,0.0,colour
AOI_2_Vegas_img3018,AOI_2_Vegas,AOI_2_Vegas:-11523:3624,test,colour-r120_c15,blur_resize,fixed,1.8,0.25,0,0,61,0,0.0,colour
AOI_2_Vegas_img3018,AOI_2_Vegas,AOI_2_Vegas:-11523:3624,test,colour-r120_c15,blur_resize,fixed,2.4,0.25,0,0,61,0,0.0,colour
AOI_2_Vegas_img3018,AOI_2_Vegas,AOI_2_Vegas:-11523:3624,test,colour-r120_c15,blur_resize,fixed,3.6,0.25,0,0,61,0,0.0,colour
AOI_2_Vegas_img3018,AOI_2_Vegas,AOI_2_Vegas:-11523:3624,test,colour-r120_c15,blur_resize,fixed,5.0,0.25,0,0,61,0,0.0,colour
AOI_2_Vegas_img3018,AOI_2_Vegas,AOI_2_Vegas:-11523:3624,test,colour-r120_c15,blur_resize,fixed,10.0,0.25,0,0,61,0,0.0,colour
AOI_2_Vegas_img3077,AOI_2_Vegas,AOI_2_Vegas:-11523:3620,test,colour-r120_c15,blur_resize,fixed,0.3,0.25,0,8,32,0,0.0,colour
AOI_2_Vegas_img3077,AOI_2_Vegas,AOI_2_Vegas:-11523:3620,test,colour-r120_c15,blur_resize,fixed,0.45,0.25,0,7,32,0,0.0,colour
AOI_2_Vegas_img3077,AOI_2_Vegas,AOI_2_Vegas:-11523:3620,test,colour-r120_c15,blur_resize,fixed,0.6,0.25,0,8,32,0,0.0,colour
AOI_2_Vegas_img3077,AOI_2_Vegas,AOI_2_Vegas:-11523:3620,test,colour-r120_c15,blur_resize,fixed,0.9,0.25,0,2,32,0,0.1,colour
AOI_2_Vegas_img3077,AOI_2_Vegas,AOI_2_Vegas:-11523:3620,test,colour-r120_c15,blur_resize,fixed,1.2,0.25,0,4,32,0,0.0,colour
AOI_2_Vegas_img3077,AOI_2_Vegas,AOI_2_Vegas:-11523:3620,test,colour-r120_c15,blur_resize,fixed,1.8,0.25,0,7,32,0,0.0,colour
AOI_2_Vegas_img3077,AOI_2_Vegas,AOI_2_Vegas:-11523:3620,test,colour-r120_c15,blur_resize,fixed,2.4,0.25,0,1,32,0,0.0,colour
AOI_2_Vegas_img3077,AOI_2_Vegas,AOI_2_Vegas:-11523:3620,test,colour-r120_c15,blur_resize,fixed,3.6,0.25,0,0,32,0,0.0,colour
AOI_2_Vegas_img3077,AOI_2_Vegas,AOI_2_Vegas:-11523:3620,test,colour-r120_c15,blur_resize,fixed,5.0,0.25,0,0,32,0,0.0,colour
AOI_2_Vegas_img3077,AOI_2_Vegas,AOI_2_Vegas:-11523:3620,test,colour-r120_c15,blur_resize,fixed,10.0,0.25,0,0,32,0,0.0,colour
AOI_2_Vegas_img3082,AOI_2_Vegas,AOI_2_Vegas:-11523:3621,test,colour-r120_c15,blur_resize,fixed,0.3,0.25,0,0,7,0,0.0,colour
AOI_2_Vegas_img3082,AOI_2_Vegas,AOI_2_Vegas:-11523:3621,test,colour-r120_c15,blur_resize,fixed,0.45,0.25,0,0,7,0,0.0,colour
AOI_2_Vegas_img3082,AOI_2_Vegas,AOI_2_Vegas:-11523:3621,test,colour-r120_c15,blur_resize,fixed,0.6,0.25,0,0,7,0,0.0,colour
AOI_2_Vegas_img3082,AOI_2_Vegas,AOI_2_Vegas:-11523:3621,test,colour-r120_c15,blur_resize,fixed,0.9,0.25,0,0,7,0,0.0,colour
AOI_2_Vegas_img3082,AOI_2_Vegas,AOI_2_Vegas:-11523:3621,test,colour-r120_c15,blur_resize,fixed,1.2,0.25,0,0,7,0,0.0,colour
AOI_2_Vegas_img3082,AOI_2_Vegas,AOI_2_Vegas:-11523:3621,test,colour-r120_c15,blur_resize,fixed,1.8,0.25,0,0,7,0,0.0,colour
AOI_2_Vegas_img3082,AOI_2_Vegas,AOI_2_Vegas:-11523:3621,test,colour-r120_c15,blur_resize,fixed,2.4,0.25,0,0,7,0,0.0,colour
AOI_2_Vegas_img3082,AOI_2_Vegas,AOI_2_Vegas:-11523:3621,test,colour-r120_c15,blur_resize,fixed,3.6,0.25,0,0,7,0,0.0,colour
AOI_2_Vegas_img3082,AOI_2_Vegas,AOI_2_Vegas:-11523:3621,test,colour-r120_c15,blur_resize,fixed,5.0,0.25,0,0,7,0,0.0,colour
AOI_2_Vegas_img3082,AOI_2_Vegas,AOI_2_Vegas:-11523:3621,test,colour-r120_c15,blur_resize,fixed,10.0,0.25,0,0,7,0,0.0,colour
AOI_2_Vegas_img311,AOI_2_Vegas,AOI_2_Vegas:-11530:3618,test,colour-r120_c15,blur_resize,fixed,0.3,0.25,0,0,15,0,0.0,colour
AOI_2_Vegas_img311,AOI_2_Vegas,AOI_2_Vegas:-11530:3618,test,colour-r120_c15,blur_resize,fixed,0.45,0.25,0,0,15,0,0.0,colour
AOI_2_Vegas_img311,AOI_2_Vegas,AOI_2_Vegas:-11530:3618,test,colour-r120_c15,blur_resize,fixed,0.6,0.25,0,0,15,0,0.0,colour
AOI_2_Vegas_img311,AOI_2_Vegas,AOI_2_Vegas:-11530:3618,test,colour-r120_c15,blur_resize,fixed,0.9,0.25,0,0,15,0,0.0,colour
AOI_2_Vegas_img311,AOI_2_Vegas,AOI_2_Vegas:-11530:3618,test,colour-r120_c15,blur_resize,fixed,1.2,0.25,0,0,15,0,0.0,colour
AOI_2_Vegas_img311,AOI_2_Vegas,AOI_2_Vegas:-11530:3618,test,colour-r120_c15,blur_resize,fixed,1.8,0.25,0,0,15,0,0.0,colour
AOI_2_Vegas_img311,AOI_2_Vegas,AOI_2_Vegas:-11530:3618,test,colour-r120_c15,blur_resize,fixed,2.4,0.25,0,0,15,0,0.0,colour
AOI_2_Vegas_img311,AOI_2_Vegas,AOI_2_Vegas:-11530:3618,test,colour-r120_c15,blur_resize,fixed,3.6,0.25,0,0,15,0,0.0,colour
AOI_2_Vegas_img311,AOI_2_Vegas,AOI_2_Vegas:-11530:3618,test,colour-r120_c15,blur_resize,fixed,5.0,0.25,0,0,15,0,0.0,colour
AOI_2_Vegas_img311,AOI_2_Vegas,AOI_2_Vegas:-11530:3618,test,colour-r120_c15,blur_resize,fixed,10.0,0.25,0,0,15,0,0.0,colour
AOI_2_Vegas_img3117,AOI_2_Vegas,AOI_2_Vegas:-11523:3613,test,colour-r120_c15,blur_resize,fixed,0.3,0.25,3,16,18,0,0.15,colour
AOI_2_Vegas_img3117,AOI_2_Vegas,AOI_2_Vegas:-11523:3613,test,colour-r120_c15,blur_resize,fixed,0.45,0.25,3,14,18,0,0.1,colour
AOI_2_Vegas_img3117,AOI_2_Vegas,AOI_2_Vegas:-11523:3613,test,colour-r120_c15,blur_resize,fixed,0.6,0.25,3,16,18,0,0.05,colour
AOI_2_Vegas_img3117,AOI_2_Vegas,AOI_2_Vegas:-11523:3613,test,colour-r120_c15,blur_resize,fixed,0.9,0.25,3,11,18,0,0.15,colour
AOI_2_Vegas_img3117,AOI_2_Vegas,AOI_2_Vegas:-11523:3613,test,colour-r120_c15,blur_resize,fixed,1.2,0.25,4,12,18,0,0.15,colour
AOI_2_Vegas_img3117,AOI_2_Vegas,AOI_2_Vegas:-11523:3613,test,colour-r120_c15,blur_resize,fixed,1.8,0.25,3,16,18,0,0.1,colour
AOI_2_Vegas_img3117,AOI_2_Vegas,AOI_2_Vegas:-11523:3613,test,colour-r120_c15,blur_resize,fixed,2.4,0.25,2,14,18,0,0.15,colour
AOI_2_Vegas_img3117,AOI_2_Vegas,AOI_2_Vegas:-11523:3613,test,colour-r120_c15,blur_resize,fixed,3.6,0.25,2,15,18,0,0.15,colour
AOI_2_Vegas_img3117,AOI_2_Vegas,AOI_2_Vegas:-11523:3613,test,colour-r120_c15,blur_resize,fixed,5.0,0.25,1,30,18,0,0.1,colour
AOI_2_Vegas_img3117,AOI_2_Vegas,AOI_2_Vegas:-11523:3613,test,colour-r120_c15,blur_resize,fixed,10.0,0.25,0,0,18,0,0.0,colour
AOI_2_Vegas_img3122,AOI_2_Vegas,AOI_2_Vegas:-11523:3614,test,colour-r120_c15,blur_resize,fixed,0.3,0.25,0,0,27,0,0.0,colour
AOI_2_Vegas_img3122,AOI_2_Vegas,AOI_2_Vegas:-11523:3614,test,colour-r120_c15,blur_resize,fixed,0.45,0.25,0,0,27,0,0.0,colour
AOI_2_Vegas_img3122,AOI_2_Vegas,AOI_2_Vegas:-11523:3614,test,colour-r120_c15,blur_resize,fixed,0.6,0.25,0,0,27,0,0.0,colour
AOI_2_Vegas_img3122,AOI_2_Vegas,AOI_2_Vegas:-11523:3614,test,colour-r120_c15,blur_resize,fixed,0.9,0.25,0,0,27,0,0.0,colour
AOI_2_Vegas_img3122,AOI_2_Vegas,AOI_2_Vegas:-11523:3614,test,colour-r120_c15,blur_resize,fixed,1.2,0.25,0,0,27,0,0.0,colour
AOI_2_Vegas_img3122,AOI_2_Vegas,AOI_2_Vegas:-11523:3614,test,colour-r120_c15,blur_resize,fixed,1.8,0.25,0,0,27,0,0.0,colour
AOI_2_Vegas_img3122,AOI_2_Vegas,AOI_2_Vegas:-11523:3614,test,colour-r120_c15,blur_resize,fixed,2.4,0.25,0,0,27,0,0.0,colour
AOI_2_Vegas_img3122,AOI_2_Vegas,AOI_2_Vegas:-11523:3614,test,colour-r120_c15,blur_resize,fixed,3.6,0.25,0,0,27,0,0.0,colour
AOI_2_Vegas_img3122,AOI_2_Vegas,AOI_2_Vegas:-11523:3614,test,colour-r120_c15,blur_resize,fixed,5.0,0.25,0,0,27,0,0.0,colour
AOI_2_Vegas_img3122,AOI_2_Vegas,AOI_2_Vegas:-11523:3614,test,colour-r120_c15,blur_resize,fixed,10.0,0.25,0,0,27,0,0.0,colour
AOI_2_Vegas_img3131,AOI_2_Vegas,AOI_2_Vegas:-11523:3616,test,colour-r120_c15,blur_resize,fixed,0.3,0.25,0,0,65,0,0.0,colour
AOI_2_Vegas_img3131,AOI_2_Vegas,AOI_2_Vegas:-11523:3616,test,colour-r120_c15,blur_resize,fixed,0.45,0.25,0,0,65,0,0.0,colour
AOI_2_Vegas_img3131,AOI_2_Vegas,AOI_2_Vegas:-11523:3616,test,colour-r120_c15,blur_resize,fixed,0.6,0.25,0,0,65,0,0.0,colour
AOI_2_Vegas_img3131,AOI_2_Vegas,AOI_2_Vegas:-11523:3616,test,colour-r120_c15,blur_resize,fixed,0.9,0.25,0,0,65,0,0.0,colour
AOI_2_Vegas_img3131,AOI_2_Vegas,AOI_2_Vegas:-11523:3616,test,colour-r120_c15,blur_resize,fixed,1.2,0.25,0,0,65,0,0.0,colour
AOI_2_Vegas_img3131,AOI_2_Vegas,AOI_2_Vegas:-11523:3616,test,colour-r120_c15,blur_resize,fixed,1.8,0.25,0,0,65,0,0.0,colour
AOI_2_Vegas_img3131,AOI_2_Vegas,AOI_2_Vegas:-11523:3616,test,colour-r120_c15,blur_resize,fixed,2.4,0.25,0,0,65,0,0.0,colour
AOI_2_Vegas_img3131,AOI_2_Vegas,AOI_2_Vegas:-11523:3616,test,colour-r120_c15,blur_resize,fixed,3.6,0.25,0,0,65,0,0.0,colour
AOI_2_Vegas_img3131,AOI_2_Vegas,AOI_2_Vegas:-11523:3616,test,colour-r120_c15,blur_resize,fixed,5.0,0.25,0,0,65,0,0.0,colour
AOI_2_Vegas_img3131,AOI_2_Vegas,AOI_2_Vegas:-11523:3616,test,colour-r120_c15,blur_resize,fixed,10.0,0.25,0,0,65,0,0.0,colour
AOI_2_Vegas_img3134,AOI_2_Vegas,AOI_2_Vegas:-11523:3616,test,colour-r120_c15,blur_resize,fixed,0.3,0.25,0,0,58,0,0.0,colour
AOI_2_Vegas_img3134,AOI_2_Vegas,AOI_2_Vegas:-11523:3616,test,colour-r120_c15,blur_resize,fixed,0.45,0.25,0,0,58,0,0.0,colour
AOI_2_Vegas_img3134,AOI_2_Vegas,AOI_2_Vegas:-11523:3616,test,colour-r120_c15,blur_resize,fixed,0.6,0.25,0,0,58,0,0.0,colour
AOI_2_Vegas_img3134,AOI_2_Vegas,AOI_2_Vegas:-11523:3616,test,colour-r120_c15,blur_resize,fixed,0.9,0.25,0,0,58,0,0.0,colour
AOI_2_Vegas_img3134,AOI_2_Vegas,AOI_2_Vegas:-11523:3616,test,colour-r120_c15,blur_resize,fixed,1.2,0.25,0,0,58,0,0.0,colour
AOI_2_Vegas_img3134,AOI_2_Vegas,AOI_2_Vegas:-11523:3616,test,colour-r120_c15,blur_resize,fixed,1.8,0.25,0,0,58,0,0.0,colour
AOI_2_Vegas_img3134,AOI_2_Vegas,AOI_2_Vegas:-11523:3616,test,colour-r120_c15,blur_resize,fixed,2.4,0.25,0,0,58,0,0.0,colour
AOI_2_Vegas_img3134,AOI_2_Vegas,AOI_2_Vegas:-11523:3616,test,colour-r120_c15,blur_resize,fixed,3.6,0.25,0,0,58,0,0.0,colour
AOI_2_Vegas_img3134,AOI_2_Vegas,AOI_2_Vegas:-11523:3616,test,colour-r120_c15,blur_resize,fixed,5.0,0.25,0,0,58,0,0.0,colour
AOI_2_Vegas_img3134,AOI_2_Vegas,AOI_2_Vegas:-11523:3616,test,colour-r120_c15,blur_resize,fixed,10.0,0.25,0,0,58,0,0.0,colour
AOI_2_Vegas_img3146,AOI_2_Vegas,AOI_2_Vegas:-11523:3619,test,colour-r120_c15,blur_resize,fixed,0.3,0.25,0,5,38,0,0.0,colour
AOI_2_Vegas_img3146,AOI_2_Vegas,AOI_2_Vegas:-11523:3619,test,colour-r120_c15,blur_resize,fixed,0.45,0.25,0,6,38,0,0.0,colour
AOI_2_Vegas_img3146,AOI_2_Vegas,AOI_2_Vegas:-11523:3619,test,colour-r120_c15,blur_resize,fixed,0.6,0.25,0,5,38,0,0.1,colour
AOI_2_Vegas_img3146,AOI_2_Vegas,AOI_2_Vegas:-11523:3619,test,colour-r120_c15,blur_resize,fixed,0.9,0.25,0,4,38,0,0.0,colour
AOI_2_Vegas_img3146,AOI_2_Vegas,AOI_2_Vegas:-11523:3619,test,colour-r120_c15,blur_resize,fixed,1.2,0.25,0,2,38,0,0.0,colour
AOI_2_Vegas_img3146,AOI_2_Vegas,AOI_2_Vegas:-11523:3619,test,colour-r120_c15,blur_resize,fixed,1.8,0.25,0,3,38,0,0.05,colour
AOI_2_Vegas_img3146,AOI_2_Vegas,AOI_2_Vegas:-11523:3619,test,colour-r120_c15,blur_resize,fixed,2.4,0.25,0,6,38,0,0.05,colour
AOI_2_Vegas_img3146,AOI_2_Vegas,AOI_2_Vegas:-11523:3619,test,colour-r120_c15,blur_resize,fixed,3.6,0.25,0,0,38,0,0.0,colour
AOI_2_Vegas_img3146,AOI_2_Vegas,AOI_2_Vegas:-11523:3619,test,colour-r120_c15,blur_resize,fixed,5.0,0.25,0,0,38,0,0.0,colour
AOI_2_Vegas_img3146,AOI_2_Vegas,AOI_2_Vegas:-11523:3619,test,colour-r120_c15,blur_resize,fixed,10.0,0.25,0,0,38,0,0.0,colour
AOI_2_Vegas_img3170,AOI_2_Vegas,AOI_2_Vegas:-11523:3623,test,colour-r120_c15,blur_resize,fixed,0.3,0.25,0,0,0,0,0.0,colour
AOI_2_Vegas_img3170,AOI_2_Vegas,AOI_2_Vegas:-11523:3623,test,colour-r120_c15,blur_resize,fixed,0.45,0.25,0,0,0,0,0.0,colour
AOI_2_Vegas_img3170,AOI_2_Vegas,AOI_2_Vegas:-11523:3623,test,colour-r120_c15,blur_resize,fixed,0.6,0.25,0,0,0,0,0.0,colour
AOI_2_Vegas_img3170,AOI_2_Vegas,AOI_2_Vegas:-11523:3623,test,colour-r120_c15,blur_resize,fixed,0.9,0.25,0,0,0,0,0.0,colour
AOI_2_Vegas_img3170,AOI_2_Vegas,AOI_2_Vegas:-11523:3623,test,colour-r120_c15,blur_resize,fixed,1.2,0.25,0,0,0,0,0.0,colour
AOI_2_Vegas_img3170,AOI_2_Vegas,AOI_2_Vegas:-11523:3623,test,colour-r120_c15,blur_resize,fixed,1.8,0.25,0,0,0,0,0.0,colour
AOI_2_Vegas_img3170,AOI_2_Vegas,AOI_2_Vegas:-11523:3623,test,colour-r120_c15,blur_resize,fixed,2.4,0.25,0,0,0,0,0.0,colour
AOI_2_Vegas_img3170,AOI_2_Vegas,AOI_2_Vegas:-11523:3623,test,colour-r120_c15,blur_resize,fixed,3.6,0.25,0,0,0,0,0.0,colour
AOI_2_Vegas_img3170,AOI_2_Vegas,AOI_2_Vegas:-11523:3623,test,colour-r120_c15,blur_resize,fixed,5.0,0.25,0,0,0,0,0.0,colour
AOI_2_Vegas_img3170,AOI_2_Vegas,AOI_2_Vegas:-11523:3623,test,colour-r120_c15,blur_resize,fixed,10.0,0.25,0,0,0,0,0.0,colour
AOI_2_Vegas_img3207,AOI_2_Vegas,AOI_2_Vegas:-11523:3615,test,colour-r120_c15,blur_resize,fixed,0.3,0.25,0,0,29,0,0.0,colour
AOI_2_Vegas_img3207,AOI_2_Vegas,AOI_2_Vegas:-11523:3615,test,colour-r120_c15,blur_resize,fixed,0.45,0.25,0,0,29,0,0.0,colour
AOI_2_Vegas_img3207,AOI_2_Vegas,AOI_2_Vegas:-11523:3615,test,colour-r120_c15,blur_resize,fixed,0.6,0.25,0,0,29,0,0.0,colour
AOI_2_Vegas_img3207,AOI_2_Vegas,AOI_2_Vegas:-11523:3615,test,colour-r120_c15,blur_resize,fixed,0.9,0.25,0,0,29,0,0.0,colour
AOI_2_Vegas_img3207,AOI_2_Vegas,AOI_2_Vegas:-11523:3615,test,colour-r120_c15,blur_resize,fixed,1.2,0.25,0,0,29,0,0.0,colour
AOI_2_Vegas_img3207,AOI_2_Vegas,AOI_2_Vegas:-11523:3615,test,colour-r120_c15,blur_resize,fixed,1.8,0.25,0,0,29,0,0.0,colour
AOI_2_Vegas_img3207,AOI_2_Vegas,AOI_2_Vegas:-11523:3615,test,colour-r120_c15,blur_resize,fixed,2.4,0.25,0,0,29,0,0.0,colour
AOI_2_Vegas_img3207,AOI_2_Vegas,AOI_2_Vegas:-11523:3615,test,colour-r120_c15,blur_resize,fixed,3.6,0.25,0,0,29,0,0.0,colour
AOI_2_Vegas_img3207,AOI_2_Vegas,AOI_2_Vegas:-11523:3615,test,colour-r120_c15,blur_resize,fixed,5.0,0.25,0,0,29,0,0.0,colour
AOI_2_Vegas_img3207,AOI_2_Vegas,AOI_2_Vegas:-11523:3615,test,colour-r120_c15,blur_resize,fixed,10.0,0.25,0,0,29,0,0.0,colour
AOI_2_Vegas_img3214,AOI_2_Vegas,AOI_2_Vegas:-11523:3617,test,colour-r120_c15,blur_resize,fixed,0.3,0.25,0,0,69,0,0.0,colour
AOI_2_Vegas_img3214,AOI_2_Vegas,AOI_2_Vegas:-11523:3617,test,colour-r120_c15,blur_resize,fixed,0.45,0.25,0,0,69,0,0.0,colour
AOI_2_Vegas_img3214,AOI_2_Vegas,AOI_2_Vegas:-11523:3617,test,colour-r120_c15,blur_resize,fixed,0.6,0.25,0,0,69,0,0.0,colour
AOI_2_Vegas_img3214,AOI_2_Vegas,AOI_2_Vegas:-11523:3617,test,colour-r120_c15,blur_resize,fixed,0.9,0.25,0,0,69,0,0.0,colour
AOI_2_Vegas_img3214,AOI_2_Vegas,AOI_2_Vegas:-11523:3617,test,colour-r120_c15,blur_resize,fixed,1.2,0.25,0,0,69,0,0.0,colour
AOI_2_Vegas_img3214,AOI_2_Vegas,AOI_2_Vegas:-11523:3617,test,colour-r120_c15,blur_resize,fixed,1.8,0.25,0,0,69,0,0.0,colour
AOI_2_Vegas_img3214,AOI_2_Vegas,AOI_2_Vegas:-11523:3617,test,colour-r120_c15,blur_resize,fixed,2.4,0.25,0,0,69,0,0.0,colour
AOI_2_Vegas_img3214,AOI_2_Vegas,AOI_2_Vegas:-11523:3617,test,colour-r120_c15,blur_resize,fixed,3.6,0.25,0,0,69,0,0.0,colour
AOI_2_Vegas_img3214,AOI_2_Vegas,AOI_2_Vegas:-11523:3617,test,colour-r120_c15,blur_resize,fixed,5.0,0.25,0,0,69,0,0.0,colour
AOI_2_Vegas_img3214,AOI_2_Vegas,AOI_2_Vegas:-11523:3617,test,colour-r120_c15,blur_resize,fixed,10.0,0.25,0,0,69,0,0.0,colour
AOI_2_Vegas_img324,AOI_2_Vegas,AOI_2_Vegas:-11530:3621,test,colour-r120_c15,blur_resize,fixed,0.3,0.25,0,0,24,0,0.0,colour
AOI_2_Vegas_img324,AOI_2_Vegas,AOI_2_Vegas:-11530:3621,test,colour-r120_c15,blur_resize,fixed,0.45,0.25,0,0,24,0,0.0,colour
AOI_2_Vegas_img324,AOI_2_Vegas,AOI_2_Vegas:-11530:3621,test,colour-r120_c15,blur_resize,fixed,0.6,0.25,0,0,24,0,0.0,colour
AOI_2_Vegas_img324,AOI_2_Vegas,AOI_2_Vegas:-11530:3621,test,colour-r120_c15,blur_resize,fixed,0.9,0.25,0,0,24,0,0.0,colour
AOI_2_Vegas_img324,AOI_2_Vegas,AOI_2_Vegas:-11530:3621,test,colour-r120_c15,blur_resize,fixed,1.2,0.25,0,0,24,0,0.0,colour
AOI_2_Vegas_img324,AOI_2_Vegas,AOI_2_Vegas:-11530:3621,test,colour-r120_c15,blur_resize,fixed,1.8,0.25,0,0,24,0,0.0,colour
AOI_2_Vegas_img324,AOI_2_Vegas,AOI_2_Vegas:-11530:3621,test,colour-r120_c15,blur_resize,fixed,2.4,0.25,0,0,24,0,0.0,colour
AOI_2_Vegas_img324,AOI_2_Vegas,AOI_2_Vegas:-11530:3621,test,colour-r120_c15,blur_resize,fixed,3.6,0.25,0,0,24,0,0.0,colour
AOI_2_Vegas_img324,AOI_2_Vegas,AOI_2_Vegas:-11530:3621,test,colour-r120_c15,blur_resize,fixed,5.0,0.25,0,0,24,0,0.0,colour
AOI_2_Vegas_img324,AOI_2_Vegas,AOI_2_Vegas:-11530:3621,test,colour-r120_c15,blur_resize,fixed,10.0,0.25,0,0,24,0,0.0,colour
AOI_2_Vegas_img3248,AOI_2_Vegas,AOI_2_Vegas:-11523:3623,test,colour-r120_c15,blur_resize,fixed,0.3,0.25,0,0,4,0,0.0,colour
AOI_2_Vegas_img3248,AOI_2_Vegas,AOI_2_Vegas:-11523:3623,test,colour-r120_c15,blur_resize,fixed,0.45,0.25,0,0,4,0,0.0,colour
AOI_2_Vegas_img3248,AOI_2_Vegas,AOI_2_Vegas:-11523:3623,test,colour-r120_c15,blur_resize,fixed,0.6,0.25,0,0,4,0,0.0,colour
AOI_2_Vegas_img3248,AOI_2_Vegas,AOI_2_Vegas:-11523:3623,test,colour-r120_c15,blur_resize,fixed,0.9,0.25,0,0,4,0,0.0,colour
AOI_2_Vegas_img3248,AOI_2_Vegas,AOI_2_Vegas:-11523:3623,test,colour-r120_c15,blur_resize,fixed,1.2,0.25,0,0,4,0,0.0,colour
AOI_2_Vegas_img3248,AOI_2_Vegas,AOI_2_Vegas:-11523:3623,test,colour-r120_c15,blur_resize,fixed,1.8,0.25,0,0,4,0,0.0,colour
AOI_2_Vegas_img3248,AOI_2_Vegas,AOI_2_Vegas:-11523:3623,test,colour-r120_c15,blur_resize,fixed,2.4,0.25,0,0,4,0,0.0,colour
AOI_2_Vegas_img3248,AOI_2_Vegas,AOI_2_Vegas:-11523:3623,test,colour-r120_c15,blur_resize,fixed,3.6,0.25,0,0,4,0,0.0,colour
AOI_2_Vegas_img3248,AOI_2_Vegas,AOI_2_Vegas:-11523:3623,test,colour-r120_c15,blur_resize,fixed,5.0,0.25,0,0,4,0,0.0,colour
AOI_2_Vegas_img3248,AOI_2_Vegas,AOI_2_Vegas:-11523:3623,test,colour-r120_c15,blur_resize,fixed,10.0,0.25,0,0,4,0,0.0,colour
AOI_2_Vegas_img3267,AOI_2_Vegas,AOI_2_Vegas:-11523:3612,test,colour-r120_c15,blur_resize,fixed,0.3,0.25,0,0,10,0,0.0,colour
AOI_2_Vegas_img3267,AOI_2_Vegas,AOI_2_Vegas:-11523:3612,test,colour-r120_c15,blur_resize,fixed,0.45,0.25,0,0,10,0,0.0,colour
AOI_2_Vegas_img3267,AOI_2_Vegas,AOI_2_Vegas:-11523:3612,test,colour-r120_c15,blur_resize,fixed,0.6,0.25,0,0,10,0,0.0,colour
AOI_2_Vegas_img3267,AOI_2_Vegas,AOI_2_Vegas:-11523:3612,test,colour-r120_c15,blur_resize,fixed,0.9,0.25,0,0,10,0,0.0,colour
AOI_2_Vegas_img3267,AOI_2_Vegas,AOI_2_Vegas:-11523:3612,test,colour-r120_c15,blur_resize,fixed,1.2,0.25,0,0,10,0,0.0,colour
AOI_2_Vegas_img3267,AOI_2_Vegas,AOI_2_Vegas:-11523:3612,test,colour-r120_c15,blur_resize,fixed,1.8,0.25,0,0,10,0,0.0,colour
AOI_2_Vegas_img3267,AOI_2_Vegas,AOI_2_Vegas:-11523:3612,test,colour-r120_c15,blur_resize,fixed,2.4,0.25,0,0,10,0,0.0,colour
AOI_2_Vegas_img3267,AOI_2_Vegas,AOI_2_Vegas:-11523:3612,test,colour-r120_c15,blur_resize,fixed,3.6,0.25,0,0,10,0,0.0,colour
AOI_2_Vegas_img3267,AOI_2_Vegas,AOI_2_Vegas:-11523:3612,test,colour-r120_c15,blur_resize,fixed,5.0,0.25,0,0,10,0,0.0,colour
AOI_2_Vegas_img3267,AOI_2_Vegas,AOI_2_Vegas:-11523:3612,test,colour-r120_c15,blur_resize,fixed,10.0,0.25,0,0,10,0,0.0,colour
AOI_2_Vegas_img3280,AOI_2_Vegas,AOI_2_Vegas:-11523:3614,test,colour-r120_c15,blur_resize,fixed,0.3,0.25,0,0,11,0,0.0,colour
AOI_2_Vegas_img3280,AOI_2_Vegas,AOI_2_Vegas:-11523:3614,test,colour-r120_c15,blur_resize,fixed,0.45,0.25,0,0,11,0,0.0,colour
AOI_2_Vegas_img3280,AOI_2_Vegas,AOI_2_Vegas:-11523:3614,test,colour-r120_c15,blur_resize,fixed,0.6,0.25,0,0,11,0,0.0,colour
AOI_2_Vegas_img3280,AOI_2_Vegas,AOI_2_Vegas:-11523:3614,test,colour-r120_c15,blur_resize,fixed,0.9,0.25,0,0,11,0,0.0,colour
AOI_2_Vegas_img3280,AOI_2_Vegas,AOI_2_Vegas:-11523:3614,test,colour-r120_c15,blur_resize,fixed,1.2,0.25,0,0,11,0,0.0,colour
AOI_2_Vegas_img3280,AOI_2_Vegas,AOI_2_Vegas:-11523:3614,test,colour-r120_c15,blur_resize,fixed,1.8,0.25,0,0,11,0,0.0,colour
AOI_2_Vegas_img3280,AOI_2_Vegas,AOI_2_Vegas:-11523:3614,test,colour-r120_c15,blur_resize,fixed,2.4,0.25,0,0,11,0,0.0,colour
AOI_2_Vegas_img3280,AOI_2_Vegas,AOI_2_Vegas:-11523:3614,test,colour-r120_c15,blur_resize,fixed,3.6,0.25,0,0,11,0,0.0,colour
AOI_2_Vegas_img3280,AOI_2_Vegas,AOI_2_Vegas:-11523:3614,test,colour-r120_c15,blur_resize,fixed,5.0,0.25,0,0,11,0,0.0,colour
AOI_2_Vegas_img3280,AOI_2_Vegas,AOI_2_Vegas:-11523:3614,test,colour-r120_c15,blur_resize,fixed,10.0,0.25,0,0,11,0,0.0,colour
AOI_2_Vegas_img3288,AOI_2_Vegas,AOI_2_Vegas:-11523:3616,test,colour-r120_c15,blur_resize,fixed,0.3,0.25,0,0,32,0,0.0,colour
AOI_2_Vegas_img3288,AOI_2_Vegas,AOI_2_Vegas:-11523:3616,test,colour-r120_c15,blur_resize,fixed,0.45,0.25,0,0,32,0,0.0,colour
AOI_2_Vegas_img3288,AOI_2_Vegas,AOI_2_Vegas:-11523:3616,test,colour-r120_c15,blur_resize,fixed,0.6,0.25,0,0,32,0,0.0,colour
AOI_2_Vegas_img3288,AOI_2_Vegas,AOI_2_Vegas:-11523:3616,test,colour-r120_c15,blur_resize,fixed,0.9,0.25,0,0,32,0,0.0,colour
AOI_2_Vegas_img3288,AOI_2_Vegas,AOI_2_Vegas:-11523:3616,test,colour-r120_c15,blur_resize,fixed,1.2,0.25,0,0,32,0,0.0,colour
AOI_2_Vegas_img3288,AOI_2_Vegas,AOI_2_Vegas:-11523:3616,test,colour-r120_c15,blur_resize,fixed,1.8,0.25,0,0,32,0,0.0,colour
AOI_2_Vegas_img3288,AOI_2_Vegas,AOI_2_Vegas:-11523:3616,test,colour-r120_c15,blur_resize,fixed,2.4,0.25,0,0,32,0,0.0,colour
AOI_2_Vegas_img3288,AOI_2_Vegas,AOI_2_Vegas:-11523:3616,test,colour-r120_c15,blur_resize,fixed,3.6,0.25,0,0,32,0,0.0,colour
AOI_2_Vegas_img3288,AOI_2_Vegas,AOI_2_Vegas:-11523:3616,test,colour-r120_c15,blur_resize,fixed,5.0,0.25,0,0,32,0,0.0,colour
AOI_2_Vegas_img3288,AOI_2_Vegas,AOI_2_Vegas:-11523:3616,test,colour-r120_c15,blur_resize,fixed,10.0,0.25,0,0,32,0,0.0,colour
AOI_2_Vegas_img3311,AOI_2_Vegas,AOI_2_Vegas:-11523:3620,test,colour-r120_c15,blur_resize,fixed,0.3,0.25,0,0,54,0,0.0,colour
AOI_2_Vegas_img3311,AOI_2_Vegas,AOI_2_Vegas:-11523:3620,test,colour-r120_c15,blur_resize,fixed,0.45,0.25,0,0,54,0,0.0,colour
AOI_2_Vegas_img3311,AOI_2_Vegas,AOI_2_Vegas:-11523:3620,test,colour-r120_c15,blur_resize,fixed,0.6,0.25,0,0,54,0,0.0,colour
AOI_2_Vegas_img3311,AOI_2_Vegas,AOI_2_Vegas:-11523:3620,test,colour-r120_c15,blur_resize,fixed,0.9,0.25,0,0,54,0,0.0,colour
AOI_2_Vegas_img3311,AOI_2_Vegas,AOI_2_Vegas:-11523:3620,test,colour-r120_c15,blur_resize,fixed,1.2,0.25,0,0,54,0,0.0,colour
AOI_2_Vegas_img3311,AOI_2_Vegas,AOI_2_Vegas:-11523:3620,test,colour-r120_c15,blur_resize,fixed,1.8,0.25,0,0,54,0,0.0,colour
AOI_2_Vegas_img3311,AOI_2_Vegas,AOI_2_Vegas:-11523:3620,test,colour-r120_c15,blur_resize,fixed,2.4,0.25,0,0,54,0,0.0,colour
AOI_2_Vegas_img3311,AOI_2_Vegas,AOI_2_Vegas:-11523:3620,test,colour-r120_c15,blur_resize,fixed,3.6,0.25,0,0,54,0,0.0,colour
AOI_2_Vegas_img3311,AOI_2_Vegas,AOI_2_Vegas:-11523:3620,test,colour-r120_c15,blur_resize,fixed,5.0,0.25,0,0,54,0,0.0,colour
AOI_2_Vegas_img3311,AOI_2_Vegas,AOI_2_Vegas:-11523:3620,test,colour-r120_c15,blur_resize,fixed,10.0,0.25,0,0,54,0,0.0,colour
AOI_2_Vegas_img3326,AOI_2_Vegas,AOI_2_Vegas:-11523:3622,test,colour-r120_c15,blur_resize,fixed,0.3,0.25,0,0,26,0,0.0,colour
AOI_2_Vegas_img3326,AOI_2_Vegas,AOI_2_Vegas:-11523:3622,test,colour-r120_c15,blur_resize,fixed,0.45,0.25,0,0,26,0,0.0,colour
AOI_2_Vegas_img3326,AOI_2_Vegas,AOI_2_Vegas:-11523:3622,test,colour-r120_c15,blur_resize,fixed,0.6,0.25,0,0,26,0,0.0,colour
AOI_2_Vegas_img3326,AOI_2_Vegas,AOI_2_Vegas:-11523:3622,test,colour-r120_c15,blur_resize,fixed,0.9,0.25,0,0,26,0,0.0,colour
AOI_2_Vegas_img3326,AOI_2_Vegas,AOI_2_Vegas:-11523:3622,test,colour-r120_c15,blur_resize,fixed,1.2,0.25,0,0,26,0,0.0,colour
AOI_2_Vegas_img3326,AOI_2_Vegas,AOI_2_Vegas:-11523:3622,test,colour-r120_c15,blur_resize,fixed,1.8,0.25,0,0,26,0,0.0,colour
AOI_2_Vegas_img3326,AOI_2_Vegas,AOI_2_Vegas:-11523:3622,test,colour-r120_c15,blur_resize,fixed,2.4,0.25,0,0,26,0,0.0,colour
AOI_2_Vegas_img3326,AOI_2_Vegas,AOI_2_Vegas:-11523:3622,test,colour-r120_c15,blur_resize,fixed,3.6,0.25,0,0,26,0,0.0,colour
AOI_2_Vegas_img3326,AOI_2_Vegas,AOI_2_Vegas:-11523:3622,test,colour-r120_c15,blur_resize,fixed,5.0,0.25,0,0,26,0,0.0,colour
AOI_2_Vegas_img3326,AOI_2_Vegas,AOI_2_Vegas:-11523:3622,test,colour-r120_c15,blur_resize,fixed,10.0,0.25,0,0,26,0,0.0,colour
AOI_2_Vegas_img3335,AOI_2_Vegas,AOI_2_Vegas:-11523:3624,test,colour-r120_c15,blur_resize,fixed,0.3,0.25,4,53,43,0,0.5,colour
AOI_2_Vegas_img3335,AOI_2_Vegas,AOI_2_Vegas:-11523:3624,test,colour-r120_c15,blur_resize,fixed,0.45,0.25,4,34,43,0,0.45,colour
AOI_2_Vegas_img3335,AOI_2_Vegas,AOI_2_Vegas:-11523:3624,test,colour-r120_c15,blur_resize,fixed,0.6,0.25,4,42,43,0,0.4,colour
AOI_2_Vegas_img3335,AOI_2_Vegas,AOI_2_Vegas:-11523:3624,test,colour-r120_c15,blur_resize,fixed,0.9,0.25,4,34,43,0,0.25,colour
AOI_2_Vegas_img3335,AOI_2_Vegas,AOI_2_Vegas:-11523:3624,test,colour-r120_c15,blur_resize,fixed,1.2,0.25,4,41,43,0,0.4,colour
AOI_2_Vegas_img3335,AOI_2_Vegas,AOI_2_Vegas:-11523:3624,test,colour-r120_c15,blur_resize,fixed,1.8,0.25,3,34,43,0,0.25,colour
AOI_2_Vegas_img3335,AOI_2_Vegas,AOI_2_Vegas:-11523:3624,test,colour-r120_c15,blur_resize,fixed,2.4,0.25,3,22,43,0,0.2,colour
AOI_2_Vegas_img3335,AOI_2_Vegas,AOI_2_Vegas:-11523:3624,test,colour-r120_c15,blur_resize,fixed,3.6,0.25,2,18,43,0,0.15,colour
AOI_2_Vegas_img3335,AOI_2_Vegas,AOI_2_Vegas:-11523:3624,test,colour-r120_c15,blur_resize,fixed,5.0,0.25,0,11,43,0,0.0,colour
AOI_2_Vegas_img3335,AOI_2_Vegas,AOI_2_Vegas:-11523:3624,test,colour-r120_c15,blur_resize,fixed,10.0,0.25,0,0,43,0,0.0,colour
AOI_2_Vegas_img3344,AOI_2_Vegas,AOI_2_Vegas:-11523:3626,test,colour-r120_c15,blur_resize,fixed,0.3,0.25,0,0,8,0,0.0,colour
AOI_2_Vegas_img3344,AOI_2_Vegas,AOI_2_Vegas:-11523:3626,test,colour-r120_c15,blur_resize,fixed,0.45,0.25,0,0,8,0,0.0,colour
AOI_2_Vegas_img3344,AOI_2_Vegas,AOI_2_Vegas:-11523:3626,test,colour-r120_c15,blur_resize,fixed,0.6,0.25,0,0,8,0,0.0,colour
AOI_2_Vegas_img3344,AOI_2_Vegas,AOI_2_Vegas:-11523:3626,test,colour-r120_c15,blur_resize,fixed,0.9,0.25,0,0,8,0,0.0,colour
AOI_2_Vegas_img3344,AOI_2_Vegas,AOI_2_Vegas:-11523:3626,test,colour-r120_c15,blur_resize,fixed,1.2,0.25,0,0,8,0,0.0,colour
AOI_2_Vegas_img3344,AOI_2_Vegas,AOI_2_Vegas:-11523:3626,test,colour-r120_c15,blur_resize,fixed,1.8,0.25,0,0,8,0,0.0,colour
AOI_2_Vegas_img3344,AOI_2_Vegas,AOI_2_Vegas:-11523:3626,test,colour-r120_c15,blur_resize,fixed,2.4,0.25,0,0,8,0,0.0,colour
AOI_2_Vegas_img3344,AOI_2_Vegas,AOI_2_Vegas:-11523:3626,test,colour-r120_c15,blur_resize,fixed,3.6,0.25,0,0,8,0,0.0,colour
AOI_2_Vegas_img3344,AOI_2_Vegas,AOI_2_Vegas:-11523:3626,test,colour-r120_c15,blur_resize,fixed,5.0,0.25,0,0,8,0,0.0,colour
AOI_2_Vegas_img3344,AOI_2_Vegas,AOI_2_Vegas:-11523:3626,test,colour-r120_c15,blur_resize,fixed,10.0,0.25,0,0,8,0,0.0,colour
AOI_2_Vegas_img3373,AOI_2_Vegas,AOI_2_Vegas:-11522:3617,test,colour-r120_c15,blur_resize,fixed,0.3,0.25,0,0,42,0,0.0,colour
AOI_2_Vegas_img3373,AOI_2_Vegas,AOI_2_Vegas:-11522:3617,test,colour-r120_c15,blur_resize,fixed,0.45,0.25,0,0,42,0,0.0,colour
AOI_2_Vegas_img3373,AOI_2_Vegas,AOI_2_Vegas:-11522:3617,test,colour-r120_c15,blur_resize,fixed,0.6,0.25,0,0,42,0,0.0,colour
AOI_2_Vegas_img3373,AOI_2_Vegas,AOI_2_Vegas:-11522:3617,test,colour-r120_c15,blur_resize,fixed,0.9,0.25,0,0,42,0,0.0,colour
AOI_2_Vegas_img3373,AOI_2_Vegas,AOI_2_Vegas:-11522:3617,test,colour-r120_c15,blur_resize,fixed,1.2,0.25,0,0,42,0,0.0,colour
AOI_2_Vegas_img3373,AOI_2_Vegas,AOI_2_Vegas:-11522:3617,test,colour-r120_c15,blur_resize,fixed,1.8,0.25,0,0,42,0,0.0,colour
AOI_2_Vegas_img3373,AOI_2_Vegas,AOI_2_Vegas:-11522:3617,test,colour-r120_c15,blur_resize,fixed,2.4,0.25,0,0,42,0,0.0,colour
AOI_2_Vegas_img3373,AOI_2_Vegas,AOI_2_Vegas:-11522:3617,test,colour-r120_c15,blur_resize,fixed,3.6,0.25,0,0,42,0,0.0,colour
AOI_2_Vegas_img3373,AOI_2_Vegas,AOI_2_Vegas:-11522:3617,test,colour-r120_c15,blur_resize,fixed,5.0,0.25,0,0,42,0,0.0,colour
AOI_2_Vegas_img3373,AOI_2_Vegas,AOI_2_Vegas:-11522:3617,test,colour-r120_c15,blur_resize,fixed,10.0,0.25,0,0,42,0,0.0,colour
AOI_2_Vegas_img3377,AOI_2_Vegas,AOI_2_Vegas:-11522:3618,test,colour-r120_c15,blur_resize,fixed,0.3,0.25,0,0,21,0,0.0,colour
AOI_2_Vegas_img3377,AOI_2_Vegas,AOI_2_Vegas:-11522:3618,test,colour-r120_c15,blur_resize,fixed,0.45,0.25,0,0,21,0,0.0,colour
AOI_2_Vegas_img3377,AOI_2_Vegas,AOI_2_Vegas:-11522:3618,test,colour-r120_c15,blur_resize,fixed,0.6,0.25,0,0,21,0,0.0,colour
AOI_2_Vegas_img3377,AOI_2_Vegas,AOI_2_Vegas:-11522:3618,test,colour-r120_c15,blur_resize,fixed,0.9,0.25,0,0,21,0,0.0,colour
AOI_2_Vegas_img3377,AOI_2_Vegas,AOI_2_Vegas:-11522:3618,test,colour-r120_c15,blur_resize,fixed,1.2,0.25,0,0,21,0,0.0,colour
AOI_2_Vegas_img3377,AOI_2_Vegas,AOI_2_Vegas:-11522:3618,test,colour-r120_c15,blur_resize,fixed,1.8,0.25,0,0,21,0,0.0,colour
AOI_2_Vegas_img3377,AOI_2_Vegas,AOI_2_Vegas:-11522:3618,test,colour-r120_c15,blur_resize,fixed,2.4,0.25,0,0,21,0,0.0,colour
AOI_2_Vegas_img3377,AOI_2_Vegas,AOI_2_Vegas:-11522:3618,test,colour-r120_c15,blur_resize,fixed,3.6,0.25,0,0,21,0,0.0,colour
AOI_2_Vegas_img3377,AOI_2_Vegas,AOI_2_Vegas:-11522:3618,test,colour-r120_c15,blur_resize,fixed,5.0,0.25,0,0,21,0,0.0,colour
AOI_2_Vegas_img3377,AOI_2_Vegas,AOI_2_Vegas:-11522:3618,test,colour-r120_c15,blur_resize,fixed,10.0,0.25,0,0,21,0,0.0,colour
AOI_2_Vegas_img3404,AOI_2_Vegas,AOI_2_Vegas:-11522:3622,test,colour-r120_c15,blur_resize,fixed,0.3,0.25,0,0,10,0,0.0,colour
AOI_2_Vegas_img3404,AOI_2_Vegas,AOI_2_Vegas:-11522:3622,test,colour-r120_c15,blur_resize,fixed,0.45,0.25,0,0,10,0,0.0,colour
AOI_2_Vegas_img3404,AOI_2_Vegas,AOI_2_Vegas:-11522:3622,test,colour-r120_c15,blur_resize,fixed,0.6,0.25,0,0,10,0,0.0,colour
AOI_2_Vegas_img3404,AOI_2_Vegas,AOI_2_Vegas:-11522:3622,test,colour-r120_c15,blur_resize,fixed,0.9,0.25,0,0,10,0,0.0,colour
AOI_2_Vegas_img3404,AOI_2_Vegas,AOI_2_Vegas:-11522:3622,test,colour-r120_c15,blur_resize,fixed,1.2,0.25,0,0,10,0,0.0,colour
AOI_2_Vegas_img3404,AOI_2_Vegas,AOI_2_Vegas:-11522:3622,test,colour-r120_c15,blur_resize,fixed,1.8,0.25,0,0,10,0,0.0,colour
AOI_2_Vegas_img3404,AOI_2_Vegas,AOI_2_Vegas:-11522:3622,test,colour-r120_c15,blur_resize,fixed,2.4,0.25,0,0,10,0,0.0,colour
AOI_2_Vegas_img3404,AOI_2_Vegas,AOI_2_Vegas:-11522:3622,test,colour-r120_c15,blur_resize,fixed,3.6,0.25,0,0,10,0,0.0,colour
AOI_2_Vegas_img3404,AOI_2_Vegas,AOI_2_Vegas:-11522:3622,test,colour-r120_c15,blur_resize,fixed,5.0,0.25,0,0,10,0,0.0,colour
AOI_2_Vegas_img3404,AOI_2_Vegas,AOI_2_Vegas:-11522:3622,test,colour-r120_c15,blur_resize,fixed,10.0,0.25,0,0,10,0,0.0,colour
AOI_2_Vegas_img3406,AOI_2_Vegas,AOI_2_Vegas:-11522:3623,test,colour-r120_c15,blur_resize,fixed,0.3,0.25,0,0,28,0,0.0,colour
AOI_2_Vegas_img3406,AOI_2_Vegas,AOI_2_Vegas:-11522:3623,test,colour-r120_c15,blur_resize,fixed,0.45,0.25,0,0,28,0,0.0,colour
AOI_2_Vegas_img3406,AOI_2_Vegas,AOI_2_Vegas:-11522:3623,test,colour-r120_c15,blur_resize,fixed,0.6,0.25,0,0,28,0,0.0,colour
AOI_2_Vegas_img3406,AOI_2_Vegas,AOI_2_Vegas:-11522:3623,test,colour-r120_c15,blur_resize,fixed,0.9,0.25,0,0,28,0,0.0,colour
AOI_2_Vegas_img3406,AOI_2_Vegas,AOI_2_Vegas:-11522:3623,test,colour-r120_c15,blur_resize,fixed,1.2,0.25,0,0,28,0,0.0,colour
AOI_2_Vegas_img3406,AOI_2_Vegas,AOI_2_Vegas:-11522:3623,test,colour-r120_c15,blur_resize,fixed,1.8,0.25,0,0,28,0,0.0,colour
AOI_2_Vegas_img3406,AOI_2_Vegas,AOI_2_Vegas:-11522:3623,test,colour-r120_c15,blur_resize,fixed,2.4,0.25,0,0,28,0,0.0,colour
AOI_2_Vegas_img3406,AOI_2_Vegas,AOI_2_Vegas:-11522:3623,test,colour-r120_c15,blur_resize,fixed,3.6,0.25,0,0,28,0,0.0,colour
AOI_2_Vegas_img3406,AOI_2_Vegas,AOI_2_Vegas:-11522:3623,test,colour-r120_c15,blur_resize,fixed,5.0,0.25,0,0,28,0,0.0,colour
AOI_2_Vegas_img3406,AOI_2_Vegas,AOI_2_Vegas:-11522:3623,test,colour-r120_c15,blur_resize,fixed,10.0,0.25,0,0,28,0,0.0,colour
AOI_2_Vegas_img3411,AOI_2_Vegas,AOI_2_Vegas:-11522:3623,test,colour-r120_c15,blur_resize,fixed,0.3,0.25,0,0,37,0,0.0,colour
AOI_2_Vegas_img3411,AOI_2_Vegas,AOI_2_Vegas:-11522:3623,test,colour-r120_c15,blur_resize,fixed,0.45,0.25,0,0,37,0,0.0,colour
AOI_2_Vegas_img3411,AOI_2_Vegas,AOI_2_Vegas:-11522:3623,test,colour-r120_c15,blur_resize,fixed,0.6,0.25,0,0,37,0,0.0,colour
AOI_2_Vegas_img3411,AOI_2_Vegas,AOI_2_Vegas:-11522:3623,test,colour-r120_c15,blur_resize,fixed,0.9,0.25,0,0,37,0,0.0,colour
AOI_2_Vegas_img3411,AOI_2_Vegas,AOI_2_Vegas:-11522:3623,test,colour-r120_c15,blur_resize,fixed,1.2,0.25,0,0,37,0,0.0,colour
AOI_2_Vegas_img3411,AOI_2_Vegas,AOI_2_Vegas:-11522:3623,test,colour-r120_c15,blur_resize,fixed,1.8,0.25,0,0,37,0,0.0,colour
AOI_2_Vegas_img3411,AOI_2_Vegas,AOI_2_Vegas:-11522:3623,test,colour-r120_c15,blur_resize,fixed,2.4,0.25,0,0,37,0,0.0,colour
AOI_2_Vegas_img3411,AOI_2_Vegas,AOI_2_Vegas:-11522:3623,test,colour-r120_c15,blur_resize,fixed,3.6,0.25,0,0,37,0,0.0,colour
AOI_2_Vegas_img3411,AOI_2_Vegas,AOI_2_Vegas:-11522:3623,test,colour-r120_c15,blur_resize,fixed,5.0,0.25,0,0,37,0,0.0,colour
AOI_2_Vegas_img3411,AOI_2_Vegas,AOI_2_Vegas:-11522:3623,test,colour-r120_c15,blur_resize,fixed,10.0,0.25,0,0,37,0,0.0,colour
AOI_2_Vegas_img3412,AOI_2_Vegas,AOI_2_Vegas:-11522:3624,test,colour-r120_c15,blur_resize,fixed,0.3,0.25,0,0,46,0,0.0,colour
AOI_2_Vegas_img3412,AOI_2_Vegas,AOI_2_Vegas:-11522:3624,test,colour-r120_c15,blur_resize,fixed,0.45,0.25,0,1,46,0,0.0,colour
AOI_2_Vegas_img3412,AOI_2_Vegas,AOI_2_Vegas:-11522:3624,test,colour-r120_c15,blur_resize,fixed,0.6,0.25,0,0,46,0,0.0,colour
AOI_2_Vegas_img3412,AOI_2_Vegas,AOI_2_Vegas:-11522:3624,test,colour-r120_c15,blur_resize,fixed,0.9,0.25,0,0,46,0,0.0,colour
AOI_2_Vegas_img3412,AOI_2_Vegas,AOI_2_Vegas:-11522:3624,test,colour-r120_c15,blur_resize,fixed,1.2,0.25,0,0,46,0,0.0,colour
AOI_2_Vegas_img3412,AOI_2_Vegas,AOI_2_Vegas:-11522:3624,test,colour-r120_c15,blur_resize,fixed,1.8,0.25,0,0,46,0,0.0,colour
AOI_2_Vegas_img3412,AOI_2_Vegas,AOI_2_Vegas:-11522:3624,test,colour-r120_c15,blur_resize,fixed,2.4,0.25,0,0,46,0,0.0,colour
AOI_2_Vegas_img3412,AOI_2_Vegas,AOI_2_Vegas:-11522:3624,test,colour-r120_c15,blur_resize,fixed,3.6,0.25,0,0,46,0,0.0,colour
AOI_2_Vegas_img3412,AOI_2_Vegas,AOI_2_Vegas:-11522:3624,test,colour-r120_c15,blur_resize,fixed,5.0,0.25,0,0,46,0,0.0,colour
AOI_2_Vegas_img3412,AOI_2_Vegas,AOI_2_Vegas:-11522:3624,test,colour-r120_c15,blur_resize,fixed,10.0,0.25,0,0,46,0,0.0,colour
AOI_2_Vegas_img3422,AOI_2_Vegas,AOI_2_Vegas:-11522:3625,test,colour-r120_c15,blur_resize,fixed,0.3,0.25,0,0,36,0,0.0,colour
AOI_2_Vegas_img3422,AOI_2_Vegas,AOI_2_Vegas:-11522:3625,test,colour-r120_c15,blur_resize,fixed,0.45,0.25,0,0,36,0,0.0,colour
AOI_2_Vegas_img3422,AOI_2_Vegas,AOI_2_Vegas:-11522:3625,test,colour-r120_c15,blur_resize,fixed,0.6,0.25,0,0,36,0,0.0,colour
AOI_2_Vegas_img3422,AOI_2_Vegas,AOI_2_Vegas:-11522:3625,test,colour-r120_c15,blur_resize,fixed,0.9,0.25,0,0,36,0,0.0,colour
AOI_2_Vegas_img3422,AOI_2_Vegas,AOI_2_Vegas:-11522:3625,test,colour-r120_c15,blur_resize,fixed,1.2,0.25,0,0,36,0,0.0,colour
AOI_2_Vegas_img3422,AOI_2_Vegas,AOI_2_Vegas:-11522:3625,test,colour-r120_c15,blur_resize,fixed,1.8,0.25,0,0,36,0,0.0,colour
AOI_2_Vegas_img3422,AOI_2_Vegas,AOI_2_Vegas:-11522:3625,test,colour-r120_c15,blur_resize,fixed,2.4,0.25,0,0,36,0,0.0,colour
AOI_2_Vegas_img3422,AOI_2_Vegas,AOI_2_Vegas:-11522:3625,test,colour-r120_c15,blur_resize,fixed,3.6,0.25,0,0,36,0,0.0,colour
AOI_2_Vegas_img3422,AOI_2_Vegas,AOI_2_Vegas:-11522:3625,test,colour-r120_c15,blur_resize,fixed,5.0,0.25,0,0,36,0,0.0,colour
AOI_2_Vegas_img3422,AOI_2_Vegas,AOI_2_Vegas:-11522:3625,test,colour-r120_c15,blur_resize,fixed,10.0,0.25,0,0,36,0,0.0,colour
AOI_2_Vegas_img3427,AOI_2_Vegas,AOI_2_Vegas:-11522:3612,test,colour-r120_c15,blur_resize,fixed,0.3,0.25,0,2,36,0,0.0,colour
AOI_2_Vegas_img3427,AOI_2_Vegas,AOI_2_Vegas:-11522:3612,test,colour-r120_c15,blur_resize,fixed,0.45,0.25,0,3,36,0,0.0,colour
AOI_2_Vegas_img3427,AOI_2_Vegas,AOI_2_Vegas:-11522:3612,test,colour-r120_c15,blur_resize,fixed,0.6,0.25,0,4,36,0,0.0,colour
AOI_2_Vegas_img3427,AOI_2_Vegas,AOI_2_Vegas:-11522:3612,test,colour-r120_c15,blur_resize,fixed,0.9,0.25,0,5,36,0,0.0,colour
AOI_2_Vegas_img3427,AOI_2_Vegas,AOI_2_Vegas:-11522:3612,test,colour-r120_c15,blur_resize,fixed,1.2,0.25,0,2,36,0,0.0,colour
AOI_2_Vegas_img3427,AOI_2_Vegas,AOI_2_Vegas:-11522:3612,test,colour-r120_c15,blur_resize,fixed,1.8,0.25,0,3,36,0,0.0,colour
AOI_2_Vegas_img3427,AOI_2_Vegas,AOI_2_Vegas:-11522:3612,test,colour-r120_c15,blur_resize,fixed,2.4,0.25,0,0,36,0,0.0,colour
AOI_2_Vegas_img3427,AOI_2_Vegas,AOI_2_Vegas:-11522:3612,test,colour-r120_c15,blur_resize,fixed,3.6,0.25,0,0,36,0,0.0,colour
AOI_2_Vegas_img3427,AOI_2_Vegas,AOI_2_Vegas:-11522:3612,test,colour-r120_c15,blur_resize,fixed,5.0,0.25,0,0,36,0,0.0,colour
AOI_2_Vegas_img3427,AOI_2_Vegas,AOI_2_Vegas:-11522:3612,test,colour-r120_c15,blur_resize,fixed,10.0,0.25,0,0,36,0,0.0,colour
AOI_2_Vegas_img3448,AOI_2_Vegas,AOI_2_Vegas:-11522:3616,test,colour-r120_c15,blur_resize,fixed,0.3,0.25,0,0,32,0,0.0,colour
AOI_2_Vegas_img3448,AOI_2_Vegas,AOI_2_Vegas:-11522:3616,test,colour-r120_c15,blur_resize,fixed,0.45,0.25,0,0,32,0,0.0,colour
AOI_2_Vegas_img3448,AOI_2_Vegas,AOI_2_Vegas:-11522:3616,test,colour-r120_c15,blur_resize,fixed,0.6,0.25,0,0,32,0,0.0,colour
AOI_2_Vegas_img3448,AOI_2_Vegas,AOI_2_Vegas:-11522:3616,test,colour-r120_c15,blur_resize,fixed,0.9,0.25,0,0,32,0,0.0,colour
AOI_2_Vegas_img3448,AOI_2_Vegas,AOI_2_Vegas:-11522:3616,test,colour-r120_c15,blur_resize,fixed,1.2,0.25,0,0,32,0,0.0,colour
AOI_2_Vegas_img3448,AOI_2_Vegas,AOI_2_Vegas:-11522:3616,test,colour-r120_c15,blur_resize,fixed,1.8,0.25,0,0,32,0,0.0,colour
AOI_2_Vegas_img3448,AOI_2_Vegas,AOI_2_Vegas:-11522:3616,test,colour-r120_c15,blur_resize,fixed,2.4,0.25,0,0,32,0,0.0,colour
AOI_2_Vegas_img3448,AOI_2_Vegas,AOI_2_Vegas:-11522:3616,test,colour-r120_c15,blur_resize,fixed,3.6,0.25,0,0,32,0,0.0,colour
AOI_2_Vegas_img3448,AOI_2_Vegas,AOI_2_Vegas:-11522:3616,test,colour-r120_c15,blur_resize,fixed,5.0,0.25,0,0,32,0,0.0,colour
AOI_2_Vegas_img3448,AOI_2_Vegas,AOI_2_Vegas:-11522:3616,test,colour-r120_c15,blur_resize,fixed,10.0,0.25,0,0,32,0,0.0,colour
AOI_2_Vegas_img3460,AOI_2_Vegas,AOI_2_Vegas:-11522:3618,test,colour-r120_c15,blur_resize,fixed,0.3,0.25,0,0,34,0,0.0,colour
AOI_2_Vegas_img3460,AOI_2_Vegas,AOI_2_Vegas:-11522:3618,test,colour-r120_c15,blur_resize,fixed,0.45,0.25,0,0,34,0,0.0,colour
AOI_2_Vegas_img3460,AOI_2_Vegas,AOI_2_Vegas:-11522:3618,test,colour-r120_c15,blur_resize,fixed,0.6,0.25,0,0,34,0,0.0,colour
AOI_2_Vegas_img3460,AOI_2_Vegas,AOI_2_Vegas:-11522:3618,test,colour-r120_c15,blur_resize,fixed,0.9,0.25,0,0,34,0,0.0,colour
AOI_2_Vegas_img3460,AOI_2_Vegas,AOI_2_Vegas:-11522:3618,test,colour-r120_c15,blur_resize,fixed,1.2,0.25,0,0,34,0,0.0,colour
AOI_2_Vegas_img3460,AOI_2_Vegas,AOI_2_Vegas:-11522:3618,test,colour-r120_c15,blur_resize,fixed,1.8,0.25,0,0,34,0,0.0,colour
AOI_2_Vegas_img3460,AOI_2_Vegas,AOI_2_Vegas:-11522:3618,test,colour-r120_c15,blur_resize,fixed,2.4,0.25,0,0,34,0,0.0,colour
AOI_2_Vegas_img3460,AOI_2_Vegas,AOI_2_Vegas:-11522:3618,test,colour-r120_c15,blur_resize,fixed,3.6,0.25,0,0,34,0,0.0,colour
AOI_2_Vegas_img3460,AOI_2_Vegas,AOI_2_Vegas:-11522:3618,test,colour-r120_c15,blur_resize,fixed,5.0,0.25,0,0,34,0,0.0,colour
AOI_2_Vegas_img3460,AOI_2_Vegas,AOI_2_Vegas:-11522:3618,test,colour-r120_c15,blur_resize,fixed,10.0,0.25,0,0,34,0,0.0,colour
AOI_2_Vegas_img347,AOI_2_Vegas,AOI_2_Vegas:-11530:3614,test,colour-r120_c15,blur_resize,fixed,0.3,0.25,0,3,34,0,0.0,colour
AOI_2_Vegas_img347,AOI_2_Vegas,AOI_2_Vegas:-11530:3614,test,colour-r120_c15,blur_resize,fixed,0.45,0.25,0,1,34,0,0.0,colour
AOI_2_Vegas_img347,AOI_2_Vegas,AOI_2_Vegas:-11530:3614,test,colour-r120_c15,blur_resize,fixed,0.6,0.25,0,1,34,0,0.0,colour
AOI_2_Vegas_img347,AOI_2_Vegas,AOI_2_Vegas:-11530:3614,test,colour-r120_c15,blur_resize,fixed,0.9,0.25,0,0,34,0,0.0,colour
AOI_2_Vegas_img347,AOI_2_Vegas,AOI_2_Vegas:-11530:3614,test,colour-r120_c15,blur_resize,fixed,1.2,0.25,0,0,34,0,0.0,colour
AOI_2_Vegas_img347,AOI_2_Vegas,AOI_2_Vegas:-11530:3614,test,colour-r120_c15,blur_resize,fixed,1.8,0.25,0,0,34,0,0.0,colour
AOI_2_Vegas_img347,AOI_2_Vegas,AOI_2_Vegas:-11530:3614,test,colour-r120_c15,blur_resize,fixed,2.4,0.25,0,0,34,0,0.0,colour
AOI_2_Vegas_img347,AOI_2_Vegas,AOI_2_Vegas:-11530:3614,test,colour-r120_c15,blur_resize,fixed,3.6,0.25,0,0,34,0,0.0,colour
AOI_2_Vegas_img347,AOI_2_Vegas,AOI_2_Vegas:-11530:3614,test,colour-r120_c15,blur_resize,fixed,5.0,0.25,0,0,34,0,0.0,colour
AOI_2_Vegas_img347,AOI_2_Vegas,AOI_2_Vegas:-11530:3614,test,colour-r120_c15,blur_resize,fixed,10.0,0.25,0,0,34,0,0.0,colour
AOI_2_Vegas_img3471,AOI_2_Vegas,AOI_2_Vegas:-11522:3620,test,colour-r120_c15,blur_resize,fixed,0.3,0.25,0,3,31,0,0.0,colour
AOI_2_Vegas_img3471,AOI_2_Vegas,AOI_2_Vegas:-11522:3620,test,colour-r120_c15,blur_resize,fixed,0.45,0.25,0,6,31,0,0.0,colour
AOI_2_Vegas_img3471,AOI_2_Vegas,AOI_2_Vegas:-11522:3620,test,colour-r120_c15,blur_resize,fixed,0.6,0.25,0,6,31,0,0.0,colour
AOI_2_Vegas_img3471,AOI_2_Vegas,AOI_2_Vegas:-11522:3620,test,colour-r120_c15,blur_resize,fixed,0.9,0.25,0,4,31,0,0.0,colour
AOI_2_Vegas_img3471,AOI_2_Vegas,AOI_2_Vegas:-11522:3620,test,colour-r120_c15,blur_resize,fixed,1.2,0.25,0,5,31,0,0.0,colour
AOI_2_Vegas_img3471,AOI_2_Vegas,AOI_2_Vegas:-11522:3620,test,colour-r120_c15,blur_resize,fixed,1.8,0.25,0,3,31,0,0.0,colour
AOI_2_Vegas_img3471,AOI_2_Vegas,AOI_2_Vegas:-11522:3620,test,colour-r120_c15,blur_resize,fixed,2.4,0.25,0,1,31,0,0.0,colour
AOI_2_Vegas_img3471,AOI_2_Vegas,AOI_2_Vegas:-11522:3620,test,colour-r120_c15,blur_resize,fixed,3.6,0.25,0,9,31,0,0.0,colour
AOI_2_Vegas_img3471,AOI_2_Vegas,AOI_2_Vegas:-11522:3620,test,colour-r120_c15,blur_resize,fixed,5.0,0.25,0,0,31,0,0.0,colour
AOI_2_Vegas_img3471,AOI_2_Vegas,AOI_2_Vegas:-11522:3620,test,colour-r120_c15,blur_resize,fixed,10.0,0.25,0,0,31,0,0.0,colour
AOI_2_Vegas_img3506,AOI_2_Vegas,AOI_2_Vegas:-11522:3612,test,colour-r120_c15,blur_resize,fixed,0.3,0.25,0,0,46,0,0.0,colour
AOI_2_Vegas_img3506,AOI_2_Vegas,AOI_2_Vegas:-11522:3612,test,colour-r120_c15,blur_resize,fixed,0.45,0.25,0,0,46,0,0.0,colour
AOI_2_Vegas_img3506,AOI_2_Vegas,AOI_2_Vegas:-11522:3612,test,colour-r120_c15,blur_resize,fixed,0.6,0.25,0,0,46,0,0.0,colour
AOI_2_Vegas_img3506,AOI_2_Vegas,AOI_2_Vegas:-11522:3612,test,colour-r120_c15,blur_resize,fixed,0.9,0.25,0,0,46,0,0.0,colour
AOI_2_Vegas_img3506,AOI_2_Vegas,AOI_2_Vegas:-11522:3612,test,colour-r120_c15,blur_resize,fixed,1.2,0.25,0,0,46,0,0.0,colour
AOI_2_Vegas_img3506,AOI_2_Vegas,AOI_2_Vegas:-11522:3612,test,colour-r120_c15,blur_resize,fixed,1.8,0.25,0,0,46,0,0.0,colour
AOI_2_Vegas_img3506,AOI_2_Vegas,AOI_2_Vegas:-11522:3612,test,colour-r120_c15,blur_resize,fixed,2.4,0.25,0,0,46,0,0.0,colour
AOI_2_Vegas_img3506,AOI_2_Vegas,AOI_2_Vegas:-11522:3612,test,colour-r120_c15,blur_resize,fixed,3.6,0.25,0,0,46,0,0.0,colour
AOI_2_Vegas_img3506,AOI_2_Vegas,AOI_2_Vegas:-11522:3612,test,colour-r120_c15,blur_resize,fixed,5.0,0.25,0,0,46,0,0.0,colour
AOI_2_Vegas_img3506,AOI_2_Vegas,AOI_2_Vegas:-11522:3612,test,colour-r120_c15,blur_resize,fixed,10.0,0.25,0,0,46,0,0.0,colour
AOI_2_Vegas_img3514,AOI_2_Vegas,AOI_2_Vegas:-11522:3614,test,colour-r120_c15,blur_resize,fixed,0.3,0.25,0,0,15,0,0.0,colour
AOI_2_Vegas_img3514,AOI_2_Vegas,AOI_2_Vegas:-11522:3614,test,colour-r120_c15,blur_resize,fixed,0.45,0.25,0,0,15,0,0.0,colour
AOI_2_Vegas_img3514,AOI_2_Vegas,AOI_2_Vegas:-11522:3614,test,colour-r120_c15,blur_resize,fixed,0.6,0.25,0,0,15,0,0.0,colour
AOI_2_Vegas_img3514,AOI_2_Vegas,AOI_2_Vegas:-11522:3614,test,colour-r120_c15,blur_resize,fixed,0.9,0.25,0,0,15,0,0.0,colour
AOI_2_Vegas_img3514,AOI_2_Vegas,AOI_2_Vegas:-11522:3614,test,colour-r120_c15,blur_resize,fixed,1.2,0.25,0,0,15,0,0.0,colour
AOI_2_Vegas_img3514,AOI_2_Vegas,AOI_2_Vegas:-11522:3614,test,colour-r120_c15,blur_resize,fixed,1.8,0.25,0,0,15,0,0.0,colour
AOI_2_Vegas_img3514,AOI_2_Vegas,AOI_2_Vegas:-11522:3614,test,colour-r120_c15,blur_resize,fixed,2.4,0.25,0,0,15,0,0.0,colour
AOI_2_Vegas_img3514,AOI_2_Vegas,AOI_2_Vegas:-11522:3614,test,colour-r120_c15,blur_resize,fixed,3.6,0.25,0,0,15,0,0.0,colour
AOI_2_Vegas_img3514,AOI_2_Vegas,AOI_2_Vegas:-11522:3614,test,colour-r120_c15,blur_resize,fixed,5.0,0.25,0,0,15,0,0.0,colour
AOI_2_Vegas_img3514,AOI_2_Vegas,AOI_2_Vegas:-11522:3614,test,colour-r120_c15,blur_resize,fixed,10.0,0.25,0,0,15,0,0.0,colour
AOI_2_Vegas_img3538,AOI_2_Vegas,AOI_2_Vegas:-11522:3618,test,colour-r120_c15,blur_resize,fixed,0.3,0.25,0,0,38,0,0.0,colour
AOI_2_Vegas_img3538,AOI_2_Vegas,AOI_2_Vegas:-11522:3618,test,colour-r120_c15,blur_resize,fixed,0.45,0.25,0,0,38,0,0.0,colour
AOI_2_Vegas_img3538,AOI_2_Vegas,AOI_2_Vegas:-11522:3618,test,colour-r120_c15,blur_resize,fixed,0.6,0.25,0,0,38,0,0.0,colour
AOI_2_Vegas_img3538,AOI_2_Vegas,AOI_2_Vegas:-11522:3618,test,colour-r120_c15,blur_resize,fixed,0.9,0.25,0,0,38,0,0.0,colour
AOI_2_Vegas_img3538,AOI_2_Vegas,AOI_2_Vegas:-11522:3618,test,colour-r120_c15,blur_resize,fixed,1.2,0.25,0,0,38,0,0.0,colour
AOI_2_Vegas_img3538,AOI_2_Vegas,AOI_2_Vegas:-11522:3618,test,colour-r120_c15,blur_resize,fixed,1.8,0.25,0,0,38,0,0.0,colour
AOI_2_Vegas_img3538,AOI_2_Vegas,AOI_2_Vegas:-11522:3618,test,colour-r120_c15,blur_resize,fixed,2.4,0.25,0,0,38,0,0.0,colour
AOI_2_Vegas_img3538,AOI_2_Vegas,AOI_2_Vegas:-11522:3618,test,colour-r120_c15,blur_resize,fixed,3.6,0.25,0,0,38,0,0.0,colour
AOI_2_Vegas_img3538,AOI_2_Vegas,AOI_2_Vegas:-11522:3618,test,colour-r120_c15,blur_resize,fixed,5.0,0.25,0,0,38,0,0.0,colour
AOI_2_Vegas_img3538,AOI_2_Vegas,AOI_2_Vegas:-11522:3618,test,colour-r120_c15,blur_resize,fixed,10.0,0.25,0,0,38,0,0.0,colour
AOI_2_Vegas_img355,AOI_2_Vegas,AOI_2_Vegas:-11530:3616,test,colour-r120_c15,blur_resize,fixed,0.3,0.25,0,0,34,0,0.0,colour
AOI_2_Vegas_img355,AOI_2_Vegas,AOI_2_Vegas:-11530:3616,test,colour-r120_c15,blur_resize,fixed,0.45,0.25,0,0,34,0,0.0,colour
AOI_2_Vegas_img355,AOI_2_Vegas,AOI_2_Vegas:-11530:3616,test,colour-r120_c15,blur_resize,fixed,0.6,0.25,0,0,34,0,0.0,colour
AOI_2_Vegas_img355,AOI_2_Vegas,AOI_2_Vegas:-11530:3616,test,colour-r120_c15,blur_resize,fixed,0.9,0.25,0,0,34,0,0.0,colour
AOI_2_Vegas_img355,AOI_2_Vegas,AOI_2_Vegas:-11530:3616,test,colour-r120_c15,blur_resize,fixed,1.2,0.25,0,0,34,0,0.0,colour
AOI_2_Vegas_img355,AOI_2_Vegas,AOI_2_Vegas:-11530:3616,test,colour-r120_c15,blur_resize,fixed,1.8,0.25,0,0,34,0,0.0,colour
AOI_2_Vegas_img355,AOI_2_Vegas,AOI_2_Vegas:-11530:3616,test,colour-r120_c15,blur_resize,fixed,2.4,0.25,0,0,34,0,0.0,colour
AOI_2_Vegas_img355,AOI_2_Vegas,AOI_2_Vegas:-11530:3616,test,colour-r120_c15,blur_resize,fixed,3.6,0.25,0,0,34,0,0.0,colour
AOI_2_Vegas_img355,AOI_2_Vegas,AOI_2_Vegas:-11530:3616,test,colour-r120_c15,blur_resize,fixed,5.0,0.25,0,0,34,0,0.0,colour
AOI_2_Vegas_img355,AOI_2_Vegas,AOI_2_Vegas:-11530:3616,test,colour-r120_c15,blur_resize,fixed,10.0,0.25,0,0,34,0,0.0,colour
AOI_2_Vegas_img3573,AOI_2_Vegas,AOI_2_Vegas:-11522:3624,test,colour-r120_c15,blur_resize,fixed,0.3,0.25,0,0,53,0,0.0,colour
AOI_2_Vegas_img3573,AOI_2_Vegas,AOI_2_Vegas:-11522:3624,test,colour-r120_c15,blur_resize,fixed,0.45,0.25,0,0,53,0,0.0,colour
AOI_2_Vegas_img3573,AOI_2_Vegas,AOI_2_Vegas:-11522:3624,test,colour-r120_c15,blur_resize,fixed,0.6,0.25,0,0,53,0,0.0,colour
AOI_2_Vegas_img3573,AOI_2_Vegas,AOI_2_Vegas:-11522:3624,test,colour-r120_c15,blur_resize,fixed,0.9,0.25,0,0,53,0,0.0,colour
AOI_2_Vegas_img3573,AOI_2_Vegas,AOI_2_Vegas:-11522:3624,test,colour-r120_c15,blur_resize,fixed,1.2,0.25,0,0,53,0,0.0,colour
AOI_2_Vegas_img3573,AOI_2_Vegas,AOI_2_Vegas:-11522:3624,test,colour-r120_c15,blur_resize,fixed,1.8,0.25,0,0,53,0,0.0,colour
AOI_2_Vegas_img3573,AOI_2_Vegas,AOI_2_Vegas:-11522:3624,test,colour-r120_c15,blur_resize,fixed,2.4,0.25,0,0,53,0,0.0,colour
AOI_2_Vegas_img3573,AOI_2_Vegas,AOI_2_Vegas:-11522:3624,test,colour-r120_c15,blur_resize,fixed,3.6,0.25,0,0,53,0,0.0,colour
AOI_2_Vegas_img3573,AOI_2_Vegas,AOI_2_Vegas:-11522:3624,test,colour-r120_c15,blur_resize,fixed,5.0,0.25,0,0,53,0,0.0,colour
AOI_2_Vegas_img3573,AOI_2_Vegas,AOI_2_Vegas:-11522:3624,test,colour-r120_c15,blur_resize,fixed,10.0,0.25,0,0,53,0,0.0,colour
AOI_2_Vegas_img3603,AOI_2_Vegas,AOI_2_Vegas:-11522:3616,test,colour-r120_c15,blur_resize,fixed,0.3,0.25,0,20,53,0,0.0,colour
AOI_2_Vegas_img3603,AOI_2_Vegas,AOI_2_Vegas:-11522:3616,test,colour-r120_c15,blur_resize,fixed,0.45,0.25,0,11,53,0,0.0,colour
AOI_2_Vegas_img3603,AOI_2_Vegas,AOI_2_Vegas:-11522:3616,test,colour-r120_c15,blur_resize,fixed,0.6,0.25,0,9,53,0,0.0,colour
AOI_2_Vegas_img3603,AOI_2_Vegas,AOI_2_Vegas:-11522:3616,test,colour-r120_c15,blur_resize,fixed,0.9,0.25,0,7,53,0,0.0,colour
AOI_2_Vegas_img3603,AOI_2_Vegas,AOI_2_Vegas:-11522:3616,test,colour-r120_c15,blur_resize,fixed,1.2,0.25,0,10,53,0,0.0,colour
AOI_2_Vegas_img3603,AOI_2_Vegas,AOI_2_Vegas:-11522:3616,test,colour-r120_c15,blur_resize,fixed,1.8,0.25,0,3,53,0,0.0,colour
AOI_2_Vegas_img3603,AOI_2_Vegas,AOI_2_Vegas:-11522:3616,test,colour-r120_c15,blur_resize,fixed,2.4,0.25,0,5,53,0,0.0,colour
AOI_2_Vegas_img3603,AOI_2_Vegas,AOI_2_Vegas:-11522:3616,test,colour-r120_c15,blur_resize,fixed,3.6,0.25,0,2,53,0,0.0,colour
AOI_2_Vegas_img3603,AOI_2_Vegas,AOI_2_Vegas:-11522:3616,test,colour-r120_c15,blur_resize,fixed,5.0,0.25,0,2,53,0,0.0,colour
AOI_2_Vegas_img3603,AOI_2_Vegas,AOI_2_Vegas:-11522:3616,test,colour-r120_c15,blur_resize,fixed,10.0,0.25,0,0,53,0,0.0,colour
AOI_2_Vegas_img3659,AOI_2_Vegas,AOI_2_Vegas:-11522:3625,test,colour-r120_c15,blur_resize,fixed,0.3,0.25,0,0,32,0,0.0,colour
AOI_2_Vegas_img3659,AOI_2_Vegas,AOI_2_Vegas:-11522:3625,test,colour-r120_c15,blur_resize,fixed,0.45,0.25,0,0,32,0,0.0,colour
AOI_2_Vegas_img3659,AOI_2_Vegas,AOI_2_Vegas:-11522:3625,test,colour-r120_c15,blur_resize,fixed,0.6,0.25,0,0,32,0,0.0,colour
AOI_2_Vegas_img3659,AOI_2_Vegas,AOI_2_Vegas:-11522:3625,test,colour-r120_c15,blur_resize,fixed,0.9,0.25,0,0,32,0,0.0,colour
AOI_2_Vegas_img3659,AOI_2_Vegas,AOI_2_Vegas:-11522:3625,test,colour-r120_c15,blur_resize,fixed,1.2,0.25,0,0,32,0,0.0,colour
AOI_2_Vegas_img3659,AOI_2_Vegas,AOI_2_Vegas:-11522:3625,test,colour-r120_c15,blur_resize,fixed,1.8,0.25,0,0,32,0,0.0,colour
AOI_2_Vegas_img3659,AOI_2_Vegas,AOI_2_Vegas:-11522:3625,test,colour-r120_c15,blur_resize,fixed,2.4,0.25,0,0,32,0,0.0,colour
AOI_2_Vegas_img3659,AOI_2_Vegas,AOI_2_Vegas:-11522:3625,test,colour-r120_c15,blur_resize,fixed,3.6,0.25,0,0,32,0,0.0,colour
AOI_2_Vegas_img3659,AOI_2_Vegas,AOI_2_Vegas:-11522:3625,test,colour-r120_c15,blur_resize,fixed,5.0,0.25,0,0,32,0,0.0,colour
AOI_2_Vegas_img3659,AOI_2_Vegas,AOI_2_Vegas:-11522:3625,test,colour-r120_c15,blur_resize,fixed,10.0,0.25,0,0,32,0,0.0,colour
AOI_2_Vegas_img3673,AOI_2_Vegas,AOI_2_Vegas:-11522:3614,test,colour-r120_c15,blur_resize,fixed,0.3,0.25,0,0,7,0,0.0,colour
AOI_2_Vegas_img3673,AOI_2_Vegas,AOI_2_Vegas:-11522:3614,test,colour-r120_c15,blur_resize,fixed,0.45,0.25,0,0,7,0,0.0,colour
AOI_2_Vegas_img3673,AOI_2_Vegas,AOI_2_Vegas:-11522:3614,test,colour-r120_c15,blur_resize,fixed,0.6,0.25,0,0,7,0,0.0,colour
AOI_2_Vegas_img3673,AOI_2_Vegas,AOI_2_Vegas:-11522:3614,test,colour-r120_c15,blur_resize,fixed,0.9,0.25,0,0,7,0,0.0,colour
AOI_2_Vegas_img3673,AOI_2_Vegas,AOI_2_Vegas:-11522:3614,test,colour-r120_c15,blur_resize,fixed,1.2,0.25,0,0,7,0,0.0,colour
AOI_2_Vegas_img3673,AOI_2_Vegas,AOI_2_Vegas:-11522:3614,test,colour-r120_c15,blur_resize,fixed,1.8,0.25,0,0,7,0,0.0,colour
AOI_2_Vegas_img3673,AOI_2_Vegas,AOI_2_Vegas:-11522:3614,test,colour-r120_c15,blur_resize,fixed,2.4,0.25,0,0,7,0,0.0,colour
AOI_2_Vegas_img3673,AOI_2_Vegas,AOI_2_Vegas:-11522:3614,test,colour-r120_c15,blur_resize,fixed,3.6,0.25,0,0,7,0,0.0,colour
AOI_2_Vegas_img3673,AOI_2_Vegas,AOI_2_Vegas:-11522:3614,test,colour-r120_c15,blur_resize,fixed,5.0,0.25,0,0,7,0,0.0,colour
AOI_2_Vegas_img3673,AOI_2_Vegas,AOI_2_Vegas:-11522:3614,test,colour-r120_c15,blur_resize,fixed,10.0,0.25,0,0,7,0,0.0,colour
AOI_2_Vegas_img3679,AOI_2_Vegas,AOI_2_Vegas:-11522:3615,test,colour-r120_c15,blur_resize,fixed,0.3,0.25,0,0,43,0,0.0,colour
AOI_2_Vegas_img3679,AOI_2_Vegas,AOI_2_Vegas:-11522:3615,test,colour-r120_c15,blur_resize,fixed,0.45,0.25,0,0,43,0,0.0,colour
AOI_2_Vegas_img3679,AOI_2_Vegas,AOI_2_Vegas:-11522:3615,test,colour-r120_c15,blur_resize,fixed,0.6,0.25,0,0,43,0,0.0,colour
AOI_2_Vegas_img3679,AOI_2_Vegas,AOI_2_Vegas:-11522:3615,test,colour-r120_c15,blur_resize,fixed,0.9,0.25,0,0,43,0,0.0,colour
AOI_2_Vegas_img3679,AOI_2_Vegas,AOI_2_Vegas:-11522:3615,test,colour-r120_c15,blur_resize,fixed,1.2,0.25,0,0,43,0,0.0,colour
AOI_2_Vegas_img3679,AOI_2_Vegas,AOI_2_Vegas:-11522:3615,test,colour-r120_c15,blur_resize,fixed,1.8,0.25,0,0,43,0,0.0,colour
AOI_2_Vegas_img3679,AOI_2_Vegas,AOI_2_Vegas:-11522:3615,test,colour-r120_c15,blur_resize,fixed,2.4,0.25,0,0,43,0,0.0,colour
AOI_2_Vegas_img3679,AOI_2_Vegas,AOI_2_Vegas:-11522:3615,test,colour-r120_c15,blur_resize,fixed,3.6,0.25,0,0,43,0,0.0,colour
AOI_2_Vegas_img3679,AOI_2_Vegas,AOI_2_Vegas:-11522:3615,test,colour-r120_c15,blur_resize,fixed,5.0,0.25,0,0,43,0,0.0,colour
AOI_2_Vegas_img3679,AOI_2_Vegas,AOI_2_Vegas:-11522:3615,test,colour-r120_c15,blur_resize,fixed,10.0,0.25,0,0,43,0,0.0,colour
AOI_2_Vegas_img3718,AOI_2_Vegas,AOI_2_Vegas:-11522:3622,test,colour-r120_c15,blur_resize,fixed,0.3,0.25,0,0,29,0,0.0,colour
AOI_2_Vegas_img3718,AOI_2_Vegas,AOI_2_Vegas:-11522:3622,test,colour-r120_c15,blur_resize,fixed,0.45,0.25,0,0,29,0,0.0,colour
AOI_2_Vegas_img3718,AOI_2_Vegas,AOI_2_Vegas:-11522:3622,test,colour-r120_c15,blur_resize,fixed,0.6,0.25,0,0,29,0,0.0,colour
AOI_2_Vegas_img3718,AOI_2_Vegas,AOI_2_Vegas:-11522:3622,test,colour-r120_c15,blur_resize,fixed,0.9,0.25,0,0,29,0,0.0,colour
AOI_2_Vegas_img3718,AOI_2_Vegas,AOI_2_Vegas:-11522:3622,test,colour-r120_c15,blur_resize,fixed,1.2,0.25,0,0,29,0,0.0,colour
AOI_2_Vegas_img3718,AOI_2_Vegas,AOI_2_Vegas:-11522:3622,test,colour-r120_c15,blur_resize,fixed,1.8,0.25,0,0,29,0,0.0,colour
AOI_2_Vegas_img3718,AOI_2_Vegas,AOI_2_Vegas:-11522:3622,test,colour-r120_c15,blur_resize,fixed,2.4,0.25,0,0,29,0,0.0,colour
AOI_2_Vegas_img3718,AOI_2_Vegas,AOI_2_Vegas:-11522:3622,test,colour-r120_c15,blur_resize,fixed,3.6,0.25,0,0,29,0,0.0,colour
AOI_2_Vegas_img3718,AOI_2_Vegas,AOI_2_Vegas:-11522:3622,test,colour-r120_c15,blur_resize,fixed,5.0,0.25,0,0,29,0,0.0,colour
AOI_2_Vegas_img3718,AOI_2_Vegas,AOI_2_Vegas:-11522:3622,test,colour-r120_c15,blur_resize,fixed,10.0,0.25,0,0,29,0,0.0,colour
AOI_2_Vegas_img3747,AOI_2_Vegas,AOI_2_Vegas:-11522:3613,test,colour-r120_c15,blur_resize,fixed,0.3,0.25,0,0,56,0,0.0,colour
AOI_2_Vegas_img3747,AOI_2_Vegas,AOI_2_Vegas:-11522:3613,test,colour-r120_c15,blur_resize,fixed,0.45,0.25,0,0,56,0,0.0,colour
AOI_2_Vegas_img3747,AOI_2_Vegas,AOI_2_Vegas:-11522:3613,test,colour-r120_c15,blur_resize,fixed,0.6,0.25,0,0,56,0,0.0,colour
AOI_2_Vegas_img3747,AOI_2_Vegas,AOI_2_Vegas:-11522:3613,test,colour-r120_c15,blur_resize,fixed,0.9,0.25,0,0,56,0,0.0,colour
AOI_2_Vegas_img3747,AOI_2_Vegas,AOI_2_Vegas:-11522:3613,test,colour-r120_c15,blur_resize,fixed,1.2,0.25,0,0,56,0,0.0,colour
AOI_2_Vegas_img3747,AOI_2_Vegas,AOI_2_Vegas:-11522:3613,test,colour-r120_c15,blur_resize,fixed,1.8,0.25,0,0,56,0,0.0,colour
AOI_2_Vegas_img3747,AOI_2_Vegas,AOI_2_Vegas:-11522:3613,test,colour-r120_c15,blur_resize,fixed,2.4,0.25,0,0,56,0,0.0,colour
AOI_2_Vegas_img3747,AOI_2_Vegas,AOI_2_Vegas:-11522:3613,test,colour-r120_c15,blur_resize,fixed,3.6,0.25,0,0,56,0,0.0,colour
AOI_2_Vegas_img3747,AOI_2_Vegas,AOI_2_Vegas:-11522:3613,test,colour-r120_c15,blur_resize,fixed,5.0,0.25,0,0,56,0,0.0,colour
AOI_2_Vegas_img3747,AOI_2_Vegas,AOI_2_Vegas:-11522:3613,test,colour-r120_c15,blur_resize,fixed,10.0,0.25,0,0,56,0,0.0,colour
AOI_2_Vegas_img375,AOI_2_Vegas,AOI_2_Vegas:-11530:3619,test,colour-r120_c15,blur_resize,fixed,0.3,0.25,1,50,22,0,0.2,colour
AOI_2_Vegas_img375,AOI_2_Vegas,AOI_2_Vegas:-11530:3619,test,colour-r120_c15,blur_resize,fixed,0.45,0.25,1,10,22,0,0.1,colour
AOI_2_Vegas_img375,AOI_2_Vegas,AOI_2_Vegas:-11530:3619,test,colour-r120_c15,blur_resize,fixed,0.6,0.25,1,9,22,0,0.25,colour
AOI_2_Vegas_img375,AOI_2_Vegas,AOI_2_Vegas:-11530:3619,test,colour-r120_c15,blur_resize,fixed,0.9,0.25,1,3,22,0,0.3,colour
AOI_2_Vegas_img375,AOI_2_Vegas,AOI_2_Vegas:-11530:3619,test,colour-r120_c15,blur_resize,fixed,1.2,0.25,1,2,22,0,0.15,colour
AOI_2_Vegas_img375,AOI_2_Vegas,AOI_2_Vegas:-11530:3619,test,colour-r120_c15,blur_resize,fixed,1.8,0.25,1,2,22,0,0.15,colour
AOI_2_Vegas_img375,AOI_2_Vegas,AOI_2_Vegas:-11530:3619,test,colour-r120_c15,blur_resize,fixed,2.4,0.25,1,1,22,0,0.0,colour
AOI_2_Vegas_img375,AOI_2_Vegas,AOI_2_Vegas:-11530:3619,test,colour-r120_c15,blur_resize,fixed,3.6,0.25,1,1,22,0,0.05,colour
AOI_2_Vegas_img375,AOI_2_Vegas,AOI_2_Vegas:-11530:3619,test,colour-r120_c15,blur_resize,fixed,5.0,0.25,1,1,22,0,0.15,colour
AOI_2_Vegas_img375,AOI_2_Vegas,AOI_2_Vegas:-11530:3619,test,colour-r120_c15,blur_resize,fixed,10.0,0.25,0,1,22,0,0.05,colour
AOI_2_Vegas_img3757,AOI_2_Vegas,AOI_2_Vegas:-11522:3615,test,colour-r120_c15,blur_resize,fixed,0.3,0.25,0,0,59,0,0.0,colour
AOI_2_Vegas_img3757,AOI_2_Vegas,AOI_2_Vegas:-11522:3615,test,colour-r120_c15,blur_resize,fixed,0.45,0.25,0,0,59,0,0.0,colour
AOI_2_Vegas_img3757,AOI_2_Vegas,AOI_2_Vegas:-11522:3615,test,colour-r120_c15,blur_resize,fixed,0.6,0.25,0,0,59,0,0.0,colour
AOI_2_Vegas_img3757,AOI_2_Vegas,AOI_2_Vegas:-11522:3615,test,colour-r120_c15,blur_resize,fixed,0.9,0.25,0,0,59,0,0.0,colour
AOI_2_Vegas_img3757,AOI_2_Vegas,AOI_2_Vegas:-11522:3615,test,colour-r120_c15,blur_resize,fixed,1.2,0.25,0,0,59,0,0.0,colour
AOI_2_Vegas_img3757,AOI_2_Vegas,AOI_2_Vegas:-11522:3615,test,colour-r120_c15,blur_resize,fixed,1.8,0.25,0,0,59,0,0.0,colour
AOI_2_Vegas_img3757,AOI_2_Vegas,AOI_2_Vegas:-11522:3615,test,colour-r120_c15,blur_resize,fixed,2.4,0.25,0,0,59,0,0.0,colour
AOI_2_Vegas_img3757,AOI_2_Vegas,AOI_2_Vegas:-11522:3615,test,colour-r120_c15,blur_resize,fixed,3.6,0.25,0,0,59,0,0.0,colour
AOI_2_Vegas_img3757,AOI_2_Vegas,AOI_2_Vegas:-11522:3615,test,colour-r120_c15,blur_resize,fixed,5.0,0.25,0,0,59,0,0.0,colour
AOI_2_Vegas_img3757,AOI_2_Vegas,AOI_2_Vegas:-11522:3615,test,colour-r120_c15,blur_resize,fixed,10.0,0.25,0,0,59,0,0.0,colour
AOI_2_Vegas_img3785,AOI_2_Vegas,AOI_2_Vegas:-11522:3620,test,colour-r120_c15,blur_resize,fixed,0.3,0.25,0,0,28,0,0.0,colour
AOI_2_Vegas_img3785,AOI_2_Vegas,AOI_2_Vegas:-11522:3620,test,colour-r120_c15,blur_resize,fixed,0.45,0.25,0,0,28,0,0.0,colour
AOI_2_Vegas_img3785,AOI_2_Vegas,AOI_2_Vegas:-11522:3620,test,colour-r120_c15,blur_resize,fixed,0.6,0.25,0,0,28,0,0.0,colour
AOI_2_Vegas_img3785,AOI_2_Vegas,AOI_2_Vegas:-11522:3620,test,colour-r120_c15,blur_resize,fixed,0.9,0.25,0,0,28,0,0.0,colour
AOI_2_Vegas_img3785,AOI_2_Vegas,AOI_2_Vegas:-11522:3620,test,colour-r120_c15,blur_resize,fixed,1.2,0.25,0,0,28,0,0.0,colour
AOI_2_Vegas_img3785,AOI_2_Vegas,AOI_2_Vegas:-11522:3620,test,colour-r120_c15,blur_resize,fixed,1.8,0.25,0,0,28,0,0.0,colour
AOI_2_Vegas_img3785,AOI_2_Vegas,AOI_2_Vegas:-11522:3620,test,colour-r120_c15,blur_resize,fixed,2.4,0.25,0,0,28,0,0.0,colour
AOI_2_Vegas_img3785,AOI_2_Vegas,AOI_2_Vegas:-11522:3620,test,colour-r120_c15,blur_resize,fixed,3.6,0.25,0,0,28,0,0.0,colour
AOI_2_Vegas_img3785,AOI_2_Vegas,AOI_2_Vegas:-11522:3620,test,colour-r120_c15,blur_resize,fixed,5.0,0.25,0,0,28,0,0.0,colour
AOI_2_Vegas_img3785,AOI_2_Vegas,AOI_2_Vegas:-11522:3620,test,colour-r120_c15,blur_resize,fixed,10.0,0.25,0,0,28,0,0.0,colour
AOI_2_Vegas_img3787,AOI_2_Vegas,AOI_2_Vegas:-11522:3620,test,colour-r120_c15,blur_resize,fixed,0.3,0.25,0,1,48,0,0.0,colour
AOI_2_Vegas_img3787,AOI_2_Vegas,AOI_2_Vegas:-11522:3620,test,colour-r120_c15,blur_resize,fixed,0.45,0.25,0,1,48,0,0.0,colour
AOI_2_Vegas_img3787,AOI_2_Vegas,AOI_2_Vegas:-11522:3620,test,colour-r120_c15,blur_resize,fixed,0.6,0.25,0,1,48,0,0.0,colour
AOI_2_Vegas_img3787,AOI_2_Vegas,AOI_2_Vegas:-11522:3620,test,colour-r120_c15,blur_resize,fixed,0.9,0.25,0,1,48,0,0.0,colour
AOI_2_Vegas_img3787,AOI_2_Vegas,AOI_2_Vegas:-11522:3620,test,colour-r120_c15,blur_resize,fixed,1.2,0.25,0,1,48,0,0.0,colour
AOI_2_Vegas_img3787,AOI_2_Vegas,AOI_2_Vegas:-11522:3620,test,colour-r120_c15,blur_resize,fixed,1.8,0.25,0,0,48,0,0.0,colour
AOI_2_Vegas_img3787,AOI_2_Vegas,AOI_2_Vegas:-11522:3620,test,colour-r120_c15,blur_resize,fixed,2.4,0.25,0,0,48,0,0.0,colour
AOI_2_Vegas_img3787,AOI_2_Vegas,AOI_2_Vegas:-11522:3620,test,colour-r120_c15,blur_resize,fixed,3.6,0.25,0,0,48,0,0.0,colour
AOI_2_Vegas_img3787,AOI_2_Vegas,AOI_2_Vegas:-11522:3620,test,colour-r120_c15,blur_resize,fixed,5.0,0.25,0,0,48,0,0.0,colour
AOI_2_Vegas_img3787,AOI_2_Vegas,AOI_2_Vegas:-11522:3620,test,colour-r120_c15,blur_resize,fixed,10.0,0.25,0,0,48,0,0.0,colour
AOI_2_Vegas_img3792,AOI_2_Vegas,AOI_2_Vegas:-11522:3621,test,colour-r120_c15,blur_resize,fixed,0.3,0.25,0,0,1,0,0.0,colour
AOI_2_Vegas_img3792,AOI_2_Vegas,AOI_2_Vegas:-11522:3621,test,colour-r120_c15,blur_resize,fixed,0.45,0.25,0,0,1,0,0.0,colour
AOI_2_Vegas_img3792,AOI_2_Vegas,AOI_2_Vegas:-11522:3621,test,colour-r120_c15,blur_resize,fixed,0.6,0.25,0,0,1,0,0.0,colour
AOI_2_Vegas_img3792,AOI_2_Vegas,AOI_2_Vegas:-11522:3621,test,colour-r120_c15,blur_resize,fixed,0.9,0.25,0,0,1,0,0.0,colour
AOI_2_Vegas_img3792,AOI_2_Vegas,AOI_2_Vegas:-11522:3621,test,colour-r120_c15,blur_resize,fixed,1.2,0.25,0,0,1,0,0.0,colour
AOI_2_Vegas_img3792,AOI_2_Vegas,AOI_2_Vegas:-11522:3621,test,colour-r120_c15,blur_resize,fixed,1.8,0.25,0,0,1,0,0.0,colour
AOI_2_Vegas_img3792,AOI_2_Vegas,AOI_2_Vegas:-11522:3621,test,colour-r120_c15,blur_resize,fixed,2.4,0.25,0,0,1,0,0.0,colour
AOI_2_Vegas_img3792,AOI_2_Vegas,AOI_2_Vegas:-11522:3621,test,colour-r120_c15,blur_resize,fixed,3.6,0.25,0,0,1,0,0.0,colour
AOI_2_Vegas_img3792,AOI_2_Vegas,AOI_2_Vegas:-11522:3621,test,colour-r120_c15,blur_resize,fixed,5.0,0.25,0,0,1,0,0.0,colour
AOI_2_Vegas_img3792,AOI_2_Vegas,AOI_2_Vegas:-11522:3621,test,colour-r120_c15,blur_resize,fixed,10.0,0.25,0,0,1,0,0.0,colour
AOI_2_Vegas_img3815,AOI_2_Vegas,AOI_2_Vegas:-11522:3625,test,colour-r120_c15,blur_resize,fixed,0.3,0.25,0,56,23,0,0.0,colour
AOI_2_Vegas_img3815,AOI_2_Vegas,AOI_2_Vegas:-11522:3625,test,colour-r120_c15,blur_resize,fixed,0.45,0.25,0,13,23,0,0.0,colour
AOI_2_Vegas_img3815,AOI_2_Vegas,AOI_2_Vegas:-11522:3625,test,colour-r120_c15,blur_resize,fixed,0.6,0.25,0,10,23,0,0.0,colour
AOI_2_Vegas_img3815,AOI_2_Vegas,AOI_2_Vegas:-11522:3625,test,colour-r120_c15,blur_resize,fixed,0.9,0.25,0,7,23,0,0.0,colour
AOI_2_Vegas_img3815,AOI_2_Vegas,AOI_2_Vegas:-11522:3625,test,colour-r120_c15,blur_resize,fixed,1.2,0.25,0,6,23,0,0.0,colour
AOI_2_Vegas_img3815,AOI_2_Vegas,AOI_2_Vegas:-11522:3625,test,colour-r120_c15,blur_resize,fixed,1.8,0.25,0,5,23,0,0.0,colour
AOI_2_Vegas_img3815,AOI_2_Vegas,AOI_2_Vegas:-11522:3625,test,colour-r120_c15,blur_resize,fixed,2.4,0.25,0,1,23,0,0.0,colour
AOI_2_Vegas_img3815,AOI_2_Vegas,AOI_2_Vegas:-11522:3625,test,colour-r120_c15,blur_resize,fixed,3.6,0.25,0,0,23,0,0.0,colour
AOI_2_Vegas_img3815,AOI_2_Vegas,AOI_2_Vegas:-11522:3625,test,colour-r120_c15,blur_resize,fixed,5.0,0.25,0,0,23,0,0.0,colour
AOI_2_Vegas_img3815,AOI_2_Vegas,AOI_2_Vegas:-11522:3625,test,colour-r120_c15,blur_resize,fixed,10.0,0.25,0,0,23,0,0.0,colour
AOI_2_Vegas_img3832,AOI_2_Vegas,AOI_2_Vegas:-11521:3614,test,colour-r120_c15,blur_resize,fixed,0.3,0.25,0,0,4,0,0.0,colour
AOI_2_Vegas_img3832,AOI_2_Vegas,AOI_2_Vegas:-11521:3614,test,colour-r120_c15,blur_resize,fixed,0.45,0.25,0,0,4,0,0.0,colour
AOI_2_Vegas_img3832,AOI_2_Vegas,AOI_2_Vegas:-11521:3614,test,colour-r120_c15,blur_resize,fixed,0.6,0.25,0,0,4,0,0.0,colour
AOI_2_Vegas_img3832,AOI_2_Vegas,AOI_2_Vegas:-11521:3614,test,colour-r120_c15,blur_resize,fixed,0.9,0.25,0,0,4,0,0.0,colour
AOI_2_Vegas_img3832,AOI_2_Vegas,AOI_2_Vegas:-11521:3614,test,colour-r120_c15,blur_resize,fixed,1.2,0.25,0,0,4,0,0.0,colour
AOI_2_Vegas_img3832,AOI_2_Vegas,AOI_2_Vegas:-11521:3614,test,colour-r120_c15,blur_resize,fixed,1.8,0.25,0,0,4,0,0.0,colour
AOI_2_Vegas_img3832,AOI_2_Vegas,AOI_2_Vegas:-11521:3614,test,colour-r120_c15,blur_resize,fixed,2.4,0.25,0,0,4,0,0.0,colour
AOI_2_Vegas_img3832,AOI_2_Vegas,AOI_2_Vegas:-11521:3614,test,colour-r120_c15,blur_resize,fixed,3.6,0.25,0,0,4,0,0.0,colour
AOI_2_Vegas_img3832,AOI_2_Vegas,AOI_2_Vegas:-11521:3614,test,colour-r120_c15,blur_resize,fixed,5.0,0.25,0,0,4,0,0.0,colour
AOI_2_Vegas_img3832,AOI_2_Vegas,AOI_2_Vegas:-11521:3614,test,colour-r120_c15,blur_resize,fixed,10.0,0.25,0,0,4,0,0.0,colour
AOI_2_Vegas_img3849,AOI_2_Vegas,AOI_2_Vegas:-11521:3617,test,colour-r120_c15,blur_resize,fixed,0.3,0.25,0,0,88,0,0.0,colour
AOI_2_Vegas_img3849,AOI_2_Vegas,AOI_2_Vegas:-11521:3617,test,colour-r120_c15,blur_resize,fixed,0.45,0.25,0,0,88,0,0.0,colour
AOI_2_Vegas_img3849,AOI_2_Vegas,AOI_2_Vegas:-11521:3617,test,colour-r120_c15,blur_resize,fixed,0.6,0.25,0,0,88,0,0.0,colour
AOI_2_Vegas_img3849,AOI_2_Vegas,AOI_2_Vegas:-11521:3617,test,colour-r120_c15,blur_resize,fixed,0.9,0.25,0,0,88,0,0.0,colour
AOI_2_Vegas_img3849,AOI_2_Vegas,AOI_2_Vegas:-11521:3617,test,colour-r120_c15,blur_resize,fixed,1.2,0.25,0,0,88,0,0.0,colour
AOI_2_Vegas_img3849,AOI_2_Vegas,AOI_2_Vegas:-11521:3617,test,colour-r120_c15,blur_resize,fixed,1.8,0.25,0,0,88,0,0.0,colour
AOI_2_Vegas_img3849,AOI_2_Vegas,AOI_2_Vegas:-11521:3617,test,colour-r120_c15,blur_resize,fixed,2.4,0.25,0,0,88,0,0.0,colour
AOI_2_Vegas_img3849,AOI_2_Vegas,AOI_2_Vegas:-11521:3617,test,colour-r120_c15,blur_resize,fixed,3.6,0.25,0,0,88,0,0.0,colour
AOI_2_Vegas_img3849,AOI_2_Vegas,AOI_2_Vegas:-11521:3617,test,colour-r120_c15,blur_resize,fixed,5.0,0.25,0,0,88,0,0.0,colour
AOI_2_Vegas_img3849,AOI_2_Vegas,AOI_2_Vegas:-11521:3617,test,colour-r120_c15,blur_resize,fixed,10.0,0.25,0,0,88,0,0.0,colour
AOI_2_Vegas_img3856,AOI_2_Vegas,AOI_2_Vegas:-11521:3618,test,colour-r120_c15,blur_resize,fixed,0.3,0.25,0,0,13,0,0.0,colour
AOI_2_Vegas_img3856,AOI_2_Vegas,AOI_2_Vegas:-11521:3618,test,colour-r120_c15,blur_resize,fixed,0.45,0.25,0,0,13,0,0.0,colour
AOI_2_Vegas_img3856,AOI_2_Vegas,AOI_2_Vegas:-11521:3618,test,colour-r120_c15,blur_resize,fixed,0.6,0.25,0,0,13,0,0.0,colour
AOI_2_Vegas_img3856,AOI_2_Vegas,AOI_2_Vegas:-11521:3618,test,colour-r120_c15,blur_resize,fixed,0.9,0.25,0,0,13,0,0.0,colour
AOI_2_Vegas_img3856,AOI_2_Vegas,AOI_2_Vegas:-11521:3618,test,colour-r120_c15,blur_resize,fixed,1.2,0.25,0,0,13,0,0.0,colour
AOI_2_Vegas_img3856,AOI_2_Vegas,AOI_2_Vegas:-11521:3618,test,colour-r120_c15,blur_resize,fixed,1.8,0.25,0,0,13,0,0.0,colour
AOI_2_Vegas_img3856,AOI_2_Vegas,AOI_2_Vegas:-11521:3618,test,colour-r120_c15,blur_resize,fixed,2.4,0.25,0,0,13,0,0.0,colour
AOI_2_Vegas_img3856,AOI_2_Vegas,AOI_2_Vegas:-11521:3618,test,colour-r120_c15,blur_resize,fixed,3.6,0.25,0,0,13,0,0.0,colour
AOI_2_Vegas_img3856,AOI_2_Vegas,AOI_2_Vegas:-11521:3618,test,colour-r120_c15,blur_resize,fixed,5.0,0.25,0,0,13,0,0.0,colour
AOI_2_Vegas_img3856,AOI_2_Vegas,AOI_2_Vegas:-11521:3618,test,colour-r120_c15,blur_resize,fixed,10.0,0.25,0,0,13,0,0.0,colour
AOI_2_Vegas_img3857,AOI_2_Vegas,AOI_2_Vegas:-11521:3619,test,colour-r120_c15,blur_resize,fixed,0.3,0.25,2,36,36,0,0.25,colour
AOI_2_Vegas_img3857,AOI_2_Vegas,AOI_2_Vegas:-11521:3619,test,colour-r120_c15,blur_resize,fixed,0.45,0.25,2,29,36,0,0.35,colour
AOI_2_Vegas_img3857,AOI_2_Vegas,AOI_2_Vegas:-11521:3619,test,colour-r120_c15,blur_resize,fixed,0.6,0.25,2,44,36,0,0.15,colour
AOI_2_Vegas_img3857,AOI_2_Vegas,AOI_2_Vegas:-11521:3619,test,colour-r120_c15,blur_resize,fixed,0.9,0.25,2,18,36,0,0.25,colour
AOI_2_Vegas_img3857,AOI_2_Vegas,AOI_2_Vegas:-11521:3619,test,colour-r120_c15,blur_resize,fixed,1.2,0.25,2,22,36,0,0.35,colour
AOI_2_Vegas_img3857,AOI_2_Vegas,AOI_2_Vegas:-11521:3619,test,colour-r120_c15,blur_resize,fixed,1.8,0.25,1,29,36,0,0.35,colour
AOI_2_Vegas_img3857,AOI_2_Vegas,AOI_2_Vegas:-11521:3619,test,colour-r120_c15,blur_resize,fixed,2.4,0.25,1,23,36,0,0.2,colour
AOI_2_Vegas_img3857,AOI_2_Vegas,AOI_2_Vegas:-11521:3619,test,colour-r120_c15,blur_resize,fixed,3.6,0.25,1,20,36,0,0.3,colour
AOI_2_Vegas_img3857,AOI_2_Vegas,AOI_2_Vegas:-11521:3619,test,colour-r120_c15,blur_resize,fixed,5.0,0.25,0,22,36,0,0.2,colour
AOI_2_Vegas_img3857,AOI_2_Vegas,AOI_2_Vegas:-11521:3619,test,colour-r120_c15,blur_resize,fixed,10.0,0.25,0,5,36,0,0.0,colour
AOI_2_Vegas_img3858,AOI_2_Vegas,AOI_2_Vegas:-11521:3619,test,colour-r120_c15,blur_resize,fixed,0.3,0.25,1,2,21,0,0.1,colour
AOI_2_Vegas_img3858,AOI_2_Vegas,AOI_2_Vegas:-11521:3619,test,colour-r120_c15,blur_resize,fixed,0.45,0.25,1,3,21,0,0.0,colour
AOI_2_Vegas_img3858,AOI_2_Vegas,AOI_2_Vegas:-11521:3619,test,colour-r120_c15,blur_resize,fixed,0.6,0.25,1,2,21,0,0.0,colour
AOI_2_Vegas_img3858,AOI_2_Vegas,AOI_2_Vegas:-11521:3619,test,colour-r120_c15,blur_resize,fixed,0.9,0.25,1,1,21,0,0.0,colour
AOI_2_Vegas_img3858,AOI_2_Vegas,AOI_2_Vegas:-11521:3619,test,colour-r120_c15,blur_resize,fixed,1.2,0.25,1,1,21,0,0.0,colour
AOI_2_Vegas_img3858,AOI_2_Vegas,AOI_2_Vegas:-11521:3619,test,colour-r120_c15,blur_resize,fixed,1.8,0.25,1,1,21,0,0.0,colour
AOI_2_Vegas_img3858,AOI_2_Vegas,AOI_2_Vegas:-11521:3619,test,colour-r120_c15,blur_resize,fixed,2.4,0.25,1,2,21,0,0.1,colour
AOI_2_Vegas_img3858,AOI_2_Vegas,AOI_2_Vegas:-11521:3619,test,colour-r120_c15,blur_resize,fixed,3.6,0.25,0,4,21,0,0.05,colour
AOI_2_Vegas_img3858,AOI_2_Vegas,AOI_2_Vegas:-11521:3619,test,colour-r120_c15,blur_resize,fixed,5.0,0.25,0,2,21,0,0.05,colour
AOI_2_Vegas_img3858,AOI_2_Vegas,AOI_2_Vegas:-11521:3619,test,colour-r120_c15,blur_resize,fixed,10.0,0.25,0,0,21,0,0.0,colour
AOI_2_Vegas_img386,AOI_2_Vegas,AOI_2_Vegas:-11530:3621,test,colour-r120_c15,blur_resize,fixed,0.3,0.25,0,15,34,0,0.0,colour
AOI_2_Vegas_img386,AOI_2_Vegas,AOI_2_Vegas:-11530:3621,test,colour-r120_c15,blur_resize,fixed,0.45,0.25,0,15,34,0,0.0,colour
AOI_2_Vegas_img386,AOI_2_Vegas,AOI_2_Vegas:-11530:3621,test,colour-r120_c15,blur_resize,fixed,0.6,0.25,0,13,34,0,0.0,colour
AOI_2_Vegas_img386,AOI_2_Vegas,AOI_2_Vegas:-11530:3621,test,colour-r120_c15,blur_resize,fixed,0.9,0.25,0,8,34,0,0.0,colour
AOI_2_Vegas_img386,AOI_2_Vegas,AOI_2_Vegas:-11530:3621,test,colour-r120_c15,blur_resize,fixed,1.2,0.25,0,9,34,0,0.0,colour
AOI_2_Vegas_img386,AOI_2_Vegas,AOI_2_Vegas:-11530:3621,test,colour-r120_c15,blur_resize,fixed,1.8,0.25,0,10,34,0,0.0,colour
AOI_2_Vegas_img386,AOI_2_Vegas,AOI_2_Vegas:-11530:3621,test,colour-r120_c15,blur_resize,fixed,2.4,0.25,0,4,34,0,0.0,colour
AOI_2_Vegas_img386,AOI_2_Vegas,AOI_2_Vegas:-11530:3621,test,colour-r120_c15,blur_resize,fixed,3.6,0.25,0,0,34,0,0.0,colour
AOI_2_Vegas_img386,AOI_2_Vegas,AOI_2_Vegas:-11530:3621,test,colour-r120_c15,blur_resize,fixed,5.0,0.25,0,0,34,0,0.0,colour
AOI_2_Vegas_img386,AOI_2_Vegas,AOI_2_Vegas:-11530:3621,test,colour-r120_c15,blur_resize,fixed,10.0,0.25,0,0,34,0,0.0,colour
AOI_2_Vegas_img3864,AOI_2_Vegas,AOI_2_Vegas:-11521:3620,test,colour-r120_c15,blur_resize,fixed,0.3,0.25,0,0,36,0,0.0,colour
AOI_2_Vegas_img3864,AOI_2_Vegas,AOI_2_Vegas:-11521:3620,test,colour-r120_c15,blur_resize,fixed,0.45,0.25,0,0,36,0,0.0,colour
AOI_2_Vegas_img3864,AOI_2_Vegas,AOI_2_Vegas:-11521:3620,test,colour-r120_c15,blur_resize,fixed,0.6,0.25,0,0,36,0,0.0,colour
AOI_2_Vegas_img3864,AOI_2_Vegas,AOI_2_Vegas:-11521:3620,test,colour-r120_c15,blur_resize,fixed,0.9,0.25,0,0,36,0,0.0,colour
AOI_2_Vegas_img3864,AOI_2_Vegas,AOI_2_Vegas:-11521:3620,test,colour-r120_c15,blur_resize,fixed,1.2,0.25,0,0,36,0,0.0,colour
AOI_2_Vegas_img3864,AOI_2_Vegas,AOI_2_Vegas:-11521:3620,test,colour-r120_c15,blur_resize,fixed,1.8,0.25,0,0,36,0,0.0,colour
AOI_2_Vegas_img3864,AOI_2_Vegas,AOI_2_Vegas:-11521:3620,test,colour-r120_c15,blur_resize,fixed,2.4,0.25,0,0,36,0,0.0,colour
AOI_2_Vegas_img3864,AOI_2_Vegas,AOI_2_Vegas:-11521:3620,test,colour-r120_c15,blur_resize,fixed,3.6,0.25,0,0,36,0,0.0,colour
AOI_2_Vegas_img3864,AOI_2_Vegas,AOI_2_Vegas:-11521:3620,test,colour-r120_c15,blur_resize,fixed,5.0,0.25,0,0,36,0,0.0,colour
AOI_2_Vegas_img3864,AOI_2_Vegas,AOI_2_Vegas:-11521:3620,test,colour-r120_c15,blur_resize,fixed,10.0,0.25,0,0,36,0,0.0,colour
AOI_2_Vegas_img3886,AOI_2_Vegas,AOI_2_Vegas:-11521:3624,test,colour-r120_c15,blur_resize,fixed,0.3,0.25,0,0,30,0,0.0,colour
AOI_2_Vegas_img3886,AOI_2_Vegas,AOI_2_Vegas:-11521:3624,test,colour-r120_c15,blur_resize,fixed,0.45,0.25,0,0,30,0,0.0,colour
AOI_2_Vegas_img3886,AOI_2_Vegas,AOI_2_Vegas:-11521:3624,test,colour-r120_c15,blur_resize,fixed,0.6,0.25,0,0,30,0,0.0,colour
AOI_2_Vegas_img3886,AOI_2_Vegas,AOI_2_Vegas:-11521:3624,test,colour-r120_c15,blur_resize,fixed,0.9,0.25,0,0,30,0,0.0,colour
AOI_2_Vegas_img3886,AOI_2_Vegas,AOI_2_Vegas:-11521:3624,test,colour-r120_c15,blur_resize,fixed,1.2,0.25,0,0,30,0,0.0,colour
AOI_2_Vegas_img3886,AOI_2_Vegas,AOI_2_Vegas:-11521:3624,test,colour-r120_c15,blur_resize,fixed,1.8,0.25,0,0,30,0,0.0,colour
AOI_2_Vegas_img3886,AOI_2_Vegas,AOI_2_Vegas:-11521:3624,test,colour-r120_c15,blur_resize,fixed,2.4,0.25,0,0,30,0,0.0,colour
AOI_2_Vegas_img3886,AOI_2_Vegas,AOI_2_Vegas:-11521:3624,test,colour-r120_c15,blur_resize,fixed,3.6,0.25,0,0,30,0,0.0,colour
AOI_2_Vegas_img3886,AOI_2_Vegas,AOI_2_Vegas:-11521:3624,test,colour-r120_c15,blur_resize,fixed,5.0,0.25,0,0,30,0,0.0,colour
AOI_2_Vegas_img3886,AOI_2_Vegas,AOI_2_Vegas:-11521:3624,test,colour-r120_c15,blur_resize,fixed,10.0,0.25,0,0,30,0,0.0,colour
AOI_2_Vegas_img3920,AOI_2_Vegas,AOI_2_Vegas:-11521:3616,test,colour-r120_c15,blur_resize,fixed,0.3,0.25,0,0,13,0,0.0,colour
AOI_2_Vegas_img3920,AOI_2_Vegas,AOI_2_Vegas:-11521:3616,test,colour-r120_c15,blur_resize,fixed,0.45,0.25,0,0,13,0,0.0,colour
AOI_2_Vegas_img3920,AOI_2_Vegas,AOI_2_Vegas:-11521:3616,test,colour-r120_c15,blur_resize,fixed,0.6,0.25,0,0,13,0,0.0,colour
AOI_2_Vegas_img3920,AOI_2_Vegas,AOI_2_Vegas:-11521:3616,test,colour-r120_c15,blur_resize,fixed,0.9,0.25,0,0,13,0,0.0,colour
AOI_2_Vegas_img3920,AOI_2_Vegas,AOI_2_Vegas:-11521:3616,test,colour-r120_c15,blur_resize,fixed,1.2,0.25,0,0,13,0,0.0,colour
AOI_2_Vegas_img3920,AOI_2_Vegas,AOI_2_Vegas:-11521:3616,test,colour-r120_c15,blur_resize,fixed,1.8,0.25,0,0,13,0,0.0,colour
AOI_2_Vegas_img3920,AOI_2_Vegas,AOI_2_Vegas:-11521:3616,test,colour-r120_c15,blur_resize,fixed,2.4,0.25,0,0,13,0,0.0,colour
AOI_2_Vegas_img3920,AOI_2_Vegas,AOI_2_Vegas:-11521:3616,test,colour-r120_c15,blur_resize,fixed,3.6,0.25,0,0,13,0,0.0,colour
AOI_2_Vegas_img3920,AOI_2_Vegas,AOI_2_Vegas:-11521:3616,test,colour-r120_c15,blur_resize,fixed,5.0,0.25,0,0,13,0,0.0,colour
AOI_2_Vegas_img3920,AOI_2_Vegas,AOI_2_Vegas:-11521:3616,test,colour-r120_c15,blur_resize,fixed,10.0,0.25,0,0,13,0,0.0,colour
AOI_2_Vegas_img3949,AOI_2_Vegas,AOI_2_Vegas:-11521:3621,test,colour-r120_c15,blur_resize,fixed,0.3,0.25,0,0,10,0,0.0,colour
AOI_2_Vegas_img3949,AOI_2_Vegas,AOI_2_Vegas:-11521:3621,test,colour-r120_c15,blur_resize,fixed,0.45,0.25,0,0,10,0,0.0,colour
AOI_2_Vegas_img3949,AOI_2_Vegas,AOI_2_Vegas:-11521:3621,test,colour-r120_c15,blur_resize,fixed,0.6,0.25,0,0,10,0,0.0,colour
AOI_2_Vegas_img3949,AOI_2_Vegas,AOI_2_Vegas:-11521:3621,test,colour-r120_c15,blur_resize,fixed,0.9,0.25,0,0,10,0,0.0,colour
AOI_2_Vegas_img3949,AOI_2_Vegas,AOI_2_Vegas:-11521:3621,test,colour-r120_c15,blur_resize,fixed,1.2,0.25,0,0,10,0,0.0,colour
AOI_2_Vegas_img3949,AOI_2_Vegas,AOI_2_Vegas:-11521:3621,test,colour-r120_c15,blur_resize,fixed,1.8,0.25,0,0,10,0,0.0,colour
AOI_2_Vegas_img3949,AOI_2_Vegas,AOI_2_Vegas:-11521:3621,test,colour-r120_c15,blur_resize,fixed,2.4,0.25,0,0,10,0,0.0,colour
AOI_2_Vegas_img3949,AOI_2_Vegas,AOI_2_Vegas:-11521:3621,test,colour-r120_c15,blur_resize,fixed,3.6,0.25,0,0,10,0,0.0,colour
AOI_2_Vegas_img3949,AOI_2_Vegas,AOI_2_Vegas:-11521:3621,test,colour-r120_c15,blur_resize,fixed,5.0,0.25,0,0,10,0,0.0,colour
AOI_2_Vegas_img3949,AOI_2_Vegas,AOI_2_Vegas:-11521:3621,test,colour-r120_c15,blur_resize,fixed,10.0,0.25,0,0,10,0,0.0,colour
AOI_2_Vegas_img3961,AOI_2_Vegas,AOI_2_Vegas:-11521:3623,test,colour-r120_c15,blur_resize,fixed,0.3,0.25,0,0,35,0,0.0,colour
AOI_2_Vegas_img3961,AOI_2_Vegas,AOI_2_Vegas:-11521:3623,test,colour-r120_c15,blur_resize,fixed,0.45,0.25,0,0,35,0,0.0,colour
AOI_2_Vegas_img3961,AOI_2_Vegas,AOI_2_Vegas:-11521:3623,test,colour-r120_c15,blur_resize,fixed,0.6,0.25,0,0,35,0,0.0,colour
AOI_2_Vegas_img3961,AOI_2_Vegas,AOI_2_Vegas:-11521:3623,test,colour-r120_c15,blur_resize,fixed,0.9,0.25,0,0,35,0,0.0,colour
AOI_2_Vegas_img3961,AOI_2_Vegas,AOI_2_Vegas:-11521:3623,test,colour-r120_c15,blur_resize,fixed,1.2,0.25,0,0,35,0,0.0,colour
AOI_2_Vegas_img3961,AOI_2_Vegas,AOI_2_Vegas:-11521:3623,test,colour-r120_c15,blur_resize,fixed,1.8,0.25,0,0,35,0,0.0,colour
AOI_2_Vegas_img3961,AOI_2_Vegas,AOI_2_Vegas:-11521:3623,test,colour-r120_c15,blur_resize,fixed,2.4,0.25,0,0,35,0,0.0,colour
AOI_2_Vegas_img3961,AOI_2_Vegas,AOI_2_Vegas:-11521:3623,test,colour-r120_c15,blur_resize,fixed,3.6,0.25,0,0,35,0,0.0,colour
AOI_2_Vegas_img3961,AOI_2_Vegas,AOI_2_Vegas:-11521:3623,test,colour-r120_c15,blur_resize,fixed,5.0,0.25,0,0,35,0,0.0,colour
AOI_2_Vegas_img3961,AOI_2_Vegas,AOI_2_Vegas:-11521:3623,test,colour-r120_c15,blur_resize,fixed,10.0,0.25,0,0,35,0,0.0,colour
AOI_2_Vegas_img3962,AOI_2_Vegas,AOI_2_Vegas:-11521:3623,test,colour-r120_c15,blur_resize,fixed,0.3,0.25,0,0,51,0,0.0,colour
AOI_2_Vegas_img3962,AOI_2_Vegas,AOI_2_Vegas:-11521:3623,test,colour-r120_c15,blur_resize,fixed,0.45,0.25,0,0,51,0,0.0,colour
AOI_2_Vegas_img3962,AOI_2_Vegas,AOI_2_Vegas:-11521:3623,test,colour-r120_c15,blur_resize,fixed,0.6,0.25,0,0,51,0,0.0,colour
AOI_2_Vegas_img3962,AOI_2_Vegas,AOI_2_Vegas:-11521:3623,test,colour-r120_c15,blur_resize,fixed,0.9,0.25,0,0,51,0,0.0,colour
AOI_2_Vegas_img3962,AOI_2_Vegas,AOI_2_Vegas:-11521:3623,test,colour-r120_c15,blur_resize,fixed,1.2,0.25,0,0,51,0,0.0,colour
AOI_2_Vegas_img3962,AOI_2_Vegas,AOI_2_Vegas:-11521:3623,test,colour-r120_c15,blur_resize,fixed,1.8,0.25,0,0,51,0,0.0,colour
AOI_2_Vegas_img3962,AOI_2_Vegas,AOI_2_Vegas:-11521:3623,test,colour-r120_c15,blur_resize,fixed,2.4,0.25,0,0,51,0,0.0,colour
AOI_2_Vegas_img3962,AOI_2_Vegas,AOI_2_Vegas:-11521:3623,test,colour-r120_c15,blur_resize,fixed,3.6,0.25,0,0,51,0,0.0,colour
AOI_2_Vegas_img3962,AOI_2_Vegas,AOI_2_Vegas:-11521:3623,test,colour-r120_c15,blur_resize,fixed,5.0,0.25,0,0,51,0,0.0,colour
AOI_2_Vegas_img3962,AOI_2_Vegas,AOI_2_Vegas:-11521:3623,test,colour-r120_c15,blur_resize,fixed,10.0,0.25,0,0,51,0,0.0,colour
AOI_2_Vegas_img3990,AOI_2_Vegas,AOI_2_Vegas:-11521:3614,test,colour-r120_c15,blur_resize,fixed,0.3,0.25,0,0,2,0,0.0,colour
AOI_2_Vegas_img3990,AOI_2_Vegas,AOI_2_Vegas:-11521:3614,test,colour-r120_c15,blur_resize,fixed,0.45,0.25,0,0,2,0,0.0,colour
AOI_2_Vegas_img3990,AOI_2_Vegas,AOI_2_Vegas:-11521:3614,test,colour-r120_c15,blur_resize,fixed,0.6,0.25,0,0,2,0,0.0,colour
AOI_2_Vegas_img3990,AOI_2_Vegas,AOI_2_Vegas:-11521:3614,test,colour-r120_c15,blur_resize,fixed,0.9,0.25,0,0,2,0,0.0,colour
AOI_2_Vegas_img3990,AOI_2_Vegas,AOI_2_Vegas:-11521:3614,test,colour-r120_c15,blur_resize,fixed,1.2,0.25,0,0,2,0,0.0,colour
AOI_2_Vegas_img3990,AOI_2_Vegas,AOI_2_Vegas:-11521:3614,test,colour-r120_c15,blur_resize,fixed,1.8,0.25,0,0,2,0,0.0,colour
AOI_2_Vegas_img3990,AOI_2_Vegas,AOI_2_Vegas:-11521:3614,test,colour-r120_c15,blur_resize,fixed,2.4,0.25,0,0,2,0,0.0,colour
AOI_2_Vegas_img3990,AOI_2_Vegas,AOI_2_Vegas:-11521:3614,test,colour-r120_c15,blur_resize,fixed,3.6,0.25,0,0,2,0,0.0,colour
AOI_2_Vegas_img3990,AOI_2_Vegas,AOI_2_Vegas:-11521:3614,test,colour-r120_c15,blur_resize,fixed,5.0,0.25,0,0,2,0,0.0,colour
AOI_2_Vegas_img3990,AOI_2_Vegas,AOI_2_Vegas:-11521:3614,test,colour-r120_c15,blur_resize,fixed,10.0,0.25,0,0,2,0,0.0,colour
AOI_2_Vegas_img400,AOI_2_Vegas,AOI_2_Vegas:-11530:3613,test,colour-r120_c15,blur_resize,fixed,0.3,0.25,0,37,58,0,0.0,colour
AOI_2_Vegas_img400,AOI_2_Vegas,AOI_2_Vegas:-11530:3613,test,colour-r120_c15,blur_resize,fixed,0.45,0.25,0,25,58,0,0.15,colour
AOI_2_Vegas_img400,AOI_2_Vegas,AOI_2_Vegas:-11530:3613,test,colour-r120_c15,blur_resize,fixed,0.6,0.25,0,34,58,0,0.0,colour
AOI_2_Vegas_img400,AOI_2_Vegas,AOI_2_Vegas:-11530:3613,test,colour-r120_c15,blur_resize,fixed,0.9,0.25,0,35,58,0,0.05,colour
AOI_2_Vegas_img400,AOI_2_Vegas,AOI_2_Vegas:-11530:3613,test,colour-r120_c15,blur_resize,fixed,1.2,0.25,0,20,58,0,0.0,colour
AOI_2_Vegas_img400,AOI_2_Vegas,AOI_2_Vegas:-11530:3613,test,colour-r120_c15,blur_resize,fixed,1.8,0.25,0,27,58,0,0.05,colour
AOI_2_Vegas_img400,AOI_2_Vegas,AOI_2_Vegas:-11530:3613,test,colour-r120_c15,blur_resize,fixed,2.4,0.25,0,18,58,0,0.0,colour
AOI_2_Vegas_img400,AOI_2_Vegas,AOI_2_Vegas:-11530:3613,test,colour-r120_c15,blur_resize,fixed,3.6,0.25,0,6,58,0,0.0,colour
AOI_2_Vegas_img400,AOI_2_Vegas,AOI_2_Vegas:-11530:3613,test,colour-r120_c15,blur_resize,fixed,5.0,0.25,0,0,58,0,0.0,colour
AOI_2_Vegas_img400,AOI_2_Vegas,AOI_2_Vegas:-11530:3613,test,colour-r120_c15,blur_resize,fixed,10.0,0.25,0,0,58,0,0.0,colour
AOI_2_Vegas_img4008,AOI_2_Vegas,AOI_2_Vegas:-11521:3617,test,colour-r120_c15,blur_resize,fixed,0.3,0.25,0,0,4,0,0.0,colour
AOI_2_Vegas_img4008,AOI_2_Vegas,AOI_2_Vegas:-11521:3617,test,colour-r120_c15,blur_resize,fixed,0.45,0.25,0,0,4,0,0.0,colour
AOI_2_Vegas_img4008,AOI_2_Vegas,AOI_2_Vegas:-11521:3617,test,colour-r120_c15,blur_resize,fixed,0.6,0.25,0,0,4,0,0.0,colour
AOI_2_Vegas_img4008,AOI_2_Vegas,AOI_2_Vegas:-11521:3617,test,colour-r120_c15,blur_resize,fixed,0.9,0.25,0,0,4,0,0.0,colour
AOI_2_Vegas_img4008,AOI_2_Vegas,AOI_2_Vegas:-11521:3617,test,colour-r120_c15,blur_resize,fixed,1.2,0.25,0,0,4,0,0.0,colour
AOI_2_Vegas_img4008,AOI_2_Vegas,AOI_2_Vegas:-11521:3617,test,colour-r120_c15,blur_resize,fixed,1.8,0.25,0,0,4,0,0.0,colour
AOI_2_Vegas_img4008,AOI_2_Vegas,AOI_2_Vegas:-11521:3617,test,colour-r120_c15,blur_resize,fixed,2.4,0.25,0,0,4,0,0.0,colour
AOI_2_Vegas_img4008,AOI_2_Vegas,AOI_2_Vegas:-11521:3617,test,colour-r120_c15,blur_resize,fixed,3.6,0.25,0,0,4,0,0.0,colour
AOI_2_Vegas_img4008,AOI_2_Vegas,AOI_2_Vegas:-11521:3617,test,colour-r120_c15,blur_resize,fixed,5.0,0.25,0,0,4,0,0.0,colour
AOI_2_Vegas_img4008,AOI_2_Vegas,AOI_2_Vegas:-11521:3617,test,colour-r120_c15,blur_resize,fixed,10.0,0.25,0,0,4,0,0.0,colour
AOI_2_Vegas_img4012,AOI_2_Vegas,AOI_2_Vegas:-11521:3618,test,colour-r120_c15,blur_resize,fixed,0.3,0.25,0,0,0,0,0.0,colour
AOI_2_Vegas_img4012,AOI_2_Vegas,AOI_2_Vegas:-11521:3618,test,colour-r120_c15,blur_resize,fixed,0.45,0.25,0,0,0,0,0.0,colour
AOI_2_Vegas_img4012,AOI_2_Vegas,AOI_2_Vegas:-11521:3618,test,colour-r120_c15,blur_resize,fixed,0.6,0.25,0,0,0,0,0.0,colour
AOI_2_Vegas_img4012,AOI_2_Vegas,AOI_2_Vegas:-11521:3618,test,colour-r120_c15,blur_resize,fixed,0.9,0.25,0,0,0,0,0.0,colour
AOI_2_Vegas_img4012,AOI_2_Vegas,AOI_2_Vegas:-11521:3618,test,colour-r120_c15,blur_resize,fixed,1.2,0.25,0,0,0,0,0.0,colour
AOI_2_Vegas_img4012,AOI_2_Vegas,AOI_2_Vegas:-11521:3618,test,colour-r120_c15,blur_resize,fixed,1.8,0.25,0,0,0,0,0.0,colour
AOI_2_Vegas_img4012,AOI_2_Vegas,AOI_2_Vegas:-11521:3618,test,colour-r120_c15,blur_resize,fixed,2.4,0.25,0,0,0,0,0.0,colour
AOI_2_Vegas_img4012,AOI_2_Vegas,AOI_2_Vegas:-11521:3618,test,colour-r120_c15,blur_resize,fixed,3.6,0.25,0,0,0,0,0.0,colour
AOI_2_Vegas_img4012,AOI_2_Vegas,AOI_2_Vegas:-11521:3618,test,colour-r120_c15,blur_resize,fixed,5.0,0.25,0,0,0,0,0.0,colour
AOI_2_Vegas_img4012,AOI_2_Vegas,AOI_2_Vegas:-11521:3618,test,colour-r120_c15,blur_resize,fixed,10.0,0.25,0,0,0,0,0.0,colour
AOI_2_Vegas_img4113,AOI_2_Vegas,AOI_2_Vegas:-11521:3622,test,colour-r120_c15,blur_resize,fixed,0.3,0.25,0,0,41,0,0.0,colour
AOI_2_Vegas_img4113,AOI_2_Vegas,AOI_2_Vegas:-11521:3622,test,colour-r120_c15,blur_resize,fixed,0.45,0.25,0,0,41,0,0.0,colour
AOI_2_Vegas_img4113,AOI_2_Vegas,AOI_2_Vegas:-11521:3622,test,colour-r120_c15,blur_resize,fixed,0.6,0.25,0,0,41,0,0.0,colour
AOI_2_Vegas_img4113,AOI_2_Vegas,AOI_2_Vegas:-11521:3622,test,colour-r120_c15,blur_resize,fixed,0.9,0.25,0,0,41,0,0.0,colour
AOI_2_Vegas_img4113,AOI_2_Vegas,AOI_2_Vegas:-11521:3622,test,colour-r120_c15,blur_resize,fixed,1.2,0.25,0,0,41,0,0.0,colour
AOI_2_Vegas_img4113,AOI_2_Vegas,AOI_2_Vegas:-11521:3622,test,colour-r120_c15,blur_resize,fixed,1.8,0.25,0,0,41,0,0.0,colour
AOI_2_Vegas_img4113,AOI_2_Vegas,AOI_2_Vegas:-11521:3622,test,colour-r120_c15,blur_resize,fixed,2.4,0.25,0,0,41,0,0.0,colour
AOI_2_Vegas_img4113,AOI_2_Vegas,AOI_2_Vegas:-11521:3622,test,colour-r120_c15,blur_resize,fixed,3.6,0.25,0,0,41,0,0.0,colour
AOI_2_Vegas_img4113,AOI_2_Vegas,AOI_2_Vegas:-11521:3622,test,colour-r120_c15,blur_resize,fixed,5.0,0.25,0,0,41,0,0.0,colour
AOI_2_Vegas_img4113,AOI_2_Vegas,AOI_2_Vegas:-11521:3622,test,colour-r120_c15,blur_resize,fixed,10.0,0.25,0,0,41,0,0.0,colour
AOI_2_Vegas_img4146,AOI_2_Vegas,AOI_2_Vegas:-11521:3614,test,colour-r120_c15,blur_resize,fixed,0.3,0.25,0,0,66,0,0.0,colour
AOI_2_Vegas_img4146,AOI_2_Vegas,AOI_2_Vegas:-11521:3614,test,colour-r120_c15,blur_resize,fixed,0.45,0.25,0,0,66,0,0.0,colour
AOI_2_Vegas_img4146,AOI_2_Vegas,AOI_2_Vegas:-11521:3614,test,colour-r120_c15,blur_resize,fixed,0.6,0.25,0,0,66,0,0.0,colour
AOI_2_Vegas_img4146,AOI_2_Vegas,AOI_2_Vegas:-11521:3614,test,colour-r120_c15,blur_resize,fixed,0.9,0.25,0,0,66,0,0.0,colour
AOI_2_Vegas_img4146,AOI_2_Vegas,AOI_2_Vegas:-11521:3614,test,colour-r120_c15,blur_resize,fixed,1.2,0.25,0,0,66,0,0.0,colour
AOI_2_Vegas_img4146,AOI_2_Vegas,AOI_2_Vegas:-11521:3614,test,colour-r120_c15,blur_resize,fixed,1.8,0.25,0,0,66,0,0.0,colour
AOI_2_Vegas_img4146,AOI_2_Vegas,AOI_2_Vegas:-11521:3614,test,colour-r120_c15,blur_resize,fixed,2.4,0.25,0,0,66,0,0.0,colour
AOI_2_Vegas_img4146,AOI_2_Vegas,AOI_2_Vegas:-11521:3614,test,colour-r120_c15,blur_resize,fixed,3.6,0.25,0,0,66,0,0.0,colour
AOI_2_Vegas_img4146,AOI_2_Vegas,AOI_2_Vegas:-11521:3614,test,colour-r120_c15,blur_resize,fixed,5.0,0.25,0,0,66,0,0.0,colour
AOI_2_Vegas_img4146,AOI_2_Vegas,AOI_2_Vegas:-11521:3614,test,colour-r120_c15,blur_resize,fixed,10.0,0.25,0,0,66,0,0.0,colour
AOI_2_Vegas_img4155,AOI_2_Vegas,AOI_2_Vegas:-11521:3615,test,colour-r120_c15,blur_resize,fixed,0.3,0.25,0,0,1,0,0.0,colour
AOI_2_Vegas_img4155,AOI_2_Vegas,AOI_2_Vegas:-11521:3615,test,colour-r120_c15,blur_resize,fixed,0.45,0.25,0,0,1,0,0.0,colour
AOI_2_Vegas_img4155,AOI_2_Vegas,AOI_2_Vegas:-11521:3615,test,colour-r120_c15,blur_resize,fixed,0.6,0.25,0,0,1,0,0.0,colour
AOI_2_Vegas_img4155,AOI_2_Vegas,AOI_2_Vegas:-11521:3615,test,colour-r120_c15,blur_resize,fixed,0.9,0.25,0,0,1,0,0.0,colour
AOI_2_Vegas_img4155,AOI_2_Vegas,AOI_2_Vegas:-11521:3615,test,colour-r120_c15,blur_resize,fixed,1.2,0.25,0,0,1,0,0.0,colour
AOI_2_Vegas_img4155,AOI_2_Vegas,AOI_2_Vegas:-11521:3615,test,colour-r120_c15,blur_resize,fixed,1.8,0.25,0,0,1,0,0.0,colour
AOI_2_Vegas_img4155,AOI_2_Vegas,AOI_2_Vegas:-11521:3615,test,colour-r120_c15,blur_resize,fixed,2.4,0.25,0,0,1,0,0.0,colour
AOI_2_Vegas_img4155,AOI_2_Vegas,AOI_2_Vegas:-11521:3615,test,colour-r120_c15,blur_resize,fixed,3.6,0.25,0,0,1,0,0.0,colour
AOI_2_Vegas_img4155,AOI_2_Vegas,AOI_2_Vegas:-11521:3615,test,colour-r120_c15,blur_resize,fixed,5.0,0.25,0,0,1,0,0.0,colour
AOI_2_Vegas_img4155,AOI_2_Vegas,AOI_2_Vegas:-11521:3615,test,colour-r120_c15,blur_resize,fixed,10.0,0.25,0,0,1,0,0.0,colour
AOI_2_Vegas_img416,AOI_2_Vegas,AOI_2_Vegas:-11530:3616,test,colour-r120_c15,blur_resize,fixed,0.3,0.25,0,0,18,0,0.0,colour
AOI_2_Vegas_img416,AOI_2_Vegas,AOI_2_Vegas:-11530:3616,test,colour-r120_c15,blur_resize,fixed,0.45,0.25,0,0,18,0,0.0,colour
AOI_2_Vegas_img416,AOI_2_Vegas,AOI_2_Vegas:-11530:3616,test,colour-r120_c15,blur_resize,fixed,0.6,0.25,0,0,18,0,0.0,colour
AOI_2_Vegas_img416,AOI_2_Vegas,AOI_2_Vegas:-11530:3616,test,colour-r120_c15,blur_resize,fixed,0.9,0.25,0,0,18,0,0.0,colour
AOI_2_Vegas_img416,AOI_2_Vegas,AOI_2_Vegas:-11530:3616,test,colour-r120_c15,blur_resize,fixed,1.2,0.25,0,0,18,0,0.0,colour
AOI_2_Vegas_img416,AOI_2_Vegas,AOI_2_Vegas:-11530:3616,test,colour-r120_c15,blur_resize,fixed,1.8,0.25,0,0,18,0,0.0,colour
AOI_2_Vegas_img416,AOI_2_Vegas,AOI_2_Vegas:-11530:3616,test,colour-r120_c15,blur_resize,fixed,2.4,0.25,0,0,18,0,0.0,colour
AOI_2_Vegas_img416,AOI_2_Vegas,AOI_2_Vegas:-11530:3616,test,colour-r120_c15,blur_resize,fixed,3.6,0.25,0,0,18,0,0.0,colour
AOI_2_Vegas_img416,AOI_2_Vegas,AOI_2_Vegas:-11530:3616,test,colour-r120_c15,blur_resize,fixed,5.0,0.25,0,0,18,0,0.0,colour
AOI_2_Vegas_img416,AOI_2_Vegas,AOI_2_Vegas:-11530:3616,test,colour-r120_c15,blur_resize,fixed,10.0,0.25,0,0,18,0,0.0,colour
AOI_2_Vegas_img4169,AOI_2_Vegas,AOI_2_Vegas:-11521:3618,test,colour-r120_c15,blur_resize,fixed,0.3,0.25,0,0,0,0,0.0,colour
AOI_2_Vegas_img4169,AOI_2_Vegas,AOI_2_Vegas:-11521:3618,test,colour-r120_c15,blur_resize,fixed,0.45,0.25,0,0,0,0,0.0,colour
AOI_2_Vegas_img4169,AOI_2_Vegas,AOI_2_Vegas:-11521:3618,test,colour-r120_c15,blur_resize,fixed,0.6,0.25,0,0,0,0,0.0,colour
AOI_2_Vegas_img4169,AOI_2_Vegas,AOI_2_Vegas:-11521:3618,test,colour-r120_c15,blur_resize,fixed,0.9,0.25,0,0,0,0,0.0,colour
AOI_2_Vegas_img4169,AOI_2_Vegas,AOI_2_Vegas:-11521:3618,test,colour-r120_c15,blur_resize,fixed,1.2,0.25,0,0,0,0,0.0,colour
AOI_2_Vegas_img4169,AOI_2_Vegas,AOI_2_Vegas:-11521:3618,test,colour-r120_c15,blur_resize,fixed,1.8,0.25,0,0,0,0,0.0,colour
AOI_2_Vegas_img4169,AOI_2_Vegas,AOI_2_Vegas:-11521:3618,test,colour-r120_c15,blur_resize,fixed,2.4,0.25,0,0,0,0,0.0,colour
AOI_2_Vegas_img4169,AOI_2_Vegas,AOI_2_Vegas:-11521:3618,test,colour-r120_c15,blur_resize,fixed,3.6,0.25,0,0,0,0,0.0,colour
AOI_2_Vegas_img4169,AOI_2_Vegas,AOI_2_Vegas:-11521:3618,test,colour-r120_c15,blur_resize,fixed,5.0,0.25,0,0,0,0,0.0,colour
AOI_2_Vegas_img4169,AOI_2_Vegas,AOI_2_Vegas:-11521:3618,test,colour-r120_c15,blur_resize,fixed,10.0,0.25,0,0,0,0,0.0,colour
AOI_2_Vegas_img4176,AOI_2_Vegas,AOI_2_Vegas:-11521:3619,test,colour-r120_c15,blur_resize,fixed,0.3,0.25,0,0,63,0,0.0,colour
AOI_2_Vegas_img4176,AOI_2_Vegas,AOI_2_Vegas:-11521:3619,test,colour-r120_c15,blur_resize,fixed,0.45,0.25,0,0,63,0,0.0,colour
AOI_2_Vegas_img4176,AOI_2_Vegas,AOI_2_Vegas:-11521:3619,test,colour-r120_c15,blur_resize,fixed,0.6,0.25,0,0,63,0,0.0,colour
AOI_2_Vegas_img4176,AOI_2_Vegas,AOI_2_Vegas:-11521:3619,test,colour-r120_c15,blur_resize,fixed,0.9,0.25,0,0,63,0,0.0,colour
AOI_2_Vegas_img4176,AOI_2_Vegas,AOI_2_Vegas:-11521:3619,test,colour-r120_c15,blur_resize,fixed,1.2,0.25,0,0,63,0,0.0,colour
AOI_2_Vegas_img4176,AOI_2_Vegas,AOI_2_Vegas:-11521:3619,test,colour-r120_c15,blur_resize,fixed,1.8,0.25,0,0,63,0,0.0,colour
AOI_2_Vegas_img4176,AOI_2_Vegas,AOI_2_Vegas:-11521:3619,test,colour-r120_c15,blur_resize,fixed,2.4,0.25,0,0,63,0,0.0,colour
AOI_2_Vegas_img4176,AOI_2_Vegas,AOI_2_Vegas:-11521:3619,test,colour-r120_c15,blur_resize,fixed,3.6,0.25,0,0,63,0,0.0,colour
AOI_2_Vegas_img4176,AOI_2_Vegas,AOI_2_Vegas:-11521:3619,test,colour-r120_c15,blur_resize,fixed,5.0,0.25,0,0,63,0,0.0,colour
AOI_2_Vegas_img4176,AOI_2_Vegas,AOI_2_Vegas:-11521:3619,test,colour-r120_c15,blur_resize,fixed,10.0,0.25,0,0,63,0,0.0,colour
AOI_2_Vegas_img4187,AOI_2_Vegas,AOI_2_Vegas:-11521:3621,test,colour-r120_c15,blur_resize,fixed,0.3,0.25,0,0,0,0,0.0,colour
AOI_2_Vegas_img4187,AOI_2_Vegas,AOI_2_Vegas:-11521:3621,test,colour-r120_c15,blur_resize,fixed,0.45,0.25,0,0,0,0,0.0,colour
AOI_2_Vegas_img4187,AOI_2_Vegas,AOI_2_Vegas:-11521:3621,test,colour-r120_c15,blur_resize,fixed,0.6,0.25,0,0,0,0,0.0,colour
AOI_2_Vegas_img4187,AOI_2_Vegas,AOI_2_Vegas:-11521:3621,test,colour-r120_c15,blur_resize,fixed,0.9,0.25,0,0,0,0,0.0,colour
AOI_2_Vegas_img4187,AOI_2_Vegas,AOI_2_Vegas:-11521:3621,test,colour-r120_c15,blur_resize,fixed,1.2,0.25,0,0,0,0,0.0,colour
AOI_2_Vegas_img4187,AOI_2_Vegas,AOI_2_Vegas:-11521:3621,test,colour-r120_c15,blur_resize,fixed,1.8,0.25,0,0,0,0,0.0,colour
AOI_2_Vegas_img4187,AOI_2_Vegas,AOI_2_Vegas:-11521:3621,test,colour-r120_c15,blur_resize,fixed,2.4,0.25,0,0,0,0,0.0,colour
AOI_2_Vegas_img4187,AOI_2_Vegas,AOI_2_Vegas:-11521:3621,test,colour-r120_c15,blur_resize,fixed,3.6,0.25,0,0,0,0,0.0,colour
AOI_2_Vegas_img4187,AOI_2_Vegas,AOI_2_Vegas:-11521:3621,test,colour-r120_c15,blur_resize,fixed,5.0,0.25,0,0,0,0,0.0,colour
AOI_2_Vegas_img4187,AOI_2_Vegas,AOI_2_Vegas:-11521:3621,test,colour-r120_c15,blur_resize,fixed,10.0,0.25,0,0,0,0,0.0,colour
AOI_2_Vegas_img4206,AOI_2_Vegas,AOI_2_Vegas:-11521:3624,test,colour-r120_c15,blur_resize,fixed,0.3,0.25,0,0,47,0,0.0,colour
AOI_2_Vegas_img4206,AOI_2_Vegas,AOI_2_Vegas:-11521:3624,test,colour-r120_c15,blur_resize,fixed,0.45,0.25,0,0,47,0,0.0,colour
AOI_2_Vegas_img4206,AOI_2_Vegas,AOI_2_Vegas:-11521:3624,test,colour-r120_c15,blur_resize,fixed,0.6,0.25,0,0,47,0,0.0,colour
AOI_2_Vegas_img4206,AOI_2_Vegas,AOI_2_Vegas:-11521:3624,test,colour-r120_c15,blur_resize,fixed,0.9,0.25,0,0,47,0,0.0,colour
AOI_2_Vegas_img4206,AOI_2_Vegas,AOI_2_Vegas:-11521:3624,test,colour-r120_c15,blur_resize,fixed,1.2,0.25,0,0,47,0,0.0,colour
AOI_2_Vegas_img4206,AOI_2_Vegas,AOI_2_Vegas:-11521:3624,test,colour-r120_c15,blur_resize,fixed,1.8,0.25,0,0,47,0,0.0,colour
AOI_2_Vegas_img4206,AOI_2_Vegas,AOI_2_Vegas:-11521:3624,test,colour-r120_c15,blur_resize,fixed,2.4,0.25,0,0,47,0,0.0,colour
AOI_2_Vegas_img4206,AOI_2_Vegas,AOI_2_Vegas:-11521:3624,test,colour-r120_c15,blur_resize,fixed,3.6,0.25,0,0,47,0,0.0,colour
AOI_2_Vegas_img4206,AOI_2_Vegas,AOI_2_Vegas:-11521:3624,test,colour-r120_c15,blur_resize,fixed,5.0,0.25,0,0,47,0,0.0,colour
AOI_2_Vegas_img4206,AOI_2_Vegas,AOI_2_Vegas:-11521:3624,test,colour-r120_c15,blur_resize,fixed,10.0,0.25,0,0,47,0,0.0,colour
AOI_2_Vegas_img4218,AOI_2_Vegas,AOI_2_Vegas:-11520:3612,test,colour-r120_c15,blur_resize,fixed,0.3,0.25,0,0,26,0,0.0,colour
AOI_2_Vegas_img4218,AOI_2_Vegas,AOI_2_Vegas:-11520:3612,test,colour-r120_c15,blur_resize,fixed,0.45,0.25,0,0,26,0,0.0,colour
AOI_2_Vegas_img4218,AOI_2_Vegas,AOI_2_Vegas:-11520:3612,test,colour-r120_c15,blur_resize,fixed,0.6,0.25,0,0,26,0,0.0,colour
AOI_2_Vegas_img4218,AOI_2_Vegas,AOI_2_Vegas:-11520:3612,test,colour-r120_c15,blur_resize,fixed,0.9,0.25,0,0,26,0,0.0,colour
AOI_2_Vegas_img4218,AOI_2_Vegas,AOI_2_Vegas:-11520:3612,test,colour-r120_c15,blur_resize,fixed,1.2,0.25,0,0,26,0,0.0,colour
AOI_2_Vegas_img4218,AOI_2_Vegas,AOI_2_Vegas:-11520:3612,test,colour-r120_c15,blur_resize,fixed,1.8,0.25,0,0,26,0,0.0,colour
AOI_2_Vegas_img4218,AOI_2_Vegas,AOI_2_Vegas:-11520:3612,test,colour-r120_c15,blur_resize,fixed,2.4,0.25,0,0,26,0,0.0,colour
AOI_2_Vegas_img4218,AOI_2_Vegas,AOI_2_Vegas:-11520:3612,test,colour-r120_c15,blur_resize,fixed,3.6,0.25,0,0,26,0,0.0,colour
AOI_2_Vegas_img4218,AOI_2_Vegas,AOI_2_Vegas:-11520:3612,test,colour-r120_c15,blur_resize,fixed,5.0,0.25,0,0,26,0,0.0,colour
AOI_2_Vegas_img4218,AOI_2_Vegas,AOI_2_Vegas:-11520:3612,test,colour-r120_c15,blur_resize,fixed,10.0,0.25,0,0,26,0,0.0,colour
AOI_2_Vegas_img4238,AOI_2_Vegas,AOI_2_Vegas:-11520:3616,test,colour-r120_c15,blur_resize,fixed,0.3,0.25,0,0,77,0,0.0,colour
AOI_2_Vegas_img4238,AOI_2_Vegas,AOI_2_Vegas:-11520:3616,test,colour-r120_c15,blur_resize,fixed,0.45,0.25,0,0,77,0,0.0,colour
AOI_2_Vegas_img4238,AOI_2_Vegas,AOI_2_Vegas:-11520:3616,test,colour-r120_c15,blur_resize,fixed,0.6,0.25,0,0,77,0,0.0,colour
AOI_2_Vegas_img4238,AOI_2_Vegas,AOI_2_Vegas:-11520:3616,test,colour-r120_c15,blur_resize,fixed,0.9,0.25,0,0,77,0,0.0,colour
AOI_2_Vegas_img4238,AOI_2_Vegas,AOI_2_Vegas:-11520:3616,test,colour-r120_c15,blur_resize,fixed,1.2,0.25,0,0,77,0,0.0,colour
AOI_2_Vegas_img4238,AOI_2_Vegas,AOI_2_Vegas:-11520:3616,test,colour-r120_c15,blur_resize,fixed,1.8,0.25,0,0,77,0,0.0,colour
AOI_2_Vegas_img4238,AOI_2_Vegas,AOI_2_Vegas:-11520:3616,test,colour-r120_c15,blur_resize,fixed,2.4,0.25,0,0,77,0,0.0,colour
AOI_2_Vegas_img4238,AOI_2_Vegas,AOI_2_Vegas:-11520:3616,test,colour-r120_c15,blur_resize,fixed,3.6,0.25,0,0,77,0,0.0,colour
AOI_2_Vegas_img4238,AOI_2_Vegas,AOI_2_Vegas:-11520:3616,test,colour-r120_c15,blur_resize,fixed,5.0,0.25,0,0,77,0,0.0,colour
AOI_2_Vegas_img4238,AOI_2_Vegas,AOI_2_Vegas:-11520:3616,test,colour-r120_c15,blur_resize,fixed,10.0,0.25,0,0,77,0,0.0,colour
AOI_2_Vegas_img4249,AOI_2_Vegas,AOI_2_Vegas:-11520:3618,test,colour-r120_c15,blur_resize,fixed,0.3,0.25,0,0,1,0,0.0,colour
AOI_2_Vegas_img4249,AOI_2_Vegas,AOI_2_Vegas:-11520:3618,test,colour-r120_c15,blur_resize,fixed,0.45,0.25,0,0,1,0,0.0,colour
AOI_2_Vegas_img4249,AOI_2_Vegas,AOI_2_Vegas:-11520:3618,test,colour-r120_c15,blur_resize,fixed,0.6,0.25,0,0,1,0,0.0,colour
AOI_2_Vegas_img4249,AOI_2_Vegas,AOI_2_Vegas:-11520:3618,test,colour-r120_c15,blur_resize,fixed,0.9,0.25,0,0,1,0,0.0,colour
AOI_2_Vegas_img4249,AOI_2_Vegas,AOI_2_Vegas:-11520:3618,test,colour-r120_c15,blur_resize,fixed,1.2,0.25,0,0,1,0,0.0,colour
AOI_2_Vegas_img4249,AOI_2_Vegas,AOI_2_Vegas:-11520:3618,test,colour-r120_c15,blur_resize,fixed,1.8,0.25,0,0,1,0,0.0,colour
AOI_2_Vegas_img4249,AOI_2_Vegas,AOI_2_Vegas:-11520:3618,test,colour-r120_c15,blur_resize,fixed,2.4,0.25,0,0,1,0,0.0,colour
AOI_2_Vegas_img4249,AOI_2_Vegas,AOI_2_Vegas:-11520:3618,test,colour-r120_c15,blur_resize,fixed,3.6,0.25,0,0,1,0,0.0,colour
AOI_2_Vegas_img4249,AOI_2_Vegas,AOI_2_Vegas:-11520:3618,test,colour-r120_c15,blur_resize,fixed,5.0,0.25,0,0,1,0,0.0,colour
AOI_2_Vegas_img4249,AOI_2_Vegas,AOI_2_Vegas:-11520:3618,test,colour-r120_c15,blur_resize,fixed,10.0,0.25,0,0,1,0,0.0,colour
AOI_2_Vegas_img4264,AOI_2_Vegas,AOI_2_Vegas:-11520:3620,test,colour-r120_c15,blur_resize,fixed,0.3,0.25,0,0,7,0,0.0,colour
AOI_2_Vegas_img4264,AOI_2_Vegas,AOI_2_Vegas:-11520:3620,test,colour-r120_c15,blur_resize,fixed,0.45,0.25,0,0,7,0,0.0,colour
AOI_2_Vegas_img4264,AOI_2_Vegas,AOI_2_Vegas:-11520:3620,test,colour-r120_c15,blur_resize,fixed,0.6,0.25,0,0,7,0,0.0,colour
AOI_2_Vegas_img4264,AOI_2_Vegas,AOI_2_Vegas:-11520:3620,test,colour-r120_c15,blur_resize,fixed,0.9,0.25,0,0,7,0,0.0,colour
AOI_2_Vegas_img4264,AOI_2_Vegas,AOI_2_Vegas:-11520:3620,test,colour-r120_c15,blur_resize,fixed,1.2,0.25,0,0,7,0,0.0,colour
AOI_2_Vegas_img4264,AOI_2_Vegas,AOI_2_Vegas:-11520:3620,test,colour-r120_c15,blur_resize,fixed,1.8,0.25,0,0,7,0,0.0,colour
AOI_2_Vegas_img4264,AOI_2_Vegas,AOI_2_Vegas:-11520:3620,test,colour-r120_c15,blur_resize,fixed,2.4,0.25,0,0,7,0,0.0,colour
AOI_2_Vegas_img4264,AOI_2_Vegas,AOI_2_Vegas:-11520:3620,test,colour-r120_c15,blur_resize,fixed,3.6,0.25,0,0,7,0,0.0,colour
AOI_2_Vegas_img4264,AOI_2_Vegas,AOI_2_Vegas:-11520:3620,test,colour-r120_c15,blur_resize,fixed,5.0,0.25,0,0,7,0,0.0,colour
AOI_2_Vegas_img4264,AOI_2_Vegas,AOI_2_Vegas:-11520:3620,test,colour-r120_c15,blur_resize,fixed,10.0,0.25,0,0,7,0,0.0,colour
AOI_2_Vegas_img4266,AOI_2_Vegas,AOI_2_Vegas:-11520:3621,test,colour-r120_c15,blur_resize,fixed,0.3,0.25,0,0,0,0,0.0,colour
AOI_2_Vegas_img4266,AOI_2_Vegas,AOI_2_Vegas:-11520:3621,test,colour-r120_c15,blur_resize,fixed,0.45,0.25,0,0,0,0,0.0,colour
AOI_2_Vegas_img4266,AOI_2_Vegas,AOI_2_Vegas:-11520:3621,test,colour-r120_c15,blur_resize,fixed,0.6,0.25,0,0,0,0,0.0,colour
AOI_2_Vegas_img4266,AOI_2_Vegas,AOI_2_Vegas:-11520:3621,test,colour-r120_c15,blur_resize,fixed,0.9,0.25,0,0,0,0,0.0,colour
AOI_2_Vegas_img4266,AOI_2_Vegas,AOI_2_Vegas:-11520:3621,test,colour-r120_c15,blur_resize,fixed,1.2,0.25,0,0,0,0,0.0,colour
AOI_2_Vegas_img4266,AOI_2_Vegas,AOI_2_Vegas:-11520:3621,test,colour-r120_c15,blur_resize,fixed,1.8,0.25,0,0,0,0,0.0,colour
AOI_2_Vegas_img4266,AOI_2_Vegas,AOI_2_Vegas:-11520:3621,test,colour-r120_c15,blur_resize,fixed,2.4,0.25,0,0,0,0,0.0,colour
AOI_2_Vegas_img4266,AOI_2_Vegas,AOI_2_Vegas:-11520:3621,test,colour-r120_c15,blur_resize,fixed,3.6,0.25,0,0,0,0,0.0,colour
AOI_2_Vegas_img4266,AOI_2_Vegas,AOI_2_Vegas:-11520:3621,test,colour-r120_c15,blur_resize,fixed,5.0,0.25,0,0,0,0,0.0,colour
AOI_2_Vegas_img4266,AOI_2_Vegas,AOI_2_Vegas:-11520:3621,test,colour-r120_c15,blur_resize,fixed,10.0,0.25,0,0,0,0,0.0,colour
AOI_2_Vegas_img4279,AOI_2_Vegas,AOI_2_Vegas:-11520:3623,test,colour-r120_c15,blur_resize,fixed,0.3,0.25,0,0,58,0,0.0,colour
AOI_2_Vegas_img4279,AOI_2_Vegas,AOI_2_Vegas:-11520:3623,test,colour-r120_c15,blur_resize,fixed,0.45,0.25,0,0,58,0,0.0,colour
AOI_2_Vegas_img4279,AOI_2_Vegas,AOI_2_Vegas:-11520:3623,test,colour-r120_c15,blur_resize,fixed,0.6,0.25,0,0,58,0,0.0,colour
AOI_2_Vegas_img4279,AOI_2_Vegas,AOI_2_Vegas:-11520:3623,test,colour-r120_c15,blur_resize,fixed,0.9,0.25,0,0,58,0,0.0,colour
AOI_2_Vegas_img4279,AOI_2_Vegas,AOI_2_Vegas:-11520:3623,test,colour-r120_c15,blur_resize,fixed,1.2,0.25,0,0,58,0,0.0,colour
AOI_2_Vegas_img4279,AOI_2_Vegas,AOI_2_Vegas:-11520:3623,test,colour-r120_c15,blur_resize,fixed,1.8,0.25,0,0,58,0,0.0,colour
AOI_2_Vegas_img4279,AOI_2_Vegas,AOI_2_Vegas:-11520:3623,test,colour-r120_c15,blur_resize,fixed,2.4,0.25,0,0,58,0,0.0,colour
AOI_2_Vegas_img4279,AOI_2_Vegas,AOI_2_Vegas:-11520:3623,test,colour-r120_c15,blur_resize,fixed,3.6,0.25,0,0,58,0,0.0,colour
AOI_2_Vegas_img4279,AOI_2_Vegas,AOI_2_Vegas:-11520:3623,test,colour-r120_c15,blur_resize,fixed,5.0,0.25,0,0,58,0,0.0,colour
AOI_2_Vegas_img4279,AOI_2_Vegas,AOI_2_Vegas:-11520:3623,test,colour-r120_c15,blur_resize,fixed,10.0,0.25,0,0,58,0,0.0,colour
AOI_2_Vegas_img4287,AOI_2_Vegas,AOI_2_Vegas:-11520:3625,test,colour-r120_c15,blur_resize,fixed,0.3,0.25,0,0,56,0,0.0,colour
AOI_2_Vegas_img4287,AOI_2_Vegas,AOI_2_Vegas:-11520:3625,test,colour-r120_c15,blur_resize,fixed,0.45,0.25,0,0,56,0,0.0,colour
AOI_2_Vegas_img4287,AOI_2_Vegas,AOI_2_Vegas:-11520:3625,test,colour-r120_c15,blur_resize,fixed,0.6,0.25,0,0,56,0,0.0,colour
AOI_2_Vegas_img4287,AOI_2_Vegas,AOI_2_Vegas:-11520:3625,test,colour-r120_c15,blur_resize,fixed,0.9,0.25,0,0,56,0,0.0,colour
AOI_2_Vegas_img4287,AOI_2_Vegas,AOI_2_Vegas:-11520:3625,test,colour-r120_c15,blur_resize,fixed,1.2,0.25,0,0,56,0,0.0,colour
AOI_2_Vegas_img4287,AOI_2_Vegas,AOI_2_Vegas:-11520:3625,test,colour-r120_c15,blur_resize,fixed,1.8,0.25,0,0,56,0,0.0,colour
AOI_2_Vegas_img4287,AOI_2_Vegas,AOI_2_Vegas:-11520:3625,test,colour-r120_c15,blur_resize,fixed,2.4,0.25,0,0,56,0,0.0,colour
AOI_2_Vegas_img4287,AOI_2_Vegas,AOI_2_Vegas:-11520:3625,test,colour-r120_c15,blur_resize,fixed,3.6,0.25,0,0,56,0,0.0,colour
AOI_2_Vegas_img4287,AOI_2_Vegas,AOI_2_Vegas:-11520:3625,test,colour-r120_c15,blur_resize,fixed,5.0,0.25,0,0,56,0,0.0,colour
AOI_2_Vegas_img4287,AOI_2_Vegas,AOI_2_Vegas:-11520:3625,test,colour-r120_c15,blur_resize,fixed,10.0,0.25,0,0,56,0,0.0,colour
AOI_2_Vegas_img4316,AOI_2_Vegas,AOI_2_Vegas:-11520:3616,test,colour-r120_c15,blur_resize,fixed,0.3,0.25,0,0,57,0,0.0,colour
AOI_2_Vegas_img4316,AOI_2_Vegas,AOI_2_Vegas:-11520:3616,test,colour-r120_c15,blur_resize,fixed,0.45,0.25,0,0,57,0,0.0,colour
AOI_2_Vegas_img4316,AOI_2_Vegas,AOI_2_Vegas:-11520:3616,test,colour-r120_c15,blur_resize,fixed,0.6,0.25,0,0,57,0,0.0,colour
AOI_2_Vegas_img4316,AOI_2_Vegas,AOI_2_Vegas:-11520:3616,test,colour-r120_c15,blur_resize,fixed,0.9,0.25,0,0,57,0,0.0,colour
AOI_2_Vegas_img4316,AOI_2_Vegas,AOI_2_Vegas:-11520:3616,test,colour-r120_c15,blur_resize,fixed,1.2,0.25,0,0,57,0,0.0,colour
AOI_2_Vegas_img4316,AOI_2_Vegas,AOI_2_Vegas:-11520:3616,test,colour-r120_c15,blur_resize,fixed,1.8,0.25,0,0,57,0,0.0,colour
AOI_2_Vegas_img4316,AOI_2_Vegas,AOI_2_Vegas:-11520:3616,test,colour-r120_c15,blur_resize,fixed,2.4,0.25,0,0,57,0,0.0,colour
AOI_2_Vegas_img4316,AOI_2_Vegas,AOI_2_Vegas:-11520:3616,test,colour-r120_c15,blur_resize,fixed,3.6,0.25,0,0,57,0,0.0,colour
AOI_2_Vegas_img4316,AOI_2_Vegas,AOI_2_Vegas:-11520:3616,test,colour-r120_c15,blur_resize,fixed,5.0,0.25,0,0,57,0,0.0,colour
AOI_2_Vegas_img4316,AOI_2_Vegas,AOI_2_Vegas:-11520:3616,test,colour-r120_c15,blur_resize,fixed,10.0,0.25,0,0,57,0,0.0,colour
AOI_2_Vegas_img4325,AOI_2_Vegas,AOI_2_Vegas:-11520:3617,test,colour-r120_c15,blur_resize,fixed,0.3,0.25,0,0,57,0,0.0,colour
AOI_2_Vegas_img4325,AOI_2_Vegas,AOI_2_Vegas:-11520:3617,test,colour-r120_c15,blur_resize,fixed,0.45,0.25,0,0,57,0,0.0,colour
AOI_2_Vegas_img4325,AOI_2_Vegas,AOI_2_Vegas:-11520:3617,test,colour-r120_c15,blur_resize,fixed,0.6,0.25,0,0,57,0,0.0,colour
AOI_2_Vegas_img4325,AOI_2_Vegas,AOI_2_Vegas:-11520:3617,test,colour-r120_c15,blur_resize,fixed,0.9,0.25,0,0,57,0,0.0,colour
AOI_2_Vegas_img4325,AOI_2_Vegas,AOI_2_Vegas:-11520:3617,test,colour-r120_c15,blur_resize,fixed,1.2,0.25,0,0,57,0,0.0,colour
AOI_2_Vegas_img4325,AOI_2_Vegas,AOI_2_Vegas:-11520:3617,test,colour-r120_c15,blur_resize,fixed,1.8,0.25,0,0,57,0,0.0,colour
AOI_2_Vegas_img4325,AOI_2_Vegas,AOI_2_Vegas:-11520:3617,test,colour-r120_c15,blur_resize,fixed,2.4,0.25,0,0,57,0,0.0,colour
AOI_2_Vegas_img4325,AOI_2_Vegas,AOI_2_Vegas:-11520:3617,test,colour-r120_c15,blur_resize,fixed,3.6,0.25,0,0,57,0,0.0,colour
AOI_2_Vegas_img4325,AOI_2_Vegas,AOI_2_Vegas:-11520:3617,test,colour-r120_c15,blur_resize,fixed,5.0,0.25,0,0,57,0,0.0,colour
AOI_2_Vegas_img4325,AOI_2_Vegas,AOI_2_Vegas:-11520:3617,test,colour-r120_c15,blur_resize,fixed,10.0,0.25,0,0,57,0,0.0,colour
AOI_2_Vegas_img4329,AOI_2_Vegas,AOI_2_Vegas:-11520:3618,test,colour-r120_c15,blur_resize,fixed,0.3,0.25,0,0,0,0,0.0,colour
AOI_2_Vegas_img4329,AOI_2_Vegas,AOI_2_Vegas:-11520:3618,test,colour-r120_c15,blur_resize,fixed,0.45,0.25,0,0,0,0,0.0,colour
AOI_2_Vegas_img4329,AOI_2_Vegas,AOI_2_Vegas:-11520:3618,test,colour-r120_c15,blur_resize,fixed,0.6,0.25,0,0,0,0,0.0,colour
AOI_2_Vegas_img4329,AOI_2_Vegas,AOI_2_Vegas:-11520:3618,test,colour-r120_c15,blur_resize,fixed,0.9,0.25,0,0,0,0,0.0,colour
AOI_2_Vegas_img4329,AOI_2_Vegas,AOI_2_Vegas:-11520:3618,test,colour-r120_c15,blur_resize,fixed,1.2,0.25,0,0,0,0,0.0,colour
AOI_2_Vegas_img4329,AOI_2_Vegas,AOI_2_Vegas:-11520:3618,test,colour-r120_c15,blur_resize,fixed,1.8,0.25,0,0,0,0,0.0,colour
AOI_2_Vegas_img4329,AOI_2_Vegas,AOI_2_Vegas:-11520:3618,test,colour-r120_c15,blur_resize,fixed,2.4,0.25,0,0,0,0,0.0,colour
AOI_2_Vegas_img4329,AOI_2_Vegas,AOI_2_Vegas:-11520:3618,test,colour-r120_c15,blur_resize,fixed,3.6,0.25,0,0,0,0,0.0,colour
AOI_2_Vegas_img4329,AOI_2_Vegas,AOI_2_Vegas:-11520:3618,test,colour-r120_c15,blur_resize,fixed,5.0,0.25,0,0,0,0,0.0,colour
AOI_2_Vegas_img4329,AOI_2_Vegas,AOI_2_Vegas:-11520:3618,test,colour-r120_c15,blur_resize,fixed,10.0,0.25,0,0,0,0,0.0,colour
AOI_2_Vegas_img4331,AOI_2_Vegas,AOI_2_Vegas:-11520:3618,test,colour-r120_c15,blur_resize,fixed,0.3,0.25,0,0,23,0,0.0,colour
AOI_2_Vegas_img4331,AOI_2_Vegas,AOI_2_Vegas:-11520:3618,test,colour-r120_c15,blur_resize,fixed,0.45,0.25,0,0,23,0,0.0,colour
AOI_2_Vegas_img4331,AOI_2_Vegas,AOI_2_Vegas:-11520:3618,test,colour-r120_c15,blur_resize,fixed,0.6,0.25,0,0,23,0,0.0,colour
AOI_2_Vegas_img4331,AOI_2_Vegas,AOI_2_Vegas:-11520:3618,test,colour-r120_c15,blur_resize,fixed,0.9,0.25,0,0,23,0,0.0,colour
AOI_2_Vegas_img4331,AOI_2_Vegas,AOI_2_Vegas:-11520:3618,test,colour-r120_c15,blur_resize,fixed,1.2,0.25,0,0,23,0,0.0,colour
AOI_2_Vegas_img4331,AOI_2_Vegas,AOI_2_Vegas:-11520:3618,test,colour-r120_c15,blur_resize,fixed,1.8,0.25,0,0,23,0,0.0,colour
AOI_2_Vegas_img4331,AOI_2_Vegas,AOI_2_Vegas:-11520:3618,test,colour-r120_c15,blur_resize,fixed,2.4,0.25,0,0,23,0,0.0,colour
AOI_2_Vegas_img4331,AOI_2_Vegas,AOI_2_Vegas:-11520:3618,test,colour-r120_c15,blur_resize,fixed,3.6,0.25,0,0,23,0,0.0,colour
AOI_2_Vegas_img4331,AOI_2_Vegas,AOI_2_Vegas:-11520:3618,test,colour-r120_c15,blur_resize,fixed,5.0,0.25,0,0,23,0,0.0,colour
AOI_2_Vegas_img4331,AOI_2_Vegas,AOI_2_Vegas:-11520:3618,test,colour-r120_c15,blur_resize,fixed,10.0,0.25,0,0,23,0,0.0,colour
AOI_2_Vegas_img4337,AOI_2_Vegas,AOI_2_Vegas:-11520:3619,test,colour-r120_c15,blur_resize,fixed,0.3,0.25,0,0,25,0,0.0,colour
AOI_2_Vegas_img4337,AOI_2_Vegas,AOI_2_Vegas:-11520:3619,test,colour-r120_c15,blur_resize,fixed,0.45,0.25,0,0,25,0,0.0,colour
AOI_2_Vegas_img4337,AOI_2_Vegas,AOI_2_Vegas:-11520:3619,test,colour-r120_c15,blur_resize,fixed,0.6,0.25,0,0,25,0,0.0,colour
AOI_2_Vegas_img4337,AOI_2_Vegas,AOI_2_Vegas:-11520:3619,test,colour-r120_c15,blur_resize,fixed,0.9,0.25,0,0,25,0,0.0,colour
AOI_2_Vegas_img4337,AOI_2_Vegas,AOI_2_Vegas:-11520:3619,test,colour-r120_c15,blur_resize,fixed,1.2,0.25,0,0,25,0,0.0,colour
AOI_2_Vegas_img4337,AOI_2_Vegas,AOI_2_Vegas:-11520:3619,test,colour-r120_c15,blur_resize,fixed,1.8,0.25,0,0,25,0,0.0,colour
AOI_2_Vegas_img4337,AOI_2_Vegas,AOI_2_Vegas:-11520:3619,test,colour-r120_c15,blur_resize,fixed,2.4,0.25,0,0,25,0,0.0,colour
AOI_2_Vegas_img4337,AOI_2_Vegas,AOI_2_Vegas:-11520:3619,test,colour-r120_c15,blur_resize,fixed,3.6,0.25,0,0,25,0,0.0,colour
AOI_2_Vegas_img4337,AOI_2_Vegas,AOI_2_Vegas:-11520:3619,test,colour-r120_c15,blur_resize,fixed,5.0,0.25,0,0,25,0,0.0,colour
AOI_2_Vegas_img4337,AOI_2_Vegas,AOI_2_Vegas:-11520:3619,test,colour-r120_c15,blur_resize,fixed,10.0,0.25,0,0,25,0,0.0,colour
AOI_2_Vegas_img4353,AOI_2_Vegas,AOI_2_Vegas:-11520:3622,test,colour-r120_c15,blur_resize,fixed,0.3,0.25,2,4,23,0,0.0,colour
AOI_2_Vegas_img4353,AOI_2_Vegas,AOI_2_Vegas:-11520:3622,test,colour-r120_c15,blur_resize,fixed,0.45,0.25,2,3,23,0,0.1,colour
AOI_2_Vegas_img4353,AOI_2_Vegas,AOI_2_Vegas:-11520:3622,test,colour-r120_c15,blur_resize,fixed,0.6,0.25,2,4,23,0,0.05,colour
AOI_2_Vegas_img4353,AOI_2_Vegas,AOI_2_Vegas:-11520:3622,test,colour-r120_c15,blur_resize,fixed,0.9,0.25,2,3,23,0,0.1,colour
AOI_2_Vegas_img4353,AOI_2_Vegas,AOI_2_Vegas:-11520:3622,test,colour-r120_c15,blur_resize,fixed,1.2,0.25,1,4,23,0,0.15,colour
AOI_2_Vegas_img4353,AOI_2_Vegas,AOI_2_Vegas:-11520:3622,test,colour-r120_c15,blur_resize,fixed,1.8,0.25,1,4,23,0,0.05,colour
AOI_2_Vegas_img4353,AOI_2_Vegas,AOI_2_Vegas:-11520:3622,test,colour-r120_c15,blur_resize,fixed,2.4,0.25,1,4,23,0,0.15,colour
AOI_2_Vegas_img4353,AOI_2_Vegas,AOI_2_Vegas:-11520:3622,test,colour-r120_c15,blur_resize,fixed,3.6,0.25,1,4,23,0,0.0,colour
AOI_2_Vegas_img4353,AOI_2_Vegas,AOI_2_Vegas:-11520:3622,test,colour-r120_c15,blur_resize,fixed,5.0,0.25,1,9,23,0,0.0,colour
AOI_2_Vegas_img4353,AOI_2_Vegas,AOI_2_Vegas:-11520:3622,test,colour-r120_c15,blur_resize,fixed,10.0,0.25,0,0,23,0,0.0,colour
AOI_2_Vegas_img4369,AOI_2_Vegas,AOI_2_Vegas:-11520:3625,test,colour-r120_c15,blur_resize,fixed,0.3,0.25,0,0,45,0,0.0,colour
AOI_2_Vegas_img4369,AOI_2_Vegas,AOI_2_Vegas:-11520:3625,test,colour-r120_c15,blur_resize,fixed,0.45,0.25,0,0,45,0,0.0,colour
AOI_2_Vegas_img4369,AOI_2_Vegas,AOI_2_Vegas:-11520:3625,test,colour-r120_c15,blur_resize,fixed,0.6,0.25,0,0,45,0,0.0,colour
AOI_2_Vegas_img4369,AOI_2_Vegas,AOI_2_Vegas:-11520:3625,test,colour-r120_c15,blur_resize,fixed,0.9,0.25,0,0,45,0,0.0,colour
AOI_2_Vegas_img4369,AOI_2_Vegas,AOI_2_Vegas:-11520:3625,test,colour-r120_c15,blur_resize,fixed,1.2,0.25,0,0,45,0,0.0,colour
AOI_2_Vegas_img4369,AOI_2_Vegas,AOI_2_Vegas:-11520:3625,test,colour-r120_c15,blur_resize,fixed,1.8,0.25,0,0,45,0,0.0,colour
AOI_2_Vegas_img4369,AOI_2_Vegas,AOI_2_Vegas:-11520:3625,test,colour-r120_c15,blur_resize,fixed,2.4,0.25,0,0,45,0,0.0,colour
AOI_2_Vegas_img4369,AOI_2_Vegas,AOI_2_Vegas:-11520:3625,test,colour-r120_c15,blur_resize,fixed,3.6,0.25,0,0,45,0,0.0,colour
AOI_2_Vegas_img4369,AOI_2_Vegas,AOI_2_Vegas:-11520:3625,test,colour-r120_c15,blur_resize,fixed,5.0,0.25,0,0,45,0,0.0,colour
AOI_2_Vegas_img4369,AOI_2_Vegas,AOI_2_Vegas:-11520:3625,test,colour-r120_c15,blur_resize,fixed,10.0,0.25,0,0,45,0,0.0,colour
AOI_2_Vegas_img4402,AOI_2_Vegas,AOI_2_Vegas:-11520:3617,test,colour-r120_c15,blur_resize,fixed,0.3,0.25,0,0,0,0,0.0,colour
AOI_2_Vegas_img4402,AOI_2_Vegas,AOI_2_Vegas:-11520:3617,test,colour-r120_c15,blur_resize,fixed,0.45,0.25,0,0,0,0,0.0,colour
AOI_2_Vegas_img4402,AOI_2_Vegas,AOI_2_Vegas:-11520:3617,test,colour-r120_c15,blur_resize,fixed,0.6,0.25,0,0,0,0,0.0,colour
AOI_2_Vegas_img4402,AOI_2_Vegas,AOI_2_Vegas:-11520:3617,test,colour-r120_c15,blur_resize,fixed,0.9,0.25,0,0,0,0,0.0,colour
AOI_2_Vegas_img4402,AOI_2_Vegas,AOI_2_Vegas:-11520:3617,test,colour-r120_c15,blur_resize,fixed,1.2,0.25,0,0,0,0,0.0,colour
AOI_2_Vegas_img4402,AOI_2_Vegas,AOI_2_Vegas:-11520:3617,test,colour-r120_c15,blur_resize,fixed,1.8,0.25,0,0,0,0,0.0,colour
AOI_2_Vegas_img4402,AOI_2_Vegas,AOI_2_Vegas:-11520:3617,test,colour-r120_c15,blur_resize,fixed,2.4,0.25,0,0,0,0,0.0,colour
AOI_2_Vegas_img4402,AOI_2_Vegas,AOI_2_Vegas:-11520:3617,test,colour-r120_c15,blur_resize,fixed,3.6,0.25,0,0,0,0,0.0,colour
AOI_2_Vegas_img4402,AOI_2_Vegas,AOI_2_Vegas:-11520:3617,test,colour-r120_c15,blur_resize,fixed,5.0,0.25,0,0,0,0,0.0,colour
AOI_2_Vegas_img4402,AOI_2_Vegas,AOI_2_Vegas:-11520:3617,test,colour-r120_c15,blur_resize,fixed,10.0,0.25,0,0,0,0,0.0,colour
AOI_2_Vegas_img4447,AOI_2_Vegas,AOI_2_Vegas:-11520:3625,test,colour-r120_c15,blur_resize,fixed,0.3,0.25,0,0,15,0,0.0,colour
AOI_2_Vegas_img4447,AOI_2_Vegas,AOI_2_Vegas:-11520:3625,test,colour-r120_c15,blur_resize,fixed,0.45,0.25,0,0,15,0,0.0,colour
AOI_2_Vegas_img4447,AOI_2_Vegas,AOI_2_Vegas:-11520:3625,test,colour-r120_c15,blur_resize,fixed,0.6,0.25,0,0,15,0,0.0,colour
AOI_2_Vegas_img4447,AOI_2_Vegas,AOI_2_Vegas:-11520:3625,test,colour-r120_c15,blur_resize,fixed,0.9,0.25,0,0,15,0,0.0,colour
AOI_2_Vegas_img4447,AOI_2_Vegas,AOI_2_Vegas:-11520:3625,test,colour-r120_c15,blur_resize,fixed,1.2,0.25,0,0,15,0,0.0,colour
AOI_2_Vegas_img4447,AOI_2_Vegas,AOI_2_Vegas:-11520:3625,test,colour-r120_c15,blur_resize,fixed,1.8,0.25,0,0,15,0,0.0,colour
AOI_2_Vegas_img4447,AOI_2_Vegas,AOI_2_Vegas:-11520:3625,test,colour-r120_c15,blur_resize,fixed,2.4,0.25,0,0,15,0,0.0,colour
AOI_2_Vegas_img4447,AOI_2_Vegas,AOI_2_Vegas:-11520:3625,test,colour-r120_c15,blur_resize,fixed,3.6,0.25,0,0,15,0,0.0,colour
AOI_2_Vegas_img4447,AOI_2_Vegas,AOI_2_Vegas:-11520:3625,test,colour-r120_c15,blur_resize,fixed,5.0,0.25,0,0,15,0,0.0,colour
AOI_2_Vegas_img4447,AOI_2_Vegas,AOI_2_Vegas:-11520:3625,test,colour-r120_c15,blur_resize,fixed,10.0,0.25,0,0,15,0,0.0,colour
AOI_2_Vegas_img4468,AOI_2_Vegas,AOI_2_Vegas:-11520:3615,test,colour-r120_c15,blur_resize,fixed,0.3,0.25,0,0,28,0,0.0,colour
AOI_2_Vegas_img4468,AOI_2_Vegas,AOI_2_Vegas:-11520:3615,test,colour-r120_c15,blur_resize,fixed,0.45,0.25,0,0,28,0,0.0,colour
AOI_2_Vegas_img4468,AOI_2_Vegas,AOI_2_Vegas:-11520:3615,test,colour-r120_c15,blur_resize,fixed,0.6,0.25,0,0,28,0,0.0,colour
AOI_2_Vegas_img4468,AOI_2_Vegas,AOI_2_Vegas:-11520:3615,test,colour-r120_c15,blur_resize,fixed,0.9,0.25,0,0,28,0,0.0,colour
AOI_2_Vegas_img4468,AOI_2_Vegas,AOI_2_Vegas:-11520:3615,test,colour-r120_c15,blur_resize,fixed,1.2,0.25,0,0,28,0,0.0,colour
AOI_2_Vegas_img4468,AOI_2_Vegas,AOI_2_Vegas:-11520:3615,test,colour-r120_c15,blur_resize,fixed,1.8,0.25,0,0,28,0,0.0,colour
AOI_2_Vegas_img4468,AOI_2_Vegas,AOI_2_Vegas:-11520:3615,test,colour-r120_c15,blur_resize,fixed,2.4,0.25,0,0,28,0,0.0,colour
AOI_2_Vegas_img4468,AOI_2_Vegas,AOI_2_Vegas:-11520:3615,test,colour-r120_c15,blur_resize,fixed,3.6,0.25,0,0,28,0,0.0,colour
AOI_2_Vegas_img4468,AOI_2_Vegas,AOI_2_Vegas:-11520:3615,test,colour-r120_c15,blur_resize,fixed,5.0,0.25,0,0,28,0,0.0,colour
AOI_2_Vegas_img4468,AOI_2_Vegas,AOI_2_Vegas:-11520:3615,test,colour-r120_c15,blur_resize,fixed,10.0,0.25,0,0,28,0,0.0,colour
AOI_2_Vegas_img4470,AOI_2_Vegas,AOI_2_Vegas:-11520:3615,test,colour-r120_c15,blur_resize,fixed,0.3,0.25,0,0,20,0,0.0,colour
AOI_2_Vegas_img4470,AOI_2_Vegas,AOI_2_Vegas:-11520:3615,test,colour-r120_c15,blur_resize,fixed,0.45,0.25,0,0,20,0,0.0,colour
AOI_2_Vegas_img4470,AOI_2_Vegas,AOI_2_Vegas:-11520:3615,test,colour-r120_c15,blur_resize,fixed,0.6,0.25,0,0,20,0,0.0,colour
AOI_2_Vegas_img4470,AOI_2_Vegas,AOI_2_Vegas:-11520:3615,test,colour-r120_c15,blur_resize,fixed,0.9,0.25,0,0,20,0,0.0,colour
AOI_2_Vegas_img4470,AOI_2_Vegas,AOI_2_Vegas:-11520:3615,test,colour-r120_c15,blur_resize,fixed,1.2,0.25,0,0,20,0,0.0,colour
AOI_2_Vegas_img4470,AOI_2_Vegas,AOI_2_Vegas:-11520:3615,test,colour-r120_c15,blur_resize,fixed,1.8,0.25,0,0,20,0,0.0,colour
AOI_2_Vegas_img4470,AOI_2_Vegas,AOI_2_Vegas:-11520:3615,test,colour-r120_c15,blur_resize,fixed,2.4,0.25,0,0,20,0,0.0,colour
AOI_2_Vegas_img4470,AOI_2_Vegas,AOI_2_Vegas:-11520:3615,test,colour-r120_c15,blur_resize,fixed,3.6,0.25,0,0,20,0,0.0,colour
AOI_2_Vegas_img4470,AOI_2_Vegas,AOI_2_Vegas:-11520:3615,test,colour-r120_c15,blur_resize,fixed,5.0,0.25,0,0,20,0,0.0,colour
AOI_2_Vegas_img4470,AOI_2_Vegas,AOI_2_Vegas:-11520:3615,test,colour-r120_c15,blur_resize,fixed,10.0,0.25,0,0,20,0,0.0,colour
AOI_2_Vegas_img4479,AOI_2_Vegas,AOI_2_Vegas:-11520:3617,test,colour-r120_c15,blur_resize,fixed,0.3,0.25,0,0,3,0,0.0,colour
AOI_2_Vegas_img4479,AOI_2_Vegas,AOI_2_Vegas:-11520:3617,test,colour-r120_c15,blur_resize,fixed,0.45,0.25,0,0,3,0,0.0,colour
AOI_2_Vegas_img4479,AOI_2_Vegas,AOI_2_Vegas:-11520:3617,test,colour-r120_c15,blur_resize,fixed,0.6,0.25,0,0,3,0,0.0,colour
AOI_2_Vegas_img4479,AOI_2_Vegas,AOI_2_Vegas:-11520:3617,test,colour-r120_c15,blur_resize,fixed,0.9,0.25,0,0,3,0,0.0,colour
AOI_2_Vegas_img4479,AOI_2_Vegas,AOI_2_Vegas:-11520:3617,test,colour-r120_c15,blur_resize,fixed,1.2,0.25,0,0,3,0,0.0,colour
AOI_2_Vegas_img4479,AOI_2_Vegas,AOI_2_Vegas:-11520:3617,test,colour-r120_c15,blur_resize,fixed,1.8,0.25,0,0,3,0,0.0,colour
AOI_2_Vegas_img4479,AOI_2_Vegas,AOI_2_Vegas:-11520:3617,test,colour-r120_c15,blur_resize,fixed,2.4,0.25,0,0,3,0,0.0,colour
AOI_2_Vegas_img4479,AOI_2_Vegas,AOI_2_Vegas:-11520:3617,test,colour-r120_c15,blur_resize,fixed,3.6,0.25,0,0,3,0,0.0,colour
AOI_2_Vegas_img4479,AOI_2_Vegas,AOI_2_Vegas:-11520:3617,test,colour-r120_c15,blur_resize,fixed,5.0,0.25,0,0,3,0,0.0,colour
AOI_2_Vegas_img4479,AOI_2_Vegas,AOI_2_Vegas:-11520:3617,test,colour-r120_c15,blur_resize,fixed,10.0,0.25,0,0,3,0,0.0,colour
AOI_2_Vegas_img4488,AOI_2_Vegas,AOI_2_Vegas:-11520:3618,test,colour-r120_c15,blur_resize,fixed,0.3,0.25,0,0,0,0,0.0,colour
AOI_2_Vegas_img4488,AOI_2_Vegas,AOI_2_Vegas:-11520:3618,test,colour-r120_c15,blur_resize,fixed,0.45,0.25,0,0,0,0,0.0,colour
AOI_2_Vegas_img4488,AOI_2_Vegas,AOI_2_Vegas:-11520:3618,test,colour-r120_c15,blur_resize,fixed,0.6,0.25,0,0,0,0,0.0,colour
AOI_2_Vegas_img4488,AOI_2_Vegas,AOI_2_Vegas:-11520:3618,test,colour-r120_c15,blur_resize,fixed,0.9,0.25,0,0,0,0,0.0,colour
AOI_2_Vegas_img4488,AOI_2_Vegas,AOI_2_Vegas:-11520:3618,test,colour-r120_c15,blur_resize,fixed,1.2,0.25,0,0,0,0,0.0,colour
AOI_2_Vegas_img4488,AOI_2_Vegas,AOI_2_Vegas:-11520:3618,test,colour-r120_c15,blur_resize,fixed,1.8,0.25,0,0,0,0,0.0,colour
AOI_2_Vegas_img4488,AOI_2_Vegas,AOI_2_Vegas:-11520:3618,test,colour-r120_c15,blur_resize,fixed,2.4,0.25,0,0,0,0,0.0,colour
AOI_2_Vegas_img4488,AOI_2_Vegas,AOI_2_Vegas:-11520:3618,test,colour-r120_c15,blur_resize,fixed,3.6,0.25,0,0,0,0,0.0,colour
AOI_2_Vegas_img4488,AOI_2_Vegas,AOI_2_Vegas:-11520:3618,test,colour-r120_c15,blur_resize,fixed,5.0,0.25,0,0,0,0,0.0,colour
AOI_2_Vegas_img4488,AOI_2_Vegas,AOI_2_Vegas:-11520:3618,test,colour-r120_c15,blur_resize,fixed,10.0,0.25,0,0,0,0,0.0,colour
AOI_2_Vegas_img4518,AOI_2_Vegas,AOI_2_Vegas:-11520:3623,test,colour-r120_c15,blur_resize,fixed,0.3,0.25,0,0,12,0,0.0,colour
AOI_2_Vegas_img4518,AOI_2_Vegas,AOI_2_Vegas:-11520:3623,test,colour-r120_c15,blur_resize,fixed,0.45,0.25,0,0,12,0,0.0,colour
AOI_2_Vegas_img4518,AOI_2_Vegas,AOI_2_Vegas:-11520:3623,test,colour-r120_c15,blur_resize,fixed,0.6,0.25,0,0,12,0,0.0,colour
AOI_2_Vegas_img4518,AOI_2_Vegas,AOI_2_Vegas:-11520:3623,test,colour-r120_c15,blur_resize,fixed,0.9,0.25,0,0,12,0,0.0,colour
AOI_2_Vegas_img4518,AOI_2_Vegas,AOI_2_Vegas:-11520:3623,test,colour-r120_c15,blur_resize,fixed,1.2,0.25,0,0,12,0,0.0,colour
AOI_2_Vegas_img4518,AOI_2_Vegas,AOI_2_Vegas:-11520:3623,test,colour-r120_c15,blur_resize,fixed,1.8,0.25,0,0,12,0,0.0,colour
AOI_2_Vegas_img4518,AOI_2_Vegas,AOI_2_Vegas:-11520:3623,test,colour-r120_c15,blur_resize,fixed,2.4,0.25,0,0,12,0,0.0,colour
AOI_2_Vegas_img4518,AOI_2_Vegas,AOI_2_Vegas:-11520:3623,test,colour-r120_c15,blur_resize,fixed,3.6,0.25,0,0,12,0,0.0,colour
AOI_2_Vegas_img4518,AOI_2_Vegas,AOI_2_Vegas:-11520:3623,test,colour-r120_c15,blur_resize,fixed,5.0,0.25,0,0,12,0,0.0,colour
AOI_2_Vegas_img4518,AOI_2_Vegas,AOI_2_Vegas:-11520:3623,test,colour-r120_c15,blur_resize,fixed,10.0,0.25,0,0,12,0,0.0,colour
AOI_2_Vegas_img4554,AOI_2_Vegas,AOI_2_Vegas:-11520:3616,test,colour-r120_c15,blur_resize,fixed,0.3,0.25,0,0,22,0,0.0,colour
AOI_2_Vegas_img4554,AOI_2_Vegas,AOI_2_Vegas:-11520:3616,test,colour-r120_c15,blur_resize,fixed,0.45,0.25,0,0,22,0,0.0,colour
AOI_2_Vegas_img4554,AOI_2_Vegas,AOI_2_Vegas:-11520:3616,test,colour-r120_c15,blur_resize,fixed,0.6,0.25,0,0,22,0,0.0,colour
AOI_2_Vegas_img4554,AOI_2_Vegas,AOI_2_Vegas:-11520:3616,test,colour-r120_c15,blur_resize,fixed,0.9,0.25,0,0,22,0,0.0,colour
AOI_2_Vegas_img4554,AOI_2_Vegas,AOI_2_Vegas:-11520:3616,test,colour-r120_c15,blur_resize,fixed,1.2,0.25,0,0,22,0,0.0,colour
AOI_2_Vegas_img4554,AOI_2_Vegas,AOI_2_Vegas:-11520:3616,test,colour-r120_c15,blur_resize,fixed,1.8,0.25,0,0,22,0,0.0,colour
AOI_2_Vegas_img4554,AOI_2_Vegas,AOI_2_Vegas:-11520:3616,test,colour-r120_c15,blur_resize,fixed,2.4,0.25,0,0,22,0,0.0,colour
AOI_2_Vegas_img4554,AOI_2_Vegas,AOI_2_Vegas:-11520:3616,test,colour-r120_c15,blur_resize,fixed,3.6,0.25,0,0,22,0,0.0,colour
AOI_2_Vegas_img4554,AOI_2_Vegas,AOI_2_Vegas:-11520:3616,test,colour-r120_c15,blur_resize,fixed,5.0,0.25,0,0,22,0,0.0,colour
AOI_2_Vegas_img4554,AOI_2_Vegas,AOI_2_Vegas:-11520:3616,test,colour-r120_c15,blur_resize,fixed,10.0,0.25,0,0,22,0,0.0,colour
AOI_2_Vegas_img4562,AOI_2_Vegas,AOI_2_Vegas:-11520:3617,test,colour-r120_c15,blur_resize,fixed,0.3,0.25,0,0,46,0,0.0,colour
AOI_2_Vegas_img4562,AOI_2_Vegas,AOI_2_Vegas:-11520:3617,test,colour-r120_c15,blur_resize,fixed,0.45,0.25,0,0,46,0,0.0,colour
AOI_2_Vegas_img4562,AOI_2_Vegas,AOI_2_Vegas:-11520:3617,test,colour-r120_c15,blur_resize,fixed,0.6,0.25,0,0,46,0,0.0,colour
AOI_2_Vegas_img4562,AOI_2_Vegas,AOI_2_Vegas:-11520:3617,test,colour-r120_c15,blur_resize,fixed,0.9,0.25,0,0,46,0,0.0,colour
AOI_2_Vegas_img4562,AOI_2_Vegas,AOI_2_Vegas:-11520:3617,test,colour-r120_c15,blur_resize,fixed,1.2,0.25,0,0,46,0,0.0,colour
AOI_2_Vegas_img4562,AOI_2_Vegas,AOI_2_Vegas:-11520:3617,test,colour-r120_c15,blur_resize,fixed,1.8,0.25,0,0,46,0,0.0,colour
AOI_2_Vegas_img4562,AOI_2_Vegas,AOI_2_Vegas:-11520:3617,test,colour-r120_c15,blur_resize,fixed,2.4,0.25,0,0,46,0,0.0,colour
AOI_2_Vegas_img4562,AOI_2_Vegas,AOI_2_Vegas:-11520:3617,test,colour-r120_c15,blur_resize,fixed,3.6,0.25,0,0,46,0,0.0,colour
AOI_2_Vegas_img4562,AOI_2_Vegas,AOI_2_Vegas:-11520:3617,test,colour-r120_c15,blur_resize,fixed,5.0,0.25,0,0,46,0,0.0,colour
AOI_2_Vegas_img4562,AOI_2_Vegas,AOI_2_Vegas:-11520:3617,test,colour-r120_c15,blur_resize,fixed,10.0,0.25,0,0,46,0,0.0,colour
AOI_2_Vegas_img458,AOI_2_Vegas,AOI_2_Vegas:-11530:3613,test,colour-r120_c15,blur_resize,fixed,0.3,0.25,0,1,56,0,0.0,colour
AOI_2_Vegas_img458,AOI_2_Vegas,AOI_2_Vegas:-11530:3613,test,colour-r120_c15,blur_resize,fixed,0.45,0.25,0,2,56,0,0.0,colour
AOI_2_Vegas_img458,AOI_2_Vegas,AOI_2_Vegas:-11530:3613,test,colour-r120_c15,blur_resize,fixed,0.6,0.25,0,2,56,0,0.0,colour
AOI_2_Vegas_img458,AOI_2_Vegas,AOI_2_Vegas:-11530:3613,test,colour-r120_c15,blur_resize,fixed,0.9,0.25,0,1,56,0,0.0,colour
AOI_2_Vegas_img458,AOI_2_Vegas,AOI_2_Vegas:-11530:3613,test,colour-r120_c15,blur_resize,fixed,1.2,0.25,0,1,56,0,0.0,colour
AOI_2_Vegas_img458,AOI_2_Vegas,AOI_2_Vegas:-11530:3613,test,colour-r120_c15,blur_resize,fixed,1.8,0.25,0,1,56,0,0.0,colour
AOI_2_Vegas_img458,AOI_2_Vegas,AOI_2_Vegas:-11530:3613,test,colour-r120_c15,blur_resize,fixed,2.4,0.25,0,1,56,0,0.0,colour
AOI_2_Vegas_img458,AOI_2_Vegas,AOI_2_Vegas:-11530:3613,test,colour-r120_c15,blur_resize,fixed,3.6,0.25,0,0,56,0,0.0,colour
AOI_2_Vegas_img458,AOI_2_Vegas,AOI_2_Vegas:-11530:3613,test,colour-r120_c15,blur_resize,fixed,5.0,0.25,0,0,56,0,0.0,colour
AOI_2_Vegas_img458,AOI_2_Vegas,AOI_2_Vegas:-11530:3613,test,colour-r120_c15,blur_resize,fixed,10.0,0.25,0,0,56,0,0.0,colour
AOI_2_Vegas_img4582,AOI_2_Vegas,AOI_2_Vegas:-11520:3621,test,colour-r120_c15,blur_resize,fixed,0.3,0.25,0,0,0,0,0.0,colour
AOI_2_Vegas_img4582,AOI_2_Vegas,AOI_2_Vegas:-11520:3621,test,colour-r120_c15,blur_resize,fixed,0.45,0.25,0,0,0,0,0.0,colour
AOI_2_Vegas_img4582,AOI_2_Vegas,AOI_2_Vegas:-11520:3621,test,colour-r120_c15,blur_resize,fixed,0.6,0.25,0,0,0,0,0.0,colour
AOI_2_Vegas_img4582,AOI_2_Vegas,AOI_2_Vegas:-11520:3621,test,colour-r120_c15,blur_resize,fixed,0.9,0.25,0,0,0,0,0.0,colour
AOI_2_Vegas_img4582,AOI_2_Vegas,AOI_2_Vegas:-11520:3621,test,colour-r120_c15,blur_resize,fixed,1.2,0.25,0,0,0,0,0.0,colour
AOI_2_Vegas_img4582,AOI_2_Vegas,AOI_2_Vegas:-11520:3621,test,colour-r120_c15,blur_resize,fixed,1.8,0.25,0,0,0,0,0.0,colour
AOI_2_Vegas_img4582,AOI_2_Vegas,AOI_2_Vegas:-11520:3621,test,colour-r120_c15,blur_resize,fixed,2.4,0.25,0,0,0,0,0.0,colour
AOI_2_Vegas_img4582,AOI_2_Vegas,AOI_2_Vegas:-11520:3621,test,colour-r120_c15,blur_resize,fixed,3.6,0.25,0,0,0,0,0.0,colour
AOI_2_Vegas_img4582,AOI_2_Vegas,AOI_2_Vegas:-11520:3621,test,colour-r120_c15,blur_resize,fixed,5.0,0.25,0,0,0,0,0.0,colour
AOI_2_Vegas_img4582,AOI_2_Vegas,AOI_2_Vegas:-11520:3621,test,colour-r120_c15,blur_resize,fixed,10.0,0.25,0,0,0,0,0.0,colour
AOI_2_Vegas_img460,AOI_2_Vegas,AOI_2_Vegas:-11530:3613,test,colour-r120_c15,blur_resize,fixed,0.3,0.25,0,5,50,0,0.0,colour
AOI_2_Vegas_img460,AOI_2_Vegas,AOI_2_Vegas:-11530:3613,test,colour-r120_c15,blur_resize,fixed,0.45,0.25,0,7,50,0,0.0,colour
AOI_2_Vegas_img460,AOI_2_Vegas,AOI_2_Vegas:-11530:3613,test,colour-r120_c15,blur_resize,fixed,0.6,0.25,0,4,50,0,0.0,colour
AOI_2_Vegas_img460,AOI_2_Vegas,AOI_2_Vegas:-11530:3613,test,colour-r120_c15,blur_resize,fixed,0.9,0.25,0,4,50,0,0.0,colour
AOI_2_Vegas_img460,AOI_2_Vegas,AOI_2_Vegas:-11530:3613,test,colour-r120_c15,blur_resize,fixed,1.2,0.25,0,5,50,0,0.0,colour
AOI_2_Vegas_img460,AOI_2_Vegas,AOI_2_Vegas:-11530:3613,test,colour-r120_c15,blur_resize,fixed,1.8,0.25,0,5,50,0,0.0,colour
AOI_2_Vegas_img460,AOI_2_Vegas,AOI_2_Vegas:-11530:3613,test,colour-r120_c15,blur_resize,fixed,2.4,0.25,0,7,50,0,0.0,colour
AOI_2_Vegas_img460,AOI_2_Vegas,AOI_2_Vegas:-11530:3613,test,colour-r120_c15,blur_resize,fixed,3.6,0.25,0,0,50,0,0.0,colour
AOI_2_Vegas_img460,AOI_2_Vegas,AOI_2_Vegas:-11530:3613,test,colour-r120_c15,blur_resize,fixed,5.0,0.25,0,0,50,0,0.0,colour
AOI_2_Vegas_img460,AOI_2_Vegas,AOI_2_Vegas:-11530:3613,test,colour-r120_c15,blur_resize,fixed,10.0,0.25,0,0,50,0,0.0,colour
AOI_2_Vegas_img4614,AOI_2_Vegas,AOI_2_Vegas:-11520:3613,test,colour-r120_c15,blur_resize,fixed,0.3,0.25,0,0,8,0,0.0,colour
AOI_2_Vegas_img4614,AOI_2_Vegas,AOI_2_Vegas:-11520:3613,test,colour-r120_c15,blur_resize,fixed,0.45,0.25,0,0,8,0,0.0,colour
AOI_2_Vegas_img4614,AOI_2_Vegas,AOI_2_Vegas:-11520:3613,test,colour-r120_c15,blur_resize,fixed,0.6,0.25,0,0,8,0,0.0,colour
AOI_2_Vegas_img4614,AOI_2_Vegas,AOI_2_Vegas:-11520:3613,test,colour-r120_c15,blur_resize,fixed,0.9,0.25,0,0,8,0,0.0,colour
AOI_2_Vegas_img4614,AOI_2_Vegas,AOI_2_Vegas:-11520:3613,test,colour-r120_c15,blur_resize,fixed,1.2,0.25,0,0,8,0,0.0,colour
AOI_2_Vegas_img4614,AOI_2_Vegas,AOI_2_Vegas:-11520:3613,test,colour-r120_c15,blur_resize,fixed,1.8,0.25,0,0,8,0,0.0,colour
AOI_2_Vegas_img4614,AOI_2_Vegas,AOI_2_Vegas:-11520:3613,test,colour-r120_c15,blur_resize,fixed,2.4,0.25,0,0,8,0,0.0,colour
AOI_2_Vegas_img4614,AOI_2_Vegas,AOI_2_Vegas:-11520:3613,test,colour-r120_c15,blur_resize,fixed,3.6,0.25,0,0,8,0,0.0,colour
AOI_2_Vegas_img4614,AOI_2_Vegas,AOI_2_Vegas:-11520:3613,test,colour-r120_c15,blur_resize,fixed,5.0,0.25,0,0,8,0,0.0,colour
AOI_2_Vegas_img4614,AOI_2_Vegas,AOI_2_Vegas:-11520:3613,test,colour-r120_c15,blur_resize,fixed,10.0,0.25,0,0,8,0,0.0,colour
AOI_2_Vegas_img4684,AOI_2_Vegas,AOI_2_Vegas:-11520:3625,test,colour-r120_c15,blur_resize,fixed,0.3,0.25,0,0,8,0,0.0,colour
AOI_2_Vegas_img4684,AOI_2_Vegas,AOI_2_Vegas:-11520:3625,test,colour-r120_c15,blur_resize,fixed,0.45,0.25,0,0,8,0,0.0,colour
AOI_2_Vegas_img4684,AOI_2_Vegas,AOI_2_Vegas:-11520:3625,test,colour-r120_c15,blur_resize,fixed,0.6,0.25,0,0,8,0,0.0,colour
AOI_2_Vegas_img4684,AOI_2_Vegas,AOI_2_Vegas:-11520:3625,test,colour-r120_c15,blur_resize,fixed,0.9,0.25,0,0,8,0,0.0,colour
AOI_2_Vegas_img4684,AOI_2_Vegas,AOI_2_Vegas:-11520:3625,test,colour-r120_c15,blur_resize,fixed,1.2,0.25,0,0,8,0,0.0,colour
AOI_2_Vegas_img4684,AOI_2_Vegas,AOI_2_Vegas:-11520:3625,test,colour-r120_c15,blur_resize,fixed,1.8,0.25,0,0,8,0,0.0,colour
AOI_2_Vegas_img4684,AOI_2_Vegas,AOI_2_Vegas:-11520:3625,test,colour-r120_c15,blur_resize,fixed,2.4,0.25,0,0,8,0,0.0,colour
AOI_2_Vegas_img4684,AOI_2_Vegas,AOI_2_Vegas:-11520:3625,test,colour-r120_c15,blur_resize,fixed,3.6,0.25,0,0,8,0,0.0,colour
AOI_2_Vegas_img4684,AOI_2_Vegas,AOI_2_Vegas:-11520:3625,test,colour-r120_c15,blur_resize,fixed,5.0,0.25,0,0,8,0,0.0,colour
AOI_2_Vegas_img4684,AOI_2_Vegas,AOI_2_Vegas:-11520:3625,test,colour-r120_c15,blur_resize,fixed,10.0,0.25,0,0,8,0,0.0,colour
AOI_2_Vegas_img4696,AOI_2_Vegas,AOI_2_Vegas:-11519:3613,test,colour-r120_c15,blur_resize,fixed,0.3,0.25,0,0,12,0,0.0,colour
AOI_2_Vegas_img4696,AOI_2_Vegas,AOI_2_Vegas:-11519:3613,test,colour-r120_c15,blur_resize,fixed,0.45,0.25,0,0,12,0,0.0,colour
AOI_2_Vegas_img4696,AOI_2_Vegas,AOI_2_Vegas:-11519:3613,test,colour-r120_c15,blur_resize,fixed,0.6,0.25,0,0,12,0,0.0,colour
AOI_2_Vegas_img4696,AOI_2_Vegas,AOI_2_Vegas:-11519:3613,test,colour-r120_c15,blur_resize,fixed,0.9,0.25,0,0,12,0,0.0,colour
AOI_2_Vegas_img4696,AOI_2_Vegas,AOI_2_Vegas:-11519:3613,test,colour-r120_c15,blur_resize,fixed,1.2,0.25,0,0,12,0,0.0,colour
AOI_2_Vegas_img4696,AOI_2_Vegas,AOI_2_Vegas:-11519:3613,test,colour-r120_c15,blur_resize,fixed,1.8,0.25,0,0,12,0,0.0,colour
AOI_2_Vegas_img4696,AOI_2_Vegas,AOI_2_Vegas:-11519:3613,test,colour-r120_c15,blur_resize,fixed,2.4,0.25,0,0,12,0,0.0,colour
AOI_2_Vegas_img4696,AOI_2_Vegas,AOI_2_Vegas:-11519:3613,test,colour-r120_c15,blur_resize,fixed,3.6,0.25,0,0,12,0,0.0,colour
AOI_2_Vegas_img4696,AOI_2_Vegas,AOI_2_Vegas:-11519:3613,test,colour-r120_c15,blur_resize,fixed,5.0,0.25,0,0,12,0,0.0,colour
AOI_2_Vegas_img4696,AOI_2_Vegas,AOI_2_Vegas:-11519:3613,test,colour-r120_c15,blur_resize,fixed,10.0,0.25,0,0,12,0,0.0,colour
AOI_2_Vegas_img4701,AOI_2_Vegas,AOI_2_Vegas:-11519:3614,test,colour-r120_c15,blur_resize,fixed,0.3,0.25,0,3,3,0,0.0,colour
AOI_2_Vegas_img4701,AOI_2_Vegas,AOI_2_Vegas:-11519:3614,test,colour-r120_c15,blur_resize,fixed,0.45,0.25,0,1,3,0,0.0,colour
AOI_2_Vegas_img4701,AOI_2_Vegas,AOI_2_Vegas:-11519:3614,test,colour-r120_c15,blur_resize,fixed,0.6,0.25,0,0,3,0,0.0,colour
AOI_2_Vegas_img4701,AOI_2_Vegas,AOI_2_Vegas:-11519:3614,test,colour-r120_c15,blur_resize,fixed,0.9,0.25,0,0,3,0,0.0,colour
AOI_2_Vegas_img4701,AOI_2_Vegas,AOI_2_Vegas:-11519:3614,test,colour-r120_c15,blur_resize,fixed,1.2,0.25,0,0,3,0,0.0,colour
AOI_2_Vegas_img4701,AOI_2_Vegas,AOI_2_Vegas:-11519:3614,test,colour-r120_c15,blur_resize,fixed,1.8,0.25,0,0,3,0,0.0,colour
AOI_2_Vegas_img4701,AOI_2_Vegas,AOI_2_Vegas:-11519:3614,test,colour-r120_c15,blur_resize,fixed,2.4,0.25,0,0,3,0,0.0,colour
AOI_2_Vegas_img4701,AOI_2_Vegas,AOI_2_Vegas:-11519:3614,test,colour-r120_c15,blur_resize,fixed,3.6,0.25,0,0,3,0,0.0,colour
AOI_2_Vegas_img4701,AOI_2_Vegas,AOI_2_Vegas:-11519:3614,test,colour-r120_c15,blur_resize,fixed,5.0,0.25,0,0,3,0,0.0,colour
AOI_2_Vegas_img4701,AOI_2_Vegas,AOI_2_Vegas:-11519:3614,test,colour-r120_c15,blur_resize,fixed,10.0,0.25,0,0,3,0,0.0,colour
AOI_2_Vegas_img4721,AOI_2_Vegas,AOI_2_Vegas:-11519:3618,test,colour-r120_c15,blur_resize,fixed,0.3,0.25,0,0,49,0,0.0,colour
AOI_2_Vegas_img4721,AOI_2_Vegas,AOI_2_Vegas:-11519:3618,test,colour-r120_c15,blur_resize,fixed,0.45,0.25,0,0,49,0,0.0,colour
AOI_2_Vegas_img4721,AOI_2_Vegas,AOI_2_Vegas:-11519:3618,test,colour-r120_c15,blur_resize,fixed,0.6,0.25,0,0,49,0,0.0,colour
AOI_2_Vegas_img4721,AOI_2_Vegas,AOI_2_Vegas:-11519:3618,test,colour-r120_c15,blur_resize,fixed,0.9,0.25,0,0,49,0,0.0,colour
AOI_2_Vegas_img4721,AOI_2_Vegas,AOI_2_Vegas:-11519:3618,test,colour-r120_c15,blur_resize,fixed,1.2,0.25,0,0,49,0,0.0,colour
AOI_2_Vegas_img4721,AOI_2_Vegas,AOI_2_Vegas:-11519:3618,test,colour-r120_c15,blur_resize,fixed,1.8,0.25,0,0,49,0,0.0,colour
AOI_2_Vegas_img4721,AOI_2_Vegas,AOI_2_Vegas:-11519:3618,test,colour-r120_c15,blur_resize,fixed,2.4,0.25,0,0,49,0,0.0,colour
AOI_2_Vegas_img4721,AOI_2_Vegas,AOI_2_Vegas:-11519:3618,test,colour-r120_c15,blur_resize,fixed,3.6,0.25,0,0,49,0,0.0,colour
AOI_2_Vegas_img4721,AOI_2_Vegas,AOI_2_Vegas:-11519:3618,test,colour-r120_c15,blur_resize,fixed,5.0,0.25,0,0,49,0,0.0,colour
AOI_2_Vegas_img4721,AOI_2_Vegas,AOI_2_Vegas:-11519:3618,test,colour-r120_c15,blur_resize,fixed,10.0,0.25,0,0,49,0,0.0,colour
AOI_2_Vegas_img4785,AOI_2_Vegas,AOI_2_Vegas:-11519:3615,test,colour-r120_c15,blur_resize,fixed,0.3,0.25,0,0,53,0,0.0,colour
AOI_2_Vegas_img4785,AOI_2_Vegas,AOI_2_Vegas:-11519:3615,test,colour-r120_c15,blur_resize,fixed,0.45,0.25,0,0,53,0,0.0,colour
AOI_2_Vegas_img4785,AOI_2_Vegas,AOI_2_Vegas:-11519:3615,test,colour-r120_c15,blur_resize,fixed,0.6,0.25,0,0,53,0,0.0,colour
AOI_2_Vegas_img4785,AOI_2_Vegas,AOI_2_Vegas:-11519:3615,test,colour-r120_c15,blur_resize,fixed,0.9,0.25,0,0,53,0,0.0,colour
AOI_2_Vegas_img4785,AOI_2_Vegas,AOI_2_Vegas:-11519:3615,test,colour-r120_c15,blur_resize,fixed,1.2,0.25,0,0,53,0,0.0,colour
AOI_2_Vegas_img4785,AOI_2_Vegas,AOI_2_Vegas:-11519:3615,test,colour-r120_c15,blur_resize,fixed,1.8,0.25,0,0,53,0,0.0,colour
AOI_2_Vegas_img4785,AOI_2_Vegas,AOI_2_Vegas:-11519:3615,test,colour-r120_c15,blur_resize,fixed,2.4,0.25,0,0,53,0,0.0,colour
AOI_2_Vegas_img4785,AOI_2_Vegas,AOI_2_Vegas:-11519:3615,test,colour-r120_c15,blur_resize,fixed,3.6,0.25,0,0,53,0,0.0,colour
AOI_2_Vegas_img4785,AOI_2_Vegas,AOI_2_Vegas:-11519:3615,test,colour-r120_c15,blur_resize,fixed,5.0,0.25,0,0,53,0,0.0,colour
AOI_2_Vegas_img4785,AOI_2_Vegas,AOI_2_Vegas:-11519:3615,test,colour-r120_c15,blur_resize,fixed,10.0,0.25,0,0,53,0,0.0,colour
AOI_2_Vegas_img4786,AOI_2_Vegas,AOI_2_Vegas:-11519:3615,test,colour-r120_c15,blur_resize,fixed,0.3,0.25,0,0,52,0,0.0,colour
AOI_2_Vegas_img4786,AOI_2_Vegas,AOI_2_Vegas:-11519:3615,test,colour-r120_c15,blur_resize,fixed,0.45,0.25,0,0,52,0,0.0,colour
AOI_2_Vegas_img4786,AOI_2_Vegas,AOI_2_Vegas:-11519:3615,test,colour-r120_c15,blur_resize,fixed,0.6,0.25,0,0,52,0,0.0,colour
AOI_2_Vegas_img4786,AOI_2_Vegas,AOI_2_Vegas:-11519:3615,test,colour-r120_c15,blur_resize,fixed,0.9,0.25,0,0,52,0,0.0,colour
AOI_2_Vegas_img4786,AOI_2_Vegas,AOI_2_Vegas:-11519:3615,test,colour-r120_c15,blur_resize,fixed,1.2,0.25,0,0,52,0,0.0,colour
AOI_2_Vegas_img4786,AOI_2_Vegas,AOI_2_Vegas:-11519:3615,test,colour-r120_c15,blur_resize,fixed,1.8,0.25,0,0,52,0,0.0,colour
AOI_2_Vegas_img4786,AOI_2_Vegas,AOI_2_Vegas:-11519:3615,test,colour-r120_c15,blur_resize,fixed,2.4,0.25,0,0,52,0,0.0,colour
AOI_2_Vegas_img4786,AOI_2_Vegas,AOI_2_Vegas:-11519:3615,test,colour-r120_c15,blur_resize,fixed,3.6,0.25,0,0,52,0,0.0,colour
AOI_2_Vegas_img4786,AOI_2_Vegas,AOI_2_Vegas:-11519:3615,test,colour-r120_c15,blur_resize,fixed,5.0,0.25,0,0,52,0,0.0,colour
AOI_2_Vegas_img4786,AOI_2_Vegas,AOI_2_Vegas:-11519:3615,test,colour-r120_c15,blur_resize,fixed,10.0,0.25,0,0,52,0,0.0,colour
AOI_2_Vegas_img4794,AOI_2_Vegas,AOI_2_Vegas:-11519:3616,test,colour-r120_c15,blur_resize,fixed,0.3,0.25,0,0,5,0,0.0,colour
AOI_2_Vegas_img4794,AOI_2_Vegas,AOI_2_Vegas:-11519:3616,test,colour-r120_c15,blur_resize,fixed,0.45,0.25,0,0,5,0,0.0,colour
AOI_2_Vegas_img4794,AOI_2_Vegas,AOI_2_Vegas:-11519:3616,test,colour-r120_c15,blur_resize,fixed,0.6,0.25,0,0,5,0,0.0,colour
AOI_2_Vegas_img4794,AOI_2_Vegas,AOI_2_Vegas:-11519:3616,test,colour-r120_c15,blur_resize,fixed,0.9,0.25,0,0,5,0,0.0,colour
AOI_2_Vegas_img4794,AOI_2_Vegas,AOI_2_Vegas:-11519:3616,test,colour-r120_c15,blur_resize,fixed,1.2,0.25,0,0,5,0,0.0,colour
AOI_2_Vegas_img4794,AOI_2_Vegas,AOI_2_Vegas:-11519:3616,test,colour-r120_c15,blur_resize,fixed,1.8,0.25,0,0,5,0,0.0,colour
AOI_2_Vegas_img4794,AOI_2_Vegas,AOI_2_Vegas:-11519:3616,test,colour-r120_c15,blur_resize,fixed,2.4,0.25,0,0,5,0,0.0,colour
AOI_2_Vegas_img4794,AOI_2_Vegas,AOI_2_Vegas:-11519:3616,test,colour-r120_c15,blur_resize,fixed,3.6,0.25,0,0,5,0,0.0,colour
AOI_2_Vegas_img4794,AOI_2_Vegas,AOI_2_Vegas:-11519:3616,test,colour-r120_c15,blur_resize,fixed,5.0,0.25,0,0,5,0,0.0,colour
AOI_2_Vegas_img4794,AOI_2_Vegas,AOI_2_Vegas:-11519:3616,test,colour-r120_c15,blur_resize,fixed,10.0,0.25,0,0,5,0,0.0,colour
AOI_2_Vegas_img4805,AOI_2_Vegas,AOI_2_Vegas:-11519:3618,test,colour-r120_c15,blur_resize,fixed,0.3,0.25,0,0,26,0,0.0,colour
AOI_2_Vegas_img4805,AOI_2_Vegas,AOI_2_Vegas:-11519:3618,test,colour-r120_c15,blur_resize,fixed,0.45,0.25,0,0,26,0,0.0,colour
AOI_2_Vegas_img4805,AOI_2_Vegas,AOI_2_Vegas:-11519:3618,test,colour-r120_c15,blur_resize,fixed,0.6,0.25,0,0,26,0,0.0,colour
AOI_2_Vegas_img4805,AOI_2_Vegas,AOI_2_Vegas:-11519:3618,test,colour-r120_c15,blur_resize,fixed,0.9,0.25,0,0,26,0,0.0,colour
AOI_2_Vegas_img4805,AOI_2_Vegas,AOI_2_Vegas:-11519:3618,test,colour-r120_c15,blur_resize,fixed,1.2,0.25,0,0,26,0,0.0,colour
AOI_2_Vegas_img4805,AOI_2_Vegas,AOI_2_Vegas:-11519:3618,test,colour-r120_c15,blur_resize,fixed,1.8,0.25,0,0,26,0,0.0,colour
AOI_2_Vegas_img4805,AOI_2_Vegas,AOI_2_Vegas:-11519:3618,test,colour-r120_c15,blur_resize,fixed,2.4,0.25,0,0,26,0,0.0,colour
AOI_2_Vegas_img4805,AOI_2_Vegas,AOI_2_Vegas:-11519:3618,test,colour-r120_c15,blur_resize,fixed,3.6,0.25,0,0,26,0,0.0,colour
AOI_2_Vegas_img4805,AOI_2_Vegas,AOI_2_Vegas:-11519:3618,test,colour-r120_c15,blur_resize,fixed,5.0,0.25,0,0,26,0,0.0,colour
AOI_2_Vegas_img4805,AOI_2_Vegas,AOI_2_Vegas:-11519:3618,test,colour-r120_c15,blur_resize,fixed,10.0,0.25,0,0,26,0,0.0,colour
