chip_id,city,block,split,detector,method,config,level,iou,matches,predictions,references,removed,chance_matches,label
AOI_2_Vegas_img1007,AOI_2_Vegas,AOI_2_Vegas:-11528:3618,test,owlvit,blur_resize,fixed,0.3,0.25,20,22,34,33,5.05,owlvit
AOI_2_Vegas_img1007,AOI_2_Vegas,AOI_2_Vegas:-11528:3618,test,owlvit,blur_resize,fixed,0.45,0.25,18,20,34,29,4.1,owlvit
AOI_2_Vegas_img1007,AOI_2_Vegas,AOI_2_Vegas:-11528:3618,test,owlvit,blur_resize,fixed,0.6,0.25,13,13,34,19,2.3,owlvit
AOI_2_Vegas_img1007,AOI_2_Vegas,AOI_2_Vegas:-11528:3618,test,owlvit,blur_resize,fixed,0.9,0.25,1,1,34,15,0.15,owlvit
AOI_2_Vegas_img1007,AOI_2_Vegas,AOI_2_Vegas:-11528:3618,test,owlvit,blur_resize,fixed,1.2,0.25,0,0,34,7,0.0,owlvit
AOI_2_Vegas_img1007,AOI_2_Vegas,AOI_2_Vegas:-11528:3618,test,owlvit,blur_resize,fixed,1.8,0.25,0,0,34,6,0.0,owlvit
AOI_2_Vegas_img1007,AOI_2_Vegas,AOI_2_Vegas:-11528:3618,test,owlvit,blur_resize,fixed,2.4,0.25,0,0,34,7,0.0,owlvit
AOI_2_Vegas_img1007,AOI_2_Vegas,AOI_2_Vegas:-11528:3618,test,owlvit,blur_resize,fixed,3.6,0.25,0,0,34,4,0.0,owlvit
AOI_2_Vegas_img1007,AOI_2_Vegas,AOI_2_Vegas:-11528:3618,test,owlvit,blur_resize,fixed,5.0,0.25,0,0,34,3,0.0,owlvit
AOI_2_Vegas_img1007,AOI_2_Vegas,AOI_2_Vegas:-11528:3618,test,owlvit,blur_resize,fixed,10.0,0.25,0,0,34,0,0.0,owlvit
AOI_2_Vegas_img101,AOI_2_Vegas,AOI_2_Vegas:-11531:3620,test,owlvit,blur_resize,fixed,0.3,0.25,19,138,30,44,9.2,owlvit
AOI_2_Vegas_img101,AOI_2_Vegas,AOI_2_Vegas:-11531:3620,test,owlvit,blur_resize,fixed,0.45,0.25,18,120,30,48,9.1,owlvit
AOI_2_Vegas_img101,AOI_2_Vegas,AOI_2_Vegas:-11531:3620,test,owlvit,blur_resize,fixed,0.6,0.25,17,92,30,46,8.75,owlvit
AOI_2_Vegas_img101,AOI_2_Vegas,AOI_2_Vegas:-11531:3620,test,owlvit,blur_resize,fixed,0.9,0.25,16,73,30,52,7.55,owlvit
AOI_2_Vegas_img101,AOI_2_Vegas,AOI_2_Vegas:-11531:3620,test,owlvit,blur_resize,fixed,1.2,0.25,14,52,30,50,4.9,owlvit
AOI_2_Vegas_img101,AOI_2_Vegas,AOI_2_Vegas:-11531:3620,test,owlvit,blur_resize,fixed,1.8,0.25,9,12,30,27,2.15,owlvit
AOI_2_Vegas_img101,AOI_2_Vegas,AOI_2_Vegas:-11531:3620,test,owlvit,blur_resize,fixed,2.4,0.25,1,1,30,10,0.2,owlvit
AOI_2_Vegas_img101,AOI_2_Vegas,AOI_2_Vegas:-11531:3620,test,owlvit,blur_resize,fixed,3.6,0.25,0,0,30,4,0.0,owlvit
AOI_2_Vegas_img101,AOI_2_Vegas,AOI_2_Vegas:-11531:3620,test,owlvit,blur_resize,fixed,5.0,0.25,0,0,30,0,0.0,owlvit
AOI_2_Vegas_img101,AOI_2_Vegas,AOI_2_Vegas:-11531:3620,test,owlvit,blur_resize,fixed,10.0,0.25,0,0,30,0,0.0,owlvit
AOI_2_Vegas_img1035,AOI_2_Vegas,AOI_2_Vegas:-11528:3623,test,owlvit,blur_resize,fixed,0.3,0.25,0,0,0,2,0.0,owlvit
AOI_2_Vegas_img1035,AOI_2_Vegas,AOI_2_Vegas:-11528:3623,test,owlvit,blur_resize,fixed,0.45,0.25,0,0,0,1,0.0,owlvit
AOI_2_Vegas_img1035,AOI_2_Vegas,AOI_2_Vegas:-11528:3623,test,owlvit,blur_resize,fixed,0.6,0.25,0,0,0,1,0.0,owlvit
AOI_2_Vegas_img1035,AOI_2_Vegas,AOI_2_Vegas:-11528:3623,test,owlvit,blur_resize,fixed,0.9,0.25,0,0,0,1,0.0,owlvit
AOI_2_Vegas_img1035,AOI_2_Vegas,AOI_2_Vegas:-11528:3623,test,owlvit,blur_resize,fixed,1.2,0.25,0,0,0,1,0.0,owlvit
AOI_2_Vegas_img1035,AOI_2_Vegas,AOI_2_Vegas:-11528:3623,test,owlvit,blur_resize,fixed,1.8,0.25,0,0,0,1,0.0,owlvit
AOI_2_Vegas_img1035,AOI_2_Vegas,AOI_2_Vegas:-11528:3623,test,owlvit,blur_resize,fixed,2.4,0.25,0,0,0,1,0.0,owlvit
AOI_2_Vegas_img1035,AOI_2_Vegas,AOI_2_Vegas:-11528:3623,test,owlvit,blur_resize,fixed,3.6,0.25,0,0,0,2,0.0,owlvit
AOI_2_Vegas_img1035,AOI_2_Vegas,AOI_2_Vegas:-11528:3623,test,owlvit,blur_resize,fixed,5.0,0.25,0,0,0,1,0.0,owlvit
AOI_2_Vegas_img1035,AOI_2_Vegas,AOI_2_Vegas:-11528:3623,test,owlvit,blur_resize,fixed,10.0,0.25,0,0,0,1,0.0,owlvit
AOI_2_Vegas_img1041,AOI_2_Vegas,AOI_2_Vegas:-11528:3613,test,owlvit,blur_resize,fixed,0.3,0.25,20,28,39,54,3.15,owlvit
AOI_2_Vegas_img1041,AOI_2_Vegas,AOI_2_Vegas:-11528:3613,test,owlvit,blur_resize,fixed,0.45,0.25,20,23,39,51,3.65,owlvit
AOI_2_Vegas_img1041,AOI_2_Vegas,AOI_2_Vegas:-11528:3613,test,owlvit,blur_resize,fixed,0.6,0.25,19,23,39,45,3.65,owlvit
AOI_2_Vegas_img1041,AOI_2_Vegas,AOI_2_Vegas:-11528:3613,test,owlvit,blur_resize,fixed,0.9,0.25,16,18,39,41,2.2,owlvit
AOI_2_Vegas_img1041,AOI_2_Vegas,AOI_2_Vegas:-11528:3613,test,owlvit,blur_resize,fixed,1.2,0.25,18,22,39,34,3.55,owlvit
AOI_2_Vegas_img1041,AOI_2_Vegas,AOI_2_Vegas:-11528:3613,test,owlvit,blur_resize,fixed,1.8,0.25,14,17,39,43,2.95,owlvit
AOI_2_Vegas_img1041,AOI_2_Vegas,AOI_2_Vegas:-11528:3613,test,owlvit,blur_resize,fixed,2.4,0.25,13,16,39,38,1.7,owlvit
AOI_2_Vegas_img1041,AOI_2_Vegas,AOI_2_Vegas:-11528:3613,test,owlvit,blur_resize,fixed,3.6,0.25,2,2,39,18,0.2,owlvit
AOI_2_Vegas_img1041,AOI_2_Vegas,AOI_2_Vegas:-11528:3613,test,owlvit,blur_resize,fixed,5.0,0.25,0,0,39,11,0.0,owlvit
AOI_2_Vegas_img1041,AOI_2_Vegas,AOI_2_Vegas:-11528:3613,test,owlvit,blur_resize,fixed,10.0,0.25,0,0,39,1,0.0,owlvit
AOI_2_Vegas_img1104,AOI_2_Vegas,AOI_2_Vegas:-11528:3613,test,owlvit,blur_resize,fixed,0.3,0.25,1,8,10,16,0.05,owlvit
AOI_2_Vegas_img1104,AOI_2_Vegas,AOI_2_Vegas:-11528:3613,test,owlvit,blur_resize,fixed,0.45,0.25,1,3,10,12,0.0,owlvit
AOI_2_Vegas_img1104,AOI_2_Vegas,AOI_2_Vegas:-11528:3613,test,owlvit,blur_resize,fixed,0.6,0.25,1,2,10,11,0.0,owlvit
AOI_2_Vegas_img1104,AOI_2_Vegas,AOI_2_Vegas:-11528:3613,test,owlvit,blur_resize,fixed,0.9,0.25,0,0,10,10,0.0,owlvit
AOI_2_Vegas_img1104,AOI_2_Vegas,AOI_2_Vegas:-11528:3613,test,owlvit,blur_resize,fixed,1.2,0.25,0,0,10,8,0.0,owlvit
AOI_2_Vegas_img1104,AOI_2_Vegas,AOI_2_Vegas:-11528:3613,test,owlvit,blur_resize,fixed,1.8,0.25,0,0,10,11,0.0,owlvit
AOI_2_Vegas_img1104,AOI_2_Vegas,AOI_2_Vegas:-11528:3613,test,owlvit,blur_resize,fixed,2.4,0.25,0,0,10,8,0.0,owlvit
AOI_2_Vegas_img1104,AOI_2_Vegas,AOI_2_Vegas:-11528:3613,test,owlvit,blur_resize,fixed,3.6,0.25,0,0,10,4,0.0,owlvit
AOI_2_Vegas_img1104,AOI_2_Vegas,AOI_2_Vegas:-11528:3613,test,owlvit,blur_resize,fixed,5.0,0.25,0,0,10,0,0.0,owlvit
AOI_2_Vegas_img1104,AOI_2_Vegas,AOI_2_Vegas:-11528:3613,test,owlvit,blur_resize,fixed,10.0,0.25,0,0,10,0,0.0,owlvit
AOI_2_Vegas_img1122,AOI_2_Vegas,AOI_2_Vegas:-11528:3616,test,owlvit,blur_resize,fixed,0.3,0.25,10,27,29,56,3.6,owlvit
AOI_2_Vegas_img1122,AOI_2_Vegas,AOI_2_Vegas:-11528:3616,test,owlvit,blur_resize,fixed,0.45,0.25,12,24,29,60,3.45,owlvit
AOI_2_Vegas_img1122,AOI_2_Vegas,AOI_2_Vegas:-11528:3616,test,owlvit,blur_resize,fixed,0.6,0.25,10,19,29,55,2.5,owlvit
AOI_2_Vegas_img1122,AOI_2_Vegas,AOI_2_Vegas:-11528:3616,test,owlvit,blur_resize,fixed,0.9,0.25,7,15,29,48,2.65,owlvit
AOI_2_Vegas_img1122,AOI_2_Vegas,AOI_2_Vegas:-11528:3616,test,owlvit,blur_resize,fixed,1.2,0.25,3,4,29,38,1.0,owlvit
AOI_2_Vegas_img1122,AOI_2_Vegas,AOI_2_Vegas:-11528:3616,test,owlvit,blur_resize,fixed,1.8,0.25,0,0,29,18,0.0,owlvit
AOI_2_Vegas_img1122,AOI_2_Vegas,AOI_2_Vegas:-11528:3616,test,owlvit,blur_resize,fixed,2.4,0.25,0,0,29,9,0.0,owlvit
AOI_2_Vegas_img1122,AOI_2_Vegas,AOI_2_Vegas:-11528:3616,test,owlvit,blur_resize,fixed,3.6,0.25,0,0,29,6,0.0,owlvit
AOI_2_Vegas_img1122,AOI_2_Vegas,AOI_2_Vegas:-11528:3616,test,owlvit,blur_resize,fixed,5.0,0.25,0,0,29,4,0.0,owlvit
AOI_2_Vegas_img1122,AOI_2_Vegas,AOI_2_Vegas:-11528:3616,test,owlvit,blur_resize,fixed,10.0,0.25,0,0,29,2,0.0,owlvit
AOI_2_Vegas_img1163,AOI_2_Vegas,AOI_2_Vegas:-11528:3623,test,owlvit,blur_resize,fixed,0.3,0.25,26,103,33,39,9.9,owlvit
AOI_2_Vegas_img1163,AOI_2_Vegas,AOI_2_Vegas:-11528:3623,test,owlvit,blur_resize,fixed,0.45,0.25,26,86,33,41,8.7,owlvit
AOI_2_Vegas_img1163,AOI_2_Vegas,AOI_2_Vegas:-11528:3623,test,owlvit,blur_resize,fixed,0.6,0.25,24,65,33,38,7.85,owlvit
AOI_2_Vegas_img1163,AOI_2_Vegas,AOI_2_Vegas:-11528:3623,test,owlvit,blur_resize,fixed,0.9,0.25,23,43,33,35,6.45,owlvit
AOI_2_Vegas_img1163,AOI_2_Vegas,AOI_2_Vegas:-11528:3623,test,owlvit,blur_resize,fixed,1.2,0.25,14,16,33,30,2.35,owlvit
AOI_2_Vegas_img1163,AOI_2_Vegas,AOI_2_Vegas:-11528:3623,test,owlvit,blur_resize,fixed,1.8,0.25,1,1,33,10,0.3,owlvit
AOI_2_Vegas_img1163,AOI_2_Vegas,AOI_2_Vegas:-11528:3623,test,owlvit,blur_resize,fixed,2.4,0.25,0,0,33,3,0.0,owlvit
AOI_2_Vegas_img1163,AOI_2_Vegas,AOI_2_Vegas:-11528:3623,test,owlvit,blur_resize,fixed,3.6,0.25,0,0,33,6,0.0,owlvit
AOI_2_Vegas_img1163,AOI_2_Vegas,AOI_2_Vegas:-11528:3623,test,owlvit,blur_resize,fixed,5.0,0.25,0,0,33,3,0.0,owlvit
AOI_2_Vegas_img1163,AOI_2_Vegas,AOI_2_Vegas:-11528:3623,test,owlvit,blur_resize,fixed,10.0,0.25,0,0,33,0,0.0,owlvit
AOI_2_Vegas_img118,AOI_2_Vegas,AOI_2_Vegas:-11531:3613,test,owlvit,blur_resize,fixed,0.3,0.25,23,80,27,27,9.9,owlvit
AOI_2_Vegas_img118,AOI_2_Vegas,AOI_2_Vegas:-11531:3613,test,owlvit,blur_resize,fixed,0.45,0.25,23,73,27,26,8.95,owlvit
AOI_2_Vegas_img118,AOI_2_Vegas,AOI_2_Vegas:-11531:3613,test,owlvit,blur_resize,fixed,0.6,0.25,23,70,27,21,10.1,owlvit
AOI_2_Vegas_img118,AOI_2_Vegas,AOI_2_Vegas:-11531:3613,test,owlvit,blur_resize,fixed,0.9,0.25,21,50,27,19,8.1,owlvit
AOI_2_Vegas_img118,AOI_2_Vegas,AOI_2_Vegas:-11531:3613,test,owlvit,blur_resize,fixed,1.2,0.25,21,42,27,20,6.9,owlvit
AOI_2_Vegas_img118,AOI_2_Vegas,AOI_2_Vegas:-11531:3613,test,owlvit,blur_resize,fixed,1.8,0.25,12,12,27,25,3.35,owlvit
AOI_2_Vegas_img118,AOI_2_Vegas,AOI_2_Vegas:-11531:3613,test,owlvit,blur_resize,fixed,2.4,0.25,5,5,27,18,1.6,owlvit
AOI_2_Vegas_img118,AOI_2_Vegas,AOI_2_Vegas:-11531:3613,test,owlvit,blur_resize,fixed,3.6,0.25,2,2,27,10,0.4,owlvit
AOI_2_Vegas_img118,AOI_2_Vegas,AOI_2_Vegas:-11531:3613,test,owlvit,blur_resize,fixed,5.0,0.25,0,0,27,9,0.0,owlvit
AOI_2_Vegas_img118,AOI_2_Vegas,AOI_2_Vegas:-11531:3613,test,owlvit,blur_resize,fixed,10.0,0.25,0,0,27,0,0.0,owlvit
AOI_2_Vegas_img1197,AOI_2_Vegas,AOI_2_Vegas:-11528:3618,test,owlvit,blur_resize,fixed,0.3,0.25,20,39,50,36,8.0,owlvit
AOI_2_Vegas_img1197,AOI_2_Vegas,AOI_2_Vegas:-11528:3618,test,owlvit,blur_resize,fixed,0.45,0.25,8,8,50,25,2.25,owlvit
AOI_2_Vegas_img1197,AOI_2_Vegas,AOI_2_Vegas:-11528:3618,test,owlvit,blur_resize,fixed,0.6,0.25,2,2,50,15,0.75,owlvit
AOI_2_Vegas_img1197,AOI_2_Vegas,AOI_2_Vegas:-11528:3618,test,owlvit,blur_resize,fixed,0.9,0.25,0,0,50,7,0.0,owlvit
AOI_2_Vegas_img1197,AOI_2_Vegas,AOI_2_Vegas:-11528:3618,test,owlvit,blur_resize,fixed,1.2,0.25,0,0,50,6,0.0,owlvit
AOI_2_Vegas_img1197,AOI_2_Vegas,AOI_2_Vegas:-11528:3618,test,owlvit,blur_resize,fixed,1.8,0.25,0,0,50,7,0.0,owlvit
AOI_2_Vegas_img1197,AOI_2_Vegas,AOI_2_Vegas:-11528:3618,test,owlvit,blur_resize,fixed,2.4,0.25,0,0,50,4,0.0,owlvit
AOI_2_Vegas_img1197,AOI_2_Vegas,AOI_2_Vegas:-11528:3618,test,owlvit,blur_resize,fixed,3.6,0.25,0,0,50,5,0.0,owlvit
AOI_2_Vegas_img1197,AOI_2_Vegas,AOI_2_Vegas:-11528:3618,test,owlvit,blur_resize,fixed,5.0,0.25,0,0,50,5,0.0,owlvit
AOI_2_Vegas_img1197,AOI_2_Vegas,AOI_2_Vegas:-11528:3618,test,owlvit,blur_resize,fixed,10.0,0.25,0,0,50,0,0.0,owlvit
AOI_2_Vegas_img1215,AOI_2_Vegas,AOI_2_Vegas:-11528:3621,test,owlvit,blur_resize,fixed,0.3,0.25,23,121,29,15,12.4,owlvit
AOI_2_Vegas_img1215,AOI_2_Vegas,AOI_2_Vegas:-11528:3621,test,owlvit,blur_resize,fixed,0.45,0.25,22,91,29,17,11.4,owlvit
AOI_2_Vegas_img1215,AOI_2_Vegas,AOI_2_Vegas:-11528:3621,test,owlvit,blur_resize,fixed,0.6,0.25,22,76,29,17,9.65,owlvit
AOI_2_Vegas_img1215,AOI_2_Vegas,AOI_2_Vegas:-11528:3621,test,owlvit,blur_resize,fixed,0.9,0.25,23,62,29,19,8.8,owlvit
AOI_2_Vegas_img1215,AOI_2_Vegas,AOI_2_Vegas:-11528:3621,test,owlvit,blur_resize,fixed,1.2,0.25,19,42,29,20,7.75,owlvit
AOI_2_Vegas_img1215,AOI_2_Vegas,AOI_2_Vegas:-11528:3621,test,owlvit,blur_resize,fixed,1.8,0.25,16,23,29,17,5.0,owlvit
AOI_2_Vegas_img1215,AOI_2_Vegas,AOI_2_Vegas:-11528:3621,test,owlvit,blur_resize,fixed,2.4,0.25,0,0,29,0,0.0,owlvit
AOI_2_Vegas_img1215,AOI_2_Vegas,AOI_2_Vegas:-11528:3621,test,owlvit,blur_resize,fixed,3.6,0.25,0,0,29,1,0.0,owlvit
AOI_2_Vegas_img1215,AOI_2_Vegas,AOI_2_Vegas:-11528:3621,test,owlvit,blur_resize,fixed,5.0,0.25,0,0,29,1,0.0,owlvit
AOI_2_Vegas_img1215,AOI_2_Vegas,AOI_2_Vegas:-11528:3621,test,owlvit,blur_resize,fixed,10.0,0.25,0,0,29,0,0.0,owlvit
AOI_2_Vegas_img1216,AOI_2_Vegas,AOI_2_Vegas:-11528:3621,test,owlvit,blur_resize,fixed,0.3,0.25,26,85,31,30,6.75,owlvit
AOI_2_Vegas_img1216,AOI_2_Vegas,AOI_2_Vegas:-11528:3621,test,owlvit,blur_resize,fixed,0.45,0.25,24,63,31,31,5.1,owlvit
AOI_2_Vegas_img1216,AOI_2_Vegas,AOI_2_Vegas:-11528:3621,test,owlvit,blur_resize,fixed,0.6,0.25,20,43,31,28,4.6,owlvit
AOI_2_Vegas_img1216,AOI_2_Vegas,AOI_2_Vegas:-11528:3621,test,owlvit,blur_resize,fixed,0.9,0.25,17,32,31,25,3.3,owlvit
AOI_2_Vegas_img1216,AOI_2_Vegas,AOI_2_Vegas:-11528:3621,test,owlvit,blur_resize,fixed,1.2,0.25,18,25,31,21,2.6,owlvit
AOI_2_Vegas_img1216,AOI_2_Vegas,AOI_2_Vegas:-11528:3621,test,owlvit,blur_resize,fixed,1.8,0.25,1,1,31,11,0.15,owlvit
AOI_2_Vegas_img1216,AOI_2_Vegas,AOI_2_Vegas:-11528:3621,test,owlvit,blur_resize,fixed,2.4,0.25,0,0,31,5,0.0,owlvit
AOI_2_Vegas_img1216,AOI_2_Vegas,AOI_2_Vegas:-11528:3621,test,owlvit,blur_resize,fixed,3.6,0.25,0,0,31,2,0.0,owlvit
AOI_2_Vegas_img1216,AOI_2_Vegas,AOI_2_Vegas:-11528:3621,test,owlvit,blur_resize,fixed,5.0,0.25,0,0,31,1,0.0,owlvit
AOI_2_Vegas_img1216,AOI_2_Vegas,AOI_2_Vegas:-11528:3621,test,owlvit,blur_resize,fixed,10.0,0.25,0,0,31,0,0.0,owlvit
AOI_2_Vegas_img1217,AOI_2_Vegas,AOI_2_Vegas:-11528:3621,test,owlvit,blur_resize,fixed,0.3,0.25,40,82,52,43,16.45,owlvit
AOI_2_Vegas_img1217,AOI_2_Vegas,AOI_2_Vegas:-11528:3621,test,owlvit,blur_resize,fixed,0.45,0.25,37,72,52,41,15.6,owlvit
AOI_2_Vegas_img1217,AOI_2_Vegas,AOI_2_Vegas:-11528:3621,test,owlvit,blur_resize,fixed,0.6,0.25,40,65,52,32,13.5,owlvit
AOI_2_Vegas_img1217,AOI_2_Vegas,AOI_2_Vegas:-11528:3621,test,owlvit,blur_resize,fixed,0.9,0.25,32,43,52,31,10.05,owlvit
AOI_2_Vegas_img1217,AOI_2_Vegas,AOI_2_Vegas:-11528:3621,test,owlvit,blur_resize,fixed,1.2,0.25,12,12,52,19,3.55,owlvit
AOI_2_Vegas_img1217,AOI_2_Vegas,AOI_2_Vegas:-11528:3621,test,owlvit,blur_resize,fixed,1.8,0.25,0,0,52,2,0.0,owlvit
AOI_2_Vegas_img1217,AOI_2_Vegas,AOI_2_Vegas:-11528:3621,test,owlvit,blur_resize,fixed,2.4,0.25,0,0,52,2,0.0,owlvit
AOI_2_Vegas_img1217,AOI_2_Vegas,AOI_2_Vegas:-11528:3621,test,owlvit,blur_resize,fixed,3.6,0.25,0,0,52,1,0.0,owlvit
AOI_2_Vegas_img1217,AOI_2_Vegas,AOI_2_Vegas:-11528:3621,test,owlvit,blur_resize,fixed,5.0,0.25,0,0,52,1,0.0,owlvit
AOI_2_Vegas_img1217,AOI_2_Vegas,AOI_2_Vegas:-11528:3621,test,owlvit,blur_resize,fixed,10.0,0.25,0,0,52,0,0.0,owlvit
AOI_2_Vegas_img1246,AOI_2_Vegas,AOI_2_Vegas:-11528:3615,test,owlvit,blur_resize,fixed,0.3,0.25,22,63,40,34,8.35,owlvit
AOI_2_Vegas_img1246,AOI_2_Vegas,AOI_2_Vegas:-11528:3615,test,owlvit,blur_resize,fixed,0.45,0.25,21,46,40,33,6.35,owlvit
AOI_2_Vegas_img1246,AOI_2_Vegas,AOI_2_Vegas:-11528:3615,test,owlvit,blur_resize,fixed,0.6,0.25,20,35,40,28,5.55,owlvit
AOI_2_Vegas_img1246,AOI_2_Vegas,AOI_2_Vegas:-11528:3615,test,owlvit,blur_resize,fixed,0.9,0.25,18,26,40,26,4.3,owlvit
AOI_2_Vegas_img1246,AOI_2_Vegas,AOI_2_Vegas:-11528:3615,test,owlvit,blur_resize,fixed,1.2,0.25,5,6,40,8,1.0,owlvit
AOI_2_Vegas_img1246,AOI_2_Vegas,AOI_2_Vegas:-11528:3615,test,owlvit,blur_resize,fixed,1.8,0.25,0,0,40,3,0.0,owlvit
AOI_2_Vegas_img1246,AOI_2_Vegas,AOI_2_Vegas:-11528:3615,test,owlvit,blur_resize,fixed,2.4,0.25,0,0,40,4,0.0,owlvit
AOI_2_Vegas_img1246,AOI_2_Vegas,AOI_2_Vegas:-11528:3615,test,owlvit,blur_resize,fixed,3.6,0.25,0,0,40,3,0.0,owlvit
AOI_2_Vegas_img1246,AOI_2_Vegas,AOI_2_Vegas:-11528:3615,test,owlvit,blur_resize,fixed,5.0,0.25,0,0,40,4,0.0,owlvit
AOI_2_Vegas_img1246,AOI_2_Vegas,AOI_2_Vegas:-11528:3615,test,owlvit,blur_resize,fixed,10.0,0.25,0,0,40,1,0.0,owlvit
AOI_2_Vegas_img1290,AOI_2_Vegas,AOI_2_Vegas:-11528:3623,test,owlvit,blur_resize,fixed,0.3,0.25,28,43,45,37,7.25,owlvit
AOI_2_Vegas_img1290,AOI_2_Vegas,AOI_2_Vegas:-11528:3623,test,owlvit,blur_resize,fixed,0.45,0.25,22,30,45,41,5.25,owlvit
AOI_2_Vegas_img1290,AOI_2_Vegas,AOI_2_Vegas:-11528:3623,test,owlvit,blur_resize,fixed,0.6,0.25,19,22,45,32,3.8,owlvit
AOI_2_Vegas_img1290,AOI_2_Vegas,AOI_2_Vegas:-11528:3623,test,owlvit,blur_resize,fixed,0.9,0.25,14,18,45,29,2.8,owlvit
AOI_2_Vegas_img1290,AOI_2_Vegas,AOI_2_Vegas:-11528:3623,test,owlvit,blur_resize,fixed,1.2,0.25,10,12,45,26,2.25,owlvit
AOI_2_Vegas_img1290,AOI_2_Vegas,AOI_2_Vegas:-11528:3623,test,owlvit,blur_resize,fixed,1.8,0.25,5,5,45,15,1.1,owlvit
AOI_2_Vegas_img1290,AOI_2_Vegas,AOI_2_Vegas:-11528:3623,test,owlvit,blur_resize,fixed,2.4,0.25,1,1,45,9,0.1,owlvit
AOI_2_Vegas_img1290,AOI_2_Vegas,AOI_2_Vegas:-11528:3623,test,owlvit,blur_resize,fixed,3.6,0.25,0,0,45,8,0.0,owlvit
AOI_2_Vegas_img1290,AOI_2_Vegas,AOI_2_Vegas:-11528:3623,test,owlvit,blur_resize,fixed,5.0,0.25,0,0,45,6,0.0,owlvit
AOI_2_Vegas_img1290,AOI_2_Vegas,AOI_2_Vegas:-11528:3623,test,owlvit,blur_resize,fixed,10.0,0.25,0,0,45,0,0.0,owlvit
AOI_2_Vegas_img1381,AOI_2_Vegas,AOI_2_Vegas:-11527:3617,test,owlvit,blur_resize,fixed,0.3,0.25,31,60,52,28,11.8,owlvit
AOI_2_Vegas_img1381,AOI_2_Vegas,AOI_2_Vegas:-11527:3617,test,owlvit,blur_resize,fixed,0.45,0.25,32,57,52,26,10.65,owlvit
AOI_2_Vegas_img1381,AOI_2_Vegas,AOI_2_Vegas:-11527:3617,test,owlvit,blur_resize,fixed,0.6,0.25,29,50,52,25,10.1,owlvit
AOI_2_Vegas_img1381,AOI_2_Vegas,AOI_2_Vegas:-11527:3617,test,owlvit,blur_resize,fixed,0.9,0.25,25,40,52,23,8.6,owlvit
AOI_2_Vegas_img1381,AOI_2_Vegas,AOI_2_Vegas:-11527:3617,test,owlvit,blur_resize,fixed,1.2,0.25,18,24,52,19,6.3,owlvit
AOI_2_Vegas_img1381,AOI_2_Vegas,AOI_2_Vegas:-11527:3617,test,owlvit,blur_resize,fixed,1.8,0.25,2,3,52,4,0.7,owlvit
AOI_2_Vegas_img1381,AOI_2_Vegas,AOI_2_Vegas:-11527:3617,test,owlvit,blur_resize,fixed,2.4,0.25,0,0,52,1,0.0,owlvit
AOI_2_Vegas_img1381,AOI_2_Vegas,AOI_2_Vegas:-11527:3617,test,owlvit,blur_resize,fixed,3.6,0.25,0,0,52,1,0.0,owlvit
AOI_2_Vegas_img1381,AOI_2_Vegas,AOI_2_Vegas:-11527:3617,test,owlvit,blur_resize,fixed,5.0,0.25,0,0,52,1,0.0,owlvit
AOI_2_Vegas_img1381,AOI_2_Vegas,AOI_2_Vegas:-11527:3617,test,owlvit,blur_resize,fixed,10.0,0.25,0,0,52,0,0.0,owlvit
AOI_2_Vegas_img139,AOI_2_Vegas,AOI_2_Vegas:-11531:3617,test,owlvit,blur_resize,fixed,0.3,0.25,17,68,26,33,6.35,owlvit
AOI_2_Vegas_img139,AOI_2_Vegas,AOI_2_Vegas:-11531:3617,test,owlvit,blur_resize,fixed,0.45,0.25,14,49,26,32,4.65,owlvit
AOI_2_Vegas_img139,AOI_2_Vegas,AOI_2_Vegas:-11531:3617,test,owlvit,blur_resize,fixed,0.6,0.25,15,40,26,28,4.5,owlvit
AOI_2_Vegas_img139,AOI_2_Vegas,AOI_2_Vegas:-11531:3617,test,owlvit,blur_resize,fixed,0.9,0.25,11,25,26,35,2.8,owlvit
AOI_2_Vegas_img139,AOI_2_Vegas,AOI_2_Vegas:-11531:3617,test,owlvit,blur_resize,fixed,1.2,0.25,5,9,26,25,1.15,owlvit
AOI_2_Vegas_img139,AOI_2_Vegas,AOI_2_Vegas:-11531:3617,test,owlvit,blur_resize,fixed,1.8,0.25,0,0,26,11,0.0,owlvit
AOI_2_Vegas_img139,AOI_2_Vegas,AOI_2_Vegas:-11531:3617,test,owlvit,blur_resize,fixed,2.4,0.25,0,0,26,6,0.0,owlvit
AOI_2_Vegas_img139,AOI_2_Vegas,AOI_2_Vegas:-11531:3617,test,owlvit,blur_resize,fixed,3.6,0.25,0,0,26,3,0.0,owlvit
AOI_2_Vegas_img139,AOI_2_Vegas,AOI_2_Vegas:-11531:3617,test,owlvit,blur_resize,fixed,5.0,0.25,0,0,26,2,0.0,owlvit
AOI_2_Vegas_img139,AOI_2_Vegas,AOI_2_Vegas:-11531:3617,test,owlvit,blur_resize,fixed,10.0,0.25,0,0,26,0,0.0,owlvit
AOI_2_Vegas_img1489,AOI_2_Vegas,AOI_2_Vegas:-11527:3614,test,owlvit,blur_resize,fixed,0.3,0.25,1,2,14,17,0.3,owlvit
AOI_2_Vegas_img1489,AOI_2_Vegas,AOI_2_Vegas:-11527:3614,test,owlvit,blur_resize,fixed,0.45,0.25,0,0,14,8,0.0,owlvit
AOI_2_Vegas_img1489,AOI_2_Vegas,AOI_2_Vegas:-11527:3614,test,owlvit,blur_resize,fixed,0.6,0.25,0,0,14,7,0.0,owlvit
AOI_2_Vegas_img1489,AOI_2_Vegas,AOI_2_Vegas:-11527:3614,test,owlvit,blur_resize,fixed,0.9,0.25,0,0,14,3,0.0,owlvit
AOI_2_Vegas_img1489,AOI_2_Vegas,AOI_2_Vegas:-11527:3614,test,owlvit,blur_resize,fixed,1.2,0.25,0,0,14,3,0.0,owlvit
AOI_2_Vegas_img1489,AOI_2_Vegas,AOI_2_Vegas:-11527:3614,test,owlvit,blur_resize,fixed,1.8,0.25,0,0,14,1,0.0,owlvit
AOI_2_Vegas_img1489,AOI_2_Vegas,AOI_2_Vegas:-11527:3614,test,owlvit,blur_resize,fixed,2.4,0.25,0,0,14,3,0.0,owlvit
AOI_2_Vegas_img1489,AOI_2_Vegas,AOI_2_Vegas:-11527:3614,test,owlvit,blur_resize,fixed,3.6,0.25,0,0,14,6,0.0,owlvit
AOI_2_Vegas_img1489,AOI_2_Vegas,AOI_2_Vegas:-11527:3614,test,owlvit,blur_resize,fixed,5.0,0.25,0,0,14,4,0.0,owlvit
AOI_2_Vegas_img1489,AOI_2_Vegas,AOI_2_Vegas:-11527:3614,test,owlvit,blur_resize,fixed,10.0,0.25,0,0,14,3,0.0,owlvit
AOI_2_Vegas_img1504,AOI_2_Vegas,AOI_2_Vegas:-11527:3616,test,owlvit,blur_resize,fixed,0.3,0.25,6,23,11,16,0.2,owlvit
AOI_2_Vegas_img1504,AOI_2_Vegas,AOI_2_Vegas:-11527:3616,test,owlvit,blur_resize,fixed,0.45,0.25,4,10,11,10,0.15,owlvit
AOI_2_Vegas_img1504,AOI_2_Vegas,AOI_2_Vegas:-11527:3616,test,owlvit,blur_resize,fixed,0.6,0.25,1,4,11,3,0.05,owlvit
AOI_2_Vegas_img1504,AOI_2_Vegas,AOI_2_Vegas:-11527:3616,test,owlvit,blur_resize,fixed,0.9,0.25,1,1,11,0,0.0,owlvit
AOI_2_Vegas_img1504,AOI_2_Vegas,AOI_2_Vegas:-11527:3616,test,owlvit,blur_resize,fixed,1.2,0.25,0,0,11,0,0.0,owlvit
AOI_2_Vegas_img1504,AOI_2_Vegas,AOI_2_Vegas:-11527:3616,test,owlvit,blur_resize,fixed,1.8,0.25,0,0,11,0,0.0,owlvit
AOI_2_Vegas_img1504,AOI_2_Vegas,AOI_2_Vegas:-11527:3616,test,owlvit,blur_resize,fixed,2.4,0.25,0,0,11,2,0.0,owlvit
AOI_2_Vegas_img1504,AOI_2_Vegas,AOI_2_Vegas:-11527:3616,test,owlvit,blur_resize,fixed,3.6,0.25,0,0,11,7,0.0,owlvit
AOI_2_Vegas_img1504,AOI_2_Vegas,AOI_2_Vegas:-11527:3616,test,owlvit,blur_resize,fixed,5.0,0.25,0,0,11,0,0.0,owlvit
AOI_2_Vegas_img1504,AOI_2_Vegas,AOI_2_Vegas:-11527:3616,test,owlvit,blur_resize,fixed,10.0,0.25,0,0,11,0,0.0,owlvit
AOI_2_Vegas_img1510,AOI_2_Vegas,AOI_2_Vegas:-11527:3618,test,owlvit,blur_resize,fixed,0.3,0.25,0,3,1,19,0.0,owlvit
AOI_2_Vegas_img1510,AOI_2_Vegas,AOI_2_Vegas:-11527:3618,test,owlvit,blur_resize,fixed,0.45,0.25,0,3,1,13,0.0,owlvit
AOI_2_Vegas_img1510,AOI_2_Vegas,AOI_2_Vegas:-11527:3618,test,owlvit,blur_resize,fixed,0.6,0.25,0,1,1,11,0.0,owlvit
AOI_2_Vegas_img1510,AOI_2_Vegas,AOI_2_Vegas:-11527:3618,test,owlvit,blur_resize,fixed,0.9,0.25,0,0,1,9,0.0,owlvit
AOI_2_Vegas_img1510,AOI_2_Vegas,AOI_2_Vegas:-11527:3618,test,owlvit,blur_resize,fixed,1.2,0.25,0,0,1,5,0.0,owlvit
AOI_2_Vegas_img1510,AOI_2_Vegas,AOI_2_Vegas:-11527:3618,test,owlvit,blur_resize,fixed,1.8,0.25,0,0,1,6,0.0,owlvit
AOI_2_Vegas_img1510,AOI_2_Vegas,AOI_2_Vegas:-11527:3618,test,owlvit,blur_resize,fixed,2.4,0.25,0,0,1,4,0.0,owlvit
AOI_2_Vegas_img1510,AOI_2_Vegas,AOI_2_Vegas:-11527:3618,test,owlvit,blur_resize,fixed,3.6,0.25,0,0,1,2,0.0,owlvit
AOI_2_Vegas_img1510,AOI_2_Vegas,AOI_2_Vegas:-11527:3618,test,owlvit,blur_resize,fixed,5.0,0.25,0,0,1,1,0.0,owlvit
AOI_2_Vegas_img1510,AOI_2_Vegas,AOI_2_Vegas:-11527:3618,test,owlvit,blur_resize,fixed,10.0,0.25,0,0,1,0,0.0,owlvit
AOI_2_Vegas_img1536,AOI_2_Vegas,AOI_2_Vegas:-11527:3622,test,owlvit,blur_resize,fixed,0.3,0.25,4,4,24,20,0.75,owlvit
AOI_2_Vegas_img1536,AOI_2_Vegas,AOI_2_Vegas:-11527:3622,test,owlvit,blur_resize,fixed,0.45,0.25,3,3,24,18,0.35,owlvit
AOI_2_Vegas_img1536,AOI_2_Vegas,AOI_2_Vegas:-11527:3622,test,owlvit,blur_resize,fixed,0.6,0.25,3,3,24,15,0.45,owlvit
AOI_2_Vegas_img1536,AOI_2_Vegas,AOI_2_Vegas:-11527:3622,test,owlvit,blur_resize,fixed,0.9,0.25,1,1,24,13,0.0,owlvit
AOI_2_Vegas_img1536,AOI_2_Vegas,AOI_2_Vegas:-11527:3622,test,owlvit,blur_resize,fixed,1.2,0.25,1,1,24,9,0.2,owlvit
AOI_2_Vegas_img1536,AOI_2_Vegas,AOI_2_Vegas:-11527:3622,test,owlvit,blur_resize,fixed,1.8,0.25,0,0,24,4,0.0,owlvit
AOI_2_Vegas_img1536,AOI_2_Vegas,AOI_2_Vegas:-11527:3622,test,owlvit,blur_resize,fixed,2.4,0.25,0,0,24,4,0.0,owlvit
AOI_2_Vegas_img1536,AOI_2_Vegas,AOI_2_Vegas:-11527:3622,test,owlvit,blur_resize,fixed,3.6,0.25,0,0,24,3,0.0,owlvit
AOI_2_Vegas_img1536,AOI_2_Vegas,AOI_2_Vegas:-11527:3622,test,owlvit,blur_resize,fixed,5.0,0.25,0,0,24,4,0.0,owlvit
AOI_2_Vegas_img1536,AOI_2_Vegas,AOI_2_Vegas:-11527:3622,test,owlvit,blur_resize,fixed,10.0,0.25,0,0,24,0,0.0,owlvit
AOI_2_Vegas_img1540,AOI_2_Vegas,AOI_2_Vegas:-11527:3623,test,owlvit,blur_resize,fixed,0.3,0.25,29,56,36,37,9.15,owlvit
AOI_2_Vegas_img1540,AOI_2_Vegas,AOI_2_Vegas:-11527:3623,test,owlvit,blur_resize,fixed,0.45,0.25,26,42,36,36,7.05,owlvit
AOI_2_Vegas_img1540,AOI_2_Vegas,AOI_2_Vegas:-11527:3623,test,owlvit,blur_resize,fixed,0.6,0.25,15,22,36,30,4.5,owlvit
AOI_2_Vegas_img1540,AOI_2_Vegas,AOI_2_Vegas:-11527:3623,test,owlvit,blur_resize,fixed,0.9,0.25,9,14,36,31,2.9,owlvit
AOI_2_Vegas_img1540,AOI_2_Vegas,AOI_2_Vegas:-11527:3623,test,owlvit,blur_resize,fixed,1.2,0.25,7,8,36,26,1.8,owlvit
AOI_2_Vegas_img1540,AOI_2_Vegas,AOI_2_Vegas:-11527:3623,test,owlvit,blur_resize,fixed,1.8,0.25,4,5,36,20,0.85,owlvit
AOI_2_Vegas_img1540,AOI_2_Vegas,AOI_2_Vegas:-11527:3623,test,owlvit,blur_resize,fixed,2.4,0.25,5,7,36,30,1.3,owlvit
AOI_2_Vegas_img1540,AOI_2_Vegas,AOI_2_Vegas:-11527:3623,test,owlvit,blur_resize,fixed,3.6,0.25,0,0,36,28,0.0,owlvit
AOI_2_Vegas_img1540,AOI_2_Vegas,AOI_2_Vegas:-11527:3623,test,owlvit,blur_resize,fixed,5.0,0.25,0,0,36,16,0.0,owlvit
AOI_2_Vegas_img1540,AOI_2_Vegas,AOI_2_Vegas:-11527:3623,test,owlvit,blur_resize,fixed,10.0,0.25,0,0,36,0,0.0,owlvit
AOI_2_Vegas_img1542,AOI_2_Vegas,AOI_2_Vegas:-11527:3612,test,owlvit,blur_resize,fixed,0.3,0.25,0,0,61,18,0.0,owlvit
AOI_2_Vegas_img1542,AOI_2_Vegas,AOI_2_Vegas:-11527:3612,test,owlvit,blur_resize,fixed,0.45,0.25,0,0,61,13,0.0,owlvit
AOI_2_Vegas_img1542,AOI_2_Vegas,AOI_2_Vegas:-11527:3612,test,owlvit,blur_resize,fixed,0.6,0.25,0,0,61,13,0.0,owlvit
AOI_2_Vegas_img1542,AOI_2_Vegas,AOI_2_Vegas:-11527:3612,test,owlvit,blur_resize,fixed,0.9,0.25,0,0,61,8,0.0,owlvit
AOI_2_Vegas_img1542,AOI_2_Vegas,AOI_2_Vegas:-11527:3612,test,owlvit,blur_resize,fixed,1.2,0.25,0,0,61,8,0.0,owlvit
AOI_2_Vegas_img1542,AOI_2_Vegas,AOI_2_Vegas:-11527:3612,test,owlvit,blur_resize,fixed,1.8,0.25,0,0,61,3,0.0,owlvit
AOI_2_Vegas_img1542,AOI_2_Vegas,AOI_2_Vegas:-11527:3612,test,owlvit,blur_resize,fixed,2.4,0.25,0,0,61,2,0.0,owlvit
AOI_2_Vegas_img1542,AOI_2_Vegas,AOI_2_Vegas:-11527:3612,test,owlvit,blur_resize,fixed,3.6,0.25,0,0,61,1,0.0,owlvit
AOI_2_Vegas_img1542,AOI_2_Vegas,AOI_2_Vegas:-11527:3612,test,owlvit,blur_resize,fixed,5.0,0.25,0,0,61,1,0.0,owlvit
AOI_2_Vegas_img1542,AOI_2_Vegas,AOI_2_Vegas:-11527:3612,test,owlvit,blur_resize,fixed,10.0,0.25,0,0,61,0,0.0,owlvit
AOI_2_Vegas_img1548,AOI_2_Vegas,AOI_2_Vegas:-11527:3613,test,owlvit,blur_resize,fixed,0.3,0.25,14,65,26,53,3.65,owlvit
AOI_2_Vegas_img1548,AOI_2_Vegas,AOI_2_Vegas:-11527:3613,test,owlvit,blur_resize,fixed,0.45,0.25,14,49,26,47,3.45,owlvit
AOI_2_Vegas_img1548,AOI_2_Vegas,AOI_2_Vegas:-11527:3613,test,owlvit,blur_resize,fixed,0.6,0.25,13,38,26,48,2.8,owlvit
AOI_2_Vegas_img1548,AOI_2_Vegas,AOI_2_Vegas:-11527:3613,test,owlvit,blur_resize,fixed,0.9,0.25,12,32,26,42,2.9,owlvit
AOI_2_Vegas_img1548,AOI_2_Vegas,AOI_2_Vegas:-11527:3613,test,owlvit,blur_resize,fixed,1.2,0.25,9,17,26,35,1.65,owlvit
AOI_2_Vegas_img1548,AOI_2_Vegas,AOI_2_Vegas:-11527:3613,test,owlvit,blur_resize,fixed,1.8,0.25,3,5,26,20,0.6,owlvit
AOI_2_Vegas_img1548,AOI_2_Vegas,AOI_2_Vegas:-11527:3613,test,owlvit,blur_resize,fixed,2.4,0.25,0,0,26,6,0.0,owlvit
AOI_2_Vegas_img1548,AOI_2_Vegas,AOI_2_Vegas:-11527:3613,test,owlvit,blur_resize,fixed,3.6,0.25,0,0,26,2,0.0,owlvit
AOI_2_Vegas_img1548,AOI_2_Vegas,AOI_2_Vegas:-11527:3613,test,owlvit,blur_resize,fixed,5.0,0.25,0,0,26,1,0.0,owlvit
AOI_2_Vegas_img1548,AOI_2_Vegas,AOI_2_Vegas:-11527:3613,test,owlvit,blur_resize,fixed,10.0,0.25,0,0,26,0,0.0,owlvit
AOI_2_Vegas_img1566,AOI_2_Vegas,AOI_2_Vegas:-11527:3616,test,owlvit,blur_resize,fixed,0.3,0.25,11,55,16,49,0.95,owlvit
AOI_2_Vegas_img1566,AOI_2_Vegas,AOI_2_Vegas:-11527:3616,test,owlvit,blur_resize,fixed,0.45,0.25,8,19,16,33,0.2,owlvit
AOI_2_Vegas_img1566,AOI_2_Vegas,AOI_2_Vegas:-11527:3616,test,owlvit,blur_resize,fixed,0.6,0.25,6,15,16,27,0.2,owlvit
AOI_2_Vegas_img1566,AOI_2_Vegas,AOI_2_Vegas:-11527:3616,test,owlvit,blur_resize,fixed,0.9,0.25,7,15,16,24,0.35,owlvit
AOI_2_Vegas_img1566,AOI_2_Vegas,AOI_2_Vegas:-11527:3616,test,owlvit,blur_resize,fixed,1.2,0.25,5,9,16,21,0.1,owlvit
AOI_2_Vegas_img1566,AOI_2_Vegas,AOI_2_Vegas:-11527:3616,test,owlvit,blur_resize,fixed,1.8,0.25,1,2,16,10,0.05,owlvit
AOI_2_Vegas_img1566,AOI_2_Vegas,AOI_2_Vegas:-11527:3616,test,owlvit,blur_resize,fixed,2.4,0.25,1,1,16,10,0.05,owlvit
AOI_2_Vegas_img1566,AOI_2_Vegas,AOI_2_Vegas:-11527:3616,test,owlvit,blur_resize,fixed,3.6,0.25,0,0,16,3,0.0,owlvit
AOI_2_Vegas_img1566,AOI_2_Vegas,AOI_2_Vegas:-11527:3616,test,owlvit,blur_resize,fixed,5.0,0.25,0,0,16,3,0.0,owlvit
AOI_2_Vegas_img1566,AOI_2_Vegas,AOI_2_Vegas:-11527:3616,test,owlvit,blur_resize,fixed,10.0,0.25,0,0,16,0,0.0,owlvit
AOI_2_Vegas_img1582,AOI_2_Vegas,AOI_2_Vegas:-11527:3619,test,owlvit,blur_resize,fixed,0.3,0.25,9,70,19,64,2.75,owlvit
AOI_2_Vegas_img1582,AOI_2_Vegas,AOI_2_Vegas:-11527:3619,test,owlvit,blur_resize,fixed,0.45,0.25,8,59,19,63,2.05,owlvit
AOI_2_Vegas_img1582,AOI_2_Vegas,AOI_2_Vegas:-11527:3619,test,owlvit,blur_resize,fixed,0.6,0.25,8,35,19,61,1.4,owlvit
AOI_2_Vegas_img1582,AOI_2_Vegas,AOI_2_Vegas:-11527:3619,test,owlvit,blur_resize,fixed,0.9,0.25,6,28,19,56,1.15,owlvit
AOI_2_Vegas_img1582,AOI_2_Vegas,AOI_2_Vegas:-11527:3619,test,owlvit,blur_resize,fixed,1.2,0.25,6,19,19,46,1.05,owlvit
AOI_2_Vegas_img1582,AOI_2_Vegas,AOI_2_Vegas:-11527:3619,test,owlvit,blur_resize,fixed,1.8,0.25,0,4,19,30,0.3,owlvit
AOI_2_Vegas_img1582,AOI_2_Vegas,AOI_2_Vegas:-11527:3619,test,owlvit,blur_resize,fixed,2.4,0.25,0,2,19,21,0.1,owlvit
AOI_2_Vegas_img1582,AOI_2_Vegas,AOI_2_Vegas:-11527:3619,test,owlvit,blur_resize,fixed,3.6,0.25,0,0,19,8,0.0,owlvit
AOI_2_Vegas_img1582,AOI_2_Vegas,AOI_2_Vegas:-11527:3619,test,owlvit,blur_resize,fixed,5.0,0.25,0,0,19,2,0.0,owlvit
AOI_2_Vegas_img1582,AOI_2_Vegas,AOI_2_Vegas:-11527:3619,test,owlvit,blur_resize,fixed,10.0,0.25,0,0,19,1,0.0,owlvit
AOI_2_Vegas_img1601,AOI_2_Vegas,AOI_2_Vegas:-11527:3623,test,owlvit,blur_resize,fixed,0.3,0.25,12,48,17,50,3.7,owlvit
AOI_2_Vegas_img1601,AOI_2_Vegas,AOI_2_Vegas:-11527:3623,test,owlvit,blur_resize,fixed,0.45,0.25,10,34,17,47,3.2,owlvit
AOI_2_Vegas_img1601,AOI_2_Vegas,AOI_2_Vegas:-11527:3623,test,owlvit,blur_resize,fixed,0.6,0.25,10,35,17,48,2.6,owlvit
AOI_2_Vegas_img1601,AOI_2_Vegas,AOI_2_Vegas:-11527:3623,test,owlvit,blur_resize,fixed,0.9,0.25,8,26,17,45,2.6,owlvit
AOI_2_Vegas_img1601,AOI_2_Vegas,AOI_2_Vegas:-11527:3623,test,owlvit,blur_resize,fixed,1.2,0.25,6,17,17,44,1.25,owlvit
AOI_2_Vegas_img1601,AOI_2_Vegas,AOI_2_Vegas:-11527:3623,test,owlvit,blur_resize,fixed,1.8,0.25,4,6,17,36,0.7,owlvit
AOI_2_Vegas_img1601,AOI_2_Vegas,AOI_2_Vegas:-11527:3623,test,owlvit,blur_resize,fixed,2.4,0.25,1,2,17,17,0.35,owlvit
AOI_2_Vegas_img1601,AOI_2_Vegas,AOI_2_Vegas:-11527:3623,test,owlvit,blur_resize,fixed,3.6,0.25,0,0,17,3,0.0,owlvit
AOI_2_Vegas_img1601,AOI_2_Vegas,AOI_2_Vegas:-11527:3623,test,owlvit,blur_resize,fixed,5.0,0.25,0,0,17,1,0.0,owlvit
AOI_2_Vegas_img1601,AOI_2_Vegas,AOI_2_Vegas:-11527:3623,test,owlvit,blur_resize,fixed,10.0,0.25,0,0,17,1,0.0,owlvit
AOI_2_Vegas_img1605,AOI_2_Vegas,AOI_2_Vegas:-11527:3612,test,owlvit,blur_resize,fixed,0.3,0.25,17,22,22,40,1.4,owlvit
AOI_2_Vegas_img1605,AOI_2_Vegas,AOI_2_Vegas:-11527:3612,test,owlvit,blur_resize,fixed,0.45,0.25,17,22,22,32,1.85,owlvit
AOI_2_Vegas_img1605,AOI_2_Vegas,AOI_2_Vegas:-11527:3612,test,owlvit,blur_resize,fixed,0.6,0.25,16,19,22,29,1.25,owlvit
AOI_2_Vegas_img1605,AOI_2_Vegas,AOI_2_Vegas:-11527:3612,test,owlvit,blur_resize,fixed,0.9,0.25,16,18,22,26,1.75,owlvit
AOI_2_Vegas_img1605,AOI_2_Vegas,AOI_2_Vegas:-11527:3612,test,owlvit,blur_resize,fixed,1.2,0.25,15,18,22,22,1.15,owlvit
AOI_2_Vegas_img1605,AOI_2_Vegas,AOI_2_Vegas:-11527:3612,test,owlvit,blur_resize,fixed,1.8,0.25,0,0,22,17,0.0,owlvit
AOI_2_Vegas_img1605,AOI_2_Vegas,AOI_2_Vegas:-11527:3612,test,owlvit,blur_resize,fixed,2.4,0.25,0,0,22,12,0.0,owlvit
AOI_2_Vegas_img1605,AOI_2_Vegas,AOI_2_Vegas:-11527:3612,test,owlvit,blur_resize,fixed,3.6,0.25,0,0,22,12,0.0,owlvit
AOI_2_Vegas_img1605,AOI_2_Vegas,AOI_2_Vegas:-11527:3612,test,owlvit,blur_resize,fixed,5.0,0.25,0,0,22,5,0.0,owlvit
AOI_2_Vegas_img1605,AOI_2_Vegas,AOI_2_Vegas:-11527:3612,test,owlvit,blur_resize,fixed,10.0,0.25,0,0,22,1,0.0,owlvit
AOI_2_Vegas_img1626,AOI_2_Vegas,AOI_2_Vegas:-11527:3616,test,owlvit,blur_resize,fixed,0.3,0.25,22,29,38,29,5.8,owlvit
AOI_2_Vegas_img1626,AOI_2_Vegas,AOI_2_Vegas:-11527:3616,test,owlvit,blur_resize,fixed,0.45,0.25,19,29,38,27,6.15,owlvit
AOI_2_Vegas_img1626,AOI_2_Vegas,AOI_2_Vegas:-11527:3616,test,owlvit,blur_resize,fixed,0.6,0.25,18,25,38,25,5.5,owlvit
AOI_2_Vegas_img1626,AOI_2_Vegas,AOI_2_Vegas:-11527:3616,test,owlvit,blur_resize,fixed,0.9,0.25,15,21,38,27,3.9,owlvit
AOI_2_Vegas_img1626,AOI_2_Vegas,AOI_2_Vegas:-11527:3616,test,owlvit,blur_resize,fixed,1.2,0.25,8,12,38,15,2.9,owlvit
AOI_2_Vegas_img1626,AOI_2_Vegas,AOI_2_Vegas:-11527:3616,test,owlvit,blur_resize,fixed,1.8,0.25,1,1,38,6,0.25,owlvit
AOI_2_Vegas_img1626,AOI_2_Vegas,AOI_2_Vegas:-11527:3616,test,owlvit,blur_resize,fixed,2.4,0.25,0,0,38,4,0.0,owlvit
AOI_2_Vegas_img1626,AOI_2_Vegas,AOI_2_Vegas:-11527:3616,test,owlvit,blur_resize,fixed,3.6,0.25,0,0,38,4,0.0,owlvit
AOI_2_Vegas_img1626,AOI_2_Vegas,AOI_2_Vegas:-11527:3616,test,owlvit,blur_resize,fixed,5.0,0.25,0,0,38,2,0.0,owlvit
AOI_2_Vegas_img1626,AOI_2_Vegas,AOI_2_Vegas:-11527:3616,test,owlvit,blur_resize,fixed,10.0,0.25,0,0,38,0,0.0,owlvit
AOI_2_Vegas_img166,AOI_2_Vegas,AOI_2_Vegas:-11531:3612,test,owlvit,blur_resize,fixed,0.3,0.25,17,38,18,13,3.85,owlvit
AOI_2_Vegas_img166,AOI_2_Vegas,AOI_2_Vegas:-11531:3612,test,owlvit,blur_resize,fixed,0.45,0.25,16,35,18,10,3.05,owlvit
AOI_2_Vegas_img166,AOI_2_Vegas,AOI_2_Vegas:-11531:3612,test,owlvit,blur_resize,fixed,0.6,0.25,17,30,18,7,2.75,owlvit
AOI_2_Vegas_img166,AOI_2_Vegas,AOI_2_Vegas:-11531:3612,test,owlvit,blur_resize,fixed,0.9,0.25,16,32,18,7,3.45,owlvit
AOI_2_Vegas_img166,AOI_2_Vegas,AOI_2_Vegas:-11531:3612,test,owlvit,blur_resize,fixed,1.2,0.25,16,32,18,7,3.35,owlvit
AOI_2_Vegas_img166,AOI_2_Vegas,AOI_2_Vegas:-11531:3612,test,owlvit,blur_resize,fixed,1.8,0.25,13,13,18,3,1.3,owlvit
AOI_2_Vegas_img166,AOI_2_Vegas,AOI_2_Vegas:-11531:3612,test,owlvit,blur_resize,fixed,2.4,0.25,0,0,18,2,0.0,owlvit
AOI_2_Vegas_img166,AOI_2_Vegas,AOI_2_Vegas:-11531:3612,test,owlvit,blur_resize,fixed,3.6,0.25,2,2,18,1,0.35,owlvit
AOI_2_Vegas_img166,AOI_2_Vegas,AOI_2_Vegas:-11531:3612,test,owlvit,blur_resize,fixed,5.0,0.25,0,0,18,1,0.0,owlvit
AOI_2_Vegas_img166,AOI_2_Vegas,AOI_2_Vegas:-11531:3612,test,owlvit,blur_resize,fixed,10.0,0.25,0,0,18,1,0.0,owlvit
AOI_2_Vegas_img1669,AOI_2_Vegas,AOI_2_Vegas:-11526:3613,test,owlvit,blur_resize,fixed,0.3,0.25,14,74,28,38,5.35,owlvit
AOI_2_Vegas_img1669,AOI_2_Vegas,AOI_2_Vegas:-11526:3613,test,owlvit,blur_resize,fixed,0.45,0.25,13,48,28,34,4.5,owlvit
AOI_2_Vegas_img1669,AOI_2_Vegas,AOI_2_Vegas:-11526:3613,test,owlvit,blur_resize,fixed,0.6,0.25,13,38,28,38,4.1,owlvit
AOI_2_Vegas_img1669,AOI_2_Vegas,AOI_2_Vegas:-11526:3613,test,owlvit,blur_resize,fixed,0.9,0.25,9,18,28,31,1.85,owlvit
AOI_2_Vegas_img1669,AOI_2_Vegas,AOI_2_Vegas:-11526:3613,test,owlvit,blur_resize,fixed,1.2,0.25,6,10,28,21,1.4,owlvit
AOI_2_Vegas_img1669,AOI_2_Vegas,AOI_2_Vegas:-11526:3613,test,owlvit,blur_resize,fixed,1.8,0.25,4,5,28,9,1.0,owlvit
AOI_2_Vegas_img1669,AOI_2_Vegas,AOI_2_Vegas:-11526:3613,test,owlvit,blur_resize,fixed,2.4,0.25,7,7,28,37,1.4,owlvit
AOI_2_Vegas_img1669,AOI_2_Vegas,AOI_2_Vegas:-11526:3613,test,owlvit,blur_resize,fixed,3.6,0.25,0,0,28,3,0.0,owlvit
AOI_2_Vegas_img1669,AOI_2_Vegas,AOI_2_Vegas:-11526:3613,test,owlvit,blur_resize,fixed,5.0,0.25,0,0,28,2,0.0,owlvit
AOI_2_Vegas_img1669,AOI_2_Vegas,AOI_2_Vegas:-11526:3613,test,owlvit,blur_resize,fixed,10.0,0.25,0,0,28,0,0.0,owlvit
AOI_2_Vegas_img1671,AOI_2_Vegas,AOI_2_Vegas:-11526:3613,test,owlvit,blur_resize,fixed,0.3,0.25,14,49,21,38,3.15,owlvit
AOI_2_Vegas_img1671,AOI_2_Vegas,AOI_2_Vegas:-11526:3613,test,owlvit,blur_resize,fixed,0.45,0.25,11,35,21,43,2.65,owlvit
AOI_2_Vegas_img1671,AOI_2_Vegas,AOI_2_Vegas:-11526:3613,test,owlvit,blur_resize,fixed,0.6,0.25,13,35,21,40,2.35,owlvit
AOI_2_Vegas_img1671,AOI_2_Vegas,AOI_2_Vegas:-11526:3613,test,owlvit,blur_resize,fixed,0.9,0.25,9,24,21,42,2.1,owlvit
AOI_2_Vegas_img1671,AOI_2_Vegas,AOI_2_Vegas:-11526:3613,test,owlvit,blur_resize,fixed,1.2,0.25,6,13,21,29,1.45,owlvit
AOI_2_Vegas_img1671,AOI_2_Vegas,AOI_2_Vegas:-11526:3613,test,owlvit,blur_resize,fixed,1.8,0.25,2,4,21,12,0.35,owlvit
AOI_2_Vegas_img1671,AOI_2_Vegas,AOI_2_Vegas:-11526:3613,test,owlvit,blur_resize,fixed,2.4,0.25,0,0,21,11,0.0,owlvit
AOI_2_Vegas_img1671,AOI_2_Vegas,AOI_2_Vegas:-11526:3613,test,owlvit,blur_resize,fixed,3.6,0.25,0,0,21,4,0.0,owlvit
AOI_2_Vegas_img1671,AOI_2_Vegas,AOI_2_Vegas:-11526:3613,test,owlvit,blur_resize,fixed,5.0,0.25,0,0,21,1,0.0,owlvit
AOI_2_Vegas_img1671,AOI_2_Vegas,AOI_2_Vegas:-11526:3613,test,owlvit,blur_resize,fixed,10.0,0.25,0,0,21,0,0.0,owlvit
AOI_2_Vegas_img1697,AOI_2_Vegas,AOI_2_Vegas:-11526:3618,test,owlvit,blur_resize,fixed,0.3,0.25,4,16,9,48,0.45,owlvit
AOI_2_Vegas_img1697,AOI_2_Vegas,AOI_2_Vegas:-11526:3618,test,owlvit,blur_resize,fixed,0.45,0.25,3,7,9,38,0.25,owlvit
AOI_2_Vegas_img1697,AOI_2_Vegas,AOI_2_Vegas:-11526:3618,test,owlvit,blur_resize,fixed,0.6,0.25,2,2,9,31,0.0,owlvit
AOI_2_Vegas_img1697,AOI_2_Vegas,AOI_2_Vegas:-11526:3618,test,owlvit,blur_resize,fixed,0.9,0.25,0,0,9,16,0.0,owlvit
AOI_2_Vegas_img1697,AOI_2_Vegas,AOI_2_Vegas:-11526:3618,test,owlvit,blur_resize,fixed,1.2,0.25,0,0,9,7,0.0,owlvit
AOI_2_Vegas_img1697,AOI_2_Vegas,AOI_2_Vegas:-11526:3618,test,owlvit,blur_resize,fixed,1.8,0.25,0,0,9,4,0.0,owlvit
AOI_2_Vegas_img1697,AOI_2_Vegas,AOI_2_Vegas:-11526:3618,test,owlvit,blur_resize,fixed,2.4,0.25,0,0,9,2,0.0,owlvit
AOI_2_Vegas_img1697,AOI_2_Vegas,AOI_2_Vegas:-11526:3618,test,owlvit,blur_resize,fixed,3.6,0.25,0,0,9,1,0.0,owlvit
AOI_2_Vegas_img1697,AOI_2_Vegas,AOI_2_Vegas:-11526:3618,test,owlvit,blur_resize,fixed,5.0,0.25,0,0,9,2,0.0,owlvit
AOI_2_Vegas_img1697,AOI_2_Vegas,AOI_2_Vegas:-11526:3618,test,owlvit,blur_resize,fixed,10.0,0.25,0,0,9,1,0.0,owlvit
AOI_2_Vegas_img1746,AOI_2_Vegas,AOI_2_Vegas:-11526:3615,test,owlvit,blur_resize,fixed,0.3,0.25,9,43,18,35,3.1,owlvit
AOI_2_Vegas_img1746,AOI_2_Vegas,AOI_2_Vegas:-11526:3615,test,owlvit,blur_resize,fixed,0.45,0.25,6,27,18,34,1.95,owlvit
AOI_2_Vegas_img1746,AOI_2_Vegas,AOI_2_Vegas:-11526:3615,test,owlvit,blur_resize,fixed,0.6,0.25,7,17,18,27,1.35,owlvit
AOI_2_Vegas_img1746,AOI_2_Vegas,AOI_2_Vegas:-11526:3615,test,owlvit,blur_resize,fixed,0.9,0.25,5,15,18,27,1.0,owlvit
AOI_2_Vegas_img1746,AOI_2_Vegas,AOI_2_Vegas:-11526:3615,test,owlvit,blur_resize,fixed,1.2,0.25,4,10,18,22,1.1,owlvit
AOI_2_Vegas_img1746,AOI_2_Vegas,AOI_2_Vegas:-11526:3615,test,owlvit,blur_resize,fixed,1.8,0.25,1,1,18,20,0.15,owlvit
AOI_2_Vegas_img1746,AOI_2_Vegas,AOI_2_Vegas:-11526:3615,test,owlvit,blur_resize,fixed,2.4,0.25,0,0,18,15,0.0,owlvit
AOI_2_Vegas_img1746,AOI_2_Vegas,AOI_2_Vegas:-11526:3615,test,owlvit,blur_resize,fixed,3.6,0.25,0,0,18,6,0.0,owlvit
AOI_2_Vegas_img1746,AOI_2_Vegas,AOI_2_Vegas:-11526:3615,test,owlvit,blur_resize,fixed,5.0,0.25,0,0,18,4,0.0,owlvit
AOI_2_Vegas_img1746,AOI_2_Vegas,AOI_2_Vegas:-11526:3615,test,owlvit,blur_resize,fixed,10.0,0.25,0,0,18,0,0.0,owlvit
AOI_2_Vegas_img1762,AOI_2_Vegas,AOI_2_Vegas:-11526:3618,test,owlvit,blur_resize,fixed,0.3,0.25,5,6,71,17,1.65,owlvit
AOI_2_Vegas_img1762,AOI_2_Vegas,AOI_2_Vegas:-11526:3618,test,owlvit,blur_resize,fixed,0.45,0.25,1,1,71,9,0.4,owlvit
AOI_2_Vegas_img1762,AOI_2_Vegas,AOI_2_Vegas:-11526:3618,test,owlvit,blur_resize,fixed,0.6,0.25,0,0,71,11,0.0,owlvit
AOI_2_Vegas_img1762,AOI_2_Vegas,AOI_2_Vegas:-11526:3618,test,owlvit,blur_resize,fixed,0.9,0.25,0,0,71,6,0.0,owlvit
AOI_2_Vegas_img1762,AOI_2_Vegas,AOI_2_Vegas:-11526:3618,test,owlvit,blur_resize,fixed,1.2,0.25,0,0,71,2,0.0,owlvit
AOI_2_Vegas_img1762,AOI_2_Vegas,AOI_2_Vegas:-11526:3618,test,owlvit,blur_resize,fixed,1.8,0.25,0,0,71,1,0.0,owlvit
AOI_2_Vegas_img1762,AOI_2_Vegas,AOI_2_Vegas:-11526:3618,test,owlvit,blur_resize,fixed,2.4,0.25,0,0,71,1,0.0,owlvit
AOI_2_Vegas_img1762,AOI_2_Vegas,AOI_2_Vegas:-11526:3618,test,owlvit,blur_resize,fixed,3.6,0.25,0,0,71,1,0.0,owlvit
AOI_2_Vegas_img1762,AOI_2_Vegas,AOI_2_Vegas:-11526:3618,test,owlvit,blur_resize,fixed,5.0,0.25,0,0,71,1,0.0,owlvit
AOI_2_Vegas_img1762,AOI_2_Vegas,AOI_2_Vegas:-11526:3618,test,owlvit,blur_resize,fixed,10.0,0.25,0,0,71,0,0.0,owlvit
AOI_2_Vegas_img1773,AOI_2_Vegas,AOI_2_Vegas:-11526:3620,test,owlvit,blur_resize,fixed,0.3,0.25,1,4,9,33,0.0,owlvit
AOI_2_Vegas_img1773,AOI_2_Vegas,AOI_2_Vegas:-11526:3620,test,owlvit,blur_resize,fixed,0.45,0.25,0,1,9,28,0.1,owlvit
AOI_2_Vegas_img1773,AOI_2_Vegas,AOI_2_Vegas:-11526:3620,test,owlvit,blur_resize,fixed,0.6,0.25,0,0,9,19,0.0,owlvit
AOI_2_Vegas_img1773,AOI_2_Vegas,AOI_2_Vegas:-11526:3620,test,owlvit,blur_resize,fixed,0.9,0.25,0,0,9,14,0.0,owlvit
AOI_2_Vegas_img1773,AOI_2_Vegas,AOI_2_Vegas:-11526:3620,test,owlvit,blur_resize,fixed,1.2,0.25,0,0,9,21,0.0,owlvit
AOI_2_Vegas_img1773,AOI_2_Vegas,AOI_2_Vegas:-11526:3620,test,owlvit,blur_resize,fixed,1.8,0.25,0,0,9,20,0.0,owlvit
AOI_2_Vegas_img1773,AOI_2_Vegas,AOI_2_Vegas:-11526:3620,test,owlvit,blur_resize,fixed,2.4,0.25,0,0,9,17,0.0,owlvit
AOI_2_Vegas_img1773,AOI_2_Vegas,AOI_2_Vegas:-11526:3620,test,owlvit,blur_resize,fixed,3.6,0.25,0,0,9,8,0.0,owlvit
AOI_2_Vegas_img1773,AOI_2_Vegas,AOI_2_Vegas:-11526:3620,test,owlvit,blur_resize,fixed,5.0,0.25,0,0,9,6,0.0,owlvit
AOI_2_Vegas_img1773,AOI_2_Vegas,AOI_2_Vegas:-11526:3620,test,owlvit,blur_resize,fixed,10.0,0.25,0,0,9,1,0.0,owlvit
AOI_2_Vegas_img1784,AOI_2_Vegas,AOI_2_Vegas:-11526:3622,test,owlvit,blur_resize,fixed,0.3,0.25,26,69,53,38,8.0,owlvit
AOI_2_Vegas_img1784,AOI_2_Vegas,AOI_2_Vegas:-11526:3622,test,owlvit,blur_resize,fixed,0.45,0.25,26,61,53,37,6.8,owlvit
AOI_2_Vegas_img1784,AOI_2_Vegas,AOI_2_Vegas:-11526:3622,test,owlvit,blur_resize,fixed,0.6,0.25,24,52,53,36,6.85,owlvit
AOI_2_Vegas_img1784,AOI_2_Vegas,AOI_2_Vegas:-11526:3622,test,owlvit,blur_resize,fixed,0.9,0.25,21,41,53,35,6.05,owlvit
AOI_2_Vegas_img1784,AOI_2_Vegas,AOI_2_Vegas:-11526:3622,test,owlvit,blur_resize,fixed,1.2,0.25,18,29,53,29,3.65,owlvit
AOI_2_Vegas_img1784,AOI_2_Vegas,AOI_2_Vegas:-11526:3622,test,owlvit,blur_resize,fixed,1.8,0.25,12,14,53,23,1.8,owlvit
AOI_2_Vegas_img1784,AOI_2_Vegas,AOI_2_Vegas:-11526:3622,test,owlvit,blur_resize,fixed,2.4,0.25,2,2,53,14,0.4,owlvit
AOI_2_Vegas_img1784,AOI_2_Vegas,AOI_2_Vegas:-11526:3622,test,owlvit,blur_resize,fixed,3.6,0.25,0,0,53,7,0.0,owlvit
AOI_2_Vegas_img1784,AOI_2_Vegas,AOI_2_Vegas:-11526:3622,test,owlvit,blur_resize,fixed,5.0,0.25,0,0,53,3,0.0,owlvit
AOI_2_Vegas_img1784,AOI_2_Vegas,AOI_2_Vegas:-11526:3622,test,owlvit,blur_resize,fixed,10.0,0.25,0,0,53,0,0.0,owlvit
AOI_2_Vegas_img1791,AOI_2_Vegas,AOI_2_Vegas:-11526:3612,test,owlvit,blur_resize,fixed,0.3,0.25,3,12,6,25,0.1,owlvit
AOI_2_Vegas_img1791,AOI_2_Vegas,AOI_2_Vegas:-11526:3612,test,owlvit,blur_resize,fixed,0.45,0.25,1,5,6,21,0.05,owlvit
AOI_2_Vegas_img1791,AOI_2_Vegas,AOI_2_Vegas:-11526:3612,test,owlvit,blur_resize,fixed,0.6,0.25,1,2,6,15,0.1,owlvit
AOI_2_Vegas_img1791,AOI_2_Vegas,AOI_2_Vegas:-11526:3612,test,owlvit,blur_resize,fixed,0.9,0.25,0,1,6,19,0.0,owlvit
AOI_2_Vegas_img1791,AOI_2_Vegas,AOI_2_Vegas:-11526:3612,test,owlvit,blur_resize,fixed,1.2,0.25,0,1,6,19,0.0,owlvit
AOI_2_Vegas_img1791,AOI_2_Vegas,AOI_2_Vegas:-11526:3612,test,owlvit,blur_resize,fixed,1.8,0.25,0,0,6,12,0.0,owlvit
AOI_2_Vegas_img1791,AOI_2_Vegas,AOI_2_Vegas:-11526:3612,test,owlvit,blur_resize,fixed,2.4,0.25,0,0,6,10,0.0,owlvit
AOI_2_Vegas_img1791,AOI_2_Vegas,AOI_2_Vegas:-11526:3612,test,owlvit,blur_resize,fixed,3.6,0.25,0,0,6,9,0.0,owlvit
AOI_2_Vegas_img1791,AOI_2_Vegas,AOI_2_Vegas:-11526:3612,test,owlvit,blur_resize,fixed,5.0,0.25,0,0,6,3,0.0,owlvit
AOI_2_Vegas_img1791,AOI_2_Vegas,AOI_2_Vegas:-11526:3612,test,owlvit,blur_resize,fixed,10.0,0.25,0,0,6,0,0.0,owlvit
AOI_2_Vegas_img1816,AOI_2_Vegas,AOI_2_Vegas:-11526:3617,test,owlvit,blur_resize,fixed,0.3,0.25,30,84,45,45,13.25,owlvit
AOI_2_Vegas_img1816,AOI_2_Vegas,AOI_2_Vegas:-11526:3617,test,owlvit,blur_resize,fixed,0.45,0.25,32,58,45,35,11.95,owlvit
AOI_2_Vegas_img1816,AOI_2_Vegas,AOI_2_Vegas:-11526:3617,test,owlvit,blur_resize,fixed,0.6,0.25,31,51,45,31,11.3,owlvit
AOI_2_Vegas_img1816,AOI_2_Vegas,AOI_2_Vegas:-11526:3617,test,owlvit,blur_resize,fixed,0.9,0.25,26,38,45,25,8.8,owlvit
AOI_2_Vegas_img1816,AOI_2_Vegas,AOI_2_Vegas:-11526:3617,test,owlvit,blur_resize,fixed,1.2,0.25,16,22,45,26,5.1,owlvit
AOI_2_Vegas_img1816,AOI_2_Vegas,AOI_2_Vegas:-11526:3617,test,owlvit,blur_resize,fixed,1.8,0.25,3,4,45,13,0.9,owlvit
AOI_2_Vegas_img1816,AOI_2_Vegas,AOI_2_Vegas:-11526:3617,test,owlvit,blur_resize,fixed,2.4,0.25,1,2,45,9,0.35,owlvit
AOI_2_Vegas_img1816,AOI_2_Vegas,AOI_2_Vegas:-11526:3617,test,owlvit,blur_resize,fixed,3.6,0.25,0,0,45,3,0.0,owlvit
AOI_2_Vegas_img1816,AOI_2_Vegas,AOI_2_Vegas:-11526:3617,test,owlvit,blur_resize,fixed,5.0,0.25,0,0,45,2,0.0,owlvit
AOI_2_Vegas_img1816,AOI_2_Vegas,AOI_2_Vegas:-11526:3617,test,owlvit,blur_resize,fixed,10.0,0.25,0,0,45,0,0.0,owlvit
AOI_2_Vegas_img1827,AOI_2_Vegas,AOI_2_Vegas:-11526:3619,test,owlvit,blur_resize,fixed,0.3,0.25,0,0,58,9,0.0,owlvit
AOI_2_Vegas_img1827,AOI_2_Vegas,AOI_2_Vegas:-11526:3619,test,owlvit,blur_resize,fixed,0.45,0.25,0,0,58,8,0.0,owlvit
AOI_2_Vegas_img1827,AOI_2_Vegas,AOI_2_Vegas:-11526:3619,test,owlvit,blur_resize,fixed,0.6,0.25,0,0,58,6,0.0,owlvit
AOI_2_Vegas_img1827,AOI_2_Vegas,AOI_2_Vegas:-11526:3619,test,owlvit,blur_resize,fixed,0.9,0.25,0,0,58,8,0.0,owlvit
AOI_2_Vegas_img1827,AOI_2_Vegas,AOI_2_Vegas:-11526:3619,test,owlvit,blur_resize,fixed,1.2,0.25,0,0,58,9,0.0,owlvit
AOI_2_Vegas_img1827,AOI_2_Vegas,AOI_2_Vegas:-11526:3619,test,owlvit,blur_resize,fixed,1.8,0.25,0,0,58,6,0.0,owlvit
AOI_2_Vegas_img1827,AOI_2_Vegas,AOI_2_Vegas:-11526:3619,test,owlvit,blur_resize,fixed,2.4,0.25,0,0,58,1,0.0,owlvit
AOI_2_Vegas_img1827,AOI_2_Vegas,AOI_2_Vegas:-11526:3619,test,owlvit,blur_resize,fixed,3.6,0.25,0,0,58,1,0.0,owlvit
AOI_2_Vegas_img1827,AOI_2_Vegas,AOI_2_Vegas:-11526:3619,test,owlvit,blur_resize,fixed,5.0,0.25,0,0,58,1,0.0,owlvit
AOI_2_Vegas_img1827,AOI_2_Vegas,AOI_2_Vegas:-11526:3619,test,owlvit,blur_resize,fixed,10.0,0.25,0,0,58,1,0.0,owlvit
AOI_2_Vegas_img1862,AOI_2_Vegas,AOI_2_Vegas:-11526:3614,test,owlvit,blur_resize,fixed,0.3,0.25,6,58,13,52,1.25,owlvit
AOI_2_Vegas_img1862,AOI_2_Vegas,AOI_2_Vegas:-11526:3614,test,owlvit,blur_resize,fixed,0.45,0.25,7,49,13,47,1.65,owlvit
AOI_2_Vegas_img1862,AOI_2_Vegas,AOI_2_Vegas:-11526:3614,test,owlvit,blur_resize,fixed,0.6,0.25,7,40,13,53,1.05,owlvit
AOI_2_Vegas_img1862,AOI_2_Vegas,AOI_2_Vegas:-11526:3614,test,owlvit,blur_resize,fixed,0.9,0.25,6,29,13,52,1.3,owlvit
AOI_2_Vegas_img1862,AOI_2_Vegas,AOI_2_Vegas:-11526:3614,test,owlvit,blur_resize,fixed,1.2,0.25,6,18,13,45,0.9,owlvit
AOI_2_Vegas_img1862,AOI_2_Vegas,AOI_2_Vegas:-11526:3614,test,owlvit,blur_resize,fixed,1.8,0.25,4,7,13,38,0.3,owlvit
AOI_2_Vegas_img1862,AOI_2_Vegas,AOI_2_Vegas:-11526:3614,test,owlvit,blur_resize,fixed,2.4,0.25,1,2,13,28,0.25,owlvit
AOI_2_Vegas_img1862,AOI_2_Vegas,AOI_2_Vegas:-11526:3614,test,owlvit,blur_resize,fixed,3.6,0.25,0,0,13,17,0.0,owlvit
AOI_2_Vegas_img1862,AOI_2_Vegas,AOI_2_Vegas:-11526:3614,test,owlvit,blur_resize,fixed,5.0,0.25,0,0,13,10,0.0,owlvit
AOI_2_Vegas_img1862,AOI_2_Vegas,AOI_2_Vegas:-11526:3614,test,owlvit,blur_resize,fixed,10.0,0.25,0,0,13,1,0.0,owlvit
AOI_2_Vegas_img189,AOI_2_Vegas,AOI_2_Vegas:-11531:3616,test,owlvit,blur_resize,fixed,0.3,0.25,7,12,17,24,1.85,owlvit
AOI_2_Vegas_img189,AOI_2_Vegas,AOI_2_Vegas:-11531:3616,test,owlvit,blur_resize,fixed,0.45,0.25,5,9,17,20,1.05,owlvit
AOI_2_Vegas_img189,AOI_2_Vegas,AOI_2_Vegas:-11531:3616,test,owlvit,blur_resize,fixed,0.6,0.25,5,7,17,20,0.95,owlvit
AOI_2_Vegas_img189,AOI_2_Vegas,AOI_2_Vegas:-11531:3616,test,owlvit,blur_resize,fixed,0.9,0.25,6,8,17,19,1.3,owlvit
AOI_2_Vegas_img189,AOI_2_Vegas,AOI_2_Vegas:-11531:3616,test,owlvit,blur_resize,fixed,1.2,0.25,5,9,17,19,1.45,owlvit
AOI_2_Vegas_img189,AOI_2_Vegas,AOI_2_Vegas:-11531:3616,test,owlvit,blur_resize,fixed,1.8,0.25,3,6,17,14,1.1,owlvit
AOI_2_Vegas_img189,AOI_2_Vegas,AOI_2_Vegas:-11531:3616,test,owlvit,blur_resize,fixed,2.4,0.25,0,0,17,7,0.0,owlvit
AOI_2_Vegas_img189,AOI_2_Vegas,AOI_2_Vegas:-11531:3616,test,owlvit,blur_resize,fixed,3.6,0.25,0,0,17,2,0.0,owlvit
AOI_2_Vegas_img189,AOI_2_Vegas,AOI_2_Vegas:-11531:3616,test,owlvit,blur_resize,fixed,5.0,0.25,0,0,17,2,0.0,owlvit
AOI_2_Vegas_img189,AOI_2_Vegas,AOI_2_Vegas:-11531:3616,test,owlvit,blur_resize,fixed,10.0,0.25,0,0,17,0,0.0,owlvit
AOI_2_Vegas_img1894,AOI_2_Vegas,AOI_2_Vegas:-11526:3620,test,owlvit,blur_resize,fixed,0.3,0.25,1,12,9,53,0.1,owlvit
AOI_2_Vegas_img1894,AOI_2_Vegas,AOI_2_Vegas:-11526:3620,test,owlvit,blur_resize,fixed,0.45,0.25,0,5,9,54,0.15,owlvit
AOI_2_Vegas_img1894,AOI_2_Vegas,AOI_2_Vegas:-11526:3620,test,owlvit,blur_resize,fixed,0.6,0.25,0,2,9,38,0.0,owlvit
AOI_2_Vegas_img1894,AOI_2_Vegas,AOI_2_Vegas:-11526:3620,test,owlvit,blur_resize,fixed,0.9,0.25,0,0,9,26,0.0,owlvit
AOI_2_Vegas_img1894,AOI_2_Vegas,AOI_2_Vegas:-11526:3620,test,owlvit,blur_resize,fixed,1.2,0.25,0,0,9,16,0.0,owlvit
AOI_2_Vegas_img1894,AOI_2_Vegas,AOI_2_Vegas:-11526:3620,test,owlvit,blur_resize,fixed,1.8,0.25,0,0,9,4,0.0,owlvit
AOI_2_Vegas_img1894,AOI_2_Vegas,AOI_2_Vegas:-11526:3620,test,owlvit,blur_resize,fixed,2.4,0.25,0,0,9,2,0.0,owlvit
AOI_2_Vegas_img1894,AOI_2_Vegas,AOI_2_Vegas:-11526:3620,test,owlvit,blur_resize,fixed,3.6,0.25,0,0,9,1,0.0,owlvit
AOI_2_Vegas_img1894,AOI_2_Vegas,AOI_2_Vegas:-11526:3620,test,owlvit,blur_resize,fixed,5.0,0.25,0,0,9,0,0.0,owlvit
AOI_2_Vegas_img1894,AOI_2_Vegas,AOI_2_Vegas:-11526:3620,test,owlvit,blur_resize,fixed,10.0,0.25,0,0,9,0,0.0,owlvit
AOI_2_Vegas_img190,AOI_2_Vegas,AOI_2_Vegas:-11531:3616,test,owlvit,blur_resize,fixed,0.3,0.25,15,44,22,21,4.3,owlvit
AOI_2_Vegas_img190,AOI_2_Vegas,AOI_2_Vegas:-11531:3616,test,owlvit,blur_resize,fixed,0.45,0.25,15,43,22,23,4.85,owlvit
AOI_2_Vegas_img190,AOI_2_Vegas,AOI_2_Vegas:-11531:3616,test,owlvit,blur_resize,fixed,0.6,0.25,15,36,22,21,4.7,owlvit
AOI_2_Vegas_img190,AOI_2_Vegas,AOI_2_Vegas:-11531:3616,test,owlvit,blur_resize,fixed,0.9,0.25,17,36,22,21,3.95,owlvit
AOI_2_Vegas_img190,AOI_2_Vegas,AOI_2_Vegas:-11531:3616,test,owlvit,blur_resize,fixed,1.2,0.25,17,34,22,14,4.35,owlvit
AOI_2_Vegas_img190,AOI_2_Vegas,AOI_2_Vegas:-11531:3616,test,owlvit,blur_resize,fixed,1.8,0.25,13,20,22,26,2.9,owlvit
AOI_2_Vegas_img190,AOI_2_Vegas,AOI_2_Vegas:-11531:3616,test,owlvit,blur_resize,fixed,2.4,0.25,10,17,22,26,2.35,owlvit
AOI_2_Vegas_img190,AOI_2_Vegas,AOI_2_Vegas:-11531:3616,test,owlvit,blur_resize,fixed,3.6,0.25,0,0,22,14,0.0,owlvit
AOI_2_Vegas_img190,AOI_2_Vegas,AOI_2_Vegas:-11531:3616,test,owlvit,blur_resize,fixed,5.0,0.25,0,0,22,1,0.0,owlvit
AOI_2_Vegas_img190,AOI_2_Vegas,AOI_2_Vegas:-11531:3616,test,owlvit,blur_resize,fixed,10.0,0.25,0,0,22,0,0.0,owlvit
AOI_2_Vegas_img1915,AOI_2_Vegas,AOI_2_Vegas:-11526:3612,test,owlvit,blur_resize,fixed,0.3,0.25,9,32,18,33,1.7,owlvit
AOI_2_Vegas_img1915,AOI_2_Vegas,AOI_2_Vegas:-11526:3612,test,owlvit,blur_resize,fixed,0.45,0.25,9,31,18,30,1.65,owlvit
AOI_2_Vegas_img1915,AOI_2_Vegas,AOI_2_Vegas:-11526:3612,test,owlvit,blur_resize,fixed,0.6,0.25,9,28,18,22,1.5,owlvit
AOI_2_Vegas_img1915,AOI_2_Vegas,AOI_2_Vegas:-11526:3612,test,owlvit,blur_resize,fixed,0.9,0.25,7,16,18,23,0.95,owlvit
AOI_2_Vegas_img1915,AOI_2_Vegas,AOI_2_Vegas:-11526:3612,test,owlvit,blur_resize,fixed,1.2,0.25,4,7,18,20,0.4,owlvit
AOI_2_Vegas_img1915,AOI_2_Vegas,AOI_2_Vegas:-11526:3612,test,owlvit,blur_resize,fixed,1.8,0.25,1,2,18,11,0.05,owlvit
AOI_2_Vegas_img1915,AOI_2_Vegas,AOI_2_Vegas:-11526:3612,test,owlvit,blur_resize,fixed,2.4,0.25,0,0,18,9,0.0,owlvit
AOI_2_Vegas_img1915,AOI_2_Vegas,AOI_2_Vegas:-11526:3612,test,owlvit,blur_resize,fixed,3.6,0.25,0,0,18,5,0.0,owlvit
AOI_2_Vegas_img1915,AOI_2_Vegas,AOI_2_Vegas:-11526:3612,test,owlvit,blur_resize,fixed,5.0,0.25,0,0,18,3,0.0,owlvit
AOI_2_Vegas_img1915,AOI_2_Vegas,AOI_2_Vegas:-11526:3612,test,owlvit,blur_resize,fixed,10.0,0.25,0,0,18,0,0.0,owlvit
AOI_2_Vegas_img1970,AOI_2_Vegas,AOI_2_Vegas:-11526:3622,test,owlvit,blur_resize,fixed,0.3,0.25,0,0,1,16,0.0,owlvit
AOI_2_Vegas_img1970,AOI_2_Vegas,AOI_2_Vegas:-11526:3622,test,owlvit,blur_resize,fixed,0.45,0.25,0,0,1,18,0.0,owlvit
AOI_2_Vegas_img1970,AOI_2_Vegas,AOI_2_Vegas:-11526:3622,test,owlvit,blur_resize,fixed,0.6,0.25,0,0,1,16,0.0,owlvit
AOI_2_Vegas_img1970,AOI_2_Vegas,AOI_2_Vegas:-11526:3622,test,owlvit,blur_resize,fixed,0.9,0.25,0,0,1,9,0.0,owlvit
AOI_2_Vegas_img1970,AOI_2_Vegas,AOI_2_Vegas:-11526:3622,test,owlvit,blur_resize,fixed,1.2,0.25,0,0,1,7,0.0,owlvit
AOI_2_Vegas_img1970,AOI_2_Vegas,AOI_2_Vegas:-11526:3622,test,owlvit,blur_resize,fixed,1.8,0.25,0,0,1,5,0.0,owlvit
AOI_2_Vegas_img1970,AOI_2_Vegas,AOI_2_Vegas:-11526:3622,test,owlvit,blur_resize,fixed,2.4,0.25,0,0,1,6,0.0,owlvit
AOI_2_Vegas_img1970,AOI_2_Vegas,AOI_2_Vegas:-11526:3622,test,owlvit,blur_resize,fixed,3.6,0.25,0,0,1,6,0.0,owlvit
AOI_2_Vegas_img1970,AOI_2_Vegas,AOI_2_Vegas:-11526:3622,test,owlvit,blur_resize,fixed,5.0,0.25,0,0,1,8,0.0,owlvit
AOI_2_Vegas_img1970,AOI_2_Vegas,AOI_2_Vegas:-11526:3622,test,owlvit,blur_resize,fixed,10.0,0.25,0,0,1,0,0.0,owlvit
AOI_2_Vegas_img1973,AOI_2_Vegas,AOI_2_Vegas:-11526:3623,test,owlvit,blur_resize,fixed,0.3,0.25,0,0,4,4,0.0,owlvit
AOI_2_Vegas_img1973,AOI_2_Vegas,AOI_2_Vegas:-11526:3623,test,owlvit,blur_resize,fixed,0.45,0.25,0,0,4,4,0.0,owlvit
AOI_2_Vegas_img1973,AOI_2_Vegas,AOI_2_Vegas:-11526:3623,test,owlvit,blur_resize,fixed,0.6,0.25,0,0,4,3,0.0,owlvit
AOI_2_Vegas_img1973,AOI_2_Vegas,AOI_2_Vegas:-11526:3623,test,owlvit,blur_resize,fixed,0.9,0.25,0,0,4,4,0.0,owlvit
AOI_2_Vegas_img1973,AOI_2_Vegas,AOI_2_Vegas:-11526:3623,test,owlvit,blur_resize,fixed,1.2,0.25,0,0,4,3,0.0,owlvit
AOI_2_Vegas_img1973,AOI_2_Vegas,AOI_2_Vegas:-11526:3623,test,owlvit,blur_resize,fixed,1.8,0.25,0,0,4,6,0.0,owlvit
AOI_2_Vegas_img1973,AOI_2_Vegas,AOI_2_Vegas:-11526:3623,test,owlvit,blur_resize,fixed,2.4,0.25,0,0,4,5,0.0,owlvit
AOI_2_Vegas_img1973,AOI_2_Vegas,AOI_2_Vegas:-11526:3623,test,owlvit,blur_resize,fixed,3.6,0.25,0,0,4,5,0.0,owlvit
AOI_2_Vegas_img1973,AOI_2_Vegas,AOI_2_Vegas:-11526:3623,test,owlvit,blur_resize,fixed,5.0,0.25,0,0,4,5,0.0,owlvit
AOI_2_Vegas_img1973,AOI_2_Vegas,AOI_2_Vegas:-11526:3623,test,owlvit,blur_resize,fixed,10.0,0.25,0,0,4,0,0.0,owlvit
AOI_2_Vegas_img1985,AOI_2_Vegas,AOI_2_Vegas:-11526:3614,test,owlvit,blur_resize,fixed,0.3,0.25,12,55,25,35,4.1,owlvit
AOI_2_Vegas_img1985,AOI_2_Vegas,AOI_2_Vegas:-11526:3614,test,owlvit,blur_resize,fixed,0.45,0.25,9,44,25,36,3.6,owlvit
AOI_2_Vegas_img1985,AOI_2_Vegas,AOI_2_Vegas:-11526:3614,test,owlvit,blur_resize,fixed,0.6,0.25,9,38,25,34,2.95,owlvit
AOI_2_Vegas_img1985,AOI_2_Vegas,AOI_2_Vegas:-11526:3614,test,owlvit,blur_resize,fixed,0.9,0.25,7,28,25,37,2.2,owlvit
AOI_2_Vegas_img1985,AOI_2_Vegas,AOI_2_Vegas:-11526:3614,test,owlvit,blur_resize,fixed,1.2,0.25,8,26,25,35,2.9,owlvit
AOI_2_Vegas_img1985,AOI_2_Vegas,AOI_2_Vegas:-11526:3614,test,owlvit,blur_resize,fixed,1.8,0.25,5,16,25,34,1.8,owlvit
AOI_2_Vegas_img1985,AOI_2_Vegas,AOI_2_Vegas:-11526:3614,test,owlvit,blur_resize,fixed,2.4,0.25,5,8,25,29,0.8,owlvit
AOI_2_Vegas_img1985,AOI_2_Vegas,AOI_2_Vegas:-11526:3614,test,owlvit,blur_resize,fixed,3.6,0.25,0,0,25,5,0.0,owlvit
AOI_2_Vegas_img1985,AOI_2_Vegas,AOI_2_Vegas:-11526:3614,test,owlvit,blur_resize,fixed,5.0,0.25,0,0,25,1,0.0,owlvit
AOI_2_Vegas_img1985,AOI_2_Vegas,AOI_2_Vegas:-11526:3614,test,owlvit,blur_resize,fixed,10.0,0.25,0,0,25,0,0.0,owlvit
AOI_2_Vegas_img2046,AOI_2_Vegas,AOI_2_Vegas:-11525:3613,test,owlvit,blur_resize,fixed,0.3,0.25,16,54,32,38,4.35,owlvit
AOI_2_Vegas_img2046,AOI_2_Vegas,AOI_2_Vegas:-11525:3613,test,owlvit,blur_resize,fixed,0.45,0.25,14,42,32,43,3.7,owlvit
AOI_2_Vegas_img2046,AOI_2_Vegas,AOI_2_Vegas:-11525:3613,test,owlvit,blur_resize,fixed,0.6,0.25,13,39,32,37,4.25,owlvit
AOI_2_Vegas_img2046,AOI_2_Vegas,AOI_2_Vegas:-11525:3613,test,owlvit,blur_resize,fixed,0.9,0.25,12,37,32,42,5.05,owlvit
AOI_2_Vegas_img2046,AOI_2_Vegas,AOI_2_Vegas:-11525:3613,test,owlvit,blur_resize,fixed,1.2,0.25,13,31,32,41,3.05,owlvit
AOI_2_Vegas_img2046,AOI_2_Vegas,AOI_2_Vegas:-11525:3613,test,owlvit,blur_resize,fixed,1.8,0.25,5,8,32,27,1.15,owlvit
AOI_2_Vegas_img2046,AOI_2_Vegas,AOI_2_Vegas:-11525:3613,test,owlvit,blur_resize,fixed,2.4,0.25,3,3,32,15,0.25,owlvit
AOI_2_Vegas_img2046,AOI_2_Vegas,AOI_2_Vegas:-11525:3613,test,owlvit,blur_resize,fixed,3.6,0.25,0,0,32,1,0.0,owlvit
AOI_2_Vegas_img2046,AOI_2_Vegas,AOI_2_Vegas:-11525:3613,test,owlvit,blur_resize,fixed,5.0,0.25,0,0,32,0,0.0,owlvit
AOI_2_Vegas_img2046,AOI_2_Vegas,AOI_2_Vegas:-11525:3613,test,owlvit,blur_resize,fixed,10.0,0.25,0,0,32,0,0.0,owlvit
AOI_2_Vegas_img2065,AOI_2_Vegas,AOI_2_Vegas:-11525:3617,test,owlvit,blur_resize,fixed,0.3,0.25,29,70,57,22,13.2,owlvit
AOI_2_Vegas_img2065,AOI_2_Vegas,AOI_2_Vegas:-11525:3617,test,owlvit,blur_resize,fixed,0.45,0.25,27,56,57,29,11.65,owlvit
AOI_2_Vegas_img2065,AOI_2_Vegas,AOI_2_Vegas:-11525:3617,test,owlvit,blur_resize,fixed,0.6,0.25,26,54,57,19,11.4,owlvit
AOI_2_Vegas_img2065,AOI_2_Vegas,AOI_2_Vegas:-11525:3617,test,owlvit,blur_resize,fixed,0.9,0.25,23,33,57,15,7.4,owlvit
AOI_2_Vegas_img2065,AOI_2_Vegas,AOI_2_Vegas:-11525:3617,test,owlvit,blur_resize,fixed,1.2,0.25,10,16,57,12,4.15,owlvit
AOI_2_Vegas_img2065,AOI_2_Vegas,AOI_2_Vegas:-11525:3617,test,owlvit,blur_resize,fixed,1.8,0.25,4,6,57,11,1.4,owlvit
AOI_2_Vegas_img2065,AOI_2_Vegas,AOI_2_Vegas:-11525:3617,test,owlvit,blur_resize,fixed,2.4,0.25,1,1,57,5,0.25,owlvit
AOI_2_Vegas_img2065,AOI_2_Vegas,AOI_2_Vegas:-11525:3617,test,owlvit,blur_resize,fixed,3.6,0.25,0,0,57,3,0.0,owlvit
AOI_2_Vegas_img2065,AOI_2_Vegas,AOI_2_Vegas:-11525:3617,test,owlvit,blur_resize,fixed,5.0,0.25,0,0,57,1,0.0,owlvit
AOI_2_Vegas_img2065,AOI_2_Vegas,AOI_2_Vegas:-11525:3617,test,owlvit,blur_resize,fixed,10.0,0.25,0,0,57,0,0.0,owlvit
AOI_2_Vegas_img2108,AOI_2_Vegas,AOI_2_Vegas:-11525:3613,test,owlvit,blur_resize,fixed,0.3,0.25,15,55,21,35,3.55,owlvit
AOI_2_Vegas_img2108,AOI_2_Vegas,AOI_2_Vegas:-11525:3613,test,owlvit,blur_resize,fixed,0.45,0.25,13,55,21,41,3.85,owlvit
AOI_2_Vegas_img2108,AOI_2_Vegas,AOI_2_Vegas:-11525:3613,test,owlvit,blur_resize,fixed,0.6,0.25,12,49,21,42,3.25,owlvit
AOI_2_Vegas_img2108,AOI_2_Vegas,AOI_2_Vegas:-11525:3613,test,owlvit,blur_resize,fixed,0.9,0.25,11,43,21,32,3.2,owlvit
AOI_2_Vegas_img2108,AOI_2_Vegas,AOI_2_Vegas:-11525:3613,test,owlvit,blur_resize,fixed,1.2,0.25,11,36,21,32,2.45,owlvit
AOI_2_Vegas_img2108,AOI_2_Vegas,AOI_2_Vegas:-11525:3613,test,owlvit,blur_resize,fixed,1.8,0.25,7,14,21,23,0.85,owlvit
AOI_2_Vegas_img2108,AOI_2_Vegas,AOI_2_Vegas:-11525:3613,test,owlvit,blur_resize,fixed,2.4,0.25,4,6,21,14,0.5,owlvit
AOI_2_Vegas_img2108,AOI_2_Vegas,AOI_2_Vegas:-11525:3613,test,owlvit,blur_resize,fixed,3.6,0.25,0,0,21,6,0.0,owlvit
AOI_2_Vegas_img2108,AOI_2_Vegas,AOI_2_Vegas:-11525:3613,test,owlvit,blur_resize,fixed,5.0,0.25,0,0,21,2,0.0,owlvit
AOI_2_Vegas_img2108,AOI_2_Vegas,AOI_2_Vegas:-11525:3613,test,owlvit,blur_resize,fixed,10.0,0.25,0,0,21,0,0.0,owlvit
AOI_2_Vegas_img2109,AOI_2_Vegas,AOI_2_Vegas:-11525:3613,test,owlvit,blur_resize,fixed,0.3,0.25,11,29,24,36,1.3,owlvit
AOI_2_Vegas_img2109,AOI_2_Vegas,AOI_2_Vegas:-11525:3613,test,owlvit,blur_resize,fixed,0.45,0.25,8,25,24,44,1.35,owlvit
AOI_2_Vegas_img2109,AOI_2_Vegas,AOI_2_Vegas:-11525:3613,test,owlvit,blur_resize,fixed,0.6,0.25,8,24,24,37,1.4,owlvit
AOI_2_Vegas_img2109,AOI_2_Vegas,AOI_2_Vegas:-11525:3613,test,owlvit,blur_resize,fixed,0.9,0.25,8,23,24,37,1.0,owlvit
AOI_2_Vegas_img2109,AOI_2_Vegas,AOI_2_Vegas:-11525:3613,test,owlvit,blur_resize,fixed,1.2,0.25,6,13,24,29,0.85,owlvit
AOI_2_Vegas_img2109,AOI_2_Vegas,AOI_2_Vegas:-11525:3613,test,owlvit,blur_resize,fixed,1.8,0.25,3,7,24,25,0.55,owlvit
AOI_2_Vegas_img2109,AOI_2_Vegas,AOI_2_Vegas:-11525:3613,test,owlvit,blur_resize,fixed,2.4,0.25,2,3,24,20,0.1,owlvit
AOI_2_Vegas_img2109,AOI_2_Vegas,AOI_2_Vegas:-11525:3613,test,owlvit,blur_resize,fixed,3.6,0.25,0,0,24,9,0.0,owlvit
AOI_2_Vegas_img2109,AOI_2_Vegas,AOI_2_Vegas:-11525:3613,test,owlvit,blur_resize,fixed,5.0,0.25,0,0,24,2,0.0,owlvit
AOI_2_Vegas_img2109,AOI_2_Vegas,AOI_2_Vegas:-11525:3613,test,owlvit,blur_resize,fixed,10.0,0.25,0,0,24,0,0.0,owlvit
AOI_2_Vegas_img2110,AOI_2_Vegas,AOI_2_Vegas:-11525:3613,test,owlvit,blur_resize,fixed,0.3,0.25,7,44,12,74,1.05,owlvit
AOI_2_Vegas_img2110,AOI_2_Vegas,AOI_2_Vegas:-11525:3613,test,owlvit,blur_resize,fixed,0.45,0.25,6,39,12,66,1.25,owlvit
AOI_2_Vegas_img2110,AOI_2_Vegas,AOI_2_Vegas:-11525:3613,test,owlvit,blur_resize,fixed,0.6,0.25,4,10,12,46,0.35,owlvit
AOI_2_Vegas_img2110,AOI_2_Vegas,AOI_2_Vegas:-11525:3613,test,owlvit,blur_resize,fixed,0.9,0.25,2,2,12,34,0.1,owlvit
AOI_2_Vegas_img2110,AOI_2_Vegas,AOI_2_Vegas:-11525:3613,test,owlvit,blur_resize,fixed,1.2,0.25,0,0,12,26,0.0,owlvit
AOI_2_Vegas_img2110,AOI_2_Vegas,AOI_2_Vegas:-11525:3613,test,owlvit,blur_resize,fixed,1.8,0.25,0,0,12,19,0.0,owlvit
AOI_2_Vegas_img2110,AOI_2_Vegas,AOI_2_Vegas:-11525:3613,test,owlvit,blur_resize,fixed,2.4,0.25,0,0,12,7,0.0,owlvit
AOI_2_Vegas_img2110,AOI_2_Vegas,AOI_2_Vegas:-11525:3613,test,owlvit,blur_resize,fixed,3.6,0.25,0,0,12,3,0.0,owlvit
AOI_2_Vegas_img2110,AOI_2_Vegas,AOI_2_Vegas:-11525:3613,test,owlvit,blur_resize,fixed,5.0,0.25,0,0,12,1,0.0,owlvit
AOI_2_Vegas_img2110,AOI_2_Vegas,AOI_2_Vegas:-11525:3613,test,owlvit,blur_resize,fixed,10.0,0.25,0,0,12,0,0.0,owlvit
AOI_2_Vegas_img2202,AOI_2_Vegas,AOI_2_Vegas:-11525:3617,test,owlvit,blur_resize,fixed,0.3,0.25,0,0,0,3,0.0,owlvit
AOI_2_Vegas_img2202,AOI_2_Vegas,AOI_2_Vegas:-11525:3617,test,owlvit,blur_resize,fixed,0.45,0.25,0,0,0,2,0.0,owlvit
AOI_2_Vegas_img2202,AOI_2_Vegas,AOI_2_Vegas:-11525:3617,test,owlvit,blur_resize,fixed,0.6,0.25,0,0,0,3,0.0,owlvit
AOI_2_Vegas_img2202,AOI_2_Vegas,AOI_2_Vegas:-11525:3617,test,owlvit,blur_resize,fixed,0.9,0.25,0,0,0,2,0.0,owlvit
AOI_2_Vegas_img2202,AOI_2_Vegas,AOI_2_Vegas:-11525:3617,test,owlvit,blur_resize,fixed,1.2,0.25,0,0,0,2,0.0,owlvit
AOI_2_Vegas_img2202,AOI_2_Vegas,AOI_2_Vegas:-11525:3617,test,owlvit,blur_resize,fixed,1.8,0.25,0,0,0,2,0.0,owlvit
AOI_2_Vegas_img2202,AOI_2_Vegas,AOI_2_Vegas:-11525:3617,test,owlvit,blur_resize,fixed,2.4,0.25,0,0,0,3,0.0,owlvit
AOI_2_Vegas_img2202,AOI_2_Vegas,AOI_2_Vegas:-11525:3617,test,owlvit,blur_resize,fixed,3.6,0.25,0,0,0,1,0.0,owlvit
AOI_2_Vegas_img2202,AOI_2_Vegas,AOI_2_Vegas:-11525:3617,test,owlvit,blur_resize,fixed,5.0,0.25,0,0,0,1,0.0,owlvit
AOI_2_Vegas_img2202,AOI_2_Vegas,AOI_2_Vegas:-11525:3617,test,owlvit,blur_resize,fixed,10.0,0.25,0,0,0,0,0.0,owlvit
AOI_2_Vegas_img2207,AOI_2_Vegas,AOI_2_Vegas:-11525:3618,test,owlvit,blur_resize,fixed,0.3,0.25,9,9,24,30,1.85,owlvit
AOI_2_Vegas_img2207,AOI_2_Vegas,AOI_2_Vegas:-11525:3618,test,owlvit,blur_resize,fixed,0.45,0.25,9,9,24,30,1.85,owlvit
AOI_2_Vegas_img2207,AOI_2_Vegas,AOI_2_Vegas:-11525:3618,test,owlvit,blur_resize,fixed,0.6,0.25,8,8,24,31,1.95,owlvit
AOI_2_Vegas_img2207,AOI_2_Vegas,AOI_2_Vegas:-11525:3618,test,owlvit,blur_resize,fixed,0.9,0.25,2,2,24,25,0.4,owlvit
AOI_2_Vegas_img2207,AOI_2_Vegas,AOI_2_Vegas:-11525:3618,test,owlvit,blur_resize,fixed,1.2,0.25,0,0,24,15,0.0,owlvit
AOI_2_Vegas_img2207,AOI_2_Vegas,AOI_2_Vegas:-11525:3618,test,owlvit,blur_resize,fixed,1.8,0.25,0,0,24,11,0.0,owlvit
AOI_2_Vegas_img2207,AOI_2_Vegas,AOI_2_Vegas:-11525:3618,test,owlvit,blur_resize,fixed,2.4,0.25,0,0,24,9,0.0,owlvit
AOI_2_Vegas_img2207,AOI_2_Vegas,AOI_2_Vegas:-11525:3618,test,owlvit,blur_resize,fixed,3.6,0.25,0,0,24,5,0.0,owlvit
AOI_2_Vegas_img2207,AOI_2_Vegas,AOI_2_Vegas:-11525:3618,test,owlvit,blur_resize,fixed,5.0,0.25,0,0,24,2,0.0,owlvit
AOI_2_Vegas_img2207,AOI_2_Vegas,AOI_2_Vegas:-11525:3618,test,owlvit,blur_resize,fixed,10.0,0.25,0,0,24,2,0.0,owlvit
AOI_2_Vegas_img2218,AOI_2_Vegas,AOI_2_Vegas:-11525:3620,test,owlvit,blur_resize,fixed,0.3,0.25,9,32,14,44,1.25,owlvit
AOI_2_Vegas_img2218,AOI_2_Vegas,AOI_2_Vegas:-11525:3620,test,owlvit,blur_resize,fixed,0.45,0.25,5,17,14,39,0.6,owlvit
AOI_2_Vegas_img2218,AOI_2_Vegas,AOI_2_Vegas:-11525:3620,test,owlvit,blur_resize,fixed,0.6,0.25,2,5,14,37,0.4,owlvit
AOI_2_Vegas_img2218,AOI_2_Vegas,AOI_2_Vegas:-11525:3620,test,owlvit,blur_resize,fixed,0.9,0.25,1,3,14,28,0.1,owlvit
AOI_2_Vegas_img2218,AOI_2_Vegas,AOI_2_Vegas:-11525:3620,test,owlvit,blur_resize,fixed,1.2,0.25,1,1,14,20,0.15,owlvit
AOI_2_Vegas_img2218,AOI_2_Vegas,AOI_2_Vegas:-11525:3620,test,owlvit,blur_resize,fixed,1.8,0.25,0,0,14,17,0.0,owlvit
AOI_2_Vegas_img2218,AOI_2_Vegas,AOI_2_Vegas:-11525:3620,test,owlvit,blur_resize,fixed,2.4,0.25,0,0,14,17,0.0,owlvit
AOI_2_Vegas_img2218,AOI_2_Vegas,AOI_2_Vegas:-11525:3620,test,owlvit,blur_resize,fixed,3.6,0.25,0,0,14,8,0.0,owlvit
AOI_2_Vegas_img2218,AOI_2_Vegas,AOI_2_Vegas:-11525:3620,test,owlvit,blur_resize,fixed,5.0,0.25,0,0,14,7,0.0,owlvit
AOI_2_Vegas_img2218,AOI_2_Vegas,AOI_2_Vegas:-11525:3620,test,owlvit,blur_resize,fixed,10.0,0.25,0,0,14,2,0.0,owlvit
AOI_2_Vegas_img2230,AOI_2_Vegas,AOI_2_Vegas:-11525:3622,test,owlvit,blur_resize,fixed,0.3,0.25,13,47,30,55,5.3,owlvit
AOI_2_Vegas_img2230,AOI_2_Vegas,AOI_2_Vegas:-11525:3622,test,owlvit,blur_resize,fixed,0.45,0.25,8,35,30,56,3.55,owlvit
AOI_2_Vegas_img2230,AOI_2_Vegas,AOI_2_Vegas:-11525:3622,test,owlvit,blur_resize,fixed,0.6,0.25,8,24,30,49,3.2,owlvit
AOI_2_Vegas_img2230,AOI_2_Vegas,AOI_2_Vegas:-11525:3622,test,owlvit,blur_resize,fixed,0.9,0.25,8,18,30,42,4.1,owlvit
AOI_2_Vegas_img2230,AOI_2_Vegas,AOI_2_Vegas:-11525:3622,test,owlvit,blur_resize,fixed,1.2,0.25,8,10,30,27,2.3,owlvit
AOI_2_Vegas_img2230,AOI_2_Vegas,AOI_2_Vegas:-11525:3622,test,owlvit,blur_resize,fixed,1.8,0.25,6,7,30,16,1.55,owlvit
AOI_2_Vegas_img2230,AOI_2_Vegas,AOI_2_Vegas:-11525:3622,test,owlvit,blur_resize,fixed,2.4,0.25,3,3,30,19,0.85,owlvit
AOI_2_Vegas_img2230,AOI_2_Vegas,AOI_2_Vegas:-11525:3622,test,owlvit,blur_resize,fixed,3.6,0.25,0,0,30,4,0.0,owlvit
AOI_2_Vegas_img2230,AOI_2_Vegas,AOI_2_Vegas:-11525:3622,test,owlvit,blur_resize,fixed,5.0,0.25,0,0,30,2,0.0,owlvit
AOI_2_Vegas_img2230,AOI_2_Vegas,AOI_2_Vegas:-11525:3622,test,owlvit,blur_resize,fixed,10.0,0.25,0,0,30,0,0.0,owlvit
AOI_2_Vegas_img2236,AOI_2_Vegas,AOI_2_Vegas:-11525:3623,test,owlvit,blur_resize,fixed,0.3,0.25,39,60,73,51,13.25,owlvit
AOI_2_Vegas_img2236,AOI_2_Vegas,AOI_2_Vegas:-11525:3623,test,owlvit,blur_resize,fixed,0.45,0.25,34,51,73,48,14.55,owlvit
AOI_2_Vegas_img2236,AOI_2_Vegas,AOI_2_Vegas:-11525:3623,test,owlvit,blur_resize,fixed,0.6,0.25,33,43,73,46,11.5,owlvit
AOI_2_Vegas_img2236,AOI_2_Vegas,AOI_2_Vegas:-11525:3623,test,owlvit,blur_resize,fixed,0.9,0.25,32,42,73,38,11.6,owlvit
AOI_2_Vegas_img2236,AOI_2_Vegas,AOI_2_Vegas:-11525:3623,test,owlvit,blur_resize,fixed,1.2,0.25,28,33,73,37,8.8,owlvit
AOI_2_Vegas_img2236,AOI_2_Vegas,AOI_2_Vegas:-11525:3623,test,owlvit,blur_resize,fixed,1.8,0.25,15,17,73,35,4.8,owlvit
AOI_2_Vegas_img2236,AOI_2_Vegas,AOI_2_Vegas:-11525:3623,test,owlvit,blur_resize,fixed,2.4,0.25,12,12,73,32,3.95,owlvit
AOI_2_Vegas_img2236,AOI_2_Vegas,AOI_2_Vegas:-11525:3623,test,owlvit,blur_resize,fixed,3.6,0.25,2,2,73,23,0.8,owlvit
AOI_2_Vegas_img2236,AOI_2_Vegas,AOI_2_Vegas:-11525:3623,test,owlvit,blur_resize,fixed,5.0,0.25,0,0,73,13,0.0,owlvit
AOI_2_Vegas_img2236,AOI_2_Vegas,AOI_2_Vegas:-11525:3623,test,owlvit,blur_resize,fixed,10.0,0.25,0,0,73,0,0.0,owlvit
AOI_2_Vegas_img2267,AOI_2_Vegas,AOI_2_Vegas:-11525:3616,test,owlvit,blur_resize,fixed,0.3,0.25,38,83,58,33,12.45,owlvit
AOI_2_Vegas_img2267,AOI_2_Vegas,AOI_2_Vegas:-11525:3616,test,owlvit,blur_resize,fixed,0.45,0.25,38,73,58,36,11.55,owlvit
AOI_2_Vegas_img2267,AOI_2_Vegas,AOI_2_Vegas:-11525:3616,test,owlvit,blur_resize,fixed,0.6,0.25,40,67,58,35,10.75,owlvit
AOI_2_Vegas_img2267,AOI_2_Vegas,AOI_2_Vegas:-11525:3616,test,owlvit,blur_resize,fixed,0.9,0.25,40,60,58,31,10.2,owlvit
AOI_2_Vegas_img2267,AOI_2_Vegas,AOI_2_Vegas:-11525:3616,test,owlvit,blur_resize,fixed,1.2,0.25,38,56,58,27,9.95,owlvit
AOI_2_Vegas_img2267,AOI_2_Vegas,AOI_2_Vegas:-11525:3616,test,owlvit,blur_resize,fixed,1.8,0.25,26,40,58,22,8.25,owlvit
AOI_2_Vegas_img2267,AOI_2_Vegas,AOI_2_Vegas:-11525:3616,test,owlvit,blur_resize,fixed,2.4,0.25,15,18,58,22,3.45,owlvit
AOI_2_Vegas_img2267,AOI_2_Vegas,AOI_2_Vegas:-11525:3616,test,owlvit,blur_resize,fixed,3.6,0.25,0,0,58,2,0.0,owlvit
AOI_2_Vegas_img2267,AOI_2_Vegas,AOI_2_Vegas:-11525:3616,test,owlvit,blur_resize,fixed,5.0,0.25,0,0,58,0,0.0,owlvit
AOI_2_Vegas_img2267,AOI_2_Vegas,AOI_2_Vegas:-11525:3616,test,owlvit,blur_resize,fixed,10.0,0.25,0,0,58,0,0.0,owlvit
AOI_2_Vegas_img227,AOI_2_Vegas,AOI_2_Vegas:-11530:3613,test,owlvit,blur_resize,fixed,0.3,0.25,30,85,42,38,14.9,owlvit
AOI_2_Vegas_img227,AOI_2_Vegas,AOI_2_Vegas:-11530:3613,test,owlvit,blur_resize,fixed,0.45,0.25,31,78,42,45,13.95,owlvit
AOI_2_Vegas_img227,AOI_2_Vegas,AOI_2_Vegas:-11530:3613,test,owlvit,blur_resize,fixed,0.6,0.25,30,65,42,46,12.35,owlvit
AOI_2_Vegas_img227,AOI_2_Vegas,AOI_2_Vegas:-11530:3613,test,owlvit,blur_resize,fixed,0.9,0.25,29,53,42,45,11.55,owlvit
AOI_2_Vegas_img227,AOI_2_Vegas,AOI_2_Vegas:-11530:3613,test,owlvit,blur_resize,fixed,1.2,0.25,30,43,42,35,10.35,owlvit
AOI_2_Vegas_img227,AOI_2_Vegas,AOI_2_Vegas:-11530:3613,test,owlvit,blur_resize,fixed,1.8,0.25,20,23,42,16,5.7,owlvit
AOI_2_Vegas_img227,AOI_2_Vegas,AOI_2_Vegas:-11530:3613,test,owlvit,blur_resize,fixed,2.4,0.25,8,8,42,11,2.15,owlvit
AOI_2_Vegas_img227,AOI_2_Vegas,AOI_2_Vegas:-11530:3613,test,owlvit,blur_resize,fixed,3.6,0.25,0,0,42,4,0.0,owlvit
AOI_2_Vegas_img227,AOI_2_Vegas,AOI_2_Vegas:-11530:3613,test,owlvit,blur_resize,fixed,5.0,0.25,0,0,42,2,0.0,owlvit
AOI_2_Vegas_img227,AOI_2_Vegas,AOI_2_Vegas:-11530:3613,test,owlvit,blur_resize,fixed,10.0,0.25,0,0,42,0,0.0,owlvit
AOI_2_Vegas_img2276,AOI_2_Vegas,AOI_2_Vegas:-11525:3617,test,owlvit,blur_resize,fixed,0.3,0.25,0,0,0,2,0.0,owlvit
AOI_2_Vegas_img2276,AOI_2_Vegas,AOI_2_Vegas:-11525:3617,test,owlvit,blur_resize,fixed,0.45,0.25,0,0,0,1,0.0,owlvit
AOI_2_Vegas_img2276,AOI_2_Vegas,AOI_2_Vegas:-11525:3617,test,owlvit,blur_resize,fixed,0.6,0.25,0,0,0,2,0.0,owlvit
AOI_2_Vegas_img2276,AOI_2_Vegas,AOI_2_Vegas:-11525:3617,test,owlvit,blur_resize,fixed,0.9,0.25,0,0,0,1,0.0,owlvit
AOI_2_Vegas_img2276,AOI_2_Vegas,AOI_2_Vegas:-11525:3617,test,owlvit,blur_resize,fixed,1.2,0.25,0,0,0,1,0.0,owlvit
AOI_2_Vegas_img2276,AOI_2_Vegas,AOI_2_Vegas:-11525:3617,test,owlvit,blur_resize,fixed,1.8,0.25,0,0,0,1,0.0,owlvit
AOI_2_Vegas_img2276,AOI_2_Vegas,AOI_2_Vegas:-11525:3617,test,owlvit,blur_resize,fixed,2.4,0.25,0,0,0,1,0.0,owlvit
AOI_2_Vegas_img2276,AOI_2_Vegas,AOI_2_Vegas:-11525:3617,test,owlvit,blur_resize,fixed,3.6,0.25,0,0,0,2,0.0,owlvit
AOI_2_Vegas_img2276,AOI_2_Vegas,AOI_2_Vegas:-11525:3617,test,owlvit,blur_resize,fixed,5.0,0.25,0,0,0,3,0.0,owlvit
AOI_2_Vegas_img2276,AOI_2_Vegas,AOI_2_Vegas:-11525:3617,test,owlvit,blur_resize,fixed,10.0,0.25,0,0,0,0,0.0,owlvit
AOI_2_Vegas_img2281,AOI_2_Vegas,AOI_2_Vegas:-11525:3618,test,owlvit,blur_resize,fixed,0.3,0.25,1,4,14,32,0.1,owlvit
AOI_2_Vegas_img2281,AOI_2_Vegas,AOI_2_Vegas:-11525:3618,test,owlvit,blur_resize,fixed,0.45,0.25,0,1,14,21,0.0,owlvit
AOI_2_Vegas_img2281,AOI_2_Vegas,AOI_2_Vegas:-11525:3618,test,owlvit,blur_resize,fixed,0.6,0.25,0,1,14,11,0.0,owlvit
AOI_2_Vegas_img2281,AOI_2_Vegas,AOI_2_Vegas:-11525:3618,test,owlvit,blur_resize,fixed,0.9,0.25,0,0,14,9,0.0,owlvit
AOI_2_Vegas_img2281,AOI_2_Vegas,AOI_2_Vegas:-11525:3618,test,owlvit,blur_resize,fixed,1.2,0.25,0,0,14,6,0.0,owlvit
AOI_2_Vegas_img2281,AOI_2_Vegas,AOI_2_Vegas:-11525:3618,test,owlvit,blur_resize,fixed,1.8,0.25,0,0,14,2,0.0,owlvit
AOI_2_Vegas_img2281,AOI_2_Vegas,AOI_2_Vegas:-11525:3618,test,owlvit,blur_resize,fixed,2.4,0.25,0,0,14,3,0.0,owlvit
AOI_2_Vegas_img2281,AOI_2_Vegas,AOI_2_Vegas:-11525:3618,test,owlvit,blur_resize,fixed,3.6,0.25,0,0,14,5,0.0,owlvit
AOI_2_Vegas_img2281,AOI_2_Vegas,AOI_2_Vegas:-11525:3618,test,owlvit,blur_resize,fixed,5.0,0.25,0,0,14,1,0.0,owlvit
AOI_2_Vegas_img2281,AOI_2_Vegas,AOI_2_Vegas:-11525:3618,test,owlvit,blur_resize,fixed,10.0,0.25,0,0,14,2,0.0,owlvit
AOI_2_Vegas_img2302,AOI_2_Vegas,AOI_2_Vegas:-11525:3622,test,owlvit,blur_resize,fixed,0.3,0.25,37,93,58,28,14.15,owlvit
AOI_2_Vegas_img2302,AOI_2_Vegas,AOI_2_Vegas:-11525:3622,test,owlvit,blur_resize,fixed,0.45,0.25,33,79,58,18,13.95,owlvit
AOI_2_Vegas_img2302,AOI_2_Vegas,AOI_2_Vegas:-11525:3622,test,owlvit,blur_resize,fixed,0.6,0.25,33,72,58,21,12.55,owlvit
AOI_2_Vegas_img2302,AOI_2_Vegas,AOI_2_Vegas:-11525:3622,test,owlvit,blur_resize,fixed,0.9,0.25,31,55,58,23,10.05,owlvit
AOI_2_Vegas_img2302,AOI_2_Vegas,AOI_2_Vegas:-11525:3622,test,owlvit,blur_resize,fixed,1.2,0.25,23,37,58,17,10.15,owlvit
AOI_2_Vegas_img2302,AOI_2_Vegas,AOI_2_Vegas:-11525:3622,test,owlvit,blur_resize,fixed,1.8,0.25,16,21,58,17,5.0,owlvit
AOI_2_Vegas_img2302,AOI_2_Vegas,AOI_2_Vegas:-11525:3622,test,owlvit,blur_resize,fixed,2.4,0.25,3,3,58,15,0.85,owlvit
AOI_2_Vegas_img2302,AOI_2_Vegas,AOI_2_Vegas:-11525:3622,test,owlvit,blur_resize,fixed,3.6,0.25,0,0,58,3,0.0,owlvit
AOI_2_Vegas_img2302,AOI_2_Vegas,AOI_2_Vegas:-11525:3622,test,owlvit,blur_resize,fixed,5.0,0.25,0,0,58,1,0.0,owlvit
AOI_2_Vegas_img2302,AOI_2_Vegas,AOI_2_Vegas:-11525:3622,test,owlvit,blur_resize,fixed,10.0,0.25,0,0,58,0,0.0,owlvit
AOI_2_Vegas_img2359,AOI_2_Vegas,AOI_2_Vegas:-11525:3619,test,owlvit,blur_resize,fixed,0.3,0.25,6,22,15,33,1.0,owlvit
AOI_2_Vegas_img2359,AOI_2_Vegas,AOI_2_Vegas:-11525:3619,test,owlvit,blur_resize,fixed,0.45,0.25,5,14,15,39,0.5,owlvit
AOI_2_Vegas_img2359,AOI_2_Vegas,AOI_2_Vegas:-11525:3619,test,owlvit,blur_resize,fixed,0.6,0.25,5,10,15,34,0.45,owlvit
AOI_2_Vegas_img2359,AOI_2_Vegas,AOI_2_Vegas:-11525:3619,test,owlvit,blur_resize,fixed,0.9,0.25,4,7,15,25,0.25,owlvit
AOI_2_Vegas_img2359,AOI_2_Vegas,AOI_2_Vegas:-11525:3619,test,owlvit,blur_resize,fixed,1.2,0.25,5,6,15,22,0.3,owlvit
AOI_2_Vegas_img2359,AOI_2_Vegas,AOI_2_Vegas:-11525:3619,test,owlvit,blur_resize,fixed,1.8,0.25,3,3,15,13,0.25,owlvit
AOI_2_Vegas_img2359,AOI_2_Vegas,AOI_2_Vegas:-11525:3619,test,owlvit,blur_resize,fixed,2.4,0.25,3,3,15,14,0.15,owlvit
AOI_2_Vegas_img2359,AOI_2_Vegas,AOI_2_Vegas:-11525:3619,test,owlvit,blur_resize,fixed,3.6,0.25,0,0,15,10,0.0,owlvit
AOI_2_Vegas_img2359,AOI_2_Vegas,AOI_2_Vegas:-11525:3619,test,owlvit,blur_resize,fixed,5.0,0.25,0,0,15,6,0.0,owlvit
AOI_2_Vegas_img2359,AOI_2_Vegas,AOI_2_Vegas:-11525:3619,test,owlvit,blur_resize,fixed,10.0,0.25,0,0,15,0,0.0,owlvit
AOI_2_Vegas_img2379,AOI_2_Vegas,AOI_2_Vegas:-11525:3623,test,owlvit,blur_resize,fixed,0.3,0.25,31,59,55,20,10.95,owlvit
AOI_2_Vegas_img2379,AOI_2_Vegas,AOI_2_Vegas:-11525:3623,test,owlvit,blur_resize,fixed,0.45,0.25,27,41,55,23,7.55,owlvit
AOI_2_Vegas_img2379,AOI_2_Vegas,AOI_2_Vegas:-11525:3623,test,owlvit,blur_resize,fixed,0.6,0.25,22,35,55,17,6.75,owlvit
AOI_2_Vegas_img2379,AOI_2_Vegas,AOI_2_Vegas:-11525:3623,test,owlvit,blur_resize,fixed,0.9,0.25,10,10,55,7,2.2,owlvit
AOI_2_Vegas_img2379,AOI_2_Vegas,AOI_2_Vegas:-11525:3623,test,owlvit,blur_resize,fixed,1.2,0.25,1,1,55,5,0.3,owlvit
AOI_2_Vegas_img2379,AOI_2_Vegas,AOI_2_Vegas:-11525:3623,test,owlvit,blur_resize,fixed,1.8,0.25,0,0,55,3,0.0,owlvit
AOI_2_Vegas_img2379,AOI_2_Vegas,AOI_2_Vegas:-11525:3623,test,owlvit,blur_resize,fixed,2.4,0.25,0,0,55,2,0.0,owlvit
AOI_2_Vegas_img2379,AOI_2_Vegas,AOI_2_Vegas:-11525:3623,test,owlvit,blur_resize,fixed,3.6,0.25,0,0,55,1,0.0,owlvit
AOI_2_Vegas_img2379,AOI_2_Vegas,AOI_2_Vegas:-11525:3623,test,owlvit,blur_resize,fixed,5.0,0.25,1,1,55,2,0.15,owlvit
AOI_2_Vegas_img2379,AOI_2_Vegas,AOI_2_Vegas:-11525:3623,test,owlvit,blur_resize,fixed,10.0,0.25,0,0,55,0,0.0,owlvit
AOI_2_Vegas_img2415,AOI_2_Vegas,AOI_2_Vegas:-11524:3615,test,owlvit,blur_resize,fixed,0.3,0.25,15,51,28,57,4.45,owlvit
AOI_2_Vegas_img2415,AOI_2_Vegas,AOI_2_Vegas:-11524:3615,test,owlvit,blur_resize,fixed,0.45,0.25,12,36,28,57,4.4,owlvit
AOI_2_Vegas_img2415,AOI_2_Vegas,AOI_2_Vegas:-11524:3615,test,owlvit,blur_resize,fixed,0.6,0.25,10,20,28,57,2.3,owlvit
AOI_2_Vegas_img2415,AOI_2_Vegas,AOI_2_Vegas:-11524:3615,test,owlvit,blur_resize,fixed,0.9,0.25,6,11,28,55,2.0,owlvit
AOI_2_Vegas_img2415,AOI_2_Vegas,AOI_2_Vegas:-11524:3615,test,owlvit,blur_resize,fixed,1.2,0.25,3,3,28,34,0.85,owlvit
AOI_2_Vegas_img2415,AOI_2_Vegas,AOI_2_Vegas:-11524:3615,test,owlvit,blur_resize,fixed,1.8,0.25,1,1,28,21,0.2,owlvit
AOI_2_Vegas_img2415,AOI_2_Vegas,AOI_2_Vegas:-11524:3615,test,owlvit,blur_resize,fixed,2.4,0.25,0,0,28,20,0.0,owlvit
AOI_2_Vegas_img2415,AOI_2_Vegas,AOI_2_Vegas:-11524:3615,test,owlvit,blur_resize,fixed,3.6,0.25,0,0,28,13,0.0,owlvit
AOI_2_Vegas_img2415,AOI_2_Vegas,AOI_2_Vegas:-11524:3615,test,owlvit,blur_resize,fixed,5.0,0.25,0,0,28,12,0.0,owlvit
AOI_2_Vegas_img2415,AOI_2_Vegas,AOI_2_Vegas:-11524:3615,test,owlvit,blur_resize,fixed,10.0,0.25,0,0,28,3,0.0,owlvit
AOI_2_Vegas_img2420,AOI_2_Vegas,AOI_2_Vegas:-11524:3616,test,owlvit,blur_resize,fixed,0.3,0.25,30,76,65,36,11.7,owlvit
AOI_2_Vegas_img2420,AOI_2_Vegas,AOI_2_Vegas:-11524:3616,test,owlvit,blur_resize,fixed,0.45,0.25,29,75,65,31,11.1,owlvit
AOI_2_Vegas_img2420,AOI_2_Vegas,AOI_2_Vegas:-11524:3616,test,owlvit,blur_resize,fixed,0.6,0.25,27,70,65,30,10.5,owlvit
AOI_2_Vegas_img2420,AOI_2_Vegas,AOI_2_Vegas:-11524:3616,test,owlvit,blur_resize,fixed,0.9,0.25,24,54,65,28,8.0,owlvit
AOI_2_Vegas_img2420,AOI_2_Vegas,AOI_2_Vegas:-11524:3616,test,owlvit,blur_resize,fixed,1.2,0.25,20,38,65,26,6.9,owlvit
AOI_2_Vegas_img2420,AOI_2_Vegas,AOI_2_Vegas:-11524:3616,test,owlvit,blur_resize,fixed,1.8,0.25,0,0,65,11,0.0,owlvit
AOI_2_Vegas_img2420,AOI_2_Vegas,AOI_2_Vegas:-11524:3616,test,owlvit,blur_resize,fixed,2.4,0.25,0,0,65,13,0.0,owlvit
AOI_2_Vegas_img2420,AOI_2_Vegas,AOI_2_Vegas:-11524:3616,test,owlvit,blur_resize,fixed,3.6,0.25,0,0,65,7,0.0,owlvit
AOI_2_Vegas_img2420,AOI_2_Vegas,AOI_2_Vegas:-11524:3616,test,owlvit,blur_resize,fixed,5.0,0.25,0,0,65,1,0.0,owlvit
AOI_2_Vegas_img2420,AOI_2_Vegas,AOI_2_Vegas:-11524:3616,test,owlvit,blur_resize,fixed,10.0,0.25,0,0,65,0,0.0,owlvit
AOI_2_Vegas_img244,AOI_2_Vegas,AOI_2_Vegas:-11530:3616,test,owlvit,blur_resize,fixed,0.3,0.25,11,31,18,18,2.55,owlvit
AOI_2_Vegas_img244,AOI_2_Vegas,AOI_2_Vegas:-11530:3616,test,owlvit,blur_resize,fixed,0.45,0.25,7,20,18,14,1.95,owlvit
AOI_2_Vegas_img244,AOI_2_Vegas,AOI_2_Vegas:-11530:3616,test,owlvit,blur_resize,fixed,0.6,0.25,5,9,18,11,0.7,owlvit
AOI_2_Vegas_img244,AOI_2_Vegas,AOI_2_Vegas:-11530:3616,test,owlvit,blur_resize,fixed,0.9,0.25,3,4,18,8,0.25,owlvit
AOI_2_Vegas_img244,AOI_2_Vegas,AOI_2_Vegas:-11530:3616,test,owlvit,blur_resize,fixed,1.2,0.25,0,0,18,1,0.0,owlvit
AOI_2_Vegas_img244,AOI_2_Vegas,AOI_2_Vegas:-11530:3616,test,owlvit,blur_resize,fixed,1.8,0.25,0,0,18,2,0.0,owlvit
AOI_2_Vegas_img244,AOI_2_Vegas,AOI_2_Vegas:-11530:3616,test,owlvit,blur_resize,fixed,2.4,0.25,0,0,18,2,0.0,owlvit
AOI_2_Vegas_img244,AOI_2_Vegas,AOI_2_Vegas:-11530:3616,test,owlvit,blur_resize,fixed,3.6,0.25,0,0,18,0,0.0,owlvit
AOI_2_Vegas_img244,AOI_2_Vegas,AOI_2_Vegas:-11530:3616,test,owlvit,blur_resize,fixed,5.0,0.25,0,0,18,0,0.0,owlvit
AOI_2_Vegas_img244,AOI_2_Vegas,AOI_2_Vegas:-11530:3616,test,owlvit,blur_resize,fixed,10.0,0.25,0,0,18,0,0.0,owlvit
AOI_2_Vegas_img2447,AOI_2_Vegas,AOI_2_Vegas:-11524:3621,test,owlvit,blur_resize,fixed,0.3,0.25,50,110,56,31,23.25,owlvit
AOI_2_Vegas_img2447,AOI_2_Vegas,AOI_2_Vegas:-11524:3621,test,owlvit,blur_resize,fixed,0.45,0.25,51,97,56,35,20.65,owlvit
AOI_2_Vegas_img2447,AOI_2_Vegas,AOI_2_Vegas:-11524:3621,test,owlvit,blur_resize,fixed,0.6,0.25,51,90,56,32,20.95,owlvit
AOI_2_Vegas_img2447,AOI_2_Vegas,AOI_2_Vegas:-11524:3621,test,owlvit,blur_resize,fixed,0.9,0.25,50,69,56,25,16.25,owlvit
AOI_2_Vegas_img2447,AOI_2_Vegas,AOI_2_Vegas:-11524:3621,test,owlvit,blur_resize,fixed,1.2,0.25,28,33,56,15,8.45,owlvit
AOI_2_Vegas_img2447,AOI_2_Vegas,AOI_2_Vegas:-11524:3621,test,owlvit,blur_resize,fixed,1.8,0.25,6,6,56,14,2.4,owlvit
AOI_2_Vegas_img2447,AOI_2_Vegas,AOI_2_Vegas:-11524:3621,test,owlvit,blur_resize,fixed,2.4,0.25,8,8,56,18,2.55,owlvit
AOI_2_Vegas_img2447,AOI_2_Vegas,AOI_2_Vegas:-11524:3621,test,owlvit,blur_resize,fixed,3.6,0.25,0,0,56,5,0.0,owlvit
AOI_2_Vegas_img2447,AOI_2_Vegas,AOI_2_Vegas:-11524:3621,test,owlvit,blur_resize,fixed,5.0,0.25,0,0,56,4,0.0,owlvit
AOI_2_Vegas_img2447,AOI_2_Vegas,AOI_2_Vegas:-11524:3621,test,owlvit,blur_resize,fixed,10.0,0.25,0,0,56,0,0.0,owlvit
AOI_2_Vegas_img2453,AOI_2_Vegas,AOI_2_Vegas:-11524:3622,test,owlvit,blur_resize,fixed,0.3,0.25,18,57,46,39,6.5,owlvit
AOI_2_Vegas_img2453,AOI_2_Vegas,AOI_2_Vegas:-11524:3622,test,owlvit,blur_resize,fixed,0.45,0.25,18,56,46,49,6.45,owlvit
AOI_2_Vegas_img2453,AOI_2_Vegas,AOI_2_Vegas:-11524:3622,test,owlvit,blur_resize,fixed,0.6,0.25,15,47,46,44,6.1,owlvit
AOI_2_Vegas_img2453,AOI_2_Vegas,AOI_2_Vegas:-11524:3622,test,owlvit,blur_resize,fixed,0.9,0.25,9,35,46,49,5.4,owlvit
AOI_2_Vegas_img2453,AOI_2_Vegas,AOI_2_Vegas:-11524:3622,test,owlvit,blur_resize,fixed,1.2,0.25,7,18,46,45,3.1,owlvit
AOI_2_Vegas_img2453,AOI_2_Vegas,AOI_2_Vegas:-11524:3622,test,owlvit,blur_resize,fixed,1.8,0.25,3,5,46,35,0.6,owlvit
AOI_2_Vegas_img2453,AOI_2_Vegas,AOI_2_Vegas:-11524:3622,test,owlvit,blur_resize,fixed,2.4,0.25,3,6,46,27,1.0,owlvit
AOI_2_Vegas_img2453,AOI_2_Vegas,AOI_2_Vegas:-11524:3622,test,owlvit,blur_resize,fixed,3.6,0.25,0,0,46,7,0.0,owlvit
AOI_2_Vegas_img2453,AOI_2_Vegas,AOI_2_Vegas:-11524:3622,test,owlvit,blur_resize,fixed,5.0,0.25,0,0,46,1,0.0,owlvit
AOI_2_Vegas_img2453,AOI_2_Vegas,AOI_2_Vegas:-11524:3622,test,owlvit,blur_resize,fixed,10.0,0.25,0,0,46,0,0.0,owlvit
AOI_2_Vegas_img2462,AOI_2_Vegas,AOI_2_Vegas:-11524:3623,test,owlvit,blur_resize,fixed,0.3,0.25,35,59,80,42,9.65,owlvit
AOI_2_Vegas_img2462,AOI_2_Vegas,AOI_2_Vegas:-11524:3623,test,owlvit,blur_resize,fixed,0.45,0.25,33,54,80,45,10.75,owlvit
AOI_2_Vegas_img2462,AOI_2_Vegas,AOI_2_Vegas:-11524:3623,test,owlvit,blur_resize,fixed,0.6,0.25,28,41,80,40,8.9,owlvit
AOI_2_Vegas_img2462,AOI_2_Vegas,AOI_2_Vegas:-11524:3623,test,owlvit,blur_resize,fixed,0.9,0.25,22,26,80,37,5.0,owlvit
AOI_2_Vegas_img2462,AOI_2_Vegas,AOI_2_Vegas:-11524:3623,test,owlvit,blur_resize,fixed,1.2,0.25,9,10,80,23,1.75,owlvit
AOI_2_Vegas_img2462,AOI_2_Vegas,AOI_2_Vegas:-11524:3623,test,owlvit,blur_resize,fixed,1.8,0.25,1,1,80,10,0.3,owlvit
AOI_2_Vegas_img2462,AOI_2_Vegas,AOI_2_Vegas:-11524:3623,test,owlvit,blur_resize,fixed,2.4,0.25,0,0,80,2,0.0,owlvit
AOI_2_Vegas_img2462,AOI_2_Vegas,AOI_2_Vegas:-11524:3623,test,owlvit,blur_resize,fixed,3.6,0.25,0,0,80,0,0.0,owlvit
AOI_2_Vegas_img2462,AOI_2_Vegas,AOI_2_Vegas:-11524:3623,test,owlvit,blur_resize,fixed,5.0,0.25,0,0,80,0,0.0,owlvit
AOI_2_Vegas_img2462,AOI_2_Vegas,AOI_2_Vegas:-11524:3623,test,owlvit,blur_resize,fixed,10.0,0.25,0,0,80,0,0.0,owlvit
AOI_2_Vegas_img2474,AOI_2_Vegas,AOI_2_Vegas:-11524:3625,test,owlvit,blur_resize,fixed,0.3,0.25,15,54,30,41,4.3,owlvit
AOI_2_Vegas_img2474,AOI_2_Vegas,AOI_2_Vegas:-11524:3625,test,owlvit,blur_resize,fixed,0.45,0.25,12,44,30,41,4.5,owlvit
AOI_2_Vegas_img2474,AOI_2_Vegas,AOI_2_Vegas:-11524:3625,test,owlvit,blur_resize,fixed,0.6,0.25,12,34,30,41,3.4,owlvit
AOI_2_Vegas_img2474,AOI_2_Vegas,AOI_2_Vegas:-11524:3625,test,owlvit,blur_resize,fixed,0.9,0.25,13,32,30,32,3.6,owlvit
AOI_2_Vegas_img2474,AOI_2_Vegas,AOI_2_Vegas:-11524:3625,test,owlvit,blur_resize,fixed,1.2,0.25,9,20,30,35,2.2,owlvit
AOI_2_Vegas_img2474,AOI_2_Vegas,AOI_2_Vegas:-11524:3625,test,owlvit,blur_resize,fixed,1.8,0.25,7,11,30,20,1.2,owlvit
AOI_2_Vegas_img2474,AOI_2_Vegas,AOI_2_Vegas:-11524:3625,test,owlvit,blur_resize,fixed,2.4,0.25,2,2,30,10,0.25,owlvit
AOI_2_Vegas_img2474,AOI_2_Vegas,AOI_2_Vegas:-11524:3625,test,owlvit,blur_resize,fixed,3.6,0.25,0,0,30,2,0.0,owlvit
AOI_2_Vegas_img2474,AOI_2_Vegas,AOI_2_Vegas:-11524:3625,test,owlvit,blur_resize,fixed,5.0,0.25,0,0,30,1,0.0,owlvit
AOI_2_Vegas_img2474,AOI_2_Vegas,AOI_2_Vegas:-11524:3625,test,owlvit,blur_resize,fixed,10.0,0.25,0,0,30,0,0.0,owlvit
AOI_2_Vegas_img2479,AOI_2_Vegas,AOI_2_Vegas:-11524:3612,test,owlvit,blur_resize,fixed,0.3,0.25,16,76,23,30,5.8,owlvit
AOI_2_Vegas_img2479,AOI_2_Vegas,AOI_2_Vegas:-11524:3612,test,owlvit,blur_resize,fixed,0.45,0.25,13,63,23,33,5.4,owlvit
AOI_2_Vegas_img2479,AOI_2_Vegas,AOI_2_Vegas:-11524:3612,test,owlvit,blur_resize,fixed,0.6,0.25,16,62,23,30,5.2,owlvit
AOI_2_Vegas_img2479,AOI_2_Vegas,AOI_2_Vegas:-11524:3612,test,owlvit,blur_resize,fixed,0.9,0.25,16,59,23,33,6.2,owlvit
AOI_2_Vegas_img2479,AOI_2_Vegas,AOI_2_Vegas:-11524:3612,test,owlvit,blur_resize,fixed,1.2,0.25,15,50,23,31,4.15,owlvit
AOI_2_Vegas_img2479,AOI_2_Vegas,AOI_2_Vegas:-11524:3612,test,owlvit,blur_resize,fixed,1.8,0.25,9,14,23,21,1.85,owlvit
AOI_2_Vegas_img2479,AOI_2_Vegas,AOI_2_Vegas:-11524:3612,test,owlvit,blur_resize,fixed,2.4,0.25,3,4,23,12,0.4,owlvit
AOI_2_Vegas_img2479,AOI_2_Vegas,AOI_2_Vegas:-11524:3612,test,owlvit,blur_resize,fixed,3.6,0.25,0,0,23,4,0.0,owlvit
AOI_2_Vegas_img2479,AOI_2_Vegas,AOI_2_Vegas:-11524:3612,test,owlvit,blur_resize,fixed,5.0,0.25,0,0,23,3,0.0,owlvit
AOI_2_Vegas_img2479,AOI_2_Vegas,AOI_2_Vegas:-11524:3612,test,owlvit,blur_resize,fixed,10.0,0.25,0,0,23,0,0.0,owlvit
AOI_2_Vegas_img2516,AOI_2_Vegas,AOI_2_Vegas:-11524:3619,test,owlvit,blur_resize,fixed,0.3,0.25,17,21,82,31,3.75,owlvit
AOI_2_Vegas_img2516,AOI_2_Vegas,AOI_2_Vegas:-11524:3619,test,owlvit,blur_resize,fixed,0.45,0.25,18,23,82,31,4.3,owlvit
AOI_2_Vegas_img2516,AOI_2_Vegas,AOI_2_Vegas:-11524:3619,test,owlvit,blur_resize,fixed,0.6,0.25,16,20,82,29,4.0,owlvit
AOI_2_Vegas_img2516,AOI_2_Vegas,AOI_2_Vegas:-11524:3619,test,owlvit,blur_resize,fixed,0.9,0.25,16,19,82,27,3.5,owlvit
AOI_2_Vegas_img2516,AOI_2_Vegas,AOI_2_Vegas:-11524:3619,test,owlvit,blur_resize,fixed,1.2,0.25,13,14,82,21,2.35,owlvit
AOI_2_Vegas_img2516,AOI_2_Vegas,AOI_2_Vegas:-11524:3619,test,owlvit,blur_resize,fixed,1.8,0.25,0,0,82,14,0.0,owlvit
AOI_2_Vegas_img2516,AOI_2_Vegas,AOI_2_Vegas:-11524:3619,test,owlvit,blur_resize,fixed,2.4,0.25,0,0,82,13,0.0,owlvit
AOI_2_Vegas_img2516,AOI_2_Vegas,AOI_2_Vegas:-11524:3619,test,owlvit,blur_resize,fixed,3.6,0.25,0,0,82,7,0.0,owlvit
AOI_2_Vegas_img2516,AOI_2_Vegas,AOI_2_Vegas:-11524:3619,test,owlvit,blur_resize,fixed,5.0,0.25,0,0,82,6,0.0,owlvit
AOI_2_Vegas_img2516,AOI_2_Vegas,AOI_2_Vegas:-11524:3619,test,owlvit,blur_resize,fixed,10.0,0.25,0,0,82,1,0.0,owlvit
AOI_2_Vegas_img2567,AOI_2_Vegas,AOI_2_Vegas:-11524:3614,test,owlvit,blur_resize,fixed,0.3,0.25,5,21,20,51,1.3,owlvit
AOI_2_Vegas_img2567,AOI_2_Vegas,AOI_2_Vegas:-11524:3614,test,owlvit,blur_resize,fixed,0.45,0.25,4,14,20,55,0.95,owlvit
AOI_2_Vegas_img2567,AOI_2_Vegas,AOI_2_Vegas:-11524:3614,test,owlvit,blur_resize,fixed,0.6,0.25,3,8,20,43,0.35,owlvit
AOI_2_Vegas_img2567,AOI_2_Vegas,AOI_2_Vegas:-11524:3614,test,owlvit,blur_resize,fixed,0.9,0.25,3,10,20,41,0.55,owlvit
AOI_2_Vegas_img2567,AOI_2_Vegas,AOI_2_Vegas:-11524:3614,test,owlvit,blur_resize,fixed,1.2,0.25,3,8,20,36,0.85,owlvit
AOI_2_Vegas_img2567,AOI_2_Vegas,AOI_2_Vegas:-11524:3614,test,owlvit,blur_resize,fixed,1.8,0.25,1,3,20,35,0.2,owlvit
AOI_2_Vegas_img2567,AOI_2_Vegas,AOI_2_Vegas:-11524:3614,test,owlvit,blur_resize,fixed,2.4,0.25,1,2,20,26,0.2,owlvit
AOI_2_Vegas_img2567,AOI_2_Vegas,AOI_2_Vegas:-11524:3614,test,owlvit,blur_resize,fixed,3.6,0.25,0,0,20,13,0.0,owlvit
AOI_2_Vegas_img2567,AOI_2_Vegas,AOI_2_Vegas:-11524:3614,test,owlvit,blur_resize,fixed,5.0,0.25,0,0,20,9,0.0,owlvit
AOI_2_Vegas_img2567,AOI_2_Vegas,AOI_2_Vegas:-11524:3614,test,owlvit,blur_resize,fixed,10.0,0.25,0,0,20,0,0.0,owlvit
AOI_2_Vegas_img2614,AOI_2_Vegas,AOI_2_Vegas:-11524:3622,test,owlvit,blur_resize,fixed,0.3,0.25,34,104,44,27,17.25,owlvit
AOI_2_Vegas_img2614,AOI_2_Vegas,AOI_2_Vegas:-11524:3622,test,owlvit,blur_resize,fixed,0.45,0.25,32,86,44,30,15.95,owlvit
AOI_2_Vegas_img2614,AOI_2_Vegas,AOI_2_Vegas:-11524:3622,test,owlvit,blur_resize,fixed,0.6,0.25,32,72,44,33,15.4,owlvit
AOI_2_Vegas_img2614,AOI_2_Vegas,AOI_2_Vegas:-11524:3622,test,owlvit,blur_resize,fixed,0.9,0.25,32,57,44,27,12.25,owlvit
AOI_2_Vegas_img2614,AOI_2_Vegas,AOI_2_Vegas:-11524:3622,test,owlvit,blur_resize,fixed,1.2,0.25,29,41,44,29,9.2,owlvit
AOI_2_Vegas_img2614,AOI_2_Vegas,AOI_2_Vegas:-11524:3622,test,owlvit,blur_resize,fixed,1.8,0.25,4,4,44,8,1.05,owlvit
AOI_2_Vegas_img2614,AOI_2_Vegas,AOI_2_Vegas:-11524:3622,test,owlvit,blur_resize,fixed,2.4,0.25,0,0,44,4,0.0,owlvit
AOI_2_Vegas_img2614,AOI_2_Vegas,AOI_2_Vegas:-11524:3622,test,owlvit,blur_resize,fixed,3.6,0.25,0,0,44,1,0.0,owlvit
AOI_2_Vegas_img2614,AOI_2_Vegas,AOI_2_Vegas:-11524:3622,test,owlvit,blur_resize,fixed,5.0,0.25,0,0,44,1,0.0,owlvit
AOI_2_Vegas_img2614,AOI_2_Vegas,AOI_2_Vegas:-11524:3622,test,owlvit,blur_resize,fixed,10.0,0.25,0,0,44,0,0.0,owlvit
AOI_2_Vegas_img2623,AOI_2_Vegas,AOI_2_Vegas:-11524:3624,test,owlvit,blur_resize,fixed,0.3,0.25,5,49,13,39,1.7,owlvit
AOI_2_Vegas_img2623,AOI_2_Vegas,AOI_2_Vegas:-11524:3624,test,owlvit,blur_resize,fixed,0.45,0.25,4,40,13,46,1.85,owlvit
AOI_2_Vegas_img2623,AOI_2_Vegas,AOI_2_Vegas:-11524:3624,test,owlvit,blur_resize,fixed,0.6,0.25,5,29,13,40,0.9,owlvit
AOI_2_Vegas_img2623,AOI_2_Vegas,AOI_2_Vegas:-11524:3624,test,owlvit,blur_resize,fixed,0.9,0.25,5,28,13,37,1.6,owlvit
AOI_2_Vegas_img2623,AOI_2_Vegas,AOI_2_Vegas:-11524:3624,test,owlvit,blur_resize,fixed,1.2,0.25,3,15,13,40,0.9,owlvit
AOI_2_Vegas_img2623,AOI_2_Vegas,AOI_2_Vegas:-11524:3624,test,owlvit,blur_resize,fixed,1.8,0.25,3,8,13,31,0.6,owlvit
AOI_2_Vegas_img2623,AOI_2_Vegas,AOI_2_Vegas:-11524:3624,test,owlvit,blur_resize,fixed,2.4,0.25,0,1,13,30,0.05,owlvit
AOI_2_Vegas_img2623,AOI_2_Vegas,AOI_2_Vegas:-11524:3624,test,owlvit,blur_resize,fixed,3.6,0.25,0,0,13,2,0.0,owlvit
AOI_2_Vegas_img2623,AOI_2_Vegas,AOI_2_Vegas:-11524:3624,test,owlvit,blur_resize,fixed,5.0,0.25,0,0,13,1,0.0,owlvit
AOI_2_Vegas_img2623,AOI_2_Vegas,AOI_2_Vegas:-11524:3624,test,owlvit,blur_resize,fixed,10.0,0.25,0,0,13,0,0.0,owlvit
AOI_2_Vegas_img263,AOI_2_Vegas,AOI_2_Vegas:-11530:3620,test,owlvit,blur_resize,fixed,0.3,0.25,33,50,44,30,11.25,owlvit
AOI_2_Vegas_img263,AOI_2_Vegas,AOI_2_Vegas:-11530:3620,test,owlvit,blur_resize,fixed,0.45,0.25,33,46,44,31,10.1,owlvit
AOI_2_Vegas_img263,AOI_2_Vegas,AOI_2_Vegas:-11530:3620,test,owlvit,blur_resize,fixed,0.6,0.25,29,39,44,28,8.8,owlvit
AOI_2_Vegas_img263,AOI_2_Vegas,AOI_2_Vegas:-11530:3620,test,owlvit,blur_resize,fixed,0.9,0.25,26,33,44,24,8.65,owlvit
AOI_2_Vegas_img263,AOI_2_Vegas,AOI_2_Vegas:-11530:3620,test,owlvit,blur_resize,fixed,1.2,0.25,17,18,44,20,5.9,owlvit
AOI_2_Vegas_img263,AOI_2_Vegas,AOI_2_Vegas:-11530:3620,test,owlvit,blur_resize,fixed,1.8,0.25,0,0,44,8,0.0,owlvit
AOI_2_Vegas_img263,AOI_2_Vegas,AOI_2_Vegas:-11530:3620,test,owlvit,blur_resize,fixed,2.4,0.25,0,0,44,7,0.0,owlvit
AOI_2_Vegas_img263,AOI_2_Vegas,AOI_2_Vegas:-11530:3620,test,owlvit,blur_resize,fixed,3.6,0.25,0,0,44,10,0.0,owlvit
AOI_2_Vegas_img263,AOI_2_Vegas,AOI_2_Vegas:-11530:3620,test,owlvit,blur_resize,fixed,5.0,0.25,0,0,44,3,0.0,owlvit
AOI_2_Vegas_img263,AOI_2_Vegas,AOI_2_Vegas:-11530:3620,test,owlvit,blur_resize,fixed,10.0,0.25,0,0,44,0,0.0,owlvit
AOI_2_Vegas_img2668,AOI_2_Vegas,AOI_2_Vegas:-11524:3618,test,owlvit,blur_resize,fixed,0.3,0.25,39,74,65,48,14.1,owlvit
AOI_2_Vegas_img2668,AOI_2_Vegas,AOI_2_Vegas:-11524:3618,test,owlvit,blur_resize,fixed,0.45,0.25,33,61,65,48,11.8,owlvit
AOI_2_Vegas_img2668,AOI_2_Vegas,AOI_2_Vegas:-11524:3618,test,owlvit,blur_resize,fixed,0.6,0.25,35,55,65,41,11.9,owlvit
AOI_2_Vegas_img2668,AOI_2_Vegas,AOI_2_Vegas:-11524:3618,test,owlvit,blur_resize,fixed,0.9,0.25,29,47,65,39,9.65,owlvit
AOI_2_Vegas_img2668,AOI_2_Vegas,AOI_2_Vegas:-11524:3618,test,owlvit,blur_resize,fixed,1.2,0.25,23,36,65,34,9.6,owlvit
AOI_2_Vegas_img2668,AOI_2_Vegas,AOI_2_Vegas:-11524:3618,test,owlvit,blur_resize,fixed,1.8,0.25,4,5,65,15,1.2,owlvit
AOI_2_Vegas_img2668,AOI_2_Vegas,AOI_2_Vegas:-11524:3618,test,owlvit,blur_resize,fixed,2.4,0.25,0,0,65,5,0.0,owlvit
AOI_2_Vegas_img2668,AOI_2_Vegas,AOI_2_Vegas:-11524:3618,test,owlvit,blur_resize,fixed,3.6,0.25,0,0,65,1,0.0,owlvit
AOI_2_Vegas_img2668,AOI_2_Vegas,AOI_2_Vegas:-11524:3618,test,owlvit,blur_resize,fixed,5.0,0.25,0,0,65,2,0.0,owlvit
AOI_2_Vegas_img2668,AOI_2_Vegas,AOI_2_Vegas:-11524:3618,test,owlvit,blur_resize,fixed,10.0,0.25,0,0,65,0,0.0,owlvit
AOI_2_Vegas_img2695,AOI_2_Vegas,AOI_2_Vegas:-11524:3623,test,owlvit,blur_resize,fixed,0.3,0.25,28,54,52,31,7.8,owlvit
AOI_2_Vegas_img2695,AOI_2_Vegas,AOI_2_Vegas:-11524:3623,test,owlvit,blur_resize,fixed,0.45,0.25,30,52,52,24,8.6,owlvit
AOI_2_Vegas_img2695,AOI_2_Vegas,AOI_2_Vegas:-11524:3623,test,owlvit,blur_resize,fixed,0.6,0.25,29,47,52,25,7.75,owlvit
AOI_2_Vegas_img2695,AOI_2_Vegas,AOI_2_Vegas:-11524:3623,test,owlvit,blur_resize,fixed,0.9,0.25,29,47,52,25,8.4,owlvit
AOI_2_Vegas_img2695,AOI_2_Vegas,AOI_2_Vegas:-11524:3623,test,owlvit,blur_resize,fixed,1.2,0.25,25,37,52,21,6.05,owlvit
AOI_2_Vegas_img2695,AOI_2_Vegas,AOI_2_Vegas:-11524:3623,test,owlvit,blur_resize,fixed,1.8,0.25,12,14,52,11,2.9,owlvit
AOI_2_Vegas_img2695,AOI_2_Vegas,AOI_2_Vegas:-11524:3623,test,owlvit,blur_resize,fixed,2.4,0.25,3,3,52,7,0.8,owlvit
AOI_2_Vegas_img2695,AOI_2_Vegas,AOI_2_Vegas:-11524:3623,test,owlvit,blur_resize,fixed,3.6,0.25,0,0,52,1,0.0,owlvit
AOI_2_Vegas_img2695,AOI_2_Vegas,AOI_2_Vegas:-11524:3623,test,owlvit,blur_resize,fixed,5.0,0.25,0,0,52,1,0.0,owlvit
AOI_2_Vegas_img2695,AOI_2_Vegas,AOI_2_Vegas:-11524:3623,test,owlvit,blur_resize,fixed,10.0,0.25,0,0,52,0,0.0,owlvit
AOI_2_Vegas_img2751,AOI_2_Vegas,AOI_2_Vegas:-11524:3619,test,owlvit,blur_resize,fixed,0.3,0.25,24,45,42,25,7.75,owlvit
AOI_2_Vegas_img2751,AOI_2_Vegas,AOI_2_Vegas:-11524:3619,test,owlvit,blur_resize,fixed,0.45,0.25,22,35,42,23,6.85,owlvit
AOI_2_Vegas_img2751,AOI_2_Vegas,AOI_2_Vegas:-11524:3619,test,owlvit,blur_resize,fixed,0.6,0.25,17,28,42,24,4.85,owlvit
AOI_2_Vegas_img2751,AOI_2_Vegas,AOI_2_Vegas:-11524:3619,test,owlvit,blur_resize,fixed,0.9,0.25,16,24,42,22,4.6,owlvit
AOI_2_Vegas_img2751,AOI_2_Vegas,AOI_2_Vegas:-11524:3619,test,owlvit,blur_resize,fixed,1.2,0.25,7,8,42,18,1.7,owlvit
AOI_2_Vegas_img2751,AOI_2_Vegas,AOI_2_Vegas:-11524:3619,test,owlvit,blur_resize,fixed,1.8,0.25,2,2,42,10,0.55,owlvit
AOI_2_Vegas_img2751,AOI_2_Vegas,AOI_2_Vegas:-11524:3619,test,owlvit,blur_resize,fixed,2.4,0.25,0,0,42,7,0.0,owlvit
AOI_2_Vegas_img2751,AOI_2_Vegas,AOI_2_Vegas:-11524:3619,test,owlvit,blur_resize,fixed,3.6,0.25,0,0,42,5,0.0,owlvit
AOI_2_Vegas_img2751,AOI_2_Vegas,AOI_2_Vegas:-11524:3619,test,owlvit,blur_resize,fixed,5.0,0.25,0,0,42,4,0.0,owlvit
AOI_2_Vegas_img2751,AOI_2_Vegas,AOI_2_Vegas:-11524:3619,test,owlvit,blur_resize,fixed,10.0,0.25,0,0,42,0,0.0,owlvit
AOI_2_Vegas_img2760,AOI_2_Vegas,AOI_2_Vegas:-11524:3620,test,owlvit,blur_resize,fixed,0.3,0.25,32,90,58,33,12.95,owlvit
AOI_2_Vegas_img2760,AOI_2_Vegas,AOI_2_Vegas:-11524:3620,test,owlvit,blur_resize,fixed,0.45,0.25,32,78,58,30,11.0,owlvit
AOI_2_Vegas_img2760,AOI_2_Vegas,AOI_2_Vegas:-11524:3620,test,owlvit,blur_resize,fixed,0.6,0.25,30,69,58,31,10.4,owlvit
AOI_2_Vegas_img2760,AOI_2_Vegas,AOI_2_Vegas:-11524:3620,test,owlvit,blur_resize,fixed,0.9,0.25,27,55,58,36,8.7,owlvit
AOI_2_Vegas_img2760,AOI_2_Vegas,AOI_2_Vegas:-11524:3620,test,owlvit,blur_resize,fixed,1.2,0.25,22,35,58,24,5.8,owlvit
AOI_2_Vegas_img2760,AOI_2_Vegas,AOI_2_Vegas:-11524:3620,test,owlvit,blur_resize,fixed,1.8,0.25,5,5,58,11,0.9,owlvit
AOI_2_Vegas_img2760,AOI_2_Vegas,AOI_2_Vegas:-11524:3620,test,owlvit,blur_resize,fixed,2.4,0.25,0,0,58,4,0.0,owlvit
AOI_2_Vegas_img2760,AOI_2_Vegas,AOI_2_Vegas:-11524:3620,test,owlvit,blur_resize,fixed,3.6,0.25,0,0,58,3,0.0,owlvit
AOI_2_Vegas_img2760,AOI_2_Vegas,AOI_2_Vegas:-11524:3620,test,owlvit,blur_resize,fixed,5.0,0.25,0,0,58,1,0.0,owlvit
AOI_2_Vegas_img2760,AOI_2_Vegas,AOI_2_Vegas:-11524:3620,test,owlvit,blur_resize,fixed,10.0,0.25,0,0,58,0,0.0,owlvit
AOI_2_Vegas_img2801,AOI_2_Vegas,AOI_2_Vegas:-11524:3613,test,owlvit,blur_resize,fixed,0.3,0.25,11,28,26,32,1.9,owlvit
AOI_2_Vegas_img2801,AOI_2_Vegas,AOI_2_Vegas:-11524:3613,test,owlvit,blur_resize,fixed,0.45,0.25,11,33,26,34,2.35,owlvit
AOI_2_Vegas_img2801,AOI_2_Vegas,AOI_2_Vegas:-11524:3613,test,owlvit,blur_resize,fixed,0.6,0.25,10,27,26,38,2.25,owlvit
AOI_2_Vegas_img2801,AOI_2_Vegas,AOI_2_Vegas:-11524:3613,test,owlvit,blur_resize,fixed,0.9,0.25,8,24,26,36,1.8,owlvit
AOI_2_Vegas_img2801,AOI_2_Vegas,AOI_2_Vegas:-11524:3613,test,owlvit,blur_resize,fixed,1.2,0.25,6,22,26,34,1.85,owlvit
AOI_2_Vegas_img2801,AOI_2_Vegas,AOI_2_Vegas:-11524:3613,test,owlvit,blur_resize,fixed,1.8,0.25,4,14,26,30,1.65,owlvit
AOI_2_Vegas_img2801,AOI_2_Vegas,AOI_2_Vegas:-11524:3613,test,owlvit,blur_resize,fixed,2.4,0.25,4,10,26,26,1.3,owlvit
AOI_2_Vegas_img2801,AOI_2_Vegas,AOI_2_Vegas:-11524:3613,test,owlvit,blur_resize,fixed,3.6,0.25,0,0,26,7,0.0,owlvit
AOI_2_Vegas_img2801,AOI_2_Vegas,AOI_2_Vegas:-11524:3613,test,owlvit,blur_resize,fixed,5.0,0.25,0,0,26,1,0.0,owlvit
AOI_2_Vegas_img2801,AOI_2_Vegas,AOI_2_Vegas:-11524:3613,test,owlvit,blur_resize,fixed,10.0,0.25,0,0,26,0,0.0,owlvit
AOI_2_Vegas_img2824,AOI_2_Vegas,AOI_2_Vegas:-11524:3618,test,owlvit,blur_resize,fixed,0.3,0.25,21,49,31,45,4.55,owlvit
AOI_2_Vegas_img2824,AOI_2_Vegas,AOI_2_Vegas:-11524:3618,test,owlvit,blur_resize,fixed,0.45,0.25,18,40,31,42,5.6,owlvit
AOI_2_Vegas_img2824,AOI_2_Vegas,AOI_2_Vegas:-11524:3618,test,owlvit,blur_resize,fixed,0.6,0.25,19,35,31,38,4.15,owlvit
AOI_2_Vegas_img2824,AOI_2_Vegas,AOI_2_Vegas:-11524:3618,test,owlvit,blur_resize,fixed,0.9,0.25,17,34,31,41,3.95,owlvit
AOI_2_Vegas_img2824,AOI_2_Vegas,AOI_2_Vegas:-11524:3618,test,owlvit,blur_resize,fixed,1.2,0.25,14,27,31,46,3.55,owlvit
AOI_2_Vegas_img2824,AOI_2_Vegas,AOI_2_Vegas:-11524:3618,test,owlvit,blur_resize,fixed,1.8,0.25,12,17,31,43,2.7,owlvit
AOI_2_Vegas_img2824,AOI_2_Vegas,AOI_2_Vegas:-11524:3618,test,owlvit,blur_resize,fixed,2.4,0.25,4,6,31,38,1.0,owlvit
AOI_2_Vegas_img2824,AOI_2_Vegas,AOI_2_Vegas:-11524:3618,test,owlvit,blur_resize,fixed,3.6,0.25,0,0,31,20,0.0,owlvit
AOI_2_Vegas_img2824,AOI_2_Vegas,AOI_2_Vegas:-11524:3618,test,owlvit,blur_resize,fixed,5.0,0.25,0,0,31,5,0.0,owlvit
AOI_2_Vegas_img2824,AOI_2_Vegas,AOI_2_Vegas:-11524:3618,test,owlvit,blur_resize,fixed,10.0,0.25,0,0,31,1,0.0,owlvit
AOI_2_Vegas_img2852,AOI_2_Vegas,AOI_2_Vegas:-11524:3622,test,owlvit,blur_resize,fixed,0.3,0.25,14,48,49,36,5.55,owlvit
AOI_2_Vegas_img2852,AOI_2_Vegas,AOI_2_Vegas:-11524:3622,test,owlvit,blur_resize,fixed,0.45,0.25,16,33,49,37,4.2,owlvit
AOI_2_Vegas_img2852,AOI_2_Vegas,AOI_2_Vegas:-11524:3622,test,owlvit,blur_resize,fixed,0.6,0.25,14,25,49,39,3.9,owlvit
AOI_2_Vegas_img2852,AOI_2_Vegas,AOI_2_Vegas:-11524:3622,test,owlvit,blur_resize,fixed,0.9,0.25,8,9,49,30,2.2,owlvit
AOI_2_Vegas_img2852,AOI_2_Vegas,AOI_2_Vegas:-11524:3622,test,owlvit,blur_resize,fixed,1.2,0.25,1,1,49,11,0.2,owlvit
AOI_2_Vegas_img2852,AOI_2_Vegas,AOI_2_Vegas:-11524:3622,test,owlvit,blur_resize,fixed,1.8,0.25,0,0,49,2,0.0,owlvit
AOI_2_Vegas_img2852,AOI_2_Vegas,AOI_2_Vegas:-11524:3622,test,owlvit,blur_resize,fixed,2.4,0.25,0,0,49,2,0.0,owlvit
AOI_2_Vegas_img2852,AOI_2_Vegas,AOI_2_Vegas:-11524:3622,test,owlvit,blur_resize,fixed,3.6,0.25,0,0,49,3,0.0,owlvit
AOI_2_Vegas_img2852,AOI_2_Vegas,AOI_2_Vegas:-11524:3622,test,owlvit,blur_resize,fixed,5.0,0.25,0,0,49,1,0.0,owlvit
AOI_2_Vegas_img2852,AOI_2_Vegas,AOI_2_Vegas:-11524:3622,test,owlvit,blur_resize,fixed,10.0,0.25,0,0,49,0,0.0,owlvit
AOI_2_Vegas_img286,AOI_2_Vegas,AOI_2_Vegas:-11530:3614,test,owlvit,blur_resize,fixed,0.3,0.25,2,7,6,27,0.1,owlvit
AOI_2_Vegas_img286,AOI_2_Vegas,AOI_2_Vegas:-11530:3614,test,owlvit,blur_resize,fixed,0.45,0.25,2,8,6,26,0.25,owlvit
AOI_2_Vegas_img286,AOI_2_Vegas,AOI_2_Vegas:-11530:3614,test,owlvit,blur_resize,fixed,0.6,0.25,2,5,6,22,0.35,owlvit
AOI_2_Vegas_img286,AOI_2_Vegas,AOI_2_Vegas:-11530:3614,test,owlvit,blur_resize,fixed,0.9,0.25,2,3,6,8,0.3,owlvit
AOI_2_Vegas_img286,AOI_2_Vegas,AOI_2_Vegas:-11530:3614,test,owlvit,blur_resize,fixed,1.2,0.25,0,0,6,3,0.0,owlvit
AOI_2_Vegas_img286,AOI_2_Vegas,AOI_2_Vegas:-11530:3614,test,owlvit,blur_resize,fixed,1.8,0.25,0,0,6,2,0.0,owlvit
AOI_2_Vegas_img286,AOI_2_Vegas,AOI_2_Vegas:-11530:3614,test,owlvit,blur_resize,fixed,2.4,0.25,0,0,6,6,0.0,owlvit
AOI_2_Vegas_img286,AOI_2_Vegas,AOI_2_Vegas:-11530:3614,test,owlvit,blur_resize,fixed,3.6,0.25,0,0,6,5,0.0,owlvit
AOI_2_Vegas_img286,AOI_2_Vegas,AOI_2_Vegas:-11530:3614,test,owlvit,blur_resize,fixed,5.0,0.25,0,0,6,4,0.0,owlvit
AOI_2_Vegas_img286,AOI_2_Vegas,AOI_2_Vegas:-11530:3614,test,owlvit,blur_resize,fixed,10.0,0.25,0,0,6,1,0.0,owlvit
AOI_2_Vegas_img2870,AOI_2_Vegas,AOI_2_Vegas:-11524:3626,test,owlvit,blur_resize,fixed,0.3,0.25,10,55,16,12,1.7,owlvit
AOI_2_Vegas_img2870,AOI_2_Vegas,AOI_2_Vegas:-11524:3626,test,owlvit,blur_resize,fixed,0.45,0.25,9,41,16,10,1.65,owlvit
AOI_2_Vegas_img2870,AOI_2_Vegas,AOI_2_Vegas:-11524:3626,test,owlvit,blur_resize,fixed,0.6,0.25,7,34,16,10,1.3,owlvit
AOI_2_Vegas_img2870,AOI_2_Vegas,AOI_2_Vegas:-11524:3626,test,owlvit,blur_resize,fixed,0.9,0.25,6,31,16,13,1.75,owlvit
AOI_2_Vegas_img2870,AOI_2_Vegas,AOI_2_Vegas:-11524:3626,test,owlvit,blur_resize,fixed,1.2,0.25,6,17,16,8,1.15,owlvit
AOI_2_Vegas_img2870,AOI_2_Vegas,AOI_2_Vegas:-11524:3626,test,owlvit,blur_resize,fixed,1.8,0.25,0,0,16,1,0.0,owlvit
AOI_2_Vegas_img2870,AOI_2_Vegas,AOI_2_Vegas:-11524:3626,test,owlvit,blur_resize,fixed,2.4,0.25,0,0,16,2,0.0,owlvit
AOI_2_Vegas_img2870,AOI_2_Vegas,AOI_2_Vegas:-11524:3626,test,owlvit,blur_resize,fixed,3.6,0.25,0,0,16,1,0.0,owlvit
AOI_2_Vegas_img2870,AOI_2_Vegas,AOI_2_Vegas:-11524:3626,test,owlvit,blur_resize,fixed,5.0,0.25,0,0,16,1,0.0,owlvit
AOI_2_Vegas_img2870,AOI_2_Vegas,AOI_2_Vegas:-11524:3626,test,owlvit,blur_resize,fixed,10.0,0.25,0,0,16,1,0.0,owlvit
AOI_2_Vegas_img2875,AOI_2_Vegas,AOI_2_Vegas:-11523:3613,test,owlvit,blur_resize,fixed,0.3,0.25,16,55,31,37,4.85,owlvit
AOI_2_Vegas_img2875,AOI_2_Vegas,AOI_2_Vegas:-11523:3613,test,owlvit,blur_resize,fixed,0.45,0.25,17,48,31,43,4.4,owlvit
AOI_2_Vegas_img2875,AOI_2_Vegas,AOI_2_Vegas:-11523:3613,test,owlvit,blur_resize,fixed,0.6,0.25,14,47,31,44,4.5,owlvit
AOI_2_Vegas_img2875,AOI_2_Vegas,AOI_2_Vegas:-11523:3613,test,owlvit,blur_resize,fixed,0.9,0.25,12,34,31,45,3.3,owlvit
AOI_2_Vegas_img2875,AOI_2_Vegas,AOI_2_Vegas:-11523:3613,test,owlvit,blur_resize,fixed,1.2,0.25,9,27,31,43,3.0,owlvit
AOI_2_Vegas_img2875,AOI_2_Vegas,AOI_2_Vegas:-11523:3613,test,owlvit,blur_resize,fixed,1.8,0.25,6,15,31,25,1.55,owlvit
AOI_2_Vegas_img2875,AOI_2_Vegas,AOI_2_Vegas:-11523:3613,test,owlvit,blur_resize,fixed,2.4,0.25,3,3,31,14,0.6,owlvit
AOI_2_Vegas_img2875,AOI_2_Vegas,AOI_2_Vegas:-11523:3613,test,owlvit,blur_resize,fixed,3.6,0.25,0,0,31,1,0.0,owlvit
AOI_2_Vegas_img2875,AOI_2_Vegas,AOI_2_Vegas:-11523:3613,test,owlvit,blur_resize,fixed,5.0,0.25,0,0,31,0,0.0,owlvit
AOI_2_Vegas_img2875,AOI_2_Vegas,AOI_2_Vegas:-11523:3613,test,owlvit,blur_resize,fixed,10.0,0.25,0,0,31,0,0.0,owlvit
AOI_2_Vegas_img288,AOI_2_Vegas,AOI_2_Vegas:-11530:3614,test,owlvit,blur_resize,fixed,0.3,0.25,23,81,37,35,6.45,owlvit
AOI_2_Vegas_img288,AOI_2_Vegas,AOI_2_Vegas:-11530:3614,test,owlvit,blur_resize,fixed,0.45,0.25,22,74,37,39,7.7,owlvit
AOI_2_Vegas_img288,AOI_2_Vegas,AOI_2_Vegas:-11530:3614,test,owlvit,blur_resize,fixed,0.6,0.25,21,64,37,37,6.85,owlvit
AOI_2_Vegas_img288,AOI_2_Vegas,AOI_2_Vegas:-11530:3614,test,owlvit,blur_resize,fixed,0.9,0.25,21,51,37,38,5.1,owlvit
AOI_2_Vegas_img288,AOI_2_Vegas,AOI_2_Vegas:-11530:3614,test,owlvit,blur_resize,fixed,1.2,0.25,19,28,37,44,3.95,owlvit
AOI_2_Vegas_img288,AOI_2_Vegas,AOI_2_Vegas:-11530:3614,test,owlvit,blur_resize,fixed,1.8,0.25,8,8,37,29,1.25,owlvit
AOI_2_Vegas_img288,AOI_2_Vegas,AOI_2_Vegas:-11530:3614,test,owlvit,blur_resize,fixed,2.4,0.25,2,2,37,15,0.4,owlvit
AOI_2_Vegas_img288,AOI_2_Vegas,AOI_2_Vegas:-11530:3614,test,owlvit,blur_resize,fixed,3.6,0.25,1,1,37,4,0.1,owlvit
AOI_2_Vegas_img288,AOI_2_Vegas,AOI_2_Vegas:-11530:3614,test,owlvit,blur_resize,fixed,5.0,0.25,0,0,37,1,0.0,owlvit
AOI_2_Vegas_img288,AOI_2_Vegas,AOI_2_Vegas:-11530:3614,test,owlvit,blur_resize,fixed,10.0,0.25,0,0,37,0,0.0,owlvit
AOI_2_Vegas_img2888,AOI_2_Vegas,AOI_2_Vegas:-11523:3615,test,owlvit,blur_resize,fixed,0.3,0.25,0,1,0,21,0.0,owlvit
AOI_2_Vegas_img2888,AOI_2_Vegas,AOI_2_Vegas:-11523:3615,test,owlvit,blur_resize,fixed,0.45,0.25,0,1,0,23,0.0,owlvit
AOI_2_Vegas_img2888,AOI_2_Vegas,AOI_2_Vegas:-11523:3615,test,owlvit,blur_resize,fixed,0.6,0.25,0,1,0,22,0.0,owlvit
AOI_2_Vegas_img2888,AOI_2_Vegas,AOI_2_Vegas:-11523:3615,test,owlvit,blur_resize,fixed,0.9,0.25,0,2,0,28,0.0,owlvit
AOI_2_Vegas_img2888,AOI_2_Vegas,AOI_2_Vegas:-11523:3615,test,owlvit,blur_resize,fixed,1.2,0.25,0,0,0,20,0.0,owlvit
AOI_2_Vegas_img2888,AOI_2_Vegas,AOI_2_Vegas:-11523:3615,test,owlvit,blur_resize,fixed,1.8,0.25,0,0,0,13,0.0,owlvit
AOI_2_Vegas_img2888,AOI_2_Vegas,AOI_2_Vegas:-11523:3615,test,owlvit,blur_resize,fixed,2.4,0.25,0,0,0,16,0.0,owlvit
AOI_2_Vegas_img2888,AOI_2_Vegas,AOI_2_Vegas:-11523:3615,test,owlvit,blur_resize,fixed,3.6,0.25,0,0,0,5,0.0,owlvit
AOI_2_Vegas_img2888,AOI_2_Vegas,AOI_2_Vegas:-11523:3615,test,owlvit,blur_resize,fixed,5.0,0.25,0,0,0,4,0.0,owlvit
AOI_2_Vegas_img2888,AOI_2_Vegas,AOI_2_Vegas:-11523:3615,test,owlvit,blur_resize,fixed,10.0,0.25,0,0,0,0,0.0,owlvit
AOI_2_Vegas_img297,AOI_2_Vegas,AOI_2_Vegas:-11530:3616,test,owlvit,blur_resize,fixed,0.3,0.25,0,0,0,2,0.0,owlvit
AOI_2_Vegas_img297,AOI_2_Vegas,AOI_2_Vegas:-11530:3616,test,owlvit,blur_resize,fixed,0.45,0.25,0,0,0,0,0.0,owlvit
AOI_2_Vegas_img297,AOI_2_Vegas,AOI_2_Vegas:-11530:3616,test,owlvit,blur_resize,fixed,0.6,0.25,0,0,0,0,0.0,owlvit
AOI_2_Vegas_img297,AOI_2_Vegas,AOI_2_Vegas:-11530:3616,test,owlvit,blur_resize,fixed,0.9,0.25,0,0,0,0,0.0,owlvit
AOI_2_Vegas_img297,AOI_2_Vegas,AOI_2_Vegas:-11530:3616,test,owlvit,blur_resize,fixed,1.2,0.25,0,0,0,0,0.0,owlvit
AOI_2_Vegas_img297,AOI_2_Vegas,AOI_2_Vegas:-11530:3616,test,owlvit,blur_resize,fixed,1.8,0.25,0,0,0,0,0.0,owlvit
AOI_2_Vegas_img297,AOI_2_Vegas,AOI_2_Vegas:-11530:3616,test,owlvit,blur_resize,fixed,2.4,0.25,0,0,0,0,0.0,owlvit
AOI_2_Vegas_img297,AOI_2_Vegas,AOI_2_Vegas:-11530:3616,test,owlvit,blur_resize,fixed,3.6,0.25,0,0,0,0,0.0,owlvit
AOI_2_Vegas_img297,AOI_2_Vegas,AOI_2_Vegas:-11530:3616,test,owlvit,blur_resize,fixed,5.0,0.25,0,0,0,0,0.0,owlvit
AOI_2_Vegas_img297,AOI_2_Vegas,AOI_2_Vegas:-11530:3616,test,owlvit,blur_resize,fixed,10.0,0.25,0,0,0,0,0.0,owlvit
AOI_2_Vegas_img2978,AOI_2_Vegas,AOI_2_Vegas:-11523:3617,test,owlvit,blur_resize,fixed,0.3,0.25,12,51,30,27,4.05,owlvit
AOI_2_Vegas_img2978,AOI_2_Vegas,AOI_2_Vegas:-11523:3617,test,owlvit,blur_resize,fixed,0.45,0.25,10,30,30,21,2.75,owlvit
AOI_2_Vegas_img2978,AOI_2_Vegas,AOI_2_Vegas:-11523:3617,test,owlvit,blur_resize,fixed,0.6,0.25,9,16,30,23,1.55,owlvit
AOI_2_Vegas_img2978,AOI_2_Vegas,AOI_2_Vegas:-11523:3617,test,owlvit,blur_resize,fixed,0.9,0.25,12,19,30,23,2.0,owlvit
AOI_2_Vegas_img2978,AOI_2_Vegas,AOI_2_Vegas:-11523:3617,test,owlvit,blur_resize,fixed,1.2,0.25,11,17,30,23,1.95,owlvit
AOI_2_Vegas_img2978,AOI_2_Vegas,AOI_2_Vegas:-11523:3617,test,owlvit,blur_resize,fixed,1.8,0.25,4,6,30,21,0.8,owlvit
AOI_2_Vegas_img2978,AOI_2_Vegas,AOI_2_Vegas:-11523:3617,test,owlvit,blur_resize,fixed,2.4,0.25,1,1,30,16,0.15,owlvit
AOI_2_Vegas_img2978,AOI_2_Vegas,AOI_2_Vegas:-11523:3617,test,owlvit,blur_resize,fixed,3.6,0.25,0,0,30,7,0.0,owlvit
AOI_2_Vegas_img2978,AOI_2_Vegas,AOI_2_Vegas:-11523:3617,test,owlvit,blur_resize,fixed,5.0,0.25,0,0,30,1,0.0,owlvit
AOI_2_Vegas_img2978,AOI_2_Vegas,AOI_2_Vegas:-11523:3617,test,owlvit,blur_resize,fixed,10.0,0.25,0,0,30,0,0.0,owlvit
AOI_2_Vegas_img3018,AOI_2_Vegas,AOI_2_Vegas:-11523:3624,test,owlvit,blur_resize,fixed,0.3,0.25,24,69,61,32,13.35,owlvit
AOI_2_Vegas_img3018,AOI_2_Vegas,AOI_2_Vegas:-11523:3624,test,owlvit,blur_resize,fixed,0.45,0.25,23,59,61,30,11.75,owlvit
AOI_2_Vegas_img3018,AOI_2_Vegas,AOI_2_Vegas:-11523:3624,test,owlvit,blur_resize,fixed,0.6,0.25,19,42,61,33,10.65,owlvit
AOI_2_Vegas_img3018,AOI_2_Vegas,AOI_2_Vegas:-11523:3624,test,owlvit,blur_resize,fixed,0.9,0.25,16,34,61,32,8.2,owlvit
AOI_2_Vegas_img3018,AOI_2_Vegas,AOI_2_Vegas:-11523:3624,test,owlvit,blur_resize,fixed,1.2,0.25,18,28,61,26,7.0,owlvit
AOI_2_Vegas_img3018,AOI_2_Vegas,AOI_2_Vegas:-11523:3624,test,owlvit,blur_resize,fixed,1.8,0.25,9,13,61,21,3.55,owlvit
AOI_2_Vegas_img3018,AOI_2_Vegas,AOI_2_Vegas:-11523:3624,test,owlvit,blur_resize,fixed,2.4,0.25,3,5,61,6,1.35,owlvit
AOI_2_Vegas_img3018,AOI_2_Vegas,AOI_2_Vegas:-11523:3624,test,owlvit,blur_resize,fixed,3.6,0.25,0,0,61,8,0.0,owlvit
AOI_2_Vegas_img3018,AOI_2_Vegas,AOI_2_Vegas:-11523:3624,test,owlvit,blur_resize,fixed,5.0,0.25,0,0,61,4,0.0,owlvit
AOI_2_Vegas_img3018,AOI_2_Vegas,AOI_2_Vegas:-11523:3624,test,owlvit,blur_resize,fixed,10.0,0.25,0,0,61,0,0.0,owlvit
AOI_2_Vegas_img3077,AOI_2_Vegas,AOI_2_Vegas:-11523:3620,test,owlvit,blur_resize,fixed,0.3,0.25,15,35,32,36,3.25,owlvit
AOI_2_Vegas_img3077,AOI_2_Vegas,AOI_2_Vegas:-11523:3620,test,owlvit,blur_resize,fixed,0.45,0.25,14,33,32,29,3.6,owlvit
AOI_2_Vegas_img3077,AOI_2_Vegas,AOI_2_Vegas:-11523:3620,test,owlvit,blur_resize,fixed,0.6,0.25,12,26,32,36,2.7,owlvit
AOI_2_Vegas_img3077,AOI_2_Vegas,AOI_2_Vegas:-11523:3620,test,owlvit,blur_resize,fixed,0.9,0.25,12,19,32,35,2.7,owlvit
AOI_2_Vegas_img3077,AOI_2_Vegas,AOI_2_Vegas:-11523:3620,test,owlvit,blur_resize,fixed,1.2,0.25,7,11,32,30,1.55,owlvit
AOI_2_Vegas_img3077,AOI_2_Vegas,AOI_2_Vegas:-11523:3620,test,owlvit,blur_resize,fixed,1.8,0.25,5,6,32,16,0.85,owlvit
AOI_2_Vegas_img3077,AOI_2_Vegas,AOI_2_Vegas:-11523:3620,test,owlvit,blur_resize,fixed,2.4,0.25,2,2,32,6,0.2,owlvit
AOI_2_Vegas_img3077,AOI_2_Vegas,AOI_2_Vegas:-11523:3620,test,owlvit,blur_resize,fixed,3.6,0.25,0,0,32,2,0.0,owlvit
AOI_2_Vegas_img3077,AOI_2_Vegas,AOI_2_Vegas:-11523:3620,test,owlvit,blur_resize,fixed,5.0,0.25,0,0,32,2,0.0,owlvit
AOI_2_Vegas_img3077,AOI_2_Vegas,AOI_2_Vegas:-11523:3620,test,owlvit,blur_resize,fixed,10.0,0.25,0,0,32,0,0.0,owlvit
AOI_2_Vegas_img3082,AOI_2_Vegas,AOI_2_Vegas:-11523:3621,test,owlvit,blur_resize,fixed,0.3,0.25,3,25,7,44,0.7,owlvit
AOI_2_Vegas_img3082,AOI_2_Vegas,AOI_2_Vegas:-11523:3621,test,owlvit,blur_resize,fixed,0.45,0.25,2,15,7,46,0.55,owlvit
AOI_2_Vegas_img3082,AOI_2_Vegas,AOI_2_Vegas:-11523:3621,test,owlvit,blur_resize,fixed,0.6,0.25,1,6,7,36,0.3,owlvit
AOI_2_Vegas_img3082,AOI_2_Vegas,AOI_2_Vegas:-11523:3621,test,owlvit,blur_resize,fixed,0.9,0.25,1,2,7,22,0.05,owlvit
AOI_2_Vegas_img3082,AOI_2_Vegas,AOI_2_Vegas:-11523:3621,test,owlvit,blur_resize,fixed,1.2,0.25,0,0,7,15,0.0,owlvit
AOI_2_Vegas_img3082,AOI_2_Vegas,AOI_2_Vegas:-11523:3621,test,owlvit,blur_resize,fixed,1.8,0.25,0,0,7,4,0.0,owlvit
AOI_2_Vegas_img3082,AOI_2_Vegas,AOI_2_Vegas:-11523:3621,test,owlvit,blur_resize,fixed,2.4,0.25,0,0,7,2,0.0,owlvit
AOI_2_Vegas_img3082,AOI_2_Vegas,AOI_2_Vegas:-11523:3621,test,owlvit,blur_resize,fixed,3.6,0.25,0,0,7,5,0.0,owlvit
AOI_2_Vegas_img3082,AOI_2_Vegas,AOI_2_Vegas:-11523:3621,test,owlvit,blur_resize,fixed,5.0,0.25,0,0,7,2,0.0,owlvit
AOI_2_Vegas_img3082,AOI_2_Vegas,AOI_2_Vegas:-11523:3621,test,owlvit,blur_resize,fixed,10.0,0.25,0,0,7,1,0.0,owlvit
AOI_2_Vegas_img311,AOI_2_Vegas,AOI_2_Vegas:-11530:3618,test,owlvit,blur_resize,fixed,0.3,0.25,4,30,15,33,0.05,owlvit
AOI_2_Vegas_img311,AOI_2_Vegas,AOI_2_Vegas:-11530:3618,test,owlvit,blur_resize,fixed,0.45,0.25,3,20,15,30,0.15,owlvit
AOI_2_Vegas_img311,AOI_2_Vegas,AOI_2_Vegas:-11530:3618,test,owlvit,blur_resize,fixed,0.6,0.25,3,16,15,29,0.0,owlvit
AOI_2_Vegas_img311,AOI_2_Vegas,AOI_2_Vegas:-11530:3618,test,owlvit,blur_resize,fixed,0.9,0.25,3,17,15,28,0.05,owlvit
AOI_2_Vegas_img311,AOI_2_Vegas,AOI_2_Vegas:-11530:3618,test,owlvit,blur_resize,fixed,1.2,0.25,3,15,15,26,0.0,owlvit
AOI_2_Vegas_img311,AOI_2_Vegas,AOI_2_Vegas:-11530:3618,test,owlvit,blur_resize,fixed,1.8,0.25,1,15,15,24,0.15,owlvit
AOI_2_Vegas_img311,AOI_2_Vegas,AOI_2_Vegas:-11530:3618,test,owlvit,blur_resize,fixed,2.4,0.25,1,11,15,23,0.0,owlvit
AOI_2_Vegas_img311,AOI_2_Vegas,AOI_2_Vegas:-11530:3618,test,owlvit,blur_resize,fixed,3.6,0.25,0,0,15,0,0.0,owlvit
AOI_2_Vegas_img311,AOI_2_Vegas,AOI_2_Vegas:-11530:3618,test,owlvit,blur_resize,fixed,5.0,0.25,0,0,15,0,0.0,owlvit
AOI_2_Vegas_img311,AOI_2_Vegas,AOI_2_Vegas:-11530:3618,test,owlvit,blur_resize,fixed,10.0,0.25,0,0,15,0,0.0,owlvit
AOI_2_Vegas_img3117,AOI_2_Vegas,AOI_2_Vegas:-11523:3613,test,owlvit,blur_resize,fixed,0.3,0.25,11,55,18,42,4.8,owlvit
AOI_2_Vegas_img3117,AOI_2_Vegas,AOI_2_Vegas:-11523:3613,test,owlvit,blur_resize,fixed,0.45,0.25,9,37,18,41,3.95,owlvit
AOI_2_Vegas_img3117,AOI_2_Vegas,AOI_2_Vegas:-11523:3613,test,owlvit,blur_resize,fixed,0.6,0.25,9,36,18,37,3.75,owlvit
AOI_2_Vegas_img3117,AOI_2_Vegas,AOI_2_Vegas:-11523:3613,test,owlvit,blur_resize,fixed,0.9,0.25,9,30,18,41,3.65,owlvit
AOI_2_Vegas_img3117,AOI_2_Vegas,AOI_2_Vegas:-11523:3613,test,owlvit,blur_resize,fixed,1.2,0.25,9,21,18,42,2.65,owlvit
AOI_2_Vegas_img3117,AOI_2_Vegas,AOI_2_Vegas:-11523:3613,test,owlvit,blur_resize,fixed,1.8,0.25,5,11,18,33,1.8,owlvit
AOI_2_Vegas_img3117,AOI_2_Vegas,AOI_2_Vegas:-11523:3613,test,owlvit,blur_resize,fixed,2.4,0.25,1,1,18,24,0.15,owlvit
AOI_2_Vegas_img3117,AOI_2_Vegas,AOI_2_Vegas:-11523:3613,test,owlvit,blur_resize,fixed,3.6,0.25,0,0,18,5,0.0,owlvit
AOI_2_Vegas_img3117,AOI_2_Vegas,AOI_2_Vegas:-11523:3613,test,owlvit,blur_resize,fixed,5.0,0.25,0,0,18,0,0.0,owlvit
AOI_2_Vegas_img3117,AOI_2_Vegas,AOI_2_Vegas:-11523:3613,test,owlvit,blur_resize,fixed,10.0,0.25,0,0,18,0,0.0,owlvit
AOI_2_Vegas_img3122,AOI_2_Vegas,AOI_2_Vegas:-11523:3614,test,owlvit,blur_resize,fixed,0.3,0.25,10,49,27,53,2.35,owlvit
AOI_2_Vegas_img3122,AOI_2_Vegas,AOI_2_Vegas:-11523:3614,test,owlvit,blur_resize,fixed,0.45,0.25,9,53,27,50,3.25,owlvit
AOI_2_Vegas_img3122,AOI_2_Vegas,AOI_2_Vegas:-11523:3614,test,owlvit,blur_resize,fixed,0.6,0.25,9,42,27,50,2.7,owlvit
AOI_2_Vegas_img3122,AOI_2_Vegas,AOI_2_Vegas:-11523:3614,test,owlvit,blur_resize,fixed,0.9,0.25,10,41,27,48,3.0,owlvit
AOI_2_Vegas_img3122,AOI_2_Vegas,AOI_2_Vegas:-11523:3614,test,owlvit,blur_resize,fixed,1.2,0.25,8,30,27,45,1.85,owlvit
AOI_2_Vegas_img3122,AOI_2_Vegas,AOI_2_Vegas:-11523:3614,test,owlvit,blur_resize,fixed,1.8,0.25,8,17,27,38,2.0,owlvit
AOI_2_Vegas_img3122,AOI_2_Vegas,AOI_2_Vegas:-11523:3614,test,owlvit,blur_resize,fixed,2.4,0.25,4,5,27,30,1.3,owlvit
AOI_2_Vegas_img3122,AOI_2_Vegas,AOI_2_Vegas:-11523:3614,test,owlvit,blur_resize,fixed,3.6,0.25,0,0,27,4,0.0,owlvit
AOI_2_Vegas_img3122,AOI_2_Vegas,AOI_2_Vegas:-11523:3614,test,owlvit,blur_resize,fixed,5.0,0.25,0,0,27,1,0.0,owlvit
AOI_2_Vegas_img3122,AOI_2_Vegas,AOI_2_Vegas:-11523:3614,test,owlvit,blur_resize,fixed,10.0,0.25,0,0,27,1,0.0,owlvit
AOI_2_Vegas_img3131,AOI_2_Vegas,AOI_2_Vegas:-11523:3616,test,owlvit,blur_resize,fixed,0.3,0.25,28,50,65,23,7.7,owlvit
AOI_2_Vegas_img3131,AOI_2_Vegas,AOI_2_Vegas:-11523:3616,test,owlvit,blur_resize,fixed,0.45,0.25,29,45,65,22,8.45,owlvit
AOI_2_Vegas_img3131,AOI_2_Vegas,AOI_2_Vegas:-11523:3616,test,owlvit,blur_resize,fixed,0.6,0.25,26,38,65,22,8.0,owlvit
AOI_2_Vegas_img3131,AOI_2_Vegas,AOI_2_Vegas:-11523:3616,test,owlvit,blur_resize,fixed,0.9,0.25,18,22,65,12,4.95,owlvit
AOI_2_Vegas_img3131,AOI_2_Vegas,AOI_2_Vegas:-11523:3616,test,owlvit,blur_resize,fixed,1.2,0.25,11,14,65,10,2.8,owlvit
AOI_2_Vegas_img3131,AOI_2_Vegas,AOI_2_Vegas:-11523:3616,test,owlvit,blur_resize,fixed,1.8,0.25,1,1,65,4,0.2,owlvit
AOI_2_Vegas_img3131,AOI_2_Vegas,AOI_2_Vegas:-11523:3616,test,owlvit,blur_resize,fixed,2.4,0.25,1,1,65,3,0.4,owlvit
AOI_2_Vegas_img3131,AOI_2_Vegas,AOI_2_Vegas:-11523:3616,test,owlvit,blur_resize,fixed,3.6,0.25,0,0,65,1,0.0,owlvit
AOI_2_Vegas_img3131,AOI_2_Vegas,AOI_2_Vegas:-11523:3616,test,owlvit,blur_resize,fixed,5.0,0.25,0,0,65,0,0.0,owlvit
AOI_2_Vegas_img3131,AOI_2_Vegas,AOI_2_Vegas:-11523:3616,test,owlvit,blur_resize,fixed,10.0,0.25,0,0,65,0,0.0,owlvit
AOI_2_Vegas_img3134,AOI_2_Vegas,AOI_2_Vegas:-11523:3616,test,owlvit,blur_resize,fixed,0.3,0.25,36,66,58,28,11.05,owlvit
AOI_2_Vegas_img3134,AOI_2_Vegas,AOI_2_Vegas:-11523:3616,test,owlvit,blur_resize,fixed,0.45,0.25,29,52,58,32,8.9,owlvit
AOI_2_Vegas_img3134,AOI_2_Vegas,AOI_2_Vegas:-11523:3616,test,owlvit,blur_resize,fixed,0.6,0.25,23,35,58,26,7.55,owlvit
AOI_2_Vegas_img3134,AOI_2_Vegas,AOI_2_Vegas:-11523:3616,test,owlvit,blur_resize,fixed,0.9,0.25,19,37,58,18,7.65,owlvit
AOI_2_Vegas_img3134,AOI_2_Vegas,AOI_2_Vegas:-11523:3616,test,owlvit,blur_resize,fixed,1.2,0.25,16,23,58,15,4.75,owlvit
AOI_2_Vegas_img3134,AOI_2_Vegas,AOI_2_Vegas:-11523:3616,test,owlvit,blur_resize,fixed,1.8,0.25,3,4,58,12,1.1,owlvit
AOI_2_Vegas_img3134,AOI_2_Vegas,AOI_2_Vegas:-11523:3616,test,owlvit,blur_resize,fixed,2.4,0.25,0,0,58,9,0.0,owlvit
AOI_2_Vegas_img3134,AOI_2_Vegas,AOI_2_Vegas:-11523:3616,test,owlvit,blur_resize,fixed,3.6,0.25,0,0,58,3,0.0,owlvit
AOI_2_Vegas_img3134,AOI_2_Vegas,AOI_2_Vegas:-11523:3616,test,owlvit,blur_resize,fixed,5.0,0.25,0,0,58,4,0.0,owlvit
AOI_2_Vegas_img3134,AOI_2_Vegas,AOI_2_Vegas:-11523:3616,test,owlvit,blur_resize,fixed,10.0,0.25,0,0,58,0,0.0,owlvit
AOI_2_Vegas_img3146,AOI_2_Vegas,AOI_2_Vegas:-11523:3619,test,owlvit,blur_resize,fixed,0.3,0.25,11,22,38,53,1.9,owlvit
AOI_2_Vegas_img3146,AOI_2_Vegas,AOI_2_Vegas:-11523:3619,test,owlvit,blur_resize,fixed,0.45,0.25,12,19,38,56,1.9,owlvit
AOI_2_Vegas_img3146,AOI_2_Vegas,AOI_2_Vegas:-11523:3619,test,owlvit,blur_resize,fixed,0.6,0.25,8,12,38,51,1.2,owlvit
AOI_2_Vegas_img3146,AOI_2_Vegas,AOI_2_Vegas:-11523:3619,test,owlvit,blur_resize,fixed,0.9,0.25,2,6,38,49,0.5,owlvit
AOI_2_Vegas_img3146,AOI_2_Vegas,AOI_2_Vegas:-11523:3619,test,owlvit,blur_resize,fixed,1.2,0.25,1,2,38,32,0.2,owlvit
AOI_2_Vegas_img3146,AOI_2_Vegas,AOI_2_Vegas:-11523:3619,test,owlvit,blur_resize,fixed,1.8,0.25,0,0,38,18,0.0,owlvit
AOI_2_Vegas_img3146,AOI_2_Vegas,AOI_2_Vegas:-11523:3619,test,owlvit,blur_resize,fixed,2.4,0.25,0,0,38,13,0.0,owlvit
AOI_2_Vegas_img3146,AOI_2_Vegas,AOI_2_Vegas:-11523:3619,test,owlvit,blur_resize,fixed,3.6,0.25,0,0,38,8,0.0,owlvit
AOI_2_Vegas_img3146,AOI_2_Vegas,AOI_2_Vegas:-11523:3619,test,owlvit,blur_resize,fixed,5.0,0.25,0,0,38,9,0.0,owlvit
AOI_2_Vegas_img3146,AOI_2_Vegas,AOI_2_Vegas:-11523:3619,test,owlvit,blur_resize,fixed,10.0,0.25,0,0,38,2,0.0,owlvit
AOI_2_Vegas_img3170,AOI_2_Vegas,AOI_2_Vegas:-11523:3623,test,owlvit,blur_resize,fixed,0.3,0.25,0,0,0,0,0.0,owlvit
AOI_2_Vegas_img3170,AOI_2_Vegas,AOI_2_Vegas:-11523:3623,test,owlvit,blur_resize,fixed,0.45,0.25,0,0,0,0,0.0,owlvit
AOI_2_Vegas_img3170,AOI_2_Vegas,AOI_2_Vegas:-11523:3623,test,owlvit,blur_resize,fixed,0.6,0.25,0,0,0,0,0.0,owlvit
AOI_2_Vegas_img3170,AOI_2_Vegas,AOI_2_Vegas:-11523:3623,test,owlvit,blur_resize,fixed,0.9,0.25,0,0,0,0,0.0,owlvit
AOI_2_Vegas_img3170,AOI_2_Vegas,AOI_2_Vegas:-11523:3623,test,owlvit,blur_resize,fixed,1.2,0.25,0,0,0,0,0.0,owlvit
AOI_2_Vegas_img3170,AOI_2_Vegas,AOI_2_Vegas:-11523:3623,test,owlvit,blur_resize,fixed,1.8,0.25,0,0,0,0,0.0,owlvit
AOI_2_Vegas_img3170,AOI_2_Vegas,AOI_2_Vegas:-11523:3623,test,owlvit,blur_resize,fixed,2.4,0.25,0,0,0,0,0.0,owlvit
AOI_2_Vegas_img3170,AOI_2_Vegas,AOI_2_Vegas:-11523:3623,test,owlvit,blur_resize,fixed,3.6,0.25,0,0,0,0,0.0,owlvit
AOI_2_Vegas_img3170,AOI_2_Vegas,AOI_2_Vegas:-11523:3623,test,owlvit,blur_resize,fixed,5.0,0.25,0,0,0,0,0.0,owlvit
AOI_2_Vegas_img3170,AOI_2_Vegas,AOI_2_Vegas:-11523:3623,test,owlvit,blur_resize,fixed,10.0,0.25,0,0,0,0,0.0,owlvit
AOI_2_Vegas_img3207,AOI_2_Vegas,AOI_2_Vegas:-11523:3615,test,owlvit,blur_resize,fixed,0.3,0.25,5,29,29,51,1.9,owlvit
AOI_2_Vegas_img3207,AOI_2_Vegas,AOI_2_Vegas:-11523:3615,test,owlvit,blur_resize,fixed,0.45,0.25,6,21,29,54,2.0,owlvit
AOI_2_Vegas_img3207,AOI_2_Vegas,AOI_2_Vegas:-11523:3615,test,owlvit,blur_resize,fixed,0.6,0.25,5,18,29,48,2.05,owlvit
AOI_2_Vegas_img3207,AOI_2_Vegas,AOI_2_Vegas:-11523:3615,test,owlvit,blur_resize,fixed,0.9,0.25,3,11,29,45,0.9,owlvit
AOI_2_Vegas_img3207,AOI_2_Vegas,AOI_2_Vegas:-11523:3615,test,owlvit,blur_resize,fixed,1.2,0.25,2,9,29,39,0.45,owlvit
AOI_2_Vegas_img3207,AOI_2_Vegas,AOI_2_Vegas:-11523:3615,test,owlvit,blur_resize,fixed,1.8,0.25,1,5,29,25,0.8,owlvit
AOI_2_Vegas_img3207,AOI_2_Vegas,AOI_2_Vegas:-11523:3615,test,owlvit,blur_resize,fixed,2.4,0.25,1,2,29,24,0.3,owlvit
AOI_2_Vegas_img3207,AOI_2_Vegas,AOI_2_Vegas:-11523:3615,test,owlvit,blur_resize,fixed,3.6,0.25,0,0,29,8,0.0,owlvit
AOI_2_Vegas_img3207,AOI_2_Vegas,AOI_2_Vegas:-11523:3615,test,owlvit,blur_resize,fixed,5.0,0.25,0,0,29,4,0.0,owlvit
AOI_2_Vegas_img3207,AOI_2_Vegas,AOI_2_Vegas:-11523:3615,test,owlvit,blur_resize,fixed,10.0,0.25,0,0,29,1,0.0,owlvit
AOI_2_Vegas_img3214,AOI_2_Vegas,AOI_2_Vegas:-11523:3617,test,owlvit,blur_resize,fixed,0.3,0.25,37,80,69,31,12.15,owlvit
AOI_2_Vegas_img3214,AOI_2_Vegas,AOI_2_Vegas:-11523:3617,test,owlvit,blur_resize,fixed,0.45,0.25,34,68,69,28,11.85,owlvit
AOI_2_Vegas_img3214,AOI_2_Vegas,AOI_2_Vegas:-11523:3617,test,owlvit,blur_resize,fixed,0.6,0.25,31,53,69,26,10.35,owlvit
AOI_2_Vegas_img3214,AOI_2_Vegas,AOI_2_Vegas:-11523:3617,test,owlvit,blur_resize,fixed,0.9,0.25,25,39,69,32,8.6,owlvit
AOI_2_Vegas_img3214,AOI_2_Vegas,AOI_2_Vegas:-11523:3617,test,owlvit,blur_resize,fixed,1.2,0.25,15,22,69,20,5.4,owlvit
AOI_2_Vegas_img3214,AOI_2_Vegas,AOI_2_Vegas:-11523:3617,test,owlvit,blur_resize,fixed,1.8,0.25,0,0,69,7,0.0,owlvit
AOI_2_Vegas_img3214,AOI_2_Vegas,AOI_2_Vegas:-11523:3617,test,owlvit,blur_resize,fixed,2.4,0.25,0,0,69,5,0.0,owlvit
AOI_2_Vegas_img3214,AOI_2_Vegas,AOI_2_Vegas:-11523:3617,test,owlvit,blur_resize,fixed,3.6,0.25,0,0,69,2,0.0,owlvit
AOI_2_Vegas_img3214,AOI_2_Vegas,AOI_2_Vegas:-11523:3617,test,owlvit,blur_resize,fixed,5.0,0.25,0,0,69,1,0.0,owlvit
AOI_2_Vegas_img3214,AOI_2_Vegas,AOI_2_Vegas:-11523:3617,test,owlvit,blur_resize,fixed,10.0,0.25,0,0,69,0,0.0,owlvit
AOI_2_Vegas_img324,AOI_2_Vegas,AOI_2_Vegas:-11530:3621,test,owlvit,blur_resize,fixed,0.3,0.25,18,102,24,45,8.6,owlvit
AOI_2_Vegas_img324,AOI_2_Vegas,AOI_2_Vegas:-11530:3621,test,owlvit,blur_resize,fixed,0.45,0.25,20,100,24,50,9.05,owlvit
AOI_2_Vegas_img324,AOI_2_Vegas,AOI_2_Vegas:-11530:3621,test,owlvit,blur_resize,fixed,0.6,0.25,19,78,24,47,7.9,owlvit
AOI_2_Vegas_img324,AOI_2_Vegas,AOI_2_Vegas:-11530:3621,test,owlvit,blur_resize,fixed,0.9,0.25,18,77,24,37,7.9,owlvit
AOI_2_Vegas_img324,AOI_2_Vegas,AOI_2_Vegas:-11530:3621,test,owlvit,blur_resize,fixed,1.2,0.25,16,61,24,41,7.0,owlvit
AOI_2_Vegas_img324,AOI_2_Vegas,AOI_2_Vegas:-11530:3621,test,owlvit,blur_resize,fixed,1.8,0.25,13,41,24,44,4.95,owlvit
AOI_2_Vegas_img324,AOI_2_Vegas,AOI_2_Vegas:-11530:3621,test,owlvit,blur_resize,fixed,2.4,0.25,12,39,24,46,4.85,owlvit
AOI_2_Vegas_img324,AOI_2_Vegas,AOI_2_Vegas:-11530:3621,test,owlvit,blur_resize,fixed,3.6,0.25,0,0,24,20,0.0,owlvit
AOI_2_Vegas_img324,AOI_2_Vegas,AOI_2_Vegas:-11530:3621,test,owlvit,blur_resize,fixed,5.0,0.25,0,0,24,3,0.0,owlvit
AOI_2_Vegas_img324,AOI_2_Vegas,AOI_2_Vegas:-11530:3621,test,owlvit,blur_resize,fixed,10.0,0.25,0,0,24,0,0.0,owlvit
AOI_2_Vegas_img3248,AOI_2_Vegas,AOI_2_Vegas:-11523:3623,test,owlvit,blur_resize,fixed,0.3,0.25,0,8,4,42,0.0,owlvit
AOI_2_Vegas_img3248,AOI_2_Vegas,AOI_2_Vegas:-11523:3623,test,owlvit,blur_resize,fixed,0.45,0.25,1,7,4,38,0.05,owlvit
AOI_2_Vegas_img3248,AOI_2_Vegas,AOI_2_Vegas:-11523:3623,test,owlvit,blur_resize,fixed,0.6,0.25,1,3,4,34,0.0,owlvit
AOI_2_Vegas_img3248,AOI_2_Vegas,AOI_2_Vegas:-11523:3623,test,owlvit,blur_resize,fixed,0.9,0.25,0,2,4,29,0.0,owlvit
AOI_2_Vegas_img3248,AOI_2_Vegas,AOI_2_Vegas:-11523:3623,test,owlvit,blur_resize,fixed,1.2,0.25,0,2,4,23,0.05,owlvit
AOI_2_Vegas_img3248,AOI_2_Vegas,AOI_2_Vegas:-11523:3623,test,owlvit,blur_resize,fixed,1.8,0.25,0,1,4,17,0.0,owlvit
AOI_2_Vegas_img3248,AOI_2_Vegas,AOI_2_Vegas:-11523:3623,test,owlvit,blur_resize,fixed,2.4,0.25,0,1,4,14,0.05,owlvit
AOI_2_Vegas_img3248,AOI_2_Vegas,AOI_2_Vegas:-11523:3623,test,owlvit,blur_resize,fixed,3.6,0.25,0,1,4,5,0.0,owlvit
AOI_2_Vegas_img3248,AOI_2_Vegas,AOI_2_Vegas:-11523:3623,test,owlvit,blur_resize,fixed,5.0,0.25,0,0,4,1,0.0,owlvit
AOI_2_Vegas_img3248,AOI_2_Vegas,AOI_2_Vegas:-11523:3623,test,owlvit,blur_resize,fixed,10.0,0.25,0,0,4,0,0.0,owlvit
AOI_2_Vegas_img3267,AOI_2_Vegas,AOI_2_Vegas:-11523:3612,test,owlvit,blur_resize,fixed,0.3,0.25,4,12,10,51,0.4,owlvit
AOI_2_Vegas_img3267,AOI_2_Vegas,AOI_2_Vegas:-11523:3612,test,owlvit,blur_resize,fixed,0.45,0.25,3,5,10,35,0.3,owlvit
AOI_2_Vegas_img3267,AOI_2_Vegas,AOI_2_Vegas:-11523:3612,test,owlvit,blur_resize,fixed,0.6,0.25,1,2,10,28,0.2,owlvit
AOI_2_Vegas_img3267,AOI_2_Vegas,AOI_2_Vegas:-11523:3612,test,owlvit,blur_resize,fixed,0.9,0.25,0,0,10,18,0.0,owlvit
AOI_2_Vegas_img3267,AOI_2_Vegas,AOI_2_Vegas:-11523:3612,test,owlvit,blur_resize,fixed,1.2,0.25,0,0,10,12,0.0,owlvit
AOI_2_Vegas_img3267,AOI_2_Vegas,AOI_2_Vegas:-11523:3612,test,owlvit,blur_resize,fixed,1.8,0.25,0,0,10,11,0.0,owlvit
AOI_2_Vegas_img3267,AOI_2_Vegas,AOI_2_Vegas:-11523:3612,test,owlvit,blur_resize,fixed,2.4,0.25,0,0,10,14,0.0,owlvit
AOI_2_Vegas_img3267,AOI_2_Vegas,AOI_2_Vegas:-11523:3612,test,owlvit,blur_resize,fixed,3.6,0.25,0,0,10,9,0.0,owlvit
AOI_2_Vegas_img3267,AOI_2_Vegas,AOI_2_Vegas:-11523:3612,test,owlvit,blur_resize,fixed,5.0,0.25,0,0,10,7,0.0,owlvit
AOI_2_Vegas_img3267,AOI_2_Vegas,AOI_2_Vegas:-11523:3612,test,owlvit,blur_resize,fixed,10.0,0.25,0,0,10,1,0.0,owlvit
AOI_2_Vegas_img3280,AOI_2_Vegas,AOI_2_Vegas:-11523:3614,test,owlvit,blur_resize,fixed,0.3,0.25,7,26,11,29,1.1,owlvit
AOI_2_Vegas_img3280,AOI_2_Vegas,AOI_2_Vegas:-11523:3614,test,owlvit,blur_resize,fixed,0.45,0.25,4,21,11,28,0.9,owlvit
AOI_2_Vegas_img3280,AOI_2_Vegas,AOI_2_Vegas:-11523:3614,test,owlvit,blur_resize,fixed,0.6,0.25,4,13,11,31,0.6,owlvit
AOI_2_Vegas_img3280,AOI_2_Vegas,AOI_2_Vegas:-11523:3614,test,owlvit,blur_resize,fixed,0.9,0.25,4,9,11,26,0.4,owlvit
AOI_2_Vegas_img3280,AOI_2_Vegas,AOI_2_Vegas:-11523:3614,test,owlvit,blur_resize,fixed,1.2,0.25,2,5,11,25,0.4,owlvit
AOI_2_Vegas_img3280,AOI_2_Vegas,AOI_2_Vegas:-11523:3614,test,owlvit,blur_resize,fixed,1.8,0.25,2,3,11,12,0.15,owlvit
AOI_2_Vegas_img3280,AOI_2_Vegas,AOI_2_Vegas:-11523:3614,test,owlvit,blur_resize,fixed,2.4,0.25,2,2,11,10,0.05,owlvit
AOI_2_Vegas_img3280,AOI_2_Vegas,AOI_2_Vegas:-11523:3614,test,owlvit,blur_resize,fixed,3.6,0.25,1,1,11,3,0.1,owlvit
AOI_2_Vegas_img3280,AOI_2_Vegas,AOI_2_Vegas:-11523:3614,test,owlvit,blur_resize,fixed,5.0,0.25,0,0,11,1,0.0,owlvit
AOI_2_Vegas_img3280,AOI_2_Vegas,AOI_2_Vegas:-11523:3614,test,owlvit,blur_resize,fixed,10.0,0.25,0,0,11,0,0.0,owlvit
AOI_2_Vegas_img3288,AOI_2_Vegas,AOI_2_Vegas:-11523:3616,test,owlvit,blur_resize,fixed,0.3,0.25,16,52,32,33,3.3,owlvit
AOI_2_Vegas_img3288,AOI_2_Vegas,AOI_2_Vegas:-11523:3616,test,owlvit,blur_resize,fixed,0.45,0.25,16,47,32,34,2.45,owlvit
AOI_2_Vegas_img3288,AOI_2_Vegas,AOI_2_Vegas:-11523:3616,test,owlvit,blur_resize,fixed,0.6,0.25,15,36,32,33,1.95,owlvit
AOI_2_Vegas_img3288,AOI_2_Vegas,AOI_2_Vegas:-11523:3616,test,owlvit,blur_resize,fixed,0.9,0.25,10,29,32,32,2.3,owlvit
AOI_2_Vegas_img3288,AOI_2_Vegas,AOI_2_Vegas:-11523:3616,test,owlvit,blur_resize,fixed,1.2,0.25,9,14,32,29,1.0,owlvit
AOI_2_Vegas_img3288,AOI_2_Vegas,AOI_2_Vegas:-11523:3616,test,owlvit,blur_resize,fixed,1.8,0.25,1,1,32,15,0.05,owlvit
AOI_2_Vegas_img3288,AOI_2_Vegas,AOI_2_Vegas:-11523:3616,test,owlvit,blur_resize,fixed,2.4,0.25,1,1,32,16,0.0,owlvit
AOI_2_Vegas_img3288,AOI_2_Vegas,AOI_2_Vegas:-11523:3616,test,owlvit,blur_resize,fixed,3.6,0.25,0,0,32,7,0.0,owlvit
AOI_2_Vegas_img3288,AOI_2_Vegas,AOI_2_Vegas:-11523:3616,test,owlvit,blur_resize,fixed,5.0,0.25,0,0,32,4,0.0,owlvit
AOI_2_Vegas_img3288,AOI_2_Vegas,AOI_2_Vegas:-11523:3616,test,owlvit,blur_resize,fixed,10.0,0.25,0,0,32,0,0.0,owlvit
AOI_2_Vegas_img3311,AOI_2_Vegas,AOI_2_Vegas:-11523:3620,test,owlvit,blur_resize,fixed,0.3,0.25,28,45,54,33,10.3,owlvit
AOI_2_Vegas_img3311,AOI_2_Vegas,AOI_2_Vegas:-11523:3620,test,owlvit,blur_resize,fixed,0.45,0.25,26,37,54,35,8.85,owlvit
AOI_2_Vegas_img3311,AOI_2_Vegas,AOI_2_Vegas:-11523:3620,test,owlvit,blur_resize,fixed,0.6,0.25,27,38,54,31,8.5,owlvit
AOI_2_Vegas_img3311,AOI_2_Vegas,AOI_2_Vegas:-11523:3620,test,owlvit,blur_resize,fixed,0.9,0.25,25,36,54,27,9.9,owlvit
AOI_2_Vegas_img3311,AOI_2_Vegas,AOI_2_Vegas:-11523:3620,test,owlvit,blur_resize,fixed,1.2,0.25,22,29,54,26,8.8,owlvit
AOI_2_Vegas_img3311,AOI_2_Vegas,AOI_2_Vegas:-11523:3620,test,owlvit,blur_resize,fixed,1.8,0.25,7,9,54,18,2.75,owlvit
AOI_2_Vegas_img3311,AOI_2_Vegas,AOI_2_Vegas:-11523:3620,test,owlvit,blur_resize,fixed,2.4,0.25,3,3,54,22,0.85,owlvit
AOI_2_Vegas_img3311,AOI_2_Vegas,AOI_2_Vegas:-11523:3620,test,owlvit,blur_resize,fixed,3.6,0.25,0,0,54,12,0.0,owlvit
AOI_2_Vegas_img3311,AOI_2_Vegas,AOI_2_Vegas:-11523:3620,test,owlvit,blur_resize,fixed,5.0,0.25,0,0,54,3,0.0,owlvit
AOI_2_Vegas_img3311,AOI_2_Vegas,AOI_2_Vegas:-11523:3620,test,owlvit,blur_resize,fixed,10.0,0.25,0,0,54,0,0.0,owlvit
AOI_2_Vegas_img3326,AOI_2_Vegas,AOI_2_Vegas:-11523:3622,test,owlvit,blur_resize,fixed,0.3,0.25,5,34,26,33,1.6,owlvit
AOI_2_Vegas_img3326,AOI_2_Vegas,AOI_2_Vegas:-11523:3622,test,owlvit,blur_resize,fixed,0.45,0.25,4,20,26,24,1.3,owlvit
AOI_2_Vegas_img3326,AOI_2_Vegas,AOI_2_Vegas:-11523:3622,test,owlvit,blur_resize,fixed,0.6,0.25,5,13,26,23,1.1,owlvit
AOI_2_Vegas_img3326,AOI_2_Vegas,AOI_2_Vegas:-11523:3622,test,owlvit,blur_resize,fixed,0.9,0.25,5,12,26,26,0.85,owlvit
AOI_2_Vegas_img3326,AOI_2_Vegas,AOI_2_Vegas:-11523:3622,test,owlvit,blur_resize,fixed,1.2,0.25,4,11,26,31,0.85,owlvit
AOI_2_Vegas_img3326,AOI_2_Vegas,AOI_2_Vegas:-11523:3622,test,owlvit,blur_resize,fixed,1.8,0.25,7,17,26,36,1.35,owlvit
AOI_2_Vegas_img3326,AOI_2_Vegas,AOI_2_Vegas:-11523:3622,test,owlvit,blur_resize,fixed,2.4,0.25,4,8,26,14,0.8,owlvit
AOI_2_Vegas_img3326,AOI_2_Vegas,AOI_2_Vegas:-11523:3622,test,owlvit,blur_resize,fixed,3.6,0.25,0,0,26,1,0.0,owlvit
AOI_2_Vegas_img3326,AOI_2_Vegas,AOI_2_Vegas:-11523:3622,test,owlvit,blur_resize,fixed,5.0,0.25,0,0,26,0,0.0,owlvit
AOI_2_Vegas_img3326,AOI_2_Vegas,AOI_2_Vegas:-11523:3622,test,owlvit,blur_resize,fixed,10.0,0.25,0,0,26,0,0.0,owlvit
AOI_2_Vegas_img3335,AOI_2_Vegas,AOI_2_Vegas:-11523:3624,test,owlvit,blur_resize,fixed,0.3,0.25,35,88,43,42,16.75,owlvit
AOI_2_Vegas_img3335,AOI_2_Vegas,AOI_2_Vegas:-11523:3624,test,owlvit,blur_resize,fixed,0.45,0.25,37,89,43,48,15.95,owlvit
AOI_2_Vegas_img3335,AOI_2_Vegas,AOI_2_Vegas:-11523:3624,test,owlvit,blur_resize,fixed,0.6,0.25,36,76,43,37,14.9,owlvit
AOI_2_Vegas_img3335,AOI_2_Vegas,AOI_2_Vegas:-11523:3624,test,owlvit,blur_resize,fixed,0.9,0.25,33,69,43,30,14.15,owlvit
AOI_2_Vegas_img3335,AOI_2_Vegas,AOI_2_Vegas:-11523:3624,test,owlvit,blur_resize,fixed,1.2,0.25,30,49,43,27,12.0,owlvit
AOI_2_Vegas_img3335,AOI_2_Vegas,AOI_2_Vegas:-11523:3624,test,owlvit,blur_resize,fixed,1.8,0.25,21,23,43,24,6.95,owlvit
AOI_2_Vegas_img3335,AOI_2_Vegas,AOI_2_Vegas:-11523:3624,test,owlvit,blur_resize,fixed,2.4,0.25,1,1,43,10,0.35,owlvit
AOI_2_Vegas_img3335,AOI_2_Vegas,AOI_2_Vegas:-11523:3624,test,owlvit,blur_resize,fixed,3.6,0.25,0,0,43,14,0.0,owlvit
AOI_2_Vegas_img3335,AOI_2_Vegas,AOI_2_Vegas:-11523:3624,test,owlvit,blur_resize,fixed,5.0,0.25,0,0,43,7,0.0,owlvit
AOI_2_Vegas_img3335,AOI_2_Vegas,AOI_2_Vegas:-11523:3624,test,owlvit,blur_resize,fixed,10.0,0.25,0,0,43,0,0.0,owlvit
AOI_2_Vegas_img3344,AOI_2_Vegas,AOI_2_Vegas:-11523:3626,test,owlvit,blur_resize,fixed,0.3,0.25,6,21,8,10,0.9,owlvit
AOI_2_Vegas_img3344,AOI_2_Vegas,AOI_2_Vegas:-11523:3626,test,owlvit,blur_resize,fixed,0.45,0.25,5,10,8,9,0.4,owlvit
AOI_2_Vegas_img3344,AOI_2_Vegas,AOI_2_Vegas:-11523:3626,test,owlvit,blur_resize,fixed,0.6,0.25,3,6,8,8,0.2,owlvit
AOI_2_Vegas_img3344,AOI_2_Vegas,AOI_2_Vegas:-11523:3626,test,owlvit,blur_resize,fixed,0.9,0.25,3,4,8,7,0.3,owlvit
AOI_2_Vegas_img3344,AOI_2_Vegas,AOI_2_Vegas:-11523:3626,test,owlvit,blur_resize,fixed,1.2,0.25,1,2,8,5,0.25,owlvit
AOI_2_Vegas_img3344,AOI_2_Vegas,AOI_2_Vegas:-11523:3626,test,owlvit,blur_resize,fixed,1.8,0.25,0,0,8,1,0.0,owlvit
AOI_2_Vegas_img3344,AOI_2_Vegas,AOI_2_Vegas:-11523:3626,test,owlvit,blur_resize,fixed,2.4,0.25,0,0,8,4,0.0,owlvit
AOI_2_Vegas_img3344,AOI_2_Vegas,AOI_2_Vegas:-11523:3626,test,owlvit,blur_resize,fixed,3.6,0.25,0,0,8,3,0.0,owlvit
AOI_2_Vegas_img3344,AOI_2_Vegas,AOI_2_Vegas:-11523:3626,test,owlvit,blur_resize,fixed,5.0,0.25,0,0,8,1,0.0,owlvit
AOI_2_Vegas_img3344,AOI_2_Vegas,AOI_2_Vegas:-11523:3626,test,owlvit,blur_resize,fixed,10.0,0.25,0,0,8,1,0.0,owlvit
AOI_2_Vegas_img3373,AOI_2_Vegas,AOI_2_Vegas:-11522:3617,test,owlvit,blur_resize,fixed,0.3,0.25,32,52,42,21,8.75,owlvit
AOI_2_Vegas_img3373,AOI_2_Vegas,AOI_2_Vegas:-11522:3617,test,owlvit,blur_resize,fixed,0.45,0.25,29,49,42,28,9.6,owlvit
AOI_2_Vegas_img3373,AOI_2_Vegas,AOI_2_Vegas:-11522:3617,test,owlvit,blur_resize,fixed,0.6,0.25,27,34,42,24,7.35,owlvit
AOI_2_Vegas_img3373,AOI_2_Vegas,AOI_2_Vegas:-11522:3617,test,owlvit,blur_resize,fixed,0.9,0.25,24,30,42,15,6.35,owlvit
AOI_2_Vegas_img3373,AOI_2_Vegas,AOI_2_Vegas:-11522:3617,test,owlvit,blur_resize,fixed,1.2,0.25,22,24,42,8,5.25,owlvit
AOI_2_Vegas_img3373,AOI_2_Vegas,AOI_2_Vegas:-11522:3617,test,owlvit,blur_resize,fixed,1.8,0.25,3,3,42,7,0.6,owlvit
AOI_2_Vegas_img3373,AOI_2_Vegas,AOI_2_Vegas:-11522:3617,test,owlvit,blur_resize,fixed,2.4,0.25,0,0,42,10,0.0,owlvit
AOI_2_Vegas_img3373,AOI_2_Vegas,AOI_2_Vegas:-11522:3617,test,owlvit,blur_resize,fixed,3.6,0.25,0,0,42,6,0.0,owlvit
AOI_2_Vegas_img3373,AOI_2_Vegas,AOI_2_Vegas:-11522:3617,test,owlvit,blur_resize,fixed,5.0,0.25,0,0,42,3,0.0,owlvit
AOI_2_Vegas_img3373,AOI_2_Vegas,AOI_2_Vegas:-11522:3617,test,owlvit,blur_resize,fixed,10.0,0.25,0,0,42,1,0.0,owlvit
AOI_2_Vegas_img3377,AOI_2_Vegas,AOI_2_Vegas:-11522:3618,test,owlvit,blur_resize,fixed,0.3,0.25,10,65,21,41,1.95,owlvit
AOI_2_Vegas_img3377,AOI_2_Vegas,AOI_2_Vegas:-11522:3618,test,owlvit,blur_resize,fixed,0.45,0.25,9,57,21,45,2.2,owlvit
AOI_2_Vegas_img3377,AOI_2_Vegas,AOI_2_Vegas:-11522:3618,test,owlvit,blur_resize,fixed,0.6,0.25,9,41,21,42,2.1,owlvit
AOI_2_Vegas_img3377,AOI_2_Vegas,AOI_2_Vegas:-11522:3618,test,owlvit,blur_resize,fixed,0.9,0.25,8,45,21,42,2.15,owlvit
AOI_2_Vegas_img3377,AOI_2_Vegas,AOI_2_Vegas:-11522:3618,test,owlvit,blur_resize,fixed,1.2,0.25,9,40,21,44,1.95,owlvit
AOI_2_Vegas_img3377,AOI_2_Vegas,AOI_2_Vegas:-11522:3618,test,owlvit,blur_resize,fixed,1.8,0.25,8,27,21,34,1.35,owlvit
AOI_2_Vegas_img3377,AOI_2_Vegas,AOI_2_Vegas:-11522:3618,test,owlvit,blur_resize,fixed,2.4,0.25,4,6,21,18,0.2,owlvit
AOI_2_Vegas_img3377,AOI_2_Vegas,AOI_2_Vegas:-11522:3618,test,owlvit,blur_resize,fixed,3.6,0.25,0,0,21,3,0.0,owlvit
AOI_2_Vegas_img3377,AOI_2_Vegas,AOI_2_Vegas:-11522:3618,test,owlvit,blur_resize,fixed,5.0,0.25,0,0,21,1,0.0,owlvit
AOI_2_Vegas_img3377,AOI_2_Vegas,AOI_2_Vegas:-11522:3618,test,owlvit,blur_resize,fixed,10.0,0.25,0,0,21,0,0.0,owlvit
AOI_2_Vegas_img3404,AOI_2_Vegas,AOI_2_Vegas:-11522:3622,test,owlvit,blur_resize,fixed,0.3,0.25,5,72,10,61,1.8,owlvit
AOI_2_Vegas_img3404,AOI_2_Vegas,AOI_2_Vegas:-11522:3622,test,owlvit,blur_resize,fixed,0.45,0.25,3,27,10,67,1.0,owlvit
AOI_2_Vegas_img3404,AOI_2_Vegas,AOI_2_Vegas:-11522:3622,test,owlvit,blur_resize,fixed,0.6,0.25,3,14,10,64,0.4,owlvit
AOI_2_Vegas_img3404,AOI_2_Vegas,AOI_2_Vegas:-11522:3622,test,owlvit,blur_resize,fixed,0.9,0.25,3,13,10,56,0.85,owlvit
AOI_2_Vegas_img3404,AOI_2_Vegas,AOI_2_Vegas:-11522:3622,test,owlvit,blur_resize,fixed,1.2,0.25,3,10,10,53,0.75,owlvit
AOI_2_Vegas_img3404,AOI_2_Vegas,AOI_2_Vegas:-11522:3622,test,owlvit,blur_resize,fixed,1.8,0.25,3,4,10,43,0.25,owlvit
AOI_2_Vegas_img3404,AOI_2_Vegas,AOI_2_Vegas:-11522:3622,test,owlvit,blur_resize,fixed,2.4,0.25,2,3,10,37,0.2,owlvit
AOI_2_Vegas_img3404,AOI_2_Vegas,AOI_2_Vegas:-11522:3622,test,owlvit,blur_resize,fixed,3.6,0.25,0,0,10,9,0.0,owlvit
AOI_2_Vegas_img3404,AOI_2_Vegas,AOI_2_Vegas:-11522:3622,test,owlvit,blur_resize,fixed,5.0,0.25,0,0,10,1,0.0,owlvit
AOI_2_Vegas_img3404,AOI_2_Vegas,AOI_2_Vegas:-11522:3622,test,owlvit,blur_resize,fixed,10.0,0.25,0,0,10,0,0.0,owlvit
AOI_2_Vegas_img3406,AOI_2_Vegas,AOI_2_Vegas:-11522:3623,test,owlvit,blur_resize,fixed,0.3,0.25,10,50,28,36,2.75,owlvit
AOI_2_Vegas_img3406,AOI_2_Vegas,AOI_2_Vegas:-11522:3623,test,owlvit,blur_resize,fixed,0.45,0.25,10,46,28,33,4.0,owlvit
AOI_2_Vegas_img3406,AOI_2_Vegas,AOI_2_Vegas:-11522:3623,test,owlvit,blur_resize,fixed,0.6,0.25,9,34,28,40,2.85,owlvit
AOI_2_Vegas_img3406,AOI_2_Vegas,AOI_2_Vegas:-11522:3623,test,owlvit,blur_resize,fixed,0.9,0.25,7,28,28,31,2.75,owlvit
AOI_2_Vegas_img3406,AOI_2_Vegas,AOI_2_Vegas:-11522:3623,test,owlvit,blur_resize,fixed,1.2,0.25,5,15,28,21,2.15,owlvit
AOI_2_Vegas_img3406,AOI_2_Vegas,AOI_2_Vegas:-11522:3623,test,owlvit,blur_resize,fixed,1.8,0.25,3,3,28,19,0.25,owlvit
AOI_2_Vegas_img3406,AOI_2_Vegas,AOI_2_Vegas:-11522:3623,test,owlvit,blur_resize,fixed,2.4,0.25,1,1,28,9,0.15,owlvit
AOI_2_Vegas_img3406,AOI_2_Vegas,AOI_2_Vegas:-11522:3623,test,owlvit,blur_resize,fixed,3.6,0.25,0,0,28,6,0.0,owlvit
AOI_2_Vegas_img3406,AOI_2_Vegas,AOI_2_Vegas:-11522:3623,test,owlvit,blur_resize,fixed,5.0,0.25,0,0,28,2,0.0,owlvit
AOI_2_Vegas_img3406,AOI_2_Vegas,AOI_2_Vegas:-11522:3623,test,owlvit,blur_resize,fixed,10.0,0.25,0,0,28,0,0.0,owlvit
AOI_2_Vegas_img3411,AOI_2_Vegas,AOI_2_Vegas:-11522:3623,test,owlvit,blur_resize,fixed,0.3,0.25,27,44,37,43,7.3,owlvit
AOI_2_Vegas_img3411,AOI_2_Vegas,AOI_2_Vegas:-11522:3623,test,owlvit,blur_resize,fixed,0.45,0.25,23,39,37,45,7.55,owlvit
AOI_2_Vegas_img3411,AOI_2_Vegas,AOI_2_Vegas:-11522:3623,test,owlvit,blur_resize,fixed,0.6,0.25,20,24,37,34,5.2,owlvit
AOI_2_Vegas_img3411,AOI_2_Vegas,AOI_2_Vegas:-11522:3623,test,owlvit,blur_resize,fixed,0.9,0.25,8,9,37,23,2.3,owlvit
AOI_2_Vegas_img3411,AOI_2_Vegas,AOI_2_Vegas:-11522:3623,test,owlvit,blur_resize,fixed,1.2,0.25,2,2,37,12,0.45,owlvit
AOI_2_Vegas_img3411,AOI_2_Vegas,AOI_2_Vegas:-11522:3623,test,owlvit,blur_resize,fixed,1.8,0.25,0,0,37,7,0.0,owlvit
AOI_2_Vegas_img3411,AOI_2_Vegas,AOI_2_Vegas:-11522:3623,test,owlvit,blur_resize,fixed,2.4,0.25,0,0,37,5,0.0,owlvit
AOI_2_Vegas_img3411,AOI_2_Vegas,AOI_2_Vegas:-11522:3623,test,owlvit,blur_resize,fixed,3.6,0.25,0,0,37,4,0.0,owlvit
AOI_2_Vegas_img3411,AOI_2_Vegas,AOI_2_Vegas:-11522:3623,test,owlvit,blur_resize,fixed,5.0,0.25,0,0,37,2,0.0,owlvit
AOI_2_Vegas_img3411,AOI_2_Vegas,AOI_2_Vegas:-11522:3623,test,owlvit,blur_resize,fixed,10.0,0.25,0,0,37,0,0.0,owlvit
AOI_2_Vegas_img3412,AOI_2_Vegas,AOI_2_Vegas:-11522:3624,test,owlvit,blur_resize,fixed,0.3,0.25,22,35,46,32,5.45,owlvit
AOI_2_Vegas_img3412,AOI_2_Vegas,AOI_2_Vegas:-11522:3624,test,owlvit,blur_resize,fixed,0.45,0.25,16,27,46,36,5.85,owlvit
AOI_2_Vegas_img3412,AOI_2_Vegas,AOI_2_Vegas:-11522:3624,test,owlvit,blur_resize,fixed,0.6,0.25,10,19,46,30,3.3,owlvit
AOI_2_Vegas_img3412,AOI_2_Vegas,AOI_2_Vegas:-11522:3624,test,owlvit,blur_resize,fixed,0.9,0.25,7,8,46,19,2.25,owlvit
AOI_2_Vegas_img3412,AOI_2_Vegas,AOI_2_Vegas:-11522:3624,test,owlvit,blur_resize,fixed,1.2,0.25,4,5,46,7,1.0,owlvit
AOI_2_Vegas_img3412,AOI_2_Vegas,AOI_2_Vegas:-11522:3624,test,owlvit,blur_resize,fixed,1.8,0.25,3,3,46,7,1.1,owlvit
AOI_2_Vegas_img3412,AOI_2_Vegas,AOI_2_Vegas:-11522:3624,test,owlvit,blur_resize,fixed,2.4,0.25,1,1,46,10,0.15,owlvit
AOI_2_Vegas_img3412,AOI_2_Vegas,AOI_2_Vegas:-11522:3624,test,owlvit,blur_resize,fixed,3.6,0.25,1,1,46,4,0.15,owlvit
AOI_2_Vegas_img3412,AOI_2_Vegas,AOI_2_Vegas:-11522:3624,test,owlvit,blur_resize,fixed,5.0,0.25,0,0,46,1,0.0,owlvit
AOI_2_Vegas_img3412,AOI_2_Vegas,AOI_2_Vegas:-11522:3624,test,owlvit,blur_resize,fixed,10.0,0.25,0,0,46,0,0.0,owlvit
AOI_2_Vegas_img3422,AOI_2_Vegas,AOI_2_Vegas:-11522:3625,test,owlvit,blur_resize,fixed,0.3,0.25,26,62,36,45,10.85,owlvit
AOI_2_Vegas_img3422,AOI_2_Vegas,AOI_2_Vegas:-11522:3625,test,owlvit,blur_resize,fixed,0.45,0.25,22,37,36,47,7.95,owlvit
AOI_2_Vegas_img3422,AOI_2_Vegas,AOI_2_Vegas:-11522:3625,test,owlvit,blur_resize,fixed,0.6,0.25,16,26,36,35,6.7,owlvit
AOI_2_Vegas_img3422,AOI_2_Vegas,AOI_2_Vegas:-11522:3625,test,owlvit,blur_resize,fixed,0.9,0.25,3,6,36,21,1.4,owlvit
AOI_2_Vegas_img3422,AOI_2_Vegas,AOI_2_Vegas:-11522:3625,test,owlvit,blur_resize,fixed,1.2,0.25,0,0,36,7,0.0,owlvit
AOI_2_Vegas_img3422,AOI_2_Vegas,AOI_2_Vegas:-11522:3625,test,owlvit,blur_resize,fixed,1.8,0.25,0,0,36,3,0.0,owlvit
AOI_2_Vegas_img3422,AOI_2_Vegas,AOI_2_Vegas:-11522:3625,test,owlvit,blur_resize,fixed,2.4,0.25,0,0,36,3,0.0,owlvit
AOI_2_Vegas_img3422,AOI_2_Vegas,AOI_2_Vegas:-11522:3625,test,owlvit,blur_resize,fixed,3.6,0.25,0,0,36,1,0.0,owlvit
AOI_2_Vegas_img3422,AOI_2_Vegas,AOI_2_Vegas:-11522:3625,test,owlvit,blur_resize,fixed,5.0,0.25,0,0,36,0,0.0,owlvit
AOI_2_Vegas_img3422,AOI_2_Vegas,AOI_2_Vegas:-11522:3625,test,owlvit,blur_resize,fixed,10.0,0.25,0,0,36,0,0.0,owlvit
AOI_2_Vegas_img3427,AOI_2_Vegas,AOI_2_Vegas:-11522:3612,test,owlvit,blur_resize,fixed,0.3,0.25,12,26,36,37,4.15,owlvit
AOI_2_Vegas_img3427,AOI_2_Vegas,AOI_2_Vegas:-11522:3612,test,owlvit,blur_resize,fixed,0.45,0.25,9,21,36,48,3.5,owlvit
AOI_2_Vegas_img3427,AOI_2_Vegas,AOI_2_Vegas:-11522:3612,test,owlvit,blur_resize,fixed,0.6,0.25,8,19,36,42,3.65,owlvit
AOI_2_Vegas_img3427,AOI_2_Vegas,AOI_2_Vegas:-11522:3612,test,owlvit,blur_resize,fixed,0.9,0.25,6,10,36,38,1.9,owlvit
AOI_2_Vegas_img3427,AOI_2_Vegas,AOI_2_Vegas:-11522:3612,test,owlvit,blur_resize,fixed,1.2,0.25,2,5,36,33,0.6,owlvit
AOI_2_Vegas_img3427,AOI_2_Vegas,AOI_2_Vegas:-11522:3612,test,owlvit,blur_resize,fixed,1.8,0.25,0,1,36,17,0.0,owlvit
AOI_2_Vegas_img3427,AOI_2_Vegas,AOI_2_Vegas:-11522:3612,test,owlvit,blur_resize,fixed,2.4,0.25,0,0,36,16,0.0,owlvit
AOI_2_Vegas_img3427,AOI_2_Vegas,AOI_2_Vegas:-11522:3612,test,owlvit,blur_resize,fixed,3.6,0.25,0,0,36,4,0.0,owlvit
AOI_2_Vegas_img3427,AOI_2_Vegas,AOI_2_Vegas:-11522:3612,test,owlvit,blur_resize,fixed,5.0,0.25,0,0,36,3,0.0,owlvit
AOI_2_Vegas_img3427,AOI_2_Vegas,AOI_2_Vegas:-11522:3612,test,owlvit,blur_resize,fixed,10.0,0.25,0,0,36,0,0.0,owlvit
AOI_2_Vegas_img3448,AOI_2_Vegas,AOI_2_Vegas:-11522:3616,test,owlvit,blur_resize,fixed,0.3,0.25,16,46,32,26,3.95,owlvit
AOI_2_Vegas_img3448,AOI_2_Vegas,AOI_2_Vegas:-11522:3616,test,owlvit,blur_resize,fixed,0.45,0.25,15,46,32,29,4.1,owlvit
AOI_2_Vegas_img3448,AOI_2_Vegas,AOI_2_Vegas:-11522:3616,test,owlvit,blur_resize,fixed,0.6,0.25,15,36,32,28,3.45,owlvit
AOI_2_Vegas_img3448,AOI_2_Vegas,AOI_2_Vegas:-11522:3616,test,owlvit,blur_resize,fixed,0.9,0.25,13,31,32,24,3.15,owlvit
AOI_2_Vegas_img3448,AOI_2_Vegas,AOI_2_Vegas:-11522:3616,test,owlvit,blur_resize,fixed,1.2,0.25,12,20,32,20,2.15,owlvit
AOI_2_Vegas_img3448,AOI_2_Vegas,AOI_2_Vegas:-11522:3616,test,owlvit,blur_resize,fixed,1.8,0.25,4,9,32,10,1.05,owlvit
AOI_2_Vegas_img3448,AOI_2_Vegas,AOI_2_Vegas:-11522:3616,test,owlvit,blur_resize,fixed,2.4,0.25,0,2,32,13,0.05,owlvit
AOI_2_Vegas_img3448,AOI_2_Vegas,AOI_2_Vegas:-11522:3616,test,owlvit,blur_resize,fixed,3.6,0.25,0,0,32,6,0.0,owlvit
AOI_2_Vegas_img3448,AOI_2_Vegas,AOI_2_Vegas:-11522:3616,test,owlvit,blur_resize,fixed,5.0,0.25,0,0,32,5,0.0,owlvit
AOI_2_Vegas_img3448,AOI_2_Vegas,AOI_2_Vegas:-11522:3616,test,owlvit,blur_resize,fixed,10.0,0.25,0,0,32,0,0.0,owlvit
AOI_2_Vegas_img3460,AOI_2_Vegas,AOI_2_Vegas:-11522:3618,test,owlvit,blur_resize,fixed,0.3,0.25,14,52,34,32,5.2,owlvit
AOI_2_Vegas_img3460,AOI_2_Vegas,AOI_2_Vegas:-11522:3618,test,owlvit,blur_resize,fixed,0.45,0.25,16,46,34,31,5.3,owlvit
AOI_2_Vegas_img3460,AOI_2_Vegas,AOI_2_Vegas:-11522:3618,test,owlvit,blur_resize,fixed,0.6,0.25,16,40,34,31,4.55,owlvit
AOI_2_Vegas_img3460,AOI_2_Vegas,AOI_2_Vegas:-11522:3618,test,owlvit,blur_resize,fixed,0.9,0.25,14,32,34,30,3.1,owlvit
AOI_2_Vegas_img3460,AOI_2_Vegas,AOI_2_Vegas:-11522:3618,test,owlvit,blur_resize,fixed,1.2,0.25,10,24,34,27,3.25,owlvit
AOI_2_Vegas_img3460,AOI_2_Vegas,AOI_2_Vegas:-11522:3618,test,owlvit,blur_resize,fixed,1.8,0.25,5,8,34,24,1.05,owlvit
AOI_2_Vegas_img3460,AOI_2_Vegas,AOI_2_Vegas:-11522:3618,test,owlvit,blur_resize,fixed,2.4,0.25,3,4,34,15,0.75,owlvit
AOI_2_Vegas_img3460,AOI_2_Vegas,AOI_2_Vegas:-11522:3618,test,owlvit,blur_resize,fixed,3.6,0.25,1,2,34,3,0.45,owlvit
AOI_2_Vegas_img3460,AOI_2_Vegas,AOI_2_Vegas:-11522:3618,test,owlvit,blur_resize,fixed,5.0,0.25,1,1,34,1,0.35,owlvit
AOI_2_Vegas_img3460,AOI_2_Vegas,AOI_2_Vegas:-11522:3618,test,owlvit,blur_resize,fixed,10.0,0.25,0,0,34,0,0.0,owlvit
AOI_2_Vegas_img347,AOI_2_Vegas,AOI_2_Vegas:-11530:3614,test,owlvit,blur_resize,fixed,0.3,0.25,9,28,34,53,3.0,owlvit
AOI_2_Vegas_img347,AOI_2_Vegas,AOI_2_Vegas:-11530:3614,test,owlvit,blur_resize,fixed,0.45,0.25,7,20,34,47,2.35,owlvit
AOI_2_Vegas_img347,AOI_2_Vegas,AOI_2_Vegas:-11530:3614,test,owlvit,blur_resize,fixed,0.6,0.25,8,16,34,45,1.95,owlvit
AOI_2_Vegas_img347,AOI_2_Vegas,AOI_2_Vegas:-11530:3614,test,owlvit,blur_resize,fixed,0.9,0.25,6,13,34,35,1.85,owlvit
AOI_2_Vegas_img347,AOI_2_Vegas,AOI_2_Vegas:-11530:3614,test,owlvit,blur_resize,fixed,1.2,0.25,2,3,34,24,0.45,owlvit
AOI_2_Vegas_img347,AOI_2_Vegas,AOI_2_Vegas:-11530:3614,test,owlvit,blur_resize,fixed,1.8,0.25,0,0,34,24,0.0,owlvit
AOI_2_Vegas_img347,AOI_2_Vegas,AOI_2_Vegas:-11530:3614,test,owlvit,blur_resize,fixed,2.4,0.25,0,0,34,18,0.0,owlvit
AOI_2_Vegas_img347,AOI_2_Vegas,AOI_2_Vegas:-11530:3614,test,owlvit,blur_resize,fixed,3.6,0.25,0,0,34,13,0.0,owlvit
AOI_2_Vegas_img347,AOI_2_Vegas,AOI_2_Vegas:-11530:3614,test,owlvit,blur_resize,fixed,5.0,0.25,0,0,34,4,0.0,owlvit
AOI_2_Vegas_img347,AOI_2_Vegas,AOI_2_Vegas:-11530:3614,test,owlvit,blur_resize,fixed,10.0,0.25,0,0,34,1,0.0,owlvit
AOI_2_Vegas_img3471,AOI_2_Vegas,AOI_2_Vegas:-11522:3620,test,owlvit,blur_resize,fixed,0.3,0.25,19,83,31,31,7.0,owlvit
AOI_2_Vegas_img3471,AOI_2_Vegas,AOI_2_Vegas:-11522:3620,test,owlvit,blur_resize,fixed,0.45,0.25,19,67,31,24,7.1,owlvit
AOI_2_Vegas_img3471,AOI_2_Vegas,AOI_2_Vegas:-11522:3620,test,owlvit,blur_resize,fixed,0.6,0.25,18,59,31,24,6.0,owlvit
AOI_2_Vegas_img3471,AOI_2_Vegas,AOI_2_Vegas:-11522:3620,test,owlvit,blur_resize,fixed,0.9,0.25,17,47,31,24,6.0,owlvit
AOI_2_Vegas_img3471,AOI_2_Vegas,AOI_2_Vegas:-11522:3620,test,owlvit,blur_resize,fixed,1.2,0.25,15,34,31,24,3.9,owlvit
AOI_2_Vegas_img3471,AOI_2_Vegas,AOI_2_Vegas:-11522:3620,test,owlvit,blur_resize,fixed,1.8,0.25,13,20,31,29,3.4,owlvit
AOI_2_Vegas_img3471,AOI_2_Vegas,AOI_2_Vegas:-11522:3620,test,owlvit,blur_resize,fixed,2.4,0.25,13,15,31,31,2.95,owlvit
AOI_2_Vegas_img3471,AOI_2_Vegas,AOI_2_Vegas:-11522:3620,test,owlvit,blur_resize,fixed,3.6,0.25,2,3,31,18,0.85,owlvit
AOI_2_Vegas_img3471,AOI_2_Vegas,AOI_2_Vegas:-11522:3620,test,owlvit,blur_resize,fixed,5.0,0.25,0,0,31,4,0.0,owlvit
AOI_2_Vegas_img3471,AOI_2_Vegas,AOI_2_Vegas:-11522:3620,test,owlvit,blur_resize,fixed,10.0,0.25,0,0,31,0,0.0,owlvit
AOI_2_Vegas_img3506,AOI_2_Vegas,AOI_2_Vegas:-11522:3612,test,owlvit,blur_resize,fixed,0.3,0.25,16,39,46,45,5.95,owlvit
AOI_2_Vegas_img3506,AOI_2_Vegas,AOI_2_Vegas:-11522:3612,test,owlvit,blur_resize,fixed,0.45,0.25,16,30,46,38,4.15,owlvit
AOI_2_Vegas_img3506,AOI_2_Vegas,AOI_2_Vegas:-11522:3612,test,owlvit,blur_resize,fixed,0.6,0.25,16,30,46,39,5.3,owlvit
AOI_2_Vegas_img3506,AOI_2_Vegas,AOI_2_Vegas:-11522:3612,test,owlvit,blur_resize,fixed,0.9,0.25,13,20,46,44,3.95,owlvit
AOI_2_Vegas_img3506,AOI_2_Vegas,AOI_2_Vegas:-11522:3612,test,owlvit,blur_resize,fixed,1.2,0.25,9,14,46,51,3.2,owlvit
AOI_2_Vegas_img3506,AOI_2_Vegas,AOI_2_Vegas:-11522:3612,test,owlvit,blur_resize,fixed,1.8,0.25,5,6,46,29,0.95,owlvit
AOI_2_Vegas_img3506,AOI_2_Vegas,AOI_2_Vegas:-11522:3612,test,owlvit,blur_resize,fixed,2.4,0.25,3,4,46,13,0.7,owlvit
AOI_2_Vegas_img3506,AOI_2_Vegas,AOI_2_Vegas:-11522:3612,test,owlvit,blur_resize,fixed,3.6,0.25,0,0,46,4,0.0,owlvit
AOI_2_Vegas_img3506,AOI_2_Vegas,AOI_2_Vegas:-11522:3612,test,owlvit,blur_resize,fixed,5.0,0.25,0,0,46,4,0.0,owlvit
AOI_2_Vegas_img3506,AOI_2_Vegas,AOI_2_Vegas:-11522:3612,test,owlvit,blur_resize,fixed,10.0,0.25,0,0,46,1,0.0,owlvit
AOI_2_Vegas_img3514,AOI_2_Vegas,AOI_2_Vegas:-11522:3614,test,owlvit,blur_resize,fixed,0.3,0.25,6,21,15,59,1.05,owlvit
AOI_2_Vegas_img3514,AOI_2_Vegas,AOI_2_Vegas:-11522:3614,test,owlvit,blur_resize,fixed,0.45,0.25,5,15,15,44,0.65,owlvit
AOI_2_Vegas_img3514,AOI_2_Vegas,AOI_2_Vegas:-11522:3614,test,owlvit,blur_resize,fixed,0.6,0.25,4,12,15,37,0.3,owlvit
AOI_2_Vegas_img3514,AOI_2_Vegas,AOI_2_Vegas:-11522:3614,test,owlvit,blur_resize,fixed,0.9,0.25,4,11,15,36,0.4,owlvit
AOI_2_Vegas_img3514,AOI_2_Vegas,AOI_2_Vegas:-11522:3614,test,owlvit,blur_resize,fixed,1.2,0.25,4,11,15,27,0.3,owlvit
AOI_2_Vegas_img3514,AOI_2_Vegas,AOI_2_Vegas:-11522:3614,test,owlvit,blur_resize,fixed,1.8,0.25,3,8,15,33,0.2,owlvit
AOI_2_Vegas_img3514,AOI_2_Vegas,AOI_2_Vegas:-11522:3614,test,owlvit,blur_resize,fixed,2.4,0.25,3,5,15,26,0.15,owlvit
AOI_2_Vegas_img3514,AOI_2_Vegas,AOI_2_Vegas:-11522:3614,test,owlvit,blur_resize,fixed,3.6,0.25,1,2,15,21,0.1,owlvit
AOI_2_Vegas_img3514,AOI_2_Vegas,AOI_2_Vegas:-11522:3614,test,owlvit,blur_resize,fixed,5.0,0.25,0,0,15,7,0.0,owlvit
AOI_2_Vegas_img3514,AOI_2_Vegas,AOI_2_Vegas:-11522:3614,test,owlvit,blur_resize,fixed,10.0,0.25,0,0,15,1,0.0,owlvit
AOI_2_Vegas_img3538,AOI_2_Vegas,AOI_2_Vegas:-11522:3618,test,owlvit,blur_resize,fixed,0.3,0.25,19,77,38,56,7.4,owlvit
AOI_2_Vegas_img3538,AOI_2_Vegas,AOI_2_Vegas:-11522:3618,test,owlvit,blur_resize,fixed,0.45,0.25,17,40,38,41,5.1,owlvit
AOI_2_Vegas_img3538,AOI_2_Vegas,AOI_2_Vegas:-11522:3618,test,owlvit,blur_resize,fixed,0.6,0.25,11,16,38,26,2.0,owlvit
AOI_2_Vegas_img3538,AOI_2_Vegas,AOI_2_Vegas:-11522:3618,test,owlvit,blur_resize,fixed,0.9,0.25,9,12,38,24,1.95,owlvit
AOI_2_Vegas_img3538,AOI_2_Vegas,AOI_2_Vegas:-11522:3618,test,owlvit,blur_resize,fixed,1.2,0.25,6,12,38,27,1.75,owlvit
AOI_2_Vegas_img3538,AOI_2_Vegas,AOI_2_Vegas:-11522:3618,test,owlvit,blur_resize,fixed,1.8,0.25,3,3,38,16,0.5,owlvit
AOI_2_Vegas_img3538,AOI_2_Vegas,AOI_2_Vegas:-11522:3618,test,owlvit,blur_resize,fixed,2.4,0.25,0,0,38,4,0.0,owlvit
AOI_2_Vegas_img3538,AOI_2_Vegas,AOI_2_Vegas:-11522:3618,test,owlvit,blur_resize,fixed,3.6,0.25,0,0,38,2,0.0,owlvit
AOI_2_Vegas_img3538,AOI_2_Vegas,AOI_2_Vegas:-11522:3618,test,owlvit,blur_resize,fixed,5.0,0.25,0,0,38,2,0.0,owlvit
AOI_2_Vegas_img3538,AOI_2_Vegas,AOI_2_Vegas:-11522:3618,test,owlvit,blur_resize,fixed,10.0,0.25,0,0,38,1,0.0,owlvit
AOI_2_Vegas_img355,AOI_2_Vegas,AOI_2_Vegas:-11530:3616,test,owlvit,blur_resize,fixed,0.3,0.25,2,2,34,23,0.6,owlvit
AOI_2_Vegas_img355,AOI_2_Vegas,AOI_2_Vegas:-11530:3616,test,owlvit,blur_resize,fixed,0.45,0.25,4,5,34,21,1.65,owlvit
AOI_2_Vegas_img355,AOI_2_Vegas,AOI_2_Vegas:-11530:3616,test,owlvit,blur_resize,fixed,0.6,0.25,4,5,34,21,1.4,owlvit
AOI_2_Vegas_img355,AOI_2_Vegas,AOI_2_Vegas:-11530:3616,test,owlvit,blur_resize,fixed,0.9,0.25,1,1,34,18,0.2,owlvit
AOI_2_Vegas_img355,AOI_2_Vegas,AOI_2_Vegas:-11530:3616,test,owlvit,blur_resize,fixed,1.2,0.25,0,0,34,18,0.0,owlvit
AOI_2_Vegas_img355,AOI_2_Vegas,AOI_2_Vegas:-11530:3616,test,owlvit,blur_resize,fixed,1.8,0.25,0,0,34,7,0.0,owlvit
AOI_2_Vegas_img355,AOI_2_Vegas,AOI_2_Vegas:-11530:3616,test,owlvit,blur_resize,fixed,2.4,0.25,2,2,34,6,0.6,owlvit
AOI_2_Vegas_img355,AOI_2_Vegas,AOI_2_Vegas:-11530:3616,test,owlvit,blur_resize,fixed,3.6,0.25,1,1,34,2,0.35,owlvit
AOI_2_Vegas_img355,AOI_2_Vegas,AOI_2_Vegas:-11530:3616,test,owlvit,blur_resize,fixed,5.0,0.25,0,0,34,1,0.0,owlvit
AOI_2_Vegas_img355,AOI_2_Vegas,AOI_2_Vegas:-11530:3616,test,owlvit,blur_resize,fixed,10.0,0.25,0,0,34,0,0.0,owlvit
AOI_2_Vegas_img3573,AOI_2_Vegas,AOI_2_Vegas:-11522:3624,test,owlvit,blur_resize,fixed,0.3,0.25,29,37,53,31,8.55,owlvit
AOI_2_Vegas_img3573,AOI_2_Vegas,AOI_2_Vegas:-11522:3624,test,owlvit,blur_resize,fixed,0.45,0.25,23,25,53,29,6.05,owlvit
AOI_2_Vegas_img3573,AOI_2_Vegas,AOI_2_Vegas:-11522:3624,test,owlvit,blur_resize,fixed,0.6,0.25,19,20,53,31,5.2,owlvit
AOI_2_Vegas_img3573,AOI_2_Vegas,AOI_2_Vegas:-11522:3624,test,owlvit,blur_resize,fixed,0.9,0.25,12,12,53,23,3.1,owlvit
AOI_2_Vegas_img3573,AOI_2_Vegas,AOI_2_Vegas:-11522:3624,test,owlvit,blur_resize,fixed,1.2,0.25,3,3,53,18,0.75,owlvit
AOI_2_Vegas_img3573,AOI_2_Vegas,AOI_2_Vegas:-11522:3624,test,owlvit,blur_resize,fixed,1.8,0.25,0,0,53,12,0.0,owlvit
AOI_2_Vegas_img3573,AOI_2_Vegas,AOI_2_Vegas:-11522:3624,test,owlvit,blur_resize,fixed,2.4,0.25,0,0,53,10,0.0,owlvit
AOI_2_Vegas_img3573,AOI_2_Vegas,AOI_2_Vegas:-11522:3624,test,owlvit,blur_resize,fixed,3.6,0.25,0,0,53,8,0.0,owlvit
AOI_2_Vegas_img3573,AOI_2_Vegas,AOI_2_Vegas:-11522:3624,test,owlvit,blur_resize,fixed,5.0,0.25,0,0,53,6,0.0,owlvit
AOI_2_Vegas_img3573,AOI_2_Vegas,AOI_2_Vegas:-11522:3624,test,owlvit,blur_resize,fixed,10.0,0.25,0,0,53,0,0.0,owlvit
AOI_2_Vegas_img3603,AOI_2_Vegas,AOI_2_Vegas:-11522:3616,test,owlvit,blur_resize,fixed,0.3,0.25,31,84,53,36,15.0,owlvit
AOI_2_Vegas_img3603,AOI_2_Vegas,AOI_2_Vegas:-11522:3616,test,owlvit,blur_resize,fixed,0.45,0.25,33,85,53,42,14.05,owlvit
AOI_2_Vegas_img3603,AOI_2_Vegas,AOI_2_Vegas:-11522:3616,test,owlvit,blur_resize,fixed,0.6,0.25,29,71,53,35,12.8,owlvit
AOI_2_Vegas_img3603,AOI_2_Vegas,AOI_2_Vegas:-11522:3616,test,owlvit,blur_resize,fixed,0.9,0.25,27,54,53,29,11.2,owlvit
AOI_2_Vegas_img3603,AOI_2_Vegas,AOI_2_Vegas:-11522:3616,test,owlvit,blur_resize,fixed,1.2,0.25,19,31,53,20,7.8,owlvit
AOI_2_Vegas_img3603,AOI_2_Vegas,AOI_2_Vegas:-11522:3616,test,owlvit,blur_resize,fixed,1.8,0.25,0,0,53,7,0.0,owlvit
AOI_2_Vegas_img3603,AOI_2_Vegas,AOI_2_Vegas:-11522:3616,test,owlvit,blur_resize,fixed,2.4,0.25,0,0,53,6,0.0,owlvit
AOI_2_Vegas_img3603,AOI_2_Vegas,AOI_2_Vegas:-11522:3616,test,owlvit,blur_resize,fixed,3.6,0.25,0,0,53,7,0.0,owlvit
AOI_2_Vegas_img3603,AOI_2_Vegas,AOI_2_Vegas:-11522:3616,test,owlvit,blur_resize,fixed,5.0,0.25,0,0,53,6,0.0,owlvit
AOI_2_Vegas_img3603,AOI_2_Vegas,AOI_2_Vegas:-11522:3616,test,owlvit,blur_resize,fixed,10.0,0.25,0,0,53,0,0.0,owlvit
AOI_2_Vegas_img3659,AOI_2_Vegas,AOI_2_Vegas:-11522:3625,test,owlvit,blur_resize,fixed,0.3,0.25,25,45,32,28,5.55,owlvit
AOI_2_Vegas_img3659,AOI_2_Vegas,AOI_2_Vegas:-11522:3625,test,owlvit,blur_resize,fixed,0.45,0.25,19,29,32,33,4.55,owlvit
AOI_2_Vegas_img3659,AOI_2_Vegas,AOI_2_Vegas:-11522:3625,test,owlvit,blur_resize,fixed,0.6,0.25,17,22,32,28,4.05,owlvit
AOI_2_Vegas_img3659,AOI_2_Vegas,AOI_2_Vegas:-11522:3625,test,owlvit,blur_resize,fixed,0.9,0.25,11,17,32,25,2.9,owlvit
AOI_2_Vegas_img3659,AOI_2_Vegas,AOI_2_Vegas:-11522:3625,test,owlvit,blur_resize,fixed,1.2,0.25,3,3,32,18,0.55,owlvit
AOI_2_Vegas_img3659,AOI_2_Vegas,AOI_2_Vegas:-11522:3625,test,owlvit,blur_resize,fixed,1.8,0.25,0,0,32,13,0.0,owlvit
AOI_2_Vegas_img3659,AOI_2_Vegas,AOI_2_Vegas:-11522:3625,test,owlvit,blur_resize,fixed,2.4,0.25,0,0,32,7,0.0,owlvit
AOI_2_Vegas_img3659,AOI_2_Vegas,AOI_2_Vegas:-11522:3625,test,owlvit,blur_resize,fixed,3.6,0.25,0,0,32,4,0.0,owlvit
AOI_2_Vegas_img3659,AOI_2_Vegas,AOI_2_Vegas:-11522:3625,test,owlvit,blur_resize,fixed,5.0,0.25,0,0,32,0,0.0,owlvit
AOI_2_Vegas_img3659,AOI_2_Vegas,AOI_2_Vegas:-11522:3625,test,owlvit,blur_resize,fixed,10.0,0.25,0,0,32,0,0.0,owlvit
AOI_2_Vegas_img3673,AOI_2_Vegas,AOI_2_Vegas:-11522:3614,test,owlvit,blur_resize,fixed,0.3,0.25,1,35,7,58,0.25,owlvit
AOI_2_Vegas_img3673,AOI_2_Vegas,AOI_2_Vegas:-11522:3614,test,owlvit,blur_resize,fixed,0.45,0.25,1,28,7,54,0.3,owlvit
AOI_2_Vegas_img3673,AOI_2_Vegas,AOI_2_Vegas:-11522:3614,test,owlvit,blur_resize,fixed,0.6,0.25,0,20,7,53,0.25,owlvit
AOI_2_Vegas_img3673,AOI_2_Vegas,AOI_2_Vegas:-11522:3614,test,owlvit,blur_resize,fixed,0.9,0.25,0,8,7,42,0.15,owlvit
AOI_2_Vegas_img3673,AOI_2_Vegas,AOI_2_Vegas:-11522:3614,test,owlvit,blur_resize,fixed,1.2,0.25,0,6,7,32,0.1,owlvit
AOI_2_Vegas_img3673,AOI_2_Vegas,AOI_2_Vegas:-11522:3614,test,owlvit,blur_resize,fixed,1.8,0.25,0,1,7,21,0.0,owlvit
AOI_2_Vegas_img3673,AOI_2_Vegas,AOI_2_Vegas:-11522:3614,test,owlvit,blur_resize,fixed,2.4,0.25,0,1,7,10,0.1,owlvit
AOI_2_Vegas_img3673,AOI_2_Vegas,AOI_2_Vegas:-11522:3614,test,owlvit,blur_resize,fixed,3.6,0.25,0,0,7,2,0.0,owlvit
AOI_2_Vegas_img3673,AOI_2_Vegas,AOI_2_Vegas:-11522:3614,test,owlvit,blur_resize,fixed,5.0,0.25,0,0,7,2,0.0,owlvit
AOI_2_Vegas_img3673,AOI_2_Vegas,AOI_2_Vegas:-11522:3614,test,owlvit,blur_resize,fixed,10.0,0.25,0,0,7,0,0.0,owlvit
AOI_2_Vegas_img3679,AOI_2_Vegas,AOI_2_Vegas:-11522:3615,test,owlvit,blur_resize,fixed,0.3,0.25,32,63,43,31,10.25,owlvit
AOI_2_Vegas_img3679,AOI_2_Vegas,AOI_2_Vegas:-11522:3615,test,owlvit,blur_resize,fixed,0.45,0.25,29,64,43,32,9.05,owlvit
AOI_2_Vegas_img3679,AOI_2_Vegas,AOI_2_Vegas:-11522:3615,test,owlvit,blur_resize,fixed,0.6,0.25,26,51,43,32,8.6,owlvit
AOI_2_Vegas_img3679,AOI_2_Vegas,AOI_2_Vegas:-11522:3615,test,owlvit,blur_resize,fixed,0.9,0.25,23,43,43,34,7.55,owlvit
AOI_2_Vegas_img3679,AOI_2_Vegas,AOI_2_Vegas:-11522:3615,test,owlvit,blur_resize,fixed,1.2,0.25,18,32,43,29,5.75,owlvit
AOI_2_Vegas_img3679,AOI_2_Vegas,AOI_2_Vegas:-11522:3615,test,owlvit,blur_resize,fixed,1.8,0.25,9,13,43,18,3.15,owlvit
AOI_2_Vegas_img3679,AOI_2_Vegas,AOI_2_Vegas:-11522:3615,test,owlvit,blur_resize,fixed,2.4,0.25,2,3,43,6,0.55,owlvit
AOI_2_Vegas_img3679,AOI_2_Vegas,AOI_2_Vegas:-11522:3615,test,owlvit,blur_resize,fixed,3.6,0.25,0,0,43,5,0.0,owlvit
AOI_2_Vegas_img3679,AOI_2_Vegas,AOI_2_Vegas:-11522:3615,test,owlvit,blur_resize,fixed,5.0,0.25,0,0,43,5,0.0,owlvit
AOI_2_Vegas_img3679,AOI_2_Vegas,AOI_2_Vegas:-11522:3615,test,owlvit,blur_resize,fixed,10.0,0.25,0,0,43,0,0.0,owlvit
AOI_2_Vegas_img3718,AOI_2_Vegas,AOI_2_Vegas:-11522:3622,test,owlvit,blur_resize,fixed,0.3,0.25,13,46,29,46,2.6,owlvit
AOI_2_Vegas_img3718,AOI_2_Vegas,AOI_2_Vegas:-11522:3622,test,owlvit,blur_resize,fixed,0.45,0.25,11,33,29,44,1.7,owlvit
AOI_2_Vegas_img3718,AOI_2_Vegas,AOI_2_Vegas:-11522:3622,test,owlvit,blur_resize,fixed,0.6,0.25,8,25,29,44,1.85,owlvit
AOI_2_Vegas_img3718,AOI_2_Vegas,AOI_2_Vegas:-11522:3622,test,owlvit,blur_resize,fixed,0.9,0.25,6,23,29,37,1.15,owlvit
AOI_2_Vegas_img3718,AOI_2_Vegas,AOI_2_Vegas:-11522:3622,test,owlvit,blur_resize,fixed,1.2,0.25,3,17,29,34,1.55,owlvit
AOI_2_Vegas_img3718,AOI_2_Vegas,AOI_2_Vegas:-11522:3622,test,owlvit,blur_resize,fixed,1.8,0.25,1,2,29,15,0.35,owlvit
AOI_2_Vegas_img3718,AOI_2_Vegas,AOI_2_Vegas:-11522:3622,test,owlvit,blur_resize,fixed,2.4,0.25,0,0,29,12,0.0,owlvit
AOI_2_Vegas_img3718,AOI_2_Vegas,AOI_2_Vegas:-11522:3622,test,owlvit,blur_resize,fixed,3.6,0.25,0,0,29,4,0.0,owlvit
AOI_2_Vegas_img3718,AOI_2_Vegas,AOI_2_Vegas:-11522:3622,test,owlvit,blur_resize,fixed,5.0,0.25,0,0,29,1,0.0,owlvit
AOI_2_Vegas_img3718,AOI_2_Vegas,AOI_2_Vegas:-11522:3622,test,owlvit,blur_resize,fixed,10.0,0.25,0,0,29,0,0.0,owlvit
AOI_2_Vegas_img3747,AOI_2_Vegas,AOI_2_Vegas:-11522:3613,test,owlvit,blur_resize,fixed,0.3,0.25,35,105,56,26,18.3,owlvit
AOI_2_Vegas_img3747,AOI_2_Vegas,AOI_2_Vegas:-11522:3613,test,owlvit,blur_resize,fixed,0.45,0.25,35,103,56,34,18.25,owlvit
AOI_2_Vegas_img3747,AOI_2_Vegas,AOI_2_Vegas:-11522:3613,test,owlvit,blur_resize,fixed,0.6,0.25,35,98,56,32,18.55,owlvit
AOI_2_Vegas_img3747,AOI_2_Vegas,AOI_2_Vegas:-11522:3613,test,owlvit,blur_resize,fixed,0.9,0.25,35,90,56,29,17.75,owlvit
AOI_2_Vegas_img3747,AOI_2_Vegas,AOI_2_Vegas:-11522:3613,test,owlvit,blur_resize,fixed,1.2,0.25,35,85,56,34,16.75,owlvit
AOI_2_Vegas_img3747,AOI_2_Vegas,AOI_2_Vegas:-11522:3613,test,owlvit,blur_resize,fixed,1.8,0.25,26,58,56,41,11.9,owlvit
AOI_2_Vegas_img3747,AOI_2_Vegas,AOI_2_Vegas:-11522:3613,test,owlvit,blur_resize,fixed,2.4,0.25,12,22,56,29,5.55,owlvit
AOI_2_Vegas_img3747,AOI_2_Vegas,AOI_2_Vegas:-11522:3613,test,owlvit,blur_resize,fixed,3.6,0.25,0,0,56,9,0.0,owlvit
AOI_2_Vegas_img3747,AOI_2_Vegas,AOI_2_Vegas:-11522:3613,test,owlvit,blur_resize,fixed,5.0,0.25,0,0,56,1,0.0,owlvit
AOI_2_Vegas_img3747,AOI_2_Vegas,AOI_2_Vegas:-11522:3613,test,owlvit,blur_resize,fixed,10.0,0.25,0,0,56,0,0.0,owlvit
AOI_2_Vegas_img375,AOI_2_Vegas,AOI_2_Vegas:-11530:3619,test,owlvit,blur_resize,fixed,0.3,0.25,13,44,22,23,4.45,owlvit
AOI_2_Vegas_img375,AOI_2_Vegas,AOI_2_Vegas:-11530:3619,test,owlvit,blur_resize,fixed,0.45,0.25,12,33,22,23,4.3,owlvit
AOI_2_Vegas_img375,AOI_2_Vegas,AOI_2_Vegas:-11530:3619,test,owlvit,blur_resize,fixed,0.6,0.25,10,27,22,25,3.35,owlvit
AOI_2_Vegas_img375,AOI_2_Vegas,AOI_2_Vegas:-11530:3619,test,owlvit,blur_resize,fixed,0.9,0.25,8,16,22,19,2.05,owlvit
AOI_2_Vegas_img375,AOI_2_Vegas,AOI_2_Vegas:-11530:3619,test,owlvit,blur_resize,fixed,1.2,0.25,4,4,22,17,0.45,owlvit
AOI_2_Vegas_img375,AOI_2_Vegas,AOI_2_Vegas:-11530:3619,test,owlvit,blur_resize,fixed,1.8,0.25,0,0,22,5,0.0,owlvit
AOI_2_Vegas_img375,AOI_2_Vegas,AOI_2_Vegas:-11530:3619,test,owlvit,blur_resize,fixed,2.4,0.25,0,0,22,3,0.0,owlvit
AOI_2_Vegas_img375,AOI_2_Vegas,AOI_2_Vegas:-11530:3619,test,owlvit,blur_resize,fixed,3.6,0.25,0,0,22,2,0.0,owlvit
AOI_2_Vegas_img375,AOI_2_Vegas,AOI_2_Vegas:-11530:3619,test,owlvit,blur_resize,fixed,5.0,0.25,0,0,22,0,0.0,owlvit
AOI_2_Vegas_img375,AOI_2_Vegas,AOI_2_Vegas:-11530:3619,test,owlvit,blur_resize,fixed,10.0,0.25,0,0,22,0,0.0,owlvit
AOI_2_Vegas_img3757,AOI_2_Vegas,AOI_2_Vegas:-11522:3615,test,owlvit,blur_resize,fixed,0.3,0.25,33,68,59,26,12.75,owlvit
AOI_2_Vegas_img3757,AOI_2_Vegas,AOI_2_Vegas:-11522:3615,test,owlvit,blur_resize,fixed,0.45,0.25,32,62,59,27,11.65,owlvit
AOI_2_Vegas_img3757,AOI_2_Vegas,AOI_2_Vegas:-11522:3615,test,owlvit,blur_resize,fixed,0.6,0.25,31,51,59,23,10.6,owlvit
AOI_2_Vegas_img3757,AOI_2_Vegas,AOI_2_Vegas:-11522:3615,test,owlvit,blur_resize,fixed,0.9,0.25,28,47,59,24,10.05,owlvit
AOI_2_Vegas_img3757,AOI_2_Vegas,AOI_2_Vegas:-11522:3615,test,owlvit,blur_resize,fixed,1.2,0.25,28,35,59,21,7.85,owlvit
AOI_2_Vegas_img3757,AOI_2_Vegas,AOI_2_Vegas:-11522:3615,test,owlvit,blur_resize,fixed,1.8,0.25,13,13,59,21,3.7,owlvit
AOI_2_Vegas_img3757,AOI_2_Vegas,AOI_2_Vegas:-11522:3615,test,owlvit,blur_resize,fixed,2.4,0.25,5,5,59,21,1.5,owlvit
AOI_2_Vegas_img3757,AOI_2_Vegas,AOI_2_Vegas:-11522:3615,test,owlvit,blur_resize,fixed,3.6,0.25,0,0,59,7,0.0,owlvit
AOI_2_Vegas_img3757,AOI_2_Vegas,AOI_2_Vegas:-11522:3615,test,owlvit,blur_resize,fixed,5.0,0.25,0,0,59,5,0.0,owlvit
AOI_2_Vegas_img3757,AOI_2_Vegas,AOI_2_Vegas:-11522:3615,test,owlvit,blur_resize,fixed,10.0,0.25,0,0,59,1,0.0,owlvit
AOI_2_Vegas_img3785,AOI_2_Vegas,AOI_2_Vegas:-11522:3620,test,owlvit,blur_resize,fixed,0.3,0.25,14,49,28,43,2.5,owlvit
AOI_2_Vegas_img3785,AOI_2_Vegas,AOI_2_Vegas:-11522:3620,test,owlvit,blur_resize,fixed,0.45,0.25,13,38,28,33,1.5,owlvit
AOI_2_Vegas_img3785,AOI_2_Vegas,AOI_2_Vegas:-11522:3620,test,owlvit,blur_resize,fixed,0.6,0.25,14,35,28,32,1.75,owlvit
AOI_2_Vegas_img3785,AOI_2_Vegas,AOI_2_Vegas:-11522:3620,test,owlvit,blur_resize,fixed,0.9,0.25,11,29,28,35,1.95,owlvit
AOI_2_Vegas_img3785,AOI_2_Vegas,AOI_2_Vegas:-11522:3620,test,owlvit,blur_resize,fixed,1.2,0.25,6,17,28,38,0.7,owlvit
AOI_2_Vegas_img3785,AOI_2_Vegas,AOI_2_Vegas:-11522:3620,test,owlvit,blur_resize,fixed,1.8,0.25,2,3,28,29,0.1,owlvit
AOI_2_Vegas_img3785,AOI_2_Vegas,AOI_2_Vegas:-11522:3620,test,owlvit,blur_resize,fixed,2.4,0.25,1,2,28,20,0.45,owlvit
AOI_2_Vegas_img3785,AOI_2_Vegas,AOI_2_Vegas:-11522:3620,test,owlvit,blur_resize,fixed,3.6,0.25,0,0,28,10,0.0,owlvit
AOI_2_Vegas_img3785,AOI_2_Vegas,AOI_2_Vegas:-11522:3620,test,owlvit,blur_resize,fixed,5.0,0.25,0,0,28,4,0.0,owlvit
AOI_2_Vegas_img3785,AOI_2_Vegas,AOI_2_Vegas:-11522:3620,test,owlvit,blur_resize,fixed,10.0,0.25,0,0,28,0,0.0,owlvit
AOI_2_Vegas_img3787,AOI_2_Vegas,AOI_2_Vegas:-11522:3620,test,owlvit,blur_resize,fixed,0.3,0.25,17,33,48,37,3.3,owlvit
AOI_2_Vegas_img3787,AOI_2_Vegas,AOI_2_Vegas:-11522:3620,test,owlvit,blur_resize,fixed,0.45,0.25,12,21,48,39,2.5,owlvit
AOI_2_Vegas_img3787,AOI_2_Vegas,AOI_2_Vegas:-11522:3620,test,owlvit,blur_resize,fixed,0.6,0.25,7,12,48,40,1.15,owlvit
AOI_2_Vegas_img3787,AOI_2_Vegas,AOI_2_Vegas:-11522:3620,test,owlvit,blur_resize,fixed,0.9,0.25,7,8,48,35,0.75,owlvit
AOI_2_Vegas_img3787,AOI_2_Vegas,AOI_2_Vegas:-11522:3620,test,owlvit,blur_resize,fixed,1.2,0.25,7,8,48,39,1.2,owlvit
AOI_2_Vegas_img3787,AOI_2_Vegas,AOI_2_Vegas:-11522:3620,test,owlvit,blur_resize,fixed,1.8,0.25,3,6,48,34,0.9,owlvit
AOI_2_Vegas_img3787,AOI_2_Vegas,AOI_2_Vegas:-11522:3620,test,owlvit,blur_resize,fixed,2.4,0.25,1,4,48,26,0.65,owlvit
AOI_2_Vegas_img3787,AOI_2_Vegas,AOI_2_Vegas:-11522:3620,test,owlvit,blur_resize,fixed,3.6,0.25,0,0,48,10,0.0,owlvit
AOI_2_Vegas_img3787,AOI_2_Vegas,AOI_2_Vegas:-11522:3620,test,owlvit,blur_resize,fixed,5.0,0.25,0,0,48,2,0.0,owlvit
AOI_2_Vegas_img3787,AOI_2_Vegas,AOI_2_Vegas:-11522:3620,test,owlvit,blur_resize,fixed,10.0,0.25,0,0,48,0,0.0,owlvit
AOI_2_Vegas_img3792,AOI_2_Vegas,AOI_2_Vegas:-11522:3621,test,owlvit,blur_resize,fixed,0.3,0.25,0,3,1,7,0.0,owlvit
AOI_2_Vegas_img3792,AOI_2_Vegas,AOI_2_Vegas:-11522:3621,test,owlvit,blur_resize,fixed,0.45,0.25,0,2,1,6,0.0,owlvit
AOI_2_Vegas_img3792,AOI_2_Vegas,AOI_2_Vegas:-11522:3621,test,owlvit,blur_resize,fixed,0.6,0.25,0,0,1,6,0.0,owlvit
AOI_2_Vegas_img3792,AOI_2_Vegas,AOI_2_Vegas:-11522:3621,test,owlvit,blur_resize,fixed,0.9,0.25,0,0,1,5,0.0,owlvit
AOI_2_Vegas_img3792,AOI_2_Vegas,AOI_2_Vegas:-11522:3621,test,owlvit,blur_resize,fixed,1.2,0.25,0,0,1,2,0.0,owlvit
AOI_2_Vegas_img3792,AOI_2_Vegas,AOI_2_Vegas:-11522:3621,test,owlvit,blur_resize,fixed,1.8,0.25,0,0,1,2,0.0,owlvit
AOI_2_Vegas_img3792,AOI_2_Vegas,AOI_2_Vegas:-11522:3621,test,owlvit,blur_resize,fixed,2.4,0.25,0,0,1,4,0.0,owlvit
AOI_2_Vegas_img3792,AOI_2_Vegas,AOI_2_Vegas:-11522:3621,test,owlvit,blur_resize,fixed,3.6,0.25,0,0,1,1,0.0,owlvit
AOI_2_Vegas_img3792,AOI_2_Vegas,AOI_2_Vegas:-11522:3621,test,owlvit,blur_resize,fixed,5.0,0.25,0,0,1,0,0.0,owlvit
AOI_2_Vegas_img3792,AOI_2_Vegas,AOI_2_Vegas:-11522:3621,test,owlvit,blur_resize,fixed,10.0,0.25,0,0,1,0,0.0,owlvit
AOI_2_Vegas_img3815,AOI_2_Vegas,AOI_2_Vegas:-11522:3625,test,owlvit,blur_resize,fixed,0.3,0.25,20,73,23,29,9.15,owlvit
AOI_2_Vegas_img3815,AOI_2_Vegas,AOI_2_Vegas:-11522:3625,test,owlvit,blur_resize,fixed,0.45,0.25,21,53,23,39,8.45,owlvit
AOI_2_Vegas_img3815,AOI_2_Vegas,AOI_2_Vegas:-11522:3625,test,owlvit,blur_resize,fixed,0.6,0.25,20,44,23,40,7.0,owlvit
AOI_2_Vegas_img3815,AOI_2_Vegas,AOI_2_Vegas:-11522:3625,test,owlvit,blur_resize,fixed,0.9,0.25,19,37,23,46,5.75,owlvit
AOI_2_Vegas_img3815,AOI_2_Vegas,AOI_2_Vegas:-11522:3625,test,owlvit,blur_resize,fixed,1.2,0.25,18,31,23,45,6.8,owlvit
AOI_2_Vegas_img3815,AOI_2_Vegas,AOI_2_Vegas:-11522:3625,test,owlvit,blur_resize,fixed,1.8,0.25,11,14,23,37,2.85,owlvit
AOI_2_Vegas_img3815,AOI_2_Vegas,AOI_2_Vegas:-11522:3625,test,owlvit,blur_resize,fixed,2.4,0.25,7,8,23,19,1.55,owlvit
AOI_2_Vegas_img3815,AOI_2_Vegas,AOI_2_Vegas:-11522:3625,test,owlvit,blur_resize,fixed,3.6,0.25,0,0,23,1,0.0,owlvit
AOI_2_Vegas_img3815,AOI_2_Vegas,AOI_2_Vegas:-11522:3625,test,owlvit,blur_resize,fixed,5.0,0.25,0,0,23,0,0.0,owlvit
AOI_2_Vegas_img3815,AOI_2_Vegas,AOI_2_Vegas:-11522:3625,test,owlvit,blur_resize,fixed,10.0,0.25,0,0,23,0,0.0,owlvit
AOI_2_Vegas_img3832,AOI_2_Vegas,AOI_2_Vegas:-11521:3614,test,owlvit,blur_resize,fixed,0.3,0.25,1,8,4,23,0.15,owlvit
AOI_2_Vegas_img3832,AOI_2_Vegas,AOI_2_Vegas:-11521:3614,test,owlvit,blur_resize,fixed,0.45,0.25,1,7,4,28,0.05,owlvit
AOI_2_Vegas_img3832,AOI_2_Vegas,AOI_2_Vegas:-11521:3614,test,owlvit,blur_resize,fixed,0.6,0.25,1,4,4,24,0.05,owlvit
AOI_2_Vegas_img3832,AOI_2_Vegas,AOI_2_Vegas:-11521:3614,test,owlvit,blur_resize,fixed,0.9,0.25,1,4,4,25,0.05,owlvit
AOI_2_Vegas_img3832,AOI_2_Vegas,AOI_2_Vegas:-11521:3614,test,owlvit,blur_resize,fixed,1.2,0.25,1,2,4,22,0.15,owlvit
AOI_2_Vegas_img3832,AOI_2_Vegas,AOI_2_Vegas:-11521:3614,test,owlvit,blur_resize,fixed,1.8,0.25,0,0,4,18,0.0,owlvit
AOI_2_Vegas_img3832,AOI_2_Vegas,AOI_2_Vegas:-11521:3614,test,owlvit,blur_resize,fixed,2.4,0.25,0,0,4,17,0.0,owlvit
AOI_2_Vegas_img3832,AOI_2_Vegas,AOI_2_Vegas:-11521:3614,test,owlvit,blur_resize,fixed,3.6,0.25,0,0,4,12,0.0,owlvit
AOI_2_Vegas_img3832,AOI_2_Vegas,AOI_2_Vegas:-11521:3614,test,owlvit,blur_resize,fixed,5.0,0.25,0,0,4,5,0.0,owlvit
AOI_2_Vegas_img3832,AOI_2_Vegas,AOI_2_Vegas:-11521:3614,test,owlvit,blur_resize,fixed,10.0,0.25,0,0,4,1,0.0,owlvit
AOI_2_Vegas_img3849,AOI_2_Vegas,AOI_2_Vegas:-11521:3617,test,owlvit,blur_resize,fixed,0.3,0.25,34,42,88,23,10.4,owlvit
AOI_2_Vegas_img3849,AOI_2_Vegas,AOI_2_Vegas:-11521:3617,test,owlvit,blur_resize,fixed,0.45,0.25,39,55,88,17,13.6,owlvit
AOI_2_Vegas_img3849,AOI_2_Vegas,AOI_2_Vegas:-11521:3617,test,owlvit,blur_resize,fixed,0.6,0.25,33,39,88,19,9.05,owlvit
AOI_2_Vegas_img3849,AOI_2_Vegas,AOI_2_Vegas:-11521:3617,test,owlvit,blur_resize,fixed,0.9,0.25,19,22,88,16,6.3,owlvit
AOI_2_Vegas_img3849,AOI_2_Vegas,AOI_2_Vegas:-11521:3617,test,owlvit,blur_resize,fixed,1.2,0.25,12,13,88,18,3.4,owlvit
AOI_2_Vegas_img3849,AOI_2_Vegas,AOI_2_Vegas:-11521:3617,test,owlvit,blur_resize,fixed,1.8,0.25,4,5,88,17,1.4,owlvit
AOI_2_Vegas_img3849,AOI_2_Vegas,AOI_2_Vegas:-11521:3617,test,owlvit,blur_resize,fixed,2.4,0.25,0,0,88,9,0.0,owlvit
AOI_2_Vegas_img3849,AOI_2_Vegas,AOI_2_Vegas:-11521:3617,test,owlvit,blur_resize,fixed,3.6,0.25,0,0,88,2,0.0,owlvit
AOI_2_Vegas_img3849,AOI_2_Vegas,AOI_2_Vegas:-11521:3617,test,owlvit,blur_resize,fixed,5.0,0.25,0,0,88,1,0.0,owlvit
AOI_2_Vegas_img3849,AOI_2_Vegas,AOI_2_Vegas:-11521:3617,test,owlvit,blur_resize,fixed,10.0,0.25,0,0,88,0,0.0,owlvit
AOI_2_Vegas_img3856,AOI_2_Vegas,AOI_2_Vegas:-11521:3618,test,owlvit,blur_resize,fixed,0.3,0.25,5,6,13,32,0.2,owlvit
AOI_2_Vegas_img3856,AOI_2_Vegas,AOI_2_Vegas:-11521:3618,test,owlvit,blur_resize,fixed,0.45,0.25,3,5,13,23,0.2,owlvit
AOI_2_Vegas_img3856,AOI_2_Vegas,AOI_2_Vegas:-11521:3618,test,owlvit,blur_resize,fixed,0.6,0.25,3,3,13,16,0.1,owlvit
AOI_2_Vegas_img3856,AOI_2_Vegas,AOI_2_Vegas:-11521:3618,test,owlvit,blur_resize,fixed,0.9,0.25,2,4,13,9,0.25,owlvit
AOI_2_Vegas_img3856,AOI_2_Vegas,AOI_2_Vegas:-11521:3618,test,owlvit,blur_resize,fixed,1.2,0.25,1,1,13,8,0.05,owlvit
AOI_2_Vegas_img3856,AOI_2_Vegas,AOI_2_Vegas:-11521:3618,test,owlvit,blur_resize,fixed,1.8,0.25,0,0,13,6,0.0,owlvit
AOI_2_Vegas_img3856,AOI_2_Vegas,AOI_2_Vegas:-11521:3618,test,owlvit,blur_resize,fixed,2.4,0.25,0,0,13,10,0.0,owlvit
AOI_2_Vegas_img3856,AOI_2_Vegas,AOI_2_Vegas:-11521:3618,test,owlvit,blur_resize,fixed,3.6,0.25,0,0,13,10,0.0,owlvit
AOI_2_Vegas_img3856,AOI_2_Vegas,AOI_2_Vegas:-11521:3618,test,owlvit,blur_resize,fixed,5.0,0.25,0,0,13,6,0.0,owlvit
AOI_2_Vegas_img3856,AOI_2_Vegas,AOI_2_Vegas:-11521:3618,test,owlvit,blur_resize,fixed,10.0,0.25,0,0,13,1,0.0,owlvit
AOI_2_Vegas_img3857,AOI_2_Vegas,AOI_2_Vegas:-11521:3619,test,owlvit,blur_resize,fixed,0.3,0.25,15,29,36,45,3.2,owlvit
AOI_2_Vegas_img3857,AOI_2_Vegas,AOI_2_Vegas:-11521:3619,test,owlvit,blur_resize,fixed,0.45,0.25,14,25,36,40,2.05,owlvit
AOI_2_Vegas_img3857,AOI_2_Vegas,AOI_2_Vegas:-11521:3619,test,owlvit,blur_resize,fixed,0.6,0.25,11,20,36,42,2.3,owlvit
AOI_2_Vegas_img3857,AOI_2_Vegas,AOI_2_Vegas:-11521:3619,test,owlvit,blur_resize,fixed,0.9,0.25,7,17,36,39,1.7,owlvit
AOI_2_Vegas_img3857,AOI_2_Vegas,AOI_2_Vegas:-11521:3619,test,owlvit,blur_resize,fixed,1.2,0.25,6,11,36,34,1.4,owlvit
AOI_2_Vegas_img3857,AOI_2_Vegas,AOI_2_Vegas:-11521:3619,test,owlvit,blur_resize,fixed,1.8,0.25,1,1,36,28,0.05,owlvit
AOI_2_Vegas_img3857,AOI_2_Vegas,AOI_2_Vegas:-11521:3619,test,owlvit,blur_resize,fixed,2.4,0.25,1,1,36,24,0.05,owlvit
AOI_2_Vegas_img3857,AOI_2_Vegas,AOI_2_Vegas:-11521:3619,test,owlvit,blur_resize,fixed,3.6,0.25,0,0,36,15,0.0,owlvit
AOI_2_Vegas_img3857,AOI_2_Vegas,AOI_2_Vegas:-11521:3619,test,owlvit,blur_resize,fixed,5.0,0.25,0,0,36,6,0.0,owlvit
AOI_2_Vegas_img3857,AOI_2_Vegas,AOI_2_Vegas:-11521:3619,test,owlvit,blur_resize,fixed,10.0,0.25,0,0,36,0,0.0,owlvit
AOI_2_Vegas_img3858,AOI_2_Vegas,AOI_2_Vegas:-11521:3619,test,owlvit,blur_resize,fixed,0.3,0.25,5,14,21,31,0.65,owlvit
AOI_2_Vegas_img3858,AOI_2_Vegas,AOI_2_Vegas:-11521:3619,test,owlvit,blur_resize,fixed,0.45,0.25,6,12,21,30,0.95,owlvit
AOI_2_Vegas_img3858,AOI_2_Vegas,AOI_2_Vegas:-11521:3619,test,owlvit,blur_resize,fixed,0.6,0.25,4,11,21,28,0.65,owlvit
AOI_2_Vegas_img3858,AOI_2_Vegas,AOI_2_Vegas:-11521:3619,test,owlvit,blur_resize,fixed,0.9,0.25,3,5,21,24,0.45,owlvit
AOI_2_Vegas_img3858,AOI_2_Vegas,AOI_2_Vegas:-11521:3619,test,owlvit,blur_resize,fixed,1.2,0.25,2,3,21,27,0.3,owlvit
AOI_2_Vegas_img3858,AOI_2_Vegas,AOI_2_Vegas:-11521:3619,test,owlvit,blur_resize,fixed,1.8,0.25,1,3,21,26,0.2,owlvit
AOI_2_Vegas_img3858,AOI_2_Vegas,AOI_2_Vegas:-11521:3619,test,owlvit,blur_resize,fixed,2.4,0.25,0,0,21,27,0.0,owlvit
AOI_2_Vegas_img3858,AOI_2_Vegas,AOI_2_Vegas:-11521:3619,test,owlvit,blur_resize,fixed,3.6,0.25,0,0,21,17,0.0,owlvit
AOI_2_Vegas_img3858,AOI_2_Vegas,AOI_2_Vegas:-11521:3619,test,owlvit,blur_resize,fixed,5.0,0.25,0,0,21,11,0.0,owlvit
AOI_2_Vegas_img3858,AOI_2_Vegas,AOI_2_Vegas:-11521:3619,test,owlvit,blur_resize,fixed,10.0,0.25,0,0,21,1,0.0,owlvit
AOI_2_Vegas_img386,AOI_2_Vegas,AOI_2_Vegas:-11530:3621,test,owlvit,blur_resize,fixed,0.3,0.25,30,119,34,42,11.7,owlvit
AOI_2_Vegas_img386,AOI_2_Vegas,AOI_2_Vegas:-11530:3621,test,owlvit,blur_resize,fixed,0.45,0.25,29,100,34,40,12.1,owlvit
AOI_2_Vegas_img386,AOI_2_Vegas,AOI_2_Vegas:-11530:3621,test,owlvit,blur_resize,fixed,0.6,0.25,27,88,34,40,11.2,owlvit
AOI_2_Vegas_img386,AOI_2_Vegas,AOI_2_Vegas:-11530:3621,test,owlvit,blur_resize,fixed,0.9,0.25,27,84,34,37,11.05,owlvit
AOI_2_Vegas_img386,AOI_2_Vegas,AOI_2_Vegas:-11530:3621,test,owlvit,blur_resize,fixed,1.2,0.25,27,73,34,35,10.3,owlvit
AOI_2_Vegas_img386,AOI_2_Vegas,AOI_2_Vegas:-11530:3621,test,owlvit,blur_resize,fixed,1.8,0.25,22,50,34,40,8.2,owlvit
AOI_2_Vegas_img386,AOI_2_Vegas,AOI_2_Vegas:-11530:3621,test,owlvit,blur_resize,fixed,2.4,0.25,9,17,34,37,3.4,owlvit
AOI_2_Vegas_img386,AOI_2_Vegas,AOI_2_Vegas:-11530:3621,test,owlvit,blur_resize,fixed,3.6,0.25,4,4,34,28,1.1,owlvit
AOI_2_Vegas_img386,AOI_2_Vegas,AOI_2_Vegas:-11530:3621,test,owlvit,blur_resize,fixed,5.0,0.25,1,1,34,2,0.25,owlvit
AOI_2_Vegas_img386,AOI_2_Vegas,AOI_2_Vegas:-11530:3621,test,owlvit,blur_resize,fixed,10.0,0.25,0,0,34,0,0.0,owlvit
AOI_2_Vegas_img3864,AOI_2_Vegas,AOI_2_Vegas:-11521:3620,test,owlvit,blur_resize,fixed,0.3,0.25,15,29,36,36,1.55,owlvit
AOI_2_Vegas_img3864,AOI_2_Vegas,AOI_2_Vegas:-11521:3620,test,owlvit,blur_resize,fixed,0.45,0.25,14,29,36,38,2.45,owlvit
AOI_2_Vegas_img3864,AOI_2_Vegas,AOI_2_Vegas:-11521:3620,test,owlvit,blur_resize,fixed,0.6,0.25,12,23,36,32,1.15,owlvit
AOI_2_Vegas_img3864,AOI_2_Vegas,AOI_2_Vegas:-11521:3620,test,owlvit,blur_resize,fixed,0.9,0.25,5,14,36,32,0.75,owlvit
AOI_2_Vegas_img3864,AOI_2_Vegas,AOI_2_Vegas:-11521:3620,test,owlvit,blur_resize,fixed,1.2,0.25,5,9,36,19,0.6,owlvit
AOI_2_Vegas_img3864,AOI_2_Vegas,AOI_2_Vegas:-11521:3620,test,owlvit,blur_resize,fixed,1.8,0.25,0,0,36,8,0.0,owlvit
AOI_2_Vegas_img3864,AOI_2_Vegas,AOI_2_Vegas:-11521:3620,test,owlvit,blur_resize,fixed,2.4,0.25,0,0,36,8,0.0,owlvit
AOI_2_Vegas_img3864,AOI_2_Vegas,AOI_2_Vegas:-11521:3620,test,owlvit,blur_resize,fixed,3.6,0.25,0,0,36,6,0.0,owlvit
AOI_2_Vegas_img3864,AOI_2_Vegas,AOI_2_Vegas:-11521:3620,test,owlvit,blur_resize,fixed,5.0,0.25,0,0,36,3,0.0,owlvit
AOI_2_Vegas_img3864,AOI_2_Vegas,AOI_2_Vegas:-11521:3620,test,owlvit,blur_resize,fixed,10.0,0.25,0,0,36,0,0.0,owlvit
AOI_2_Vegas_img3886,AOI_2_Vegas,AOI_2_Vegas:-11521:3624,test,owlvit,blur_resize,fixed,0.3,0.25,24,54,30,39,8.3,owlvit
AOI_2_Vegas_img3886,AOI_2_Vegas,AOI_2_Vegas:-11521:3624,test,owlvit,blur_resize,fixed,0.45,0.25,20,48,30,38,7.05,owlvit
AOI_2_Vegas_img3886,AOI_2_Vegas,AOI_2_Vegas:-11521:3624,test,owlvit,blur_resize,fixed,0.6,0.25,19,41,30,37,5.75,owlvit
AOI_2_Vegas_img3886,AOI_2_Vegas,AOI_2_Vegas:-11521:3624,test,owlvit,blur_resize,fixed,0.9,0.25,15,21,30,42,4.4,owlvit
AOI_2_Vegas_img3886,AOI_2_Vegas,AOI_2_Vegas:-11521:3624,test,owlvit,blur_resize,fixed,1.2,0.25,3,4,30,13,0.75,owlvit
AOI_2_Vegas_img3886,AOI_2_Vegas,AOI_2_Vegas:-11521:3624,test,owlvit,blur_resize,fixed,1.8,0.25,1,1,30,3,0.25,owlvit
AOI_2_Vegas_img3886,AOI_2_Vegas,AOI_2_Vegas:-11521:3624,test,owlvit,blur_resize,fixed,2.4,0.25,0,0,30,3,0.0,owlvit
AOI_2_Vegas_img3886,AOI_2_Vegas,AOI_2_Vegas:-11521:3624,test,owlvit,blur_resize,fixed,3.6,0.25,0,0,30,2,0.0,owlvit
AOI_2_Vegas_img3886,AOI_2_Vegas,AOI_2_Vegas:-11521:3624,test,owlvit,blur_resize,fixed,5.0,0.25,0,0,30,3,0.0,owlvit
AOI_2_Vegas_img3886,AOI_2_Vegas,AOI_2_Vegas:-11521:3624,test,owlvit,blur_resize,fixed,10.0,0.25,0,0,30,1,0.0,owlvit
AOI_2_Vegas_img3920,AOI_2_Vegas,AOI_2_Vegas:-11521:3616,test,owlvit,blur_resize,fixed,0.3,0.25,8,84,13,87,1.15,owlvit
AOI_2_Vegas_img3920,AOI_2_Vegas,AOI_2_Vegas:-11521:3616,test,owlvit,blur_resize,fixed,0.45,0.25,5,56,13,73,0.95,owlvit
AOI_2_Vegas_img3920,AOI_2_Vegas,AOI_2_Vegas:-11521:3616,test,owlvit,blur_resize,fixed,0.6,0.25,5,17,13,54,0.45,owlvit
AOI_2_Vegas_img3920,AOI_2_Vegas,AOI_2_Vegas:-11521:3616,test,owlvit,blur_resize,fixed,0.9,0.25,4,5,13,41,0.35,owlvit
AOI_2_Vegas_img3920,AOI_2_Vegas,AOI_2_Vegas:-11521:3616,test,owlvit,blur_resize,fixed,1.2,0.25,1,3,13,33,0.0,owlvit
AOI_2_Vegas_img3920,AOI_2_Vegas,AOI_2_Vegas:-11521:3616,test,owlvit,blur_resize,fixed,1.8,0.25,1,1,13,28,0.0,owlvit
AOI_2_Vegas_img3920,AOI_2_Vegas,AOI_2_Vegas:-11521:3616,test,owlvit,blur_resize,fixed,2.4,0.25,1,1,13,25,0.0,owlvit
AOI_2_Vegas_img3920,AOI_2_Vegas,AOI_2_Vegas:-11521:3616,test,owlvit,blur_resize,fixed,3.6,0.25,0,0,13,12,0.0,owlvit
AOI_2_Vegas_img3920,AOI_2_Vegas,AOI_2_Vegas:-11521:3616,test,owlvit,blur_resize,fixed,5.0,0.25,0,0,13,2,0.0,owlvit
AOI_2_Vegas_img3920,AOI_2_Vegas,AOI_2_Vegas:-11521:3616,test,owlvit,blur_resize,fixed,10.0,0.25,0,0,13,1,0.0,owlvit
AOI_2_Vegas_img3949,AOI_2_Vegas,AOI_2_Vegas:-11521:3621,test,owlvit,blur_resize,fixed,0.3,0.25,4,26,10,30,1.2,owlvit
AOI_2_Vegas_img3949,AOI_2_Vegas,AOI_2_Vegas:-11521:3621,test,owlvit,blur_resize,fixed,0.45,0.25,3,16,10,28,0.45,owlvit
AOI_2_Vegas_img3949,AOI_2_Vegas,AOI_2_Vegas:-11521:3621,test,owlvit,blur_resize,fixed,0.6,0.25,3,7,10,26,0.4,owlvit
AOI_2_Vegas_img3949,AOI_2_Vegas,AOI_2_Vegas:-11521:3621,test,owlvit,blur_resize,fixed,0.9,0.25,3,5,10,21,0.3,owlvit
AOI_2_Vegas_img3949,AOI_2_Vegas,AOI_2_Vegas:-11521:3621,test,owlvit,blur_resize,fixed,1.2,0.25,2,3,10,20,0.4,owlvit
AOI_2_Vegas_img3949,AOI_2_Vegas,AOI_2_Vegas:-11521:3621,test,owlvit,blur_resize,fixed,1.8,0.25,0,1,10,13,0.0,owlvit
AOI_2_Vegas_img3949,AOI_2_Vegas,AOI_2_Vegas:-11521:3621,test,owlvit,blur_resize,fixed,2.4,0.25,0,0,10,8,0.0,owlvit
AOI_2_Vegas_img3949,AOI_2_Vegas,AOI_2_Vegas:-11521:3621,test,owlvit,blur_resize,fixed,3.6,0.25,0,0,10,1,0.0,owlvit
AOI_2_Vegas_img3949,AOI_2_Vegas,AOI_2_Vegas:-11521:3621,test,owlvit,blur_resize,fixed,5.0,0.25,0,0,10,0,0.0,owlvit
AOI_2_Vegas_img3949,AOI_2_Vegas,AOI_2_Vegas:-11521:3621,test,owlvit,blur_resize,fixed,10.0,0.25,0,0,10,0,0.0,owlvit
AOI_2_Vegas_img3961,AOI_2_Vegas,AOI_2_Vegas:-11521:3623,test,owlvit,blur_resize,fixed,0.3,0.25,19,62,35,40,4.15,owlvit
AOI_2_Vegas_img3961,AOI_2_Vegas,AOI_2_Vegas:-11521:3623,test,owlvit,blur_resize,fixed,0.45,0.25,15,39,35,30,3.05,owlvit
AOI_2_Vegas_img3961,AOI_2_Vegas,AOI_2_Vegas:-11521:3623,test,owlvit,blur_resize,fixed,0.6,0.25,14,33,35,30,2.7,owlvit
AOI_2_Vegas_img3961,AOI_2_Vegas,AOI_2_Vegas:-11521:3623,test,owlvit,blur_resize,fixed,0.9,0.25,14,26,35,24,2.0,owlvit
AOI_2_Vegas_img3961,AOI_2_Vegas,AOI_2_Vegas:-11521:3623,test,owlvit,blur_resize,fixed,1.2,0.25,6,11,35,13,0.75,owlvit
AOI_2_Vegas_img3961,AOI_2_Vegas,AOI_2_Vegas:-11521:3623,test,owlvit,blur_resize,fixed,1.8,0.25,1,4,35,8,0.45,owlvit
AOI_2_Vegas_img3961,AOI_2_Vegas,AOI_2_Vegas:-11521:3623,test,owlvit,blur_resize,fixed,2.4,0.25,0,1,35,6,0.0,owlvit
AOI_2_Vegas_img3961,AOI_2_Vegas,AOI_2_Vegas:-11521:3623,test,owlvit,blur_resize,fixed,3.6,0.25,0,0,35,2,0.0,owlvit
AOI_2_Vegas_img3961,AOI_2_Vegas,AOI_2_Vegas:-11521:3623,test,owlvit,blur_resize,fixed,5.0,0.25,0,0,35,0,0.0,owlvit
AOI_2_Vegas_img3961,AOI_2_Vegas,AOI_2_Vegas:-11521:3623,test,owlvit,blur_resize,fixed,10.0,0.25,0,0,35,0,0.0,owlvit
AOI_2_Vegas_img3962,AOI_2_Vegas,AOI_2_Vegas:-11521:3623,test,owlvit,blur_resize,fixed,0.3,0.25,21,57,51,35,4.45,owlvit
AOI_2_Vegas_img3962,AOI_2_Vegas,AOI_2_Vegas:-11521:3623,test,owlvit,blur_resize,fixed,0.45,0.25,20,51,51,35,3.75,owlvit
AOI_2_Vegas_img3962,AOI_2_Vegas,AOI_2_Vegas:-11521:3623,test,owlvit,blur_resize,fixed,0.6,0.25,21,44,51,37,3.6,owlvit
AOI_2_Vegas_img3962,AOI_2_Vegas,AOI_2_Vegas:-11521:3623,test,owlvit,blur_resize,fixed,0.9,0.25,13,30,51,40,2.8,owlvit
AOI_2_Vegas_img3962,AOI_2_Vegas,AOI_2_Vegas:-11521:3623,test,owlvit,blur_resize,fixed,1.2,0.25,9,17,51,38,1.4,owlvit
AOI_2_Vegas_img3962,AOI_2_Vegas,AOI_2_Vegas:-11521:3623,test,owlvit,blur_resize,fixed,1.8,0.25,4,8,51,35,0.9,owlvit
AOI_2_Vegas_img3962,AOI_2_Vegas,AOI_2_Vegas:-11521:3623,test,owlvit,blur_resize,fixed,2.4,0.25,1,2,51,21,0.15,owlvit
AOI_2_Vegas_img3962,AOI_2_Vegas,AOI_2_Vegas:-11521:3623,test,owlvit,blur_resize,fixed,3.6,0.25,0,0,51,3,0.0,owlvit
AOI_2_Vegas_img3962,AOI_2_Vegas,AOI_2_Vegas:-11521:3623,test,owlvit,blur_resize,fixed,5.0,0.25,0,0,51,1,0.0,owlvit
AOI_2_Vegas_img3962,AOI_2_Vegas,AOI_2_Vegas:-11521:3623,test,owlvit,blur_resize,fixed,10.0,0.25,0,0,51,0,0.0,owlvit
AOI_2_Vegas_img3990,AOI_2_Vegas,AOI_2_Vegas:-11521:3614,test,owlvit,blur_resize,fixed,0.3,0.25,0,16,2,57,0.15,owlvit
AOI_2_Vegas_img3990,AOI_2_Vegas,AOI_2_Vegas:-11521:3614,test,owlvit,blur_resize,fixed,0.45,0.25,0,9,2,39,0.15,owlvit
AOI_2_Vegas_img3990,AOI_2_Vegas,AOI_2_Vegas:-11521:3614,test,owlvit,blur_resize,fixed,0.6,0.25,0,5,2,31,0.0,owlvit
AOI_2_Vegas_img3990,AOI_2_Vegas,AOI_2_Vegas:-11521:3614,test,owlvit,blur_resize,fixed,0.9,0.25,0,2,2,25,0.0,owlvit
AOI_2_Vegas_img3990,AOI_2_Vegas,AOI_2_Vegas:-11521:3614,test,owlvit,blur_resize,fixed,1.2,0.25,0,2,2,21,0.0,owlvit
AOI_2_Vegas_img3990,AOI_2_Vegas,AOI_2_Vegas:-11521:3614,test,owlvit,blur_resize,fixed,1.8,0.25,0,0,2,14,0.0,owlvit
AOI_2_Vegas_img3990,AOI_2_Vegas,AOI_2_Vegas:-11521:3614,test,owlvit,blur_resize,fixed,2.4,0.25,0,0,2,9,0.0,owlvit
AOI_2_Vegas_img3990,AOI_2_Vegas,AOI_2_Vegas:-11521:3614,test,owlvit,blur_resize,fixed,3.6,0.25,0,0,2,8,0.0,owlvit
AOI_2_Vegas_img3990,AOI_2_Vegas,AOI_2_Vegas:-11521:3614,test,owlvit,blur_resize,fixed,5.0,0.25,0,0,2,4,0.0,owlvit
AOI_2_Vegas_img3990,AOI_2_Vegas,AOI_2_Vegas:-11521:3614,test,owlvit,blur_resize,fixed,10.0,0.25,0,0,2,1,0.0,owlvit
AOI_2_Vegas_img400,AOI_2_Vegas,AOI_2_Vegas:-11530:3613,test,owlvit,blur_resize,fixed,0.3,0.25,43,71,58,34,18.7,owlvit
AOI_2_Vegas_img400,AOI_2_Vegas,AOI_2_Vegas:-11530:3613,test,owlvit,blur_resize,fixed,0.45,0.25,42,68,58,33,17.45,owlvit
AOI_2_Vegas_img400,AOI_2_Vegas,AOI_2_Vegas:-11530:3613,test,owlvit,blur_resize,fixed,0.6,0.25,43,62,58,32,17.05,owlvit
AOI_2_Vegas_img400,AOI_2_Vegas,AOI_2_Vegas:-11530:3613,test,owlvit,blur_resize,fixed,0.9,0.25,37,50,58,26,13.25,owlvit
AOI_2_Vegas_img400,AOI_2_Vegas,AOI_2_Vegas:-11530:3613,test,owlvit,blur_resize,fixed,1.2,0.25,22,26,58,21,7.3,owlvit
AOI_2_Vegas_img400,AOI_2_Vegas,AOI_2_Vegas:-11530:3613,test,owlvit,blur_resize,fixed,1.8,0.25,2,2,58,7,0.6,owlvit
AOI_2_Vegas_img400,AOI_2_Vegas,AOI_2_Vegas:-11530:3613,test,owlvit,blur_resize,fixed,2.4,0.25,0,0,58,3,0.0,owlvit
AOI_2_Vegas_img400,AOI_2_Vegas,AOI_2_Vegas:-11530:3613,test,owlvit,blur_resize,fixed,3.6,0.25,0,0,58,2,0.0,owlvit
AOI_2_Vegas_img400,AOI_2_Vegas,AOI_2_Vegas:-11530:3613,test,owlvit,blur_resize,fixed,5.0,0.25,0,0,58,1,0.0,owlvit
AOI_2_Vegas_img400,AOI_2_Vegas,AOI_2_Vegas:-11530:3613,test,owlvit,blur_resize,fixed,10.0,0.25,0,0,58,1,0.0,owlvit
AOI_2_Vegas_img4008,AOI_2_Vegas,AOI_2_Vegas:-11521:3617,test,owlvit,blur_resize,fixed,0.3,0.25,1,20,4,42,0.15,owlvit
AOI_2_Vegas_img4008,AOI_2_Vegas,AOI_2_Vegas:-11521:3617,test,owlvit,blur_resize,fixed,0.45,0.25,1,7,4,42,0.15,owlvit
AOI_2_Vegas_img4008,AOI_2_Vegas,AOI_2_Vegas:-11521:3617,test,owlvit,blur_resize,fixed,0.6,0.25,1,3,4,33,0.05,owlvit
AOI_2_Vegas_img4008,AOI_2_Vegas,AOI_2_Vegas:-11521:3617,test,owlvit,blur_resize,fixed,0.9,0.25,0,1,4,20,0.0,owlvit
AOI_2_Vegas_img4008,AOI_2_Vegas,AOI_2_Vegas:-11521:3617,test,owlvit,blur_resize,fixed,1.2,0.25,0,0,4,17,0.0,owlvit
AOI_2_Vegas_img4008,AOI_2_Vegas,AOI_2_Vegas:-11521:3617,test,owlvit,blur_resize,fixed,1.8,0.25,0,0,4,15,0.0,owlvit
AOI_2_Vegas_img4008,AOI_2_Vegas,AOI_2_Vegas:-11521:3617,test,owlvit,blur_resize,fixed,2.4,0.25,0,0,4,10,0.0,owlvit
AOI_2_Vegas_img4008,AOI_2_Vegas,AOI_2_Vegas:-11521:3617,test,owlvit,blur_resize,fixed,3.6,0.25,0,1,4,12,0.0,owlvit
AOI_2_Vegas_img4008,AOI_2_Vegas,AOI_2_Vegas:-11521:3617,test,owlvit,blur_resize,fixed,5.0,0.25,0,0,4,9,0.0,owlvit
AOI_2_Vegas_img4008,AOI_2_Vegas,AOI_2_Vegas:-11521:3617,test,owlvit,blur_resize,fixed,10.0,0.25,0,0,4,1,0.0,owlvit
AOI_2_Vegas_img4012,AOI_2_Vegas,AOI_2_Vegas:-11521:3618,test,owlvit,blur_resize,fixed,0.3,0.25,0,0,0,0,0.0,owlvit
AOI_2_Vegas_img4012,AOI_2_Vegas,AOI_2_Vegas:-11521:3618,test,owlvit,blur_resize,fixed,0.45,0.25,0,0,0,0,0.0,owlvit
AOI_2_Vegas_img4012,AOI_2_Vegas,AOI_2_Vegas:-11521:3618,test,owlvit,blur_resize,fixed,0.6,0.25,0,0,0,0,0.0,owlvit
AOI_2_Vegas_img4012,AOI_2_Vegas,AOI_2_Vegas:-11521:3618,test,owlvit,blur_resize,fixed,0.9,0.25,0,0,0,0,0.0,owlvit
AOI_2_Vegas_img4012,AOI_2_Vegas,AOI_2_Vegas:-11521:3618,test,owlvit,blur_resize,fixed,1.2,0.25,0,0,0,0,0.0,owlvit
AOI_2_Vegas_img4012,AOI_2_Vegas,AOI_2_Vegas:-11521:3618,test,owlvit,blur_resize,fixed,1.8,0.25,0,0,0,0,0.0,owlvit
AOI_2_Vegas_img4012,AOI_2_Vegas,AOI_2_Vegas:-11521:3618,test,owlvit,blur_resize,fixed,2.4,0.25,0,0,0,0,0.0,owlvit
AOI_2_Vegas_img4012,AOI_2_Vegas,AOI_2_Vegas:-11521:3618,test,owlvit,blur_resize,fixed,3.6,0.25,0,0,0,0,0.0,owlvit
AOI_2_Vegas_img4012,AOI_2_Vegas,AOI_2_Vegas:-11521:3618,test,owlvit,blur_resize,fixed,5.0,0.25,0,0,0,0,0.0,owlvit
AOI_2_Vegas_img4012,AOI_2_Vegas,AOI_2_Vegas:-11521:3618,test,owlvit,blur_resize,fixed,10.0,0.25,0,0,0,0,0.0,owlvit
AOI_2_Vegas_img4113,AOI_2_Vegas,AOI_2_Vegas:-11521:3622,test,owlvit,blur_resize,fixed,0.3,0.25,24,40,41,35,6.9,owlvit
AOI_2_Vegas_img4113,AOI_2_Vegas,AOI_2_Vegas:-11521:3622,test,owlvit,blur_resize,fixed,0.45,0.25,16,21,41,22,4.1,owlvit
AOI_2_Vegas_img4113,AOI_2_Vegas,AOI_2_Vegas:-11521:3622,test,owlvit,blur_resize,fixed,0.6,0.25,12,18,41,20,3.6,owlvit
AOI_2_Vegas_img4113,AOI_2_Vegas,AOI_2_Vegas:-11521:3622,test,owlvit,blur_resize,fixed,0.9,0.25,7,11,41,15,1.8,owlvit
AOI_2_Vegas_img4113,AOI_2_Vegas,AOI_2_Vegas:-11521:3622,test,owlvit,blur_resize,fixed,1.2,0.25,5,7,41,11,1.5,owlvit
AOI_2_Vegas_img4113,AOI_2_Vegas,AOI_2_Vegas:-11521:3622,test,owlvit,blur_resize,fixed,1.8,0.25,1,1,41,8,0.25,owlvit
AOI_2_Vegas_img4113,AOI_2_Vegas,AOI_2_Vegas:-11521:3622,test,owlvit,blur_resize,fixed,2.4,0.25,1,1,41,6,0.15,owlvit
AOI_2_Vegas_img4113,AOI_2_Vegas,AOI_2_Vegas:-11521:3622,test,owlvit,blur_resize,fixed,3.6,0.25,0,0,41,1,0.0,owlvit
AOI_2_Vegas_img4113,AOI_2_Vegas,AOI_2_Vegas:-11521:3622,test,owlvit,blur_resize,fixed,5.0,0.25,0,0,41,1,0.0,owlvit
AOI_2_Vegas_img4113,AOI_2_Vegas,AOI_2_Vegas:-11521:3622,test,owlvit,blur_resize,fixed,10.0,0.25,0,0,41,0,0.0,owlvit
AOI_2_Vegas_img4146,AOI_2_Vegas,AOI_2_Vegas:-11521:3614,test,owlvit,blur_resize,fixed,0.3,0.25,33,69,66,35,11.25,owlvit
AOI_2_Vegas_img4146,AOI_2_Vegas,AOI_2_Vegas:-11521:3614,test,owlvit,blur_resize,fixed,0.45,0.25,29,66,66,41,11.1,owlvit
AOI_2_Vegas_img4146,AOI_2_Vegas,AOI_2_Vegas:-11521:3614,test,owlvit,blur_resize,fixed,0.6,0.25,26,51,66,38,9.8,owlvit
AOI_2_Vegas_img4146,AOI_2_Vegas,AOI_2_Vegas:-11521:3614,test,owlvit,blur_resize,fixed,0.9,0.25,23,43,66,43,8.8,owlvit
AOI_2_Vegas_img4146,AOI_2_Vegas,AOI_2_Vegas:-11521:3614,test,owlvit,blur_resize,fixed,1.2,0.25,21,37,66,34,8.65,owlvit
AOI_2_Vegas_img4146,AOI_2_Vegas,AOI_2_Vegas:-11521:3614,test,owlvit,blur_resize,fixed,1.8,0.25,7,12,66,35,2.9,owlvit
AOI_2_Vegas_img4146,AOI_2_Vegas,AOI_2_Vegas:-11521:3614,test,owlvit,blur_resize,fixed,2.4,0.25,0,1,66,25,0.25,owlvit
AOI_2_Vegas_img4146,AOI_2_Vegas,AOI_2_Vegas:-11521:3614,test,owlvit,blur_resize,fixed,3.6,0.25,0,0,66,2,0.0,owlvit
AOI_2_Vegas_img4146,AOI_2_Vegas,AOI_2_Vegas:-11521:3614,test,owlvit,blur_resize,fixed,5.0,0.25,0,0,66,0,0.0,owlvit
AOI_2_Vegas_img4146,AOI_2_Vegas,AOI_2_Vegas:-11521:3614,test,owlvit,blur_resize,fixed,10.0,0.25,0,0,66,0,0.0,owlvit
AOI_2_Vegas_img4155,AOI_2_Vegas,AOI_2_Vegas:-11521:3615,test,owlvit,blur_resize,fixed,0.3,0.25,0,3,1,17,0.0,owlvit
AOI_2_Vegas_img4155,AOI_2_Vegas,AOI_2_Vegas:-11521:3615,test,owlvit,blur_resize,fixed,0.45,0.25,0,2,1,12,0.0,owlvit
AOI_2_Vegas_img4155,AOI_2_Vegas,AOI_2_Vegas:-11521:3615,test,owlvit,blur_resize,fixed,0.6,0.25,0,2,1,12,0.0,owlvit
AOI_2_Vegas_img4155,AOI_2_Vegas,AOI_2_Vegas:-11521:3615,test,owlvit,blur_resize,fixed,0.9,0.25,0,1,1,10,0.0,owlvit
AOI_2_Vegas_img4155,AOI_2_Vegas,AOI_2_Vegas:-11521:3615,test,owlvit,blur_resize,fixed,1.2,0.25,0,1,1,13,0.0,owlvit
AOI_2_Vegas_img4155,AOI_2_Vegas,AOI_2_Vegas:-11521:3615,test,owlvit,blur_resize,fixed,1.8,0.25,0,1,1,8,0.0,owlvit
AOI_2_Vegas_img4155,AOI_2_Vegas,AOI_2_Vegas:-11521:3615,test,owlvit,blur_resize,fixed,2.4,0.25,0,2,1,11,0.0,owlvit
AOI_2_Vegas_img4155,AOI_2_Vegas,AOI_2_Vegas:-11521:3615,test,owlvit,blur_resize,fixed,3.6,0.25,0,1,1,8,0.0,owlvit
AOI_2_Vegas_img4155,AOI_2_Vegas,AOI_2_Vegas:-11521:3615,test,owlvit,blur_resize,fixed,5.0,0.25,0,0,1,5,0.0,owlvit
AOI_2_Vegas_img4155,AOI_2_Vegas,AOI_2_Vegas:-11521:3615,test,owlvit,blur_resize,fixed,10.0,0.25,0,0,1,0,0.0,owlvit
AOI_2_Vegas_img416,AOI_2_Vegas,AOI_2_Vegas:-11530:3616,test,owlvit,blur_resize,fixed,0.3,0.25,7,20,18,22,1.1,owlvit
AOI_2_Vegas_img416,AOI_2_Vegas,AOI_2_Vegas:-11530:3616,test,owlvit,blur_resize,fixed,0.45,0.25,6,12,18,24,0.65,owlvit
AOI_2_Vegas_img416,AOI_2_Vegas,AOI_2_Vegas:-11530:3616,test,owlvit,blur_resize,fixed,0.6,0.25,4,8,18,21,0.75,owlvit
AOI_2_Vegas_img416,AOI_2_Vegas,AOI_2_Vegas:-11530:3616,test,owlvit,blur_resize,fixed,0.9,0.25,5,10,18,25,0.65,owlvit
AOI_2_Vegas_img416,AOI_2_Vegas,AOI_2_Vegas:-11530:3616,test,owlvit,blur_resize,fixed,1.2,0.25,5,8,18,24,0.65,owlvit
AOI_2_Vegas_img416,AOI_2_Vegas,AOI_2_Vegas:-11530:3616,test,owlvit,blur_resize,fixed,1.8,0.25,2,9,18,27,0.6,owlvit
AOI_2_Vegas_img416,AOI_2_Vegas,AOI_2_Vegas:-11530:3616,test,owlvit,blur_resize,fixed,2.4,0.25,1,1,18,12,0.1,owlvit
AOI_2_Vegas_img416,AOI_2_Vegas,AOI_2_Vegas:-11530:3616,test,owlvit,blur_resize,fixed,3.6,0.25,0,0,18,4,0.0,owlvit
AOI_2_Vegas_img416,AOI_2_Vegas,AOI_2_Vegas:-11530:3616,test,owlvit,blur_resize,fixed,5.0,0.25,0,0,18,1,0.0,owlvit
AOI_2_Vegas_img416,AOI_2_Vegas,AOI_2_Vegas:-11530:3616,test,owlvit,blur_resize,fixed,10.0,0.25,0,0,18,0,0.0,owlvit
AOI_2_Vegas_img4169,AOI_2_Vegas,AOI_2_Vegas:-11521:3618,test,owlvit,blur_resize,fixed,0.3,0.25,0,0,0,0,0.0,owlvit
AOI_2_Vegas_img4169,AOI_2_Vegas,AOI_2_Vegas:-11521:3618,test,owlvit,blur_resize,fixed,0.45,0.25,0,0,0,0,0.0,owlvit
AOI_2_Vegas_img4169,AOI_2_Vegas,AOI_2_Vegas:-11521:3618,test,owlvit,blur_resize,fixed,0.6,0.25,0,0,0,0,0.0,owlvit
AOI_2_Vegas_img4169,AOI_2_Vegas,AOI_2_Vegas:-11521:3618,test,owlvit,blur_resize,fixed,0.9,0.25,0,0,0,0,0.0,owlvit
AOI_2_Vegas_img4169,AOI_2_Vegas,AOI_2_Vegas:-11521:3618,test,owlvit,blur_resize,fixed,1.2,0.25,0,0,0,0,0.0,owlvit
AOI_2_Vegas_img4169,AOI_2_Vegas,AOI_2_Vegas:-11521:3618,test,owlvit,blur_resize,fixed,1.8,0.25,0,0,0,0,0.0,owlvit
AOI_2_Vegas_img4169,AOI_2_Vegas,AOI_2_Vegas:-11521:3618,test,owlvit,blur_resize,fixed,2.4,0.25,0,0,0,0,0.0,owlvit
AOI_2_Vegas_img4169,AOI_2_Vegas,AOI_2_Vegas:-11521:3618,test,owlvit,blur_resize,fixed,3.6,0.25,0,0,0,0,0.0,owlvit
AOI_2_Vegas_img4169,AOI_2_Vegas,AOI_2_Vegas:-11521:3618,test,owlvit,blur_resize,fixed,5.0,0.25,0,0,0,0,0.0,owlvit
AOI_2_Vegas_img4169,AOI_2_Vegas,AOI_2_Vegas:-11521:3618,test,owlvit,blur_resize,fixed,10.0,0.25,0,0,0,0,0.0,owlvit
AOI_2_Vegas_img4176,AOI_2_Vegas,AOI_2_Vegas:-11521:3619,test,owlvit,blur_resize,fixed,0.3,0.25,29,63,63,34,11.9,owlvit
AOI_2_Vegas_img4176,AOI_2_Vegas,AOI_2_Vegas:-11521:3619,test,owlvit,blur_resize,fixed,0.45,0.25,30,57,63,30,11.0,owlvit
AOI_2_Vegas_img4176,AOI_2_Vegas,AOI_2_Vegas:-11521:3619,test,owlvit,blur_resize,fixed,0.6,0.25,31,54,63,31,11.3,owlvit
AOI_2_Vegas_img4176,AOI_2_Vegas,AOI_2_Vegas:-11521:3619,test,owlvit,blur_resize,fixed,0.9,0.25,28,48,63,34,10.65,owlvit
AOI_2_Vegas_img4176,AOI_2_Vegas,AOI_2_Vegas:-11521:3619,test,owlvit,blur_resize,fixed,1.2,0.25,25,38,63,27,8.6,owlvit
AOI_2_Vegas_img4176,AOI_2_Vegas,AOI_2_Vegas:-11521:3619,test,owlvit,blur_resize,fixed,1.8,0.25,8,14,63,22,3.65,owlvit
AOI_2_Vegas_img4176,AOI_2_Vegas,AOI_2_Vegas:-11521:3619,test,owlvit,blur_resize,fixed,2.4,0.25,1,1,63,11,0.2,owlvit
AOI_2_Vegas_img4176,AOI_2_Vegas,AOI_2_Vegas:-11521:3619,test,owlvit,blur_resize,fixed,3.6,0.25,0,0,63,3,0.0,owlvit
AOI_2_Vegas_img4176,AOI_2_Vegas,AOI_2_Vegas:-11521:3619,test,owlvit,blur_resize,fixed,5.0,0.25,0,0,63,0,0.0,owlvit
AOI_2_Vegas_img4176,AOI_2_Vegas,AOI_2_Vegas:-11521:3619,test,owlvit,blur_resize,fixed,10.0,0.25,0,0,63,0,0.0,owlvit
AOI_2_Vegas_img4187,AOI_2_Vegas,AOI_2_Vegas:-11521:3621,test,owlvit,blur_resize,fixed,0.3,0.25,0,0,0,1,0.0,owlvit
AOI_2_Vegas_img4187,AOI_2_Vegas,AOI_2_Vegas:-11521:3621,test,owlvit,blur_resize,fixed,0.45,0.25,0,0,0,1,0.0,owlvit
AOI_2_Vegas_img4187,AOI_2_Vegas,AOI_2_Vegas:-11521:3621,test,owlvit,blur_resize,fixed,0.6,0.25,0,0,0,1,0.0,owlvit
AOI_2_Vegas_img4187,AOI_2_Vegas,AOI_2_Vegas:-11521:3621,test,owlvit,blur_resize,fixed,0.9,0.25,0,0,0,0,0.0,owlvit
AOI_2_Vegas_img4187,AOI_2_Vegas,AOI_2_Vegas:-11521:3621,test,owlvit,blur_resize,fixed,1.2,0.25,0,0,0,0,0.0,owlvit
AOI_2_Vegas_img4187,AOI_2_Vegas,AOI_2_Vegas:-11521:3621,test,owlvit,blur_resize,fixed,1.8,0.25,0,0,0,0,0.0,owlvit
AOI_2_Vegas_img4187,AOI_2_Vegas,AOI_2_Vegas:-11521:3621,test,owlvit,blur_resize,fixed,2.4,0.25,0,0,0,0,0.0,owlvit
AOI_2_Vegas_img4187,AOI_2_Vegas,AOI_2_Vegas:-11521:3621,test,owlvit,blur_resize,fixed,3.6,0.25,0,0,0,0,0.0,owlvit
AOI_2_Vegas_img4187,AOI_2_Vegas,AOI_2_Vegas:-11521:3621,test,owlvit,blur_resize,fixed,5.0,0.25,0,0,0,0,0.0,owlvit
AOI_2_Vegas_img4187,AOI_2_Vegas,AOI_2_Vegas:-11521:3621,test,owlvit,blur_resize,fixed,10.0,0.25,0,0,0,0,0.0,owlvit
AOI_2_Vegas_img4206,AOI_2_Vegas,AOI_2_Vegas:-11521:3624,test,owlvit,blur_resize,fixed,0.3,0.25,29,87,47,35,9.65,owlvit
AOI_2_Vegas_img4206,AOI_2_Vegas,AOI_2_Vegas:-11521:3624,test,owlvit,blur_resize,fixed,0.45,0.25,28,80,47,37,8.45,owlvit
AOI_2_Vegas_img4206,AOI_2_Vegas,AOI_2_Vegas:-11521:3624,test,owlvit,blur_resize,fixed,0.6,0.25,27,74,47,31,9.6,owlvit
AOI_2_Vegas_img4206,AOI_2_Vegas,AOI_2_Vegas:-11521:3624,test,owlvit,blur_resize,fixed,0.9,0.25,24,62,47,32,7.5,owlvit
AOI_2_Vegas_img4206,AOI_2_Vegas,AOI_2_Vegas:-11521:3624,test,owlvit,blur_resize,fixed,1.2,0.25,19,36,47,27,5.65,owlvit
AOI_2_Vegas_img4206,AOI_2_Vegas,AOI_2_Vegas:-11521:3624,test,owlvit,blur_resize,fixed,1.8,0.25,5,6,47,15,1.3,owlvit
AOI_2_Vegas_img4206,AOI_2_Vegas,AOI_2_Vegas:-11521:3624,test,owlvit,blur_resize,fixed,2.4,0.25,3,4,47,10,0.5,owlvit
AOI_2_Vegas_img4206,AOI_2_Vegas,AOI_2_Vegas:-11521:3624,test,owlvit,blur_resize,fixed,3.6,0.25,0,0,47,7,0.0,owlvit
AOI_2_Vegas_img4206,AOI_2_Vegas,AOI_2_Vegas:-11521:3624,test,owlvit,blur_resize,fixed,5.0,0.25,0,0,47,4,0.0,owlvit
AOI_2_Vegas_img4206,AOI_2_Vegas,AOI_2_Vegas:-11521:3624,test,owlvit,blur_resize,fixed,10.0,0.25,0,0,47,0,0.0,owlvit
AOI_2_Vegas_img4218,AOI_2_Vegas,AOI_2_Vegas:-11520:3612,test,owlvit,blur_resize,fixed,0.3,0.25,11,77,26,60,4.25,owlvit
AOI_2_Vegas_img4218,AOI_2_Vegas,AOI_2_Vegas:-11520:3612,test,owlvit,blur_resize,fixed,0.45,0.25,8,59,26,46,3.95,owlvit
AOI_2_Vegas_img4218,AOI_2_Vegas,AOI_2_Vegas:-11520:3612,test,owlvit,blur_resize,fixed,0.6,0.25,7,43,26,42,2.8,owlvit
AOI_2_Vegas_img4218,AOI_2_Vegas,AOI_2_Vegas:-11520:3612,test,owlvit,blur_resize,fixed,0.9,0.25,6,33,26,32,2.45,owlvit
AOI_2_Vegas_img4218,AOI_2_Vegas,AOI_2_Vegas:-11520:3612,test,owlvit,blur_resize,fixed,1.2,0.25,5,14,26,27,1.65,owlvit
AOI_2_Vegas_img4218,AOI_2_Vegas,AOI_2_Vegas:-11520:3612,test,owlvit,blur_resize,fixed,1.8,0.25,0,0,26,12,0.0,owlvit
AOI_2_Vegas_img4218,AOI_2_Vegas,AOI_2_Vegas:-11520:3612,test,owlvit,blur_resize,fixed,2.4,0.25,0,0,26,5,0.0,owlvit
AOI_2_Vegas_img4218,AOI_2_Vegas,AOI_2_Vegas:-11520:3612,test,owlvit,blur_resize,fixed,3.6,0.25,0,0,26,5,0.0,owlvit
AOI_2_Vegas_img4218,AOI_2_Vegas,AOI_2_Vegas:-11520:3612,test,owlvit,blur_resize,fixed,5.0,0.25,0,0,26,2,0.0,owlvit
AOI_2_Vegas_img4218,AOI_2_Vegas,AOI_2_Vegas:-11520:3612,test,owlvit,blur_resize,fixed,10.0,0.25,0,0,26,4,0.0,owlvit
AOI_2_Vegas_img4238,AOI_2_Vegas,AOI_2_Vegas:-11520:3616,test,owlvit,blur_resize,fixed,0.3,0.25,43,112,77,31,15.85,owlvit
AOI_2_Vegas_img4238,AOI_2_Vegas,AOI_2_Vegas:-11520:3616,test,owlvit,blur_resize,fixed,0.45,0.25,41,105,77,31,15.6,owlvit
AOI_2_Vegas_img4238,AOI_2_Vegas,AOI_2_Vegas:-11520:3616,test,owlvit,blur_resize,fixed,0.6,0.25,40,86,77,29,13.0,owlvit
AOI_2_Vegas_img4238,AOI_2_Vegas,AOI_2_Vegas:-11520:3616,test,owlvit,blur_resize,fixed,0.9,0.25,38,82,77,24,13.95,owlvit
AOI_2_Vegas_img4238,AOI_2_Vegas,AOI_2_Vegas:-11520:3616,test,owlvit,blur_resize,fixed,1.2,0.25,33,58,77,20,9.85,owlvit
AOI_2_Vegas_img4238,AOI_2_Vegas,AOI_2_Vegas:-11520:3616,test,owlvit,blur_resize,fixed,1.8,0.25,9,13,77,15,2.8,owlvit
AOI_2_Vegas_img4238,AOI_2_Vegas,AOI_2_Vegas:-11520:3616,test,owlvit,blur_resize,fixed,2.4,0.25,2,2,77,7,0.45,owlvit
AOI_2_Vegas_img4238,AOI_2_Vegas,AOI_2_Vegas:-11520:3616,test,owlvit,blur_resize,fixed,3.6,0.25,0,0,77,7,0.0,owlvit
AOI_2_Vegas_img4238,AOI_2_Vegas,AOI_2_Vegas:-11520:3616,test,owlvit,blur_resize,fixed,5.0,0.25,0,0,77,5,0.0,owlvit
AOI_2_Vegas_img4238,AOI_2_Vegas,AOI_2_Vegas:-11520:3616,test,owlvit,blur_resize,fixed,10.0,0.25,0,0,77,0,0.0,owlvit
AOI_2_Vegas_img4249,AOI_2_Vegas,AOI_2_Vegas:-11520:3618,test,owlvit,blur_resize,fixed,0.3,0.25,0,25,1,19,0.0,owlvit
AOI_2_Vegas_img4249,AOI_2_Vegas,AOI_2_Vegas:-11520:3618,test,owlvit,blur_resize,fixed,0.45,0.25,0,13,1,19,0.0,owlvit
AOI_2_Vegas_img4249,AOI_2_Vegas,AOI_2_Vegas:-11520:3618,test,owlvit,blur_resize,fixed,0.6,0.25,0,12,1,24,0.1,owlvit
AOI_2_Vegas_img4249,AOI_2_Vegas,AOI_2_Vegas:-11520:3618,test,owlvit,blur_resize,fixed,0.9,0.25,0,7,1,23,0.0,owlvit
AOI_2_Vegas_img4249,AOI_2_Vegas,AOI_2_Vegas:-11520:3618,test,owlvit,blur_resize,fixed,1.2,0.25,0,6,1,19,0.0,owlvit
AOI_2_Vegas_img4249,AOI_2_Vegas,AOI_2_Vegas:-11520:3618,test,owlvit,blur_resize,fixed,1.8,0.25,0,6,1,21,0.0,owlvit
AOI_2_Vegas_img4249,AOI_2_Vegas,AOI_2_Vegas:-11520:3618,test,owlvit,blur_resize,fixed,2.4,0.25,0,0,1,10,0.0,owlvit
AOI_2_Vegas_img4249,AOI_2_Vegas,AOI_2_Vegas:-11520:3618,test,owlvit,blur_resize,fixed,3.6,0.25,0,0,1,1,0.0,owlvit
AOI_2_Vegas_img4249,AOI_2_Vegas,AOI_2_Vegas:-11520:3618,test,owlvit,blur_resize,fixed,5.0,0.25,0,0,1,0,0.0,owlvit
AOI_2_Vegas_img4249,AOI_2_Vegas,AOI_2_Vegas:-11520:3618,test,owlvit,blur_resize,fixed,10.0,0.25,0,0,1,0,0.0,owlvit
AOI_2_Vegas_img4264,AOI_2_Vegas,AOI_2_Vegas:-11520:3620,test,owlvit,blur_resize,fixed,0.3,0.25,4,26,7,23,0.4,owlvit
AOI_2_Vegas_img4264,AOI_2_Vegas,AOI_2_Vegas:-11520:3620,test,owlvit,blur_resize,fixed,0.45,0.25,4,21,7,20,0.1,owlvit
AOI_2_Vegas_img4264,AOI_2_Vegas,AOI_2_Vegas:-11520:3620,test,owlvit,blur_resize,fixed,0.6,0.25,3,17,7,18,0.25,owlvit
AOI_2_Vegas_img4264,AOI_2_Vegas,AOI_2_Vegas:-11520:3620,test,owlvit,blur_resize,fixed,0.9,0.25,0,9,7,22,0.25,owlvit
AOI_2_Vegas_img4264,AOI_2_Vegas,AOI_2_Vegas:-11520:3620,test,owlvit,blur_resize,fixed,1.2,0.25,1,4,7,22,0.05,owlvit
AOI_2_Vegas_img4264,AOI_2_Vegas,AOI_2_Vegas:-11520:3620,test,owlvit,blur_resize,fixed,1.8,0.25,2,7,7,24,0.1,owlvit
AOI_2_Vegas_img4264,AOI_2_Vegas,AOI_2_Vegas:-11520:3620,test,owlvit,blur_resize,fixed,2.4,0.25,1,7,7,29,0.05,owlvit
AOI_2_Vegas_img4264,AOI_2_Vegas,AOI_2_Vegas:-11520:3620,test,owlvit,blur_resize,fixed,3.6,0.25,0,0,7,0,0.0,owlvit
AOI_2_Vegas_img4264,AOI_2_Vegas,AOI_2_Vegas:-11520:3620,test,owlvit,blur_resize,fixed,5.0,0.25,0,0,7,0,0.0,owlvit
AOI_2_Vegas_img4264,AOI_2_Vegas,AOI_2_Vegas:-11520:3620,test,owlvit,blur_resize,fixed,10.0,0.25,0,0,7,0,0.0,owlvit
AOI_2_Vegas_img4266,AOI_2_Vegas,AOI_2_Vegas:-11520:3621,test,owlvit,blur_resize,fixed,0.3,0.25,0,2,0,15,0.0,owlvit
AOI_2_Vegas_img4266,AOI_2_Vegas,AOI_2_Vegas:-11520:3621,test,owlvit,blur_resize,fixed,0.45,0.25,0,2,0,16,0.0,owlvit
AOI_2_Vegas_img4266,AOI_2_Vegas,AOI_2_Vegas:-11520:3621,test,owlvit,blur_resize,fixed,0.6,0.25,0,2,0,11,0.0,owlvit
AOI_2_Vegas_img4266,AOI_2_Vegas,AOI_2_Vegas:-11520:3621,test,owlvit,blur_resize,fixed,0.9,0.25,0,1,0,6,0.0,owlvit
AOI_2_Vegas_img4266,AOI_2_Vegas,AOI_2_Vegas:-11520:3621,test,owlvit,blur_resize,fixed,1.2,0.25,0,0,0,2,0.0,owlvit
AOI_2_Vegas_img4266,AOI_2_Vegas,AOI_2_Vegas:-11520:3621,test,owlvit,blur_resize,fixed,1.8,0.25,0,0,0,2,0.0,owlvit
AOI_2_Vegas_img4266,AOI_2_Vegas,AOI_2_Vegas:-11520:3621,test,owlvit,blur_resize,fixed,2.4,0.25,0,4,0,37,0.0,owlvit
AOI_2_Vegas_img4266,AOI_2_Vegas,AOI_2_Vegas:-11520:3621,test,owlvit,blur_resize,fixed,3.6,0.25,0,1,0,18,0.0,owlvit
AOI_2_Vegas_img4266,AOI_2_Vegas,AOI_2_Vegas:-11520:3621,test,owlvit,blur_resize,fixed,5.0,0.25,0,0,0,1,0.0,owlvit
AOI_2_Vegas_img4266,AOI_2_Vegas,AOI_2_Vegas:-11520:3621,test,owlvit,blur_resize,fixed,10.0,0.25,0,0,0,1,0.0,owlvit
AOI_2_Vegas_img4279,AOI_2_Vegas,AOI_2_Vegas:-11520:3623,test,owlvit,blur_resize,fixed,0.3,0.25,36,104,58,35,13.95,owlvit
AOI_2_Vegas_img4279,AOI_2_Vegas,AOI_2_Vegas:-11520:3623,test,owlvit,blur_resize,fixed,0.45,0.25,33,97,58,28,12.05,owlvit
AOI_2_Vegas_img4279,AOI_2_Vegas,AOI_2_Vegas:-11520:3623,test,owlvit,blur_resize,fixed,0.6,0.25,30,81,58,26,12.3,owlvit
AOI_2_Vegas_img4279,AOI_2_Vegas,AOI_2_Vegas:-11520:3623,test,owlvit,blur_resize,fixed,0.9,0.25,24,55,58,25,9.2,owlvit
AOI_2_Vegas_img4279,AOI_2_Vegas,AOI_2_Vegas:-11520:3623,test,owlvit,blur_resize,fixed,1.2,0.25,19,34,58,23,6.4,owlvit
AOI_2_Vegas_img4279,AOI_2_Vegas,AOI_2_Vegas:-11520:3623,test,owlvit,blur_resize,fixed,1.8,0.25,0,0,58,4,0.0,owlvit
AOI_2_Vegas_img4279,AOI_2_Vegas,AOI_2_Vegas:-11520:3623,test,owlvit,blur_resize,fixed,2.4,0.25,0,0,58,5,0.0,owlvit
AOI_2_Vegas_img4279,AOI_2_Vegas,AOI_2_Vegas:-11520:3623,test,owlvit,blur_resize,fixed,3.6,0.25,0,0,58,6,0.0,owlvit
AOI_2_Vegas_img4279,AOI_2_Vegas,AOI_2_Vegas:-11520:3623,test,owlvit,blur_resize,fixed,5.0,0.25,0,0,58,4,0.0,owlvit
AOI_2_Vegas_img4279,AOI_2_Vegas,AOI_2_Vegas:-11520:3623,test,owlvit,blur_resize,fixed,10.0,0.25,0,0,58,0,0.0,owlvit
AOI_2_Vegas_img4287,AOI_2_Vegas,AOI_2_Vegas:-11520:3625,test,owlvit,blur_resize,fixed,0.3,0.25,38,88,56,32,15.9,owlvit
AOI_2_Vegas_img4287,AOI_2_Vegas,AOI_2_Vegas:-11520:3625,test,owlvit,blur_resize,fixed,0.45,0.25,34,77,56,25,15.55,owlvit
AOI_2_Vegas_img4287,AOI_2_Vegas,AOI_2_Vegas:-11520:3625,test,owlvit,blur_resize,fixed,0.6,0.25,30,63,56,23,13.15,owlvit
AOI_2_Vegas_img4287,AOI_2_Vegas,AOI_2_Vegas:-11520:3625,test,owlvit,blur_resize,fixed,0.9,0.25,21,48,56,24,11.55,owlvit
AOI_2_Vegas_img4287,AOI_2_Vegas,AOI_2_Vegas:-11520:3625,test,owlvit,blur_resize,fixed,1.2,0.25,19,34,56,20,8.75,owlvit
AOI_2_Vegas_img4287,AOI_2_Vegas,AOI_2_Vegas:-11520:3625,test,owlvit,blur_resize,fixed,1.8,0.25,6,10,56,7,2.85,owlvit
AOI_2_Vegas_img4287,AOI_2_Vegas,AOI_2_Vegas:-11520:3625,test,owlvit,blur_resize,fixed,2.4,0.25,4,7,56,5,2.0,owlvit
AOI_2_Vegas_img4287,AOI_2_Vegas,AOI_2_Vegas:-11520:3625,test,owlvit,blur_resize,fixed,3.6,0.25,0,0,56,5,0.0,owlvit
AOI_2_Vegas_img4287,AOI_2_Vegas,AOI_2_Vegas:-11520:3625,test,owlvit,blur_resize,fixed,5.0,0.25,0,0,56,4,0.0,owlvit
AOI_2_Vegas_img4287,AOI_2_Vegas,AOI_2_Vegas:-11520:3625,test,owlvit,blur_resize,fixed,10.0,0.25,0,0,56,0,0.0,owlvit
AOI_2_Vegas_img4316,AOI_2_Vegas,AOI_2_Vegas:-11520:3616,test,owlvit,blur_resize,fixed,0.3,0.25,33,94,57,24,13.25,owlvit
AOI_2_Vegas_img4316,AOI_2_Vegas,AOI_2_Vegas:-11520:3616,test,owlvit,blur_resize,fixed,0.45,0.25,31,84,57,26,11.75,owlvit
AOI_2_Vegas_img4316,AOI_2_Vegas,AOI_2_Vegas:-11520:3616,test,owlvit,blur_resize,fixed,0.6,0.25,29,73,57,23,9.85,owlvit
AOI_2_Vegas_img4316,AOI_2_Vegas,AOI_2_Vegas:-11520:3616,test,owlvit,blur_resize,fixed,0.9,0.25,27,57,57,25,8.65,owlvit
AOI_2_Vegas_img4316,AOI_2_Vegas,AOI_2_Vegas:-11520:3616,test,owlvit,blur_resize,fixed,1.2,0.25,25,42,57,18,7.2,owlvit
AOI_2_Vegas_img4316,AOI_2_Vegas,AOI_2_Vegas:-11520:3616,test,owlvit,blur_resize,fixed,1.8,0.25,6,9,57,7,1.45,owlvit
AOI_2_Vegas_img4316,AOI_2_Vegas,AOI_2_Vegas:-11520:3616,test,owlvit,blur_resize,fixed,2.4,0.25,1,1,57,4,0.15,owlvit
AOI_2_Vegas_img4316,AOI_2_Vegas,AOI_2_Vegas:-11520:3616,test,owlvit,blur_resize,fixed,3.6,0.25,0,0,57,3,0.0,owlvit
AOI_2_Vegas_img4316,AOI_2_Vegas,AOI_2_Vegas:-11520:3616,test,owlvit,blur_resize,fixed,5.0,0.25,0,0,57,5,0.0,owlvit
AOI_2_Vegas_img4316,AOI_2_Vegas,AOI_2_Vegas:-11520:3616,test,owlvit,blur_resize,fixed,10.0,0.25,0,0,57,0,0.0,owlvit
AOI_2_Vegas_img4325,AOI_2_Vegas,AOI_2_Vegas:-11520:3617,test,owlvit,blur_resize,fixed,0.3,0.25,29,64,57,28,12.75,owlvit
AOI_2_Vegas_img4325,AOI_2_Vegas,AOI_2_Vegas:-11520:3617,test,owlvit,blur_resize,fixed,0.45,0.25,27,58,57,24,12.3,owlvit
AOI_2_Vegas_img4325,AOI_2_Vegas,AOI_2_Vegas:-11520:3617,test,owlvit,blur_resize,fixed,0.6,0.25,24,51,57,24,11.9,owlvit
AOI_2_Vegas_img4325,AOI_2_Vegas,AOI_2_Vegas:-11520:3617,test,owlvit,blur_resize,fixed,0.9,0.25,22,44,57,21,11.2,owlvit
AOI_2_Vegas_img4325,AOI_2_Vegas,AOI_2_Vegas:-11520:3617,test,owlvit,blur_resize,fixed,1.2,0.25,18,38,57,19,9.55,owlvit
AOI_2_Vegas_img4325,AOI_2_Vegas,AOI_2_Vegas:-11520:3617,test,owlvit,blur_resize,fixed,1.8,0.25,9,13,57,23,3.95,owlvit
AOI_2_Vegas_img4325,AOI_2_Vegas,AOI_2_Vegas:-11520:3617,test,owlvit,blur_resize,fixed,2.4,0.25,2,3,57,14,1.2,owlvit
AOI_2_Vegas_img4325,AOI_2_Vegas,AOI_2_Vegas:-11520:3617,test,owlvit,blur_resize,fixed,3.6,0.25,0,0,57,4,0.0,owlvit
AOI_2_Vegas_img4325,AOI_2_Vegas,AOI_2_Vegas:-11520:3617,test,owlvit,blur_resize,fixed,5.0,0.25,0,0,57,1,0.0,owlvit
AOI_2_Vegas_img4325,AOI_2_Vegas,AOI_2_Vegas:-11520:3617,test,owlvit,blur_resize,fixed,10.0,0.25,0,0,57,0,0.0,owlvit
AOI_2_Vegas_img4329,AOI_2_Vegas,AOI_2_Vegas:-11520:3618,test,owlvit,blur_resize,fixed,0.3,0.25,0,0,0,0,0.0,owlvit
AOI_2_Vegas_img4329,AOI_2_Vegas,AOI_2_Vegas:-11520:3618,test,owlvit,blur_resize,fixed,0.45,0.25,0,0,0,0,0.0,owlvit
AOI_2_Vegas_img4329,AOI_2_Vegas,AOI_2_Vegas:-11520:3618,test,owlvit,blur_resize,fixed,0.6,0.25,0,0,0,0,0.0,owlvit
AOI_2_Vegas_img4329,AOI_2_Vegas,AOI_2_Vegas:-11520:3618,test,owlvit,blur_resize,fixed,0.9,0.25,0,0,0,0,0.0,owlvit
AOI_2_Vegas_img4329,AOI_2_Vegas,AOI_2_Vegas:-11520:3618,test,owlvit,blur_resize,fixed,1.2,0.25,0,0,0,0,0.0,owlvit
AOI_2_Vegas_img4329,AOI_2_Vegas,AOI_2_Vegas:-11520:3618,test,owlvit,blur_resize,fixed,1.8,0.25,0,0,0,0,0.0,owlvit
AOI_2_Vegas_img4329,AOI_2_Vegas,AOI_2_Vegas:-11520:3618,test,owlvit,blur_resize,fixed,2.4,0.25,0,0,0,0,0.0,owlvit
AOI_2_Vegas_img4329,AOI_2_Vegas,AOI_2_Vegas:-11520:3618,test,owlvit,blur_resize,fixed,3.6,0.25,0,0,0,0,0.0,owlvit
AOI_2_Vegas_img4329,AOI_2_Vegas,AOI_2_Vegas:-11520:3618,test,owlvit,blur_resize,fixed,5.0,0.25,0,0,0,0,0.0,owlvit
AOI_2_Vegas_img4329,AOI_2_Vegas,AOI_2_Vegas:-11520:3618,test,owlvit,blur_resize,fixed,10.0,0.25,0,0,0,0,0.0,owlvit
AOI_2_Vegas_img4331,AOI_2_Vegas,AOI_2_Vegas:-11520:3618,test,owlvit,blur_resize,fixed,0.3,0.25,9,27,23,36,3.4,owlvit
AOI_2_Vegas_img4331,AOI_2_Vegas,AOI_2_Vegas:-11520:3618,test,owlvit,blur_resize,fixed,0.45,0.25,11,27,23,35,3.05,owlvit
AOI_2_Vegas_img4331,AOI_2_Vegas,AOI_2_Vegas:-11520:3618,test,owlvit,blur_resize,fixed,0.6,0.25,10,21,23,38,2.95,owlvit
AOI_2_Vegas_img4331,AOI_2_Vegas,AOI_2_Vegas:-11520:3618,test,owlvit,blur_resize,fixed,0.9,0.25,5,16,23,33,1.9,owlvit
AOI_2_Vegas_img4331,AOI_2_Vegas,AOI_2_Vegas:-11520:3618,test,owlvit,blur_resize,fixed,1.2,0.25,4,15,23,39,1.85,owlvit
AOI_2_Vegas_img4331,AOI_2_Vegas,AOI_2_Vegas:-11520:3618,test,owlvit,blur_resize,fixed,1.8,0.25,4,5,23,19,1.1,owlvit
AOI_2_Vegas_img4331,AOI_2_Vegas,AOI_2_Vegas:-11520:3618,test,owlvit,blur_resize,fixed,2.4,0.25,1,1,23,6,0.1,owlvit
AOI_2_Vegas_img4331,AOI_2_Vegas,AOI_2_Vegas:-11520:3618,test,owlvit,blur_resize,fixed,3.6,0.25,0,0,23,3,0.0,owlvit
AOI_2_Vegas_img4331,AOI_2_Vegas,AOI_2_Vegas:-11520:3618,test,owlvit,blur_resize,fixed,5.0,0.25,0,0,23,3,0.0,owlvit
AOI_2_Vegas_img4331,AOI_2_Vegas,AOI_2_Vegas:-11520:3618,test,owlvit,blur_resize,fixed,10.0,0.25,0,0,23,0,0.0,owlvit
AOI_2_Vegas_img4337,AOI_2_Vegas,AOI_2_Vegas:-11520:3619,test,owlvit,blur_resize,fixed,0.3,0.25,15,69,25,61,4.75,owlvit
AOI_2_Vegas_img4337,AOI_2_Vegas,AOI_2_Vegas:-11520:3619,test,owlvit,blur_resize,fixed,0.45,0.25,16,73,25,53,4.25,owlvit
AOI_2_Vegas_img4337,AOI_2_Vegas,AOI_2_Vegas:-11520:3619,test,owlvit,blur_resize,fixed,0.6,0.25,15,64,25,51,4.5,owlvit
AOI_2_Vegas_img4337,AOI_2_Vegas,AOI_2_Vegas:-11520:3619,test,owlvit,blur_resize,fixed,0.9,0.25,15,52,25,51,3.95,owlvit
AOI_2_Vegas_img4337,AOI_2_Vegas,AOI_2_Vegas:-11520:3619,test,owlvit,blur_resize,fixed,1.2,0.25,16,45,25,51,3.6,owlvit
AOI_2_Vegas_img4337,AOI_2_Vegas,AOI_2_Vegas:-11520:3619,test,owlvit,blur_resize,fixed,1.8,0.25,11,27,25,47,2.25,owlvit
AOI_2_Vegas_img4337,AOI_2_Vegas,AOI_2_Vegas:-11520:3619,test,owlvit,blur_resize,fixed,2.4,0.25,8,14,25,42,1.5,owlvit
AOI_2_Vegas_img4337,AOI_2_Vegas,AOI_2_Vegas:-11520:3619,test,owlvit,blur_resize,fixed,3.6,0.25,1,1,25,5,0.05,owlvit
AOI_2_Vegas_img4337,AOI_2_Vegas,AOI_2_Vegas:-11520:3619,test,owlvit,blur_resize,fixed,5.0,0.25,0,0,25,1,0.0,owlvit
AOI_2_Vegas_img4337,AOI_2_Vegas,AOI_2_Vegas:-11520:3619,test,owlvit,blur_resize,fixed,10.0,0.25,0,0,25,0,0.0,owlvit
AOI_2_Vegas_img4353,AOI_2_Vegas,AOI_2_Vegas:-11520:3622,test,owlvit,blur_resize,fixed,0.3,0.25,16,37,23,25,3.7,owlvit
AOI_2_Vegas_img4353,AOI_2_Vegas,AOI_2_Vegas:-11520:3622,test,owlvit,blur_resize,fixed,0.45,0.25,14,38,23,29,4.35,owlvit
AOI_2_Vegas_img4353,AOI_2_Vegas,AOI_2_Vegas:-11520:3622,test,owlvit,blur_resize,fixed,0.6,0.25,12,29,23,28,3.25,owlvit
AOI_2_Vegas_img4353,AOI_2_Vegas,AOI_2_Vegas:-11520:3622,test,owlvit,blur_resize,fixed,0.9,0.25,12,23,23,28,2.35,owlvit
AOI_2_Vegas_img4353,AOI_2_Vegas,AOI_2_Vegas:-11520:3622,test,owlvit,blur_resize,fixed,1.2,0.25,8,11,23,23,1.15,owlvit
AOI_2_Vegas_img4353,AOI_2_Vegas,AOI_2_Vegas:-11520:3622,test,owlvit,blur_resize,fixed,1.8,0.25,3,5,23,13,0.65,owlvit
AOI_2_Vegas_img4353,AOI_2_Vegas,AOI_2_Vegas:-11520:3622,test,owlvit,blur_resize,fixed,2.4,0.25,2,4,23,11,0.65,owlvit
AOI_2_Vegas_img4353,AOI_2_Vegas,AOI_2_Vegas:-11520:3622,test,owlvit,blur_resize,fixed,3.6,0.25,1,1,23,9,0.05,owlvit
AOI_2_Vegas_img4353,AOI_2_Vegas,AOI_2_Vegas:-11520:3622,test,owlvit,blur_resize,fixed,5.0,0.25,0,0,23,10,0.0,owlvit
AOI_2_Vegas_img4353,AOI_2_Vegas,AOI_2_Vegas:-11520:3622,test,owlvit,blur_resize,fixed,10.0,0.25,0,0,23,1,0.0,owlvit
AOI_2_Vegas_img4369,AOI_2_Vegas,AOI_2_Vegas:-11520:3625,test,owlvit,blur_resize,fixed,0.3,0.25,25,42,45,23,6.35,owlvit
AOI_2_Vegas_img4369,AOI_2_Vegas,AOI_2_Vegas:-11520:3625,test,owlvit,blur_resize,fixed,0.45,0.25,27,50,45,19,8.3,owlvit
AOI_2_Vegas_img4369,AOI_2_Vegas,AOI_2_Vegas:-11520:3625,test,owlvit,blur_resize,fixed,0.6,0.25,28,48,45,18,8.0,owlvit
AOI_2_Vegas_img4369,AOI_2_Vegas,AOI_2_Vegas:-11520:3625,test,owlvit,blur_resize,fixed,0.9,0.25,24,42,45,22,8.05,owlvit
AOI_2_Vegas_img4369,AOI_2_Vegas,AOI_2_Vegas:-11520:3625,test,owlvit,blur_resize,fixed,1.2,0.25,20,27,45,18,4.8,owlvit
AOI_2_Vegas_img4369,AOI_2_Vegas,AOI_2_Vegas:-11520:3625,test,owlvit,blur_resize,fixed,1.8,0.25,4,4,45,5,0.75,owlvit
AOI_2_Vegas_img4369,AOI_2_Vegas,AOI_2_Vegas:-11520:3625,test,owlvit,blur_resize,fixed,2.4,0.25,0,0,45,1,0.0,owlvit
AOI_2_Vegas_img4369,AOI_2_Vegas,AOI_2_Vegas:-11520:3625,test,owlvit,blur_resize,fixed,3.6,0.25,0,0,45,1,0.0,owlvit
AOI_2_Vegas_img4369,AOI_2_Vegas,AOI_2_Vegas:-11520:3625,test,owlvit,blur_resize,fixed,5.0,0.25,0,0,45,0,0.0,owlvit
AOI_2_Vegas_img4369,AOI_2_Vegas,AOI_2_Vegas:-11520:3625,test,owlvit,blur_resize,fixed,10.0,0.25,0,0,45,0,0.0,owlvit
AOI_2_Vegas_img4402,AOI_2_Vegas,AOI_2_Vegas:-11520:3617,test,owlvit,blur_resize,fixed,0.3,0.25,0,1,0,11,0.0,owlvit
AOI_2_Vegas_img4402,AOI_2_Vegas,AOI_2_Vegas:-11520:3617,test,owlvit,blur_resize,fixed,0.45,0.25,0,0,0,7,0.0,owlvit
AOI_2_Vegas_img4402,AOI_2_Vegas,AOI_2_Vegas:-11520:3617,test,owlvit,blur_resize,fixed,0.6,0.25,0,0,0,4,0.0,owlvit
AOI_2_Vegas_img4402,AOI_2_Vegas,AOI_2_Vegas:-11520:3617,test,owlvit,blur_resize,fixed,0.9,0.25,0,0,0,3,0.0,owlvit
AOI_2_Vegas_img4402,AOI_2_Vegas,AOI_2_Vegas:-11520:3617,test,owlvit,blur_resize,fixed,1.2,0.25,0,0,0,4,0.0,owlvit
AOI_2_Vegas_img4402,AOI_2_Vegas,AOI_2_Vegas:-11520:3617,test,owlvit,blur_resize,fixed,1.8,0.25,0,0,0,5,0.0,owlvit
AOI_2_Vegas_img4402,AOI_2_Vegas,AOI_2_Vegas:-11520:3617,test,owlvit,blur_resize,fixed,2.4,0.25,0,0,0,2,0.0,owlvit
AOI_2_Vegas_img4402,AOI_2_Vegas,AOI_2_Vegas:-11520:3617,test,owlvit,blur_resize,fixed,3.6,0.25,0,0,0,2,0.0,owlvit
AOI_2_Vegas_img4402,AOI_2_Vegas,AOI_2_Vegas:-11520:3617,test,owlvit,blur_resize,fixed,5.0,0.25,0,0,0,4,0.0,owlvit
AOI_2_Vegas_img4402,AOI_2_Vegas,AOI_2_Vegas:-11520:3617,test,owlvit,blur_resize,fixed,10.0,0.25,0,0,0,0,0.0,owlvit
AOI_2_Vegas_img4447,AOI_2_Vegas,AOI_2_Vegas:-11520:3625,test,owlvit,blur_resize,fixed,0.3,0.25,6,21,15,42,1.2,owlvit
AOI_2_Vegas_img4447,AOI_2_Vegas,AOI_2_Vegas:-11520:3625,test,owlvit,blur_resize,fixed,0.45,0.25,5,12,15,42,1.05,owlvit
AOI_2_Vegas_img4447,AOI_2_Vegas,AOI_2_Vegas:-11520:3625,test,owlvit,blur_resize,fixed,0.6,0.25,6,12,15,40,0.75,owlvit
AOI_2_Vegas_img4447,AOI_2_Vegas,AOI_2_Vegas:-11520:3625,test,owlvit,blur_resize,fixed,0.9,0.25,3,7,15,37,0.3,owlvit
AOI_2_Vegas_img4447,AOI_2_Vegas,AOI_2_Vegas:-11520:3625,test,owlvit,blur_resize,fixed,1.2,0.25,3,6,15,38,0.4,owlvit
AOI_2_Vegas_img4447,AOI_2_Vegas,AOI_2_Vegas:-11520:3625,test,owlvit,blur_resize,fixed,1.8,0.25,0,0,15,26,0.0,owlvit
AOI_2_Vegas_img4447,AOI_2_Vegas,AOI_2_Vegas:-11520:3625,test,owlvit,blur_resize,fixed,2.4,0.25,0,0,15,9,0.0,owlvit
AOI_2_Vegas_img4447,AOI_2_Vegas,AOI_2_Vegas:-11520:3625,test,owlvit,blur_resize,fixed,3.6,0.25,0,0,15,1,0.0,owlvit
AOI_2_Vegas_img4447,AOI_2_Vegas,AOI_2_Vegas:-11520:3625,test,owlvit,blur_resize,fixed,5.0,0.25,0,0,15,1,0.0,owlvit
AOI_2_Vegas_img4447,AOI_2_Vegas,AOI_2_Vegas:-11520:3625,test,owlvit,blur_resize,fixed,10.0,0.25,0,0,15,1,0.0,owlvit
AOI_2_Vegas_img4468,AOI_2_Vegas,AOI_2_Vegas:-11520:3615,test,owlvit,blur_resize,fixed,0.3,0.25,21,62,28,29,7.1,owlvit
AOI_2_Vegas_img4468,AOI_2_Vegas,AOI_2_Vegas:-11520:3615,test,owlvit,blur_resize,fixed,0.45,0.25,20,56,28,33,7.7,owlvit
AOI_2_Vegas_img4468,AOI_2_Vegas,AOI_2_Vegas:-11520:3615,test,owlvit,blur_resize,fixed,0.6,0.25,20,59,28,27,8.25,owlvit
AOI_2_Vegas_img4468,AOI_2_Vegas,AOI_2_Vegas:-11520:3615,test,owlvit,blur_resize,fixed,0.9,0.25,21,44,28,28,6.0,owlvit
AOI_2_Vegas_img4468,AOI_2_Vegas,AOI_2_Vegas:-11520:3615,test,owlvit,blur_resize,fixed,1.2,0.25,18,34,28,28,5.1,owlvit
AOI_2_Vegas_img4468,AOI_2_Vegas,AOI_2_Vegas:-11520:3615,test,owlvit,blur_resize,fixed,1.8,0.25,6,8,28,19,1.5,owlvit
AOI_2_Vegas_img4468,AOI_2_Vegas,AOI_2_Vegas:-11520:3615,test,owlvit,blur_resize,fixed,2.4,0.25,1,1,28,6,0.35,owlvit
AOI_2_Vegas_img4468,AOI_2_Vegas,AOI_2_Vegas:-11520:3615,test,owlvit,blur_resize,fixed,3.6,0.25,0,0,28,4,0.0,owlvit
AOI_2_Vegas_img4468,AOI_2_Vegas,AOI_2_Vegas:-11520:3615,test,owlvit,blur_resize,fixed,5.0,0.25,0,0,28,5,0.0,owlvit
AOI_2_Vegas_img4468,AOI_2_Vegas,AOI_2_Vegas:-11520:3615,test,owlvit,blur_resize,fixed,10.0,0.25,0,0,28,0,0.0,owlvit
AOI_2_Vegas_img4470,AOI_2_Vegas,AOI_2_Vegas:-11520:3615,test,owlvit,blur_resize,fixed,0.3,0.25,8,43,20,57,2.05,owlvit
AOI_2_Vegas_img4470,AOI_2_Vegas,AOI_2_Vegas:-11520:3615,test,owlvit,blur_resize,fixed,0.45,0.25,8,44,20,53,2.7,owlvit
AOI_2_Vegas_img4470,AOI_2_Vegas,AOI_2_Vegas:-11520:3615,test,owlvit,blur_resize,fixed,0.6,0.25,6,34,20,56,1.7,owlvit
AOI_2_Vegas_img4470,AOI_2_Vegas,AOI_2_Vegas:-11520:3615,test,owlvit,blur_resize,fixed,0.9,0.25,8,32,20,50,1.95,owlvit
AOI_2_Vegas_img4470,AOI_2_Vegas,AOI_2_Vegas:-11520:3615,test,owlvit,blur_resize,fixed,1.2,0.25,6,17,20,52,1.05,owlvit
AOI_2_Vegas_img4470,AOI_2_Vegas,AOI_2_Vegas:-11520:3615,test,owlvit,blur_resize,fixed,1.8,0.25,0,1,20,31,0.05,owlvit
AOI_2_Vegas_img4470,AOI_2_Vegas,AOI_2_Vegas:-11520:3615,test,owlvit,blur_resize,fixed,2.4,0.25,0,0,20,15,0.0,owlvit
AOI_2_Vegas_img4470,AOI_2_Vegas,AOI_2_Vegas:-11520:3615,test,owlvit,blur_resize,fixed,3.6,0.25,0,0,20,2,0.0,owlvit
AOI_2_Vegas_img4470,AOI_2_Vegas,AOI_2_Vegas:-11520:3615,test,owlvit,blur_resize,fixed,5.0,0.25,0,0,20,4,0.0,owlvit
AOI_2_Vegas_img4470,AOI_2_Vegas,AOI_2_Vegas:-11520:3615,test,owlvit,blur_resize,fixed,10.0,0.25,0,0,20,0,0.0,owlvit
AOI_2_Vegas_img4479,AOI_2_Vegas,AOI_2_Vegas:-11520:3617,test,owlvit,blur_resize,fixed,0.3,0.25,1,36,3,30,0.4,owlvit
AOI_2_Vegas_img4479,AOI_2_Vegas,AOI_2_Vegas:-11520:3617,test,owlvit,blur_resize,fixed,0.45,0.25,1,23,3,27,0.3,owlvit
AOI_2_Vegas_img4479,AOI_2_Vegas,AOI_2_Vegas:-11520:3617,test,owlvit,blur_resize,fixed,0.6,0.25,1,16,3,30,0.25,owlvit
AOI_2_Vegas_img4479,AOI_2_Vegas,AOI_2_Vegas:-11520:3617,test,owlvit,blur_resize,fixed,0.9,0.25,2,13,3,26,0.3,owlvit
AOI_2_Vegas_img4479,AOI_2_Vegas,AOI_2_Vegas:-11520:3617,test,owlvit,blur_resize,fixed,1.2,0.25,2,11,3,29,0.2,owlvit
AOI_2_Vegas_img4479,AOI_2_Vegas,AOI_2_Vegas:-11520:3617,test,owlvit,blur_resize,fixed,1.8,0.25,0,0,3,16,0.0,owlvit
AOI_2_Vegas_img4479,AOI_2_Vegas,AOI_2_Vegas:-11520:3617,test,owlvit,blur_resize,fixed,2.4,0.25,0,0,3,8,0.0,owlvit
AOI_2_Vegas_img4479,AOI_2_Vegas,AOI_2_Vegas:-11520:3617,test,owlvit,blur_resize,fixed,3.6,0.25,0,0,3,1,0.0,owlvit
AOI_2_Vegas_img4479,AOI_2_Vegas,AOI_2_Vegas:-11520:3617,test,owlvit,blur_resize,fixed,5.0,0.25,0,0,3,1,0.0,owlvit
AOI_2_Vegas_img4479,AOI_2_Vegas,AOI_2_Vegas:-11520:3617,test,owlvit,blur_resize,fixed,10.0,0.25,0,0,3,0,0.0,owlvit
AOI_2_Vegas_img4488,AOI_2_Vegas,AOI_2_Vegas:-11520:3618,test,owlvit,blur_resize,fixed,0.3,0.25,0,0,0,0,0.0,owlvit
AOI_2_Vegas_img4488,AOI_2_Vegas,AOI_2_Vegas:-11520:3618,test,owlvit,blur_resize,fixed,0.45,0.25,0,0,0,0,0.0,owlvit
AOI_2_Vegas_img4488,AOI_2_Vegas,AOI_2_Vegas:-11520:3618,test,owlvit,blur_resize,fixed,0.6,0.25,0,0,0,0,0.0,owlvit
AOI_2_Vegas_img4488,AOI_2_Vegas,AOI_2_Vegas:-11520:3618,test,owlvit,blur_resize,fixed,0.9,0.25,0,0,0,0,0.0,owlvit
AOI_2_Vegas_img4488,AOI_2_Vegas,AOI_2_Vegas:-11520:3618,test,owlvit,blur_resize,fixed,1.2,0.25,0,0,0,0,0.0,owlvit
AOI_2_Vegas_img4488,AOI_2_Vegas,AOI_2_Vegas:-11520:3618,test,owlvit,blur_resize,fixed,1.8,0.25,0,0,0,0,0.0,owlvit
AOI_2_Vegas_img4488,AOI_2_Vegas,AOI_2_Vegas:-11520:3618,test,owlvit,blur_resize,fixed,2.4,0.25,0,0,0,0,0.0,owlvit
AOI_2_Vegas_img4488,AOI_2_Vegas,AOI_2_Vegas:-11520:3618,test,owlvit,blur_resize,fixed,3.6,0.25,0,0,0,0,0.0,owlvit
AOI_2_Vegas_img4488,AOI_2_Vegas,AOI_2_Vegas:-11520:3618,test,owlvit,blur_resize,fixed,5.0,0.25,0,0,0,0,0.0,owlvit
AOI_2_Vegas_img4488,AOI_2_Vegas,AOI_2_Vegas:-11520:3618,test,owlvit,blur_resize,fixed,10.0,0.25,0,0,0,0,0.0,owlvit
AOI_2_Vegas_img4518,AOI_2_Vegas,AOI_2_Vegas:-11520:3623,test,owlvit,blur_resize,fixed,0.3,0.25,3,9,12,32,0.55,owlvit
AOI_2_Vegas_img4518,AOI_2_Vegas,AOI_2_Vegas:-11520:3623,test,owlvit,blur_resize,fixed,0.45,0.25,4,8,12,29,0.75,owlvit
AOI_2_Vegas_img4518,AOI_2_Vegas,AOI_2_Vegas:-11520:3623,test,owlvit,blur_resize,fixed,0.6,0.25,4,7,12,21,0.7,owlvit
AOI_2_Vegas_img4518,AOI_2_Vegas,AOI_2_Vegas:-11520:3623,test,owlvit,blur_resize,fixed,0.9,0.25,5,9,12,16,0.8,owlvit
AOI_2_Vegas_img4518,AOI_2_Vegas,AOI_2_Vegas:-11520:3623,test,owlvit,blur_resize,fixed,1.2,0.25,6,8,12,15,0.55,owlvit
AOI_2_Vegas_img4518,AOI_2_Vegas,AOI_2_Vegas:-11520:3623,test,owlvit,blur_resize,fixed,1.8,0.25,6,7,12,17,0.5,owlvit
AOI_2_Vegas_img4518,AOI_2_Vegas,AOI_2_Vegas:-11520:3623,test,owlvit,blur_resize,fixed,2.4,0.25,5,6,12,18,0.65,owlvit
AOI_2_Vegas_img4518,AOI_2_Vegas,AOI_2_Vegas:-11520:3623,test,owlvit,blur_resize,fixed,3.6,0.25,0,0,12,7,0.0,owlvit
AOI_2_Vegas_img4518,AOI_2_Vegas,AOI_2_Vegas:-11520:3623,test,owlvit,blur_resize,fixed,5.0,0.25,0,0,12,7,0.0,owlvit
AOI_2_Vegas_img4518,AOI_2_Vegas,AOI_2_Vegas:-11520:3623,test,owlvit,blur_resize,fixed,10.0,0.25,0,0,12,0,0.0,owlvit
AOI_2_Vegas_img4554,AOI_2_Vegas,AOI_2_Vegas:-11520:3616,test,owlvit,blur_resize,fixed,0.3,0.25,12,45,22,35,2.35,owlvit
AOI_2_Vegas_img4554,AOI_2_Vegas,AOI_2_Vegas:-11520:3616,test,owlvit,blur_resize,fixed,0.45,0.25,12,38,22,40,1.9,owlvit
AOI_2_Vegas_img4554,AOI_2_Vegas,AOI_2_Vegas:-11520:3616,test,owlvit,blur_resize,fixed,0.6,0.25,11,32,22,38,2.15,owlvit
AOI_2_Vegas_img4554,AOI_2_Vegas,AOI_2_Vegas:-11520:3616,test,owlvit,blur_resize,fixed,0.9,0.25,12,22,22,33,1.2,owlvit
AOI_2_Vegas_img4554,AOI_2_Vegas,AOI_2_Vegas:-11520:3616,test,owlvit,blur_resize,fixed,1.2,0.25,9,11,22,21,0.95,owlvit
AOI_2_Vegas_img4554,AOI_2_Vegas,AOI_2_Vegas:-11520:3616,test,owlvit,blur_resize,fixed,1.8,0.25,0,0,22,15,0.0,owlvit
AOI_2_Vegas_img4554,AOI_2_Vegas,AOI_2_Vegas:-11520:3616,test,owlvit,blur_resize,fixed,2.4,0.25,0,0,22,9,0.0,owlvit
AOI_2_Vegas_img4554,AOI_2_Vegas,AOI_2_Vegas:-11520:3616,test,owlvit,blur_resize,fixed,3.6,0.25,0,0,22,2,0.0,owlvit
AOI_2_Vegas_img4554,AOI_2_Vegas,AOI_2_Vegas:-11520:3616,test,owlvit,blur_resize,fixed,5.0,0.25,0,0,22,0,0.0,owlvit
AOI_2_Vegas_img4554,AOI_2_Vegas,AOI_2_Vegas:-11520:3616,test,owlvit,blur_resize,fixed,10.0,0.25,0,0,22,0,0.0,owlvit
AOI_2_Vegas_img4562,AOI_2_Vegas,AOI_2_Vegas:-11520:3617,test,owlvit,blur_resize,fixed,0.3,0.25,34,132,46,44,19.3,owlvit
AOI_2_Vegas_img4562,AOI_2_Vegas,AOI_2_Vegas:-11520:3617,test,owlvit,blur_resize,fixed,0.45,0.25,31,87,46,40,17.9,owlvit
AOI_2_Vegas_img4562,AOI_2_Vegas,AOI_2_Vegas:-11520:3617,test,owlvit,blur_resize,fixed,0.6,0.25,28,52,46,37,12.25,owlvit
AOI_2_Vegas_img4562,AOI_2_Vegas,AOI_2_Vegas:-11520:3617,test,owlvit,blur_resize,fixed,0.9,0.25,27,36,46,21,9.75,owlvit
AOI_2_Vegas_img4562,AOI_2_Vegas,AOI_2_Vegas:-11520:3617,test,owlvit,blur_resize,fixed,1.2,0.25,21,24,46,17,6.5,owlvit
AOI_2_Vegas_img4562,AOI_2_Vegas,AOI_2_Vegas:-11520:3617,test,owlvit,blur_resize,fixed,1.8,0.25,1,1,46,7,0.15,owlvit
AOI_2_Vegas_img4562,AOI_2_Vegas,AOI_2_Vegas:-11520:3617,test,owlvit,blur_resize,fixed,2.4,0.25,1,1,46,7,0.4,owlvit
AOI_2_Vegas_img4562,AOI_2_Vegas,AOI_2_Vegas:-11520:3617,test,owlvit,blur_resize,fixed,3.6,0.25,0,0,46,3,0.0,owlvit
AOI_2_Vegas_img4562,AOI_2_Vegas,AOI_2_Vegas:-11520:3617,test,owlvit,blur_resize,fixed,5.0,0.25,0,0,46,3,0.0,owlvit
AOI_2_Vegas_img4562,AOI_2_Vegas,AOI_2_Vegas:-11520:3617,test,owlvit,blur_resize,fixed,10.0,0.25,0,0,46,1,0.0,owlvit
AOI_2_Vegas_img458,AOI_2_Vegas,AOI_2_Vegas:-11530:3613,test,owlvit,blur_resize,fixed,0.3,0.25,22,45,56,45,8.9,owlvit
AOI_2_Vegas_img458,AOI_2_Vegas,AOI_2_Vegas:-11530:3613,test,owlvit,blur_resize,fixed,0.45,0.25,18,29,56,43,5.95,owlvit
AOI_2_Vegas_img458,AOI_2_Vegas,AOI_2_Vegas:-11530:3613,test,owlvit,blur_resize,fixed,0.6,0.25,14,19,56,41,4.35,owlvit
AOI_2_Vegas_img458,AOI_2_Vegas,AOI_2_Vegas:-11530:3613,test,owlvit,blur_resize,fixed,0.9,0.25,10,18,56,42,4.05,owlvit
AOI_2_Vegas_img458,AOI_2_Vegas,AOI_2_Vegas:-11530:3613,test,owlvit,blur_resize,fixed,1.2,0.25,7,13,56,47,3.45,owlvit
AOI_2_Vegas_img458,AOI_2_Vegas,AOI_2_Vegas:-11530:3613,test,owlvit,blur_resize,fixed,1.8,0.25,0,0,56,16,0.0,owlvit
AOI_2_Vegas_img458,AOI_2_Vegas,AOI_2_Vegas:-11530:3613,test,owlvit,blur_resize,fixed,2.4,0.25,0,0,56,12,0.0,owlvit
AOI_2_Vegas_img458,AOI_2_Vegas,AOI_2_Vegas:-11530:3613,test,owlvit,blur_resize,fixed,3.6,0.25,0,0,56,8,0.0,owlvit
AOI_2_Vegas_img458,AOI_2_Vegas,AOI_2_Vegas:-11530:3613,test,owlvit,blur_resize,fixed,5.0,0.25,0,0,56,3,0.0,owlvit
AOI_2_Vegas_img458,AOI_2_Vegas,AOI_2_Vegas:-11530:3613,test,owlvit,blur_resize,fixed,10.0,0.25,0,0,56,0,0.0,owlvit
AOI_2_Vegas_img4582,AOI_2_Vegas,AOI_2_Vegas:-11520:3621,test,owlvit,blur_resize,fixed,0.3,0.25,0,0,0,1,0.0,owlvit
AOI_2_Vegas_img4582,AOI_2_Vegas,AOI_2_Vegas:-11520:3621,test,owlvit,blur_resize,fixed,0.45,0.25,0,0,0,2,0.0,owlvit
AOI_2_Vegas_img4582,AOI_2_Vegas,AOI_2_Vegas:-11520:3621,test,owlvit,blur_resize,fixed,0.6,0.25,0,0,0,1,0.0,owlvit
AOI_2_Vegas_img4582,AOI_2_Vegas,AOI_2_Vegas:-11520:3621,test,owlvit,blur_resize,fixed,0.9,0.25,0,0,0,1,0.0,owlvit
AOI_2_Vegas_img4582,AOI_2_Vegas,AOI_2_Vegas:-11520:3621,test,owlvit,blur_resize,fixed,1.2,0.25,0,0,0,1,0.0,owlvit
AOI_2_Vegas_img4582,AOI_2_Vegas,AOI_2_Vegas:-11520:3621,test,owlvit,blur_resize,fixed,1.8,0.25,0,0,0,0,0.0,owlvit
AOI_2_Vegas_img4582,AOI_2_Vegas,AOI_2_Vegas:-11520:3621,test,owlvit,blur_resize,fixed,2.4,0.25,0,0,0,0,0.0,owlvit
AOI_2_Vegas_img4582,AOI_2_Vegas,AOI_2_Vegas:-11520:3621,test,owlvit,blur_resize,fixed,3.6,0.25,0,0,0,0,0.0,owlvit
AOI_2_Vegas_img4582,AOI_2_Vegas,AOI_2_Vegas:-11520:3621,test,owlvit,blur_resize,fixed,5.0,0.25,0,0,0,0,0.0,owlvit
AOI_2_Vegas_img4582,AOI_2_Vegas,AOI_2_Vegas:-11520:3621,test,owlvit,blur_resize,fixed,10.0,0.25,0,0,0,0,0.0,owlvit
AOI_2_Vegas_img460,AOI_2_Vegas,AOI_2_Vegas:-11530:3613,test,owlvit,blur_resize,fixed,0.3,0.25,28,39,50,19,8.7,owlvit
AOI_2_Vegas_img460,AOI_2_Vegas,AOI_2_Vegas:-11530:3613,test,owlvit,blur_resize,fixed,0.45,0.25,31,43,50,18,8.8,owlvit
AOI_2_Vegas_img460,AOI_2_Vegas,AOI_2_Vegas:-11530:3613,test,owlvit,blur_resize,fixed,0.6,0.25,30,43,50,17,8.8,owlvit
AOI_2_Vegas_img460,AOI_2_Vegas,AOI_2_Vegas:-11530:3613,test,owlvit,blur_resize,fixed,0.9,0.25,29,39,50,18,9.4,owlvit
AOI_2_Vegas_img460,AOI_2_Vegas,AOI_2_Vegas:-11530:3613,test,owlvit,blur_resize,fixed,1.2,0.25,28,39,50,15,9.0,owlvit
AOI_2_Vegas_img460,AOI_2_Vegas,AOI_2_Vegas:-11530:3613,test,owlvit,blur_resize,fixed,1.8,0.25,15,16,50,9,4.2,owlvit
AOI_2_Vegas_img460,AOI_2_Vegas,AOI_2_Vegas:-11530:3613,test,owlvit,blur_resize,fixed,2.4,0.25,0,0,50,4,0.0,owlvit
AOI_2_Vegas_img460,AOI_2_Vegas,AOI_2_Vegas:-11530:3613,test,owlvit,blur_resize,fixed,3.6,0.25,0,0,50,2,0.0,owlvit
AOI_2_Vegas_img460,AOI_2_Vegas,AOI_2_Vegas:-11530:3613,test,owlvit,blur_resize,fixed,5.0,0.25,0,0,50,1,0.0,owlvit
AOI_2_Vegas_img460,AOI_2_Vegas,AOI_2_Vegas:-11530:3613,test,owlvit,blur_resize,fixed,10.0,0.25,0,0,50,0,0.0,owlvit
AOI_2_Vegas_img4614,AOI_2_Vegas,AOI_2_Vegas:-11520:3613,test,owlvit,blur_resize,fixed,0.3,0.25,3,13,8,48,0.8,owlvit
AOI_2_Vegas_img4614,AOI_2_Vegas,AOI_2_Vegas:-11520:3613,test,owlvit,blur_resize,fixed,0.45,0.25,3,4,8,42,0.35,owlvit
AOI_2_Vegas_img4614,AOI_2_Vegas,AOI_2_Vegas:-11520:3613,test,owlvit,blur_resize,fixed,0.6,0.25,2,2,8,28,0.1,owlvit
AOI_2_Vegas_img4614,AOI_2_Vegas,AOI_2_Vegas:-11520:3613,test,owlvit,blur_resize,fixed,0.9,0.25,0,0,8,17,0.0,owlvit
AOI_2_Vegas_img4614,AOI_2_Vegas,AOI_2_Vegas:-11520:3613,test,owlvit,blur_resize,fixed,1.2,0.25,0,0,8,4,0.0,owlvit
AOI_2_Vegas_img4614,AOI_2_Vegas,AOI_2_Vegas:-11520:3613,test,owlvit,blur_resize,fixed,1.8,0.25,0,0,8,3,0.0,owlvit
AOI_2_Vegas_img4614,AOI_2_Vegas,AOI_2_Vegas:-11520:3613,test,owlvit,blur_resize,fixed,2.4,0.25,0,0,8,6,0.0,owlvit
AOI_2_Vegas_img4614,AOI_2_Vegas,AOI_2_Vegas:-11520:3613,test,owlvit,blur_resize,fixed,3.6,0.25,0,0,8,31,0.0,owlvit
AOI_2_Vegas_img4614,AOI_2_Vegas,AOI_2_Vegas:-11520:3613,test,owlvit,blur_resize,fixed,5.0,0.25,0,0,8,14,0.0,owlvit
AOI_2_Vegas_img4614,AOI_2_Vegas,AOI_2_Vegas:-11520:3613,test,owlvit,blur_resize,fixed,10.0,0.25,0,0,8,3,0.0,owlvit
AOI_2_Vegas_img4684,AOI_2_Vegas,AOI_2_Vegas:-11520:3625,test,owlvit,blur_resize,fixed,0.3,0.25,3,21,8,49,0.1,owlvit
AOI_2_Vegas_img4684,AOI_2_Vegas,AOI_2_Vegas:-11520:3625,test,owlvit,blur_resize,fixed,0.45,0.25,1,10,8,34,0.2,owlvit
AOI_2_Vegas_img4684,AOI_2_Vegas,AOI_2_Vegas:-11520:3625,test,owlvit,blur_resize,fixed,0.6,0.25,1,7,8,22,0.05,owlvit
AOI_2_Vegas_img4684,AOI_2_Vegas,AOI_2_Vegas:-11520:3625,test,owlvit,blur_resize,fixed,0.9,0.25,0,0,8,15,0.0,owlvit
AOI_2_Vegas_img4684,AOI_2_Vegas,AOI_2_Vegas:-11520:3625,test,owlvit,blur_resize,fixed,1.2,0.25,0,0,8,16,0.0,owlvit
AOI_2_Vegas_img4684,AOI_2_Vegas,AOI_2_Vegas:-11520:3625,test,owlvit,blur_resize,fixed,1.8,0.25,0,0,8,12,0.0,owlvit
AOI_2_Vegas_img4684,AOI_2_Vegas,AOI_2_Vegas:-11520:3625,test,owlvit,blur_resize,fixed,2.4,0.25,0,0,8,14,0.0,owlvit
AOI_2_Vegas_img4684,AOI_2_Vegas,AOI_2_Vegas:-11520:3625,test,owlvit,blur_resize,fixed,3.6,0.25,0,0,8,6,0.0,owlvit
AOI_2_Vegas_img4684,AOI_2_Vegas,AOI_2_Vegas:-11520:3625,test,owlvit,blur_resize,fixed,5.0,0.25,0,0,8,1,0.0,owlvit
AOI_2_Vegas_img4684,AOI_2_Vegas,AOI_2_Vegas:-11520:3625,test,owlvit,blur_resize,fixed,10.0,0.25,0,0,8,0,0.0,owlvit
AOI_2_Vegas_img4696,AOI_2_Vegas,AOI_2_Vegas:-11519:3613,test,owlvit,blur_resize,fixed,0.3,0.25,3,9,12,37,0.7,owlvit
AOI_2_Vegas_img4696,AOI_2_Vegas,AOI_2_Vegas:-11519:3613,test,owlvit,blur_resize,fixed,0.45,0.25,3,6,12,40,0.55,owlvit
AOI_2_Vegas_img4696,AOI_2_Vegas,AOI_2_Vegas:-11519:3613,test,owlvit,blur_resize,fixed,0.6,0.25,3,5,12,34,0.45,owlvit
AOI_2_Vegas_img4696,AOI_2_Vegas,AOI_2_Vegas:-11519:3613,test,owlvit,blur_resize,fixed,0.9,0.25,2,5,12,34,0.45,owlvit
AOI_2_Vegas_img4696,AOI_2_Vegas,AOI_2_Vegas:-11519:3613,test,owlvit,blur_resize,fixed,1.2,0.25,1,3,12,33,0.35,owlvit
AOI_2_Vegas_img4696,AOI_2_Vegas,AOI_2_Vegas:-11519:3613,test,owlvit,blur_resize,fixed,1.8,0.25,0,1,12,34,0.0,owlvit
AOI_2_Vegas_img4696,AOI_2_Vegas,AOI_2_Vegas:-11519:3613,test,owlvit,blur_resize,fixed,2.4,0.25,0,0,12,29,0.0,owlvit
AOI_2_Vegas_img4696,AOI_2_Vegas,AOI_2_Vegas:-11519:3613,test,owlvit,blur_resize,fixed,3.6,0.25,0,0,12,9,0.0,owlvit
AOI_2_Vegas_img4696,AOI_2_Vegas,AOI_2_Vegas:-11519:3613,test,owlvit,blur_resize,fixed,5.0,0.25,0,0,12,3,0.0,owlvit
AOI_2_Vegas_img4696,AOI_2_Vegas,AOI_2_Vegas:-11519:3613,test,owlvit,blur_resize,fixed,10.0,0.25,0,0,12,0,0.0,owlvit
AOI_2_Vegas_img4701,AOI_2_Vegas,AOI_2_Vegas:-11519:3614,test,owlvit,blur_resize,fixed,0.3,0.25,1,24,3,41,0.25,owlvit
AOI_2_Vegas_img4701,AOI_2_Vegas,AOI_2_Vegas:-11519:3614,test,owlvit,blur_resize,fixed,0.45,0.25,2,14,3,34,0.1,owlvit
AOI_2_Vegas_img4701,AOI_2_Vegas,AOI_2_Vegas:-11519:3614,test,owlvit,blur_resize,fixed,0.6,0.25,1,10,3,35,0.05,owlvit
AOI_2_Vegas_img4701,AOI_2_Vegas,AOI_2_Vegas:-11519:3614,test,owlvit,blur_resize,fixed,0.9,0.25,1,6,3,26,0.05,owlvit
AOI_2_Vegas_img4701,AOI_2_Vegas,AOI_2_Vegas:-11519:3614,test,owlvit,blur_resize,fixed,1.2,0.25,1,3,3,25,0.0,owlvit
AOI_2_Vegas_img4701,AOI_2_Vegas,AOI_2_Vegas:-11519:3614,test,owlvit,blur_resize,fixed,1.8,0.25,0,2,3,20,0.0,owlvit
AOI_2_Vegas_img4701,AOI_2_Vegas,AOI_2_Vegas:-11519:3614,test,owlvit,blur_resize,fixed,2.4,0.25,0,2,3,15,0.0,owlvit
AOI_2_Vegas_img4701,AOI_2_Vegas,AOI_2_Vegas:-11519:3614,test,owlvit,blur_resize,fixed,3.6,0.25,0,0,3,7,0.0,owlvit
AOI_2_Vegas_img4701,AOI_2_Vegas,AOI_2_Vegas:-11519:3614,test,owlvit,blur_resize,fixed,5.0,0.25,0,0,3,8,0.0,owlvit
AOI_2_Vegas_img4701,AOI_2_Vegas,AOI_2_Vegas:-11519:3614,test,owlvit,blur_resize,fixed,10.0,0.25,0,0,3,0,0.0,owlvit
AOI_2_Vegas_img4721,AOI_2_Vegas,AOI_2_Vegas:-11519:3618,test,owlvit,blur_resize,fixed,0.3,0.25,24,81,49,35,9.55,owlvit
AOI_2_Vegas_img4721,AOI_2_Vegas,AOI_2_Vegas:-11519:3618,test,owlvit,blur_resize,fixed,0.45,0.25,21,62,49,30,7.85,owlvit
AOI_2_Vegas_img4721,AOI_2_Vegas,AOI_2_Vegas:-11519:3618,test,owlvit,blur_resize,fixed,0.6,0.25,18,51,49,34,7.6,owlvit
AOI_2_Vegas_img4721,AOI_2_Vegas,AOI_2_Vegas:-11519:3618,test,owlvit,blur_resize,fixed,0.9,0.25,17,50,49,33,7.9,owlvit
AOI_2_Vegas_img4721,AOI_2_Vegas,AOI_2_Vegas:-11519:3618,test,owlvit,blur_resize,fixed,1.2,0.25,14,35,49,35,6.0,owlvit
AOI_2_Vegas_img4721,AOI_2_Vegas,AOI_2_Vegas:-11519:3618,test,owlvit,blur_resize,fixed,1.8,0.25,7,10,49,23,2.0,owlvit
AOI_2_Vegas_img4721,AOI_2_Vegas,AOI_2_Vegas:-11519:3618,test,owlvit,blur_resize,fixed,2.4,0.25,1,1,49,3,0.6,owlvit
AOI_2_Vegas_img4721,AOI_2_Vegas,AOI_2_Vegas:-11519:3618,test,owlvit,blur_resize,fixed,3.6,0.25,0,0,49,2,0.0,owlvit
AOI_2_Vegas_img4721,AOI_2_Vegas,AOI_2_Vegas:-11519:3618,test,owlvit,blur_resize,fixed,5.0,0.25,0,0,49,0,0.0,owlvit
AOI_2_Vegas_img4721,AOI_2_Vegas,AOI_2_Vegas:-11519:3618,test,owlvit,blur_resize,fixed,10.0,0.25,0,0,49,0,0.0,owlvit
AOI_2_Vegas_img4785,AOI_2_Vegas,AOI_2_Vegas:-11519:3615,test,owlvit,blur_resize,fixed,0.3,0.25,24,53,53,30,7.65,owlvit
AOI_2_Vegas_img4785,AOI_2_Vegas,AOI_2_Vegas:-11519:3615,test,owlvit,blur_resize,fixed,0.45,0.25,24,53,53,28,8.4,owlvit
AOI_2_Vegas_img4785,AOI_2_Vegas,AOI_2_Vegas:-11519:3615,test,owlvit,blur_resize,fixed,0.6,0.25,24,46,53,28,7.95,owlvit
AOI_2_Vegas_img4785,AOI_2_Vegas,AOI_2_Vegas:-11519:3615,test,owlvit,blur_resize,fixed,0.9,0.25,18,36,53,28,5.1,owlvit
AOI_2_Vegas_img4785,AOI_2_Vegas,AOI_2_Vegas:-11519:3615,test,owlvit,blur_resize,fixed,1.2,0.25,13,24,53,24,4.4,owlvit
AOI_2_Vegas_img4785,AOI_2_Vegas,AOI_2_Vegas:-11519:3615,test,owlvit,blur_resize,fixed,1.8,0.25,2,2,53,8,0.2,owlvit
AOI_2_Vegas_img4785,AOI_2_Vegas,AOI_2_Vegas:-11519:3615,test,owlvit,blur_resize,fixed,2.4,0.25,0,0,53,4,0.0,owlvit
AOI_2_Vegas_img4785,AOI_2_Vegas,AOI_2_Vegas:-11519:3615,test,owlvit,blur_resize,fixed,3.6,0.25,0,0,53,2,0.0,owlvit
AOI_2_Vegas_img4785,AOI_2_Vegas,AOI_2_Vegas:-11519:3615,test,owlvit,blur_resize,fixed,5.0,0.25,0,0,53,1,0.0,owlvit
AOI_2_Vegas_img4785,AOI_2_Vegas,AOI_2_Vegas:-11519:3615,test,owlvit,blur_resize,fixed,10.0,0.25,0,0,53,0,0.0,owlvit
AOI_2_Vegas_img4786,AOI_2_Vegas,AOI_2_Vegas:-11519:3615,test,owlvit,blur_resize,fixed,0.3,0.25,15,17,52,15,3.25,owlvit
AOI_2_Vegas_img4786,AOI_2_Vegas,AOI_2_Vegas:-11519:3615,test,owlvit,blur_resize,fixed,0.45,0.25,18,23,52,16,3.95,owlvit
AOI_2_Vegas_img4786,AOI_2_Vegas,AOI_2_Vegas:-11519:3615,test,owlvit,blur_resize,fixed,0.6,0.25,15,21,52,17,3.5,owlvit
AOI_2_Vegas_img4786,AOI_2_Vegas,AOI_2_Vegas:-11519:3615,test,owlvit,blur_resize,fixed,0.9,0.25,12,17,52,10,2.55,owlvit
AOI_2_Vegas_img4786,AOI_2_Vegas,AOI_2_Vegas:-11519:3615,test,owlvit,blur_resize,fixed,1.2,0.25,4,5,52,11,1.0,owlvit
AOI_2_Vegas_img4786,AOI_2_Vegas,AOI_2_Vegas:-11519:3615,test,owlvit,blur_resize,fixed,1.8,0.25,0,0,52,1,0.0,owlvit
AOI_2_Vegas_img4786,AOI_2_Vegas,AOI_2_Vegas:-11519:3615,test,owlvit,blur_resize,fixed,2.4,0.25,0,0,52,2,0.0,owlvit
AOI_2_Vegas_img4786,AOI_2_Vegas,AOI_2_Vegas:-11519:3615,test,owlvit,blur_resize,fixed,3.6,0.25,0,0,52,1,0.0,owlvit
AOI_2_Vegas_img4786,AOI_2_Vegas,AOI_2_Vegas:-11519:3615,test,owlvit,blur_resize,fixed,5.0,0.25,0,0,52,1,0.0,owlvit
AOI_2_Vegas_img4786,AOI_2_Vegas,AOI_2_Vegas:-11519:3615,test,owlvit,blur_resize,fixed,10.0,0.25,0,0,52,0,0.0,owlvit
AOI_2_Vegas_img4794,AOI_2_Vegas,AOI_2_Vegas:-11519:3616,test,owlvit,blur_resize,fixed,0.3,0.25,2,7,5,6,0.2,owlvit
AOI_2_Vegas_img4794,AOI_2_Vegas,AOI_2_Vegas:-11519:3616,test,owlvit,blur_resize,fixed,0.45,0.25,2,5,5,7,0.05,owlvit
AOI_2_Vegas_img4794,AOI_2_Vegas,AOI_2_Vegas:-11519:3616,test,owlvit,blur_resize,fixed,0.6,0.25,2,4,5,6,0.05,owlvit
AOI_2_Vegas_img4794,AOI_2_Vegas,AOI_2_Vegas:-11519:3616,test,owlvit,blur_resize,fixed,0.9,0.25,1,2,5,3,0.15,owlvit
AOI_2_Vegas_img4794,AOI_2_Vegas,AOI_2_Vegas:-11519:3616,test,owlvit,blur_resize,fixed,1.2,0.25,0,0,5,1,0.0,owlvit
AOI_2_Vegas_img4794,AOI_2_Vegas,AOI_2_Vegas:-11519:3616,test,owlvit,blur_resize,fixed,1.8,0.25,0,0,5,0,0.0,owlvit
AOI_2_Vegas_img4794,AOI_2_Vegas,AOI_2_Vegas:-11519:3616,test,owlvit,blur_resize,fixed,2.4,0.25,0,0,5,0,0.0,owlvit
AOI_2_Vegas_img4794,AOI_2_Vegas,AOI_2_Vegas:-11519:3616,test,owlvit,blur_resize,fixed,3.6,0.25,0,0,5,0,0.0,owlvit
AOI_2_Vegas_img4794,AOI_2_Vegas,AOI_2_Vegas:-11519:3616,test,owlvit,blur_resize,fixed,5.0,0.25,0,0,5,0,0.0,owlvit
AOI_2_Vegas_img4794,AOI_2_Vegas,AOI_2_Vegas:-11519:3616,test,owlvit,blur_resize,fixed,10.0,0.25,0,0,5,0,0.0,owlvit
AOI_2_Vegas_img4805,AOI_2_Vegas,AOI_2_Vegas:-11519:3618,test,owlvit,blur_resize,fixed,0.3,0.25,15,57,26,41,3.5,owlvit
AOI_2_Vegas_img4805,AOI_2_Vegas,AOI_2_Vegas:-11519:3618,test,owlvit,blur_resize,fixed,0.45,0.25,15,38,26,41,2.25,owlvit
AOI_2_Vegas_img4805,AOI_2_Vegas,AOI_2_Vegas:-11519:3618,test,owlvit,blur_resize,fixed,0.6,0.25,15,28,26,39,2.2,owlvit
AOI_2_Vegas_img4805,AOI_2_Vegas,AOI_2_Vegas:-11519:3618,test,owlvit,blur_resize,fixed,0.9,0.25,13,25,26,34,1.85,owlvit
AOI_2_Vegas_img4805,AOI_2_Vegas,AOI_2_Vegas:-11519:3618,test,owlvit,blur_resize,fixed,1.2,0.25,7,12,26,33,1.05,owlvit
AOI_2_Vegas_img4805,AOI_2_Vegas,AOI_2_Vegas:-11519:3618,test,owlvit,blur_resize,fixed,1.8,0.25,4,4,26,33,0.35,owlvit
AOI_2_Vegas_img4805,AOI_2_Vegas,AOI_2_Vegas:-11519:3618,test,owlvit,blur_resize,fixed,2.4,0.25,2,2,26,29,0.1,owlvit
AOI_2_Vegas_img4805,AOI_2_Vegas,AOI_2_Vegas:-11519:3618,test,owlvit,blur_resize,fixed,3.6,0.25,0,0,26,13,0.0,owlvit
AOI_2_Vegas_img4805,AOI_2_Vegas,AOI_2_Vegas:-11519:3618,test,owlvit,blur_resize,fixed,5.0,0.25,0,0,26,3,0.0,owlvit
AOI_2_Vegas_img4805,AOI_2_Vegas,AOI_2_Vegas:-11519:3618,test,owlvit,blur_resize,fixed,10.0,0.25,0,0,26,1,0.0,owlvit
