chip_id,city,block,split,detector,method,config,level,iou,matches,predictions,references,removed,chance_matches,label
AOI_2_Vegas_img1007,AOI_2_Vegas,AOI_2_Vegas:-11528:3618,test,owlvit,area,fixed,0.3,0.5,14,22,34,33,0.65,owlvit
AOI_2_Vegas_img1007,AOI_2_Vegas,AOI_2_Vegas:-11528:3618,test,owlvit,area,fixed,0.45,0.5,13,21,34,31,0.65,owlvit
AOI_2_Vegas_img1007,AOI_2_Vegas,AOI_2_Vegas:-11528:3618,test,owlvit,area,fixed,0.6,0.5,15,22,34,29,0.7,owlvit
AOI_2_Vegas_img1007,AOI_2_Vegas,AOI_2_Vegas:-11528:3618,test,owlvit,area,fixed,0.9,0.5,7,12,34,22,0.45,owlvit
AOI_2_Vegas_img1007,AOI_2_Vegas,AOI_2_Vegas:-11528:3618,test,owlvit,area,fixed,1.2,0.5,5,5,34,16,0.2,owlvit
AOI_2_Vegas_img1007,AOI_2_Vegas,AOI_2_Vegas:-11528:3618,test,owlvit,area,fixed,1.8,0.5,0,0,34,7,0.0,owlvit
AOI_2_Vegas_img1007,AOI_2_Vegas,AOI_2_Vegas:-11528:3618,test,owlvit,area,fixed,2.4,0.5,0,0,34,8,0.0,owlvit
AOI_2_Vegas_img1007,AOI_2_Vegas,AOI_2_Vegas:-11528:3618,test,owlvit,area,fixed,3.6,0.5,0,0,34,8,0.0,owlvit
AOI_2_Vegas_img1007,AOI_2_Vegas,AOI_2_Vegas:-11528:3618,test,owlvit,area,fixed,5.0,0.5,0,0,34,3,0.0,owlvit
AOI_2_Vegas_img1007,AOI_2_Vegas,AOI_2_Vegas:-11528:3618,test,owlvit,area,fixed,10.0,0.5,0,0,34,1,0.0,owlvit
AOI_2_Vegas_img101,AOI_2_Vegas,AOI_2_Vegas:-11531:3620,test,owlvit,area,fixed,0.3,0.5,12,138,30,44,1.2,owlvit
AOI_2_Vegas_img101,AOI_2_Vegas,AOI_2_Vegas:-11531:3620,test,owlvit,area,fixed,0.45,0.5,11,125,30,46,1.4,owlvit
AOI_2_Vegas_img101,AOI_2_Vegas,AOI_2_Vegas:-11531:3620,test,owlvit,area,fixed,0.6,0.5,13,130,30,49,1.3,owlvit
AOI_2_Vegas_img101,AOI_2_Vegas,AOI_2_Vegas:-11531:3620,test,owlvit,area,fixed,0.9,0.5,11,97,30,50,0.95,owlvit
AOI_2_Vegas_img101,AOI_2_Vegas,AOI_2_Vegas:-11531:3620,test,owlvit,area,fixed,1.2,0.5,11,86,30,53,1.3,owlvit
AOI_2_Vegas_img101,AOI_2_Vegas,AOI_2_Vegas:-11531:3620,test,owlvit,area,fixed,1.8,0.5,7,26,30,39,0.4,owlvit
AOI_2_Vegas_img101,AOI_2_Vegas,AOI_2_Vegas:-11531:3620,test,owlvit,area,fixed,2.4,0.5,3,4,30,18,0.05,owlvit
AOI_2_Vegas_img101,AOI_2_Vegas,AOI_2_Vegas:-11531:3620,test,owlvit,area,fixed,3.6,0.5,0,0,30,3,0.0,owlvit
AOI_2_Vegas_img101,AOI_2_Vegas,AOI_2_Vegas:-11531:3620,test,owlvit,area,fixed,5.0,0.5,0,0,30,0,0.0,owlvit
AOI_2_Vegas_img101,AOI_2_Vegas,AOI_2_Vegas:-11531:3620,test,owlvit,area,fixed,10.0,0.5,0,0,30,0,0.0,owlvit
AOI_2_Vegas_img1035,AOI_2_Vegas,AOI_2_Vegas:-11528:3623,test,owlvit,area,fixed,0.3,0.5,0,0,0,2,0.0,owlvit
AOI_2_Vegas_img1035,AOI_2_Vegas,AOI_2_Vegas:-11528:3623,test,owlvit,area,fixed,0.45,0.5,0,0,0,1,0.0,owlvit
AOI_2_Vegas_img1035,AOI_2_Vegas,AOI_2_Vegas:-11528:3623,test,owlvit,area,fixed,0.6,0.5,0,0,0,1,0.0,owlvit
AOI_2_Vegas_img1035,AOI_2_Vegas,AOI_2_Vegas:-11528:3623,test,owlvit,area,fixed,0.9,0.5,0,0,0,1,0.0,owlvit
AOI_2_Vegas_img1035,AOI_2_Vegas,AOI_2_Vegas:-11528:3623,test,owlvit,area,fixed,1.2,0.5,0,0,0,1,0.0,owlvit
AOI_2_Vegas_img1035,AOI_2_Vegas,AOI_2_Vegas:-11528:3623,test,owlvit,area,fixed,1.8,0.5,0,0,0,1,0.0,owlvit
AOI_2_Vegas_img1035,AOI_2_Vegas,AOI_2_Vegas:-11528:3623,test,owlvit,area,fixed,2.4,0.5,0,0,0,1,0.0,owlvit
AOI_2_Vegas_img1035,AOI_2_Vegas,AOI_2_Vegas:-11528:3623,test,owlvit,area,fixed,3.6,0.5,0,0,0,1,0.0,owlvit
AOI_2_Vegas_img1035,AOI_2_Vegas,AOI_2_Vegas:-11528:3623,test,owlvit,area,fixed,5.0,0.5,0,0,0,1,0.0,owlvit
AOI_2_Vegas_img1035,AOI_2_Vegas,AOI_2_Vegas:-11528:3623,test,owlvit,area,fixed,10.0,0.5,0,0,0,1,0.0,owlvit
AOI_2_Vegas_img1041,AOI_2_Vegas,AOI_2_Vegas:-11528:3613,test,owlvit,area,fixed,0.3,0.5,15,28,39,54,0.6,owlvit
AOI_2_Vegas_img1041,AOI_2_Vegas,AOI_2_Vegas:-11528:3613,test,owlvit,area,fixed,0.45,0.5,15,26,39,51,0.5,owlvit
AOI_2_Vegas_img1041,AOI_2_Vegas,AOI_2_Vegas:-11528:3613,test,owlvit,area,fixed,0.6,0.5,13,24,39,52,0.45,owlvit
AOI_2_Vegas_img1041,AOI_2_Vegas,AOI_2_Vegas:-11528:3613,test,owlvit,area,fixed,0.9,0.5,12,22,39,44,0.55,owlvit
AOI_2_Vegas_img1041,AOI_2_Vegas,AOI_2_Vegas:-11528:3613,test,owlvit,area,fixed,1.2,0.5,13,23,39,46,0.4,owlvit
AOI_2_Vegas_img1041,AOI_2_Vegas,AOI_2_Vegas:-11528:3613,test,owlvit,area,fixed,1.8,0.5,8,20,39,42,0.4,owlvit
AOI_2_Vegas_img1041,AOI_2_Vegas,AOI_2_Vegas:-11528:3613,test,owlvit,area,fixed,2.4,0.5,7,15,39,36,0.35,owlvit
AOI_2_Vegas_img1041,AOI_2_Vegas,AOI_2_Vegas:-11528:3613,test,owlvit,area,fixed,3.6,0.5,4,9,39,32,0.05,owlvit
AOI_2_Vegas_img1041,AOI_2_Vegas,AOI_2_Vegas:-11528:3613,test,owlvit,area,fixed,5.0,0.5,1,1,39,18,0.0,owlvit
AOI_2_Vegas_img1041,AOI_2_Vegas,AOI_2_Vegas:-11528:3613,test,owlvit,area,fixed,10.0,0.5,0,0,39,2,0.0,owlvit
AOI_2_Vegas_img1104,AOI_2_Vegas,AOI_2_Vegas:-11528:3613,test,owlvit,area,fixed,0.3,0.5,0,8,10,16,0.05,owlvit
AOI_2_Vegas_img1104,AOI_2_Vegas,AOI_2_Vegas:-11528:3613,test,owlvit,area,fixed,0.45,0.5,0,6,10,16,0.0,owlvit
AOI_2_Vegas_img1104,AOI_2_Vegas,AOI_2_Vegas:-11528:3613,test,owlvit,area,fixed,0.6,0.5,0,3,10,16,0.0,owlvit
AOI_2_Vegas_img1104,AOI_2_Vegas,AOI_2_Vegas:-11528:3613,test,owlvit,area,fixed,0.9,0.5,0,1,10,12,0.0,owlvit
AOI_2_Vegas_img1104,AOI_2_Vegas,AOI_2_Vegas:-11528:3613,test,owlvit,area,fixed,1.2,0.5,0,0,10,10,0.0,owlvit
AOI_2_Vegas_img1104,AOI_2_Vegas,AOI_2_Vegas:-11528:3613,test,owlvit,area,fixed,1.8,0.5,0,0,10,9,0.0,owlvit
AOI_2_Vegas_img1104,AOI_2_Vegas,AOI_2_Vegas:-11528:3613,test,owlvit,area,fixed,2.4,0.5,0,0,10,14,0.0,owlvit
AOI_2_Vegas_img1104,AOI_2_Vegas,AOI_2_Vegas:-11528:3613,test,owlvit,area,fixed,3.6,0.5,0,0,10,7,0.0,owlvit
AOI_2_Vegas_img1104,AOI_2_Vegas,AOI_2_Vegas:-11528:3613,test,owlvit,area,fixed,5.0,0.5,0,0,10,4,0.0,owlvit
AOI_2_Vegas_img1104,AOI_2_Vegas,AOI_2_Vegas:-11528:3613,test,owlvit,area,fixed,10.0,0.5,0,0,10,0,0.0,owlvit
AOI_2_Vegas_img1122,AOI_2_Vegas,AOI_2_Vegas:-11528:3616,test,owlvit,area,fixed,0.3,0.5,9,27,29,56,0.4,owlvit
AOI_2_Vegas_img1122,AOI_2_Vegas,AOI_2_Vegas:-11528:3616,test,owlvit,area,fixed,0.45,0.5,8,23,29,60,0.5,owlvit
AOI_2_Vegas_img1122,AOI_2_Vegas,AOI_2_Vegas:-11528:3616,test,owlvit,area,fixed,0.6,0.5,9,18,29,54,0.2,owlvit
AOI_2_Vegas_img1122,AOI_2_Vegas,AOI_2_Vegas:-11528:3616,test,owlvit,area,fixed,0.9,0.5,6,15,29,54,0.25,owlvit
AOI_2_Vegas_img1122,AOI_2_Vegas,AOI_2_Vegas:-11528:3616,test,owlvit,area,fixed,1.2,0.5,5,8,29,44,0.35,owlvit
AOI_2_Vegas_img1122,AOI_2_Vegas,AOI_2_Vegas:-11528:3616,test,owlvit,area,fixed,1.8,0.5,0,2,29,24,0.0,owlvit
AOI_2_Vegas_img1122,AOI_2_Vegas,AOI_2_Vegas:-11528:3616,test,owlvit,area,fixed,2.4,0.5,0,0,29,13,0.0,owlvit
AOI_2_Vegas_img1122,AOI_2_Vegas,AOI_2_Vegas:-11528:3616,test,owlvit,area,fixed,3.6,0.5,0,0,29,7,0.0,owlvit
AOI_2_Vegas_img1122,AOI_2_Vegas,AOI_2_Vegas:-11528:3616,test,owlvit,area,fixed,5.0,0.5,0,0,29,3,0.0,owlvit
AOI_2_Vegas_img1122,AOI_2_Vegas,AOI_2_Vegas:-11528:3616,test,owlvit,area,fixed,10.0,0.5,0,0,29,1,0.0,owlvit
AOI_2_Vegas_img1163,AOI_2_Vegas,AOI_2_Vegas:-11528:3623,test,owlvit,area,fixed,0.3,0.5,22,103,33,39,1.7,owlvit
AOI_2_Vegas_img1163,AOI_2_Vegas,AOI_2_Vegas:-11528:3623,test,owlvit,area,fixed,0.45,0.5,20,98,33,39,1.55,owlvit
AOI_2_Vegas_img1163,AOI_2_Vegas,AOI_2_Vegas:-11528:3623,test,owlvit,area,fixed,0.6,0.5,18,84,33,45,1.2,owlvit
AOI_2_Vegas_img1163,AOI_2_Vegas,AOI_2_Vegas:-11528:3623,test,owlvit,area,fixed,0.9,0.5,16,69,33,37,1.15,owlvit
AOI_2_Vegas_img1163,AOI_2_Vegas,AOI_2_Vegas:-11528:3623,test,owlvit,area,fixed,1.2,0.5,15,39,33,36,0.65,owlvit
AOI_2_Vegas_img1163,AOI_2_Vegas,AOI_2_Vegas:-11528:3623,test,owlvit,area,fixed,1.8,0.5,3,8,33,23,0.0,owlvit
AOI_2_Vegas_img1163,AOI_2_Vegas,AOI_2_Vegas:-11528:3623,test,owlvit,area,fixed,2.4,0.5,0,0,33,9,0.0,owlvit
AOI_2_Vegas_img1163,AOI_2_Vegas,AOI_2_Vegas:-11528:3623,test,owlvit,area,fixed,3.6,0.5,0,0,33,5,0.0,owlvit
AOI_2_Vegas_img1163,AOI_2_Vegas,AOI_2_Vegas:-11528:3623,test,owlvit,area,fixed,5.0,0.5,0,0,33,5,0.0,owlvit
AOI_2_Vegas_img1163,AOI_2_Vegas,AOI_2_Vegas:-11528:3623,test,owlvit,area,fixed,10.0,0.5,0,0,33,0,0.0,owlvit
AOI_2_Vegas_img118,AOI_2_Vegas,AOI_2_Vegas:-11531:3613,test,owlvit,area,fixed,0.3,0.5,19,80,27,27,2.45,owlvit
AOI_2_Vegas_img118,AOI_2_Vegas,AOI_2_Vegas:-11531:3613,test,owlvit,area,fixed,0.45,0.5,19,76,27,31,1.6,owlvit
AOI_2_Vegas_img118,AOI_2_Vegas,AOI_2_Vegas:-11531:3613,test,owlvit,area,fixed,0.6,0.5,19,79,27,26,2.55,owlvit
AOI_2_Vegas_img118,AOI_2_Vegas,AOI_2_Vegas:-11531:3613,test,owlvit,area,fixed,0.9,0.5,19,59,27,24,1.85,owlvit
AOI_2_Vegas_img118,AOI_2_Vegas,AOI_2_Vegas:-11531:3613,test,owlvit,area,fixed,1.2,0.5,19,49,27,20,1.85,owlvit
AOI_2_Vegas_img118,AOI_2_Vegas,AOI_2_Vegas:-11531:3613,test,owlvit,area,fixed,1.8,0.5,15,29,27,18,1.1,owlvit
AOI_2_Vegas_img118,AOI_2_Vegas,AOI_2_Vegas:-11531:3613,test,owlvit,area,fixed,2.4,0.5,7,8,27,25,0.45,owlvit
AOI_2_Vegas_img118,AOI_2_Vegas,AOI_2_Vegas:-11531:3613,test,owlvit,area,fixed,3.6,0.5,4,4,27,18,0.2,owlvit
AOI_2_Vegas_img118,AOI_2_Vegas,AOI_2_Vegas:-11531:3613,test,owlvit,area,fixed,5.0,0.5,2,2,27,12,0.1,owlvit
AOI_2_Vegas_img118,AOI_2_Vegas,AOI_2_Vegas:-11531:3613,test,owlvit,area,fixed,10.0,0.5,0,0,27,1,0.0,owlvit
AOI_2_Vegas_img1197,AOI_2_Vegas,AOI_2_Vegas:-11528:3618,test,owlvit,area,fixed,0.3,0.5,17,39,50,36,1.2,owlvit
AOI_2_Vegas_img1197,AOI_2_Vegas,AOI_2_Vegas:-11528:3618,test,owlvit,area,fixed,0.45,0.5,16,38,50,37,1.45,owlvit
AOI_2_Vegas_img1197,AOI_2_Vegas,AOI_2_Vegas:-11528:3618,test,owlvit,area,fixed,0.6,0.5,2,4,50,19,0.1,owlvit
AOI_2_Vegas_img1197,AOI_2_Vegas,AOI_2_Vegas:-11528:3618,test,owlvit,area,fixed,0.9,0.5,0,0,50,13,0.0,owlvit
AOI_2_Vegas_img1197,AOI_2_Vegas,AOI_2_Vegas:-11528:3618,test,owlvit,area,fixed,1.2,0.5,0,0,50,5,0.0,owlvit
AOI_2_Vegas_img1197,AOI_2_Vegas,AOI_2_Vegas:-11528:3618,test,owlvit,area,fixed,1.8,0.5,0,0,50,4,0.0,owlvit
AOI_2_Vegas_img1197,AOI_2_Vegas,AOI_2_Vegas:-11528:3618,test,owlvit,area,fixed,2.4,0.5,0,0,50,6,0.0,owlvit
AOI_2_Vegas_img1197,AOI_2_Vegas,AOI_2_Vegas:-11528:3618,test,owlvit,area,fixed,3.6,0.5,0,0,50,5,0.0,owlvit
AOI_2_Vegas_img1197,AOI_2_Vegas,AOI_2_Vegas:-11528:3618,test,owlvit,area,fixed,5.0,0.5,0,0,50,8,0.0,owlvit
AOI_2_Vegas_img1197,AOI_2_Vegas,AOI_2_Vegas:-11528:3618,test,owlvit,area,fixed,10.0,0.5,0,0,50,1,0.0,owlvit
AOI_2_Vegas_img1215,AOI_2_Vegas,AOI_2_Vegas:-11528:3621,test,owlvit,area,fixed,0.3,0.5,17,121,29,15,2.35,owlvit
AOI_2_Vegas_img1215,AOI_2_Vegas,AOI_2_Vegas:-11528:3621,test,owlvit,area,fixed,0.45,0.5,17,105,29,11,2.7,owlvit
AOI_2_Vegas_img1215,AOI_2_Vegas,AOI_2_Vegas:-11528:3621,test,owlvit,area,fixed,0.6,0.5,18,105,29,15,2.45,owlvit
AOI_2_Vegas_img1215,AOI_2_Vegas,AOI_2_Vegas:-11528:3621,test,owlvit,area,fixed,0.9,0.5,19,78,29,21,2.5,owlvit
AOI_2_Vegas_img1215,AOI_2_Vegas,AOI_2_Vegas:-11528:3621,test,owlvit,area,fixed,1.2,0.5,16,71,29,24,2.2,owlvit
AOI_2_Vegas_img1215,AOI_2_Vegas,AOI_2_Vegas:-11528:3621,test,owlvit,area,fixed,1.8,0.5,16,39,29,21,1.05,owlvit
AOI_2_Vegas_img1215,AOI_2_Vegas,AOI_2_Vegas:-11528:3621,test,owlvit,area,fixed,2.4,0.5,10,16,29,9,0.45,owlvit
AOI_2_Vegas_img1215,AOI_2_Vegas,AOI_2_Vegas:-11528:3621,test,owlvit,area,fixed,3.6,0.5,0,0,29,1,0.0,owlvit
AOI_2_Vegas_img1215,AOI_2_Vegas,AOI_2_Vegas:-11528:3621,test,owlvit,area,fixed,5.0,0.5,0,0,29,0,0.0,owlvit
AOI_2_Vegas_img1215,AOI_2_Vegas,AOI_2_Vegas:-11528:3621,test,owlvit,area,fixed,10.0,0.5,0,0,29,0,0.0,owlvit
AOI_2_Vegas_img1216,AOI_2_Vegas,AOI_2_Vegas:-11528:3621,test,owlvit,area,fixed,0.3,0.5,14,85,31,30,0.9,owlvit
AOI_2_Vegas_img1216,AOI_2_Vegas,AOI_2_Vegas:-11528:3621,test,owlvit,area,fixed,0.45,0.5,14,78,31,31,0.8,owlvit
AOI_2_Vegas_img1216,AOI_2_Vegas,AOI_2_Vegas:-11528:3621,test,owlvit,area,fixed,0.6,0.5,17,74,31,32,1.2,owlvit
AOI_2_Vegas_img1216,AOI_2_Vegas,AOI_2_Vegas:-11528:3621,test,owlvit,area,fixed,0.9,0.5,16,54,31,30,0.9,owlvit
AOI_2_Vegas_img1216,AOI_2_Vegas,AOI_2_Vegas:-11528:3621,test,owlvit,area,fixed,1.2,0.5,13,39,31,27,0.55,owlvit
AOI_2_Vegas_img1216,AOI_2_Vegas,AOI_2_Vegas:-11528:3621,test,owlvit,area,fixed,1.8,0.5,9,24,31,20,0.2,owlvit
AOI_2_Vegas_img1216,AOI_2_Vegas,AOI_2_Vegas:-11528:3621,test,owlvit,area,fixed,2.4,0.5,2,5,31,16,0.05,owlvit
AOI_2_Vegas_img1216,AOI_2_Vegas,AOI_2_Vegas:-11528:3621,test,owlvit,area,fixed,3.6,0.5,0,0,31,4,0.0,owlvit
AOI_2_Vegas_img1216,AOI_2_Vegas,AOI_2_Vegas:-11528:3621,test,owlvit,area,fixed,5.0,0.5,0,0,31,1,0.0,owlvit
AOI_2_Vegas_img1216,AOI_2_Vegas,AOI_2_Vegas:-11528:3621,test,owlvit,area,fixed,10.0,0.5,0,0,31,0,0.0,owlvit
AOI_2_Vegas_img1217,AOI_2_Vegas,AOI_2_Vegas:-11528:3621,test,owlvit,area,fixed,0.3,0.5,28,82,52,43,1.75,owlvit
AOI_2_Vegas_img1217,AOI_2_Vegas,AOI_2_Vegas:-11528:3621,test,owlvit,area,fixed,0.45,0.5,24,80,52,37,1.8,owlvit
AOI_2_Vegas_img1217,AOI_2_Vegas,AOI_2_Vegas:-11528:3621,test,owlvit,area,fixed,0.6,0.5,26,81,52,40,2.15,owlvit
AOI_2_Vegas_img1217,AOI_2_Vegas,AOI_2_Vegas:-11528:3621,test,owlvit,area,fixed,0.9,0.5,21,56,52,37,1.55,owlvit
AOI_2_Vegas_img1217,AOI_2_Vegas,AOI_2_Vegas:-11528:3621,test,owlvit,area,fixed,1.2,0.5,15,43,52,26,0.7,owlvit
AOI_2_Vegas_img1217,AOI_2_Vegas,AOI_2_Vegas:-11528:3621,test,owlvit,area,fixed,1.8,0.5,0,0,52,5,0.0,owlvit
AOI_2_Vegas_img1217,AOI_2_Vegas,AOI_2_Vegas:-11528:3621,test,owlvit,area,fixed,2.4,0.5,0,0,52,3,0.0,owlvit
AOI_2_Vegas_img1217,AOI_2_Vegas,AOI_2_Vegas:-11528:3621,test,owlvit,area,fixed,3.6,0.5,0,0,52,1,0.0,owlvit
AOI_2_Vegas_img1217,AOI_2_Vegas,AOI_2_Vegas:-11528:3621,test,owlvit,area,fixed,5.0,0.5,0,0,52,1,0.0,owlvit
AOI_2_Vegas_img1217,AOI_2_Vegas,AOI_2_Vegas:-11528:3621,test,owlvit,area,fixed,10.0,0.5,0,0,52,0,0.0,owlvit
AOI_2_Vegas_img1246,AOI_2_Vegas,AOI_2_Vegas:-11528:3615,test,owlvit,area,fixed,0.3,0.5,16,63,40,34,1.3,owlvit
AOI_2_Vegas_img1246,AOI_2_Vegas,AOI_2_Vegas:-11528:3615,test,owlvit,area,fixed,0.45,0.5,15,51,40,33,1.1,owlvit
AOI_2_Vegas_img1246,AOI_2_Vegas,AOI_2_Vegas:-11528:3615,test,owlvit,area,fixed,0.6,0.5,14,46,40,32,1.85,owlvit
AOI_2_Vegas_img1246,AOI_2_Vegas,AOI_2_Vegas:-11528:3615,test,owlvit,area,fixed,0.9,0.5,12,36,40,28,1.55,owlvit
AOI_2_Vegas_img1246,AOI_2_Vegas,AOI_2_Vegas:-11528:3615,test,owlvit,area,fixed,1.2,0.5,12,28,40,28,0.8,owlvit
AOI_2_Vegas_img1246,AOI_2_Vegas,AOI_2_Vegas:-11528:3615,test,owlvit,area,fixed,1.8,0.5,4,5,40,11,0.2,owlvit
AOI_2_Vegas_img1246,AOI_2_Vegas,AOI_2_Vegas:-11528:3615,test,owlvit,area,fixed,2.4,0.5,0,0,40,5,0.0,owlvit
AOI_2_Vegas_img1246,AOI_2_Vegas,AOI_2_Vegas:-11528:3615,test,owlvit,area,fixed,3.6,0.5,0,0,40,4,0.0,owlvit
AOI_2_Vegas_img1246,AOI_2_Vegas,AOI_2_Vegas:-11528:3615,test,owlvit,area,fixed,5.0,0.5,0,0,40,5,0.0,owlvit
AOI_2_Vegas_img1246,AOI_2_Vegas,AOI_2_Vegas:-11528:3615,test,owlvit,area,fixed,10.0,0.5,0,0,40,3,0.0,owlvit
AOI_2_Vegas_img1290,AOI_2_Vegas,AOI_2_Vegas:-11528:3623,test,owlvit,area,fixed,0.3,0.5,17,43,45,37,0.75,owlvit
AOI_2_Vegas_img1290,AOI_2_Vegas,AOI_2_Vegas:-11528:3623,test,owlvit,area,fixed,0.45,0.5,14,37,45,35,0.65,owlvit
AOI_2_Vegas_img1290,AOI_2_Vegas,AOI_2_Vegas:-11528:3623,test,owlvit,area,fixed,0.6,0.5,12,31,45,38,0.4,owlvit
AOI_2_Vegas_img1290,AOI_2_Vegas,AOI_2_Vegas:-11528:3623,test,owlvit,area,fixed,0.9,0.5,10,29,45,36,0.65,owlvit
AOI_2_Vegas_img1290,AOI_2_Vegas,AOI_2_Vegas:-11528:3623,test,owlvit,area,fixed,1.2,0.5,7,22,45,33,0.15,owlvit
AOI_2_Vegas_img1290,AOI_2_Vegas,AOI_2_Vegas:-11528:3623,test,owlvit,area,fixed,1.8,0.5,4,13,45,26,0.2,owlvit
AOI_2_Vegas_img1290,AOI_2_Vegas,AOI_2_Vegas:-11528:3623,test,owlvit,area,fixed,2.4,0.5,1,4,45,15,0.05,owlvit
AOI_2_Vegas_img1290,AOI_2_Vegas,AOI_2_Vegas:-11528:3623,test,owlvit,area,fixed,3.6,0.5,1,1,45,8,0.0,owlvit
AOI_2_Vegas_img1290,AOI_2_Vegas,AOI_2_Vegas:-11528:3623,test,owlvit,area,fixed,5.0,0.5,0,0,45,9,0.0,owlvit
AOI_2_Vegas_img1290,AOI_2_Vegas,AOI_2_Vegas:-11528:3623,test,owlvit,area,fixed,10.0,0.5,0,0,45,1,0.0,owlvit
AOI_2_Vegas_img1381,AOI_2_Vegas,AOI_2_Vegas:-11527:3617,test,owlvit,area,fixed,0.3,0.5,21,60,52,28,2.15,owlvit
AOI_2_Vegas_img1381,AOI_2_Vegas,AOI_2_Vegas:-11527:3617,test,owlvit,area,fixed,0.45,0.5,23,52,52,30,1.55,owlvit
AOI_2_Vegas_img1381,AOI_2_Vegas,AOI_2_Vegas:-11527:3617,test,owlvit,area,fixed,0.6,0.5,21,56,52,30,1.75,owlvit
AOI_2_Vegas_img1381,AOI_2_Vegas,AOI_2_Vegas:-11527:3617,test,owlvit,area,fixed,0.9,0.5,23,54,52,33,2.0,owlvit
AOI_2_Vegas_img1381,AOI_2_Vegas,AOI_2_Vegas:-11527:3617,test,owlvit,area,fixed,1.2,0.5,16,40,52,24,1.35,owlvit
AOI_2_Vegas_img1381,AOI_2_Vegas,AOI_2_Vegas:-11527:3617,test,owlvit,area,fixed,1.8,0.5,3,9,52,14,0.3,owlvit
AOI_2_Vegas_img1381,AOI_2_Vegas,AOI_2_Vegas:-11527:3617,test,owlvit,area,fixed,2.4,0.5,0,1,52,4,0.0,owlvit
AOI_2_Vegas_img1381,AOI_2_Vegas,AOI_2_Vegas:-11527:3617,test,owlvit,area,fixed,3.6,0.5,0,0,52,1,0.0,owlvit
AOI_2_Vegas_img1381,AOI_2_Vegas,AOI_2_Vegas:-11527:3617,test,owlvit,area,fixed,5.0,0.5,0,0,52,2,0.0,owlvit
AOI_2_Vegas_img1381,AOI_2_Vegas,AOI_2_Vegas:-11527:3617,test,owlvit,area,fixed,10.0,0.5,0,0,52,1,0.0,owlvit
AOI_2_Vegas_img139,AOI_2_Vegas,AOI_2_Vegas:-11531:3617,test,owlvit,area,fixed,0.3,0.5,8,68,26,33,0.65,owlvit
AOI_2_Vegas_img139,AOI_2_Vegas,AOI_2_Vegas:-11531:3617,test,owlvit,area,fixed,0.45,0.5,7,58,26,30,0.55,owlvit
AOI_2_Vegas_img139,AOI_2_Vegas,AOI_2_Vegas:-11531:3617,test,owlvit,area,fixed,0.6,0.5,6,48,26,31,0.4,owlvit
AOI_2_Vegas_img139,AOI_2_Vegas,AOI_2_Vegas:-11531:3617,test,owlvit,area,fixed,0.9,0.5,6,33,26,31,0.45,owlvit
AOI_2_Vegas_img139,AOI_2_Vegas,AOI_2_Vegas:-11531:3617,test,owlvit,area,fixed,1.2,0.5,6,21,26,32,0.35,owlvit
AOI_2_Vegas_img139,AOI_2_Vegas,AOI_2_Vegas:-11531:3617,test,owlvit,area,fixed,1.8,0.5,0,3,26,14,0.1,owlvit
AOI_2_Vegas_img139,AOI_2_Vegas,AOI_2_Vegas:-11531:3617,test,owlvit,area,fixed,2.4,0.5,0,0,26,8,0.0,owlvit
AOI_2_Vegas_img139,AOI_2_Vegas,AOI_2_Vegas:-11531:3617,test,owlvit,area,fixed,3.6,0.5,0,0,26,6,0.0,owlvit
AOI_2_Vegas_img139,AOI_2_Vegas,AOI_2_Vegas:-11531:3617,test,owlvit,area,fixed,5.0,0.5,0,0,26,2,0.0,owlvit
AOI_2_Vegas_img139,AOI_2_Vegas,AOI_2_Vegas:-11531:3617,test,owlvit,area,fixed,10.0,0.5,0,0,26,0,0.0,owlvit
AOI_2_Vegas_img1489,AOI_2_Vegas,AOI_2_Vegas:-11527:3614,test,owlvit,area,fixed,0.3,0.5,1,2,14,17,0.05,owlvit
AOI_2_Vegas_img1489,AOI_2_Vegas,AOI_2_Vegas:-11527:3614,test,owlvit,area,fixed,0.45,0.5,0,0,14,10,0.0,owlvit
AOI_2_Vegas_img1489,AOI_2_Vegas,AOI_2_Vegas:-11527:3614,test,owlvit,area,fixed,0.6,0.5,0,0,14,6,0.0,owlvit
AOI_2_Vegas_img1489,AOI_2_Vegas,AOI_2_Vegas:-11527:3614,test,owlvit,area,fixed,0.9,0.5,0,0,14,8,0.0,owlvit
AOI_2_Vegas_img1489,AOI_2_Vegas,AOI_2_Vegas:-11527:3614,test,owlvit,area,fixed,1.2,0.5,0,0,14,3,0.0,owlvit
AOI_2_Vegas_img1489,AOI_2_Vegas,AOI_2_Vegas:-11527:3614,test,owlvit,area,fixed,1.8,0.5,0,0,14,1,0.0,owlvit
AOI_2_Vegas_img1489,AOI_2_Vegas,AOI_2_Vegas:-11527:3614,test,owlvit,area,fixed,2.4,0.5,0,0,14,2,0.0,owlvit
AOI_2_Vegas_img1489,AOI_2_Vegas,AOI_2_Vegas:-11527:3614,test,owlvit,area,fixed,3.6,0.5,0,0,14,3,0.0,owlvit
AOI_2_Vegas_img1489,AOI_2_Vegas,AOI_2_Vegas:-11527:3614,test,owlvit,area,fixed,5.0,0.5,0,0,14,6,0.0,owlvit
AOI_2_Vegas_img1489,AOI_2_Vegas,AOI_2_Vegas:-11527:3614,test,owlvit,area,fixed,10.0,0.5,0,0,14,3,0.0,owlvit
AOI_2_Vegas_img1504,AOI_2_Vegas,AOI_2_Vegas:-11527:3616,test,owlvit,area,fixed,0.3,0.5,1,23,11,16,0.0,owlvit
AOI_2_Vegas_img1504,AOI_2_Vegas,AOI_2_Vegas:-11527:3616,test,owlvit,area,fixed,0.45,0.5,0,17,11,12,0.0,owlvit
AOI_2_Vegas_img1504,AOI_2_Vegas,AOI_2_Vegas:-11527:3616,test,owlvit,area,fixed,0.6,0.5,0,15,11,13,0.0,owlvit
AOI_2_Vegas_img1504,AOI_2_Vegas,AOI_2_Vegas:-11527:3616,test,owlvit,area,fixed,0.9,0.5,1,5,11,4,0.0,owlvit
AOI_2_Vegas_img1504,AOI_2_Vegas,AOI_2_Vegas:-11527:3616,test,owlvit,area,fixed,1.2,0.5,0,1,11,2,0.0,owlvit
AOI_2_Vegas_img1504,AOI_2_Vegas,AOI_2_Vegas:-11527:3616,test,owlvit,area,fixed,1.8,0.5,0,0,11,0,0.0,owlvit
AOI_2_Vegas_img1504,AOI_2_Vegas,AOI_2_Vegas:-11527:3616,test,owlvit,area,fixed,2.4,0.5,0,0,11,0,0.0,owlvit
AOI_2_Vegas_img1504,AOI_2_Vegas,AOI_2_Vegas:-11527:3616,test,owlvit,area,fixed,3.6,0.5,0,0,11,4,0.0,owlvit
AOI_2_Vegas_img1504,AOI_2_Vegas,AOI_2_Vegas:-11527:3616,test,owlvit,area,fixed,5.0,0.5,0,0,11,2,0.0,owlvit
AOI_2_Vegas_img1504,AOI_2_Vegas,AOI_2_Vegas:-11527:3616,test,owlvit,area,fixed,10.0,0.5,0,0,11,1,0.0,owlvit
AOI_2_Vegas_img1510,AOI_2_Vegas,AOI_2_Vegas:-11527:3618,test,owlvit,area,fixed,0.3,0.5,0,3,1,19,0.0,owlvit
AOI_2_Vegas_img1510,AOI_2_Vegas,AOI_2_Vegas:-11527:3618,test,owlvit,area,fixed,0.45,0.5,0,3,1,18,0.0,owlvit
AOI_2_Vegas_img1510,AOI_2_Vegas,AOI_2_Vegas:-11527:3618,test,owlvit,area,fixed,0.6,0.5,0,3,1,15,0.0,owlvit
AOI_2_Vegas_img1510,AOI_2_Vegas,AOI_2_Vegas:-11527:3618,test,owlvit,area,fixed,0.9,0.5,0,0,1,12,0.0,owlvit
AOI_2_Vegas_img1510,AOI_2_Vegas,AOI_2_Vegas:-11527:3618,test,owlvit,area,fixed,1.2,0.5,0,0,1,7,0.0,owlvit
AOI_2_Vegas_img1510,AOI_2_Vegas,AOI_2_Vegas:-11527:3618,test,owlvit,area,fixed,1.8,0.5,0,0,1,5,0.0,owlvit
AOI_2_Vegas_img1510,AOI_2_Vegas,AOI_2_Vegas:-11527:3618,test,owlvit,area,fixed,2.4,0.5,0,0,1,4,0.0,owlvit
AOI_2_Vegas_img1510,AOI_2_Vegas,AOI_2_Vegas:-11527:3618,test,owlvit,area,fixed,3.6,0.5,0,0,1,3,0.0,owlvit
AOI_2_Vegas_img1510,AOI_2_Vegas,AOI_2_Vegas:-11527:3618,test,owlvit,area,fixed,5.0,0.5,0,0,1,2,0.0,owlvit
AOI_2_Vegas_img1510,AOI_2_Vegas,AOI_2_Vegas:-11527:3618,test,owlvit,area,fixed,10.0,0.5,0,0,1,0,0.0,owlvit
AOI_2_Vegas_img1536,AOI_2_Vegas,AOI_2_Vegas:-11527:3622,test,owlvit,area,fixed,0.3,0.5,4,4,24,20,0.0,owlvit
AOI_2_Vegas_img1536,AOI_2_Vegas,AOI_2_Vegas:-11527:3622,test,owlvit,area,fixed,0.45,0.5,3,3,24,20,0.05,owlvit
AOI_2_Vegas_img1536,AOI_2_Vegas,AOI_2_Vegas:-11527:3622,test,owlvit,area,fixed,0.6,0.5,4,4,24,20,0.05,owlvit
AOI_2_Vegas_img1536,AOI_2_Vegas,AOI_2_Vegas:-11527:3622,test,owlvit,area,fixed,0.9,0.5,1,1,24,18,0.0,owlvit
AOI_2_Vegas_img1536,AOI_2_Vegas,AOI_2_Vegas:-11527:3622,test,owlvit,area,fixed,1.2,0.5,1,1,24,13,0.0,owlvit
AOI_2_Vegas_img1536,AOI_2_Vegas,AOI_2_Vegas:-11527:3622,test,owlvit,area,fixed,1.8,0.5,0,0,24,6,0.0,owlvit
AOI_2_Vegas_img1536,AOI_2_Vegas,AOI_2_Vegas:-11527:3622,test,owlvit,area,fixed,2.4,0.5,0,0,24,3,0.0,owlvit
AOI_2_Vegas_img1536,AOI_2_Vegas,AOI_2_Vegas:-11527:3622,test,owlvit,area,fixed,3.6,0.5,0,0,24,4,0.0,owlvit
AOI_2_Vegas_img1536,AOI_2_Vegas,AOI_2_Vegas:-11527:3622,test,owlvit,area,fixed,5.0,0.5,0,0,24,3,0.0,owlvit
AOI_2_Vegas_img1536,AOI_2_Vegas,AOI_2_Vegas:-11527:3622,test,owlvit,area,fixed,10.0,0.5,0,0,24,1,0.0,owlvit
AOI_2_Vegas_img1540,AOI_2_Vegas,AOI_2_Vegas:-11527:3623,test,owlvit,area,fixed,0.3,0.5,15,56,36,37,1.15,owlvit
AOI_2_Vegas_img1540,AOI_2_Vegas,AOI_2_Vegas:-11527:3623,test,owlvit,area,fixed,0.45,0.5,19,59,36,38,1.3,owlvit
AOI_2_Vegas_img1540,AOI_2_Vegas,AOI_2_Vegas:-11527:3623,test,owlvit,area,fixed,0.6,0.5,14,44,36,37,0.8,owlvit
AOI_2_Vegas_img1540,AOI_2_Vegas,AOI_2_Vegas:-11527:3623,test,owlvit,area,fixed,0.9,0.5,10,24,36,32,0.7,owlvit
AOI_2_Vegas_img1540,AOI_2_Vegas,AOI_2_Vegas:-11527:3623,test,owlvit,area,fixed,1.2,0.5,4,16,36,30,0.2,owlvit
AOI_2_Vegas_img1540,AOI_2_Vegas,AOI_2_Vegas:-11527:3623,test,owlvit,area,fixed,1.8,0.5,1,6,36,25,0.05,owlvit
AOI_2_Vegas_img1540,AOI_2_Vegas,AOI_2_Vegas:-11527:3623,test,owlvit,area,fixed,2.4,0.5,2,10,36,28,0.05,owlvit
AOI_2_Vegas_img1540,AOI_2_Vegas,AOI_2_Vegas:-11527:3623,test,owlvit,area,fixed,3.6,0.5,1,6,36,37,0.0,owlvit
AOI_2_Vegas_img1540,AOI_2_Vegas,AOI_2_Vegas:-11527:3623,test,owlvit,area,fixed,5.0,0.5,0,2,36,23,0.0,owlvit
AOI_2_Vegas_img1540,AOI_2_Vegas,AOI_2_Vegas:-11527:3623,test,owlvit,area,fixed,10.0,0.5,0,0,36,2,0.0,owlvit
AOI_2_Vegas_img1542,AOI_2_Vegas,AOI_2_Vegas:-11527:3612,test,owlvit,area,fixed,0.3,0.5,0,0,61,18,0.0,owlvit
AOI_2_Vegas_img1542,AOI_2_Vegas,AOI_2_Vegas:-11527:3612,test,owlvit,area,fixed,0.45,0.5,0,0,61,14,0.0,owlvit
AOI_2_Vegas_img1542,AOI_2_Vegas,AOI_2_Vegas:-11527:3612,test,owlvit,area,fixed,0.6,0.5,0,0,61,18,0.0,owlvit
AOI_2_Vegas_img1542,AOI_2_Vegas,AOI_2_Vegas:-11527:3612,test,owlvit,area,fixed,0.9,0.5,0,0,61,11,0.0,owlvit
AOI_2_Vegas_img1542,AOI_2_Vegas,AOI_2_Vegas:-11527:3612,test,owlvit,area,fixed,1.2,0.5,0,0,61,11,0.0,owlvit
AOI_2_Vegas_img1542,AOI_2_Vegas,AOI_2_Vegas:-11527:3612,test,owlvit,area,fixed,1.8,0.5,0,0,61,6,0.0,owlvit
AOI_2_Vegas_img1542,AOI_2_Vegas,AOI_2_Vegas:-11527:3612,test,owlvit,area,fixed,2.4,0.5,0,0,61,4,0.0,owlvit
AOI_2_Vegas_img1542,AOI_2_Vegas,AOI_2_Vegas:-11527:3612,test,owlvit,area,fixed,3.6,0.5,0,0,61,2,0.0,owlvit
AOI_2_Vegas_img1542,AOI_2_Vegas,AOI_2_Vegas:-11527:3612,test,owlvit,area,fixed,5.0,0.5,0,0,61,3,0.0,owlvit
AOI_2_Vegas_img1542,AOI_2_Vegas,AOI_2_Vegas:-11527:3612,test,owlvit,area,fixed,10.0,0.5,0,0,61,0,0.0,owlvit
AOI_2_Vegas_img1548,AOI_2_Vegas,AOI_2_Vegas:-11527:3613,test,owlvit,area,fixed,0.3,0.5,6,65,26,53,0.25,owlvit
AOI_2_Vegas_img1548,AOI_2_Vegas,AOI_2_Vegas:-11527:3613,test,owlvit,area,fixed,0.45,0.5,4,52,26,52,0.4,owlvit
AOI_2_Vegas_img1548,AOI_2_Vegas,AOI_2_Vegas:-11527:3613,test,owlvit,area,fixed,0.6,0.5,6,47,26,49,0.3,owlvit
AOI_2_Vegas_img1548,AOI_2_Vegas,AOI_2_Vegas:-11527:3613,test,owlvit,area,fixed,0.9,0.5,4,42,26,42,0.25,owlvit
AOI_2_Vegas_img1548,AOI_2_Vegas,AOI_2_Vegas:-11527:3613,test,owlvit,area,fixed,1.2,0.5,5,32,26,46,0.3,owlvit
AOI_2_Vegas_img1548,AOI_2_Vegas,AOI_2_Vegas:-11527:3613,test,owlvit,area,fixed,1.8,0.5,4,15,26,27,0.35,owlvit
AOI_2_Vegas_img1548,AOI_2_Vegas,AOI_2_Vegas:-11527:3613,test,owlvit,area,fixed,2.4,0.5,4,5,26,15,0.05,owlvit
AOI_2_Vegas_img1548,AOI_2_Vegas,AOI_2_Vegas:-11527:3613,test,owlvit,area,fixed,3.6,0.5,0,0,26,4,0.0,owlvit
AOI_2_Vegas_img1548,AOI_2_Vegas,AOI_2_Vegas:-11527:3613,test,owlvit,area,fixed,5.0,0.5,0,0,26,2,0.0,owlvit
AOI_2_Vegas_img1548,AOI_2_Vegas,AOI_2_Vegas:-11527:3613,test,owlvit,area,fixed,10.0,0.5,0,0,26,0,0.0,owlvit
AOI_2_Vegas_img1566,AOI_2_Vegas,AOI_2_Vegas:-11527:3616,test,owlvit,area,fixed,0.3,0.5,4,55,16,49,0.1,owlvit
AOI_2_Vegas_img1566,AOI_2_Vegas,AOI_2_Vegas:-11527:3616,test,owlvit,area,fixed,0.45,0.5,2,24,16,40,0.05,owlvit
AOI_2_Vegas_img1566,AOI_2_Vegas,AOI_2_Vegas:-11527:3616,test,owlvit,area,fixed,0.6,0.5,2,21,16,36,0.0,owlvit
AOI_2_Vegas_img1566,AOI_2_Vegas,AOI_2_Vegas:-11527:3616,test,owlvit,area,fixed,0.9,0.5,1,16,16,29,0.0,owlvit
AOI_2_Vegas_img1566,AOI_2_Vegas,AOI_2_Vegas:-11527:3616,test,owlvit,area,fixed,1.2,0.5,1,13,16,25,0.0,owlvit
AOI_2_Vegas_img1566,AOI_2_Vegas,AOI_2_Vegas:-11527:3616,test,owlvit,area,fixed,1.8,0.5,1,5,16,20,0.0,owlvit
AOI_2_Vegas_img1566,AOI_2_Vegas,AOI_2_Vegas:-11527:3616,test,owlvit,area,fixed,2.4,0.5,1,1,16,14,0.0,owlvit
AOI_2_Vegas_img1566,AOI_2_Vegas,AOI_2_Vegas:-11527:3616,test,owlvit,area,fixed,3.6,0.5,1,1,16,14,0.0,owlvit
AOI_2_Vegas_img1566,AOI_2_Vegas,AOI_2_Vegas:-11527:3616,test,owlvit,area,fixed,5.0,0.5,0,0,16,5,0.0,owlvit
AOI_2_Vegas_img1566,AOI_2_Vegas,AOI_2_Vegas:-11527:3616,test,owlvit,area,fixed,10.0,0.5,0,0,16,0,0.0,owlvit
AOI_2_Vegas_img1582,AOI_2_Vegas,AOI_2_Vegas:-11527:3619,test,owlvit,area,fixed,0.3,0.5,5,70,19,64,0.1,owlvit
AOI_2_Vegas_img1582,AOI_2_Vegas,AOI_2_Vegas:-11527:3619,test,owlvit,area,fixed,0.45,0.5,5,73,19,61,0.1,owlvit
AOI_2_Vegas_img1582,AOI_2_Vegas,AOI_2_Vegas:-11527:3619,test,owlvit,area,fixed,0.6,0.5,5,58,19,58,0.35,owlvit
AOI_2_Vegas_img1582,AOI_2_Vegas,AOI_2_Vegas:-11527:3619,test,owlvit,area,fixed,0.9,0.5,5,43,19,57,0.25,owlvit
AOI_2_Vegas_img1582,AOI_2_Vegas,AOI_2_Vegas:-11527:3619,test,owlvit,area,fixed,1.2,0.5,3,29,19,56,0.05,owlvit
AOI_2_Vegas_img1582,AOI_2_Vegas,AOI_2_Vegas:-11527:3619,test,owlvit,area,fixed,1.8,0.5,2,11,19,53,0.0,owlvit
AOI_2_Vegas_img1582,AOI_2_Vegas,AOI_2_Vegas:-11527:3619,test,owlvit,area,fixed,2.4,0.5,1,5,19,33,0.0,owlvit
AOI_2_Vegas_img1582,AOI_2_Vegas,AOI_2_Vegas:-11527:3619,test,owlvit,area,fixed,3.6,0.5,0,1,19,23,0.0,owlvit
AOI_2_Vegas_img1582,AOI_2_Vegas,AOI_2_Vegas:-11527:3619,test,owlvit,area,fixed,5.0,0.5,2,6,19,82,0.0,owlvit
AOI_2_Vegas_img1582,AOI_2_Vegas,AOI_2_Vegas:-11527:3619,test,owlvit,area,fixed,10.0,0.5,0,0,19,0,0.0,owlvit
AOI_2_Vegas_img1601,AOI_2_Vegas,AOI_2_Vegas:-11527:3623,test,owlvit,area,fixed,0.3,0.5,4,48,17,50,0.4,owlvit
AOI_2_Vegas_img1601,AOI_2_Vegas,AOI_2_Vegas:-11527:3623,test,owlvit,area,fixed,0.45,0.5,5,39,17,49,0.25,owlvit
AOI_2_Vegas_img1601,AOI_2_Vegas,AOI_2_Vegas:-11527:3623,test,owlvit,area,fixed,0.6,0.5,4,41,17,51,0.55,owlvit
AOI_2_Vegas_img1601,AOI_2_Vegas,AOI_2_Vegas:-11527:3623,test,owlvit,area,fixed,0.9,0.5,5,37,17,54,0.35,owlvit
AOI_2_Vegas_img1601,AOI_2_Vegas,AOI_2_Vegas:-11527:3623,test,owlvit,area,fixed,1.2,0.5,4,30,17,53,0.2,owlvit
AOI_2_Vegas_img1601,AOI_2_Vegas,AOI_2_Vegas:-11527:3623,test,owlvit,area,fixed,1.8,0.5,4,26,17,52,0.2,owlvit
AOI_2_Vegas_img1601,AOI_2_Vegas,AOI_2_Vegas:-11527:3623,test,owlvit,area,fixed,2.4,0.5,3,12,17,34,0.4,owlvit
AOI_2_Vegas_img1601,AOI_2_Vegas,AOI_2_Vegas:-11527:3623,test,owlvit,area,fixed,3.6,0.5,0,1,17,6,0.0,owlvit
AOI_2_Vegas_img1601,AOI_2_Vegas,AOI_2_Vegas:-11527:3623,test,owlvit,area,fixed,5.0,0.5,0,0,17,3,0.0,owlvit
AOI_2_Vegas_img1601,AOI_2_Vegas,AOI_2_Vegas:-11527:3623,test,owlvit,area,fixed,10.0,0.5,0,0,17,1,0.0,owlvit
AOI_2_Vegas_img1605,AOI_2_Vegas,AOI_2_Vegas:-11527:3612,test,owlvit,area,fixed,0.3,0.5,13,22,22,40,0.0,owlvit
AOI_2_Vegas_img1605,AOI_2_Vegas,AOI_2_Vegas:-11527:3612,test,owlvit,area,fixed,0.45,0.5,11,22,22,39,0.15,owlvit
AOI_2_Vegas_img1605,AOI_2_Vegas,AOI_2_Vegas:-11527:3612,test,owlvit,area,fixed,0.6,0.5,11,20,22,36,0.05,owlvit
AOI_2_Vegas_img1605,AOI_2_Vegas,AOI_2_Vegas:-11527:3612,test,owlvit,area,fixed,0.9,0.5,8,19,22,29,0.1,owlvit
AOI_2_Vegas_img1605,AOI_2_Vegas,AOI_2_Vegas:-11527:3612,test,owlvit,area,fixed,1.2,0.5,8,18,22,22,0.2,owlvit
AOI_2_Vegas_img1605,AOI_2_Vegas,AOI_2_Vegas:-11527:3612,test,owlvit,area,fixed,1.8,0.5,5,15,22,22,0.1,owlvit
AOI_2_Vegas_img1605,AOI_2_Vegas,AOI_2_Vegas:-11527:3612,test,owlvit,area,fixed,2.4,0.5,0,0,22,15,0.0,owlvit
AOI_2_Vegas_img1605,AOI_2_Vegas,AOI_2_Vegas:-11527:3612,test,owlvit,area,fixed,3.6,0.5,0,0,22,14,0.0,owlvit
AOI_2_Vegas_img1605,AOI_2_Vegas,AOI_2_Vegas:-11527:3612,test,owlvit,area,fixed,5.0,0.5,0,0,22,13,0.0,owlvit
AOI_2_Vegas_img1605,AOI_2_Vegas,AOI_2_Vegas:-11527:3612,test,owlvit,area,fixed,10.0,0.5,0,0,22,1,0.0,owlvit
AOI_2_Vegas_img1626,AOI_2_Vegas,AOI_2_Vegas:-11527:3616,test,owlvit,area,fixed,0.3,0.5,19,29,38,29,0.75,owlvit
AOI_2_Vegas_img1626,AOI_2_Vegas,AOI_2_Vegas:-11527:3616,test,owlvit,area,fixed,0.45,0.5,14,30,38,28,1.2,owlvit
AOI_2_Vegas_img1626,AOI_2_Vegas,AOI_2_Vegas:-11527:3616,test,owlvit,area,fixed,0.6,0.5,13,28,38,29,0.75,owlvit
AOI_2_Vegas_img1626,AOI_2_Vegas,AOI_2_Vegas:-11527:3616,test,owlvit,area,fixed,0.9,0.5,12,24,38,32,0.9,owlvit
AOI_2_Vegas_img1626,AOI_2_Vegas,AOI_2_Vegas:-11527:3616,test,owlvit,area,fixed,1.2,0.5,13,25,38,28,0.95,owlvit
AOI_2_Vegas_img1626,AOI_2_Vegas,AOI_2_Vegas:-11527:3616,test,owlvit,area,fixed,1.8,0.5,4,13,38,20,0.3,owlvit
AOI_2_Vegas_img1626,AOI_2_Vegas,AOI_2_Vegas:-11527:3616,test,owlvit,area,fixed,2.4,0.5,1,3,38,9,0.05,owlvit
AOI_2_Vegas_img1626,AOI_2_Vegas,AOI_2_Vegas:-11527:3616,test,owlvit,area,fixed,3.6,0.5,0,0,38,5,0.0,owlvit
AOI_2_Vegas_img1626,AOI_2_Vegas,AOI_2_Vegas:-11527:3616,test,owlvit,area,fixed,5.0,0.5,0,0,38,3,0.0,owlvit
AOI_2_Vegas_img1626,AOI_2_Vegas,AOI_2_Vegas:-11527:3616,test,owlvit,area,fixed,10.0,0.5,0,0,38,1,0.0,owlvit
AOI_2_Vegas_img166,AOI_2_Vegas,AOI_2_Vegas:-11531:3612,test,owlvit,area,fixed,0.3,0.5,13,38,18,13,0.65,owlvit
AOI_2_Vegas_img166,AOI_2_Vegas,AOI_2_Vegas:-11531:3612,test,owlvit,area,fixed,0.45,0.5,13,32,18,10,1.0,owlvit
AOI_2_Vegas_img166,AOI_2_Vegas,AOI_2_Vegas:-11531:3612,test,owlvit,area,fixed,0.6,0.5,13,31,18,9,0.45,owlvit
AOI_2_Vegas_img166,AOI_2_Vegas,AOI_2_Vegas:-11531:3612,test,owlvit,area,fixed,0.9,0.5,13,33,18,12,0.8,owlvit
AOI_2_Vegas_img166,AOI_2_Vegas,AOI_2_Vegas:-11531:3612,test,owlvit,area,fixed,1.2,0.5,13,37,18,12,0.55,owlvit
AOI_2_Vegas_img166,AOI_2_Vegas,AOI_2_Vegas:-11531:3612,test,owlvit,area,fixed,1.8,0.5,10,28,18,6,0.6,owlvit
AOI_2_Vegas_img166,AOI_2_Vegas,AOI_2_Vegas:-11531:3612,test,owlvit,area,fixed,2.4,0.5,7,9,18,4,0.0,owlvit
AOI_2_Vegas_img166,AOI_2_Vegas,AOI_2_Vegas:-11531:3612,test,owlvit,area,fixed,3.6,0.5,5,7,18,2,0.1,owlvit
AOI_2_Vegas_img166,AOI_2_Vegas,AOI_2_Vegas:-11531:3612,test,owlvit,area,fixed,5.0,0.5,0,0,18,0,0.0,owlvit
AOI_2_Vegas_img166,AOI_2_Vegas,AOI_2_Vegas:-11531:3612,test,owlvit,area,fixed,10.0,0.5,0,0,18,1,0.0,owlvit
AOI_2_Vegas_img1669,AOI_2_Vegas,AOI_2_Vegas:-11526:3613,test,owlvit,area,fixed,0.3,0.5,9,74,28,38,0.9,owlvit
AOI_2_Vegas_img1669,AOI_2_Vegas,AOI_2_Vegas:-11526:3613,test,owlvit,area,fixed,0.45,0.5,9,57,28,37,0.55,owlvit
AOI_2_Vegas_img1669,AOI_2_Vegas,AOI_2_Vegas:-11526:3613,test,owlvit,area,fixed,0.6,0.5,9,56,28,38,0.4,owlvit
AOI_2_Vegas_img1669,AOI_2_Vegas,AOI_2_Vegas:-11526:3613,test,owlvit,area,fixed,0.9,0.5,7,42,28,38,0.45,owlvit
AOI_2_Vegas_img1669,AOI_2_Vegas,AOI_2_Vegas:-11526:3613,test,owlvit,area,fixed,1.2,0.5,7,20,28,32,0.3,owlvit
AOI_2_Vegas_img1669,AOI_2_Vegas,AOI_2_Vegas:-11526:3613,test,owlvit,area,fixed,1.8,0.5,3,6,28,13,0.05,owlvit
AOI_2_Vegas_img1669,AOI_2_Vegas,AOI_2_Vegas:-11526:3613,test,owlvit,area,fixed,2.4,0.5,5,12,28,57,0.4,owlvit
AOI_2_Vegas_img1669,AOI_2_Vegas,AOI_2_Vegas:-11526:3613,test,owlvit,area,fixed,3.6,0.5,1,1,28,4,0.0,owlvit
AOI_2_Vegas_img1669,AOI_2_Vegas,AOI_2_Vegas:-11526:3613,test,owlvit,area,fixed,5.0,0.5,0,0,28,1,0.0,owlvit
AOI_2_Vegas_img1669,AOI_2_Vegas,AOI_2_Vegas:-11526:3613,test,owlvit,area,fixed,10.0,0.5,0,0,28,0,0.0,owlvit
AOI_2_Vegas_img1671,AOI_2_Vegas,AOI_2_Vegas:-11526:3613,test,owlvit,area,fixed,0.3,0.5,4,49,21,38,0.4,owlvit
AOI_2_Vegas_img1671,AOI_2_Vegas,AOI_2_Vegas:-11526:3613,test,owlvit,area,fixed,0.45,0.5,4,43,21,40,0.3,owlvit
AOI_2_Vegas_img1671,AOI_2_Vegas,AOI_2_Vegas:-11526:3613,test,owlvit,area,fixed,0.6,0.5,5,37,21,39,0.5,owlvit
AOI_2_Vegas_img1671,AOI_2_Vegas,AOI_2_Vegas:-11526:3613,test,owlvit,area,fixed,0.9,0.5,4,36,21,42,0.5,owlvit
AOI_2_Vegas_img1671,AOI_2_Vegas,AOI_2_Vegas:-11526:3613,test,owlvit,area,fixed,1.2,0.5,6,28,21,36,0.5,owlvit
AOI_2_Vegas_img1671,AOI_2_Vegas,AOI_2_Vegas:-11526:3613,test,owlvit,area,fixed,1.8,0.5,3,13,21,30,0.2,owlvit
AOI_2_Vegas_img1671,AOI_2_Vegas,AOI_2_Vegas:-11526:3613,test,owlvit,area,fixed,2.4,0.5,0,3,21,14,0.1,owlvit
AOI_2_Vegas_img1671,AOI_2_Vegas,AOI_2_Vegas:-11526:3613,test,owlvit,area,fixed,3.6,0.5,1,1,21,5,0.0,owlvit
AOI_2_Vegas_img1671,AOI_2_Vegas,AOI_2_Vegas:-11526:3613,test,owlvit,area,fixed,5.0,0.5,0,0,21,2,0.0,owlvit
AOI_2_Vegas_img1671,AOI_2_Vegas,AOI_2_Vegas:-11526:3613,test,owlvit,area,fixed,10.0,0.5,0,0,21,0,0.0,owlvit
AOI_2_Vegas_img1697,AOI_2_Vegas,AOI_2_Vegas:-11526:3618,test,owlvit,area,fixed,0.3,0.5,4,16,9,48,0.2,owlvit
AOI_2_Vegas_img1697,AOI_2_Vegas,AOI_2_Vegas:-11526:3618,test,owlvit,area,fixed,0.45,0.5,4,10,9,39,0.0,owlvit
AOI_2_Vegas_img1697,AOI_2_Vegas,AOI_2_Vegas:-11526:3618,test,owlvit,area,fixed,0.6,0.5,4,11,9,41,0.0,owlvit
AOI_2_Vegas_img1697,AOI_2_Vegas,AOI_2_Vegas:-11526:3618,test,owlvit,area,fixed,0.9,0.5,1,2,9,27,0.0,owlvit
AOI_2_Vegas_img1697,AOI_2_Vegas,AOI_2_Vegas:-11526:3618,test,owlvit,area,fixed,1.2,0.5,0,0,9,14,0.0,owlvit
AOI_2_Vegas_img1697,AOI_2_Vegas,AOI_2_Vegas:-11526:3618,test,owlvit,area,fixed,1.8,0.5,0,0,9,5,0.0,owlvit
AOI_2_Vegas_img1697,AOI_2_Vegas,AOI_2_Vegas:-11526:3618,test,owlvit,area,fixed,2.4,0.5,0,0,9,2,0.0,owlvit
AOI_2_Vegas_img1697,AOI_2_Vegas,AOI_2_Vegas:-11526:3618,test,owlvit,area,fixed,3.6,0.5,0,0,9,5,0.0,owlvit
AOI_2_Vegas_img1697,AOI_2_Vegas,AOI_2_Vegas:-11526:3618,test,owlvit,area,fixed,5.0,0.5,0,0,9,5,0.0,owlvit
AOI_2_Vegas_img1697,AOI_2_Vegas,AOI_2_Vegas:-11526:3618,test,owlvit,area,fixed,10.0,0.5,0,0,9,1,0.0,owlvit
AOI_2_Vegas_img1746,AOI_2_Vegas,AOI_2_Vegas:-11526:3615,test,owlvit,area,fixed,0.3,0.5,5,43,18,35,0.05,owlvit
AOI_2_Vegas_img1746,AOI_2_Vegas,AOI_2_Vegas:-11526:3615,test,owlvit,area,fixed,0.45,0.5,5,35,18,33,0.2,owlvit
AOI_2_Vegas_img1746,AOI_2_Vegas,AOI_2_Vegas:-11526:3615,test,owlvit,area,fixed,0.6,0.5,5,31,18,34,0.15,owlvit
AOI_2_Vegas_img1746,AOI_2_Vegas,AOI_2_Vegas:-11526:3615,test,owlvit,area,fixed,0.9,0.5,2,15,18,25,0.05,owlvit
AOI_2_Vegas_img1746,AOI_2_Vegas,AOI_2_Vegas:-11526:3615,test,owlvit,area,fixed,1.2,0.5,2,15,18,23,0.0,owlvit
AOI_2_Vegas_img1746,AOI_2_Vegas,AOI_2_Vegas:-11526:3615,test,owlvit,area,fixed,1.8,0.5,2,8,18,26,0.15,owlvit
AOI_2_Vegas_img1746,AOI_2_Vegas,AOI_2_Vegas:-11526:3615,test,owlvit,area,fixed,2.4,0.5,2,3,18,13,0.0,owlvit
AOI_2_Vegas_img1746,AOI_2_Vegas,AOI_2_Vegas:-11526:3615,test,owlvit,area,fixed,3.6,0.5,0,0,18,7,0.0,owlvit
AOI_2_Vegas_img1746,AOI_2_Vegas,AOI_2_Vegas:-11526:3615,test,owlvit,area,fixed,5.0,0.5,0,0,18,6,0.0,owlvit
AOI_2_Vegas_img1746,AOI_2_Vegas,AOI_2_Vegas:-11526:3615,test,owlvit,area,fixed,10.0,0.5,0,0,18,0,0.0,owlvit
AOI_2_Vegas_img1762,AOI_2_Vegas,AOI_2_Vegas:-11526:3618,test,owlvit,area,fixed,0.3,0.5,4,6,71,17,0.2,owlvit
AOI_2_Vegas_img1762,AOI_2_Vegas,AOI_2_Vegas:-11526:3618,test,owlvit,area,fixed,0.45,0.5,1,4,71,21,0.05,owlvit
AOI_2_Vegas_img1762,AOI_2_Vegas,AOI_2_Vegas:-11526:3618,test,owlvit,area,fixed,0.6,0.5,2,3,71,14,0.05,owlvit
AOI_2_Vegas_img1762,AOI_2_Vegas,AOI_2_Vegas:-11526:3618,test,owlvit,area,fixed,0.9,0.5,0,0,71,9,0.0,owlvit
AOI_2_Vegas_img1762,AOI_2_Vegas,AOI_2_Vegas:-11526:3618,test,owlvit,area,fixed,1.2,0.5,0,0,71,6,0.0,owlvit
AOI_2_Vegas_img1762,AOI_2_Vegas,AOI_2_Vegas:-11526:3618,test,owlvit,area,fixed,1.8,0.5,0,0,71,1,0.0,owlvit
AOI_2_Vegas_img1762,AOI_2_Vegas,AOI_2_Vegas:-11526:3618,test,owlvit,area,fixed,2.4,0.5,0,0,71,1,0.0,owlvit
AOI_2_Vegas_img1762,AOI_2_Vegas,AOI_2_Vegas:-11526:3618,test,owlvit,area,fixed,3.6,0.5,0,0,71,1,0.0,owlvit
AOI_2_Vegas_img1762,AOI_2_Vegas,AOI_2_Vegas:-11526:3618,test,owlvit,area,fixed,5.0,0.5,0,0,71,1,0.0,owlvit
AOI_2_Vegas_img1762,AOI_2_Vegas,AOI_2_Vegas:-11526:3618,test,owlvit,area,fixed,10.0,0.5,0,0,71,0,0.0,owlvit
AOI_2_Vegas_img1773,AOI_2_Vegas,AOI_2_Vegas:-11526:3620,test,owlvit,area,fixed,0.3,0.5,1,4,9,33,0.0,owlvit
AOI_2_Vegas_img1773,AOI_2_Vegas,AOI_2_Vegas:-11526:3620,test,owlvit,area,fixed,0.45,0.5,1,3,9,26,0.0,owlvit
AOI_2_Vegas_img1773,AOI_2_Vegas,AOI_2_Vegas:-11526:3620,test,owlvit,area,fixed,0.6,0.5,1,1,9,24,0.0,owlvit
AOI_2_Vegas_img1773,AOI_2_Vegas,AOI_2_Vegas:-11526:3620,test,owlvit,area,fixed,0.9,0.5,1,1,9,18,0.05,owlvit
AOI_2_Vegas_img1773,AOI_2_Vegas,AOI_2_Vegas:-11526:3620,test,owlvit,area,fixed,1.2,0.5,0,0,9,16,0.0,owlvit
AOI_2_Vegas_img1773,AOI_2_Vegas,AOI_2_Vegas:-11526:3620,test,owlvit,area,fixed,1.8,0.5,0,0,9,18,0.0,owlvit
AOI_2_Vegas_img1773,AOI_2_Vegas,AOI_2_Vegas:-11526:3620,test,owlvit,area,fixed,2.4,0.5,0,0,9,17,0.0,owlvit
AOI_2_Vegas_img1773,AOI_2_Vegas,AOI_2_Vegas:-11526:3620,test,owlvit,area,fixed,3.6,0.5,0,1,9,17,0.0,owlvit
AOI_2_Vegas_img1773,AOI_2_Vegas,AOI_2_Vegas:-11526:3620,test,owlvit,area,fixed,5.0,0.5,0,0,9,6,0.0,owlvit
AOI_2_Vegas_img1773,AOI_2_Vegas,AOI_2_Vegas:-11526:3620,test,owlvit,area,fixed,10.0,0.5,0,0,9,0,0.0,owlvit
AOI_2_Vegas_img1784,AOI_2_Vegas,AOI_2_Vegas:-11526:3622,test,owlvit,area,fixed,0.3,0.5,22,69,53,38,0.95,owlvit
AOI_2_Vegas_img1784,AOI_2_Vegas,AOI_2_Vegas:-11526:3622,test,owlvit,area,fixed,0.45,0.5,21,66,53,37,1.35,owlvit
AOI_2_Vegas_img1784,AOI_2_Vegas,AOI_2_Vegas:-11526:3622,test,owlvit,area,fixed,0.6,0.5,19,59,53,37,1.0,owlvit
AOI_2_Vegas_img1784,AOI_2_Vegas,AOI_2_Vegas:-11526:3622,test,owlvit,area,fixed,0.9,0.5,17,49,53,37,1.1,owlvit
AOI_2_Vegas_img1784,AOI_2_Vegas,AOI_2_Vegas:-11526:3622,test,owlvit,area,fixed,1.2,0.5,12,35,53,32,0.45,owlvit
AOI_2_Vegas_img1784,AOI_2_Vegas,AOI_2_Vegas:-11526:3622,test,owlvit,area,fixed,1.8,0.5,14,26,53,31,0.6,owlvit
AOI_2_Vegas_img1784,AOI_2_Vegas,AOI_2_Vegas:-11526:3622,test,owlvit,area,fixed,2.4,0.5,12,13,53,17,0.45,owlvit
AOI_2_Vegas_img1784,AOI_2_Vegas,AOI_2_Vegas:-11526:3622,test,owlvit,area,fixed,3.6,0.5,3,4,53,8,0.05,owlvit
AOI_2_Vegas_img1784,AOI_2_Vegas,AOI_2_Vegas:-11526:3622,test,owlvit,area,fixed,5.0,0.5,0,0,53,6,0.0,owlvit
AOI_2_Vegas_img1784,AOI_2_Vegas,AOI_2_Vegas:-11526:3622,test,owlvit,area,fixed,10.0,0.5,0,0,53,0,0.0,owlvit
AOI_2_Vegas_img1791,AOI_2_Vegas,AOI_2_Vegas:-11526:3612,test,owlvit,area,fixed,0.3,0.5,1,12,6,25,0.0,owlvit
AOI_2_Vegas_img1791,AOI_2_Vegas,AOI_2_Vegas:-11526:3612,test,owlvit,area,fixed,0.45,0.5,0,6,6,22,0.0,owlvit
AOI_2_Vegas_img1791,AOI_2_Vegas,AOI_2_Vegas:-11526:3612,test,owlvit,area,fixed,0.6,0.5,0,4,6,23,0.0,owlvit
AOI_2_Vegas_img1791,AOI_2_Vegas,AOI_2_Vegas:-11526:3612,test,owlvit,area,fixed,0.9,0.5,0,1,6,19,0.0,owlvit
AOI_2_Vegas_img1791,AOI_2_Vegas,AOI_2_Vegas:-11526:3612,test,owlvit,area,fixed,1.2,0.5,1,2,6,17,0.0,owlvit
AOI_2_Vegas_img1791,AOI_2_Vegas,AOI_2_Vegas:-11526:3612,test,owlvit,area,fixed,1.8,0.5,0,0,6,14,0.0,owlvit
AOI_2_Vegas_img1791,AOI_2_Vegas,AOI_2_Vegas:-11526:3612,test,owlvit,area,fixed,2.4,0.5,0,0,6,10,0.0,owlvit
AOI_2_Vegas_img1791,AOI_2_Vegas,AOI_2_Vegas:-11526:3612,test,owlvit,area,fixed,3.6,0.5,0,0,6,6,0.0,owlvit
AOI_2_Vegas_img1791,AOI_2_Vegas,AOI_2_Vegas:-11526:3612,test,owlvit,area,fixed,5.0,0.5,0,0,6,7,0.0,owlvit
AOI_2_Vegas_img1791,AOI_2_Vegas,AOI_2_Vegas:-11526:3612,test,owlvit,area,fixed,10.0,0.5,0,0,6,0,0.0,owlvit
AOI_2_Vegas_img1816,AOI_2_Vegas,AOI_2_Vegas:-11526:3617,test,owlvit,area,fixed,0.3,0.5,25,84,45,45,2.2,owlvit
AOI_2_Vegas_img1816,AOI_2_Vegas,AOI_2_Vegas:-11526:3617,test,owlvit,area,fixed,0.45,0.5,21,66,45,35,2.45,owlvit
AOI_2_Vegas_img1816,AOI_2_Vegas,AOI_2_Vegas:-11526:3617,test,owlvit,area,fixed,0.6,0.5,21,59,45,42,1.8,owlvit
AOI_2_Vegas_img1816,AOI_2_Vegas,AOI_2_Vegas:-11526:3617,test,owlvit,area,fixed,0.9,0.5,19,50,45,32,1.7,owlvit
AOI_2_Vegas_img1816,AOI_2_Vegas,AOI_2_Vegas:-11526:3617,test,owlvit,area,fixed,1.2,0.5,11,34,45,33,1.45,owlvit
AOI_2_Vegas_img1816,AOI_2_Vegas,AOI_2_Vegas:-11526:3617,test,owlvit,area,fixed,1.8,0.5,9,17,45,28,0.6,owlvit
AOI_2_Vegas_img1816,AOI_2_Vegas,AOI_2_Vegas:-11526:3617,test,owlvit,area,fixed,2.4,0.5,1,3,45,7,0.1,owlvit
AOI_2_Vegas_img1816,AOI_2_Vegas,AOI_2_Vegas:-11526:3617,test,owlvit,area,fixed,3.6,0.5,0,0,45,2,0.0,owlvit
AOI_2_Vegas_img1816,AOI_2_Vegas,AOI_2_Vegas:-11526:3617,test,owlvit,area,fixed,5.0,0.5,0,0,45,3,0.0,owlvit
AOI_2_Vegas_img1816,AOI_2_Vegas,AOI_2_Vegas:-11526:3617,test,owlvit,area,fixed,10.0,0.5,0,0,45,2,0.0,owlvit
AOI_2_Vegas_img1827,AOI_2_Vegas,AOI_2_Vegas:-11526:3619,test,owlvit,area,fixed,0.3,0.5,0,0,58,9,0.0,owlvit
AOI_2_Vegas_img1827,AOI_2_Vegas,AOI_2_Vegas:-11526:3619,test,owlvit,area,fixed,0.45,0.5,0,0,58,15,0.0,owlvit
AOI_2_Vegas_img1827,AOI_2_Vegas,AOI_2_Vegas:-11526:3619,test,owlvit,area,fixed,0.6,0.5,0,0,58,8,0.0,owlvit
AOI_2_Vegas_img1827,AOI_2_Vegas,AOI_2_Vegas:-11526:3619,test,owlvit,area,fixed,0.9,0.5,0,0,58,7,0.0,owlvit
AOI_2_Vegas_img1827,AOI_2_Vegas,AOI_2_Vegas:-11526:3619,test,owlvit,area,fixed,1.2,0.5,0,0,58,8,0.0,owlvit
AOI_2_Vegas_img1827,AOI_2_Vegas,AOI_2_Vegas:-11526:3619,test,owlvit,area,fixed,1.8,0.5,0,0,58,6,0.0,owlvit
AOI_2_Vegas_img1827,AOI_2_Vegas,AOI_2_Vegas:-11526:3619,test,owlvit,area,fixed,2.4,0.5,0,0,58,3,0.0,owlvit
AOI_2_Vegas_img1827,AOI_2_Vegas,AOI_2_Vegas:-11526:3619,test,owlvit,area,fixed,3.6,0.5,0,0,58,2,0.0,owlvit
AOI_2_Vegas_img1827,AOI_2_Vegas,AOI_2_Vegas:-11526:3619,test,owlvit,area,fixed,5.0,0.5,0,0,58,1,0.0,owlvit
AOI_2_Vegas_img1827,AOI_2_Vegas,AOI_2_Vegas:-11526:3619,test,owlvit,area,fixed,10.0,0.5,0,0,58,0,0.0,owlvit
AOI_2_Vegas_img1862,AOI_2_Vegas,AOI_2_Vegas:-11526:3614,test,owlvit,area,fixed,0.3,0.5,5,58,13,52,0.3,owlvit
AOI_2_Vegas_img1862,AOI_2_Vegas,AOI_2_Vegas:-11526:3614,test,owlvit,area,fixed,0.45,0.5,5,56,13,50,0.1,owlvit
AOI_2_Vegas_img1862,AOI_2_Vegas,AOI_2_Vegas:-11526:3614,test,owlvit,area,fixed,0.6,0.5,6,53,13,51,0.15,owlvit
AOI_2_Vegas_img1862,AOI_2_Vegas,AOI_2_Vegas:-11526:3614,test,owlvit,area,fixed,0.9,0.5,6,39,13,52,0.1,owlvit
AOI_2_Vegas_img1862,AOI_2_Vegas,AOI_2_Vegas:-11526:3614,test,owlvit,area,fixed,1.2,0.5,4,27,13,54,0.1,owlvit
AOI_2_Vegas_img1862,AOI_2_Vegas,AOI_2_Vegas:-11526:3614,test,owlvit,area,fixed,1.8,0.5,2,7,13,36,0.05,owlvit
AOI_2_Vegas_img1862,AOI_2_Vegas,AOI_2_Vegas:-11526:3614,test,owlvit,area,fixed,2.4,0.5,1,2,13,30,0.0,owlvit
AOI_2_Vegas_img1862,AOI_2_Vegas,AOI_2_Vegas:-11526:3614,test,owlvit,area,fixed,3.6,0.5,0,0,13,25,0.0,owlvit
AOI_2_Vegas_img1862,AOI_2_Vegas,AOI_2_Vegas:-11526:3614,test,owlvit,area,fixed,5.0,0.5,0,0,13,18,0.0,owlvit
AOI_2_Vegas_img1862,AOI_2_Vegas,AOI_2_Vegas:-11526:3614,test,owlvit,area,fixed,10.0,0.5,0,0,13,2,0.0,owlvit
AOI_2_Vegas_img189,AOI_2_Vegas,AOI_2_Vegas:-11531:3616,test,owlvit,area,fixed,0.3,0.5,5,12,17,24,0.05,owlvit
AOI_2_Vegas_img189,AOI_2_Vegas,AOI_2_Vegas:-11531:3616,test,owlvit,area,fixed,0.45,0.5,5,8,17,21,0.05,owlvit
AOI_2_Vegas_img189,AOI_2_Vegas,AOI_2_Vegas:-11531:3616,test,owlvit,area,fixed,0.6,0.5,4,7,17,19,0.15,owlvit
AOI_2_Vegas_img189,AOI_2_Vegas,AOI_2_Vegas:-11531:3616,test,owlvit,area,fixed,0.9,0.5,6,9,17,21,0.1,owlvit
AOI_2_Vegas_img189,AOI_2_Vegas,AOI_2_Vegas:-11531:3616,test,owlvit,area,fixed,1.2,0.5,4,11,17,17,0.35,owlvit
AOI_2_Vegas_img189,AOI_2_Vegas,AOI_2_Vegas:-11531:3616,test,owlvit,area,fixed,1.8,0.5,3,4,17,15,0.1,owlvit
AOI_2_Vegas_img189,AOI_2_Vegas,AOI_2_Vegas:-11531:3616,test,owlvit,area,fixed,2.4,0.5,1,1,17,7,0.05,owlvit
AOI_2_Vegas_img189,AOI_2_Vegas,AOI_2_Vegas:-11531:3616,test,owlvit,area,fixed,3.6,0.5,0,0,17,3,0.0,owlvit
AOI_2_Vegas_img189,AOI_2_Vegas,AOI_2_Vegas:-11531:3616,test,owlvit,area,fixed,5.0,0.5,0,0,17,3,0.0,owlvit
AOI_2_Vegas_img189,AOI_2_Vegas,AOI_2_Vegas:-11531:3616,test,owlvit,area,fixed,10.0,0.5,0,0,17,0,0.0,owlvit
AOI_2_Vegas_img1894,AOI_2_Vegas,AOI_2_Vegas:-11526:3620,test,owlvit,area,fixed,0.3,0.5,1,12,9,53,0.0,owlvit
AOI_2_Vegas_img1894,AOI_2_Vegas,AOI_2_Vegas:-11526:3620,test,owlvit,area,fixed,0.45,0.5,1,6,9,49,0.0,owlvit
AOI_2_Vegas_img1894,AOI_2_Vegas,AOI_2_Vegas:-11526:3620,test,owlvit,area,fixed,0.6,0.5,0,4,9,46,0.0,owlvit
AOI_2_Vegas_img1894,AOI_2_Vegas,AOI_2_Vegas:-11526:3620,test,owlvit,area,fixed,0.9,0.5,0,1,9,31,0.0,owlvit
AOI_2_Vegas_img1894,AOI_2_Vegas,AOI_2_Vegas:-11526:3620,test,owlvit,area,fixed,1.2,0.5,0,0,9,30,0.0,owlvit
AOI_2_Vegas_img1894,AOI_2_Vegas,AOI_2_Vegas:-11526:3620,test,owlvit,area,fixed,1.8,0.5,0,0,9,10,0.0,owlvit
AOI_2_Vegas_img1894,AOI_2_Vegas,AOI_2_Vegas:-11526:3620,test,owlvit,area,fixed,2.4,0.5,0,0,9,3,0.0,owlvit
AOI_2_Vegas_img1894,AOI_2_Vegas,AOI_2_Vegas:-11526:3620,test,owlvit,area,fixed,3.6,0.5,0,0,9,1,0.0,owlvit
AOI_2_Vegas_img1894,AOI_2_Vegas,AOI_2_Vegas:-11526:3620,test,owlvit,area,fixed,5.0,0.5,0,0,9,0,0.0,owlvit
AOI_2_Vegas_img1894,AOI_2_Vegas,AOI_2_Vegas:-11526:3620,test,owlvit,area,fixed,10.0,0.5,0,0,9,0,0.0,owlvit
AOI_2_Vegas_img190,AOI_2_Vegas,AOI_2_Vegas:-11531:3616,test,owlvit,area,fixed,0.3,0.5,11,44,22,21,0.6,owlvit
AOI_2_Vegas_img190,AOI_2_Vegas,AOI_2_Vegas:-11531:3616,test,owlvit,area,fixed,0.45,0.5,11,40,22,19,0.65,owlvit
AOI_2_Vegas_img190,AOI_2_Vegas,AOI_2_Vegas:-11531:3616,test,owlvit,area,fixed,0.6,0.5,9,46,22,24,1.1,owlvit
AOI_2_Vegas_img190,AOI_2_Vegas,AOI_2_Vegas:-11531:3616,test,owlvit,area,fixed,0.9,0.5,10,40,22,22,0.9,owlvit
AOI_2_Vegas_img190,AOI_2_Vegas,AOI_2_Vegas:-11531:3616,test,owlvit,area,fixed,1.2,0.5,11,38,22,19,1.0,owlvit
AOI_2_Vegas_img190,AOI_2_Vegas,AOI_2_Vegas:-11531:3616,test,owlvit,area,fixed,1.8,0.5,7,25,22,18,0.3,owlvit
AOI_2_Vegas_img190,AOI_2_Vegas,AOI_2_Vegas:-11531:3616,test,owlvit,area,fixed,2.4,0.5,5,19,22,25,0.45,owlvit
AOI_2_Vegas_img190,AOI_2_Vegas,AOI_2_Vegas:-11531:3616,test,owlvit,area,fixed,3.6,0.5,2,6,22,22,0.2,owlvit
AOI_2_Vegas_img190,AOI_2_Vegas,AOI_2_Vegas:-11531:3616,test,owlvit,area,fixed,5.0,0.5,0,0,22,2,0.0,owlvit
AOI_2_Vegas_img190,AOI_2_Vegas,AOI_2_Vegas:-11531:3616,test,owlvit,area,fixed,10.0,0.5,0,0,22,0,0.0,owlvit
AOI_2_Vegas_img1915,AOI_2_Vegas,AOI_2_Vegas:-11526:3612,test,owlvit,area,fixed,0.3,0.5,5,32,18,33,0.15,owlvit
AOI_2_Vegas_img1915,AOI_2_Vegas,AOI_2_Vegas:-11526:3612,test,owlvit,area,fixed,0.45,0.5,5,31,18,33,0.25,owlvit
AOI_2_Vegas_img1915,AOI_2_Vegas,AOI_2_Vegas:-11526:3612,test,owlvit,area,fixed,0.6,0.5,5,30,18,36,0.2,owlvit
AOI_2_Vegas_img1915,AOI_2_Vegas,AOI_2_Vegas:-11526:3612,test,owlvit,area,fixed,0.9,0.5,5,25,18,35,0.25,owlvit
AOI_2_Vegas_img1915,AOI_2_Vegas,AOI_2_Vegas:-11526:3612,test,owlvit,area,fixed,1.2,0.5,4,15,18,27,0.15,owlvit
AOI_2_Vegas_img1915,AOI_2_Vegas,AOI_2_Vegas:-11526:3612,test,owlvit,area,fixed,1.8,0.5,2,4,18,17,0.0,owlvit
AOI_2_Vegas_img1915,AOI_2_Vegas,AOI_2_Vegas:-11526:3612,test,owlvit,area,fixed,2.4,0.5,1,1,18,10,0.05,owlvit
AOI_2_Vegas_img1915,AOI_2_Vegas,AOI_2_Vegas:-11526:3612,test,owlvit,area,fixed,3.6,0.5,0,0,18,7,0.0,owlvit
AOI_2_Vegas_img1915,AOI_2_Vegas,AOI_2_Vegas:-11526:3612,test,owlvit,area,fixed,5.0,0.5,0,0,18,5,0.0,owlvit
AOI_2_Vegas_img1915,AOI_2_Vegas,AOI_2_Vegas:-11526:3612,test,owlvit,area,fixed,10.0,0.5,0,0,18,2,0.0,owlvit
AOI_2_Vegas_img1970,AOI_2_Vegas,AOI_2_Vegas:-11526:3622,test,owlvit,area,fixed,0.3,0.5,0,0,1,16,0.0,owlvit
AOI_2_Vegas_img1970,AOI_2_Vegas,AOI_2_Vegas:-11526:3622,test,owlvit,area,fixed,0.45,0.5,0,0,1,15,0.0,owlvit
AOI_2_Vegas_img1970,AOI_2_Vegas,AOI_2_Vegas:-11526:3622,test,owlvit,area,fixed,0.6,0.5,0,0,1,17,0.0,owlvit
AOI_2_Vegas_img1970,AOI_2_Vegas,AOI_2_Vegas:-11526:3622,test,owlvit,area,fixed,0.9,0.5,0,0,1,15,0.0,owlvit
AOI_2_Vegas_img1970,AOI_2_Vegas,AOI_2_Vegas:-11526:3622,test,owlvit,area,fixed,1.2,0.5,0,0,1,11,0.0,owlvit
AOI_2_Vegas_img1970,AOI_2_Vegas,AOI_2_Vegas:-11526:3622,test,owlvit,area,fixed,1.8,0.5,0,0,1,7,0.0,owlvit
AOI_2_Vegas_img1970,AOI_2_Vegas,AOI_2_Vegas:-11526:3622,test,owlvit,area,fixed,2.4,0.5,0,0,1,9,0.0,owlvit
AOI_2_Vegas_img1970,AOI_2_Vegas,AOI_2_Vegas:-11526:3622,test,owlvit,area,fixed,3.6,0.5,0,0,1,7,0.0,owlvit
AOI_2_Vegas_img1970,AOI_2_Vegas,AOI_2_Vegas:-11526:3622,test,owlvit,area,fixed,5.0,0.5,0,0,1,7,0.0,owlvit
AOI_2_Vegas_img1970,AOI_2_Vegas,AOI_2_Vegas:-11526:3622,test,owlvit,area,fixed,10.0,0.5,0,0,1,0,0.0,owlvit
AOI_2_Vegas_img1973,AOI_2_Vegas,AOI_2_Vegas:-11526:3623,test,owlvit,area,fixed,0.3,0.5,0,0,4,4,0.0,owlvit
AOI_2_Vegas_img1973,AOI_2_Vegas,AOI_2_Vegas:-11526:3623,test,owlvit,area,fixed,0.45,0.5,0,0,4,4,0.0,owlvit
AOI_2_Vegas_img1973,AOI_2_Vegas,AOI_2_Vegas:-11526:3623,test,owlvit,area,fixed,0.6,0.5,0,0,4,6,0.0,owlvit
AOI_2_Vegas_img1973,AOI_2_Vegas,AOI_2_Vegas:-11526:3623,test,owlvit,area,fixed,0.9,0.5,0,0,4,6,0.0,owlvit
AOI_2_Vegas_img1973,AOI_2_Vegas,AOI_2_Vegas:-11526:3623,test,owlvit,area,fixed,1.2,0.5,0,0,4,4,0.0,owlvit
AOI_2_Vegas_img1973,AOI_2_Vegas,AOI_2_Vegas:-11526:3623,test,owlvit,area,fixed,1.8,0.5,0,0,4,3,0.0,owlvit
AOI_2_Vegas_img1973,AOI_2_Vegas,AOI_2_Vegas:-11526:3623,test,owlvit,area,fixed,2.4,0.5,0,0,4,7,0.0,owlvit
AOI_2_Vegas_img1973,AOI_2_Vegas,AOI_2_Vegas:-11526:3623,test,owlvit,area,fixed,3.6,0.5,0,0,4,7,0.0,owlvit
AOI_2_Vegas_img1973,AOI_2_Vegas,AOI_2_Vegas:-11526:3623,test,owlvit,area,fixed,5.0,0.5,0,0,4,7,0.0,owlvit
AOI_2_Vegas_img1973,AOI_2_Vegas,AOI_2_Vegas:-11526:3623,test,owlvit,area,fixed,10.0,0.5,0,0,4,1,0.0,owlvit
AOI_2_Vegas_img1985,AOI_2_Vegas,AOI_2_Vegas:-11526:3614,test,owlvit,area,fixed,0.3,0.5,8,55,25,35,0.65,owlvit
AOI_2_Vegas_img1985,AOI_2_Vegas,AOI_2_Vegas:-11526:3614,test,owlvit,area,fixed,0.45,0.5,8,45,25,31,0.65,owlvit
AOI_2_Vegas_img1985,AOI_2_Vegas,AOI_2_Vegas:-11526:3614,test,owlvit,area,fixed,0.6,0.5,7,43,25,36,0.1,owlvit
AOI_2_Vegas_img1985,AOI_2_Vegas,AOI_2_Vegas:-11526:3614,test,owlvit,area,fixed,0.9,0.5,7,39,25,36,0.45,owlvit
AOI_2_Vegas_img1985,AOI_2_Vegas,AOI_2_Vegas:-11526:3614,test,owlvit,area,fixed,1.2,0.5,7,33,25,37,0.55,owlvit
AOI_2_Vegas_img1985,AOI_2_Vegas,AOI_2_Vegas:-11526:3614,test,owlvit,area,fixed,1.8,0.5,4,35,25,34,0.6,owlvit
AOI_2_Vegas_img1985,AOI_2_Vegas,AOI_2_Vegas:-11526:3614,test,owlvit,area,fixed,2.4,0.5,5,23,25,31,0.2,owlvit
AOI_2_Vegas_img1985,AOI_2_Vegas,AOI_2_Vegas:-11526:3614,test,owlvit,area,fixed,3.6,0.5,0,1,25,18,0.05,owlvit
AOI_2_Vegas_img1985,AOI_2_Vegas,AOI_2_Vegas:-11526:3614,test,owlvit,area,fixed,5.0,0.5,0,0,25,2,0.0,owlvit
AOI_2_Vegas_img1985,AOI_2_Vegas,AOI_2_Vegas:-11526:3614,test,owlvit,area,fixed,10.0,0.5,0,0,25,0,0.0,owlvit
AOI_2_Vegas_img2046,AOI_2_Vegas,AOI_2_Vegas:-11525:3613,test,owlvit,area,fixed,0.3,0.5,8,54,32,38,0.55,owlvit
AOI_2_Vegas_img2046,AOI_2_Vegas,AOI_2_Vegas:-11525:3613,test,owlvit,area,fixed,0.45,0.5,8,50,32,37,0.4,owlvit
AOI_2_Vegas_img2046,AOI_2_Vegas,AOI_2_Vegas:-11525:3613,test,owlvit,area,fixed,0.6,0.5,8,48,32,39,0.7,owlvit
AOI_2_Vegas_img2046,AOI_2_Vegas,AOI_2_Vegas:-11525:3613,test,owlvit,area,fixed,0.9,0.5,8,47,32,40,0.6,owlvit
AOI_2_Vegas_img2046,AOI_2_Vegas,AOI_2_Vegas:-11525:3613,test,owlvit,area,fixed,1.2,0.5,7,37,32,46,0.45,owlvit
AOI_2_Vegas_img2046,AOI_2_Vegas,AOI_2_Vegas:-11525:3613,test,owlvit,area,fixed,1.8,0.5,5,25,32,32,0.25,owlvit
AOI_2_Vegas_img2046,AOI_2_Vegas,AOI_2_Vegas:-11525:3613,test,owlvit,area,fixed,2.4,0.5,5,9,32,26,0.35,owlvit
AOI_2_Vegas_img2046,AOI_2_Vegas,AOI_2_Vegas:-11525:3613,test,owlvit,area,fixed,3.6,0.5,1,2,32,11,0.0,owlvit
AOI_2_Vegas_img2046,AOI_2_Vegas,AOI_2_Vegas:-11525:3613,test,owlvit,area,fixed,5.0,0.5,0,0,32,1,0.0,owlvit
AOI_2_Vegas_img2046,AOI_2_Vegas,AOI_2_Vegas:-11525:3613,test,owlvit,area,fixed,10.0,0.5,0,0,32,0,0.0,owlvit
AOI_2_Vegas_img2065,AOI_2_Vegas,AOI_2_Vegas:-11525:3617,test,owlvit,area,fixed,0.3,0.5,17,70,57,22,2.3,owlvit
AOI_2_Vegas_img2065,AOI_2_Vegas,AOI_2_Vegas:-11525:3617,test,owlvit,area,fixed,0.45,0.5,16,63,57,26,2.4,owlvit
AOI_2_Vegas_img2065,AOI_2_Vegas,AOI_2_Vegas:-11525:3617,test,owlvit,area,fixed,0.6,0.5,16,74,57,25,2.55,owlvit
AOI_2_Vegas_img2065,AOI_2_Vegas,AOI_2_Vegas:-11525:3617,test,owlvit,area,fixed,0.9,0.5,16,56,57,25,1.65,owlvit
AOI_2_Vegas_img2065,AOI_2_Vegas,AOI_2_Vegas:-11525:3617,test,owlvit,area,fixed,1.2,0.5,11,39,57,19,1.5,owlvit
AOI_2_Vegas_img2065,AOI_2_Vegas,AOI_2_Vegas:-11525:3617,test,owlvit,area,fixed,1.8,0.5,9,28,57,15,1.05,owlvit
AOI_2_Vegas_img2065,AOI_2_Vegas,AOI_2_Vegas:-11525:3617,test,owlvit,area,fixed,2.4,0.5,1,4,57,9,0.05,owlvit
AOI_2_Vegas_img2065,AOI_2_Vegas,AOI_2_Vegas:-11525:3617,test,owlvit,area,fixed,3.6,0.5,1,2,57,7,0.1,owlvit
AOI_2_Vegas_img2065,AOI_2_Vegas,AOI_2_Vegas:-11525:3617,test,owlvit,area,fixed,5.0,0.5,0,0,57,3,0.0,owlvit
AOI_2_Vegas_img2065,AOI_2_Vegas,AOI_2_Vegas:-11525:3617,test,owlvit,area,fixed,10.0,0.5,0,0,57,0,0.0,owlvit
AOI_2_Vegas_img2108,AOI_2_Vegas,AOI_2_Vegas:-11525:3613,test,owlvit,area,fixed,0.3,0.5,12,55,21,35,0.35,owlvit
AOI_2_Vegas_img2108,AOI_2_Vegas,AOI_2_Vegas:-11525:3613,test,owlvit,area,fixed,0.45,0.5,11,54,21,42,0.55,owlvit
AOI_2_Vegas_img2108,AOI_2_Vegas,AOI_2_Vegas:-11525:3613,test,owlvit,area,fixed,0.6,0.5,11,60,21,42,0.55,owlvit
AOI_2_Vegas_img2108,AOI_2_Vegas,AOI_2_Vegas:-11525:3613,test,owlvit,area,fixed,0.9,0.5,10,49,21,42,0.35,owlvit
AOI_2_Vegas_img2108,AOI_2_Vegas,AOI_2_Vegas:-11525:3613,test,owlvit,area,fixed,1.2,0.5,9,51,21,36,0.75,owlvit
AOI_2_Vegas_img2108,AOI_2_Vegas,AOI_2_Vegas:-11525:3613,test,owlvit,area,fixed,1.8,0.5,8,21,21,33,0.3,owlvit
AOI_2_Vegas_img2108,AOI_2_Vegas,AOI_2_Vegas:-11525:3613,test,owlvit,area,fixed,2.4,0.5,4,8,21,20,0.1,owlvit
AOI_2_Vegas_img2108,AOI_2_Vegas,AOI_2_Vegas:-11525:3613,test,owlvit,area,fixed,3.6,0.5,0,0,21,6,0.0,owlvit
AOI_2_Vegas_img2108,AOI_2_Vegas,AOI_2_Vegas:-11525:3613,test,owlvit,area,fixed,5.0,0.5,1,1,21,5,0.0,owlvit
AOI_2_Vegas_img2108,AOI_2_Vegas,AOI_2_Vegas:-11525:3613,test,owlvit,area,fixed,10.0,0.5,0,0,21,0,0.0,owlvit
AOI_2_Vegas_img2109,AOI_2_Vegas,AOI_2_Vegas:-11525:3613,test,owlvit,area,fixed,0.3,0.5,9,29,24,36,0.05,owlvit
AOI_2_Vegas_img2109,AOI_2_Vegas,AOI_2_Vegas:-11525:3613,test,owlvit,area,fixed,0.45,0.5,8,25,24,36,0.1,owlvit
AOI_2_Vegas_img2109,AOI_2_Vegas,AOI_2_Vegas:-11525:3613,test,owlvit,area,fixed,0.6,0.5,7,27,24,47,0.25,owlvit
AOI_2_Vegas_img2109,AOI_2_Vegas,AOI_2_Vegas:-11525:3613,test,owlvit,area,fixed,0.9,0.5,5,28,24,37,0.1,owlvit
AOI_2_Vegas_img2109,AOI_2_Vegas,AOI_2_Vegas:-11525:3613,test,owlvit,area,fixed,1.2,0.5,6,26,24,37,0.1,owlvit
AOI_2_Vegas_img2109,AOI_2_Vegas,AOI_2_Vegas:-11525:3613,test,owlvit,area,fixed,1.8,0.5,5,15,24,30,0.15,owlvit
AOI_2_Vegas_img2109,AOI_2_Vegas,AOI_2_Vegas:-11525:3613,test,owlvit,area,fixed,2.4,0.5,0,4,24,29,0.0,owlvit
AOI_2_Vegas_img2109,AOI_2_Vegas,AOI_2_Vegas:-11525:3613,test,owlvit,area,fixed,3.6,0.5,2,3,24,26,0.0,owlvit
AOI_2_Vegas_img2109,AOI_2_Vegas,AOI_2_Vegas:-11525:3613,test,owlvit,area,fixed,5.0,0.5,0,0,24,7,0.0,owlvit
AOI_2_Vegas_img2109,AOI_2_Vegas,AOI_2_Vegas:-11525:3613,test,owlvit,area,fixed,10.0,0.5,0,0,24,1,0.0,owlvit
AOI_2_Vegas_img2110,AOI_2_Vegas,AOI_2_Vegas:-11525:3613,test,owlvit,area,fixed,0.3,0.5,5,44,12,74,0.3,owlvit
AOI_2_Vegas_img2110,AOI_2_Vegas,AOI_2_Vegas:-11525:3613,test,owlvit,area,fixed,0.45,0.5,6,57,12,72,0.1,owlvit
AOI_2_Vegas_img2110,AOI_2_Vegas,AOI_2_Vegas:-11525:3613,test,owlvit,area,fixed,0.6,0.5,5,51,12,78,0.15,owlvit
AOI_2_Vegas_img2110,AOI_2_Vegas,AOI_2_Vegas:-11525:3613,test,owlvit,area,fixed,0.9,0.5,1,6,12,40,0.05,owlvit
AOI_2_Vegas_img2110,AOI_2_Vegas,AOI_2_Vegas:-11525:3613,test,owlvit,area,fixed,1.2,0.5,1,1,12,30,0.0,owlvit
AOI_2_Vegas_img2110,AOI_2_Vegas,AOI_2_Vegas:-11525:3613,test,owlvit,area,fixed,1.8,0.5,1,1,12,28,0.0,owlvit
AOI_2_Vegas_img2110,AOI_2_Vegas,AOI_2_Vegas:-11525:3613,test,owlvit,area,fixed,2.4,0.5,0,0,12,20,0.0,owlvit
AOI_2_Vegas_img2110,AOI_2_Vegas,AOI_2_Vegas:-11525:3613,test,owlvit,area,fixed,3.6,0.5,0,0,12,4,0.0,owlvit
AOI_2_Vegas_img2110,AOI_2_Vegas,AOI_2_Vegas:-11525:3613,test,owlvit,area,fixed,5.0,0.5,0,0,12,1,0.0,owlvit
AOI_2_Vegas_img2110,AOI_2_Vegas,AOI_2_Vegas:-11525:3613,test,owlvit,area,fixed,10.0,0.5,0,0,12,1,0.0,owlvit
AOI_2_Vegas_img2202,AOI_2_Vegas,AOI_2_Vegas:-11525:3617,test,owlvit,area,fixed,0.3,0.5,0,0,0,3,0.0,owlvit
AOI_2_Vegas_img2202,AOI_2_Vegas,AOI_2_Vegas:-11525:3617,test,owlvit,area,fixed,0.45,0.5,0,0,0,2,0.0,owlvit
AOI_2_Vegas_img2202,AOI_2_Vegas,AOI_2_Vegas:-11525:3617,test,owlvit,area,fixed,0.6,0.5,0,0,0,4,0.0,owlvit
AOI_2_Vegas_img2202,AOI_2_Vegas,AOI_2_Vegas:-11525:3617,test,owlvit,area,fixed,0.9,0.5,0,0,0,3,0.0,owlvit
AOI_2_Vegas_img2202,AOI_2_Vegas,AOI_2_Vegas:-11525:3617,test,owlvit,area,fixed,1.2,0.5,0,0,0,3,0.0,owlvit
AOI_2_Vegas_img2202,AOI_2_Vegas,AOI_2_Vegas:-11525:3617,test,owlvit,area,fixed,1.8,0.5,0,0,0,4,0.0,owlvit
AOI_2_Vegas_img2202,AOI_2_Vegas,AOI_2_Vegas:-11525:3617,test,owlvit,area,fixed,2.4,0.5,0,0,0,4,0.0,owlvit
AOI_2_Vegas_img2202,AOI_2_Vegas,AOI_2_Vegas:-11525:3617,test,owlvit,area,fixed,3.6,0.5,0,0,0,1,0.0,owlvit
AOI_2_Vegas_img2202,AOI_2_Vegas,AOI_2_Vegas:-11525:3617,test,owlvit,area,fixed,5.0,0.5,0,0,0,2,0.0,owlvit
AOI_2_Vegas_img2202,AOI_2_Vegas,AOI_2_Vegas:-11525:3617,test,owlvit,area,fixed,10.0,0.5,0,0,0,1,0.0,owlvit
AOI_2_Vegas_img2207,AOI_2_Vegas,AOI_2_Vegas:-11525:3618,test,owlvit,area,fixed,0.3,0.5,9,9,24,30,0.3,owlvit
AOI_2_Vegas_img2207,AOI_2_Vegas,AOI_2_Vegas:-11525:3618,test,owlvit,area,fixed,0.45,0.5,8,8,24,31,0.2,owlvit
AOI_2_Vegas_img2207,AOI_2_Vegas,AOI_2_Vegas:-11525:3618,test,owlvit,area,fixed,0.6,0.5,7,7,24,28,0.45,owlvit
AOI_2_Vegas_img2207,AOI_2_Vegas,AOI_2_Vegas:-11525:3618,test,owlvit,area,fixed,0.9,0.5,4,4,24,28,0.15,owlvit
AOI_2_Vegas_img2207,AOI_2_Vegas,AOI_2_Vegas:-11525:3618,test,owlvit,area,fixed,1.2,0.5,1,1,24,16,0.05,owlvit
AOI_2_Vegas_img2207,AOI_2_Vegas,AOI_2_Vegas:-11525:3618,test,owlvit,area,fixed,1.8,0.5,1,1,24,17,0.05,owlvit
AOI_2_Vegas_img2207,AOI_2_Vegas,AOI_2_Vegas:-11525:3618,test,owlvit,area,fixed,2.4,0.5,0,0,24,8,0.0,owlvit
AOI_2_Vegas_img2207,AOI_2_Vegas,AOI_2_Vegas:-11525:3618,test,owlvit,area,fixed,3.6,0.5,0,0,24,7,0.0,owlvit
AOI_2_Vegas_img2207,AOI_2_Vegas,AOI_2_Vegas:-11525:3618,test,owlvit,area,fixed,5.0,0.5,0,0,24,4,0.0,owlvit
AOI_2_Vegas_img2207,AOI_2_Vegas,AOI_2_Vegas:-11525:3618,test,owlvit,area,fixed,10.0,0.5,0,0,24,1,0.0,owlvit
AOI_2_Vegas_img2218,AOI_2_Vegas,AOI_2_Vegas:-11525:3620,test,owlvit,area,fixed,0.3,0.5,7,32,14,44,0.25,owlvit
AOI_2_Vegas_img2218,AOI_2_Vegas,AOI_2_Vegas:-11525:3620,test,owlvit,area,fixed,0.45,0.5,6,19,14,41,0.05,owlvit
AOI_2_Vegas_img2218,AOI_2_Vegas,AOI_2_Vegas:-11525:3620,test,owlvit,area,fixed,0.6,0.5,3,16,14,43,0.15,owlvit
AOI_2_Vegas_img2218,AOI_2_Vegas,AOI_2_Vegas:-11525:3620,test,owlvit,area,fixed,0.9,0.5,1,5,14,35,0.05,owlvit
AOI_2_Vegas_img2218,AOI_2_Vegas,AOI_2_Vegas:-11525:3620,test,owlvit,area,fixed,1.2,0.5,1,2,14,29,0.0,owlvit
AOI_2_Vegas_img2218,AOI_2_Vegas,AOI_2_Vegas:-11525:3620,test,owlvit,area,fixed,1.8,0.5,0,0,14,15,0.0,owlvit
AOI_2_Vegas_img2218,AOI_2_Vegas,AOI_2_Vegas:-11525:3620,test,owlvit,area,fixed,2.4,0.5,0,0,14,19,0.0,owlvit
AOI_2_Vegas_img2218,AOI_2_Vegas,AOI_2_Vegas:-11525:3620,test,owlvit,area,fixed,3.6,0.5,0,0,14,11,0.0,owlvit
AOI_2_Vegas_img2218,AOI_2_Vegas,AOI_2_Vegas:-11525:3620,test,owlvit,area,fixed,5.0,0.5,0,0,14,7,0.0,owlvit
AOI_2_Vegas_img2218,AOI_2_Vegas,AOI_2_Vegas:-11525:3620,test,owlvit,area,fixed,10.0,0.5,0,0,14,3,0.0,owlvit
AOI_2_Vegas_img2230,AOI_2_Vegas,AOI_2_Vegas:-11525:3622,test,owlvit,area,fixed,0.3,0.5,5,47,30,55,0.4,owlvit
AOI_2_Vegas_img2230,AOI_2_Vegas,AOI_2_Vegas:-11525:3622,test,owlvit,area,fixed,0.45,0.5,6,41,30,54,0.4,owlvit
AOI_2_Vegas_img2230,AOI_2_Vegas,AOI_2_Vegas:-11525:3622,test,owlvit,area,fixed,0.6,0.5,6,37,30,59,0.5,owlvit
AOI_2_Vegas_img2230,AOI_2_Vegas,AOI_2_Vegas:-11525:3622,test,owlvit,area,fixed,0.9,0.5,6,26,30,49,0.35,owlvit
AOI_2_Vegas_img2230,AOI_2_Vegas,AOI_2_Vegas:-11525:3622,test,owlvit,area,fixed,1.2,0.5,6,16,30,45,0.25,owlvit
AOI_2_Vegas_img2230,AOI_2_Vegas,AOI_2_Vegas:-11525:3622,test,owlvit,area,fixed,1.8,0.5,6,11,30,19,0.75,owlvit
AOI_2_Vegas_img2230,AOI_2_Vegas,AOI_2_Vegas:-11525:3622,test,owlvit,area,fixed,2.4,0.5,5,5,30,21,0.35,owlvit
AOI_2_Vegas_img2230,AOI_2_Vegas,AOI_2_Vegas:-11525:3622,test,owlvit,area,fixed,3.6,0.5,2,2,30,10,0.1,owlvit
AOI_2_Vegas_img2230,AOI_2_Vegas,AOI_2_Vegas:-11525:3622,test,owlvit,area,fixed,5.0,0.5,0,0,30,5,0.0,owlvit
AOI_2_Vegas_img2230,AOI_2_Vegas,AOI_2_Vegas:-11525:3622,test,owlvit,area,fixed,10.0,0.5,0,0,30,0,0.0,owlvit
AOI_2_Vegas_img2236,AOI_2_Vegas,AOI_2_Vegas:-11525:3623,test,owlvit,area,fixed,0.3,0.5,29,60,73,51,2.05,owlvit
AOI_2_Vegas_img2236,AOI_2_Vegas,AOI_2_Vegas:-11525:3623,test,owlvit,area,fixed,0.45,0.5,28,57,73,52,1.3,owlvit
AOI_2_Vegas_img2236,AOI_2_Vegas,AOI_2_Vegas:-11525:3623,test,owlvit,area,fixed,0.6,0.5,26,50,73,48,1.45,owlvit
AOI_2_Vegas_img2236,AOI_2_Vegas,AOI_2_Vegas:-11525:3623,test,owlvit,area,fixed,0.9,0.5,25,49,73,44,1.1,owlvit
AOI_2_Vegas_img2236,AOI_2_Vegas,AOI_2_Vegas:-11525:3623,test,owlvit,area,fixed,1.2,0.5,23,46,73,37,1.1,owlvit
AOI_2_Vegas_img2236,AOI_2_Vegas,AOI_2_Vegas:-11525:3623,test,owlvit,area,fixed,1.8,0.5,19,36,73,40,1.1,owlvit
AOI_2_Vegas_img2236,AOI_2_Vegas,AOI_2_Vegas:-11525:3623,test,owlvit,area,fixed,2.4,0.5,15,24,73,38,0.55,owlvit
AOI_2_Vegas_img2236,AOI_2_Vegas,AOI_2_Vegas:-11525:3623,test,owlvit,area,fixed,3.6,0.5,3,3,73,43,0.0,owlvit
AOI_2_Vegas_img2236,AOI_2_Vegas,AOI_2_Vegas:-11525:3623,test,owlvit,area,fixed,5.0,0.5,0,1,73,21,0.0,owlvit
AOI_2_Vegas_img2236,AOI_2_Vegas,AOI_2_Vegas:-11525:3623,test,owlvit,area,fixed,10.0,0.5,0,0,73,1,0.0,owlvit
AOI_2_Vegas_img2267,AOI_2_Vegas,AOI_2_Vegas:-11525:3616,test,owlvit,area,fixed,0.3,0.5,23,83,58,33,1.55,owlvit
AOI_2_Vegas_img2267,AOI_2_Vegas,AOI_2_Vegas:-11525:3616,test,owlvit,area,fixed,0.45,0.5,23,82,58,35,1.6,owlvit
AOI_2_Vegas_img2267,AOI_2_Vegas,AOI_2_Vegas:-11525:3616,test,owlvit,area,fixed,0.6,0.5,20,77,58,32,1.2,owlvit
AOI_2_Vegas_img2267,AOI_2_Vegas,AOI_2_Vegas:-11525:3616,test,owlvit,area,fixed,0.9,0.5,20,73,58,35,1.55,owlvit
AOI_2_Vegas_img2267,AOI_2_Vegas,AOI_2_Vegas:-11525:3616,test,owlvit,area,fixed,1.2,0.5,20,66,58,30,1.4,owlvit
AOI_2_Vegas_img2267,AOI_2_Vegas,AOI_2_Vegas:-11525:3616,test,owlvit,area,fixed,1.8,0.5,16,54,58,25,1.15,owlvit
AOI_2_Vegas_img2267,AOI_2_Vegas,AOI_2_Vegas:-11525:3616,test,owlvit,area,fixed,2.4,0.5,11,33,58,27,1.0,owlvit
AOI_2_Vegas_img2267,AOI_2_Vegas,AOI_2_Vegas:-11525:3616,test,owlvit,area,fixed,3.6,0.5,0,0,58,9,0.0,owlvit
AOI_2_Vegas_img2267,AOI_2_Vegas,AOI_2_Vegas:-11525:3616,test,owlvit,area,fixed,5.0,0.5,0,0,58,4,0.0,owlvit
AOI_2_Vegas_img2267,AOI_2_Vegas,AOI_2_Vegas:-11525:3616,test,owlvit,area,fixed,10.0,0.5,0,0,58,0,0.0,owlvit
AOI_2_Vegas_img227,AOI_2_Vegas,AOI_2_Vegas:-11530:3613,test,owlvit,area,fixed,0.3,0.5,23,85,42,38,2.6,owlvit
AOI_2_Vegas_img227,AOI_2_Vegas,AOI_2_Vegas:-11530:3613,test,owlvit,area,fixed,0.45,0.5,23,79,42,40,2.2,owlvit
AOI_2_Vegas_img227,AOI_2_Vegas,AOI_2_Vegas:-11530:3613,test,owlvit,area,fixed,0.6,0.5,25,80,42,47,2.7,owlvit
AOI_2_Vegas_img227,AOI_2_Vegas,AOI_2_Vegas:-11530:3613,test,owlvit,area,fixed,0.9,0.5,26,73,42,43,2.5,owlvit
AOI_2_Vegas_img227,AOI_2_Vegas,AOI_2_Vegas:-11530:3613,test,owlvit,area,fixed,1.2,0.5,25,60,42,37,1.6,owlvit
AOI_2_Vegas_img227,AOI_2_Vegas,AOI_2_Vegas:-11530:3613,test,owlvit,area,fixed,1.8,0.5,18,47,42,31,1.2,owlvit
AOI_2_Vegas_img227,AOI_2_Vegas,AOI_2_Vegas:-11530:3613,test,owlvit,area,fixed,2.4,0.5,9,22,42,25,0.25,owlvit
AOI_2_Vegas_img227,AOI_2_Vegas,AOI_2_Vegas:-11530:3613,test,owlvit,area,fixed,3.6,0.5,1,5,42,10,0.0,owlvit
AOI_2_Vegas_img227,AOI_2_Vegas,AOI_2_Vegas:-11530:3613,test,owlvit,area,fixed,5.0,0.5,0,0,42,3,0.0,owlvit
AOI_2_Vegas_img227,AOI_2_Vegas,AOI_2_Vegas:-11530:3613,test,owlvit,area,fixed,10.0,0.5,0,0,42,1,0.0,owlvit
AOI_2_Vegas_img2276,AOI_2_Vegas,AOI_2_Vegas:-11525:3617,test,owlvit,area,fixed,0.3,0.5,0,0,0,2,0.0,owlvit
AOI_2_Vegas_img2276,AOI_2_Vegas,AOI_2_Vegas:-11525:3617,test,owlvit,area,fixed,0.45,0.5,0,0,0,1,0.0,owlvit
AOI_2_Vegas_img2276,AOI_2_Vegas,AOI_2_Vegas:-11525:3617,test,owlvit,area,fixed,0.6,0.5,0,0,0,2,0.0,owlvit
AOI_2_Vegas_img2276,AOI_2_Vegas,AOI_2_Vegas:-11525:3617,test,owlvit,area,fixed,0.9,0.5,0,0,0,2,0.0,owlvit
AOI_2_Vegas_img2276,AOI_2_Vegas,AOI_2_Vegas:-11525:3617,test,owlvit,area,fixed,1.2,0.5,0,0,0,2,0.0,owlvit
AOI_2_Vegas_img2276,AOI_2_Vegas,AOI_2_Vegas:-11525:3617,test,owlvit,area,fixed,1.8,0.5,0,0,0,6,0.0,owlvit
AOI_2_Vegas_img2276,AOI_2_Vegas,AOI_2_Vegas:-11525:3617,test,owlvit,area,fixed,2.4,0.5,0,0,0,2,0.0,owlvit
AOI_2_Vegas_img2276,AOI_2_Vegas,AOI_2_Vegas:-11525:3617,test,owlvit,area,fixed,3.6,0.5,0,0,0,5,0.0,owlvit
AOI_2_Vegas_img2276,AOI_2_Vegas,AOI_2_Vegas:-11525:3617,test,owlvit,area,fixed,5.0,0.5,0,0,0,5,0.0,owlvit
AOI_2_Vegas_img2276,AOI_2_Vegas,AOI_2_Vegas:-11525:3617,test,owlvit,area,fixed,10.0,0.5,0,0,0,0,0.0,owlvit
AOI_2_Vegas_img2281,AOI_2_Vegas,AOI_2_Vegas:-11525:3618,test,owlvit,area,fixed,0.3,0.5,1,4,14,32,0.05,owlvit
AOI_2_Vegas_img2281,AOI_2_Vegas,AOI_2_Vegas:-11525:3618,test,owlvit,area,fixed,0.45,0.5,0,1,14,23,0.0,owlvit
AOI_2_Vegas_img2281,AOI_2_Vegas,AOI_2_Vegas:-11525:3618,test,owlvit,area,fixed,0.6,0.5,0,1,14,19,0.0,owlvit
AOI_2_Vegas_img2281,AOI_2_Vegas,AOI_2_Vegas:-11525:3618,test,owlvit,area,fixed,0.9,0.5,0,1,14,15,0.0,owlvit
AOI_2_Vegas_img2281,AOI_2_Vegas,AOI_2_Vegas:-11525:3618,test,owlvit,area,fixed,1.2,0.5,0,0,14,6,0.0,owlvit
AOI_2_Vegas_img2281,AOI_2_Vegas,AOI_2_Vegas:-11525:3618,test,owlvit,area,fixed,1.8,0.5,0,0,14,5,0.0,owlvit
AOI_2_Vegas_img2281,AOI_2_Vegas,AOI_2_Vegas:-11525:3618,test,owlvit,area,fixed,2.4,0.5,0,0,14,4,0.0,owlvit
AOI_2_Vegas_img2281,AOI_2_Vegas,AOI_2_Vegas:-11525:3618,test,owlvit,area,fixed,3.6,0.5,0,0,14,5,0.0,owlvit
AOI_2_Vegas_img2281,AOI_2_Vegas,AOI_2_Vegas:-11525:3618,test,owlvit,area,fixed,5.0,0.5,0,0,14,3,0.0,owlvit
AOI_2_Vegas_img2281,AOI_2_Vegas,AOI_2_Vegas:-11525:3618,test,owlvit,area,fixed,10.0,0.5,0,0,14,1,0.0,owlvit
AOI_2_Vegas_img2302,AOI_2_Vegas,AOI_2_Vegas:-11525:3622,test,owlvit,area,fixed,0.3,0.5,25,93,58,28,3.1,owlvit
AOI_2_Vegas_img2302,AOI_2_Vegas,AOI_2_Vegas:-11525:3622,test,owlvit,area,fixed,0.45,0.5,27,86,58,20,2.45,owlvit
AOI_2_Vegas_img2302,AOI_2_Vegas,AOI_2_Vegas:-11525:3622,test,owlvit,area,fixed,0.6,0.5,27,89,58,21,2.4,owlvit
AOI_2_Vegas_img2302,AOI_2_Vegas,AOI_2_Vegas:-11525:3622,test,owlvit,area,fixed,0.9,0.5,21,75,58,20,2.35,owlvit
AOI_2_Vegas_img2302,AOI_2_Vegas,AOI_2_Vegas:-11525:3622,test,owlvit,area,fixed,1.2,0.5,22,61,58,24,2.3,owlvit
AOI_2_Vegas_img2302,AOI_2_Vegas,AOI_2_Vegas:-11525:3622,test,owlvit,area,fixed,1.8,0.5,15,30,58,14,0.9,owlvit
AOI_2_Vegas_img2302,AOI_2_Vegas,AOI_2_Vegas:-11525:3622,test,owlvit,area,fixed,2.4,0.5,6,12,58,16,0.4,owlvit
AOI_2_Vegas_img2302,AOI_2_Vegas,AOI_2_Vegas:-11525:3622,test,owlvit,area,fixed,3.6,0.5,0,0,58,3,0.0,owlvit
AOI_2_Vegas_img2302,AOI_2_Vegas,AOI_2_Vegas:-11525:3622,test,owlvit,area,fixed,5.0,0.5,0,0,58,4,0.0,owlvit
AOI_2_Vegas_img2302,AOI_2_Vegas,AOI_2_Vegas:-11525:3622,test,owlvit,area,fixed,10.0,0.5,0,0,58,0,0.0,owlvit
AOI_2_Vegas_img2359,AOI_2_Vegas,AOI_2_Vegas:-11525:3619,test,owlvit,area,fixed,0.3,0.5,2,22,15,33,0.05,owlvit
AOI_2_Vegas_img2359,AOI_2_Vegas,AOI_2_Vegas:-11525:3619,test,owlvit,area,fixed,0.45,0.5,3,19,15,37,0.1,owlvit
AOI_2_Vegas_img2359,AOI_2_Vegas,AOI_2_Vegas:-11525:3619,test,owlvit,area,fixed,0.6,0.5,2,15,15,42,0.0,owlvit
AOI_2_Vegas_img2359,AOI_2_Vegas,AOI_2_Vegas:-11525:3619,test,owlvit,area,fixed,0.9,0.5,3,11,15,37,0.05,owlvit
AOI_2_Vegas_img2359,AOI_2_Vegas,AOI_2_Vegas:-11525:3619,test,owlvit,area,fixed,1.2,0.5,1,8,15,27,0.0,owlvit
AOI_2_Vegas_img2359,AOI_2_Vegas,AOI_2_Vegas:-11525:3619,test,owlvit,area,fixed,1.8,0.5,1,3,15,19,0.0,owlvit
AOI_2_Vegas_img2359,AOI_2_Vegas,AOI_2_Vegas:-11525:3619,test,owlvit,area,fixed,2.4,0.5,2,3,15,24,0.05,owlvit
AOI_2_Vegas_img2359,AOI_2_Vegas,AOI_2_Vegas:-11525:3619,test,owlvit,area,fixed,3.6,0.5,1,2,15,14,0.0,owlvit
AOI_2_Vegas_img2359,AOI_2_Vegas,AOI_2_Vegas:-11525:3619,test,owlvit,area,fixed,5.0,0.5,0,3,15,12,0.0,owlvit
AOI_2_Vegas_img2359,AOI_2_Vegas,AOI_2_Vegas:-11525:3619,test,owlvit,area,fixed,10.0,0.5,0,0,15,1,0.0,owlvit
AOI_2_Vegas_img2379,AOI_2_Vegas,AOI_2_Vegas:-11525:3623,test,owlvit,area,fixed,0.3,0.5,17,59,55,20,0.55,owlvit
AOI_2_Vegas_img2379,AOI_2_Vegas,AOI_2_Vegas:-11525:3623,test,owlvit,area,fixed,0.45,0.5,15,44,55,22,0.9,owlvit
AOI_2_Vegas_img2379,AOI_2_Vegas,AOI_2_Vegas:-11525:3623,test,owlvit,area,fixed,0.6,0.5,15,46,55,18,0.6,owlvit
AOI_2_Vegas_img2379,AOI_2_Vegas,AOI_2_Vegas:-11525:3623,test,owlvit,area,fixed,0.9,0.5,10,27,55,17,0.3,owlvit
AOI_2_Vegas_img2379,AOI_2_Vegas,AOI_2_Vegas:-11525:3623,test,owlvit,area,fixed,1.2,0.5,4,5,55,8,0.05,owlvit
AOI_2_Vegas_img2379,AOI_2_Vegas,AOI_2_Vegas:-11525:3623,test,owlvit,area,fixed,1.8,0.5,2,2,55,5,0.0,owlvit
AOI_2_Vegas_img2379,AOI_2_Vegas,AOI_2_Vegas:-11525:3623,test,owlvit,area,fixed,2.4,0.5,0,0,55,4,0.0,owlvit
AOI_2_Vegas_img2379,AOI_2_Vegas,AOI_2_Vegas:-11525:3623,test,owlvit,area,fixed,3.6,0.5,0,0,55,1,0.0,owlvit
AOI_2_Vegas_img2379,AOI_2_Vegas,AOI_2_Vegas:-11525:3623,test,owlvit,area,fixed,5.0,0.5,1,1,55,2,0.0,owlvit
AOI_2_Vegas_img2379,AOI_2_Vegas,AOI_2_Vegas:-11525:3623,test,owlvit,area,fixed,10.0,0.5,0,0,55,0,0.0,owlvit
AOI_2_Vegas_img2415,AOI_2_Vegas,AOI_2_Vegas:-11524:3615,test,owlvit,area,fixed,0.3,0.5,9,51,28,57,0.2,owlvit
AOI_2_Vegas_img2415,AOI_2_Vegas,AOI_2_Vegas:-11524:3615,test,owlvit,area,fixed,0.45,0.5,7,40,28,61,0.25,owlvit
AOI_2_Vegas_img2415,AOI_2_Vegas,AOI_2_Vegas:-11524:3615,test,owlvit,area,fixed,0.6,0.5,8,31,28,54,0.2,owlvit
AOI_2_Vegas_img2415,AOI_2_Vegas,AOI_2_Vegas:-11524:3615,test,owlvit,area,fixed,0.9,0.5,5,18,28,50,0.2,owlvit
AOI_2_Vegas_img2415,AOI_2_Vegas,AOI_2_Vegas:-11524:3615,test,owlvit,area,fixed,1.2,0.5,3,9,28,49,0.2,owlvit
AOI_2_Vegas_img2415,AOI_2_Vegas,AOI_2_Vegas:-11524:3615,test,owlvit,area,fixed,1.8,0.5,1,1,28,23,0.0,owlvit
AOI_2_Vegas_img2415,AOI_2_Vegas,AOI_2_Vegas:-11524:3615,test,owlvit,area,fixed,2.4,0.5,0,0,28,20,0.0,owlvit
AOI_2_Vegas_img2415,AOI_2_Vegas,AOI_2_Vegas:-11524:3615,test,owlvit,area,fixed,3.6,0.5,0,0,28,14,0.0,owlvit
AOI_2_Vegas_img2415,AOI_2_Vegas,AOI_2_Vegas:-11524:3615,test,owlvit,area,fixed,5.0,0.5,0,0,28,12,0.0,owlvit
AOI_2_Vegas_img2415,AOI_2_Vegas,AOI_2_Vegas:-11524:3615,test,owlvit,area,fixed,10.0,0.5,0,0,28,6,0.0,owlvit
AOI_2_Vegas_img2420,AOI_2_Vegas,AOI_2_Vegas:-11524:3616,test,owlvit,area,fixed,0.3,0.5,14,76,65,36,1.55,owlvit
AOI_2_Vegas_img2420,AOI_2_Vegas,AOI_2_Vegas:-11524:3616,test,owlvit,area,fixed,0.45,0.5,14,74,65,40,1.8,owlvit
AOI_2_Vegas_img2420,AOI_2_Vegas,AOI_2_Vegas:-11524:3616,test,owlvit,area,fixed,0.6,0.5,14,73,65,32,1.65,owlvit
AOI_2_Vegas_img2420,AOI_2_Vegas,AOI_2_Vegas:-11524:3616,test,owlvit,area,fixed,0.9,0.5,6,68,65,29,1.7,owlvit
AOI_2_Vegas_img2420,AOI_2_Vegas,AOI_2_Vegas:-11524:3616,test,owlvit,area,fixed,1.2,0.5,6,56,65,32,1.2,owlvit
AOI_2_Vegas_img2420,AOI_2_Vegas,AOI_2_Vegas:-11524:3616,test,owlvit,area,fixed,1.8,0.5,5,20,65,16,0.25,owlvit
AOI_2_Vegas_img2420,AOI_2_Vegas,AOI_2_Vegas:-11524:3616,test,owlvit,area,fixed,2.4,0.5,0,0,65,11,0.0,owlvit
AOI_2_Vegas_img2420,AOI_2_Vegas,AOI_2_Vegas:-11524:3616,test,owlvit,area,fixed,3.6,0.5,0,0,65,6,0.0,owlvit
AOI_2_Vegas_img2420,AOI_2_Vegas,AOI_2_Vegas:-11524:3616,test,owlvit,area,fixed,5.0,0.5,0,0,65,1,0.0,owlvit
AOI_2_Vegas_img2420,AOI_2_Vegas,AOI_2_Vegas:-11524:3616,test,owlvit,area,fixed,10.0,0.5,0,0,65,1,0.0,owlvit
AOI_2_Vegas_img244,AOI_2_Vegas,AOI_2_Vegas:-11530:3616,test,owlvit,area,fixed,0.3,0.5,1,31,18,18,0.2,owlvit
AOI_2_Vegas_img244,AOI_2_Vegas,AOI_2_Vegas:-11530:3616,test,owlvit,area,fixed,0.45,0.5,2,24,18,19,0.2,owlvit
AOI_2_Vegas_img244,AOI_2_Vegas,AOI_2_Vegas:-11530:3616,test,owlvit,area,fixed,0.6,0.5,2,19,18,19,0.2,owlvit
AOI_2_Vegas_img244,AOI_2_Vegas,AOI_2_Vegas:-11530:3616,test,owlvit,area,fixed,0.9,0.5,0,7,18,12,0.05,owlvit
AOI_2_Vegas_img244,AOI_2_Vegas,AOI_2_Vegas:-11530:3616,test,owlvit,area,fixed,1.2,0.5,1,4,18,4,0.1,owlvit
AOI_2_Vegas_img244,AOI_2_Vegas,AOI_2_Vegas:-11530:3616,test,owlvit,area,fixed,1.8,0.5,0,0,18,0,0.0,owlvit
AOI_2_Vegas_img244,AOI_2_Vegas,AOI_2_Vegas:-11530:3616,test,owlvit,area,fixed,2.4,0.5,0,0,18,1,0.0,owlvit
AOI_2_Vegas_img244,AOI_2_Vegas,AOI_2_Vegas:-11530:3616,test,owlvit,area,fixed,3.6,0.5,0,0,18,1,0.0,owlvit
AOI_2_Vegas_img244,AOI_2_Vegas,AOI_2_Vegas:-11530:3616,test,owlvit,area,fixed,5.0,0.5,0,0,18,0,0.0,owlvit
AOI_2_Vegas_img244,AOI_2_Vegas,AOI_2_Vegas:-11530:3616,test,owlvit,area,fixed,10.0,0.5,0,0,18,0,0.0,owlvit
AOI_2_Vegas_img2447,AOI_2_Vegas,AOI_2_Vegas:-11524:3621,test,owlvit,area,fixed,0.3,0.5,45,110,56,31,4.8,owlvit
AOI_2_Vegas_img2447,AOI_2_Vegas,AOI_2_Vegas:-11524:3621,test,owlvit,area,fixed,0.45,0.5,45,101,56,33,4.95,owlvit
AOI_2_Vegas_img2447,AOI_2_Vegas,AOI_2_Vegas:-11524:3621,test,owlvit,area,fixed,0.6,0.5,44,104,56,33,4.15,owlvit
AOI_2_Vegas_img2447,AOI_2_Vegas,AOI_2_Vegas:-11524:3621,test,owlvit,area,fixed,0.9,0.5,45,92,56,31,4.4,owlvit
AOI_2_Vegas_img2447,AOI_2_Vegas,AOI_2_Vegas:-11524:3621,test,owlvit,area,fixed,1.2,0.5,41,85,56,29,3.55,owlvit
AOI_2_Vegas_img2447,AOI_2_Vegas,AOI_2_Vegas:-11524:3621,test,owlvit,area,fixed,1.8,0.5,18,29,56,19,1.1,owlvit
AOI_2_Vegas_img2447,AOI_2_Vegas,AOI_2_Vegas:-11524:3621,test,owlvit,area,fixed,2.4,0.5,21,39,56,29,0.9,owlvit
AOI_2_Vegas_img2447,AOI_2_Vegas,AOI_2_Vegas:-11524:3621,test,owlvit,area,fixed,3.6,0.5,0,0,56,15,0.0,owlvit
AOI_2_Vegas_img2447,AOI_2_Vegas,AOI_2_Vegas:-11524:3621,test,owlvit,area,fixed,5.0,0.5,0,0,56,1,0.0,owlvit
AOI_2_Vegas_img2447,AOI_2_Vegas,AOI_2_Vegas:-11524:3621,test,owlvit,area,fixed,10.0,0.5,0,0,56,1,0.0,owlvit
AOI_2_Vegas_img2453,AOI_2_Vegas,AOI_2_Vegas:-11524:3622,test,owlvit,area,fixed,0.3,0.5,9,57,46,39,0.9,owlvit
AOI_2_Vegas_img2453,AOI_2_Vegas,AOI_2_Vegas:-11524:3622,test,owlvit,area,fixed,0.45,0.5,8,53,46,48,1.0,owlvit
AOI_2_Vegas_img2453,AOI_2_Vegas,AOI_2_Vegas:-11524:3622,test,owlvit,area,fixed,0.6,0.5,13,59,46,47,0.7,owlvit
AOI_2_Vegas_img2453,AOI_2_Vegas,AOI_2_Vegas:-11524:3622,test,owlvit,area,fixed,0.9,0.5,6,48,46,50,0.6,owlvit
AOI_2_Vegas_img2453,AOI_2_Vegas,AOI_2_Vegas:-11524:3622,test,owlvit,area,fixed,1.2,0.5,5,37,46,49,1.2,owlvit
AOI_2_Vegas_img2453,AOI_2_Vegas,AOI_2_Vegas:-11524:3622,test,owlvit,area,fixed,1.8,0.5,4,16,46,39,0.35,owlvit
AOI_2_Vegas_img2453,AOI_2_Vegas,AOI_2_Vegas:-11524:3622,test,owlvit,area,fixed,2.4,0.5,2,7,46,34,0.25,owlvit
AOI_2_Vegas_img2453,AOI_2_Vegas,AOI_2_Vegas:-11524:3622,test,owlvit,area,fixed,3.6,0.5,0,1,46,22,0.0,owlvit
AOI_2_Vegas_img2453,AOI_2_Vegas,AOI_2_Vegas:-11524:3622,test,owlvit,area,fixed,5.0,0.5,0,0,46,3,0.0,owlvit
AOI_2_Vegas_img2453,AOI_2_Vegas,AOI_2_Vegas:-11524:3622,test,owlvit,area,fixed,10.0,0.5,0,0,46,1,0.0,owlvit
AOI_2_Vegas_img2462,AOI_2_Vegas,AOI_2_Vegas:-11524:3623,test,owlvit,area,fixed,0.3,0.5,6,59,80,42,0.65,owlvit
AOI_2_Vegas_img2462,AOI_2_Vegas,AOI_2_Vegas:-11524:3623,test,owlvit,area,fixed,0.45,0.5,5,57,80,41,0.55,owlvit
AOI_2_Vegas_img2462,AOI_2_Vegas,AOI_2_Vegas:-11524:3623,test,owlvit,area,fixed,0.6,0.5,5,55,80,42,0.85,owlvit
AOI_2_Vegas_img2462,AOI_2_Vegas,AOI_2_Vegas:-11524:3623,test,owlvit,area,fixed,0.9,0.5,4,49,80,44,1.05,owlvit
AOI_2_Vegas_img2462,AOI_2_Vegas,AOI_2_Vegas:-11524:3623,test,owlvit,area,fixed,1.2,0.5,4,42,80,42,0.55,owlvit
AOI_2_Vegas_img2462,AOI_2_Vegas,AOI_2_Vegas:-11524:3623,test,owlvit,area,fixed,1.8,0.5,3,26,80,33,0.35,owlvit
AOI_2_Vegas_img2462,AOI_2_Vegas,AOI_2_Vegas:-11524:3623,test,owlvit,area,fixed,2.4,0.5,1,14,80,20,0.25,owlvit
AOI_2_Vegas_img2462,AOI_2_Vegas,AOI_2_Vegas:-11524:3623,test,owlvit,area,fixed,3.6,0.5,0,0,80,2,0.0,owlvit
AOI_2_Vegas_img2462,AOI_2_Vegas,AOI_2_Vegas:-11524:3623,test,owlvit,area,fixed,5.0,0.5,0,0,80,0,0.0,owlvit
AOI_2_Vegas_img2462,AOI_2_Vegas,AOI_2_Vegas:-11524:3623,test,owlvit,area,fixed,10.0,0.5,0,0,80,0,0.0,owlvit
AOI_2_Vegas_img2474,AOI_2_Vegas,AOI_2_Vegas:-11524:3625,test,owlvit,area,fixed,0.3,0.5,8,54,30,41,0.55,owlvit
AOI_2_Vegas_img2474,AOI_2_Vegas,AOI_2_Vegas:-11524:3625,test,owlvit,area,fixed,0.45,0.5,8,49,30,41,0.65,owlvit
AOI_2_Vegas_img2474,AOI_2_Vegas,AOI_2_Vegas:-11524:3625,test,owlvit,area,fixed,0.6,0.5,6,41,30,44,0.25,owlvit
AOI_2_Vegas_img2474,AOI_2_Vegas,AOI_2_Vegas:-11524:3625,test,owlvit,area,fixed,0.9,0.5,9,35,30,37,0.8,owlvit
AOI_2_Vegas_img2474,AOI_2_Vegas,AOI_2_Vegas:-11524:3625,test,owlvit,area,fixed,1.2,0.5,7,24,30,34,0.3,owlvit
AOI_2_Vegas_img2474,AOI_2_Vegas,AOI_2_Vegas:-11524:3625,test,owlvit,area,fixed,1.8,0.5,4,16,30,27,0.3,owlvit
AOI_2_Vegas_img2474,AOI_2_Vegas,AOI_2_Vegas:-11524:3625,test,owlvit,area,fixed,2.4,0.5,2,4,30,20,0.05,owlvit
AOI_2_Vegas_img2474,AOI_2_Vegas,AOI_2_Vegas:-11524:3625,test,owlvit,area,fixed,3.6,0.5,0,0,30,5,0.0,owlvit
AOI_2_Vegas_img2474,AOI_2_Vegas,AOI_2_Vegas:-11524:3625,test,owlvit,area,fixed,5.0,0.5,0,0,30,2,0.0,owlvit
AOI_2_Vegas_img2474,AOI_2_Vegas,AOI_2_Vegas:-11524:3625,test,owlvit,area,fixed,10.0,0.5,0,0,30,0,0.0,owlvit
AOI_2_Vegas_img2479,AOI_2_Vegas,AOI_2_Vegas:-11524:3612,test,owlvit,area,fixed,0.3,0.5,12,76,23,30,1.3,owlvit
AOI_2_Vegas_img2479,AOI_2_Vegas,AOI_2_Vegas:-11524:3612,test,owlvit,area,fixed,0.45,0.5,10,67,23,35,0.95,owlvit
AOI_2_Vegas_img2479,AOI_2_Vegas,AOI_2_Vegas:-11524:3612,test,owlvit,area,fixed,0.6,0.5,10,66,23,33,0.85,owlvit
AOI_2_Vegas_img2479,AOI_2_Vegas,AOI_2_Vegas:-11524:3612,test,owlvit,area,fixed,0.9,0.5,11,63,23,32,0.95,owlvit
AOI_2_Vegas_img2479,AOI_2_Vegas,AOI_2_Vegas:-11524:3612,test,owlvit,area,fixed,1.2,0.5,11,55,23,36,1.05,owlvit
AOI_2_Vegas_img2479,AOI_2_Vegas,AOI_2_Vegas:-11524:3612,test,owlvit,area,fixed,1.8,0.5,10,35,23,29,0.85,owlvit
AOI_2_Vegas_img2479,AOI_2_Vegas,AOI_2_Vegas:-11524:3612,test,owlvit,area,fixed,2.4,0.5,5,13,23,22,0.3,owlvit
AOI_2_Vegas_img2479,AOI_2_Vegas,AOI_2_Vegas:-11524:3612,test,owlvit,area,fixed,3.6,0.5,2,2,23,8,0.1,owlvit
AOI_2_Vegas_img2479,AOI_2_Vegas,AOI_2_Vegas:-11524:3612,test,owlvit,area,fixed,5.0,0.5,0,0,23,5,0.0,owlvit
AOI_2_Vegas_img2479,AOI_2_Vegas,AOI_2_Vegas:-11524:3612,test,owlvit,area,fixed,10.0,0.5,0,0,23,0,0.0,owlvit
AOI_2_Vegas_img2516,AOI_2_Vegas,AOI_2_Vegas:-11524:3619,test,owlvit,area,fixed,0.3,0.5,14,21,82,31,0.15,owlvit
AOI_2_Vegas_img2516,AOI_2_Vegas,AOI_2_Vegas:-11524:3619,test,owlvit,area,fixed,0.45,0.5,15,22,82,30,0.3,owlvit
AOI_2_Vegas_img2516,AOI_2_Vegas,AOI_2_Vegas:-11524:3619,test,owlvit,area,fixed,0.6,0.5,12,19,82,30,0.15,owlvit
AOI_2_Vegas_img2516,AOI_2_Vegas,AOI_2_Vegas:-11524:3619,test,owlvit,area,fixed,0.9,0.5,16,23,82,27,0.25,owlvit
AOI_2_Vegas_img2516,AOI_2_Vegas,AOI_2_Vegas:-11524:3619,test,owlvit,area,fixed,1.2,0.5,10,23,82,30,0.4,owlvit
AOI_2_Vegas_img2516,AOI_2_Vegas,AOI_2_Vegas:-11524:3619,test,owlvit,area,fixed,1.8,0.5,1,2,82,18,0.0,owlvit
AOI_2_Vegas_img2516,AOI_2_Vegas,AOI_2_Vegas:-11524:3619,test,owlvit,area,fixed,2.4,0.5,0,0,82,11,0.0,owlvit
AOI_2_Vegas_img2516,AOI_2_Vegas,AOI_2_Vegas:-11524:3619,test,owlvit,area,fixed,3.6,0.5,0,0,82,7,0.0,owlvit
AOI_2_Vegas_img2516,AOI_2_Vegas,AOI_2_Vegas:-11524:3619,test,owlvit,area,fixed,5.0,0.5,0,0,82,7,0.0,owlvit
AOI_2_Vegas_img2516,AOI_2_Vegas,AOI_2_Vegas:-11524:3619,test,owlvit,area,fixed,10.0,0.5,0,0,82,1,0.0,owlvit
AOI_2_Vegas_img2567,AOI_2_Vegas,AOI_2_Vegas:-11524:3614,test,owlvit,area,fixed,0.3,0.5,2,21,20,51,0.2,owlvit
AOI_2_Vegas_img2567,AOI_2_Vegas,AOI_2_Vegas:-11524:3614,test,owlvit,area,fixed,0.45,0.5,1,16,20,51,0.1,owlvit
AOI_2_Vegas_img2567,AOI_2_Vegas,AOI_2_Vegas:-11524:3614,test,owlvit,area,fixed,0.6,0.5,1,11,20,52,0.1,owlvit
AOI_2_Vegas_img2567,AOI_2_Vegas,AOI_2_Vegas:-11524:3614,test,owlvit,area,fixed,0.9,0.5,1,13,20,43,0.1,owlvit
AOI_2_Vegas_img2567,AOI_2_Vegas,AOI_2_Vegas:-11524:3614,test,owlvit,area,fixed,1.2,0.5,0,8,20,35,0.1,owlvit
AOI_2_Vegas_img2567,AOI_2_Vegas,AOI_2_Vegas:-11524:3614,test,owlvit,area,fixed,1.8,0.5,0,3,20,28,0.05,owlvit
AOI_2_Vegas_img2567,AOI_2_Vegas,AOI_2_Vegas:-11524:3614,test,owlvit,area,fixed,2.4,0.5,0,2,20,30,0.0,owlvit
AOI_2_Vegas_img2567,AOI_2_Vegas,AOI_2_Vegas:-11524:3614,test,owlvit,area,fixed,3.6,0.5,0,0,20,19,0.0,owlvit
AOI_2_Vegas_img2567,AOI_2_Vegas,AOI_2_Vegas:-11524:3614,test,owlvit,area,fixed,5.0,0.5,0,0,20,11,0.0,owlvit
AOI_2_Vegas_img2567,AOI_2_Vegas,AOI_2_Vegas:-11524:3614,test,owlvit,area,fixed,10.0,0.5,0,0,20,1,0.0,owlvit
AOI_2_Vegas_img2614,AOI_2_Vegas,AOI_2_Vegas:-11524:3622,test,owlvit,area,fixed,0.3,0.5,27,104,44,27,4.1,owlvit
AOI_2_Vegas_img2614,AOI_2_Vegas,AOI_2_Vegas:-11524:3622,test,owlvit,area,fixed,0.45,0.5,25,99,44,31,3.85,owlvit
AOI_2_Vegas_img2614,AOI_2_Vegas,AOI_2_Vegas:-11524:3622,test,owlvit,area,fixed,0.6,0.5,22,95,44,32,3.95,owlvit
AOI_2_Vegas_img2614,AOI_2_Vegas,AOI_2_Vegas:-11524:3622,test,owlvit,area,fixed,0.9,0.5,25,83,44,28,3.85,owlvit
AOI_2_Vegas_img2614,AOI_2_Vegas,AOI_2_Vegas:-11524:3622,test,owlvit,area,fixed,1.2,0.5,21,62,44,26,2.55,owlvit
AOI_2_Vegas_img2614,AOI_2_Vegas,AOI_2_Vegas:-11524:3622,test,owlvit,area,fixed,1.8,0.5,5,13,44,16,0.35,owlvit
AOI_2_Vegas_img2614,AOI_2_Vegas,AOI_2_Vegas:-11524:3622,test,owlvit,area,fixed,2.4,0.5,2,2,44,5,0.0,owlvit
AOI_2_Vegas_img2614,AOI_2_Vegas,AOI_2_Vegas:-11524:3622,test,owlvit,area,fixed,3.6,0.5,0,3,44,12,0.0,owlvit
AOI_2_Vegas_img2614,AOI_2_Vegas,AOI_2_Vegas:-11524:3622,test,owlvit,area,fixed,5.0,0.5,0,0,44,1,0.0,owlvit
AOI_2_Vegas_img2614,AOI_2_Vegas,AOI_2_Vegas:-11524:3622,test,owlvit,area,fixed,10.0,0.5,0,0,44,0,0.0,owlvit
AOI_2_Vegas_img2623,AOI_2_Vegas,AOI_2_Vegas:-11524:3624,test,owlvit,area,fixed,0.3,0.5,1,49,13,39,0.15,owlvit
AOI_2_Vegas_img2623,AOI_2_Vegas,AOI_2_Vegas:-11524:3624,test,owlvit,area,fixed,0.45,0.5,3,45,13,48,0.25,owlvit
AOI_2_Vegas_img2623,AOI_2_Vegas,AOI_2_Vegas:-11524:3624,test,owlvit,area,fixed,0.6,0.5,3,44,13,35,0.2,owlvit
AOI_2_Vegas_img2623,AOI_2_Vegas,AOI_2_Vegas:-11524:3624,test,owlvit,area,fixed,0.9,0.5,2,30,13,37,0.25,owlvit
AOI_2_Vegas_img2623,AOI_2_Vegas,AOI_2_Vegas:-11524:3624,test,owlvit,area,fixed,1.2,0.5,3,20,13,40,0.05,owlvit
AOI_2_Vegas_img2623,AOI_2_Vegas,AOI_2_Vegas:-11524:3624,test,owlvit,area,fixed,1.8,0.5,0,14,13,46,0.05,owlvit
AOI_2_Vegas_img2623,AOI_2_Vegas,AOI_2_Vegas:-11524:3624,test,owlvit,area,fixed,2.4,0.5,1,5,13,32,0.0,owlvit
AOI_2_Vegas_img2623,AOI_2_Vegas,AOI_2_Vegas:-11524:3624,test,owlvit,area,fixed,3.6,0.5,0,0,13,18,0.0,owlvit
AOI_2_Vegas_img2623,AOI_2_Vegas,AOI_2_Vegas:-11524:3624,test,owlvit,area,fixed,5.0,0.5,0,0,13,4,0.0,owlvit
AOI_2_Vegas_img2623,AOI_2_Vegas,AOI_2_Vegas:-11524:3624,test,owlvit,area,fixed,10.0,0.5,0,0,13,1,0.0,owlvit
AOI_2_Vegas_img263,AOI_2_Vegas,AOI_2_Vegas:-11530:3620,test,owlvit,area,fixed,0.3,0.5,26,50,44,30,1.9,owlvit
AOI_2_Vegas_img263,AOI_2_Vegas,AOI_2_Vegas:-11530:3620,test,owlvit,area,fixed,0.45,0.5,27,45,44,25,1.45,owlvit
AOI_2_Vegas_img263,AOI_2_Vegas,AOI_2_Vegas:-11530:3620,test,owlvit,area,fixed,0.6,0.5,21,43,44,28,1.8,owlvit
AOI_2_Vegas_img263,AOI_2_Vegas,AOI_2_Vegas:-11530:3620,test,owlvit,area,fixed,0.9,0.5,24,43,44,30,1.6,owlvit
AOI_2_Vegas_img263,AOI_2_Vegas,AOI_2_Vegas:-11530:3620,test,owlvit,area,fixed,1.2,0.5,16,29,44,36,0.75,owlvit
AOI_2_Vegas_img263,AOI_2_Vegas,AOI_2_Vegas:-11530:3620,test,owlvit,area,fixed,1.8,0.5,9,15,44,17,0.4,owlvit
AOI_2_Vegas_img263,AOI_2_Vegas,AOI_2_Vegas:-11530:3620,test,owlvit,area,fixed,2.4,0.5,0,1,44,9,0.0,owlvit
AOI_2_Vegas_img263,AOI_2_Vegas,AOI_2_Vegas:-11530:3620,test,owlvit,area,fixed,3.6,0.5,0,0,44,9,0.0,owlvit
AOI_2_Vegas_img263,AOI_2_Vegas,AOI_2_Vegas:-11530:3620,test,owlvit,area,fixed,5.0,0.5,0,0,44,6,0.0,owlvit
AOI_2_Vegas_img263,AOI_2_Vegas,AOI_2_Vegas:-11530:3620,test,owlvit,area,fixed,10.0,0.5,0,0,44,1,0.0,owlvit
AOI_2_Vegas_img2668,AOI_2_Vegas,AOI_2_Vegas:-11524:3618,test,owlvit,area,fixed,0.3,0.5,26,74,65,48,2.35,owlvit
AOI_2_Vegas_img2668,AOI_2_Vegas,AOI_2_Vegas:-11524:3618,test,owlvit,area,fixed,0.45,0.5,22,68,65,46,2.0,owlvit
AOI_2_Vegas_img2668,AOI_2_Vegas,AOI_2_Vegas:-11524:3618,test,owlvit,area,fixed,0.6,0.5,20,68,65,43,1.1,owlvit
AOI_2_Vegas_img2668,AOI_2_Vegas,AOI_2_Vegas:-11524:3618,test,owlvit,area,fixed,0.9,0.5,16,65,65,44,1.3,owlvit
AOI_2_Vegas_img2668,AOI_2_Vegas,AOI_2_Vegas:-11524:3618,test,owlvit,area,fixed,1.2,0.5,15,52,65,36,1.3,owlvit
AOI_2_Vegas_img2668,AOI_2_Vegas,AOI_2_Vegas:-11524:3618,test,owlvit,area,fixed,1.8,0.5,13,24,65,31,0.4,owlvit
AOI_2_Vegas_img2668,AOI_2_Vegas,AOI_2_Vegas:-11524:3618,test,owlvit,area,fixed,2.4,0.5,0,0,65,17,0.0,owlvit
AOI_2_Vegas_img2668,AOI_2_Vegas,AOI_2_Vegas:-11524:3618,test,owlvit,area,fixed,3.6,0.5,0,0,65,3,0.0,owlvit
AOI_2_Vegas_img2668,AOI_2_Vegas,AOI_2_Vegas:-11524:3618,test,owlvit,area,fixed,5.0,0.5,0,0,65,2,0.0,owlvit
AOI_2_Vegas_img2668,AOI_2_Vegas,AOI_2_Vegas:-11524:3618,test,owlvit,area,fixed,10.0,0.5,0,0,65,0,0.0,owlvit
AOI_2_Vegas_img2695,AOI_2_Vegas,AOI_2_Vegas:-11524:3623,test,owlvit,area,fixed,0.3,0.5,21,54,52,31,1.2,owlvit
AOI_2_Vegas_img2695,AOI_2_Vegas,AOI_2_Vegas:-11524:3623,test,owlvit,area,fixed,0.45,0.5,22,53,52,26,0.95,owlvit
AOI_2_Vegas_img2695,AOI_2_Vegas,AOI_2_Vegas:-11524:3623,test,owlvit,area,fixed,0.6,0.5,20,48,52,29,1.45,owlvit
AOI_2_Vegas_img2695,AOI_2_Vegas,AOI_2_Vegas:-11524:3623,test,owlvit,area,fixed,0.9,0.5,20,47,52,25,1.1,owlvit
AOI_2_Vegas_img2695,AOI_2_Vegas,AOI_2_Vegas:-11524:3623,test,owlvit,area,fixed,1.2,0.5,15,41,52,21,0.9,owlvit
AOI_2_Vegas_img2695,AOI_2_Vegas,AOI_2_Vegas:-11524:3623,test,owlvit,area,fixed,1.8,0.5,12,24,52,22,0.7,owlvit
AOI_2_Vegas_img2695,AOI_2_Vegas,AOI_2_Vegas:-11524:3623,test,owlvit,area,fixed,2.4,0.5,5,10,52,8,0.05,owlvit
AOI_2_Vegas_img2695,AOI_2_Vegas,AOI_2_Vegas:-11524:3623,test,owlvit,area,fixed,3.6,0.5,0,0,52,3,0.0,owlvit
AOI_2_Vegas_img2695,AOI_2_Vegas,AOI_2_Vegas:-11524:3623,test,owlvit,area,fixed,5.0,0.5,0,0,52,1,0.0,owlvit
AOI_2_Vegas_img2695,AOI_2_Vegas,AOI_2_Vegas:-11524:3623,test,owlvit,area,fixed,10.0,0.5,0,0,52,0,0.0,owlvit
AOI_2_Vegas_img2751,AOI_2_Vegas,AOI_2_Vegas:-11524:3619,test,owlvit,area,fixed,0.3,0.5,16,45,42,25,0.9,owlvit
AOI_2_Vegas_img2751,AOI_2_Vegas,AOI_2_Vegas:-11524:3619,test,owlvit,area,fixed,0.45,0.5,12,35,42,26,0.45,owlvit
AOI_2_Vegas_img2751,AOI_2_Vegas,AOI_2_Vegas:-11524:3619,test,owlvit,area,fixed,0.6,0.5,13,37,42,25,0.6,owlvit
AOI_2_Vegas_img2751,AOI_2_Vegas,AOI_2_Vegas:-11524:3619,test,owlvit,area,fixed,0.9,0.5,10,29,42,26,0.75,owlvit
AOI_2_Vegas_img2751,AOI_2_Vegas,AOI_2_Vegas:-11524:3619,test,owlvit,area,fixed,1.2,0.5,9,23,42,24,0.55,owlvit
AOI_2_Vegas_img2751,AOI_2_Vegas,AOI_2_Vegas:-11524:3619,test,owlvit,area,fixed,1.8,0.5,3,3,42,14,0.05,owlvit
AOI_2_Vegas_img2751,AOI_2_Vegas,AOI_2_Vegas:-11524:3619,test,owlvit,area,fixed,2.4,0.5,3,4,42,9,0.1,owlvit
AOI_2_Vegas_img2751,AOI_2_Vegas,AOI_2_Vegas:-11524:3619,test,owlvit,area,fixed,3.6,0.5,0,0,42,4,0.0,owlvit
AOI_2_Vegas_img2751,AOI_2_Vegas,AOI_2_Vegas:-11524:3619,test,owlvit,area,fixed,5.0,0.5,0,0,42,8,0.0,owlvit
AOI_2_Vegas_img2751,AOI_2_Vegas,AOI_2_Vegas:-11524:3619,test,owlvit,area,fixed,10.0,0.5,0,0,42,1,0.0,owlvit
AOI_2_Vegas_img2760,AOI_2_Vegas,AOI_2_Vegas:-11524:3620,test,owlvit,area,fixed,0.3,0.5,20,90,58,33,1.35,owlvit
AOI_2_Vegas_img2760,AOI_2_Vegas,AOI_2_Vegas:-11524:3620,test,owlvit,area,fixed,0.45,0.5,20,84,58,31,2.2,owlvit
AOI_2_Vegas_img2760,AOI_2_Vegas,AOI_2_Vegas:-11524:3620,test,owlvit,area,fixed,0.6,0.5,20,80,58,34,1.75,owlvit
AOI_2_Vegas_img2760,AOI_2_Vegas,AOI_2_Vegas:-11524:3620,test,owlvit,area,fixed,0.9,0.5,16,67,58,31,1.05,owlvit
AOI_2_Vegas_img2760,AOI_2_Vegas,AOI_2_Vegas:-11524:3620,test,owlvit,area,fixed,1.2,0.5,20,60,58,35,1.2,owlvit
AOI_2_Vegas_img2760,AOI_2_Vegas,AOI_2_Vegas:-11524:3620,test,owlvit,area,fixed,1.8,0.5,8,28,58,32,0.45,owlvit
AOI_2_Vegas_img2760,AOI_2_Vegas,AOI_2_Vegas:-11524:3620,test,owlvit,area,fixed,2.4,0.5,0,3,58,11,0.0,owlvit
AOI_2_Vegas_img2760,AOI_2_Vegas,AOI_2_Vegas:-11524:3620,test,owlvit,area,fixed,3.6,0.5,0,0,58,3,0.0,owlvit
AOI_2_Vegas_img2760,AOI_2_Vegas,AOI_2_Vegas:-11524:3620,test,owlvit,area,fixed,5.0,0.5,0,0,58,2,0.0,owlvit
AOI_2_Vegas_img2760,AOI_2_Vegas,AOI_2_Vegas:-11524:3620,test,owlvit,area,fixed,10.0,0.5,0,0,58,0,0.0,owlvit
AOI_2_Vegas_img2801,AOI_2_Vegas,AOI_2_Vegas:-11524:3613,test,owlvit,area,fixed,0.3,0.5,9,28,26,32,0.3,owlvit
AOI_2_Vegas_img2801,AOI_2_Vegas,AOI_2_Vegas:-11524:3613,test,owlvit,area,fixed,0.45,0.5,8,35,26,35,0.2,owlvit
AOI_2_Vegas_img2801,AOI_2_Vegas,AOI_2_Vegas:-11524:3613,test,owlvit,area,fixed,0.6,0.5,8,32,26,38,0.35,owlvit
AOI_2_Vegas_img2801,AOI_2_Vegas,AOI_2_Vegas:-11524:3613,test,owlvit,area,fixed,0.9,0.5,6,23,26,41,0.15,owlvit
AOI_2_Vegas_img2801,AOI_2_Vegas,AOI_2_Vegas:-11524:3613,test,owlvit,area,fixed,1.2,0.5,6,25,26,33,0.1,owlvit
AOI_2_Vegas_img2801,AOI_2_Vegas,AOI_2_Vegas:-11524:3613,test,owlvit,area,fixed,1.8,0.5,4,22,26,32,0.35,owlvit
AOI_2_Vegas_img2801,AOI_2_Vegas,AOI_2_Vegas:-11524:3613,test,owlvit,area,fixed,2.4,0.5,3,19,26,25,0.4,owlvit
AOI_2_Vegas_img2801,AOI_2_Vegas,AOI_2_Vegas:-11524:3613,test,owlvit,area,fixed,3.6,0.5,3,6,26,23,0.05,owlvit
AOI_2_Vegas_img2801,AOI_2_Vegas,AOI_2_Vegas:-11524:3613,test,owlvit,area,fixed,5.0,0.5,0,0,26,2,0.0,owlvit
AOI_2_Vegas_img2801,AOI_2_Vegas,AOI_2_Vegas:-11524:3613,test,owlvit,area,fixed,10.0,0.5,0,0,26,0,0.0,owlvit
AOI_2_Vegas_img2824,AOI_2_Vegas,AOI_2_Vegas:-11524:3618,test,owlvit,area,fixed,0.3,0.5,14,49,31,45,0.55,owlvit
AOI_2_Vegas_img2824,AOI_2_Vegas,AOI_2_Vegas:-11524:3618,test,owlvit,area,fixed,0.45,0.5,9,42,31,42,0.3,owlvit
AOI_2_Vegas_img2824,AOI_2_Vegas,AOI_2_Vegas:-11524:3618,test,owlvit,area,fixed,0.6,0.5,9,41,31,47,0.6,owlvit
AOI_2_Vegas_img2824,AOI_2_Vegas,AOI_2_Vegas:-11524:3618,test,owlvit,area,fixed,0.9,0.5,8,35,31,45,0.3,owlvit
AOI_2_Vegas_img2824,AOI_2_Vegas,AOI_2_Vegas:-11524:3618,test,owlvit,area,fixed,1.2,0.5,6,30,31,44,0.45,owlvit
AOI_2_Vegas_img2824,AOI_2_Vegas,AOI_2_Vegas:-11524:3618,test,owlvit,area,fixed,1.8,0.5,5,22,31,45,0.45,owlvit
AOI_2_Vegas_img2824,AOI_2_Vegas,AOI_2_Vegas:-11524:3618,test,owlvit,area,fixed,2.4,0.5,4,14,31,44,0.2,owlvit
AOI_2_Vegas_img2824,AOI_2_Vegas,AOI_2_Vegas:-11524:3618,test,owlvit,area,fixed,3.6,0.5,0,3,31,32,0.05,owlvit
AOI_2_Vegas_img2824,AOI_2_Vegas,AOI_2_Vegas:-11524:3618,test,owlvit,area,fixed,5.0,0.5,0,0,31,14,0.0,owlvit
AOI_2_Vegas_img2824,AOI_2_Vegas,AOI_2_Vegas:-11524:3618,test,owlvit,area,fixed,10.0,0.5,0,0,31,1,0.0,owlvit
AOI_2_Vegas_img2852,AOI_2_Vegas,AOI_2_Vegas:-11524:3622,test,owlvit,area,fixed,0.3,0.5,8,48,49,36,1.0,owlvit
AOI_2_Vegas_img2852,AOI_2_Vegas,AOI_2_Vegas:-11524:3622,test,owlvit,area,fixed,0.45,0.5,12,41,49,40,1.4,owlvit
AOI_2_Vegas_img2852,AOI_2_Vegas,AOI_2_Vegas:-11524:3622,test,owlvit,area,fixed,0.6,0.5,10,36,49,40,0.8,owlvit
AOI_2_Vegas_img2852,AOI_2_Vegas,AOI_2_Vegas:-11524:3622,test,owlvit,area,fixed,0.9,0.5,9,25,49,31,0.85,owlvit
AOI_2_Vegas_img2852,AOI_2_Vegas,AOI_2_Vegas:-11524:3622,test,owlvit,area,fixed,1.2,0.5,3,5,49,33,0.25,owlvit
AOI_2_Vegas_img2852,AOI_2_Vegas,AOI_2_Vegas:-11524:3622,test,owlvit,area,fixed,1.8,0.5,0,0,49,5,0.0,owlvit
AOI_2_Vegas_img2852,AOI_2_Vegas,AOI_2_Vegas:-11524:3622,test,owlvit,area,fixed,2.4,0.5,0,0,49,2,0.0,owlvit
AOI_2_Vegas_img2852,AOI_2_Vegas,AOI_2_Vegas:-11524:3622,test,owlvit,area,fixed,3.6,0.5,0,0,49,2,0.0,owlvit
AOI_2_Vegas_img2852,AOI_2_Vegas,AOI_2_Vegas:-11524:3622,test,owlvit,area,fixed,5.0,0.5,0,0,49,1,0.0,owlvit
AOI_2_Vegas_img2852,AOI_2_Vegas,AOI_2_Vegas:-11524:3622,test,owlvit,area,fixed,10.0,0.5,0,0,49,0,0.0,owlvit
AOI_2_Vegas_img286,AOI_2_Vegas,AOI_2_Vegas:-11530:3614,test,owlvit,area,fixed,0.3,0.5,0,7,6,27,0.0,owlvit
AOI_2_Vegas_img286,AOI_2_Vegas,AOI_2_Vegas:-11530:3614,test,owlvit,area,fixed,0.45,0.5,0,9,6,29,0.0,owlvit
AOI_2_Vegas_img286,AOI_2_Vegas,AOI_2_Vegas:-11530:3614,test,owlvit,area,fixed,0.6,0.5,0,7,6,26,0.0,owlvit
AOI_2_Vegas_img286,AOI_2_Vegas,AOI_2_Vegas:-11530:3614,test,owlvit,area,fixed,0.9,0.5,1,2,6,17,0.05,owlvit
AOI_2_Vegas_img286,AOI_2_Vegas,AOI_2_Vegas:-11530:3614,test,owlvit,area,fixed,1.2,0.5,2,2,6,12,0.0,owlvit
AOI_2_Vegas_img286,AOI_2_Vegas,AOI_2_Vegas:-11530:3614,test,owlvit,area,fixed,1.8,0.5,0,0,6,3,0.0,owlvit
AOI_2_Vegas_img286,AOI_2_Vegas,AOI_2_Vegas:-11530:3614,test,owlvit,area,fixed,2.4,0.5,0,0,6,6,0.0,owlvit
AOI_2_Vegas_img286,AOI_2_Vegas,AOI_2_Vegas:-11530:3614,test,owlvit,area,fixed,3.6,0.5,0,0,6,5,0.0,owlvit
AOI_2_Vegas_img286,AOI_2_Vegas,AOI_2_Vegas:-11530:3614,test,owlvit,area,fixed,5.0,0.5,0,0,6,5,0.0,owlvit
AOI_2_Vegas_img286,AOI_2_Vegas,AOI_2_Vegas:-11530:3614,test,owlvit,area,fixed,10.0,0.5,0,0,6,1,0.0,owlvit
AOI_2_Vegas_img2870,AOI_2_Vegas,AOI_2_Vegas:-11524:3626,test,owlvit,area,fixed,0.3,0.5,3,55,16,12,0.15,owlvit
AOI_2_Vegas_img2870,AOI_2_Vegas,AOI_2_Vegas:-11524:3626,test,owlvit,area,fixed,0.45,0.5,3,47,16,10,0.2,owlvit
AOI_2_Vegas_img2870,AOI_2_Vegas,AOI_2_Vegas:-11524:3626,test,owlvit,area,fixed,0.6,0.5,2,42,16,9,0.35,owlvit
AOI_2_Vegas_img2870,AOI_2_Vegas,AOI_2_Vegas:-11524:3626,test,owlvit,area,fixed,0.9,0.5,3,34,16,10,0.2,owlvit
AOI_2_Vegas_img2870,AOI_2_Vegas,AOI_2_Vegas:-11524:3626,test,owlvit,area,fixed,1.2,0.5,2,31,16,15,0.2,owlvit
AOI_2_Vegas_img2870,AOI_2_Vegas,AOI_2_Vegas:-11524:3626,test,owlvit,area,fixed,1.8,0.5,2,7,16,3,0.15,owlvit
AOI_2_Vegas_img2870,AOI_2_Vegas,AOI_2_Vegas:-11524:3626,test,owlvit,area,fixed,2.4,0.5,0,1,16,2,0.05,owlvit
AOI_2_Vegas_img2870,AOI_2_Vegas,AOI_2_Vegas:-11524:3626,test,owlvit,area,fixed,3.6,0.5,0,0,16,2,0.0,owlvit
AOI_2_Vegas_img2870,AOI_2_Vegas,AOI_2_Vegas:-11524:3626,test,owlvit,area,fixed,5.0,0.5,0,0,16,1,0.0,owlvit
AOI_2_Vegas_img2870,AOI_2_Vegas,AOI_2_Vegas:-11524:3626,test,owlvit,area,fixed,10.0,0.5,0,0,16,1,0.0,owlvit
AOI_2_Vegas_img2875,AOI_2_Vegas,AOI_2_Vegas:-11523:3613,test,owlvit,area,fixed,0.3,0.5,10,55,31,37,0.25,owlvit
AOI_2_Vegas_img2875,AOI_2_Vegas,AOI_2_Vegas:-11523:3613,test,owlvit,area,fixed,0.45,0.5,10,54,31,40,0.35,owlvit
AOI_2_Vegas_img2875,AOI_2_Vegas,AOI_2_Vegas:-11523:3613,test,owlvit,area,fixed,0.6,0.5,10,50,31,40,0.25,owlvit
AOI_2_Vegas_img2875,AOI_2_Vegas,AOI_2_Vegas:-11523:3613,test,owlvit,area,fixed,0.9,0.5,9,46,31,42,0.55,owlvit
AOI_2_Vegas_img2875,AOI_2_Vegas,AOI_2_Vegas:-11523:3613,test,owlvit,area,fixed,1.2,0.5,9,39,31,43,0.45,owlvit
AOI_2_Vegas_img2875,AOI_2_Vegas,AOI_2_Vegas:-11523:3613,test,owlvit,area,fixed,1.8,0.5,5,24,31,35,0.35,owlvit
AOI_2_Vegas_img2875,AOI_2_Vegas,AOI_2_Vegas:-11523:3613,test,owlvit,area,fixed,2.4,0.5,4,13,31,32,0.3,owlvit
AOI_2_Vegas_img2875,AOI_2_Vegas,AOI_2_Vegas:-11523:3613,test,owlvit,area,fixed,3.6,0.5,1,2,31,14,0.05,owlvit
AOI_2_Vegas_img2875,AOI_2_Vegas,AOI_2_Vegas:-11523:3613,test,owlvit,area,fixed,5.0,0.5,0,0,31,1,0.0,owlvit
AOI_2_Vegas_img2875,AOI_2_Vegas,AOI_2_Vegas:-11523:3613,test,owlvit,area,fixed,10.0,0.5,0,0,31,0,0.0,owlvit
AOI_2_Vegas_img288,AOI_2_Vegas,AOI_2_Vegas:-11530:3614,test,owlvit,area,fixed,0.3,0.5,15,81,37,35,1.15,owlvit
AOI_2_Vegas_img288,AOI_2_Vegas,AOI_2_Vegas:-11530:3614,test,owlvit,area,fixed,0.45,0.5,13,72,37,39,0.7,owlvit
AOI_2_Vegas_img288,AOI_2_Vegas,AOI_2_Vegas:-11530:3614,test,owlvit,area,fixed,0.6,0.5,14,71,37,41,0.85,owlvit
AOI_2_Vegas_img288,AOI_2_Vegas,AOI_2_Vegas:-11530:3614,test,owlvit,area,fixed,0.9,0.5,14,63,37,45,0.3,owlvit
AOI_2_Vegas_img288,AOI_2_Vegas,AOI_2_Vegas:-11530:3614,test,owlvit,area,fixed,1.2,0.5,14,49,37,42,0.5,owlvit
AOI_2_Vegas_img288,AOI_2_Vegas,AOI_2_Vegas:-11530:3614,test,owlvit,area,fixed,1.8,0.5,7,19,37,38,0.55,owlvit
AOI_2_Vegas_img288,AOI_2_Vegas,AOI_2_Vegas:-11530:3614,test,owlvit,area,fixed,2.4,0.5,2,2,37,10,0.1,owlvit
AOI_2_Vegas_img288,AOI_2_Vegas,AOI_2_Vegas:-11530:3614,test,owlvit,area,fixed,3.6,0.5,0,0,37,5,0.0,owlvit
AOI_2_Vegas_img288,AOI_2_Vegas,AOI_2_Vegas:-11530:3614,test,owlvit,area,fixed,5.0,0.5,0,0,37,3,0.0,owlvit
AOI_2_Vegas_img288,AOI_2_Vegas,AOI_2_Vegas:-11530:3614,test,owlvit,area,fixed,10.0,0.5,0,0,37,1,0.0,owlvit
AOI_2_Vegas_img2888,AOI_2_Vegas,AOI_2_Vegas:-11523:3615,test,owlvit,area,fixed,0.3,0.5,0,1,0,21,0.0,owlvit
AOI_2_Vegas_img2888,AOI_2_Vegas,AOI_2_Vegas:-11523:3615,test,owlvit,area,fixed,0.45,0.5,0,1,0,21,0.0,owlvit
AOI_2_Vegas_img2888,AOI_2_Vegas,AOI_2_Vegas:-11523:3615,test,owlvit,area,fixed,0.6,0.5,0,1,0,20,0.0,owlvit
AOI_2_Vegas_img2888,AOI_2_Vegas,AOI_2_Vegas:-11523:3615,test,owlvit,area,fixed,0.9,0.5,0,4,0,24,0.0,owlvit
AOI_2_Vegas_img2888,AOI_2_Vegas,AOI_2_Vegas:-11523:3615,test,owlvit,area,fixed,1.2,0.5,0,3,0,28,0.0,owlvit
AOI_2_Vegas_img2888,AOI_2_Vegas,AOI_2_Vegas:-11523:3615,test,owlvit,area,fixed,1.8,0.5,0,0,0,20,0.0,owlvit
AOI_2_Vegas_img2888,AOI_2_Vegas,AOI_2_Vegas:-11523:3615,test,owlvit,area,fixed,2.4,0.5,0,0,0,15,0.0,owlvit
AOI_2_Vegas_img2888,AOI_2_Vegas,AOI_2_Vegas:-11523:3615,test,owlvit,area,fixed,3.6,0.5,0,0,0,8,0.0,owlvit
AOI_2_Vegas_img2888,AOI_2_Vegas,AOI_2_Vegas:-11523:3615,test,owlvit,area,fixed,5.0,0.5,0,0,0,5,0.0,owlvit
AOI_2_Vegas_img2888,AOI_2_Vegas,AOI_2_Vegas:-11523:3615,test,owlvit,area,fixed,10.0,0.5,0,0,0,0,0.0,owlvit
AOI_2_Vegas_img297,AOI_2_Vegas,AOI_2_Vegas:-11530:3616,test,owlvit,area,fixed,0.3,0.5,0,0,0,2,0.0,owlvit
AOI_2_Vegas_img297,AOI_2_Vegas,AOI_2_Vegas:-11530:3616,test,owlvit,area,fixed,0.45,0.5,0,0,0,0,0.0,owlvit
AOI_2_Vegas_img297,AOI_2_Vegas,AOI_2_Vegas:-11530:3616,test,owlvit,area,fixed,0.6,0.5,0,0,0,0,0.0,owlvit
AOI_2_Vegas_img297,AOI_2_Vegas,AOI_2_Vegas:-11530:3616,test,owlvit,area,fixed,0.9,0.5,0,0,0,0,0.0,owlvit
AOI_2_Vegas_img297,AOI_2_Vegas,AOI_2_Vegas:-11530:3616,test,owlvit,area,fixed,1.2,0.5,0,0,0,0,0.0,owlvit
AOI_2_Vegas_img297,AOI_2_Vegas,AOI_2_Vegas:-11530:3616,test,owlvit,area,fixed,1.8,0.5,0,0,0,0,0.0,owlvit
AOI_2_Vegas_img297,AOI_2_Vegas,AOI_2_Vegas:-11530:3616,test,owlvit,area,fixed,2.4,0.5,0,0,0,0,0.0,owlvit
AOI_2_Vegas_img297,AOI_2_Vegas,AOI_2_Vegas:-11530:3616,test,owlvit,area,fixed,3.6,0.5,0,0,0,0,0.0,owlvit
AOI_2_Vegas_img297,AOI_2_Vegas,AOI_2_Vegas:-11530:3616,test,owlvit,area,fixed,5.0,0.5,0,0,0,0,0.0,owlvit
AOI_2_Vegas_img297,AOI_2_Vegas,AOI_2_Vegas:-11530:3616,test,owlvit,area,fixed,10.0,0.5,0,0,0,0,0.0,owlvit
AOI_2_Vegas_img2978,AOI_2_Vegas,AOI_2_Vegas:-11523:3617,test,owlvit,area,fixed,0.3,0.5,2,51,30,27,0.45,owlvit
AOI_2_Vegas_img2978,AOI_2_Vegas,AOI_2_Vegas:-11523:3617,test,owlvit,area,fixed,0.45,0.5,1,43,30,23,0.35,owlvit
AOI_2_Vegas_img2978,AOI_2_Vegas,AOI_2_Vegas:-11523:3617,test,owlvit,area,fixed,0.6,0.5,1,34,30,23,0.15,owlvit
AOI_2_Vegas_img2978,AOI_2_Vegas,AOI_2_Vegas:-11523:3617,test,owlvit,area,fixed,0.9,0.5,3,29,30,29,0.4,owlvit
AOI_2_Vegas_img2978,AOI_2_Vegas,AOI_2_Vegas:-11523:3617,test,owlvit,area,fixed,1.2,0.5,3,28,30,27,0.15,owlvit
AOI_2_Vegas_img2978,AOI_2_Vegas,AOI_2_Vegas:-11523:3617,test,owlvit,area,fixed,1.8,0.5,3,29,30,27,0.1,owlvit
AOI_2_Vegas_img2978,AOI_2_Vegas,AOI_2_Vegas:-11523:3617,test,owlvit,area,fixed,2.4,0.5,0,15,30,25,0.1,owlvit
AOI_2_Vegas_img2978,AOI_2_Vegas,AOI_2_Vegas:-11523:3617,test,owlvit,area,fixed,3.6,0.5,0,4,30,20,0.05,owlvit
AOI_2_Vegas_img2978,AOI_2_Vegas,AOI_2_Vegas:-11523:3617,test,owlvit,area,fixed,5.0,0.5,0,0,30,3,0.0,owlvit
AOI_2_Vegas_img2978,AOI_2_Vegas,AOI_2_Vegas:-11523:3617,test,owlvit,area,fixed,10.0,0.5,0,0,30,0,0.0,owlvit
AOI_2_Vegas_img3018,AOI_2_Vegas,AOI_2_Vegas:-11523:3624,test,owlvit,area,fixed,0.3,0.5,14,69,61,32,1.3,owlvit
AOI_2_Vegas_img3018,AOI_2_Vegas,AOI_2_Vegas:-11523:3624,test,owlvit,area,fixed,0.45,0.5,13,65,61,33,1.45,owlvit
AOI_2_Vegas_img3018,AOI_2_Vegas,AOI_2_Vegas:-11523:3624,test,owlvit,area,fixed,0.6,0.5,13,65,61,30,1.6,owlvit
AOI_2_Vegas_img3018,AOI_2_Vegas,AOI_2_Vegas:-11523:3624,test,owlvit,area,fixed,0.9,0.5,8,53,61,28,1.25,owlvit
AOI_2_Vegas_img3018,AOI_2_Vegas,AOI_2_Vegas:-11523:3624,test,owlvit,area,fixed,1.2,0.5,11,37,61,28,1.1,owlvit
AOI_2_Vegas_img3018,AOI_2_Vegas,AOI_2_Vegas:-11523:3624,test,owlvit,area,fixed,1.8,0.5,6,21,61,18,0.5,owlvit
AOI_2_Vegas_img3018,AOI_2_Vegas,AOI_2_Vegas:-11523:3624,test,owlvit,area,fixed,2.4,0.5,2,7,61,11,0.2,owlvit
AOI_2_Vegas_img3018,AOI_2_Vegas,AOI_2_Vegas:-11523:3624,test,owlvit,area,fixed,3.6,0.5,1,1,61,7,0.0,owlvit
AOI_2_Vegas_img3018,AOI_2_Vegas,AOI_2_Vegas:-11523:3624,test,owlvit,area,fixed,5.0,0.5,1,1,61,3,0.05,owlvit
AOI_2_Vegas_img3018,AOI_2_Vegas,AOI_2_Vegas:-11523:3624,test,owlvit,area,fixed,10.0,0.5,0,0,61,0,0.0,owlvit
AOI_2_Vegas_img3077,AOI_2_Vegas,AOI_2_Vegas:-11523:3620,test,owlvit,area,fixed,0.3,0.5,7,35,32,36,0.75,owlvit
AOI_2_Vegas_img3077,AOI_2_Vegas,AOI_2_Vegas:-11523:3620,test,owlvit,area,fixed,0.45,0.5,8,35,32,36,0.55,owlvit
AOI_2_Vegas_img3077,AOI_2_Vegas,AOI_2_Vegas:-11523:3620,test,owlvit,area,fixed,0.6,0.5,9,31,32,37,0.25,owlvit
AOI_2_Vegas_img3077,AOI_2_Vegas,AOI_2_Vegas:-11523:3620,test,owlvit,area,fixed,0.9,0.5,10,31,32,37,0.35,owlvit
AOI_2_Vegas_img3077,AOI_2_Vegas,AOI_2_Vegas:-11523:3620,test,owlvit,area,fixed,1.2,0.5,9,21,32,36,0.15,owlvit
AOI_2_Vegas_img3077,AOI_2_Vegas,AOI_2_Vegas:-11523:3620,test,owlvit,area,fixed,1.8,0.5,6,11,32,25,0.25,owlvit
AOI_2_Vegas_img3077,AOI_2_Vegas,AOI_2_Vegas:-11523:3620,test,owlvit,area,fixed,2.4,0.5,2,6,32,18,0.15,owlvit
AOI_2_Vegas_img3077,AOI_2_Vegas,AOI_2_Vegas:-11523:3620,test,owlvit,area,fixed,3.6,0.5,0,0,32,7,0.0,owlvit
AOI_2_Vegas_img3077,AOI_2_Vegas,AOI_2_Vegas:-11523:3620,test,owlvit,area,fixed,5.0,0.5,0,0,32,1,0.0,owlvit
AOI_2_Vegas_img3077,AOI_2_Vegas,AOI_2_Vegas:-11523:3620,test,owlvit,area,fixed,10.0,0.5,0,0,32,0,0.0,owlvit
AOI_2_Vegas_img3082,AOI_2_Vegas,AOI_2_Vegas:-11523:3621,test,owlvit,area,fixed,0.3,0.5,2,25,7,44,0.05,owlvit
AOI_2_Vegas_img3082,AOI_2_Vegas,AOI_2_Vegas:-11523:3621,test,owlvit,area,fixed,0.45,0.5,3,22,7,47,0.0,owlvit
AOI_2_Vegas_img3082,AOI_2_Vegas,AOI_2_Vegas:-11523:3621,test,owlvit,area,fixed,0.6,0.5,2,13,7,45,0.0,owlvit
AOI_2_Vegas_img3082,AOI_2_Vegas,AOI_2_Vegas:-11523:3621,test,owlvit,area,fixed,0.9,0.5,1,5,7,36,0.0,owlvit
AOI_2_Vegas_img3082,AOI_2_Vegas,AOI_2_Vegas:-11523:3621,test,owlvit,area,fixed,1.2,0.5,1,3,7,25,0.0,owlvit
AOI_2_Vegas_img3082,AOI_2_Vegas,AOI_2_Vegas:-11523:3621,test,owlvit,area,fixed,1.8,0.5,0,0,7,14,0.0,owlvit
AOI_2_Vegas_img3082,AOI_2_Vegas,AOI_2_Vegas:-11523:3621,test,owlvit,area,fixed,2.4,0.5,0,0,7,14,0.0,owlvit
AOI_2_Vegas_img3082,AOI_2_Vegas,AOI_2_Vegas:-11523:3621,test,owlvit,area,fixed,3.6,0.5,0,0,7,7,0.0,owlvit
AOI_2_Vegas_img3082,AOI_2_Vegas,AOI_2_Vegas:-11523:3621,test,owlvit,area,fixed,5.0,0.5,0,0,7,4,0.0,owlvit
AOI_2_Vegas_img3082,AOI_2_Vegas,AOI_2_Vegas:-11523:3621,test,owlvit,area,fixed,10.0,0.5,0,0,7,3,0.0,owlvit
AOI_2_Vegas_img311,AOI_2_Vegas,AOI_2_Vegas:-11530:3618,test,owlvit,area,fixed,0.3,0.5,0,30,15,33,0.05,owlvit
AOI_2_Vegas_img311,AOI_2_Vegas,AOI_2_Vegas:-11530:3618,test,owlvit,area,fixed,0.45,0.5,0,25,15,28,0.0,owlvit
AOI_2_Vegas_img311,AOI_2_Vegas,AOI_2_Vegas:-11530:3618,test,owlvit,area,fixed,0.6,0.5,0,23,15,29,0.0,owlvit
AOI_2_Vegas_img311,AOI_2_Vegas,AOI_2_Vegas:-11530:3618,test,owlvit,area,fixed,0.9,0.5,0,18,15,28,0.0,owlvit
AOI_2_Vegas_img311,AOI_2_Vegas,AOI_2_Vegas:-11530:3618,test,owlvit,area,fixed,1.2,0.5,0,18,15,28,0.0,owlvit
AOI_2_Vegas_img311,AOI_2_Vegas,AOI_2_Vegas:-11530:3618,test,owlvit,area,fixed,1.8,0.5,0,22,15,22,0.0,owlvit
AOI_2_Vegas_img311,AOI_2_Vegas,AOI_2_Vegas:-11530:3618,test,owlvit,area,fixed,2.4,0.5,0,17,15,24,0.0,owlvit
AOI_2_Vegas_img311,AOI_2_Vegas,AOI_2_Vegas:-11530:3618,test,owlvit,area,fixed,3.6,0.5,0,2,15,4,0.0,owlvit
AOI_2_Vegas_img311,AOI_2_Vegas,AOI_2_Vegas:-11530:3618,test,owlvit,area,fixed,5.0,0.5,0,0,15,0,0.0,owlvit
AOI_2_Vegas_img311,AOI_2_Vegas,AOI_2_Vegas:-11530:3618,test,owlvit,area,fixed,10.0,0.5,0,0,15,0,0.0,owlvit
AOI_2_Vegas_img3117,AOI_2_Vegas,AOI_2_Vegas:-11523:3613,test,owlvit,area,fixed,0.3,0.5,5,55,18,42,0.6,owlvit
AOI_2_Vegas_img3117,AOI_2_Vegas,AOI_2_Vegas:-11523:3613,test,owlvit,area,fixed,0.45,0.5,4,39,18,43,0.4,owlvit
AOI_2_Vegas_img3117,AOI_2_Vegas,AOI_2_Vegas:-11523:3613,test,owlvit,area,fixed,0.6,0.5,6,45,18,44,0.45,owlvit
AOI_2_Vegas_img3117,AOI_2_Vegas,AOI_2_Vegas:-11523:3613,test,owlvit,area,fixed,0.9,0.5,5,38,18,39,0.55,owlvit
AOI_2_Vegas_img3117,AOI_2_Vegas,AOI_2_Vegas:-11523:3613,test,owlvit,area,fixed,1.2,0.5,6,34,18,48,0.45,owlvit
AOI_2_Vegas_img3117,AOI_2_Vegas,AOI_2_Vegas:-11523:3613,test,owlvit,area,fixed,1.8,0.5,2,11,18,42,0.15,owlvit
AOI_2_Vegas_img3117,AOI_2_Vegas,AOI_2_Vegas:-11523:3613,test,owlvit,area,fixed,2.4,0.5,3,12,18,35,0.35,owlvit
AOI_2_Vegas_img3117,AOI_2_Vegas,AOI_2_Vegas:-11523:3613,test,owlvit,area,fixed,3.6,0.5,0,1,18,15,0.0,owlvit
AOI_2_Vegas_img3117,AOI_2_Vegas,AOI_2_Vegas:-11523:3613,test,owlvit,area,fixed,5.0,0.5,0,0,18,3,0.0,owlvit
AOI_2_Vegas_img3117,AOI_2_Vegas,AOI_2_Vegas:-11523:3613,test,owlvit,area,fixed,10.0,0.5,0,0,18,1,0.0,owlvit
AOI_2_Vegas_img3122,AOI_2_Vegas,AOI_2_Vegas:-11523:3614,test,owlvit,area,fixed,0.3,0.5,7,49,27,53,0.2,owlvit
AOI_2_Vegas_img3122,AOI_2_Vegas,AOI_2_Vegas:-11523:3614,test,owlvit,area,fixed,0.45,0.5,7,45,27,51,0.35,owlvit
AOI_2_Vegas_img3122,AOI_2_Vegas,AOI_2_Vegas:-11523:3614,test,owlvit,area,fixed,0.6,0.5,7,51,27,50,0.45,owlvit
AOI_2_Vegas_img3122,AOI_2_Vegas,AOI_2_Vegas:-11523:3614,test,owlvit,area,fixed,0.9,0.5,6,50,27,44,0.3,owlvit
AOI_2_Vegas_img3122,AOI_2_Vegas,AOI_2_Vegas:-11523:3614,test,owlvit,area,fixed,1.2,0.5,7,36,27,50,0.25,owlvit
AOI_2_Vegas_img3122,AOI_2_Vegas,AOI_2_Vegas:-11523:3614,test,owlvit,area,fixed,1.8,0.5,7,26,27,44,0.5,owlvit
AOI_2_Vegas_img3122,AOI_2_Vegas,AOI_2_Vegas:-11523:3614,test,owlvit,area,fixed,2.4,0.5,6,12,27,37,0.15,owlvit
AOI_2_Vegas_img3122,AOI_2_Vegas,AOI_2_Vegas:-11523:3614,test,owlvit,area,fixed,3.6,0.5,0,0,27,16,0.0,owlvit
AOI_2_Vegas_img3122,AOI_2_Vegas,AOI_2_Vegas:-11523:3614,test,owlvit,area,fixed,5.0,0.5,0,0,27,4,0.0,owlvit
AOI_2_Vegas_img3122,AOI_2_Vegas,AOI_2_Vegas:-11523:3614,test,owlvit,area,fixed,10.0,0.5,0,0,27,1,0.0,owlvit
AOI_2_Vegas_img3131,AOI_2_Vegas,AOI_2_Vegas:-11523:3616,test,owlvit,area,fixed,0.3,0.5,15,50,65,23,1.0,owlvit
AOI_2_Vegas_img3131,AOI_2_Vegas,AOI_2_Vegas:-11523:3616,test,owlvit,area,fixed,0.45,0.5,15,49,65,18,0.9,owlvit
AOI_2_Vegas_img3131,AOI_2_Vegas,AOI_2_Vegas:-11523:3616,test,owlvit,area,fixed,0.6,0.5,17,47,65,21,0.95,owlvit
AOI_2_Vegas_img3131,AOI_2_Vegas,AOI_2_Vegas:-11523:3616,test,owlvit,area,fixed,0.9,0.5,14,35,65,19,0.65,owlvit
AOI_2_Vegas_img3131,AOI_2_Vegas,AOI_2_Vegas:-11523:3616,test,owlvit,area,fixed,1.2,0.5,9,29,65,22,0.7,owlvit
AOI_2_Vegas_img3131,AOI_2_Vegas,AOI_2_Vegas:-11523:3616,test,owlvit,area,fixed,1.8,0.5,1,6,65,10,0.1,owlvit
AOI_2_Vegas_img3131,AOI_2_Vegas,AOI_2_Vegas:-11523:3616,test,owlvit,area,fixed,2.4,0.5,1,3,65,6,0.05,owlvit
AOI_2_Vegas_img3131,AOI_2_Vegas,AOI_2_Vegas:-11523:3616,test,owlvit,area,fixed,3.6,0.5,0,0,65,3,0.0,owlvit
AOI_2_Vegas_img3131,AOI_2_Vegas,AOI_2_Vegas:-11523:3616,test,owlvit,area,fixed,5.0,0.5,0,0,65,1,0.0,owlvit
AOI_2_Vegas_img3131,AOI_2_Vegas,AOI_2_Vegas:-11523:3616,test,owlvit,area,fixed,10.0,0.5,0,0,65,0,0.0,owlvit
AOI_2_Vegas_img3134,AOI_2_Vegas,AOI_2_Vegas:-11523:3616,test,owlvit,area,fixed,0.3,0.5,22,66,58,28,2.2,owlvit
AOI_2_Vegas_img3134,AOI_2_Vegas,AOI_2_Vegas:-11523:3616,test,owlvit,area,fixed,0.45,0.5,17,57,58,27,1.05,owlvit
AOI_2_Vegas_img3134,AOI_2_Vegas,AOI_2_Vegas:-11523:3616,test,owlvit,area,fixed,0.6,0.5,16,47,58,27,1.15,owlvit
AOI_2_Vegas_img3134,AOI_2_Vegas,AOI_2_Vegas:-11523:3616,test,owlvit,area,fixed,0.9,0.5,13,38,58,23,0.9,owlvit
AOI_2_Vegas_img3134,AOI_2_Vegas,AOI_2_Vegas:-11523:3616,test,owlvit,area,fixed,1.2,0.5,11,32,58,25,0.85,owlvit
AOI_2_Vegas_img3134,AOI_2_Vegas,AOI_2_Vegas:-11523:3616,test,owlvit,area,fixed,1.8,0.5,5,23,58,16,0.4,owlvit
AOI_2_Vegas_img3134,AOI_2_Vegas,AOI_2_Vegas:-11523:3616,test,owlvit,area,fixed,2.4,0.5,2,5,58,11,0.05,owlvit
AOI_2_Vegas_img3134,AOI_2_Vegas,AOI_2_Vegas:-11523:3616,test,owlvit,area,fixed,3.6,0.5,0,0,58,4,0.0,owlvit
AOI_2_Vegas_img3134,AOI_2_Vegas,AOI_2_Vegas:-11523:3616,test,owlvit,area,fixed,5.0,0.5,0,0,58,2,0.0,owlvit
AOI_2_Vegas_img3134,AOI_2_Vegas,AOI_2_Vegas:-11523:3616,test,owlvit,area,fixed,10.0,0.5,0,0,58,0,0.0,owlvit
AOI_2_Vegas_img3146,AOI_2_Vegas,AOI_2_Vegas:-11523:3619,test,owlvit,area,fixed,0.3,0.5,8,22,38,53,0.25,owlvit
AOI_2_Vegas_img3146,AOI_2_Vegas,AOI_2_Vegas:-11523:3619,test,owlvit,area,fixed,0.45,0.5,6,18,38,59,0.15,owlvit
AOI_2_Vegas_img3146,AOI_2_Vegas,AOI_2_Vegas:-11523:3619,test,owlvit,area,fixed,0.6,0.5,7,23,38,64,0.2,owlvit
AOI_2_Vegas_img3146,AOI_2_Vegas,AOI_2_Vegas:-11523:3619,test,owlvit,area,fixed,0.9,0.5,5,14,38,52,0.15,owlvit
AOI_2_Vegas_img3146,AOI_2_Vegas,AOI_2_Vegas:-11523:3619,test,owlvit,area,fixed,1.2,0.5,1,6,38,45,0.05,owlvit
AOI_2_Vegas_img3146,AOI_2_Vegas,AOI_2_Vegas:-11523:3619,test,owlvit,area,fixed,1.8,0.5,1,1,38,31,0.05,owlvit
AOI_2_Vegas_img3146,AOI_2_Vegas,AOI_2_Vegas:-11523:3619,test,owlvit,area,fixed,2.4,0.5,0,0,38,16,0.0,owlvit
AOI_2_Vegas_img3146,AOI_2_Vegas,AOI_2_Vegas:-11523:3619,test,owlvit,area,fixed,3.6,0.5,0,0,38,13,0.0,owlvit
AOI_2_Vegas_img3146,AOI_2_Vegas,AOI_2_Vegas:-11523:3619,test,owlvit,area,fixed,5.0,0.5,0,0,38,5,0.0,owlvit
AOI_2_Vegas_img3146,AOI_2_Vegas,AOI_2_Vegas:-11523:3619,test,owlvit,area,fixed,10.0,0.5,0,0,38,3,0.0,owlvit
AOI_2_Vegas_img3170,AOI_2_Vegas,AOI_2_Vegas:-11523:3623,test,owlvit,area,fixed,0.3,0.5,0,0,0,0,0.0,owlvit
AOI_2_Vegas_img3170,AOI_2_Vegas,AOI_2_Vegas:-11523:3623,test,owlvit,area,fixed,0.45,0.5,0,0,0,0,0.0,owlvit
AOI_2_Vegas_img3170,AOI_2_Vegas,AOI_2_Vegas:-11523:3623,test,owlvit,area,fixed,0.6,0.5,0,0,0,0,0.0,owlvit
AOI_2_Vegas_img3170,AOI_2_Vegas,AOI_2_Vegas:-11523:3623,test,owlvit,area,fixed,0.9,0.5,0,0,0,0,0.0,owlvit
AOI_2_Vegas_img3170,AOI_2_Vegas,AOI_2_Vegas:-11523:3623,test,owlvit,area,fixed,1.2,0.5,0,0,0,0,0.0,owlvit
AOI_2_Vegas_img3170,AOI_2_Vegas,AOI_2_Vegas:-11523:3623,test,owlvit,area,fixed,1.8,0.5,0,0,0,0,0.0,owlvit
AOI_2_Vegas_img3170,AOI_2_Vegas,AOI_2_Vegas:-11523:3623,test,owlvit,area,fixed,2.4,0.5,0,0,0,0,0.0,owlvit
AOI_2_Vegas_img3170,AOI_2_Vegas,AOI_2_Vegas:-11523:3623,test,owlvit,area,fixed,3.6,0.5,0,0,0,0,0.0,owlvit
AOI_2_Vegas_img3170,AOI_2_Vegas,AOI_2_Vegas:-11523:3623,test,owlvit,area,fixed,5.0,0.5,0,0,0,0,0.0,owlvit
AOI_2_Vegas_img3170,AOI_2_Vegas,AOI_2_Vegas:-11523:3623,test,owlvit,area,fixed,10.0,0.5,0,0,0,0,0.0,owlvit
AOI_2_Vegas_img3207,AOI_2_Vegas,AOI_2_Vegas:-11523:3615,test,owlvit,area,fixed,0.3,0.5,3,29,29,51,0.0,owlvit
AOI_2_Vegas_img3207,AOI_2_Vegas,AOI_2_Vegas:-11523:3615,test,owlvit,area,fixed,0.45,0.5,3,25,29,51,0.2,owlvit
AOI_2_Vegas_img3207,AOI_2_Vegas,AOI_2_Vegas:-11523:3615,test,owlvit,area,fixed,0.6,0.5,4,23,29,56,0.3,owlvit
AOI_2_Vegas_img3207,AOI_2_Vegas,AOI_2_Vegas:-11523:3615,test,owlvit,area,fixed,0.9,0.5,2,18,29,52,0.2,owlvit
AOI_2_Vegas_img3207,AOI_2_Vegas,AOI_2_Vegas:-11523:3615,test,owlvit,area,fixed,1.2,0.5,2,8,29,43,0.05,owlvit
AOI_2_Vegas_img3207,AOI_2_Vegas,AOI_2_Vegas:-11523:3615,test,owlvit,area,fixed,1.8,0.5,1,7,29,37,0.0,owlvit
AOI_2_Vegas_img3207,AOI_2_Vegas,AOI_2_Vegas:-11523:3615,test,owlvit,area,fixed,2.4,0.5,1,4,29,33,0.0,owlvit
AOI_2_Vegas_img3207,AOI_2_Vegas,AOI_2_Vegas:-11523:3615,test,owlvit,area,fixed,3.6,0.5,0,0,29,10,0.0,owlvit
AOI_2_Vegas_img3207,AOI_2_Vegas,AOI_2_Vegas:-11523:3615,test,owlvit,area,fixed,5.0,0.5,0,0,29,5,0.0,owlvit
AOI_2_Vegas_img3207,AOI_2_Vegas,AOI_2_Vegas:-11523:3615,test,owlvit,area,fixed,10.0,0.5,0,0,29,1,0.0,owlvit
AOI_2_Vegas_img3214,AOI_2_Vegas,AOI_2_Vegas:-11523:3617,test,owlvit,area,fixed,0.3,0.5,24,80,69,31,1.8,owlvit
AOI_2_Vegas_img3214,AOI_2_Vegas,AOI_2_Vegas:-11523:3617,test,owlvit,area,fixed,0.45,0.5,24,81,69,27,1.6,owlvit
AOI_2_Vegas_img3214,AOI_2_Vegas,AOI_2_Vegas:-11523:3617,test,owlvit,area,fixed,0.6,0.5,20,71,69,31,2.3,owlvit
AOI_2_Vegas_img3214,AOI_2_Vegas,AOI_2_Vegas:-11523:3617,test,owlvit,area,fixed,0.9,0.5,19,60,69,29,2.15,owlvit
AOI_2_Vegas_img3214,AOI_2_Vegas,AOI_2_Vegas:-11523:3617,test,owlvit,area,fixed,1.2,0.5,14,44,69,34,1.3,owlvit
AOI_2_Vegas_img3214,AOI_2_Vegas,AOI_2_Vegas:-11523:3617,test,owlvit,area,fixed,1.8,0.5,3,9,69,15,0.2,owlvit
AOI_2_Vegas_img3214,AOI_2_Vegas,AOI_2_Vegas:-11523:3617,test,owlvit,area,fixed,2.4,0.5,0,1,69,10,0.0,owlvit
AOI_2_Vegas_img3214,AOI_2_Vegas,AOI_2_Vegas:-11523:3617,test,owlvit,area,fixed,3.6,0.5,0,0,69,2,0.0,owlvit
AOI_2_Vegas_img3214,AOI_2_Vegas,AOI_2_Vegas:-11523:3617,test,owlvit,area,fixed,5.0,0.5,0,0,69,1,0.0,owlvit
AOI_2_Vegas_img3214,AOI_2_Vegas,AOI_2_Vegas:-11523:3617,test,owlvit,area,fixed,10.0,0.5,0,0,69,0,0.0,owlvit
AOI_2_Vegas_img324,AOI_2_Vegas,AOI_2_Vegas:-11530:3621,test,owlvit,area,fixed,0.3,0.5,11,102,24,45,1.05,owlvit
AOI_2_Vegas_img324,AOI_2_Vegas,AOI_2_Vegas:-11530:3621,test,owlvit,area,fixed,0.45,0.5,12,104,24,53,0.9,owlvit
AOI_2_Vegas_img324,AOI_2_Vegas,AOI_2_Vegas:-11530:3621,test,owlvit,area,fixed,0.6,0.5,13,100,24,46,1.65,owlvit
AOI_2_Vegas_img324,AOI_2_Vegas,AOI_2_Vegas:-11530:3621,test,owlvit,area,fixed,0.9,0.5,9,91,24,45,1.3,owlvit
AOI_2_Vegas_img324,AOI_2_Vegas,AOI_2_Vegas:-11530:3621,test,owlvit,area,fixed,1.2,0.5,8,81,24,44,1.15,owlvit
AOI_2_Vegas_img324,AOI_2_Vegas,AOI_2_Vegas:-11530:3621,test,owlvit,area,fixed,1.8,0.5,6,59,24,44,1.65,owlvit
AOI_2_Vegas_img324,AOI_2_Vegas,AOI_2_Vegas:-11530:3621,test,owlvit,area,fixed,2.4,0.5,2,41,24,51,0.95,owlvit
AOI_2_Vegas_img324,AOI_2_Vegas,AOI_2_Vegas:-11530:3621,test,owlvit,area,fixed,3.6,0.5,1,4,24,30,0.05,owlvit
AOI_2_Vegas_img324,AOI_2_Vegas,AOI_2_Vegas:-11530:3621,test,owlvit,area,fixed,5.0,0.5,0,0,24,8,0.0,owlvit
AOI_2_Vegas_img324,AOI_2_Vegas,AOI_2_Vegas:-11530:3621,test,owlvit,area,fixed,10.0,0.5,0,0,24,0,0.0,owlvit
AOI_2_Vegas_img3248,AOI_2_Vegas,AOI_2_Vegas:-11523:3623,test,owlvit,area,fixed,0.3,0.5,0,8,4,42,0.0,owlvit
AOI_2_Vegas_img3248,AOI_2_Vegas,AOI_2_Vegas:-11523:3623,test,owlvit,area,fixed,0.45,0.5,0,5,4,38,0.05,owlvit
AOI_2_Vegas_img3248,AOI_2_Vegas,AOI_2_Vegas:-11523:3623,test,owlvit,area,fixed,0.6,0.5,0,2,4,35,0.0,owlvit
AOI_2_Vegas_img3248,AOI_2_Vegas,AOI_2_Vegas:-11523:3623,test,owlvit,area,fixed,0.9,0.5,1,4,4,35,0.0,owlvit
AOI_2_Vegas_img3248,AOI_2_Vegas,AOI_2_Vegas:-11523:3623,test,owlvit,area,fixed,1.2,0.5,0,2,4,26,0.0,owlvit
AOI_2_Vegas_img3248,AOI_2_Vegas,AOI_2_Vegas:-11523:3623,test,owlvit,area,fixed,1.8,0.5,0,1,4,22,0.0,owlvit
AOI_2_Vegas_img3248,AOI_2_Vegas,AOI_2_Vegas:-11523:3623,test,owlvit,area,fixed,2.4,0.5,0,3,4,28,0.0,owlvit
AOI_2_Vegas_img3248,AOI_2_Vegas,AOI_2_Vegas:-11523:3623,test,owlvit,area,fixed,3.6,0.5,0,0,4,9,0.0,owlvit
AOI_2_Vegas_img3248,AOI_2_Vegas,AOI_2_Vegas:-11523:3623,test,owlvit,area,fixed,5.0,0.5,0,0,4,5,0.0,owlvit
AOI_2_Vegas_img3248,AOI_2_Vegas,AOI_2_Vegas:-11523:3623,test,owlvit,area,fixed,10.0,0.5,0,0,4,1,0.0,owlvit
AOI_2_Vegas_img3267,AOI_2_Vegas,AOI_2_Vegas:-11523:3612,test,owlvit,area,fixed,0.3,0.5,4,12,10,51,0.05,owlvit
AOI_2_Vegas_img3267,AOI_2_Vegas,AOI_2_Vegas:-11523:3612,test,owlvit,area,fixed,0.45,0.5,4,6,10,40,0.0,owlvit
AOI_2_Vegas_img3267,AOI_2_Vegas,AOI_2_Vegas:-11523:3612,test,owlvit,area,fixed,0.6,0.5,2,5,10,36,0.05,owlvit
AOI_2_Vegas_img3267,AOI_2_Vegas,AOI_2_Vegas:-11523:3612,test,owlvit,area,fixed,0.9,0.5,1,2,10,30,0.0,owlvit
AOI_2_Vegas_img3267,AOI_2_Vegas,AOI_2_Vegas:-11523:3612,test,owlvit,area,fixed,1.2,0.5,0,0,10,16,0.0,owlvit
AOI_2_Vegas_img3267,AOI_2_Vegas,AOI_2_Vegas:-11523:3612,test,owlvit,area,fixed,1.8,0.5,0,0,10,10,0.0,owlvit
AOI_2_Vegas_img3267,AOI_2_Vegas,AOI_2_Vegas:-11523:3612,test,owlvit,area,fixed,2.4,0.5,0,0,10,17,0.0,owlvit
AOI_2_Vegas_img3267,AOI_2_Vegas,AOI_2_Vegas:-11523:3612,test,owlvit,area,fixed,3.6,0.5,0,0,10,7,0.0,owlvit
AOI_2_Vegas_img3267,AOI_2_Vegas,AOI_2_Vegas:-11523:3612,test,owlvit,area,fixed,5.0,0.5,0,0,10,14,0.0,owlvit
AOI_2_Vegas_img3267,AOI_2_Vegas,AOI_2_Vegas:-11523:3612,test,owlvit,area,fixed,10.0,0.5,0,0,10,2,0.0,owlvit
AOI_2_Vegas_img3280,AOI_2_Vegas,AOI_2_Vegas:-11523:3614,test,owlvit,area,fixed,0.3,0.5,5,26,11,29,0.1,owlvit
AOI_2_Vegas_img3280,AOI_2_Vegas,AOI_2_Vegas:-11523:3614,test,owlvit,area,fixed,0.45,0.5,4,22,11,27,0.1,owlvit
AOI_2_Vegas_img3280,AOI_2_Vegas,AOI_2_Vegas:-11523:3614,test,owlvit,area,fixed,0.6,0.5,3,18,11,30,0.05,owlvit
AOI_2_Vegas_img3280,AOI_2_Vegas,AOI_2_Vegas:-11523:3614,test,owlvit,area,fixed,0.9,0.5,4,15,11,27,0.15,owlvit
AOI_2_Vegas_img3280,AOI_2_Vegas,AOI_2_Vegas:-11523:3614,test,owlvit,area,fixed,1.2,0.5,3,13,11,28,0.05,owlvit
AOI_2_Vegas_img3280,AOI_2_Vegas,AOI_2_Vegas:-11523:3614,test,owlvit,area,fixed,1.8,0.5,2,3,11,18,0.0,owlvit
AOI_2_Vegas_img3280,AOI_2_Vegas,AOI_2_Vegas:-11523:3614,test,owlvit,area,fixed,2.4,0.5,2,3,11,11,0.0,owlvit
AOI_2_Vegas_img3280,AOI_2_Vegas,AOI_2_Vegas:-11523:3614,test,owlvit,area,fixed,3.6,0.5,1,1,11,5,0.0,owlvit
AOI_2_Vegas_img3280,AOI_2_Vegas,AOI_2_Vegas:-11523:3614,test,owlvit,area,fixed,5.0,0.5,0,1,11,3,0.0,owlvit
AOI_2_Vegas_img3280,AOI_2_Vegas,AOI_2_Vegas:-11523:3614,test,owlvit,area,fixed,10.0,0.5,0,0,11,1,0.0,owlvit
AOI_2_Vegas_img3288,AOI_2_Vegas,AOI_2_Vegas:-11523:3616,test,owlvit,area,fixed,0.3,0.5,11,52,32,33,0.5,owlvit
AOI_2_Vegas_img3288,AOI_2_Vegas,AOI_2_Vegas:-11523:3616,test,owlvit,area,fixed,0.45,0.5,11,49,32,34,0.4,owlvit
AOI_2_Vegas_img3288,AOI_2_Vegas,AOI_2_Vegas:-11523:3616,test,owlvit,area,fixed,0.6,0.5,12,47,32,33,0.4,owlvit
AOI_2_Vegas_img3288,AOI_2_Vegas,AOI_2_Vegas:-11523:3616,test,owlvit,area,fixed,0.9,0.5,10,38,32,39,0.6,owlvit
AOI_2_Vegas_img3288,AOI_2_Vegas,AOI_2_Vegas:-11523:3616,test,owlvit,area,fixed,1.2,0.5,4,29,32,38,0.25,owlvit
AOI_2_Vegas_img3288,AOI_2_Vegas,AOI_2_Vegas:-11523:3616,test,owlvit,area,fixed,1.8,0.5,2,6,32,27,0.0,owlvit
AOI_2_Vegas_img3288,AOI_2_Vegas,AOI_2_Vegas:-11523:3616,test,owlvit,area,fixed,2.4,0.5,1,2,32,21,0.0,owlvit
AOI_2_Vegas_img3288,AOI_2_Vegas,AOI_2_Vegas:-11523:3616,test,owlvit,area,fixed,3.6,0.5,1,1,32,17,0.05,owlvit
AOI_2_Vegas_img3288,AOI_2_Vegas,AOI_2_Vegas:-11523:3616,test,owlvit,area,fixed,5.0,0.5,0,0,32,8,0.0,owlvit
AOI_2_Vegas_img3288,AOI_2_Vegas,AOI_2_Vegas:-11523:3616,test,owlvit,area,fixed,10.0,0.5,0,0,32,0,0.0,owlvit
AOI_2_Vegas_img3311,AOI_2_Vegas,AOI_2_Vegas:-11523:3620,test,owlvit,area,fixed,0.3,0.5,23,45,54,33,2.4,owlvit
AOI_2_Vegas_img3311,AOI_2_Vegas,AOI_2_Vegas:-11523:3620,test,owlvit,area,fixed,0.45,0.5,24,39,54,41,2.35,owlvit
AOI_2_Vegas_img3311,AOI_2_Vegas,AOI_2_Vegas:-11523:3620,test,owlvit,area,fixed,0.6,0.5,24,39,54,38,2.35,owlvit
AOI_2_Vegas_img3311,AOI_2_Vegas,AOI_2_Vegas:-11523:3620,test,owlvit,area,fixed,0.9,0.5,23,36,54,34,2.15,owlvit
AOI_2_Vegas_img3311,AOI_2_Vegas,AOI_2_Vegas:-11523:3620,test,owlvit,area,fixed,1.2,0.5,18,35,54,33,1.85,owlvit
AOI_2_Vegas_img3311,AOI_2_Vegas,AOI_2_Vegas:-11523:3620,test,owlvit,area,fixed,1.8,0.5,12,18,54,31,1.2,owlvit
AOI_2_Vegas_img3311,AOI_2_Vegas,AOI_2_Vegas:-11523:3620,test,owlvit,area,fixed,2.4,0.5,5,8,54,27,0.45,owlvit
AOI_2_Vegas_img3311,AOI_2_Vegas,AOI_2_Vegas:-11523:3620,test,owlvit,area,fixed,3.6,0.5,1,2,54,14,0.15,owlvit
AOI_2_Vegas_img3311,AOI_2_Vegas,AOI_2_Vegas:-11523:3620,test,owlvit,area,fixed,5.0,0.5,0,0,54,6,0.0,owlvit
AOI_2_Vegas_img3311,AOI_2_Vegas,AOI_2_Vegas:-11523:3620,test,owlvit,area,fixed,10.0,0.5,0,0,54,0,0.0,owlvit
AOI_2_Vegas_img3326,AOI_2_Vegas,AOI_2_Vegas:-11523:3622,test,owlvit,area,fixed,0.3,0.5,1,34,26,33,0.1,owlvit
AOI_2_Vegas_img3326,AOI_2_Vegas,AOI_2_Vegas:-11523:3622,test,owlvit,area,fixed,0.45,0.5,1,21,26,32,0.1,owlvit
AOI_2_Vegas_img3326,AOI_2_Vegas,AOI_2_Vegas:-11523:3622,test,owlvit,area,fixed,0.6,0.5,0,18,26,28,0.05,owlvit
AOI_2_Vegas_img3326,AOI_2_Vegas,AOI_2_Vegas:-11523:3622,test,owlvit,area,fixed,0.9,0.5,1,14,26,29,0.0,owlvit
AOI_2_Vegas_img3326,AOI_2_Vegas,AOI_2_Vegas:-11523:3622,test,owlvit,area,fixed,1.2,0.5,2,15,26,26,0.05,owlvit
AOI_2_Vegas_img3326,AOI_2_Vegas,AOI_2_Vegas:-11523:3622,test,owlvit,area,fixed,1.8,0.5,1,25,26,37,0.15,owlvit
AOI_2_Vegas_img3326,AOI_2_Vegas,AOI_2_Vegas:-11523:3622,test,owlvit,area,fixed,2.4,0.5,2,22,26,27,0.05,owlvit
AOI_2_Vegas_img3326,AOI_2_Vegas,AOI_2_Vegas:-11523:3622,test,owlvit,area,fixed,3.6,0.5,0,2,26,5,0.0,owlvit
AOI_2_Vegas_img3326,AOI_2_Vegas,AOI_2_Vegas:-11523:3622,test,owlvit,area,fixed,5.0,0.5,0,0,26,0,0.0,owlvit
AOI_2_Vegas_img3326,AOI_2_Vegas,AOI_2_Vegas:-11523:3622,test,owlvit,area,fixed,10.0,0.5,0,0,26,0,0.0,owlvit
AOI_2_Vegas_img3335,AOI_2_Vegas,AOI_2_Vegas:-11523:3624,test,owlvit,area,fixed,0.3,0.5,26,88,43,42,3.85,owlvit
AOI_2_Vegas_img3335,AOI_2_Vegas,AOI_2_Vegas:-11523:3624,test,owlvit,area,fixed,0.45,0.5,26,93,43,38,3.65,owlvit
AOI_2_Vegas_img3335,AOI_2_Vegas,AOI_2_Vegas:-11523:3624,test,owlvit,area,fixed,0.6,0.5,23,94,43,48,3.45,owlvit
AOI_2_Vegas_img3335,AOI_2_Vegas,AOI_2_Vegas:-11523:3624,test,owlvit,area,fixed,0.9,0.5,23,82,43,40,3.0,owlvit
AOI_2_Vegas_img3335,AOI_2_Vegas,AOI_2_Vegas:-11523:3624,test,owlvit,area,fixed,1.2,0.5,19,69,43,35,3.15,owlvit
AOI_2_Vegas_img3335,AOI_2_Vegas,AOI_2_Vegas:-11523:3624,test,owlvit,area,fixed,1.8,0.5,16,38,43,29,1.75,owlvit
AOI_2_Vegas_img3335,AOI_2_Vegas,AOI_2_Vegas:-11523:3624,test,owlvit,area,fixed,2.4,0.5,5,8,43,17,0.25,owlvit
AOI_2_Vegas_img3335,AOI_2_Vegas,AOI_2_Vegas:-11523:3624,test,owlvit,area,fixed,3.6,0.5,0,0,43,13,0.0,owlvit
AOI_2_Vegas_img3335,AOI_2_Vegas,AOI_2_Vegas:-11523:3624,test,owlvit,area,fixed,5.0,0.5,0,0,43,14,0.0,owlvit
AOI_2_Vegas_img3335,AOI_2_Vegas,AOI_2_Vegas:-11523:3624,test,owlvit,area,fixed,10.0,0.5,0,0,43,1,0.0,owlvit
AOI_2_Vegas_img3344,AOI_2_Vegas,AOI_2_Vegas:-11523:3626,test,owlvit,area,fixed,0.3,0.5,4,21,8,10,0.15,owlvit
AOI_2_Vegas_img3344,AOI_2_Vegas,AOI_2_Vegas:-11523:3626,test,owlvit,area,fixed,0.45,0.5,3,14,8,8,0.0,owlvit
AOI_2_Vegas_img3344,AOI_2_Vegas,AOI_2_Vegas:-11523:3626,test,owlvit,area,fixed,0.6,0.5,3,10,8,10,0.1,owlvit
AOI_2_Vegas_img3344,AOI_2_Vegas,AOI_2_Vegas:-11523:3626,test,owlvit,area,fixed,0.9,0.5,3,6,8,7,0.0,owlvit
AOI_2_Vegas_img3344,AOI_2_Vegas,AOI_2_Vegas:-11523:3626,test,owlvit,area,fixed,1.2,0.5,2,4,8,7,0.05,owlvit
AOI_2_Vegas_img3344,AOI_2_Vegas,AOI_2_Vegas:-11523:3626,test,owlvit,area,fixed,1.8,0.5,0,0,8,3,0.0,owlvit
AOI_2_Vegas_img3344,AOI_2_Vegas,AOI_2_Vegas:-11523:3626,test,owlvit,area,fixed,2.4,0.5,0,0,8,1,0.0,owlvit
AOI_2_Vegas_img3344,AOI_2_Vegas,AOI_2_Vegas:-11523:3626,test,owlvit,area,fixed,3.6,0.5,6,16,8,19,0.25,owlvit
AOI_2_Vegas_img3344,AOI_2_Vegas,AOI_2_Vegas:-11523:3626,test,owlvit,area,fixed,5.0,0.5,0,0,8,2,0.0,owlvit
AOI_2_Vegas_img3344,AOI_2_Vegas,AOI_2_Vegas:-11523:3626,test,owlvit,area,fixed,10.0,0.5,0,0,8,1,0.0,owlvit
AOI_2_Vegas_img3373,AOI_2_Vegas,AOI_2_Vegas:-11522:3617,test,owlvit,area,fixed,0.3,0.5,24,52,42,21,1.35,owlvit
AOI_2_Vegas_img3373,AOI_2_Vegas,AOI_2_Vegas:-11522:3617,test,owlvit,area,fixed,0.45,0.5,23,55,42,26,1.7,owlvit
AOI_2_Vegas_img3373,AOI_2_Vegas,AOI_2_Vegas:-11522:3617,test,owlvit,area,fixed,0.6,0.5,23,50,42,25,1.3,owlvit
AOI_2_Vegas_img3373,AOI_2_Vegas,AOI_2_Vegas:-11522:3617,test,owlvit,area,fixed,0.9,0.5,22,45,42,27,1.35,owlvit
AOI_2_Vegas_img3373,AOI_2_Vegas,AOI_2_Vegas:-11522:3617,test,owlvit,area,fixed,1.2,0.5,18,34,42,20,1.05,owlvit
AOI_2_Vegas_img3373,AOI_2_Vegas,AOI_2_Vegas:-11522:3617,test,owlvit,area,fixed,1.8,0.5,6,20,42,11,0.35,owlvit
AOI_2_Vegas_img3373,AOI_2_Vegas,AOI_2_Vegas:-11522:3617,test,owlvit,area,fixed,2.4,0.5,1,6,42,9,0.1,owlvit
AOI_2_Vegas_img3373,AOI_2_Vegas,AOI_2_Vegas:-11522:3617,test,owlvit,area,fixed,3.6,0.5,0,0,42,7,0.0,owlvit
AOI_2_Vegas_img3373,AOI_2_Vegas,AOI_2_Vegas:-11522:3617,test,owlvit,area,fixed,5.0,0.5,0,0,42,3,0.0,owlvit
AOI_2_Vegas_img3373,AOI_2_Vegas,AOI_2_Vegas:-11522:3617,test,owlvit,area,fixed,10.0,0.5,0,0,42,0,0.0,owlvit
AOI_2_Vegas_img3377,AOI_2_Vegas,AOI_2_Vegas:-11522:3618,test,owlvit,area,fixed,0.3,0.5,4,65,21,41,0.15,owlvit
AOI_2_Vegas_img3377,AOI_2_Vegas,AOI_2_Vegas:-11522:3618,test,owlvit,area,fixed,0.45,0.5,6,58,21,46,0.1,owlvit
AOI_2_Vegas_img3377,AOI_2_Vegas,AOI_2_Vegas:-11522:3618,test,owlvit,area,fixed,0.6,0.5,6,59,21,47,0.2,owlvit
AOI_2_Vegas_img3377,AOI_2_Vegas,AOI_2_Vegas:-11522:3618,test,owlvit,area,fixed,0.9,0.5,2,47,21,46,0.15,owlvit
AOI_2_Vegas_img3377,AOI_2_Vegas,AOI_2_Vegas:-11522:3618,test,owlvit,area,fixed,1.2,0.5,7,53,21,40,0.4,owlvit
AOI_2_Vegas_img3377,AOI_2_Vegas,AOI_2_Vegas:-11522:3618,test,owlvit,area,fixed,1.8,0.5,7,37,21,43,0.1,owlvit
AOI_2_Vegas_img3377,AOI_2_Vegas,AOI_2_Vegas:-11522:3618,test,owlvit,area,fixed,2.4,0.5,5,21,21,33,0.05,owlvit
AOI_2_Vegas_img3377,AOI_2_Vegas,AOI_2_Vegas:-11522:3618,test,owlvit,area,fixed,3.6,0.5,0,0,21,9,0.0,owlvit
AOI_2_Vegas_img3377,AOI_2_Vegas,AOI_2_Vegas:-11522:3618,test,owlvit,area,fixed,5.0,0.5,0,0,21,2,0.0,owlvit
AOI_2_Vegas_img3377,AOI_2_Vegas,AOI_2_Vegas:-11522:3618,test,owlvit,area,fixed,10.0,0.5,0,0,21,1,0.0,owlvit
AOI_2_Vegas_img3404,AOI_2_Vegas,AOI_2_Vegas:-11522:3622,test,owlvit,area,fixed,0.3,0.5,2,72,10,61,0.2,owlvit
AOI_2_Vegas_img3404,AOI_2_Vegas,AOI_2_Vegas:-11522:3622,test,owlvit,area,fixed,0.45,0.5,1,59,10,66,0.0,owlvit
AOI_2_Vegas_img3404,AOI_2_Vegas,AOI_2_Vegas:-11522:3622,test,owlvit,area,fixed,0.6,0.5,2,46,10,62,0.05,owlvit
AOI_2_Vegas_img3404,AOI_2_Vegas,AOI_2_Vegas:-11522:3622,test,owlvit,area,fixed,0.9,0.5,0,18,10,54,0.05,owlvit
AOI_2_Vegas_img3404,AOI_2_Vegas,AOI_2_Vegas:-11522:3622,test,owlvit,area,fixed,1.2,0.5,0,11,10,48,0.0,owlvit
AOI_2_Vegas_img3404,AOI_2_Vegas,AOI_2_Vegas:-11522:3622,test,owlvit,area,fixed,1.8,0.5,0,12,10,47,0.0,owlvit
AOI_2_Vegas_img3404,AOI_2_Vegas,AOI_2_Vegas:-11522:3622,test,owlvit,area,fixed,2.4,0.5,0,4,10,42,0.0,owlvit
AOI_2_Vegas_img3404,AOI_2_Vegas,AOI_2_Vegas:-11522:3622,test,owlvit,area,fixed,3.6,0.5,0,3,10,30,0.0,owlvit
AOI_2_Vegas_img3404,AOI_2_Vegas,AOI_2_Vegas:-11522:3622,test,owlvit,area,fixed,5.0,0.5,0,0,10,4,0.0,owlvit
AOI_2_Vegas_img3404,AOI_2_Vegas,AOI_2_Vegas:-11522:3622,test,owlvit,area,fixed,10.0,0.5,0,0,10,0,0.0,owlvit
AOI_2_Vegas_img3406,AOI_2_Vegas,AOI_2_Vegas:-11522:3623,test,owlvit,area,fixed,0.3,0.5,5,50,28,36,0.4,owlvit
AOI_2_Vegas_img3406,AOI_2_Vegas,AOI_2_Vegas:-11522:3623,test,owlvit,area,fixed,0.45,0.5,8,49,28,34,0.5,owlvit
AOI_2_Vegas_img3406,AOI_2_Vegas,AOI_2_Vegas:-11522:3623,test,owlvit,area,fixed,0.6,0.5,8,50,28,36,0.4,owlvit
AOI_2_Vegas_img3406,AOI_2_Vegas,AOI_2_Vegas:-11522:3623,test,owlvit,area,fixed,0.9,0.5,6,38,28,35,0.45,owlvit
AOI_2_Vegas_img3406,AOI_2_Vegas,AOI_2_Vegas:-11522:3623,test,owlvit,area,fixed,1.2,0.5,4,27,28,30,0.3,owlvit
AOI_2_Vegas_img3406,AOI_2_Vegas,AOI_2_Vegas:-11522:3623,test,owlvit,area,fixed,1.8,0.5,2,17,28,27,0.3,owlvit
AOI_2_Vegas_img3406,AOI_2_Vegas,AOI_2_Vegas:-11522:3623,test,owlvit,area,fixed,2.4,0.5,2,3,28,12,0.1,owlvit
AOI_2_Vegas_img3406,AOI_2_Vegas,AOI_2_Vegas:-11522:3623,test,owlvit,area,fixed,3.6,0.5,1,4,28,14,0.05,owlvit
AOI_2_Vegas_img3406,AOI_2_Vegas,AOI_2_Vegas:-11522:3623,test,owlvit,area,fixed,5.0,0.5,0,0,28,3,0.0,owlvit
AOI_2_Vegas_img3406,AOI_2_Vegas,AOI_2_Vegas:-11522:3623,test,owlvit,area,fixed,10.0,0.5,0,0,28,0,0.0,owlvit
AOI_2_Vegas_img3411,AOI_2_Vegas,AOI_2_Vegas:-11522:3623,test,owlvit,area,fixed,0.3,0.5,24,44,37,43,1.15,owlvit
AOI_2_Vegas_img3411,AOI_2_Vegas,AOI_2_Vegas:-11522:3623,test,owlvit,area,fixed,0.45,0.5,24,48,37,55,1.0,owlvit
AOI_2_Vegas_img3411,AOI_2_Vegas,AOI_2_Vegas:-11522:3623,test,owlvit,area,fixed,0.6,0.5,23,42,37,40,1.4,owlvit
AOI_2_Vegas_img3411,AOI_2_Vegas,AOI_2_Vegas:-11522:3623,test,owlvit,area,fixed,0.9,0.5,18,28,37,38,1.15,owlvit
AOI_2_Vegas_img3411,AOI_2_Vegas,AOI_2_Vegas:-11522:3623,test,owlvit,area,fixed,1.2,0.5,13,19,37,26,0.5,owlvit
AOI_2_Vegas_img3411,AOI_2_Vegas,AOI_2_Vegas:-11522:3623,test,owlvit,area,fixed,1.8,0.5,1,1,37,9,0.05,owlvit
AOI_2_Vegas_img3411,AOI_2_Vegas,AOI_2_Vegas:-11522:3623,test,owlvit,area,fixed,2.4,0.5,0,0,37,6,0.0,owlvit
AOI_2_Vegas_img3411,AOI_2_Vegas,AOI_2_Vegas:-11522:3623,test,owlvit,area,fixed,3.6,0.5,0,0,37,4,0.0,owlvit
AOI_2_Vegas_img3411,AOI_2_Vegas,AOI_2_Vegas:-11522:3623,test,owlvit,area,fixed,5.0,0.5,0,0,37,3,0.0,owlvit
AOI_2_Vegas_img3411,AOI_2_Vegas,AOI_2_Vegas:-11522:3623,test,owlvit,area,fixed,10.0,0.5,0,0,37,1,0.0,owlvit
AOI_2_Vegas_img3412,AOI_2_Vegas,AOI_2_Vegas:-11522:3624,test,owlvit,area,fixed,0.3,0.5,11,35,46,32,0.7,owlvit
AOI_2_Vegas_img3412,AOI_2_Vegas,AOI_2_Vegas:-11522:3624,test,owlvit,area,fixed,0.45,0.5,8,30,46,34,0.6,owlvit
AOI_2_Vegas_img3412,AOI_2_Vegas,AOI_2_Vegas:-11522:3624,test,owlvit,area,fixed,0.6,0.5,9,29,46,41,0.5,owlvit
AOI_2_Vegas_img3412,AOI_2_Vegas,AOI_2_Vegas:-11522:3624,test,owlvit,area,fixed,0.9,0.5,7,19,46,29,0.4,owlvit
AOI_2_Vegas_img3412,AOI_2_Vegas,AOI_2_Vegas:-11522:3624,test,owlvit,area,fixed,1.2,0.5,5,8,46,20,0.2,owlvit
AOI_2_Vegas_img3412,AOI_2_Vegas,AOI_2_Vegas:-11522:3624,test,owlvit,area,fixed,1.8,0.5,4,8,46,12,0.3,owlvit
AOI_2_Vegas_img3412,AOI_2_Vegas,AOI_2_Vegas:-11522:3624,test,owlvit,area,fixed,2.4,0.5,2,2,46,14,0.05,owlvit
AOI_2_Vegas_img3412,AOI_2_Vegas,AOI_2_Vegas:-11522:3624,test,owlvit,area,fixed,3.6,0.5,1,1,46,6,0.0,owlvit
AOI_2_Vegas_img3412,AOI_2_Vegas,AOI_2_Vegas:-11522:3624,test,owlvit,area,fixed,5.0,0.5,1,1,46,3,0.0,owlvit
AOI_2_Vegas_img3412,AOI_2_Vegas,AOI_2_Vegas:-11522:3624,test,owlvit,area,fixed,10.0,0.5,0,0,46,0,0.0,owlvit
AOI_2_Vegas_img3422,AOI_2_Vegas,AOI_2_Vegas:-11522:3625,test,owlvit,area,fixed,0.3,0.5,18,62,36,45,1.6,owlvit
AOI_2_Vegas_img3422,AOI_2_Vegas,AOI_2_Vegas:-11522:3625,test,owlvit,area,fixed,0.45,0.5,15,50,36,46,1.75,owlvit
AOI_2_Vegas_img3422,AOI_2_Vegas,AOI_2_Vegas:-11522:3625,test,owlvit,area,fixed,0.6,0.5,13,37,36,49,1.3,owlvit
AOI_2_Vegas_img3422,AOI_2_Vegas,AOI_2_Vegas:-11522:3625,test,owlvit,area,fixed,0.9,0.5,9,24,36,33,0.75,owlvit
AOI_2_Vegas_img3422,AOI_2_Vegas,AOI_2_Vegas:-11522:3625,test,owlvit,area,fixed,1.2,0.5,4,8,36,16,0.1,owlvit
AOI_2_Vegas_img3422,AOI_2_Vegas,AOI_2_Vegas:-11522:3625,test,owlvit,area,fixed,1.8,0.5,0,0,36,12,0.0,owlvit
AOI_2_Vegas_img3422,AOI_2_Vegas,AOI_2_Vegas:-11522:3625,test,owlvit,area,fixed,2.4,0.5,0,0,36,4,0.0,owlvit
AOI_2_Vegas_img3422,AOI_2_Vegas,AOI_2_Vegas:-11522:3625,test,owlvit,area,fixed,3.6,0.5,0,0,36,0,0.0,owlvit
AOI_2_Vegas_img3422,AOI_2_Vegas,AOI_2_Vegas:-11522:3625,test,owlvit,area,fixed,5.0,0.5,0,0,36,0,0.0,owlvit
AOI_2_Vegas_img3422,AOI_2_Vegas,AOI_2_Vegas:-11522:3625,test,owlvit,area,fixed,10.0,0.5,0,0,36,0,0.0,owlvit
AOI_2_Vegas_img3427,AOI_2_Vegas,AOI_2_Vegas:-11522:3612,test,owlvit,area,fixed,0.3,0.5,8,26,36,37,0.65,owlvit
AOI_2_Vegas_img3427,AOI_2_Vegas,AOI_2_Vegas:-11522:3612,test,owlvit,area,fixed,0.45,0.5,8,26,36,40,1.2,owlvit
AOI_2_Vegas_img3427,AOI_2_Vegas,AOI_2_Vegas:-11522:3612,test,owlvit,area,fixed,0.6,0.5,7,19,36,43,0.55,owlvit
AOI_2_Vegas_img3427,AOI_2_Vegas,AOI_2_Vegas:-11522:3612,test,owlvit,area,fixed,0.9,0.5,6,15,36,46,0.5,owlvit
AOI_2_Vegas_img3427,AOI_2_Vegas,AOI_2_Vegas:-11522:3612,test,owlvit,area,fixed,1.2,0.5,7,15,36,39,0.55,owlvit
AOI_2_Vegas_img3427,AOI_2_Vegas,AOI_2_Vegas:-11522:3612,test,owlvit,area,fixed,1.8,0.5,3,5,36,24,0.1,owlvit
AOI_2_Vegas_img3427,AOI_2_Vegas,AOI_2_Vegas:-11522:3612,test,owlvit,area,fixed,2.4,0.5,0,1,36,20,0.0,owlvit
AOI_2_Vegas_img3427,AOI_2_Vegas,AOI_2_Vegas:-11522:3612,test,owlvit,area,fixed,3.6,0.5,0,0,36,13,0.0,owlvit
AOI_2_Vegas_img3427,AOI_2_Vegas,AOI_2_Vegas:-11522:3612,test,owlvit,area,fixed,5.0,0.5,0,0,36,7,0.0,owlvit
AOI_2_Vegas_img3427,AOI_2_Vegas,AOI_2_Vegas:-11522:3612,test,owlvit,area,fixed,10.0,0.5,0,0,36,1,0.0,owlvit
AOI_2_Vegas_img3448,AOI_2_Vegas,AOI_2_Vegas:-11522:3616,test,owlvit,area,fixed,0.3,0.5,10,46,32,26,0.6,owlvit
AOI_2_Vegas_img3448,AOI_2_Vegas,AOI_2_Vegas:-11522:3616,test,owlvit,area,fixed,0.45,0.5,8,49,32,26,0.7,owlvit
AOI_2_Vegas_img3448,AOI_2_Vegas,AOI_2_Vegas:-11522:3616,test,owlvit,area,fixed,0.6,0.5,9,40,32,32,0.25,owlvit
AOI_2_Vegas_img3448,AOI_2_Vegas,AOI_2_Vegas:-11522:3616,test,owlvit,area,fixed,0.9,0.5,9,48,32,31,0.5,owlvit
AOI_2_Vegas_img3448,AOI_2_Vegas,AOI_2_Vegas:-11522:3616,test,owlvit,area,fixed,1.2,0.5,5,33,32,27,0.45,owlvit
AOI_2_Vegas_img3448,AOI_2_Vegas,AOI_2_Vegas:-11522:3616,test,owlvit,area,fixed,1.8,0.5,3,28,32,25,0.5,owlvit
AOI_2_Vegas_img3448,AOI_2_Vegas,AOI_2_Vegas:-11522:3616,test,owlvit,area,fixed,2.4,0.5,3,12,32,15,0.15,owlvit
AOI_2_Vegas_img3448,AOI_2_Vegas,AOI_2_Vegas:-11522:3616,test,owlvit,area,fixed,3.6,0.5,0,0,32,12,0.0,owlvit
AOI_2_Vegas_img3448,AOI_2_Vegas,AOI_2_Vegas:-11522:3616,test,owlvit,area,fixed,5.0,0.5,0,0,32,9,0.0,owlvit
AOI_2_Vegas_img3448,AOI_2_Vegas,AOI_2_Vegas:-11522:3616,test,owlvit,area,fixed,10.0,0.5,0,0,32,0,0.0,owlvit
AOI_2_Vegas_img3460,AOI_2_Vegas,AOI_2_Vegas:-11522:3618,test,owlvit,area,fixed,0.3,0.5,11,52,34,32,0.8,owlvit
AOI_2_Vegas_img3460,AOI_2_Vegas,AOI_2_Vegas:-11522:3618,test,owlvit,area,fixed,0.45,0.5,11,50,34,28,0.95,owlvit
AOI_2_Vegas_img3460,AOI_2_Vegas,AOI_2_Vegas:-11522:3618,test,owlvit,area,fixed,0.6,0.5,11,49,34,33,0.75,owlvit
AOI_2_Vegas_img3460,AOI_2_Vegas,AOI_2_Vegas:-11522:3618,test,owlvit,area,fixed,0.9,0.5,10,44,34,32,0.7,owlvit
AOI_2_Vegas_img3460,AOI_2_Vegas,AOI_2_Vegas:-11522:3618,test,owlvit,area,fixed,1.2,0.5,8,31,34,32,1.15,owlvit
AOI_2_Vegas_img3460,AOI_2_Vegas,AOI_2_Vegas:-11522:3618,test,owlvit,area,fixed,1.8,0.5,6,19,34,26,0.4,owlvit
AOI_2_Vegas_img3460,AOI_2_Vegas,AOI_2_Vegas:-11522:3618,test,owlvit,area,fixed,2.4,0.5,3,9,34,23,0.3,owlvit
AOI_2_Vegas_img3460,AOI_2_Vegas,AOI_2_Vegas:-11522:3618,test,owlvit,area,fixed,3.6,0.5,1,2,34,9,0.0,owlvit
AOI_2_Vegas_img3460,AOI_2_Vegas,AOI_2_Vegas:-11522:3618,test,owlvit,area,fixed,5.0,0.5,1,1,34,2,0.0,owlvit
AOI_2_Vegas_img3460,AOI_2_Vegas,AOI_2_Vegas:-11522:3618,test,owlvit,area,fixed,10.0,0.5,0,0,34,0,0.0,owlvit
AOI_2_Vegas_img347,AOI_2_Vegas,AOI_2_Vegas:-11530:3614,test,owlvit,area,fixed,0.3,0.5,4,28,34,53,0.55,owlvit
AOI_2_Vegas_img347,AOI_2_Vegas,AOI_2_Vegas:-11530:3614,test,owlvit,area,fixed,0.45,0.5,3,25,34,45,0.15,owlvit
AOI_2_Vegas_img347,AOI_2_Vegas,AOI_2_Vegas:-11530:3614,test,owlvit,area,fixed,0.6,0.5,3,23,34,43,0.3,owlvit
AOI_2_Vegas_img347,AOI_2_Vegas,AOI_2_Vegas:-11530:3614,test,owlvit,area,fixed,0.9,0.5,3,14,34,45,0.2,owlvit
AOI_2_Vegas_img347,AOI_2_Vegas,AOI_2_Vegas:-11530:3614,test,owlvit,area,fixed,1.2,0.5,3,8,34,32,0.05,owlvit
AOI_2_Vegas_img347,AOI_2_Vegas,AOI_2_Vegas:-11530:3614,test,owlvit,area,fixed,1.8,0.5,0,0,34,20,0.0,owlvit
AOI_2_Vegas_img347,AOI_2_Vegas,AOI_2_Vegas:-11530:3614,test,owlvit,area,fixed,2.4,0.5,0,0,34,24,0.0,owlvit
AOI_2_Vegas_img347,AOI_2_Vegas,AOI_2_Vegas:-11530:3614,test,owlvit,area,fixed,3.6,0.5,0,0,34,16,0.0,owlvit
AOI_2_Vegas_img347,AOI_2_Vegas,AOI_2_Vegas:-11530:3614,test,owlvit,area,fixed,5.0,0.5,0,0,34,16,0.0,owlvit
AOI_2_Vegas_img347,AOI_2_Vegas,AOI_2_Vegas:-11530:3614,test,owlvit,area,fixed,10.0,0.5,0,0,34,3,0.0,owlvit
AOI_2_Vegas_img3471,AOI_2_Vegas,AOI_2_Vegas:-11522:3620,test,owlvit,area,fixed,0.3,0.5,17,83,31,31,0.9,owlvit
AOI_2_Vegas_img3471,AOI_2_Vegas,AOI_2_Vegas:-11522:3620,test,owlvit,area,fixed,0.45,0.5,17,73,31,26,1.15,owlvit
AOI_2_Vegas_img3471,AOI_2_Vegas,AOI_2_Vegas:-11522:3620,test,owlvit,area,fixed,0.6,0.5,17,79,31,26,1.3,owlvit
AOI_2_Vegas_img3471,AOI_2_Vegas,AOI_2_Vegas:-11522:3620,test,owlvit,area,fixed,0.9,0.5,15,63,31,26,0.7,owlvit
AOI_2_Vegas_img3471,AOI_2_Vegas,AOI_2_Vegas:-11522:3620,test,owlvit,area,fixed,1.2,0.5,11,53,31,25,1.25,owlvit
AOI_2_Vegas_img3471,AOI_2_Vegas,AOI_2_Vegas:-11522:3620,test,owlvit,area,fixed,1.8,0.5,9,32,31,23,0.3,owlvit
AOI_2_Vegas_img3471,AOI_2_Vegas,AOI_2_Vegas:-11522:3620,test,owlvit,area,fixed,2.4,0.5,8,17,31,38,0.25,owlvit
AOI_2_Vegas_img3471,AOI_2_Vegas,AOI_2_Vegas:-11522:3620,test,owlvit,area,fixed,3.6,0.5,6,6,31,28,0.05,owlvit
AOI_2_Vegas_img3471,AOI_2_Vegas,AOI_2_Vegas:-11522:3620,test,owlvit,area,fixed,5.0,0.5,0,2,31,13,0.05,owlvit
AOI_2_Vegas_img3471,AOI_2_Vegas,AOI_2_Vegas:-11522:3620,test,owlvit,area,fixed,10.0,0.5,0,0,31,1,0.0,owlvit
AOI_2_Vegas_img3506,AOI_2_Vegas,AOI_2_Vegas:-11522:3612,test,owlvit,area,fixed,0.3,0.5,7,39,46,45,0.6,owlvit
AOI_2_Vegas_img3506,AOI_2_Vegas,AOI_2_Vegas:-11522:3612,test,owlvit,area,fixed,0.45,0.5,6,31,46,40,0.5,owlvit
AOI_2_Vegas_img3506,AOI_2_Vegas,AOI_2_Vegas:-11522:3612,test,owlvit,area,fixed,0.6,0.5,7,32,46,36,0.45,owlvit
AOI_2_Vegas_img3506,AOI_2_Vegas,AOI_2_Vegas:-11522:3612,test,owlvit,area,fixed,0.9,0.5,5,27,46,41,0.35,owlvit
AOI_2_Vegas_img3506,AOI_2_Vegas,AOI_2_Vegas:-11522:3612,test,owlvit,area,fixed,1.2,0.5,6,19,46,45,0.1,owlvit
AOI_2_Vegas_img3506,AOI_2_Vegas,AOI_2_Vegas:-11522:3612,test,owlvit,area,fixed,1.8,0.5,3,6,46,34,0.05,owlvit
AOI_2_Vegas_img3506,AOI_2_Vegas,AOI_2_Vegas:-11522:3612,test,owlvit,area,fixed,2.4,0.5,3,5,46,32,0.1,owlvit
AOI_2_Vegas_img3506,AOI_2_Vegas,AOI_2_Vegas:-11522:3612,test,owlvit,area,fixed,3.6,0.5,0,1,46,13,0.05,owlvit
AOI_2_Vegas_img3506,AOI_2_Vegas,AOI_2_Vegas:-11522:3612,test,owlvit,area,fixed,5.0,0.5,0,0,46,4,0.0,owlvit
AOI_2_Vegas_img3506,AOI_2_Vegas,AOI_2_Vegas:-11522:3612,test,owlvit,area,fixed,10.0,0.5,0,0,46,2,0.0,owlvit
AOI_2_Vegas_img3514,AOI_2_Vegas,AOI_2_Vegas:-11522:3614,test,owlvit,area,fixed,0.3,0.5,4,21,15,59,0.05,owlvit
AOI_2_Vegas_img3514,AOI_2_Vegas,AOI_2_Vegas:-11522:3614,test,owlvit,area,fixed,0.45,0.5,4,18,15,56,0.05,owlvit
AOI_2_Vegas_img3514,AOI_2_Vegas,AOI_2_Vegas:-11522:3614,test,owlvit,area,fixed,0.6,0.5,3,20,15,63,0.0,owlvit
AOI_2_Vegas_img3514,AOI_2_Vegas,AOI_2_Vegas:-11522:3614,test,owlvit,area,fixed,0.9,0.5,2,10,15,39,0.05,owlvit
AOI_2_Vegas_img3514,AOI_2_Vegas,AOI_2_Vegas:-11522:3614,test,owlvit,area,fixed,1.2,0.5,3,11,15,38,0.0,owlvit
AOI_2_Vegas_img3514,AOI_2_Vegas,AOI_2_Vegas:-11522:3614,test,owlvit,area,fixed,1.8,0.5,3,10,15,40,0.1,owlvit
AOI_2_Vegas_img3514,AOI_2_Vegas,AOI_2_Vegas:-11522:3614,test,owlvit,area,fixed,2.4,0.5,1,4,15,39,0.05,owlvit
AOI_2_Vegas_img3514,AOI_2_Vegas,AOI_2_Vegas:-11522:3614,test,owlvit,area,fixed,3.6,0.5,0,2,15,31,0.0,owlvit
AOI_2_Vegas_img3514,AOI_2_Vegas,AOI_2_Vegas:-11522:3614,test,owlvit,area,fixed,5.0,0.5,0,1,15,20,0.0,owlvit
AOI_2_Vegas_img3514,AOI_2_Vegas,AOI_2_Vegas:-11522:3614,test,owlvit,area,fixed,10.0,0.5,0,0,15,1,0.0,owlvit
AOI_2_Vegas_img3538,AOI_2_Vegas,AOI_2_Vegas:-11522:3618,test,owlvit,area,fixed,0.3,0.5,10,77,38,56,1.05,owlvit
AOI_2_Vegas_img3538,AOI_2_Vegas,AOI_2_Vegas:-11522:3618,test,owlvit,area,fixed,0.45,0.5,10,90,38,63,1.15,owlvit
AOI_2_Vegas_img3538,AOI_2_Vegas,AOI_2_Vegas:-11522:3618,test,owlvit,area,fixed,0.6,0.5,8,46,38,47,0.7,owlvit
AOI_2_Vegas_img3538,AOI_2_Vegas,AOI_2_Vegas:-11522:3618,test,owlvit,area,fixed,0.9,0.5,9,38,38,38,0.6,owlvit
AOI_2_Vegas_img3538,AOI_2_Vegas,AOI_2_Vegas:-11522:3618,test,owlvit,area,fixed,1.2,0.5,7,42,38,55,0.95,owlvit
AOI_2_Vegas_img3538,AOI_2_Vegas,AOI_2_Vegas:-11522:3618,test,owlvit,area,fixed,1.8,0.5,5,33,38,42,0.65,owlvit
AOI_2_Vegas_img3538,AOI_2_Vegas,AOI_2_Vegas:-11522:3618,test,owlvit,area,fixed,2.4,0.5,0,0,38,10,0.0,owlvit
AOI_2_Vegas_img3538,AOI_2_Vegas,AOI_2_Vegas:-11522:3618,test,owlvit,area,fixed,3.6,0.5,0,0,38,11,0.0,owlvit
AOI_2_Vegas_img3538,AOI_2_Vegas,AOI_2_Vegas:-11522:3618,test,owlvit,area,fixed,5.0,0.5,0,0,38,4,0.0,owlvit
AOI_2_Vegas_img3538,AOI_2_Vegas,AOI_2_Vegas:-11522:3618,test,owlvit,area,fixed,10.0,0.5,0,0,38,2,0.0,owlvit
AOI_2_Vegas_img355,AOI_2_Vegas,AOI_2_Vegas:-11530:3616,test,owlvit,area,fixed,0.3,0.5,0,2,34,23,0.0,owlvit
AOI_2_Vegas_img355,AOI_2_Vegas,AOI_2_Vegas:-11530:3616,test,owlvit,area,fixed,0.45,0.5,0,2,34,24,0.0,owlvit
AOI_2_Vegas_img355,AOI_2_Vegas,AOI_2_Vegas:-11530:3616,test,owlvit,area,fixed,0.6,0.5,2,5,34,26,0.2,owlvit
AOI_2_Vegas_img355,AOI_2_Vegas,AOI_2_Vegas:-11530:3616,test,owlvit,area,fixed,0.9,0.5,1,4,34,27,0.1,owlvit
AOI_2_Vegas_img355,AOI_2_Vegas,AOI_2_Vegas:-11530:3616,test,owlvit,area,fixed,1.2,0.5,1,7,34,28,0.55,owlvit
AOI_2_Vegas_img355,AOI_2_Vegas,AOI_2_Vegas:-11530:3616,test,owlvit,area,fixed,1.8,0.5,2,5,34,20,0.2,owlvit
AOI_2_Vegas_img355,AOI_2_Vegas,AOI_2_Vegas:-11530:3616,test,owlvit,area,fixed,2.4,0.5,5,5,34,11,0.2,owlvit
AOI_2_Vegas_img355,AOI_2_Vegas,AOI_2_Vegas:-11530:3616,test,owlvit,area,fixed,3.6,0.5,1,1,34,4,0.0,owlvit
AOI_2_Vegas_img355,AOI_2_Vegas,AOI_2_Vegas:-11530:3616,test,owlvit,area,fixed,5.0,0.5,0,0,34,1,0.0,owlvit
AOI_2_Vegas_img355,AOI_2_Vegas,AOI_2_Vegas:-11530:3616,test,owlvit,area,fixed,10.0,0.5,0,0,34,0,0.0,owlvit
AOI_2_Vegas_img3573,AOI_2_Vegas,AOI_2_Vegas:-11522:3624,test,owlvit,area,fixed,0.3,0.5,23,37,53,31,0.9,owlvit
AOI_2_Vegas_img3573,AOI_2_Vegas,AOI_2_Vegas:-11522:3624,test,owlvit,area,fixed,0.45,0.5,19,28,53,36,0.7,owlvit
AOI_2_Vegas_img3573,AOI_2_Vegas,AOI_2_Vegas:-11522:3624,test,owlvit,area,fixed,0.6,0.5,20,29,53,33,0.25,owlvit
AOI_2_Vegas_img3573,AOI_2_Vegas,AOI_2_Vegas:-11522:3624,test,owlvit,area,fixed,0.9,0.5,13,22,53,28,0.45,owlvit
AOI_2_Vegas_img3573,AOI_2_Vegas,AOI_2_Vegas:-11522:3624,test,owlvit,area,fixed,1.2,0.5,6,16,53,19,0.3,owlvit
AOI_2_Vegas_img3573,AOI_2_Vegas,AOI_2_Vegas:-11522:3624,test,owlvit,area,fixed,1.8,0.5,0,1,53,15,0.0,owlvit
AOI_2_Vegas_img3573,AOI_2_Vegas,AOI_2_Vegas:-11522:3624,test,owlvit,area,fixed,2.4,0.5,0,0,53,16,0.0,owlvit
AOI_2_Vegas_img3573,AOI_2_Vegas,AOI_2_Vegas:-11522:3624,test,owlvit,area,fixed,3.6,0.5,0,0,53,9,0.0,owlvit
AOI_2_Vegas_img3573,AOI_2_Vegas,AOI_2_Vegas:-11522:3624,test,owlvit,area,fixed,5.0,0.5,0,0,53,10,0.0,owlvit
AOI_2_Vegas_img3573,AOI_2_Vegas,AOI_2_Vegas:-11522:3624,test,owlvit,area,fixed,10.0,0.5,0,0,53,0,0.0,owlvit
AOI_2_Vegas_img3603,AOI_2_Vegas,AOI_2_Vegas:-11522:3616,test,owlvit,area,fixed,0.3,0.5,22,84,53,36,2.25,owlvit
AOI_2_Vegas_img3603,AOI_2_Vegas,AOI_2_Vegas:-11522:3616,test,owlvit,area,fixed,0.45,0.5,24,84,53,42,2.4,owlvit
AOI_2_Vegas_img3603,AOI_2_Vegas,AOI_2_Vegas:-11522:3616,test,owlvit,area,fixed,0.6,0.5,23,83,53,38,2.7,owlvit
AOI_2_Vegas_img3603,AOI_2_Vegas,AOI_2_Vegas:-11522:3616,test,owlvit,area,fixed,0.9,0.5,23,67,53,33,1.65,owlvit
AOI_2_Vegas_img3603,AOI_2_Vegas,AOI_2_Vegas:-11522:3616,test,owlvit,area,fixed,1.2,0.5,20,48,53,28,1.1,owlvit
AOI_2_Vegas_img3603,AOI_2_Vegas,AOI_2_Vegas:-11522:3616,test,owlvit,area,fixed,1.8,0.5,12,27,53,18,0.5,owlvit
AOI_2_Vegas_img3603,AOI_2_Vegas,AOI_2_Vegas:-11522:3616,test,owlvit,area,fixed,2.4,0.5,2,6,53,15,0.05,owlvit
AOI_2_Vegas_img3603,AOI_2_Vegas,AOI_2_Vegas:-11522:3616,test,owlvit,area,fixed,3.6,0.5,0,0,53,8,0.0,owlvit
AOI_2_Vegas_img3603,AOI_2_Vegas,AOI_2_Vegas:-11522:3616,test,owlvit,area,fixed,5.0,0.5,0,0,53,5,0.0,owlvit
AOI_2_Vegas_img3603,AOI_2_Vegas,AOI_2_Vegas:-11522:3616,test,owlvit,area,fixed,10.0,0.5,0,0,53,0,0.0,owlvit
AOI_2_Vegas_img3659,AOI_2_Vegas,AOI_2_Vegas:-11522:3625,test,owlvit,area,fixed,0.3,0.5,12,45,32,28,0.55,owlvit
AOI_2_Vegas_img3659,AOI_2_Vegas,AOI_2_Vegas:-11522:3625,test,owlvit,area,fixed,0.45,0.5,10,38,32,32,0.45,owlvit
AOI_2_Vegas_img3659,AOI_2_Vegas,AOI_2_Vegas:-11522:3625,test,owlvit,area,fixed,0.6,0.5,10,32,32,25,0.1,owlvit
AOI_2_Vegas_img3659,AOI_2_Vegas,AOI_2_Vegas:-11522:3625,test,owlvit,area,fixed,0.9,0.5,11,30,32,29,0.35,owlvit
AOI_2_Vegas_img3659,AOI_2_Vegas,AOI_2_Vegas:-11522:3625,test,owlvit,area,fixed,1.2,0.5,11,25,32,25,0.4,owlvit
AOI_2_Vegas_img3659,AOI_2_Vegas,AOI_2_Vegas:-11522:3625,test,owlvit,area,fixed,1.8,0.5,5,9,32,20,0.15,owlvit
AOI_2_Vegas_img3659,AOI_2_Vegas,AOI_2_Vegas:-11522:3625,test,owlvit,area,fixed,2.4,0.5,1,1,32,10,0.0,owlvit
AOI_2_Vegas_img3659,AOI_2_Vegas,AOI_2_Vegas:-11522:3625,test,owlvit,area,fixed,3.6,0.5,0,0,32,4,0.0,owlvit
AOI_2_Vegas_img3659,AOI_2_Vegas,AOI_2_Vegas:-11522:3625,test,owlvit,area,fixed,5.0,0.5,0,0,32,1,0.0,owlvit
AOI_2_Vegas_img3659,AOI_2_Vegas,AOI_2_Vegas:-11522:3625,test,owlvit,area,fixed,10.0,0.5,0,0,32,0,0.0,owlvit
AOI_2_Vegas_img3673,AOI_2_Vegas,AOI_2_Vegas:-11522:3614,test,owlvit,area,fixed,0.3,0.5,0,35,7,58,0.0,owlvit
AOI_2_Vegas_img3673,AOI_2_Vegas,AOI_2_Vegas:-11522:3614,test,owlvit,area,fixed,0.45,0.5,0,33,7,59,0.0,owlvit
AOI_2_Vegas_img3673,AOI_2_Vegas,AOI_2_Vegas:-11522:3614,test,owlvit,area,fixed,0.6,0.5,0,27,7,51,0.0,owlvit
AOI_2_Vegas_img3673,AOI_2_Vegas,AOI_2_Vegas:-11522:3614,test,owlvit,area,fixed,0.9,0.5,0,21,7,55,0.0,owlvit
AOI_2_Vegas_img3673,AOI_2_Vegas,AOI_2_Vegas:-11522:3614,test,owlvit,area,fixed,1.2,0.5,0,11,7,43,0.0,owlvit
AOI_2_Vegas_img3673,AOI_2_Vegas,AOI_2_Vegas:-11522:3614,test,owlvit,area,fixed,1.8,0.5,0,3,7,28,0.0,owlvit
AOI_2_Vegas_img3673,AOI_2_Vegas,AOI_2_Vegas:-11522:3614,test,owlvit,area,fixed,2.4,0.5,0,1,7,14,0.0,owlvit
AOI_2_Vegas_img3673,AOI_2_Vegas,AOI_2_Vegas:-11522:3614,test,owlvit,area,fixed,3.6,0.5,0,0,7,4,0.0,owlvit
AOI_2_Vegas_img3673,AOI_2_Vegas,AOI_2_Vegas:-11522:3614,test,owlvit,area,fixed,5.0,0.5,0,0,7,3,0.0,owlvit
AOI_2_Vegas_img3673,AOI_2_Vegas,AOI_2_Vegas:-11522:3614,test,owlvit,area,fixed,10.0,0.5,0,0,7,2,0.0,owlvit
AOI_2_Vegas_img3679,AOI_2_Vegas,AOI_2_Vegas:-11522:3615,test,owlvit,area,fixed,0.3,0.5,20,63,43,31,1.2,owlvit
AOI_2_Vegas_img3679,AOI_2_Vegas,AOI_2_Vegas:-11522:3615,test,owlvit,area,fixed,0.45,0.5,20,66,43,29,1.85,owlvit
AOI_2_Vegas_img3679,AOI_2_Vegas,AOI_2_Vegas:-11522:3615,test,owlvit,area,fixed,0.6,0.5,20,71,43,29,1.6,owlvit
AOI_2_Vegas_img3679,AOI_2_Vegas,AOI_2_Vegas:-11522:3615,test,owlvit,area,fixed,0.9,0.5,18,55,43,34,1.6,owlvit
AOI_2_Vegas_img3679,AOI_2_Vegas,AOI_2_Vegas:-11522:3615,test,owlvit,area,fixed,1.2,0.5,12,50,43,33,1.05,owlvit
AOI_2_Vegas_img3679,AOI_2_Vegas,AOI_2_Vegas:-11522:3615,test,owlvit,area,fixed,1.8,0.5,7,34,43,19,0.65,owlvit
AOI_2_Vegas_img3679,AOI_2_Vegas,AOI_2_Vegas:-11522:3615,test,owlvit,area,fixed,2.4,0.5,2,15,43,19,0.4,owlvit
AOI_2_Vegas_img3679,AOI_2_Vegas,AOI_2_Vegas:-11522:3615,test,owlvit,area,fixed,3.6,0.5,0,1,43,8,0.0,owlvit
AOI_2_Vegas_img3679,AOI_2_Vegas,AOI_2_Vegas:-11522:3615,test,owlvit,area,fixed,5.0,0.5,0,0,43,8,0.0,owlvit
AOI_2_Vegas_img3679,AOI_2_Vegas,AOI_2_Vegas:-11522:3615,test,owlvit,area,fixed,10.0,0.5,0,0,43,1,0.0,owlvit
AOI_2_Vegas_img3718,AOI_2_Vegas,AOI_2_Vegas:-11522:3622,test,owlvit,area,fixed,0.3,0.5,7,46,29,46,0.2,owlvit
AOI_2_Vegas_img3718,AOI_2_Vegas,AOI_2_Vegas:-11522:3622,test,owlvit,area,fixed,0.45,0.5,6,39,29,42,0.25,owlvit
AOI_2_Vegas_img3718,AOI_2_Vegas,AOI_2_Vegas:-11522:3622,test,owlvit,area,fixed,0.6,0.5,4,34,29,44,0.15,owlvit
AOI_2_Vegas_img3718,AOI_2_Vegas,AOI_2_Vegas:-11522:3622,test,owlvit,area,fixed,0.9,0.5,2,28,29,39,0.3,owlvit
AOI_2_Vegas_img3718,AOI_2_Vegas,AOI_2_Vegas:-11522:3622,test,owlvit,area,fixed,1.2,0.5,3,25,29,40,0.2,owlvit
AOI_2_Vegas_img3718,AOI_2_Vegas,AOI_2_Vegas:-11522:3622,test,owlvit,area,fixed,1.8,0.5,1,9,29,25,0.1,owlvit
AOI_2_Vegas_img3718,AOI_2_Vegas,AOI_2_Vegas:-11522:3622,test,owlvit,area,fixed,2.4,0.5,1,2,29,17,0.2,owlvit
AOI_2_Vegas_img3718,AOI_2_Vegas,AOI_2_Vegas:-11522:3622,test,owlvit,area,fixed,3.6,0.5,0,0,29,10,0.0,owlvit
AOI_2_Vegas_img3718,AOI_2_Vegas,AOI_2_Vegas:-11522:3622,test,owlvit,area,fixed,5.0,0.5,0,0,29,2,0.0,owlvit
AOI_2_Vegas_img3718,AOI_2_Vegas,AOI_2_Vegas:-11522:3622,test,owlvit,area,fixed,10.0,0.5,0,0,29,1,0.0,owlvit
AOI_2_Vegas_img3747,AOI_2_Vegas,AOI_2_Vegas:-11522:3613,test,owlvit,area,fixed,0.3,0.5,21,105,56,26,3.15,owlvit
AOI_2_Vegas_img3747,AOI_2_Vegas,AOI_2_Vegas:-11522:3613,test,owlvit,area,fixed,0.45,0.5,22,117,56,30,3.2,owlvit
AOI_2_Vegas_img3747,AOI_2_Vegas,AOI_2_Vegas:-11522:3613,test,owlvit,area,fixed,0.6,0.5,23,127,56,28,3.15,owlvit
AOI_2_Vegas_img3747,AOI_2_Vegas,AOI_2_Vegas:-11522:3613,test,owlvit,area,fixed,0.9,0.5,18,90,56,33,2.95,owlvit
AOI_2_Vegas_img3747,AOI_2_Vegas,AOI_2_Vegas:-11522:3613,test,owlvit,area,fixed,1.2,0.5,19,106,56,35,3.25,owlvit
AOI_2_Vegas_img3747,AOI_2_Vegas,AOI_2_Vegas:-11522:3613,test,owlvit,area,fixed,1.8,0.5,18,84,56,42,3.3,owlvit
AOI_2_Vegas_img3747,AOI_2_Vegas,AOI_2_Vegas:-11522:3613,test,owlvit,area,fixed,2.4,0.5,8,66,56,35,2.2,owlvit
AOI_2_Vegas_img3747,AOI_2_Vegas,AOI_2_Vegas:-11522:3613,test,owlvit,area,fixed,3.6,0.5,0,2,56,19,0.15,owlvit
AOI_2_Vegas_img3747,AOI_2_Vegas,AOI_2_Vegas:-11522:3613,test,owlvit,area,fixed,5.0,0.5,0,0,56,1,0.0,owlvit
AOI_2_Vegas_img3747,AOI_2_Vegas,AOI_2_Vegas:-11522:3613,test,owlvit,area,fixed,10.0,0.5,0,0,56,0,0.0,owlvit
AOI_2_Vegas_img375,AOI_2_Vegas,AOI_2_Vegas:-11530:3619,test,owlvit,area,fixed,0.3,0.5,8,44,22,23,0.55,owlvit
AOI_2_Vegas_img375,AOI_2_Vegas,AOI_2_Vegas:-11530:3619,test,owlvit,area,fixed,0.45,0.5,7,42,22,24,0.45,owlvit
AOI_2_Vegas_img375,AOI_2_Vegas,AOI_2_Vegas:-11530:3619,test,owlvit,area,fixed,0.6,0.5,7,37,22,24,0.2,owlvit
AOI_2_Vegas_img375,AOI_2_Vegas,AOI_2_Vegas:-11530:3619,test,owlvit,area,fixed,0.9,0.5,8,28,22,26,0.3,owlvit
AOI_2_Vegas_img375,AOI_2_Vegas,AOI_2_Vegas:-11530:3619,test,owlvit,area,fixed,1.2,0.5,5,11,22,19,0.2,owlvit
AOI_2_Vegas_img375,AOI_2_Vegas,AOI_2_Vegas:-11530:3619,test,owlvit,area,fixed,1.8,0.5,1,1,22,10,0.0,owlvit
AOI_2_Vegas_img375,AOI_2_Vegas,AOI_2_Vegas:-11530:3619,test,owlvit,area,fixed,2.4,0.5,0,0,22,1,0.0,owlvit
AOI_2_Vegas_img375,AOI_2_Vegas,AOI_2_Vegas:-11530:3619,test,owlvit,area,fixed,3.6,0.5,0,0,22,3,0.0,owlvit
AOI_2_Vegas_img375,AOI_2_Vegas,AOI_2_Vegas:-11530:3619,test,owlvit,area,fixed,5.0,0.5,0,0,22,1,0.0,owlvit
AOI_2_Vegas_img375,AOI_2_Vegas,AOI_2_Vegas:-11530:3619,test,owlvit,area,fixed,10.0,0.5,0,0,22,0,0.0,owlvit
AOI_2_Vegas_img3757,AOI_2_Vegas,AOI_2_Vegas:-11522:3615,test,owlvit,area,fixed,0.3,0.5,26,68,59,26,2.05,owlvit
AOI_2_Vegas_img3757,AOI_2_Vegas,AOI_2_Vegas:-11522:3615,test,owlvit,area,fixed,0.45,0.5,23,64,59,29,2.55,owlvit
AOI_2_Vegas_img3757,AOI_2_Vegas,AOI_2_Vegas:-11522:3615,test,owlvit,area,fixed,0.6,0.5,22,67,59,29,2.4,owlvit
AOI_2_Vegas_img3757,AOI_2_Vegas,AOI_2_Vegas:-11522:3615,test,owlvit,area,fixed,0.9,0.5,20,52,59,25,1.6,owlvit
AOI_2_Vegas_img3757,AOI_2_Vegas,AOI_2_Vegas:-11522:3615,test,owlvit,area,fixed,1.2,0.5,21,53,59,23,1.45,owlvit
AOI_2_Vegas_img3757,AOI_2_Vegas,AOI_2_Vegas:-11522:3615,test,owlvit,area,fixed,1.8,0.5,14,35,59,19,1.1,owlvit
AOI_2_Vegas_img3757,AOI_2_Vegas,AOI_2_Vegas:-11522:3615,test,owlvit,area,fixed,2.4,0.5,5,18,59,25,0.55,owlvit
AOI_2_Vegas_img3757,AOI_2_Vegas,AOI_2_Vegas:-11522:3615,test,owlvit,area,fixed,3.6,0.5,0,0,59,17,0.0,owlvit
AOI_2_Vegas_img3757,AOI_2_Vegas,AOI_2_Vegas:-11522:3615,test,owlvit,area,fixed,5.0,0.5,0,0,59,8,0.0,owlvit
AOI_2_Vegas_img3757,AOI_2_Vegas,AOI_2_Vegas:-11522:3615,test,owlvit,area,fixed,10.0,0.5,0,0,59,1,0.0,owlvit
AOI_2_Vegas_img3785,AOI_2_Vegas,AOI_2_Vegas:-11522:3620,test,owlvit,area,fixed,0.3,0.5,5,49,28,43,0.25,owlvit
AOI_2_Vegas_img3785,AOI_2_Vegas,AOI_2_Vegas:-11522:3620,test,owlvit,area,fixed,0.45,0.5,6,42,28,36,0.3,owlvit
AOI_2_Vegas_img3785,AOI_2_Vegas,AOI_2_Vegas:-11522:3620,test,owlvit,area,fixed,0.6,0.5,6,40,28,38,0.2,owlvit
AOI_2_Vegas_img3785,AOI_2_Vegas,AOI_2_Vegas:-11522:3620,test,owlvit,area,fixed,0.9,0.5,4,32,28,34,0.2,owlvit
AOI_2_Vegas_img3785,AOI_2_Vegas,AOI_2_Vegas:-11522:3620,test,owlvit,area,fixed,1.2,0.5,4,25,28,41,0.2,owlvit
AOI_2_Vegas_img3785,AOI_2_Vegas,AOI_2_Vegas:-11522:3620,test,owlvit,area,fixed,1.8,0.5,0,9,28,36,0.2,owlvit
AOI_2_Vegas_img3785,AOI_2_Vegas,AOI_2_Vegas:-11522:3620,test,owlvit,area,fixed,2.4,0.5,0,6,28,31,0.15,owlvit
AOI_2_Vegas_img3785,AOI_2_Vegas,AOI_2_Vegas:-11522:3620,test,owlvit,area,fixed,3.6,0.5,0,0,28,14,0.0,owlvit
AOI_2_Vegas_img3785,AOI_2_Vegas,AOI_2_Vegas:-11522:3620,test,owlvit,area,fixed,5.0,0.5,0,0,28,5,0.0,owlvit
AOI_2_Vegas_img3785,AOI_2_Vegas,AOI_2_Vegas:-11522:3620,test,owlvit,area,fixed,10.0,0.5,0,0,28,0,0.0,owlvit
AOI_2_Vegas_img3787,AOI_2_Vegas,AOI_2_Vegas:-11522:3620,test,owlvit,area,fixed,0.3,0.5,8,33,48,37,0.35,owlvit
AOI_2_Vegas_img3787,AOI_2_Vegas,AOI_2_Vegas:-11522:3620,test,owlvit,area,fixed,0.45,0.5,4,21,48,37,0.15,owlvit
AOI_2_Vegas_img3787,AOI_2_Vegas,AOI_2_Vegas:-11522:3620,test,owlvit,area,fixed,0.6,0.5,4,19,48,44,0.25,owlvit
AOI_2_Vegas_img3787,AOI_2_Vegas,AOI_2_Vegas:-11522:3620,test,owlvit,area,fixed,0.9,0.5,2,17,48,41,0.15,owlvit
AOI_2_Vegas_img3787,AOI_2_Vegas,AOI_2_Vegas:-11522:3620,test,owlvit,area,fixed,1.2,0.5,3,13,48,41,0.05,owlvit
AOI_2_Vegas_img3787,AOI_2_Vegas,AOI_2_Vegas:-11522:3620,test,owlvit,area,fixed,1.8,0.5,2,7,48,37,0.1,owlvit
AOI_2_Vegas_img3787,AOI_2_Vegas,AOI_2_Vegas:-11522:3620,test,owlvit,area,fixed,2.4,0.5,2,13,48,35,0.0,owlvit
AOI_2_Vegas_img3787,AOI_2_Vegas,AOI_2_Vegas:-11522:3620,test,owlvit,area,fixed,3.6,0.5,0,0,48,18,0.0,owlvit
AOI_2_Vegas_img3787,AOI_2_Vegas,AOI_2_Vegas:-11522:3620,test,owlvit,area,fixed,5.0,0.5,0,0,48,7,0.0,owlvit
AOI_2_Vegas_img3787,AOI_2_Vegas,AOI_2_Vegas:-11522:3620,test,owlvit,area,fixed,10.0,0.5,0,0,48,0,0.0,owlvit
AOI_2_Vegas_img3792,AOI_2_Vegas,AOI_2_Vegas:-11522:3621,test,owlvit,area,fixed,0.3,0.5,0,3,1,7,0.0,owlvit
AOI_2_Vegas_img3792,AOI_2_Vegas,AOI_2_Vegas:-11522:3621,test,owlvit,area,fixed,0.45,0.5,0,3,1,6,0.0,owlvit
AOI_2_Vegas_img3792,AOI_2_Vegas,AOI_2_Vegas:-11522:3621,test,owlvit,area,fixed,0.6,0.5,0,2,1,4,0.0,owlvit
AOI_2_Vegas_img3792,AOI_2_Vegas,AOI_2_Vegas:-11522:3621,test,owlvit,area,fixed,0.9,0.5,0,0,1,7,0.0,owlvit
AOI_2_Vegas_img3792,AOI_2_Vegas,AOI_2_Vegas:-11522:3621,test,owlvit,area,fixed,1.2,0.5,0,0,1,6,0.0,owlvit
AOI_2_Vegas_img3792,AOI_2_Vegas,AOI_2_Vegas:-11522:3621,test,owlvit,area,fixed,1.8,0.5,0,0,1,2,0.0,owlvit
AOI_2_Vegas_img3792,AOI_2_Vegas,AOI_2_Vegas:-11522:3621,test,owlvit,area,fixed,2.4,0.5,0,0,1,3,0.0,owlvit
AOI_2_Vegas_img3792,AOI_2_Vegas,AOI_2_Vegas:-11522:3621,test,owlvit,area,fixed,3.6,0.5,0,0,1,3,0.0,owlvit
AOI_2_Vegas_img3792,AOI_2_Vegas,AOI_2_Vegas:-11522:3621,test,owlvit,area,fixed,5.0,0.5,0,0,1,1,0.0,owlvit
AOI_2_Vegas_img3792,AOI_2_Vegas,AOI_2_Vegas:-11522:3621,test,owlvit,area,fixed,10.0,0.5,0,0,1,0,0.0,owlvit
AOI_2_Vegas_img3815,AOI_2_Vegas,AOI_2_Vegas:-11522:3625,test,owlvit,area,fixed,0.3,0.5,13,73,23,29,1.85,owlvit
AOI_2_Vegas_img3815,AOI_2_Vegas,AOI_2_Vegas:-11522:3625,test,owlvit,area,fixed,0.45,0.5,14,62,23,34,1.55,owlvit
AOI_2_Vegas_img3815,AOI_2_Vegas,AOI_2_Vegas:-11522:3625,test,owlvit,area,fixed,0.6,0.5,15,54,23,39,1.55,owlvit
AOI_2_Vegas_img3815,AOI_2_Vegas,AOI_2_Vegas:-11522:3625,test,owlvit,area,fixed,0.9,0.5,17,47,23,45,1.15,owlvit
AOI_2_Vegas_img3815,AOI_2_Vegas,AOI_2_Vegas:-11522:3625,test,owlvit,area,fixed,1.2,0.5,14,45,23,46,1.15,owlvit
AOI_2_Vegas_img3815,AOI_2_Vegas,AOI_2_Vegas:-11522:3625,test,owlvit,area,fixed,1.8,0.5,16,42,23,48,1.3,owlvit
AOI_2_Vegas_img3815,AOI_2_Vegas,AOI_2_Vegas:-11522:3625,test,owlvit,area,fixed,2.4,0.5,11,28,23,35,0.9,owlvit
AOI_2_Vegas_img3815,AOI_2_Vegas,AOI_2_Vegas:-11522:3625,test,owlvit,area,fixed,3.6,0.5,1,1,23,5,0.1,owlvit
AOI_2_Vegas_img3815,AOI_2_Vegas,AOI_2_Vegas:-11522:3625,test,owlvit,area,fixed,5.0,0.5,0,0,23,1,0.0,owlvit
AOI_2_Vegas_img3815,AOI_2_Vegas,AOI_2_Vegas:-11522:3625,test,owlvit,area,fixed,10.0,0.5,0,0,23,0,0.0,owlvit
AOI_2_Vegas_img3832,AOI_2_Vegas,AOI_2_Vegas:-11521:3614,test,owlvit,area,fixed,0.3,0.5,1,8,4,23,0.0,owlvit
AOI_2_Vegas_img3832,AOI_2_Vegas,AOI_2_Vegas:-11521:3614,test,owlvit,area,fixed,0.45,0.5,1,10,4,27,0.05,owlvit
AOI_2_Vegas_img3832,AOI_2_Vegas,AOI_2_Vegas:-11521:3614,test,owlvit,area,fixed,0.6,0.5,1,8,4,25,0.0,owlvit
AOI_2_Vegas_img3832,AOI_2_Vegas,AOI_2_Vegas:-11521:3614,test,owlvit,area,fixed,0.9,0.5,0,5,4,26,0.0,owlvit
AOI_2_Vegas_img3832,AOI_2_Vegas,AOI_2_Vegas:-11521:3614,test,owlvit,area,fixed,1.2,0.5,0,2,4,21,0.0,owlvit
AOI_2_Vegas_img3832,AOI_2_Vegas,AOI_2_Vegas:-11521:3614,test,owlvit,area,fixed,1.8,0.5,0,0,4,13,0.0,owlvit
AOI_2_Vegas_img3832,AOI_2_Vegas,AOI_2_Vegas:-11521:3614,test,owlvit,area,fixed,2.4,0.5,0,0,4,12,0.0,owlvit
AOI_2_Vegas_img3832,AOI_2_Vegas,AOI_2_Vegas:-11521:3614,test,owlvit,area,fixed,3.6,0.5,0,0,4,14,0.0,owlvit
AOI_2_Vegas_img3832,AOI_2_Vegas,AOI_2_Vegas:-11521:3614,test,owlvit,area,fixed,5.0,0.5,0,0,4,13,0.0,owlvit
AOI_2_Vegas_img3832,AOI_2_Vegas,AOI_2_Vegas:-11521:3614,test,owlvit,area,fixed,10.0,0.5,0,0,4,2,0.0,owlvit
AOI_2_Vegas_img3849,AOI_2_Vegas,AOI_2_Vegas:-11521:3617,test,owlvit,area,fixed,0.3,0.5,32,42,88,23,2.45,owlvit
AOI_2_Vegas_img3849,AOI_2_Vegas,AOI_2_Vegas:-11521:3617,test,owlvit,area,fixed,0.45,0.5,34,47,88,15,2.3,owlvit
AOI_2_Vegas_img3849,AOI_2_Vegas,AOI_2_Vegas:-11521:3617,test,owlvit,area,fixed,0.6,0.5,36,51,88,20,2.6,owlvit
AOI_2_Vegas_img3849,AOI_2_Vegas,AOI_2_Vegas:-11521:3617,test,owlvit,area,fixed,0.9,0.5,30,37,88,18,2.25,owlvit
AOI_2_Vegas_img3849,AOI_2_Vegas,AOI_2_Vegas:-11521:3617,test,owlvit,area,fixed,1.2,0.5,9,12,88,17,0.55,owlvit
AOI_2_Vegas_img3849,AOI_2_Vegas,AOI_2_Vegas:-11521:3617,test,owlvit,area,fixed,1.8,0.5,17,23,88,19,0.95,owlvit
AOI_2_Vegas_img3849,AOI_2_Vegas,AOI_2_Vegas:-11521:3617,test,owlvit,area,fixed,2.4,0.5,0,1,88,11,0.0,owlvit
AOI_2_Vegas_img3849,AOI_2_Vegas,AOI_2_Vegas:-11521:3617,test,owlvit,area,fixed,3.6,0.5,0,0,88,4,0.0,owlvit
AOI_2_Vegas_img3849,AOI_2_Vegas,AOI_2_Vegas:-11521:3617,test,owlvit,area,fixed,5.0,0.5,0,0,88,1,0.0,owlvit
AOI_2_Vegas_img3849,AOI_2_Vegas,AOI_2_Vegas:-11521:3617,test,owlvit,area,fixed,10.0,0.5,0,0,88,0,0.0,owlvit
AOI_2_Vegas_img3856,AOI_2_Vegas,AOI_2_Vegas:-11521:3618,test,owlvit,area,fixed,0.3,0.5,4,6,13,32,0.0,owlvit
AOI_2_Vegas_img3856,AOI_2_Vegas,AOI_2_Vegas:-11521:3618,test,owlvit,area,fixed,0.45,0.5,3,5,13,23,0.05,owlvit
AOI_2_Vegas_img3856,AOI_2_Vegas,AOI_2_Vegas:-11521:3618,test,owlvit,area,fixed,0.6,0.5,2,3,13,21,0.0,owlvit
AOI_2_Vegas_img3856,AOI_2_Vegas,AOI_2_Vegas:-11521:3618,test,owlvit,area,fixed,0.9,0.5,2,3,13,13,0.0,owlvit
AOI_2_Vegas_img3856,AOI_2_Vegas,AOI_2_Vegas:-11521:3618,test,owlvit,area,fixed,1.2,0.5,1,2,13,9,0.0,owlvit
AOI_2_Vegas_img3856,AOI_2_Vegas,AOI_2_Vegas:-11521:3618,test,owlvit,area,fixed,1.8,0.5,0,0,13,6,0.0,owlvit
AOI_2_Vegas_img3856,AOI_2_Vegas,AOI_2_Vegas:-11521:3618,test,owlvit,area,fixed,2.4,0.5,1,1,13,11,0.0,owlvit
AOI_2_Vegas_img3856,AOI_2_Vegas,AOI_2_Vegas:-11521:3618,test,owlvit,area,fixed,3.6,0.5,0,0,13,7,0.0,owlvit
AOI_2_Vegas_img3856,AOI_2_Vegas,AOI_2_Vegas:-11521:3618,test,owlvit,area,fixed,5.0,0.5,0,0,13,11,0.0,owlvit
AOI_2_Vegas_img3856,AOI_2_Vegas,AOI_2_Vegas:-11521:3618,test,owlvit,area,fixed,10.0,0.5,0,0,13,1,0.0,owlvit
AOI_2_Vegas_img3857,AOI_2_Vegas,AOI_2_Vegas:-11521:3619,test,owlvit,area,fixed,0.3,0.5,11,29,36,45,0.1,owlvit
AOI_2_Vegas_img3857,AOI_2_Vegas,AOI_2_Vegas:-11521:3619,test,owlvit,area,fixed,0.45,0.5,10,31,36,44,0.4,owlvit
AOI_2_Vegas_img3857,AOI_2_Vegas,AOI_2_Vegas:-11521:3619,test,owlvit,area,fixed,0.6,0.5,9,26,36,47,0.4,owlvit
AOI_2_Vegas_img3857,AOI_2_Vegas,AOI_2_Vegas:-11521:3619,test,owlvit,area,fixed,0.9,0.5,9,20,36,48,0.05,owlvit
AOI_2_Vegas_img3857,AOI_2_Vegas,AOI_2_Vegas:-11521:3619,test,owlvit,area,fixed,1.2,0.5,6,13,36,37,0.15,owlvit
AOI_2_Vegas_img3857,AOI_2_Vegas,AOI_2_Vegas:-11521:3619,test,owlvit,area,fixed,1.8,0.5,1,3,36,26,0.1,owlvit
AOI_2_Vegas_img3857,AOI_2_Vegas,AOI_2_Vegas:-11521:3619,test,owlvit,area,fixed,2.4,0.5,0,0,36,14,0.0,owlvit
AOI_2_Vegas_img3857,AOI_2_Vegas,AOI_2_Vegas:-11521:3619,test,owlvit,area,fixed,3.6,0.5,0,0,36,19,0.0,owlvit
AOI_2_Vegas_img3857,AOI_2_Vegas,AOI_2_Vegas:-11521:3619,test,owlvit,area,fixed,5.0,0.5,0,0,36,13,0.0,owlvit
AOI_2_Vegas_img3857,AOI_2_Vegas,AOI_2_Vegas:-11521:3619,test,owlvit,area,fixed,10.0,0.5,0,0,36,0,0.0,owlvit
AOI_2_Vegas_img3858,AOI_2_Vegas,AOI_2_Vegas:-11521:3619,test,owlvit,area,fixed,0.3,0.5,2,14,21,31,0.1,owlvit
AOI_2_Vegas_img3858,AOI_2_Vegas,AOI_2_Vegas:-11521:3619,test,owlvit,area,fixed,0.45,0.5,2,14,21,29,0.0,owlvit
AOI_2_Vegas_img3858,AOI_2_Vegas,AOI_2_Vegas:-11521:3619,test,owlvit,area,fixed,0.6,0.5,1,9,21,28,0.0,owlvit
AOI_2_Vegas_img3858,AOI_2_Vegas,AOI_2_Vegas:-11521:3619,test,owlvit,area,fixed,0.9,0.5,1,5,21,26,0.05,owlvit
AOI_2_Vegas_img3858,AOI_2_Vegas,AOI_2_Vegas:-11521:3619,test,owlvit,area,fixed,1.2,0.5,1,4,21,25,0.0,owlvit
AOI_2_Vegas_img3858,AOI_2_Vegas,AOI_2_Vegas:-11521:3619,test,owlvit,area,fixed,1.8,0.5,0,1,21,21,0.0,owlvit
AOI_2_Vegas_img3858,AOI_2_Vegas,AOI_2_Vegas:-11521:3619,test,owlvit,area,fixed,2.4,0.5,0,2,21,27,0.0,owlvit
AOI_2_Vegas_img3858,AOI_2_Vegas,AOI_2_Vegas:-11521:3619,test,owlvit,area,fixed,3.6,0.5,0,1,21,26,0.0,owlvit
AOI_2_Vegas_img3858,AOI_2_Vegas,AOI_2_Vegas:-11521:3619,test,owlvit,area,fixed,5.0,0.5,0,0,21,10,0.0,owlvit
AOI_2_Vegas_img3858,AOI_2_Vegas,AOI_2_Vegas:-11521:3619,test,owlvit,area,fixed,10.0,0.5,0,0,21,3,0.0,owlvit
AOI_2_Vegas_img386,AOI_2_Vegas,AOI_2_Vegas:-11530:3621,test,owlvit,area,fixed,0.3,0.5,14,119,34,42,2.05,owlvit
AOI_2_Vegas_img386,AOI_2_Vegas,AOI_2_Vegas:-11530:3621,test,owlvit,area,fixed,0.45,0.5,14,110,34,46,1.85,owlvit
AOI_2_Vegas_img386,AOI_2_Vegas,AOI_2_Vegas:-11530:3621,test,owlvit,area,fixed,0.6,0.5,14,105,34,46,1.6,owlvit
AOI_2_Vegas_img386,AOI_2_Vegas,AOI_2_Vegas:-11530:3621,test,owlvit,area,fixed,0.9,0.5,13,93,34,43,1.85,owlvit
AOI_2_Vegas_img386,AOI_2_Vegas,AOI_2_Vegas:-11530:3621,test,owlvit,area,fixed,1.2,0.5,9,81,34,38,1.6,owlvit
AOI_2_Vegas_img386,AOI_2_Vegas,AOI_2_Vegas:-11530:3621,test,owlvit,area,fixed,1.8,0.5,8,76,34,38,1.6,owlvit
AOI_2_Vegas_img386,AOI_2_Vegas,AOI_2_Vegas:-11530:3621,test,owlvit,area,fixed,2.4,0.5,6,38,34,41,0.75,owlvit
AOI_2_Vegas_img386,AOI_2_Vegas,AOI_2_Vegas:-11530:3621,test,owlvit,area,fixed,3.6,0.5,1,6,34,27,0.1,owlvit
AOI_2_Vegas_img386,AOI_2_Vegas,AOI_2_Vegas:-11530:3621,test,owlvit,area,fixed,5.0,0.5,2,2,34,13,0.15,owlvit
AOI_2_Vegas_img386,AOI_2_Vegas,AOI_2_Vegas:-11530:3621,test,owlvit,area,fixed,10.0,0.5,0,0,34,0,0.0,owlvit
AOI_2_Vegas_img3864,AOI_2_Vegas,AOI_2_Vegas:-11521:3620,test,owlvit,area,fixed,0.3,0.5,10,29,36,36,0.25,owlvit
AOI_2_Vegas_img3864,AOI_2_Vegas,AOI_2_Vegas:-11521:3620,test,owlvit,area,fixed,0.45,0.5,10,30,36,37,0.3,owlvit
AOI_2_Vegas_img3864,AOI_2_Vegas,AOI_2_Vegas:-11521:3620,test,owlvit,area,fixed,0.6,0.5,10,27,36,37,0.25,owlvit
AOI_2_Vegas_img3864,AOI_2_Vegas,AOI_2_Vegas:-11521:3620,test,owlvit,area,fixed,0.9,0.5,6,25,36,36,0.2,owlvit
AOI_2_Vegas_img3864,AOI_2_Vegas,AOI_2_Vegas:-11521:3620,test,owlvit,area,fixed,1.2,0.5,3,10,36,22,0.1,owlvit
AOI_2_Vegas_img3864,AOI_2_Vegas,AOI_2_Vegas:-11521:3620,test,owlvit,area,fixed,1.8,0.5,1,2,36,19,0.0,owlvit
AOI_2_Vegas_img3864,AOI_2_Vegas,AOI_2_Vegas:-11521:3620,test,owlvit,area,fixed,2.4,0.5,0,0,36,8,0.0,owlvit
AOI_2_Vegas_img3864,AOI_2_Vegas,AOI_2_Vegas:-11521:3620,test,owlvit,area,fixed,3.6,0.5,0,0,36,8,0.0,owlvit
AOI_2_Vegas_img3864,AOI_2_Vegas,AOI_2_Vegas:-11521:3620,test,owlvit,area,fixed,5.0,0.5,0,0,36,5,0.0,owlvit
AOI_2_Vegas_img3864,AOI_2_Vegas,AOI_2_Vegas:-11521:3620,test,owlvit,area,fixed,10.0,0.5,0,0,36,0,0.0,owlvit
AOI_2_Vegas_img3886,AOI_2_Vegas,AOI_2_Vegas:-11521:3624,test,owlvit,area,fixed,0.3,0.5,20,54,30,39,1.5,owlvit
AOI_2_Vegas_img3886,AOI_2_Vegas,AOI_2_Vegas:-11521:3624,test,owlvit,area,fixed,0.45,0.5,21,54,30,40,1.45,owlvit
AOI_2_Vegas_img3886,AOI_2_Vegas,AOI_2_Vegas:-11521:3624,test,owlvit,area,fixed,0.6,0.5,23,53,30,40,1.35,owlvit
AOI_2_Vegas_img3886,AOI_2_Vegas,AOI_2_Vegas:-11521:3624,test,owlvit,area,fixed,0.9,0.5,20,45,30,41,1.3,owlvit
AOI_2_Vegas_img3886,AOI_2_Vegas,AOI_2_Vegas:-11521:3624,test,owlvit,area,fixed,1.2,0.5,15,25,30,34,0.75,owlvit
AOI_2_Vegas_img3886,AOI_2_Vegas,AOI_2_Vegas:-11521:3624,test,owlvit,area,fixed,1.8,0.5,0,0,30,7,0.0,owlvit
AOI_2_Vegas_img3886,AOI_2_Vegas,AOI_2_Vegas:-11521:3624,test,owlvit,area,fixed,2.4,0.5,0,0,30,3,0.0,owlvit
AOI_2_Vegas_img3886,AOI_2_Vegas,AOI_2_Vegas:-11521:3624,test,owlvit,area,fixed,3.6,0.5,0,0,30,5,0.0,owlvit
AOI_2_Vegas_img3886,AOI_2_Vegas,AOI_2_Vegas:-11521:3624,test,owlvit,area,fixed,5.0,0.5,0,0,30,2,0.0,owlvit
AOI_2_Vegas_img3886,AOI_2_Vegas,AOI_2_Vegas:-11521:3624,test,owlvit,area,fixed,10.0,0.5,0,0,30,1,0.0,owlvit
AOI_2_Vegas_img3920,AOI_2_Vegas,AOI_2_Vegas:-11521:3616,test,owlvit,area,fixed,0.3,0.5,4,84,13,87,0.1,owlvit
AOI_2_Vegas_img3920,AOI_2_Vegas,AOI_2_Vegas:-11521:3616,test,owlvit,area,fixed,0.45,0.5,4,74,13,85,0.0,owlvit
AOI_2_Vegas_img3920,AOI_2_Vegas,AOI_2_Vegas:-11521:3616,test,owlvit,area,fixed,0.6,0.5,4,66,13,76,0.0,owlvit
AOI_2_Vegas_img3920,AOI_2_Vegas,AOI_2_Vegas:-11521:3616,test,owlvit,area,fixed,0.9,0.5,2,18,13,58,0.0,owlvit
AOI_2_Vegas_img3920,AOI_2_Vegas,AOI_2_Vegas:-11521:3616,test,owlvit,area,fixed,1.2,0.5,3,10,13,48,0.1,owlvit
AOI_2_Vegas_img3920,AOI_2_Vegas,AOI_2_Vegas:-11521:3616,test,owlvit,area,fixed,1.8,0.5,0,0,13,25,0.0,owlvit
AOI_2_Vegas_img3920,AOI_2_Vegas,AOI_2_Vegas:-11521:3616,test,owlvit,area,fixed,2.4,0.5,0,0,13,23,0.0,owlvit
AOI_2_Vegas_img3920,AOI_2_Vegas,AOI_2_Vegas:-11521:3616,test,owlvit,area,fixed,3.6,0.5,0,0,13,13,0.0,owlvit
AOI_2_Vegas_img3920,AOI_2_Vegas,AOI_2_Vegas:-11521:3616,test,owlvit,area,fixed,5.0,0.5,0,0,13,6,0.0,owlvit
AOI_2_Vegas_img3920,AOI_2_Vegas,AOI_2_Vegas:-11521:3616,test,owlvit,area,fixed,10.0,0.5,0,0,13,1,0.0,owlvit
AOI_2_Vegas_img3949,AOI_2_Vegas,AOI_2_Vegas:-11521:3621,test,owlvit,area,fixed,0.3,0.5,2,26,10,30,0.15,owlvit
AOI_2_Vegas_img3949,AOI_2_Vegas,AOI_2_Vegas:-11521:3621,test,owlvit,area,fixed,0.45,0.5,2,23,10,34,0.0,owlvit
AOI_2_Vegas_img3949,AOI_2_Vegas,AOI_2_Vegas:-11521:3621,test,owlvit,area,fixed,0.6,0.5,3,17,10,29,0.05,owlvit
AOI_2_Vegas_img3949,AOI_2_Vegas,AOI_2_Vegas:-11521:3621,test,owlvit,area,fixed,0.9,0.5,2,9,10,25,0.05,owlvit
AOI_2_Vegas_img3949,AOI_2_Vegas,AOI_2_Vegas:-11521:3621,test,owlvit,area,fixed,1.2,0.5,1,10,10,28,0.05,owlvit
AOI_2_Vegas_img3949,AOI_2_Vegas,AOI_2_Vegas:-11521:3621,test,owlvit,area,fixed,1.8,0.5,1,7,10,24,0.05,owlvit
AOI_2_Vegas_img3949,AOI_2_Vegas,AOI_2_Vegas:-11521:3621,test,owlvit,area,fixed,2.4,0.5,0,2,10,19,0.05,owlvit
AOI_2_Vegas_img3949,AOI_2_Vegas,AOI_2_Vegas:-11521:3621,test,owlvit,area,fixed,3.6,0.5,0,0,10,12,0.0,owlvit
AOI_2_Vegas_img3949,AOI_2_Vegas,AOI_2_Vegas:-11521:3621,test,owlvit,area,fixed,5.0,0.5,0,0,10,1,0.0,owlvit
AOI_2_Vegas_img3949,AOI_2_Vegas,AOI_2_Vegas:-11521:3621,test,owlvit,area,fixed,10.0,0.5,0,0,10,0,0.0,owlvit
AOI_2_Vegas_img3961,AOI_2_Vegas,AOI_2_Vegas:-11521:3623,test,owlvit,area,fixed,0.3,0.5,13,62,35,40,0.65,owlvit
AOI_2_Vegas_img3961,AOI_2_Vegas,AOI_2_Vegas:-11521:3623,test,owlvit,area,fixed,0.45,0.5,11,60,35,38,0.4,owlvit
AOI_2_Vegas_img3961,AOI_2_Vegas,AOI_2_Vegas:-11521:3623,test,owlvit,area,fixed,0.6,0.5,9,43,35,34,0.5,owlvit
AOI_2_Vegas_img3961,AOI_2_Vegas,AOI_2_Vegas:-11521:3623,test,owlvit,area,fixed,0.9,0.5,7,35,35,28,0.35,owlvit
AOI_2_Vegas_img3961,AOI_2_Vegas,AOI_2_Vegas:-11521:3623,test,owlvit,area,fixed,1.2,0.5,8,33,35,17,0.35,owlvit
AOI_2_Vegas_img3961,AOI_2_Vegas,AOI_2_Vegas:-11521:3623,test,owlvit,area,fixed,1.8,0.5,4,13,35,23,0.1,owlvit
AOI_2_Vegas_img3961,AOI_2_Vegas,AOI_2_Vegas:-11521:3623,test,owlvit,area,fixed,2.4,0.5,0,2,35,8,0.0,owlvit
AOI_2_Vegas_img3961,AOI_2_Vegas,AOI_2_Vegas:-11521:3623,test,owlvit,area,fixed,3.6,0.5,0,0,35,4,0.0,owlvit
AOI_2_Vegas_img3961,AOI_2_Vegas,AOI_2_Vegas:-11521:3623,test,owlvit,area,fixed,5.0,0.5,0,0,35,1,0.0,owlvit
AOI_2_Vegas_img3961,AOI_2_Vegas,AOI_2_Vegas:-11521:3623,test,owlvit,area,fixed,10.0,0.5,0,0,35,0,0.0,owlvit
AOI_2_Vegas_img3962,AOI_2_Vegas,AOI_2_Vegas:-11521:3623,test,owlvit,area,fixed,0.3,0.5,9,57,51,35,0.4,owlvit
AOI_2_Vegas_img3962,AOI_2_Vegas,AOI_2_Vegas:-11521:3623,test,owlvit,area,fixed,0.45,0.5,10,53,51,35,0.4,owlvit
AOI_2_Vegas_img3962,AOI_2_Vegas,AOI_2_Vegas:-11521:3623,test,owlvit,area,fixed,0.6,0.5,10,51,51,40,0.35,owlvit
AOI_2_Vegas_img3962,AOI_2_Vegas,AOI_2_Vegas:-11521:3623,test,owlvit,area,fixed,0.9,0.5,7,42,51,33,0.25,owlvit
AOI_2_Vegas_img3962,AOI_2_Vegas,AOI_2_Vegas:-11521:3623,test,owlvit,area,fixed,1.2,0.5,6,40,51,35,0.4,owlvit
AOI_2_Vegas_img3962,AOI_2_Vegas,AOI_2_Vegas:-11521:3623,test,owlvit,area,fixed,1.8,0.5,2,21,51,38,0.15,owlvit
AOI_2_Vegas_img3962,AOI_2_Vegas,AOI_2_Vegas:-11521:3623,test,owlvit,area,fixed,2.4,0.5,4,11,51,32,0.1,owlvit
AOI_2_Vegas_img3962,AOI_2_Vegas,AOI_2_Vegas:-11521:3623,test,owlvit,area,fixed,3.6,0.5,0,0,51,14,0.0,owlvit
AOI_2_Vegas_img3962,AOI_2_Vegas,AOI_2_Vegas:-11521:3623,test,owlvit,area,fixed,5.0,0.5,0,0,51,1,0.0,owlvit
AOI_2_Vegas_img3962,AOI_2_Vegas,AOI_2_Vegas:-11521:3623,test,owlvit,area,fixed,10.0,0.5,0,0,51,0,0.0,owlvit
AOI_2_Vegas_img3990,AOI_2_Vegas,AOI_2_Vegas:-11521:3614,test,owlvit,area,fixed,0.3,0.5,0,16,2,57,0.0,owlvit
AOI_2_Vegas_img3990,AOI_2_Vegas,AOI_2_Vegas:-11521:3614,test,owlvit,area,fixed,0.45,0.5,0,13,2,42,0.0,owlvit
AOI_2_Vegas_img3990,AOI_2_Vegas,AOI_2_Vegas:-11521:3614,test,owlvit,area,fixed,0.6,0.5,0,10,2,42,0.0,owlvit
AOI_2_Vegas_img3990,AOI_2_Vegas,AOI_2_Vegas:-11521:3614,test,owlvit,area,fixed,0.9,0.5,0,8,2,35,0.0,owlvit
AOI_2_Vegas_img3990,AOI_2_Vegas,AOI_2_Vegas:-11521:3614,test,owlvit,area,fixed,1.2,0.5,0,2,2,28,0.0,owlvit
AOI_2_Vegas_img3990,AOI_2_Vegas,AOI_2_Vegas:-11521:3614,test,owlvit,area,fixed,1.8,0.5,0,2,2,16,0.0,owlvit
AOI_2_Vegas_img3990,AOI_2_Vegas,AOI_2_Vegas:-11521:3614,test,owlvit,area,fixed,2.4,0.5,0,0,2,16,0.0,owlvit
AOI_2_Vegas_img3990,AOI_2_Vegas,AOI_2_Vegas:-11521:3614,test,owlvit,area,fixed,3.6,0.5,0,0,2,8,0.0,owlvit
AOI_2_Vegas_img3990,AOI_2_Vegas,AOI_2_Vegas:-11521:3614,test,owlvit,area,fixed,5.0,0.5,0,0,2,6,0.0,owlvit
AOI_2_Vegas_img3990,AOI_2_Vegas,AOI_2_Vegas:-11521:3614,test,owlvit,area,fixed,10.0,0.5,0,0,2,1,0.0,owlvit
AOI_2_Vegas_img400,AOI_2_Vegas,AOI_2_Vegas:-11530:3613,test,owlvit,area,fixed,0.3,0.5,34,71,58,34,2.1,owlvit
AOI_2_Vegas_img400,AOI_2_Vegas,AOI_2_Vegas:-11530:3613,test,owlvit,area,fixed,0.45,0.5,34,67,58,37,3.0,owlvit
AOI_2_Vegas_img400,AOI_2_Vegas,AOI_2_Vegas:-11530:3613,test,owlvit,area,fixed,0.6,0.5,36,67,58,35,2.4,owlvit
AOI_2_Vegas_img400,AOI_2_Vegas,AOI_2_Vegas:-11530:3613,test,owlvit,area,fixed,0.9,0.5,30,58,58,33,2.75,owlvit
AOI_2_Vegas_img400,AOI_2_Vegas,AOI_2_Vegas:-11530:3613,test,owlvit,area,fixed,1.2,0.5,20,45,58,25,1.1,owlvit
AOI_2_Vegas_img400,AOI_2_Vegas,AOI_2_Vegas:-11530:3613,test,owlvit,area,fixed,1.8,0.5,3,7,58,15,0.05,owlvit
AOI_2_Vegas_img400,AOI_2_Vegas,AOI_2_Vegas:-11530:3613,test,owlvit,area,fixed,2.4,0.5,0,0,58,6,0.0,owlvit
AOI_2_Vegas_img400,AOI_2_Vegas,AOI_2_Vegas:-11530:3613,test,owlvit,area,fixed,3.6,0.5,0,0,58,1,0.0,owlvit
AOI_2_Vegas_img400,AOI_2_Vegas,AOI_2_Vegas:-11530:3613,test,owlvit,area,fixed,5.0,0.5,0,0,58,4,0.0,owlvit
AOI_2_Vegas_img400,AOI_2_Vegas,AOI_2_Vegas:-11530:3613,test,owlvit,area,fixed,10.0,0.5,0,0,58,1,0.0,owlvit
AOI_2_Vegas_img4008,AOI_2_Vegas,AOI_2_Vegas:-11521:3617,test,owlvit,area,fixed,0.3,0.5,0,20,4,42,0.05,owlvit
AOI_2_Vegas_img4008,AOI_2_Vegas,AOI_2_Vegas:-11521:3617,test,owlvit,area,fixed,0.45,0.5,0,17,4,44,0.0,owlvit
AOI_2_Vegas_img4008,AOI_2_Vegas,AOI_2_Vegas:-11521:3617,test,owlvit,area,fixed,0.6,0.5,0,6,4,35,0.0,owlvit
AOI_2_Vegas_img4008,AOI_2_Vegas,AOI_2_Vegas:-11521:3617,test,owlvit,area,fixed,0.9,0.5,0,2,4,29,0.0,owlvit
AOI_2_Vegas_img4008,AOI_2_Vegas,AOI_2_Vegas:-11521:3617,test,owlvit,area,fixed,1.2,0.5,0,1,4,21,0.0,owlvit
AOI_2_Vegas_img4008,AOI_2_Vegas,AOI_2_Vegas:-11521:3617,test,owlvit,area,fixed,1.8,0.5,0,0,4,16,0.0,owlvit
AOI_2_Vegas_img4008,AOI_2_Vegas,AOI_2_Vegas:-11521:3617,test,owlvit,area,fixed,2.4,0.5,0,0,4,11,0.0,owlvit
AOI_2_Vegas_img4008,AOI_2_Vegas,AOI_2_Vegas:-11521:3617,test,owlvit,area,fixed,3.6,0.5,0,0,4,11,0.0,owlvit
AOI_2_Vegas_img4008,AOI_2_Vegas,AOI_2_Vegas:-11521:3617,test,owlvit,area,fixed,5.0,0.5,0,0,4,12,0.0,owlvit
AOI_2_Vegas_img4008,AOI_2_Vegas,AOI_2_Vegas:-11521:3617,test,owlvit,area,fixed,10.0,0.5,0,0,4,1,0.0,owlvit
AOI_2_Vegas_img4012,AOI_2_Vegas,AOI_2_Vegas:-11521:3618,test,owlvit,area,fixed,0.3,0.5,0,0,0,0,0.0,owlvit
AOI_2_Vegas_img4012,AOI_2_Vegas,AOI_2_Vegas:-11521:3618,test,owlvit,area,fixed,0.45,0.5,0,0,0,0,0.0,owlvit
AOI_2_Vegas_img4012,AOI_2_Vegas,AOI_2_Vegas:-11521:3618,test,owlvit,area,fixed,0.6,0.5,0,0,0,0,0.0,owlvit
AOI_2_Vegas_img4012,AOI_2_Vegas,AOI_2_Vegas:-11521:3618,test,owlvit,area,fixed,0.9,0.5,0,0,0,0,0.0,owlvit
AOI_2_Vegas_img4012,AOI_2_Vegas,AOI_2_Vegas:-11521:3618,test,owlvit,area,fixed,1.2,0.5,0,0,0,0,0.0,owlvit
AOI_2_Vegas_img4012,AOI_2_Vegas,AOI_2_Vegas:-11521:3618,test,owlvit,area,fixed,1.8,0.5,0,0,0,0,0.0,owlvit
AOI_2_Vegas_img4012,AOI_2_Vegas,AOI_2_Vegas:-11521:3618,test,owlvit,area,fixed,2.4,0.5,0,0,0,0,0.0,owlvit
AOI_2_Vegas_img4012,AOI_2_Vegas,AOI_2_Vegas:-11521:3618,test,owlvit,area,fixed,3.6,0.5,0,0,0,0,0.0,owlvit
AOI_2_Vegas_img4012,AOI_2_Vegas,AOI_2_Vegas:-11521:3618,test,owlvit,area,fixed,5.0,0.5,0,0,0,0,0.0,owlvit
AOI_2_Vegas_img4012,AOI_2_Vegas,AOI_2_Vegas:-11521:3618,test,owlvit,area,fixed,10.0,0.5,0,0,0,0,0.0,owlvit
AOI_2_Vegas_img4113,AOI_2_Vegas,AOI_2_Vegas:-11521:3622,test,owlvit,area,fixed,0.3,0.5,20,40,41,35,0.55,owlvit
AOI_2_Vegas_img4113,AOI_2_Vegas,AOI_2_Vegas:-11521:3622,test,owlvit,area,fixed,0.45,0.5,13,25,41,25,0.8,owlvit
AOI_2_Vegas_img4113,AOI_2_Vegas,AOI_2_Vegas:-11521:3622,test,owlvit,area,fixed,0.6,0.5,14,26,41,28,0.55,owlvit
AOI_2_Vegas_img4113,AOI_2_Vegas,AOI_2_Vegas:-11521:3622,test,owlvit,area,fixed,0.9,0.5,6,12,41,22,0.3,owlvit
AOI_2_Vegas_img4113,AOI_2_Vegas,AOI_2_Vegas:-11521:3622,test,owlvit,area,fixed,1.2,0.5,5,10,41,13,0.25,owlvit
AOI_2_Vegas_img4113,AOI_2_Vegas,AOI_2_Vegas:-11521:3622,test,owlvit,area,fixed,1.8,0.5,1,1,41,9,0.0,owlvit
AOI_2_Vegas_img4113,AOI_2_Vegas,AOI_2_Vegas:-11521:3622,test,owlvit,area,fixed,2.4,0.5,1,1,41,5,0.0,owlvit
AOI_2_Vegas_img4113,AOI_2_Vegas,AOI_2_Vegas:-11521:3622,test,owlvit,area,fixed,3.6,0.5,0,0,41,4,0.0,owlvit
AOI_2_Vegas_img4113,AOI_2_Vegas,AOI_2_Vegas:-11521:3622,test,owlvit,area,fixed,5.0,0.5,0,0,41,1,0.0,owlvit
AOI_2_Vegas_img4113,AOI_2_Vegas,AOI_2_Vegas:-11521:3622,test,owlvit,area,fixed,10.0,0.5,0,0,41,1,0.0,owlvit
AOI_2_Vegas_img4146,AOI_2_Vegas,AOI_2_Vegas:-11521:3614,test,owlvit,area,fixed,0.3,0.5,18,69,66,35,1.55,owlvit
AOI_2_Vegas_img4146,AOI_2_Vegas,AOI_2_Vegas:-11521:3614,test,owlvit,area,fixed,0.45,0.5,21,69,66,40,1.95,owlvit
AOI_2_Vegas_img4146,AOI_2_Vegas,AOI_2_Vegas:-11521:3614,test,owlvit,area,fixed,0.6,0.5,21,62,66,46,2.05,owlvit
AOI_2_Vegas_img4146,AOI_2_Vegas,AOI_2_Vegas:-11521:3614,test,owlvit,area,fixed,0.9,0.5,18,55,66,44,1.8,owlvit
AOI_2_Vegas_img4146,AOI_2_Vegas,AOI_2_Vegas:-11521:3614,test,owlvit,area,fixed,1.2,0.5,14,61,66,43,1.75,owlvit
AOI_2_Vegas_img4146,AOI_2_Vegas,AOI_2_Vegas:-11521:3614,test,owlvit,area,fixed,1.8,0.5,9,31,66,35,0.8,owlvit
AOI_2_Vegas_img4146,AOI_2_Vegas,AOI_2_Vegas:-11521:3614,test,owlvit,area,fixed,2.4,0.5,1,10,66,30,0.3,owlvit
AOI_2_Vegas_img4146,AOI_2_Vegas,AOI_2_Vegas:-11521:3614,test,owlvit,area,fixed,3.6,0.5,0,0,66,9,0.0,owlvit
AOI_2_Vegas_img4146,AOI_2_Vegas,AOI_2_Vegas:-11521:3614,test,owlvit,area,fixed,5.0,0.5,0,0,66,2,0.0,owlvit
AOI_2_Vegas_img4146,AOI_2_Vegas,AOI_2_Vegas:-11521:3614,test,owlvit,area,fixed,10.0,0.5,0,0,66,0,0.0,owlvit
AOI_2_Vegas_img4155,AOI_2_Vegas,AOI_2_Vegas:-11521:3615,test,owlvit,area,fixed,0.3,0.5,0,3,1,17,0.0,owlvit
AOI_2_Vegas_img4155,AOI_2_Vegas,AOI_2_Vegas:-11521:3615,test,owlvit,area,fixed,0.45,0.5,0,2,1,14,0.0,owlvit
AOI_2_Vegas_img4155,AOI_2_Vegas,AOI_2_Vegas:-11521:3615,test,owlvit,area,fixed,0.6,0.5,0,2,1,14,0.0,owlvit
AOI_2_Vegas_img4155,AOI_2_Vegas,AOI_2_Vegas:-11521:3615,test,owlvit,area,fixed,0.9,0.5,0,2,1,12,0.0,owlvit
AOI_2_Vegas_img4155,AOI_2_Vegas,AOI_2_Vegas:-11521:3615,test,owlvit,area,fixed,1.2,0.5,0,1,1,14,0.0,owlvit
AOI_2_Vegas_img4155,AOI_2_Vegas,AOI_2_Vegas:-11521:3615,test,owlvit,area,fixed,1.8,0.5,0,1,1,8,0.0,owlvit
AOI_2_Vegas_img4155,AOI_2_Vegas,AOI_2_Vegas:-11521:3615,test,owlvit,area,fixed,2.4,0.5,0,1,1,9,0.0,owlvit
AOI_2_Vegas_img4155,AOI_2_Vegas,AOI_2_Vegas:-11521:3615,test,owlvit,area,fixed,3.6,0.5,0,1,1,9,0.0,owlvit
AOI_2_Vegas_img4155,AOI_2_Vegas,AOI_2_Vegas:-11521:3615,test,owlvit,area,fixed,5.0,0.5,0,1,1,9,0.0,owlvit
AOI_2_Vegas_img4155,AOI_2_Vegas,AOI_2_Vegas:-11521:3615,test,owlvit,area,fixed,10.0,0.5,0,0,1,1,0.0,owlvit
AOI_2_Vegas_img416,AOI_2_Vegas,AOI_2_Vegas:-11530:3616,test,owlvit,area,fixed,0.3,0.5,2,20,18,22,0.15,owlvit
AOI_2_Vegas_img416,AOI_2_Vegas,AOI_2_Vegas:-11530:3616,test,owlvit,area,fixed,0.45,0.5,0,17,18,20,0.15,owlvit
AOI_2_Vegas_img416,AOI_2_Vegas,AOI_2_Vegas:-11530:3616,test,owlvit,area,fixed,0.6,0.5,0,16,18,21,0.2,owlvit
AOI_2_Vegas_img416,AOI_2_Vegas,AOI_2_Vegas:-11530:3616,test,owlvit,area,fixed,0.9,0.5,1,16,18,25,0.05,owlvit
AOI_2_Vegas_img416,AOI_2_Vegas,AOI_2_Vegas:-11530:3616,test,owlvit,area,fixed,1.2,0.5,2,14,18,24,0.2,owlvit
AOI_2_Vegas_img416,AOI_2_Vegas,AOI_2_Vegas:-11530:3616,test,owlvit,area,fixed,1.8,0.5,3,19,18,25,0.15,owlvit
AOI_2_Vegas_img416,AOI_2_Vegas,AOI_2_Vegas:-11530:3616,test,owlvit,area,fixed,2.4,0.5,0,5,18,12,0.1,owlvit
AOI_2_Vegas_img416,AOI_2_Vegas,AOI_2_Vegas:-11530:3616,test,owlvit,area,fixed,3.6,0.5,0,0,18,3,0.0,owlvit
AOI_2_Vegas_img416,AOI_2_Vegas,AOI_2_Vegas:-11530:3616,test,owlvit,area,fixed,5.0,0.5,0,0,18,1,0.0,owlvit
AOI_2_Vegas_img416,AOI_2_Vegas,AOI_2_Vegas:-11530:3616,test,owlvit,area,fixed,10.0,0.5,0,0,18,0,0.0,owlvit
AOI_2_Vegas_img4169,AOI_2_Vegas,AOI_2_Vegas:-11521:3618,test,owlvit,area,fixed,0.3,0.5,0,0,0,0,0.0,owlvit
AOI_2_Vegas_img4169,AOI_2_Vegas,AOI_2_Vegas:-11521:3618,test,owlvit,area,fixed,0.45,0.5,0,0,0,0,0.0,owlvit
AOI_2_Vegas_img4169,AOI_2_Vegas,AOI_2_Vegas:-11521:3618,test,owlvit,area,fixed,0.6,0.5,0,0,0,0,0.0,owlvit
AOI_2_Vegas_img4169,AOI_2_Vegas,AOI_2_Vegas:-11521:3618,test,owlvit,area,fixed,0.9,0.5,0,0,0,0,0.0,owlvit
AOI_2_Vegas_img4169,AOI_2_Vegas,AOI_2_Vegas:-11521:3618,test,owlvit,area,fixed,1.2,0.5,0,0,0,0,0.0,owlvit
AOI_2_Vegas_img4169,AOI_2_Vegas,AOI_2_Vegas:-11521:3618,test,owlvit,area,fixed,1.8,0.5,0,0,0,0,0.0,owlvit
AOI_2_Vegas_img4169,AOI_2_Vegas,AOI_2_Vegas:-11521:3618,test,owlvit,area,fixed,2.4,0.5,0,0,0,0,0.0,owlvit
AOI_2_Vegas_img4169,AOI_2_Vegas,AOI_2_Vegas:-11521:3618,test,owlvit,area,fixed,3.6,0.5,0,0,0,0,0.0,owlvit
AOI_2_Vegas_img4169,AOI_2_Vegas,AOI_2_Vegas:-11521:3618,test,owlvit,area,fixed,5.0,0.5,0,0,0,0,0.0,owlvit
AOI_2_Vegas_img4169,AOI_2_Vegas,AOI_2_Vegas:-11521:3618,test,owlvit,area,fixed,10.0,0.5,0,0,0,0,0.0,owlvit
AOI_2_Vegas_img4176,AOI_2_Vegas,AOI_2_Vegas:-11521:3619,test,owlvit,area,fixed,0.3,0.5,19,63,63,34,2.05,owlvit
AOI_2_Vegas_img4176,AOI_2_Vegas,AOI_2_Vegas:-11521:3619,test,owlvit,area,fixed,0.45,0.5,22,54,63,31,2.1,owlvit
AOI_2_Vegas_img4176,AOI_2_Vegas,AOI_2_Vegas:-11521:3619,test,owlvit,area,fixed,0.6,0.5,23,60,63,33,1.7,owlvit
AOI_2_Vegas_img4176,AOI_2_Vegas,AOI_2_Vegas:-11521:3619,test,owlvit,area,fixed,0.9,0.5,20,51,63,39,1.55,owlvit
AOI_2_Vegas_img4176,AOI_2_Vegas,AOI_2_Vegas:-11521:3619,test,owlvit,area,fixed,1.2,0.5,18,43,63,30,1.35,owlvit
AOI_2_Vegas_img4176,AOI_2_Vegas,AOI_2_Vegas:-11521:3619,test,owlvit,area,fixed,1.8,0.5,7,21,63,32,0.5,owlvit
AOI_2_Vegas_img4176,AOI_2_Vegas,AOI_2_Vegas:-11521:3619,test,owlvit,area,fixed,2.4,0.5,6,13,63,29,0.35,owlvit
AOI_2_Vegas_img4176,AOI_2_Vegas,AOI_2_Vegas:-11521:3619,test,owlvit,area,fixed,3.6,0.5,0,0,63,6,0.0,owlvit
AOI_2_Vegas_img4176,AOI_2_Vegas,AOI_2_Vegas:-11521:3619,test,owlvit,area,fixed,5.0,0.5,0,0,63,2,0.0,owlvit
AOI_2_Vegas_img4176,AOI_2_Vegas,AOI_2_Vegas:-11521:3619,test,owlvit,area,fixed,10.0,0.5,0,0,63,0,0.0,owlvit
AOI_2_Vegas_img4187,AOI_2_Vegas,AOI_2_Vegas:-11521:3621,test,owlvit,area,fixed,0.3,0.5,0,0,0,1,0.0,owlvit
AOI_2_Vegas_img4187,AOI_2_Vegas,AOI_2_Vegas:-11521:3621,test,owlvit,area,fixed,0.45,0.5,0,0,0,1,0.0,owlvit
AOI_2_Vegas_img4187,AOI_2_Vegas,AOI_2_Vegas:-11521:3621,test,owlvit,area,fixed,0.6,0.5,0,0,0,2,0.0,owlvit
AOI_2_Vegas_img4187,AOI_2_Vegas,AOI_2_Vegas:-11521:3621,test,owlvit,area,fixed,0.9,0.5,0,0,0,1,0.0,owlvit
AOI_2_Vegas_img4187,AOI_2_Vegas,AOI_2_Vegas:-11521:3621,test,owlvit,area,fixed,1.2,0.5,0,0,0,1,0.0,owlvit
AOI_2_Vegas_img4187,AOI_2_Vegas,AOI_2_Vegas:-11521:3621,test,owlvit,area,fixed,1.8,0.5,0,0,0,0,0.0,owlvit
AOI_2_Vegas_img4187,AOI_2_Vegas,AOI_2_Vegas:-11521:3621,test,owlvit,area,fixed,2.4,0.5,0,0,0,0,0.0,owlvit
AOI_2_Vegas_img4187,AOI_2_Vegas,AOI_2_Vegas:-11521:3621,test,owlvit,area,fixed,3.6,0.5,0,0,0,0,0.0,owlvit
AOI_2_Vegas_img4187,AOI_2_Vegas,AOI_2_Vegas:-11521:3621,test,owlvit,area,fixed,5.0,0.5,0,0,0,0,0.0,owlvit
AOI_2_Vegas_img4187,AOI_2_Vegas,AOI_2_Vegas:-11521:3621,test,owlvit,area,fixed,10.0,0.5,0,0,0,0,0.0,owlvit
AOI_2_Vegas_img4206,AOI_2_Vegas,AOI_2_Vegas:-11521:3624,test,owlvit,area,fixed,0.3,0.5,14,87,47,35,1.45,owlvit
AOI_2_Vegas_img4206,AOI_2_Vegas,AOI_2_Vegas:-11521:3624,test,owlvit,area,fixed,0.45,0.5,13,81,47,37,1.6,owlvit
AOI_2_Vegas_img4206,AOI_2_Vegas,AOI_2_Vegas:-11521:3624,test,owlvit,area,fixed,0.6,0.5,14,81,47,32,1.6,owlvit
AOI_2_Vegas_img4206,AOI_2_Vegas,AOI_2_Vegas:-11521:3624,test,owlvit,area,fixed,0.9,0.5,15,69,47,35,1.2,owlvit
AOI_2_Vegas_img4206,AOI_2_Vegas,AOI_2_Vegas:-11521:3624,test,owlvit,area,fixed,1.2,0.5,16,46,47,39,0.85,owlvit
AOI_2_Vegas_img4206,AOI_2_Vegas,AOI_2_Vegas:-11521:3624,test,owlvit,area,fixed,1.8,0.5,11,35,47,27,0.75,owlvit
AOI_2_Vegas_img4206,AOI_2_Vegas,AOI_2_Vegas:-11521:3624,test,owlvit,area,fixed,2.4,0.5,7,11,47,17,0.25,owlvit
AOI_2_Vegas_img4206,AOI_2_Vegas,AOI_2_Vegas:-11521:3624,test,owlvit,area,fixed,3.6,0.5,0,1,47,7,0.0,owlvit
AOI_2_Vegas_img4206,AOI_2_Vegas,AOI_2_Vegas:-11521:3624,test,owlvit,area,fixed,5.0,0.5,1,1,47,4,0.0,owlvit
AOI_2_Vegas_img4206,AOI_2_Vegas,AOI_2_Vegas:-11521:3624,test,owlvit,area,fixed,10.0,0.5,0,0,47,0,0.0,owlvit
AOI_2_Vegas_img4218,AOI_2_Vegas,AOI_2_Vegas:-11520:3612,test,owlvit,area,fixed,0.3,0.5,3,77,26,60,0.25,owlvit
AOI_2_Vegas_img4218,AOI_2_Vegas,AOI_2_Vegas:-11520:3612,test,owlvit,area,fixed,0.45,0.5,4,69,26,54,0.15,owlvit
AOI_2_Vegas_img4218,AOI_2_Vegas,AOI_2_Vegas:-11520:3612,test,owlvit,area,fixed,0.6,0.5,3,64,26,49,0.35,owlvit
AOI_2_Vegas_img4218,AOI_2_Vegas,AOI_2_Vegas:-11520:3612,test,owlvit,area,fixed,0.9,0.5,2,40,26,40,0.05,owlvit
AOI_2_Vegas_img4218,AOI_2_Vegas,AOI_2_Vegas:-11520:3612,test,owlvit,area,fixed,1.2,0.5,1,34,26,37,0.05,owlvit
AOI_2_Vegas_img4218,AOI_2_Vegas,AOI_2_Vegas:-11520:3612,test,owlvit,area,fixed,1.8,0.5,1,9,26,24,0.0,owlvit
AOI_2_Vegas_img4218,AOI_2_Vegas,AOI_2_Vegas:-11520:3612,test,owlvit,area,fixed,2.4,0.5,0,0,26,16,0.0,owlvit
AOI_2_Vegas_img4218,AOI_2_Vegas,AOI_2_Vegas:-11520:3612,test,owlvit,area,fixed,3.6,0.5,0,0,26,5,0.0,owlvit
AOI_2_Vegas_img4218,AOI_2_Vegas,AOI_2_Vegas:-11520:3612,test,owlvit,area,fixed,5.0,0.5,0,0,26,13,0.0,owlvit
AOI_2_Vegas_img4218,AOI_2_Vegas,AOI_2_Vegas:-11520:3612,test,owlvit,area,fixed,10.0,0.5,0,0,26,2,0.0,owlvit
AOI_2_Vegas_img4238,AOI_2_Vegas,AOI_2_Vegas:-11520:3616,test,owlvit,area,fixed,0.3,0.5,17,112,77,31,2.25,owlvit
AOI_2_Vegas_img4238,AOI_2_Vegas,AOI_2_Vegas:-11520:3616,test,owlvit,area,fixed,0.45,0.5,19,111,77,29,3.0,owlvit
AOI_2_Vegas_img4238,AOI_2_Vegas,AOI_2_Vegas:-11520:3616,test,owlvit,area,fixed,0.6,0.5,17,103,77,33,2.1,owlvit
AOI_2_Vegas_img4238,AOI_2_Vegas,AOI_2_Vegas:-11520:3616,test,owlvit,area,fixed,0.9,0.5,17,85,77,34,1.4,owlvit
AOI_2_Vegas_img4238,AOI_2_Vegas,AOI_2_Vegas:-11520:3616,test,owlvit,area,fixed,1.2,0.5,13,84,77,29,1.3,owlvit
AOI_2_Vegas_img4238,AOI_2_Vegas,AOI_2_Vegas:-11520:3616,test,owlvit,area,fixed,1.8,0.5,13,46,77,24,0.75,owlvit
AOI_2_Vegas_img4238,AOI_2_Vegas,AOI_2_Vegas:-11520:3616,test,owlvit,area,fixed,2.4,0.5,2,4,77,10,0.0,owlvit
AOI_2_Vegas_img4238,AOI_2_Vegas,AOI_2_Vegas:-11520:3616,test,owlvit,area,fixed,3.6,0.5,0,0,77,7,0.0,owlvit
AOI_2_Vegas_img4238,AOI_2_Vegas,AOI_2_Vegas:-11520:3616,test,owlvit,area,fixed,5.0,0.5,0,0,77,6,0.0,owlvit
AOI_2_Vegas_img4238,AOI_2_Vegas,AOI_2_Vegas:-11520:3616,test,owlvit,area,fixed,10.0,0.5,0,0,77,0,0.0,owlvit
AOI_2_Vegas_img4249,AOI_2_Vegas,AOI_2_Vegas:-11520:3618,test,owlvit,area,fixed,0.3,0.5,0,25,1,19,0.0,owlvit
AOI_2_Vegas_img4249,AOI_2_Vegas,AOI_2_Vegas:-11520:3618,test,owlvit,area,fixed,0.45,0.5,0,18,1,18,0.0,owlvit
AOI_2_Vegas_img4249,AOI_2_Vegas,AOI_2_Vegas:-11520:3618,test,owlvit,area,fixed,0.6,0.5,0,16,1,18,0.0,owlvit
AOI_2_Vegas_img4249,AOI_2_Vegas,AOI_2_Vegas:-11520:3618,test,owlvit,area,fixed,0.9,0.5,0,8,1,20,0.0,owlvit
AOI_2_Vegas_img4249,AOI_2_Vegas,AOI_2_Vegas:-11520:3618,test,owlvit,area,fixed,1.2,0.5,0,8,1,22,0.0,owlvit
AOI_2_Vegas_img4249,AOI_2_Vegas,AOI_2_Vegas:-11520:3618,test,owlvit,area,fixed,1.8,0.5,0,7,1,20,0.0,owlvit
AOI_2_Vegas_img4249,AOI_2_Vegas,AOI_2_Vegas:-11520:3618,test,owlvit,area,fixed,2.4,0.5,0,5,1,19,0.0,owlvit
AOI_2_Vegas_img4249,AOI_2_Vegas,AOI_2_Vegas:-11520:3618,test,owlvit,area,fixed,3.6,0.5,0,0,1,9,0.0,owlvit
AOI_2_Vegas_img4249,AOI_2_Vegas,AOI_2_Vegas:-11520:3618,test,owlvit,area,fixed,5.0,0.5,0,0,1,1,0.0,owlvit
AOI_2_Vegas_img4249,AOI_2_Vegas,AOI_2_Vegas:-11520:3618,test,owlvit,area,fixed,10.0,0.5,0,0,1,0,0.0,owlvit
AOI_2_Vegas_img4264,AOI_2_Vegas,AOI_2_Vegas:-11520:3620,test,owlvit,area,fixed,0.3,0.5,0,26,7,23,0.0,owlvit
AOI_2_Vegas_img4264,AOI_2_Vegas,AOI_2_Vegas:-11520:3620,test,owlvit,area,fixed,0.45,0.5,0,18,7,25,0.0,owlvit
AOI_2_Vegas_img4264,AOI_2_Vegas,AOI_2_Vegas:-11520:3620,test,owlvit,area,fixed,0.6,0.5,0,17,7,22,0.0,owlvit
AOI_2_Vegas_img4264,AOI_2_Vegas,AOI_2_Vegas:-11520:3620,test,owlvit,area,fixed,0.9,0.5,0,17,7,22,0.0,owlvit
AOI_2_Vegas_img4264,AOI_2_Vegas,AOI_2_Vegas:-11520:3620,test,owlvit,area,fixed,1.2,0.5,0,13,7,19,0.0,owlvit
AOI_2_Vegas_img4264,AOI_2_Vegas,AOI_2_Vegas:-11520:3620,test,owlvit,area,fixed,1.8,0.5,0,13,7,22,0.05,owlvit
AOI_2_Vegas_img4264,AOI_2_Vegas,AOI_2_Vegas:-11520:3620,test,owlvit,area,fixed,2.4,0.5,0,16,7,27,0.0,owlvit
AOI_2_Vegas_img4264,AOI_2_Vegas,AOI_2_Vegas:-11520:3620,test,owlvit,area,fixed,3.6,0.5,0,1,7,7,0.0,owlvit
AOI_2_Vegas_img4264,AOI_2_Vegas,AOI_2_Vegas:-11520:3620,test,owlvit,area,fixed,5.0,0.5,0,0,7,0,0.0,owlvit
AOI_2_Vegas_img4264,AOI_2_Vegas,AOI_2_Vegas:-11520:3620,test,owlvit,area,fixed,10.0,0.5,0,0,7,0,0.0,owlvit
AOI_2_Vegas_img4266,AOI_2_Vegas,AOI_2_Vegas:-11520:3621,test,owlvit,area,fixed,0.3,0.5,0,2,0,15,0.0,owlvit
AOI_2_Vegas_img4266,AOI_2_Vegas,AOI_2_Vegas:-11520:3621,test,owlvit,area,fixed,0.45,0.5,0,3,0,16,0.0,owlvit
AOI_2_Vegas_img4266,AOI_2_Vegas,AOI_2_Vegas:-11520:3621,test,owlvit,area,fixed,0.6,0.5,0,2,0,18,0.0,owlvit
AOI_2_Vegas_img4266,AOI_2_Vegas,AOI_2_Vegas:-11520:3621,test,owlvit,area,fixed,0.9,0.5,0,1,0,9,0.0,owlvit
AOI_2_Vegas_img4266,AOI_2_Vegas,AOI_2_Vegas:-11520:3621,test,owlvit,area,fixed,1.2,0.5,0,0,0,6,0.0,owlvit
AOI_2_Vegas_img4266,AOI_2_Vegas,AOI_2_Vegas:-11520:3621,test,owlvit,area,fixed,1.8,0.5,0,0,0,1,0.0,owlvit
AOI_2_Vegas_img4266,AOI_2_Vegas,AOI_2_Vegas:-11520:3621,test,owlvit,area,fixed,2.4,0.5,0,0,0,2,0.0,owlvit
AOI_2_Vegas_img4266,AOI_2_Vegas,AOI_2_Vegas:-11520:3621,test,owlvit,area,fixed,3.6,0.5,0,2,0,9,0.0,owlvit
AOI_2_Vegas_img4266,AOI_2_Vegas,AOI_2_Vegas:-11520:3621,test,owlvit,area,fixed,5.0,0.5,0,2,0,25,0.0,owlvit
AOI_2_Vegas_img4266,AOI_2_Vegas,AOI_2_Vegas:-11520:3621,test,owlvit,area,fixed,10.0,0.5,0,0,0,2,0.0,owlvit
AOI_2_Vegas_img4279,AOI_2_Vegas,AOI_2_Vegas:-11520:3623,test,owlvit,area,fixed,0.3,0.5,19,104,58,35,2.7,owlvit
AOI_2_Vegas_img4279,AOI_2_Vegas,AOI_2_Vegas:-11520:3623,test,owlvit,area,fixed,0.45,0.5,16,99,58,31,2.15,owlvit
AOI_2_Vegas_img4279,AOI_2_Vegas,AOI_2_Vegas:-11520:3623,test,owlvit,area,fixed,0.6,0.5,17,97,58,29,2.2,owlvit
AOI_2_Vegas_img4279,AOI_2_Vegas,AOI_2_Vegas:-11520:3623,test,owlvit,area,fixed,0.9,0.5,13,86,58,32,1.85,owlvit
AOI_2_Vegas_img4279,AOI_2_Vegas,AOI_2_Vegas:-11520:3623,test,owlvit,area,fixed,1.2,0.5,14,60,58,31,1.9,owlvit
AOI_2_Vegas_img4279,AOI_2_Vegas,AOI_2_Vegas:-11520:3623,test,owlvit,area,fixed,1.8,0.5,1,12,58,13,0.15,owlvit
AOI_2_Vegas_img4279,AOI_2_Vegas,AOI_2_Vegas:-11520:3623,test,owlvit,area,fixed,2.4,0.5,0,0,58,7,0.0,owlvit
AOI_2_Vegas_img4279,AOI_2_Vegas,AOI_2_Vegas:-11520:3623,test,owlvit,area,fixed,3.6,0.5,0,0,58,6,0.0,owlvit
AOI_2_Vegas_img4279,AOI_2_Vegas,AOI_2_Vegas:-11520:3623,test,owlvit,area,fixed,5.0,0.5,0,0,58,8,0.0,owlvit
AOI_2_Vegas_img4279,AOI_2_Vegas,AOI_2_Vegas:-11520:3623,test,owlvit,area,fixed,10.0,0.5,0,0,58,0,0.0,owlvit
AOI_2_Vegas_img4287,AOI_2_Vegas,AOI_2_Vegas:-11520:3625,test,owlvit,area,fixed,0.3,0.5,18,88,56,32,2.6,owlvit
AOI_2_Vegas_img4287,AOI_2_Vegas,AOI_2_Vegas:-11520:3625,test,owlvit,area,fixed,0.45,0.5,20,89,56,32,2.85,owlvit
AOI_2_Vegas_img4287,AOI_2_Vegas,AOI_2_Vegas:-11520:3625,test,owlvit,area,fixed,0.6,0.5,19,84,56,33,3.1,owlvit
AOI_2_Vegas_img4287,AOI_2_Vegas,AOI_2_Vegas:-11520:3625,test,owlvit,area,fixed,0.9,0.5,15,70,56,23,2.65,owlvit
AOI_2_Vegas_img4287,AOI_2_Vegas,AOI_2_Vegas:-11520:3625,test,owlvit,area,fixed,1.2,0.5,15,56,56,20,1.95,owlvit
AOI_2_Vegas_img4287,AOI_2_Vegas,AOI_2_Vegas:-11520:3625,test,owlvit,area,fixed,1.8,0.5,7,35,56,18,1.25,owlvit
AOI_2_Vegas_img4287,AOI_2_Vegas,AOI_2_Vegas:-11520:3625,test,owlvit,area,fixed,2.4,0.5,4,9,56,12,0.3,owlvit
AOI_2_Vegas_img4287,AOI_2_Vegas,AOI_2_Vegas:-11520:3625,test,owlvit,area,fixed,3.6,0.5,1,1,56,5,0.0,owlvit
AOI_2_Vegas_img4287,AOI_2_Vegas,AOI_2_Vegas:-11520:3625,test,owlvit,area,fixed,5.0,0.5,0,0,56,5,0.0,owlvit
AOI_2_Vegas_img4287,AOI_2_Vegas,AOI_2_Vegas:-11520:3625,test,owlvit,area,fixed,10.0,0.5,0,0,56,0,0.0,owlvit
AOI_2_Vegas_img4316,AOI_2_Vegas,AOI_2_Vegas:-11520:3616,test,owlvit,area,fixed,0.3,0.5,17,94,57,24,2.0,owlvit
AOI_2_Vegas_img4316,AOI_2_Vegas,AOI_2_Vegas:-11520:3616,test,owlvit,area,fixed,0.45,0.5,17,90,57,25,2.25,owlvit
AOI_2_Vegas_img4316,AOI_2_Vegas,AOI_2_Vegas:-11520:3616,test,owlvit,area,fixed,0.6,0.5,16,91,57,26,1.45,owlvit
AOI_2_Vegas_img4316,AOI_2_Vegas,AOI_2_Vegas:-11520:3616,test,owlvit,area,fixed,0.9,0.5,16,76,57,25,1.4,owlvit
AOI_2_Vegas_img4316,AOI_2_Vegas,AOI_2_Vegas:-11520:3616,test,owlvit,area,fixed,1.2,0.5,12,56,57,29,1.45,owlvit
AOI_2_Vegas_img4316,AOI_2_Vegas,AOI_2_Vegas:-11520:3616,test,owlvit,area,fixed,1.8,0.5,7,27,57,17,0.5,owlvit
AOI_2_Vegas_img4316,AOI_2_Vegas,AOI_2_Vegas:-11520:3616,test,owlvit,area,fixed,2.4,0.5,0,8,57,11,0.15,owlvit
AOI_2_Vegas_img4316,AOI_2_Vegas,AOI_2_Vegas:-11520:3616,test,owlvit,area,fixed,3.6,0.5,0,0,57,3,0.0,owlvit
AOI_2_Vegas_img4316,AOI_2_Vegas,AOI_2_Vegas:-11520:3616,test,owlvit,area,fixed,5.0,0.5,0,0,57,5,0.0,owlvit
AOI_2_Vegas_img4316,AOI_2_Vegas,AOI_2_Vegas:-11520:3616,test,owlvit,area,fixed,10.0,0.5,0,0,57,0,0.0,owlvit
AOI_2_Vegas_img4325,AOI_2_Vegas,AOI_2_Vegas:-11520:3617,test,owlvit,area,fixed,0.3,0.5,12,64,57,28,1.8,owlvit
AOI_2_Vegas_img4325,AOI_2_Vegas,AOI_2_Vegas:-11520:3617,test,owlvit,area,fixed,0.45,0.5,13,61,57,26,2.15,owlvit
AOI_2_Vegas_img4325,AOI_2_Vegas,AOI_2_Vegas:-11520:3617,test,owlvit,area,fixed,0.6,0.5,15,67,57,25,2.35,owlvit
AOI_2_Vegas_img4325,AOI_2_Vegas,AOI_2_Vegas:-11520:3617,test,owlvit,area,fixed,0.9,0.5,12,57,57,22,1.65,owlvit
AOI_2_Vegas_img4325,AOI_2_Vegas,AOI_2_Vegas:-11520:3617,test,owlvit,area,fixed,1.2,0.5,6,44,57,23,1.4,owlvit
AOI_2_Vegas_img4325,AOI_2_Vegas,AOI_2_Vegas:-11520:3617,test,owlvit,area,fixed,1.8,0.5,4,38,57,30,1.2,owlvit
AOI_2_Vegas_img4325,AOI_2_Vegas,AOI_2_Vegas:-11520:3617,test,owlvit,area,fixed,2.4,0.5,0,5,57,22,0.0,owlvit
AOI_2_Vegas_img4325,AOI_2_Vegas,AOI_2_Vegas:-11520:3617,test,owlvit,area,fixed,3.6,0.5,0,0,57,6,0.0,owlvit
AOI_2_Vegas_img4325,AOI_2_Vegas,AOI_2_Vegas:-11520:3617,test,owlvit,area,fixed,5.0,0.5,0,0,57,2,0.0,owlvit
AOI_2_Vegas_img4325,AOI_2_Vegas,AOI_2_Vegas:-11520:3617,test,owlvit,area,fixed,10.0,0.5,0,0,57,0,0.0,owlvit
AOI_2_Vegas_img4329,AOI_2_Vegas,AOI_2_Vegas:-11520:3618,test,owlvit,area,fixed,0.3,0.5,0,0,0,0,0.0,owlvit
AOI_2_Vegas_img4329,AOI_2_Vegas,AOI_2_Vegas:-11520:3618,test,owlvit,area,fixed,0.45,0.5,0,0,0,0,0.0,owlvit
AOI_2_Vegas_img4329,AOI_2_Vegas,AOI_2_Vegas:-11520:3618,test,owlvit,area,fixed,0.6,0.5,0,0,0,0,0.0,owlvit
AOI_2_Vegas_img4329,AOI_2_Vegas,AOI_2_Vegas:-11520:3618,test,owlvit,area,fixed,0.9,0.5,0,0,0,0,0.0,owlvit
AOI_2_Vegas_img4329,AOI_2_Vegas,AOI_2_Vegas:-11520:3618,test,owlvit,area,fixed,1.2,0.5,0,0,0,0,0.0,owlvit
AOI_2_Vegas_img4329,AOI_2_Vegas,AOI_2_Vegas:-11520:3618,test,owlvit,area,fixed,1.8,0.5,0,0,0,0,0.0,owlvit
AOI_2_Vegas_img4329,AOI_2_Vegas,AOI_2_Vegas:-11520:3618,test,owlvit,area,fixed,2.4,0.5,0,0,0,0,0.0,owlvit
AOI_2_Vegas_img4329,AOI_2_Vegas,AOI_2_Vegas:-11520:3618,test,owlvit,area,fixed,3.6,0.5,0,0,0,0,0.0,owlvit
AOI_2_Vegas_img4329,AOI_2_Vegas,AOI_2_Vegas:-11520:3618,test,owlvit,area,fixed,5.0,0.5,0,0,0,0,0.0,owlvit
AOI_2_Vegas_img4329,AOI_2_Vegas,AOI_2_Vegas:-11520:3618,test,owlvit,area,fixed,10.0,0.5,0,0,0,0,0.0,owlvit
AOI_2_Vegas_img4331,AOI_2_Vegas,AOI_2_Vegas:-11520:3618,test,owlvit,area,fixed,0.3,0.5,6,27,23,36,0.25,owlvit
AOI_2_Vegas_img4331,AOI_2_Vegas,AOI_2_Vegas:-11520:3618,test,owlvit,area,fixed,0.45,0.5,6,30,23,30,0.3,owlvit
AOI_2_Vegas_img4331,AOI_2_Vegas,AOI_2_Vegas:-11520:3618,test,owlvit,area,fixed,0.6,0.5,4,27,23,38,0.35,owlvit
AOI_2_Vegas_img4331,AOI_2_Vegas,AOI_2_Vegas:-11520:3618,test,owlvit,area,fixed,0.9,0.5,4,21,23,41,0.35,owlvit
AOI_2_Vegas_img4331,AOI_2_Vegas,AOI_2_Vegas:-11520:3618,test,owlvit,area,fixed,1.2,0.5,6,19,23,39,0.15,owlvit
AOI_2_Vegas_img4331,AOI_2_Vegas,AOI_2_Vegas:-11520:3618,test,owlvit,area,fixed,1.8,0.5,4,12,23,31,0.15,owlvit
AOI_2_Vegas_img4331,AOI_2_Vegas,AOI_2_Vegas:-11520:3618,test,owlvit,area,fixed,2.4,0.5,3,4,23,13,0.05,owlvit
AOI_2_Vegas_img4331,AOI_2_Vegas,AOI_2_Vegas:-11520:3618,test,owlvit,area,fixed,3.6,0.5,0,0,23,5,0.0,owlvit
AOI_2_Vegas_img4331,AOI_2_Vegas,AOI_2_Vegas:-11520:3618,test,owlvit,area,fixed,5.0,0.5,1,1,23,6,0.0,owlvit
AOI_2_Vegas_img4331,AOI_2_Vegas,AOI_2_Vegas:-11520:3618,test,owlvit,area,fixed,10.0,0.5,0,0,23,0,0.0,owlvit
AOI_2_Vegas_img4337,AOI_2_Vegas,AOI_2_Vegas:-11520:3619,test,owlvit,area,fixed,0.3,0.5,7,69,25,61,0.45,owlvit
AOI_2_Vegas_img4337,AOI_2_Vegas,AOI_2_Vegas:-11520:3619,test,owlvit,area,fixed,0.45,0.5,6,72,25,56,0.35,owlvit
AOI_2_Vegas_img4337,AOI_2_Vegas,AOI_2_Vegas:-11520:3619,test,owlvit,area,fixed,0.6,0.5,7,73,25,59,0.25,owlvit
AOI_2_Vegas_img4337,AOI_2_Vegas,AOI_2_Vegas:-11520:3619,test,owlvit,area,fixed,0.9,0.5,7,70,25,54,0.3,owlvit
AOI_2_Vegas_img4337,AOI_2_Vegas,AOI_2_Vegas:-11520:3619,test,owlvit,area,fixed,1.2,0.5,5,67,25,51,0.5,owlvit
AOI_2_Vegas_img4337,AOI_2_Vegas,AOI_2_Vegas:-11520:3619,test,owlvit,area,fixed,1.8,0.5,5,47,25,57,0.2,owlvit
AOI_2_Vegas_img4337,AOI_2_Vegas,AOI_2_Vegas:-11520:3619,test,owlvit,area,fixed,2.4,0.5,3,29,25,57,0.2,owlvit
AOI_2_Vegas_img4337,AOI_2_Vegas,AOI_2_Vegas:-11520:3619,test,owlvit,area,fixed,3.6,0.5,2,9,25,21,0.1,owlvit
AOI_2_Vegas_img4337,AOI_2_Vegas,AOI_2_Vegas:-11520:3619,test,owlvit,area,fixed,5.0,0.5,0,1,25,2,0.05,owlvit
AOI_2_Vegas_img4337,AOI_2_Vegas,AOI_2_Vegas:-11520:3619,test,owlvit,area,fixed,10.0,0.5,0,0,25,0,0.0,owlvit
AOI_2_Vegas_img4353,AOI_2_Vegas,AOI_2_Vegas:-11520:3622,test,owlvit,area,fixed,0.3,0.5,14,37,23,25,0.55,owlvit
AOI_2_Vegas_img4353,AOI_2_Vegas,AOI_2_Vegas:-11520:3622,test,owlvit,area,fixed,0.45,0.5,11,40,23,28,0.65,owlvit
AOI_2_Vegas_img4353,AOI_2_Vegas,AOI_2_Vegas:-11520:3622,test,owlvit,area,fixed,0.6,0.5,11,34,23,29,0.75,owlvit
AOI_2_Vegas_img4353,AOI_2_Vegas,AOI_2_Vegas:-11520:3622,test,owlvit,area,fixed,0.9,0.5,10,34,23,33,0.7,owlvit
AOI_2_Vegas_img4353,AOI_2_Vegas,AOI_2_Vegas:-11520:3622,test,owlvit,area,fixed,1.2,0.5,5,26,23,27,0.55,owlvit
AOI_2_Vegas_img4353,AOI_2_Vegas,AOI_2_Vegas:-11520:3622,test,owlvit,area,fixed,1.8,0.5,5,11,23,20,0.4,owlvit
AOI_2_Vegas_img4353,AOI_2_Vegas,AOI_2_Vegas:-11520:3622,test,owlvit,area,fixed,2.4,0.5,4,8,23,16,0.25,owlvit
AOI_2_Vegas_img4353,AOI_2_Vegas,AOI_2_Vegas:-11520:3622,test,owlvit,area,fixed,3.6,0.5,1,3,23,7,0.15,owlvit
AOI_2_Vegas_img4353,AOI_2_Vegas,AOI_2_Vegas:-11520:3622,test,owlvit,area,fixed,5.0,0.5,0,0,23,11,0.0,owlvit
AOI_2_Vegas_img4353,AOI_2_Vegas,AOI_2_Vegas:-11520:3622,test,owlvit,area,fixed,10.0,0.5,0,0,23,6,0.0,owlvit
AOI_2_Vegas_img4369,AOI_2_Vegas,AOI_2_Vegas:-11520:3625,test,owlvit,area,fixed,0.3,0.5,20,42,45,23,1.45,owlvit
AOI_2_Vegas_img4369,AOI_2_Vegas,AOI_2_Vegas:-11520:3625,test,owlvit,area,fixed,0.45,0.5,17,47,45,24,1.35,owlvit
AOI_2_Vegas_img4369,AOI_2_Vegas,AOI_2_Vegas:-11520:3625,test,owlvit,area,fixed,0.6,0.5,20,50,45,26,1.3,owlvit
AOI_2_Vegas_img4369,AOI_2_Vegas,AOI_2_Vegas:-11520:3625,test,owlvit,area,fixed,0.9,0.5,14,53,45,24,1.7,owlvit
AOI_2_Vegas_img4369,AOI_2_Vegas,AOI_2_Vegas:-11520:3625,test,owlvit,area,fixed,1.2,0.5,10,37,45,26,1.25,owlvit
AOI_2_Vegas_img4369,AOI_2_Vegas,AOI_2_Vegas:-11520:3625,test,owlvit,area,fixed,1.8,0.5,5,22,45,13,0.35,owlvit
AOI_2_Vegas_img4369,AOI_2_Vegas,AOI_2_Vegas:-11520:3625,test,owlvit,area,fixed,2.4,0.5,1,1,45,2,0.0,owlvit
AOI_2_Vegas_img4369,AOI_2_Vegas,AOI_2_Vegas:-11520:3625,test,owlvit,area,fixed,3.6,0.5,0,0,45,2,0.0,owlvit
AOI_2_Vegas_img4369,AOI_2_Vegas,AOI_2_Vegas:-11520:3625,test,owlvit,area,fixed,5.0,0.5,0,0,45,1,0.0,owlvit
AOI_2_Vegas_img4369,AOI_2_Vegas,AOI_2_Vegas:-11520:3625,test,owlvit,area,fixed,10.0,0.5,0,0,45,0,0.0,owlvit
AOI_2_Vegas_img4402,AOI_2_Vegas,AOI_2_Vegas:-11520:3617,test,owlvit,area,fixed,0.3,0.5,0,1,0,11,0.0,owlvit
AOI_2_Vegas_img4402,AOI_2_Vegas,AOI_2_Vegas:-11520:3617,test,owlvit,area,fixed,0.45,0.5,0,0,0,8,0.0,owlvit
AOI_2_Vegas_img4402,AOI_2_Vegas,AOI_2_Vegas:-11520:3617,test,owlvit,area,fixed,0.6,0.5,0,1,0,11,0.0,owlvit
AOI_2_Vegas_img4402,AOI_2_Vegas,AOI_2_Vegas:-11520:3617,test,owlvit,area,fixed,0.9,0.5,0,0,0,7,0.0,owlvit
AOI_2_Vegas_img4402,AOI_2_Vegas,AOI_2_Vegas:-11520:3617,test,owlvit,area,fixed,1.2,0.5,0,1,0,11,0.0,owlvit
AOI_2_Vegas_img4402,AOI_2_Vegas,AOI_2_Vegas:-11520:3617,test,owlvit,area,fixed,1.8,0.5,0,0,0,14,0.0,owlvit
AOI_2_Vegas_img4402,AOI_2_Vegas,AOI_2_Vegas:-11520:3617,test,owlvit,area,fixed,2.4,0.5,0,0,0,6,0.0,owlvit
AOI_2_Vegas_img4402,AOI_2_Vegas,AOI_2_Vegas:-11520:3617,test,owlvit,area,fixed,3.6,0.5,0,0,0,3,0.0,owlvit
AOI_2_Vegas_img4402,AOI_2_Vegas,AOI_2_Vegas:-11520:3617,test,owlvit,area,fixed,5.0,0.5,0,0,0,3,0.0,owlvit
AOI_2_Vegas_img4402,AOI_2_Vegas,AOI_2_Vegas:-11520:3617,test,owlvit,area,fixed,10.0,0.5,0,0,0,0,0.0,owlvit
AOI_2_Vegas_img4447,AOI_2_Vegas,AOI_2_Vegas:-11520:3625,test,owlvit,area,fixed,0.3,0.5,5,21,15,42,0.2,owlvit
AOI_2_Vegas_img4447,AOI_2_Vegas,AOI_2_Vegas:-11520:3625,test,owlvit,area,fixed,0.45,0.5,3,17,15,42,0.05,owlvit
AOI_2_Vegas_img4447,AOI_2_Vegas,AOI_2_Vegas:-11520:3625,test,owlvit,area,fixed,0.6,0.5,4,19,15,43,0.05,owlvit
AOI_2_Vegas_img4447,AOI_2_Vegas,AOI_2_Vegas:-11520:3625,test,owlvit,area,fixed,0.9,0.5,4,12,15,38,0.05,owlvit
AOI_2_Vegas_img4447,AOI_2_Vegas,AOI_2_Vegas:-11520:3625,test,owlvit,area,fixed,1.2,0.5,2,10,15,39,0.15,owlvit
AOI_2_Vegas_img4447,AOI_2_Vegas,AOI_2_Vegas:-11520:3625,test,owlvit,area,fixed,1.8,0.5,2,3,15,39,0.0,owlvit
AOI_2_Vegas_img4447,AOI_2_Vegas,AOI_2_Vegas:-11520:3625,test,owlvit,area,fixed,2.4,0.5,0,0,15,19,0.0,owlvit
AOI_2_Vegas_img4447,AOI_2_Vegas,AOI_2_Vegas:-11520:3625,test,owlvit,area,fixed,3.6,0.5,0,0,15,3,0.0,owlvit
AOI_2_Vegas_img4447,AOI_2_Vegas,AOI_2_Vegas:-11520:3625,test,owlvit,area,fixed,5.0,0.5,0,0,15,1,0.0,owlvit
AOI_2_Vegas_img4447,AOI_2_Vegas,AOI_2_Vegas:-11520:3625,test,owlvit,area,fixed,10.0,0.5,0,0,15,1,0.0,owlvit
AOI_2_Vegas_img4468,AOI_2_Vegas,AOI_2_Vegas:-11520:3615,test,owlvit,area,fixed,0.3,0.5,14,62,28,29,0.8,owlvit
AOI_2_Vegas_img4468,AOI_2_Vegas,AOI_2_Vegas:-11520:3615,test,owlvit,area,fixed,0.45,0.5,15,63,28,35,1.35,owlvit
AOI_2_Vegas_img4468,AOI_2_Vegas,AOI_2_Vegas:-11520:3615,test,owlvit,area,fixed,0.6,0.5,16,64,28,34,1.75,owlvit
AOI_2_Vegas_img4468,AOI_2_Vegas,AOI_2_Vegas:-11520:3615,test,owlvit,area,fixed,0.9,0.5,15,55,28,27,1.35,owlvit
AOI_2_Vegas_img4468,AOI_2_Vegas,AOI_2_Vegas:-11520:3615,test,owlvit,area,fixed,1.2,0.5,12,47,28,24,1.25,owlvit
AOI_2_Vegas_img4468,AOI_2_Vegas,AOI_2_Vegas:-11520:3615,test,owlvit,area,fixed,1.8,0.5,9,21,28,21,0.6,owlvit
AOI_2_Vegas_img4468,AOI_2_Vegas,AOI_2_Vegas:-11520:3615,test,owlvit,area,fixed,2.4,0.5,4,7,28,13,0.25,owlvit
AOI_2_Vegas_img4468,AOI_2_Vegas,AOI_2_Vegas:-11520:3615,test,owlvit,area,fixed,3.6,0.5,0,0,28,8,0.0,owlvit
AOI_2_Vegas_img4468,AOI_2_Vegas,AOI_2_Vegas:-11520:3615,test,owlvit,area,fixed,5.0,0.5,0,0,28,8,0.0,owlvit
AOI_2_Vegas_img4468,AOI_2_Vegas,AOI_2_Vegas:-11520:3615,test,owlvit,area,fixed,10.0,0.5,0,0,28,0,0.0,owlvit
AOI_2_Vegas_img4470,AOI_2_Vegas,AOI_2_Vegas:-11520:3615,test,owlvit,area,fixed,0.3,0.5,4,43,20,57,0.2,owlvit
AOI_2_Vegas_img4470,AOI_2_Vegas,AOI_2_Vegas:-11520:3615,test,owlvit,area,fixed,0.45,0.5,2,43,20,55,0.25,owlvit
AOI_2_Vegas_img4470,AOI_2_Vegas,AOI_2_Vegas:-11520:3615,test,owlvit,area,fixed,0.6,0.5,1,47,20,52,0.1,owlvit
AOI_2_Vegas_img4470,AOI_2_Vegas,AOI_2_Vegas:-11520:3615,test,owlvit,area,fixed,0.9,0.5,4,38,20,57,0.0,owlvit
AOI_2_Vegas_img4470,AOI_2_Vegas,AOI_2_Vegas:-11520:3615,test,owlvit,area,fixed,1.2,0.5,2,30,20,52,0.1,owlvit
AOI_2_Vegas_img4470,AOI_2_Vegas,AOI_2_Vegas:-11520:3615,test,owlvit,area,fixed,1.8,0.5,1,14,20,44,0.15,owlvit
AOI_2_Vegas_img4470,AOI_2_Vegas,AOI_2_Vegas:-11520:3615,test,owlvit,area,fixed,2.4,0.5,0,1,20,29,0.0,owlvit
AOI_2_Vegas_img4470,AOI_2_Vegas,AOI_2_Vegas:-11520:3615,test,owlvit,area,fixed,3.6,0.5,0,0,20,5,0.0,owlvit
AOI_2_Vegas_img4470,AOI_2_Vegas,AOI_2_Vegas:-11520:3615,test,owlvit,area,fixed,5.0,0.5,0,0,20,7,0.0,owlvit
AOI_2_Vegas_img4470,AOI_2_Vegas,AOI_2_Vegas:-11520:3615,test,owlvit,area,fixed,10.0,0.5,0,0,20,0,0.0,owlvit
AOI_2_Vegas_img4479,AOI_2_Vegas,AOI_2_Vegas:-11520:3617,test,owlvit,area,fixed,0.3,0.5,0,36,3,30,0.0,owlvit
AOI_2_Vegas_img4479,AOI_2_Vegas,AOI_2_Vegas:-11520:3617,test,owlvit,area,fixed,0.45,0.5,0,28,3,28,0.0,owlvit
AOI_2_Vegas_img4479,AOI_2_Vegas,AOI_2_Vegas:-11520:3617,test,owlvit,area,fixed,0.6,0.5,0,25,3,31,0.0,owlvit
AOI_2_Vegas_img4479,AOI_2_Vegas,AOI_2_Vegas:-11520:3617,test,owlvit,area,fixed,0.9,0.5,0,21,3,31,0.0,owlvit
AOI_2_Vegas_img4479,AOI_2_Vegas,AOI_2_Vegas:-11520:3617,test,owlvit,area,fixed,1.2,0.5,1,20,3,30,0.05,owlvit
AOI_2_Vegas_img4479,AOI_2_Vegas,AOI_2_Vegas:-11520:3617,test,owlvit,area,fixed,1.8,0.5,0,11,3,34,0.05,owlvit
AOI_2_Vegas_img4479,AOI_2_Vegas,AOI_2_Vegas:-11520:3617,test,owlvit,area,fixed,2.4,0.5,0,3,3,18,0.0,owlvit
AOI_2_Vegas_img4479,AOI_2_Vegas,AOI_2_Vegas:-11520:3617,test,owlvit,area,fixed,3.6,0.5,0,0,3,4,0.0,owlvit
AOI_2_Vegas_img4479,AOI_2_Vegas,AOI_2_Vegas:-11520:3617,test,owlvit,area,fixed,5.0,0.5,0,0,3,1,0.0,owlvit
AOI_2_Vegas_img4479,AOI_2_Vegas,AOI_2_Vegas:-11520:3617,test,owlvit,area,fixed,10.0,0.5,0,0,3,0,0.0,owlvit
AOI_2_Vegas_img4488,AOI_2_Vegas,AOI_2_Vegas:-11520:3618,test,owlvit,area,fixed,0.3,0.5,0,0,0,0,0.0,owlvit
AOI_2_Vegas_img4488,AOI_2_Vegas,AOI_2_Vegas:-11520:3618,test,owlvit,area,fixed,0.45,0.5,0,0,0,0,0.0,owlvit
AOI_2_Vegas_img4488,AOI_2_Vegas,AOI_2_Vegas:-11520:3618,test,owlvit,area,fixed,0.6,0.5,0,0,0,0,0.0,owlvit
AOI_2_Vegas_img4488,AOI_2_Vegas,AOI_2_Vegas:-11520:3618,test,owlvit,area,fixed,0.9,0.5,0,0,0,0,0.0,owlvit
AOI_2_Vegas_img4488,AOI_2_Vegas,AOI_2_Vegas:-11520:3618,test,owlvit,area,fixed,1.2,0.5,0,0,0,0,0.0,owlvit
AOI_2_Vegas_img4488,AOI_2_Vegas,AOI_2_Vegas:-11520:3618,test,owlvit,area,fixed,1.8,0.5,0,0,0,0,0.0,owlvit
AOI_2_Vegas_img4488,AOI_2_Vegas,AOI_2_Vegas:-11520:3618,test,owlvit,area,fixed,2.4,0.5,0,0,0,0,0.0,owlvit
AOI_2_Vegas_img4488,AOI_2_Vegas,AOI_2_Vegas:-11520:3618,test,owlvit,area,fixed,3.6,0.5,0,0,0,0,0.0,owlvit
AOI_2_Vegas_img4488,AOI_2_Vegas,AOI_2_Vegas:-11520:3618,test,owlvit,area,fixed,5.0,0.5,0,0,0,0,0.0,owlvit
AOI_2_Vegas_img4488,AOI_2_Vegas,AOI_2_Vegas:-11520:3618,test,owlvit,area,fixed,10.0,0.5,0,0,0,0,0.0,owlvit
AOI_2_Vegas_img4518,AOI_2_Vegas,AOI_2_Vegas:-11520:3623,test,owlvit,area,fixed,0.3,0.5,2,9,12,32,0.1,owlvit
AOI_2_Vegas_img4518,AOI_2_Vegas,AOI_2_Vegas:-11520:3623,test,owlvit,area,fixed,0.45,0.5,3,11,12,28,0.0,owlvit
AOI_2_Vegas_img4518,AOI_2_Vegas,AOI_2_Vegas:-11520:3623,test,owlvit,area,fixed,0.6,0.5,3,9,12,23,0.1,owlvit
AOI_2_Vegas_img4518,AOI_2_Vegas,AOI_2_Vegas:-11520:3623,test,owlvit,area,fixed,0.9,0.5,5,9,12,21,0.05,owlvit
AOI_2_Vegas_img4518,AOI_2_Vegas,AOI_2_Vegas:-11520:3623,test,owlvit,area,fixed,1.2,0.5,6,10,12,13,0.4,owlvit
AOI_2_Vegas_img4518,AOI_2_Vegas,AOI_2_Vegas:-11520:3623,test,owlvit,area,fixed,1.8,0.5,6,7,12,15,0.0,owlvit
AOI_2_Vegas_img4518,AOI_2_Vegas,AOI_2_Vegas:-11520:3623,test,owlvit,area,fixed,2.4,0.5,5,7,12,18,0.1,owlvit
AOI_2_Vegas_img4518,AOI_2_Vegas,AOI_2_Vegas:-11520:3623,test,owlvit,area,fixed,3.6,0.5,2,3,12,15,0.05,owlvit
AOI_2_Vegas_img4518,AOI_2_Vegas,AOI_2_Vegas:-11520:3623,test,owlvit,area,fixed,5.0,0.5,0,0,12,8,0.0,owlvit
AOI_2_Vegas_img4518,AOI_2_Vegas,AOI_2_Vegas:-11520:3623,test,owlvit,area,fixed,10.0,0.5,0,0,12,2,0.0,owlvit
AOI_2_Vegas_img4554,AOI_2_Vegas,AOI_2_Vegas:-11520:3616,test,owlvit,area,fixed,0.3,0.5,7,45,22,35,0.5,owlvit
AOI_2_Vegas_img4554,AOI_2_Vegas,AOI_2_Vegas:-11520:3616,test,owlvit,area,fixed,0.45,0.5,8,45,22,34,0.4,owlvit
AOI_2_Vegas_img4554,AOI_2_Vegas,AOI_2_Vegas:-11520:3616,test,owlvit,area,fixed,0.6,0.5,8,41,22,38,0.35,owlvit
AOI_2_Vegas_img4554,AOI_2_Vegas,AOI_2_Vegas:-11520:3616,test,owlvit,area,fixed,0.9,0.5,6,32,22,40,0.45,owlvit
AOI_2_Vegas_img4554,AOI_2_Vegas,AOI_2_Vegas:-11520:3616,test,owlvit,area,fixed,1.2,0.5,9,22,22,33,0.35,owlvit
AOI_2_Vegas_img4554,AOI_2_Vegas,AOI_2_Vegas:-11520:3616,test,owlvit,area,fixed,1.8,0.5,1,7,22,14,0.05,owlvit
AOI_2_Vegas_img4554,AOI_2_Vegas,AOI_2_Vegas:-11520:3616,test,owlvit,area,fixed,2.4,0.5,1,1,22,11,0.0,owlvit
AOI_2_Vegas_img4554,AOI_2_Vegas,AOI_2_Vegas:-11520:3616,test,owlvit,area,fixed,3.6,0.5,0,0,22,4,0.0,owlvit
AOI_2_Vegas_img4554,AOI_2_Vegas,AOI_2_Vegas:-11520:3616,test,owlvit,area,fixed,5.0,0.5,0,0,22,1,0.0,owlvit
AOI_2_Vegas_img4554,AOI_2_Vegas,AOI_2_Vegas:-11520:3616,test,owlvit,area,fixed,10.0,0.5,0,0,22,1,0.0,owlvit
AOI_2_Vegas_img4562,AOI_2_Vegas,AOI_2_Vegas:-11520:3617,test,owlvit,area,fixed,0.3,0.5,26,132,46,44,3.3,owlvit
AOI_2_Vegas_img4562,AOI_2_Vegas,AOI_2_Vegas:-11520:3617,test,owlvit,area,fixed,0.45,0.5,27,155,46,48,3.75,owlvit
AOI_2_Vegas_img4562,AOI_2_Vegas,AOI_2_Vegas:-11520:3617,test,owlvit,area,fixed,0.6,0.5,26,100,46,44,3.25,owlvit
AOI_2_Vegas_img4562,AOI_2_Vegas,AOI_2_Vegas:-11520:3617,test,owlvit,area,fixed,0.9,0.5,19,55,46,34,1.95,owlvit
AOI_2_Vegas_img4562,AOI_2_Vegas,AOI_2_Vegas:-11520:3617,test,owlvit,area,fixed,1.2,0.5,20,39,46,24,1.75,owlvit
AOI_2_Vegas_img4562,AOI_2_Vegas,AOI_2_Vegas:-11520:3617,test,owlvit,area,fixed,1.8,0.5,14,21,46,14,1.3,owlvit
AOI_2_Vegas_img4562,AOI_2_Vegas,AOI_2_Vegas:-11520:3617,test,owlvit,area,fixed,2.4,0.5,4,7,46,14,0.2,owlvit
AOI_2_Vegas_img4562,AOI_2_Vegas,AOI_2_Vegas:-11520:3617,test,owlvit,area,fixed,3.6,0.5,0,0,46,3,0.0,owlvit
AOI_2_Vegas_img4562,AOI_2_Vegas,AOI_2_Vegas:-11520:3617,test,owlvit,area,fixed,5.0,0.5,0,0,46,5,0.0,owlvit
AOI_2_Vegas_img4562,AOI_2_Vegas,AOI_2_Vegas:-11520:3617,test,owlvit,area,fixed,10.0,0.5,0,0,46,1,0.0,owlvit
AOI_2_Vegas_img458,AOI_2_Vegas,AOI_2_Vegas:-11530:3613,test,owlvit,area,fixed,0.3,0.5,10,45,56,45,1.25,owlvit
AOI_2_Vegas_img458,AOI_2_Vegas,AOI_2_Vegas:-11530:3613,test,owlvit,area,fixed,0.45,0.5,7,34,56,41,0.65,owlvit
AOI_2_Vegas_img458,AOI_2_Vegas,AOI_2_Vegas:-11530:3613,test,owlvit,area,fixed,0.6,0.5,8,29,56,42,0.8,owlvit
AOI_2_Vegas_img458,AOI_2_Vegas,AOI_2_Vegas:-11530:3613,test,owlvit,area,fixed,0.9,0.5,4,27,56,52,0.45,owlvit
AOI_2_Vegas_img458,AOI_2_Vegas,AOI_2_Vegas:-11530:3613,test,owlvit,area,fixed,1.2,0.5,8,29,56,47,0.8,owlvit
AOI_2_Vegas_img458,AOI_2_Vegas,AOI_2_Vegas:-11530:3613,test,owlvit,area,fixed,1.8,0.5,1,5,56,24,0.1,owlvit
AOI_2_Vegas_img458,AOI_2_Vegas,AOI_2_Vegas:-11530:3613,test,owlvit,area,fixed,2.4,0.5,1,1,56,17,0.0,owlvit
AOI_2_Vegas_img458,AOI_2_Vegas,AOI_2_Vegas:-11530:3613,test,owlvit,area,fixed,3.6,0.5,0,0,56,10,0.0,owlvit
AOI_2_Vegas_img458,AOI_2_Vegas,AOI_2_Vegas:-11530:3613,test,owlvit,area,fixed,5.0,0.5,0,0,56,6,0.0,owlvit
AOI_2_Vegas_img458,AOI_2_Vegas,AOI_2_Vegas:-11530:3613,test,owlvit,area,fixed,10.0,0.5,0,0,56,0,0.0,owlvit
AOI_2_Vegas_img4582,AOI_2_Vegas,AOI_2_Vegas:-11520:3621,test,owlvit,area,fixed,0.3,0.5,0,0,0,1,0.0,owlvit
AOI_2_Vegas_img4582,AOI_2_Vegas,AOI_2_Vegas:-11520:3621,test,owlvit,area,fixed,0.45,0.5,0,0,0,1,0.0,owlvit
AOI_2_Vegas_img4582,AOI_2_Vegas,AOI_2_Vegas:-11520:3621,test,owlvit,area,fixed,0.6,0.5,0,0,0,2,0.0,owlvit
AOI_2_Vegas_img4582,AOI_2_Vegas,AOI_2_Vegas:-11520:3621,test,owlvit,area,fixed,0.9,0.5,0,0,0,1,0.0,owlvit
AOI_2_Vegas_img4582,AOI_2_Vegas,AOI_2_Vegas:-11520:3621,test,owlvit,area,fixed,1.2,0.5,0,0,0,1,0.0,owlvit
AOI_2_Vegas_img4582,AOI_2_Vegas,AOI_2_Vegas:-11520:3621,test,owlvit,area,fixed,1.8,0.5,0,0,0,1,0.0,owlvit
AOI_2_Vegas_img4582,AOI_2_Vegas,AOI_2_Vegas:-11520:3621,test,owlvit,area,fixed,2.4,0.5,0,0,0,0,0.0,owlvit
AOI_2_Vegas_img4582,AOI_2_Vegas,AOI_2_Vegas:-11520:3621,test,owlvit,area,fixed,3.6,0.5,0,0,0,0,0.0,owlvit
AOI_2_Vegas_img4582,AOI_2_Vegas,AOI_2_Vegas:-11520:3621,test,owlvit,area,fixed,5.0,0.5,0,0,0,0,0.0,owlvit
AOI_2_Vegas_img4582,AOI_2_Vegas,AOI_2_Vegas:-11520:3621,test,owlvit,area,fixed,10.0,0.5,0,0,0,0,0.0,owlvit
AOI_2_Vegas_img460,AOI_2_Vegas,AOI_2_Vegas:-11530:3613,test,owlvit,area,fixed,0.3,0.5,23,39,50,19,1.35,owlvit
AOI_2_Vegas_img460,AOI_2_Vegas,AOI_2_Vegas:-11530:3613,test,owlvit,area,fixed,0.45,0.5,23,43,50,15,1.6,owlvit
AOI_2_Vegas_img460,AOI_2_Vegas,AOI_2_Vegas:-11530:3613,test,owlvit,area,fixed,0.6,0.5,25,45,50,19,1.4,owlvit
AOI_2_Vegas_img460,AOI_2_Vegas,AOI_2_Vegas:-11530:3613,test,owlvit,area,fixed,0.9,0.5,24,46,50,15,1.6,owlvit
AOI_2_Vegas_img460,AOI_2_Vegas,AOI_2_Vegas:-11530:3613,test,owlvit,area,fixed,1.2,0.5,23,41,50,17,1.75,owlvit
AOI_2_Vegas_img460,AOI_2_Vegas,AOI_2_Vegas:-11530:3613,test,owlvit,area,fixed,1.8,0.5,18,32,50,17,1.65,owlvit
AOI_2_Vegas_img460,AOI_2_Vegas,AOI_2_Vegas:-11530:3613,test,owlvit,area,fixed,2.4,0.5,4,4,50,5,0.15,owlvit
AOI_2_Vegas_img460,AOI_2_Vegas,AOI_2_Vegas:-11530:3613,test,owlvit,area,fixed,3.6,0.5,0,0,50,1,0.0,owlvit
AOI_2_Vegas_img460,AOI_2_Vegas,AOI_2_Vegas:-11530:3613,test,owlvit,area,fixed,5.0,0.5,0,0,50,3,0.0,owlvit
AOI_2_Vegas_img460,AOI_2_Vegas,AOI_2_Vegas:-11530:3613,test,owlvit,area,fixed,10.0,0.5,0,0,50,0,0.0,owlvit
AOI_2_Vegas_img4614,AOI_2_Vegas,AOI_2_Vegas:-11520:3613,test,owlvit,area,fixed,0.3,0.5,2,13,8,48,0.15,owlvit
AOI_2_Vegas_img4614,AOI_2_Vegas,AOI_2_Vegas:-11520:3613,test,owlvit,area,fixed,0.45,0.5,2,12,8,50,0.05,owlvit
AOI_2_Vegas_img4614,AOI_2_Vegas,AOI_2_Vegas:-11520:3613,test,owlvit,area,fixed,0.6,0.5,2,4,8,39,0.0,owlvit
AOI_2_Vegas_img4614,AOI_2_Vegas,AOI_2_Vegas:-11520:3613,test,owlvit,area,fixed,0.9,0.5,0,0,8,20,0.0,owlvit
AOI_2_Vegas_img4614,AOI_2_Vegas,AOI_2_Vegas:-11520:3613,test,owlvit,area,fixed,1.2,0.5,0,0,8,8,0.0,owlvit
AOI_2_Vegas_img4614,AOI_2_Vegas,AOI_2_Vegas:-11520:3613,test,owlvit,area,fixed,1.8,0.5,0,0,8,2,0.0,owlvit
AOI_2_Vegas_img4614,AOI_2_Vegas,AOI_2_Vegas:-11520:3613,test,owlvit,area,fixed,2.4,0.5,0,0,8,5,0.0,owlvit
AOI_2_Vegas_img4614,AOI_2_Vegas,AOI_2_Vegas:-11520:3613,test,owlvit,area,fixed,3.6,0.5,0,0,8,11,0.0,owlvit
AOI_2_Vegas_img4614,AOI_2_Vegas,AOI_2_Vegas:-11520:3613,test,owlvit,area,fixed,5.0,0.5,0,0,8,24,0.0,owlvit
AOI_2_Vegas_img4614,AOI_2_Vegas,AOI_2_Vegas:-11520:3613,test,owlvit,area,fixed,10.0,0.5,0,0,8,4,0.0,owlvit
AOI_2_Vegas_img4684,AOI_2_Vegas,AOI_2_Vegas:-11520:3625,test,owlvit,area,fixed,0.3,0.5,2,21,8,49,0.0,owlvit
AOI_2_Vegas_img4684,AOI_2_Vegas,AOI_2_Vegas:-11520:3625,test,owlvit,area,fixed,0.45,0.5,2,16,8,37,0.0,owlvit
AOI_2_Vegas_img4684,AOI_2_Vegas,AOI_2_Vegas:-11520:3625,test,owlvit,area,fixed,0.6,0.5,1,13,8,38,0.0,owlvit
AOI_2_Vegas_img4684,AOI_2_Vegas,AOI_2_Vegas:-11520:3625,test,owlvit,area,fixed,0.9,0.5,1,6,8,24,0.0,owlvit
AOI_2_Vegas_img4684,AOI_2_Vegas,AOI_2_Vegas:-11520:3625,test,owlvit,area,fixed,1.2,0.5,1,3,8,22,0.0,owlvit
AOI_2_Vegas_img4684,AOI_2_Vegas,AOI_2_Vegas:-11520:3625,test,owlvit,area,fixed,1.8,0.5,0,0,8,13,0.0,owlvit
AOI_2_Vegas_img4684,AOI_2_Vegas,AOI_2_Vegas:-11520:3625,test,owlvit,area,fixed,2.4,0.5,0,0,8,11,0.0,owlvit
AOI_2_Vegas_img4684,AOI_2_Vegas,AOI_2_Vegas:-11520:3625,test,owlvit,area,fixed,3.6,0.5,0,1,8,21,0.0,owlvit
AOI_2_Vegas_img4684,AOI_2_Vegas,AOI_2_Vegas:-11520:3625,test,owlvit,area,fixed,5.0,0.5,0,0,8,5,0.0,owlvit
AOI_2_Vegas_img4684,AOI_2_Vegas,AOI_2_Vegas:-11520:3625,test,owlvit,area,fixed,10.0,0.5,0,0,8,1,0.0,owlvit
AOI_2_Vegas_img4696,AOI_2_Vegas,AOI_2_Vegas:-11519:3613,test,owlvit,area,fixed,0.3,0.5,0,9,12,37,0.1,owlvit
AOI_2_Vegas_img4696,AOI_2_Vegas,AOI_2_Vegas:-11519:3613,test,owlvit,area,fixed,0.45,0.5,1,8,12,38,0.0,owlvit
AOI_2_Vegas_img4696,AOI_2_Vegas,AOI_2_Vegas:-11519:3613,test,owlvit,area,fixed,0.6,0.5,1,6,12,34,0.05,owlvit
AOI_2_Vegas_img4696,AOI_2_Vegas,AOI_2_Vegas:-11519:3613,test,owlvit,area,fixed,0.9,0.5,0,6,12,34,0.0,owlvit
AOI_2_Vegas_img4696,AOI_2_Vegas,AOI_2_Vegas:-11519:3613,test,owlvit,area,fixed,1.2,0.5,1,4,12,32,0.0,owlvit
AOI_2_Vegas_img4696,AOI_2_Vegas,AOI_2_Vegas:-11519:3613,test,owlvit,area,fixed,1.8,0.5,1,2,12,31,0.0,owlvit
AOI_2_Vegas_img4696,AOI_2_Vegas,AOI_2_Vegas:-11519:3613,test,owlvit,area,fixed,2.4,0.5,0,1,12,28,0.0,owlvit
AOI_2_Vegas_img4696,AOI_2_Vegas,AOI_2_Vegas:-11519:3613,test,owlvit,area,fixed,3.6,0.5,0,0,12,17,0.0,owlvit
AOI_2_Vegas_img4696,AOI_2_Vegas,AOI_2_Vegas:-11519:3613,test,owlvit,area,fixed,5.0,0.5,0,0,12,5,0.0,owlvit
AOI_2_Vegas_img4696,AOI_2_Vegas,AOI_2_Vegas:-11519:3613,test,owlvit,area,fixed,10.0,0.5,0,0,12,1,0.0,owlvit
AOI_2_Vegas_img4701,AOI_2_Vegas,AOI_2_Vegas:-11519:3614,test,owlvit,area,fixed,0.3,0.5,1,24,3,41,0.0,owlvit
AOI_2_Vegas_img4701,AOI_2_Vegas,AOI_2_Vegas:-11519:3614,test,owlvit,area,fixed,0.45,0.5,1,18,3,39,0.0,owlvit
AOI_2_Vegas_img4701,AOI_2_Vegas,AOI_2_Vegas:-11519:3614,test,owlvit,area,fixed,0.6,0.5,1,17,3,39,0.1,owlvit
AOI_2_Vegas_img4701,AOI_2_Vegas,AOI_2_Vegas:-11519:3614,test,owlvit,area,fixed,0.9,0.5,0,10,3,38,0.0,owlvit
AOI_2_Vegas_img4701,AOI_2_Vegas,AOI_2_Vegas:-11519:3614,test,owlvit,area,fixed,1.2,0.5,0,5,3,31,0.0,owlvit
AOI_2_Vegas_img4701,AOI_2_Vegas,AOI_2_Vegas:-11519:3614,test,owlvit,area,fixed,1.8,0.5,0,1,3,19,0.0,owlvit
AOI_2_Vegas_img4701,AOI_2_Vegas,AOI_2_Vegas:-11519:3614,test,owlvit,area,fixed,2.4,0.5,0,2,3,22,0.0,owlvit
AOI_2_Vegas_img4701,AOI_2_Vegas,AOI_2_Vegas:-11519:3614,test,owlvit,area,fixed,3.6,0.5,0,0,3,12,0.0,owlvit
AOI_2_Vegas_img4701,AOI_2_Vegas,AOI_2_Vegas:-11519:3614,test,owlvit,area,fixed,5.0,0.5,0,0,3,9,0.0,owlvit
AOI_2_Vegas_img4701,AOI_2_Vegas,AOI_2_Vegas:-11519:3614,test,owlvit,area,fixed,10.0,0.5,0,0,3,1,0.0,owlvit
AOI_2_Vegas_img4721,AOI_2_Vegas,AOI_2_Vegas:-11519:3618,test,owlvit,area,fixed,0.3,0.5,11,81,49,35,1.1,owlvit
AOI_2_Vegas_img4721,AOI_2_Vegas,AOI_2_Vegas:-11519:3618,test,owlvit,area,fixed,0.45,0.5,12,69,49,38,1.5,owlvit
AOI_2_Vegas_img4721,AOI_2_Vegas,AOI_2_Vegas:-11519:3618,test,owlvit,area,fixed,0.6,0.5,12,69,49,32,1.7,owlvit
AOI_2_Vegas_img4721,AOI_2_Vegas,AOI_2_Vegas:-11519:3618,test,owlvit,area,fixed,0.9,0.5,12,55,49,37,1.1,owlvit
AOI_2_Vegas_img4721,AOI_2_Vegas,AOI_2_Vegas:-11519:3618,test,owlvit,area,fixed,1.2,0.5,10,50,49,38,0.9,owlvit
AOI_2_Vegas_img4721,AOI_2_Vegas,AOI_2_Vegas:-11519:3618,test,owlvit,area,fixed,1.8,0.5,11,29,49,35,0.7,owlvit
AOI_2_Vegas_img4721,AOI_2_Vegas,AOI_2_Vegas:-11519:3618,test,owlvit,area,fixed,2.4,0.5,7,10,49,20,0.15,owlvit
AOI_2_Vegas_img4721,AOI_2_Vegas,AOI_2_Vegas:-11519:3618,test,owlvit,area,fixed,3.6,0.5,1,1,49,2,0.05,owlvit
AOI_2_Vegas_img4721,AOI_2_Vegas,AOI_2_Vegas:-11519:3618,test,owlvit,area,fixed,5.0,0.5,0,0,49,1,0.0,owlvit
AOI_2_Vegas_img4721,AOI_2_Vegas,AOI_2_Vegas:-11519:3618,test,owlvit,area,fixed,10.0,0.5,0,0,49,0,0.0,owlvit
AOI_2_Vegas_img4785,AOI_2_Vegas,AOI_2_Vegas:-11519:3615,test,owlvit,area,fixed,0.3,0.5,12,53,53,30,1.1,owlvit
AOI_2_Vegas_img4785,AOI_2_Vegas,AOI_2_Vegas:-11519:3615,test,owlvit,area,fixed,0.45,0.5,13,57,53,28,1.85,owlvit
AOI_2_Vegas_img4785,AOI_2_Vegas,AOI_2_Vegas:-11519:3615,test,owlvit,area,fixed,0.6,0.5,13,57,53,33,1.55,owlvit
AOI_2_Vegas_img4785,AOI_2_Vegas,AOI_2_Vegas:-11519:3615,test,owlvit,area,fixed,0.9,0.5,13,48,53,32,0.9,owlvit
AOI_2_Vegas_img4785,AOI_2_Vegas,AOI_2_Vegas:-11519:3615,test,owlvit,area,fixed,1.2,0.5,8,45,53,33,1.2,owlvit
AOI_2_Vegas_img4785,AOI_2_Vegas,AOI_2_Vegas:-11519:3615,test,owlvit,area,fixed,1.8,0.5,3,19,53,19,0.35,owlvit
AOI_2_Vegas_img4785,AOI_2_Vegas,AOI_2_Vegas:-11519:3615,test,owlvit,area,fixed,2.4,0.5,0,0,53,10,0.0,owlvit
AOI_2_Vegas_img4785,AOI_2_Vegas,AOI_2_Vegas:-11519:3615,test,owlvit,area,fixed,3.6,0.5,0,0,53,2,0.0,owlvit
AOI_2_Vegas_img4785,AOI_2_Vegas,AOI_2_Vegas:-11519:3615,test,owlvit,area,fixed,5.0,0.5,0,0,53,2,0.0,owlvit
AOI_2_Vegas_img4785,AOI_2_Vegas,AOI_2_Vegas:-11519:3615,test,owlvit,area,fixed,10.0,0.5,0,0,53,0,0.0,owlvit
AOI_2_Vegas_img4786,AOI_2_Vegas,AOI_2_Vegas:-11519:3615,test,owlvit,area,fixed,0.3,0.5,11,17,52,15,0.75,owlvit
AOI_2_Vegas_img4786,AOI_2_Vegas,AOI_2_Vegas:-11519:3615,test,owlvit,area,fixed,0.45,0.5,11,19,52,20,0.45,owlvit
AOI_2_Vegas_img4786,AOI_2_Vegas,AOI_2_Vegas:-11519:3615,test,owlvit,area,fixed,0.6,0.5,10,19,52,18,0.25,owlvit
AOI_2_Vegas_img4786,AOI_2_Vegas,AOI_2_Vegas:-11519:3615,test,owlvit,area,fixed,0.9,0.5,10,21,52,17,0.3,owlvit
AOI_2_Vegas_img4786,AOI_2_Vegas,AOI_2_Vegas:-11519:3615,test,owlvit,area,fixed,1.2,0.5,6,17,52,16,0.3,owlvit
AOI_2_Vegas_img4786,AOI_2_Vegas,AOI_2_Vegas:-11519:3615,test,owlvit,area,fixed,1.8,0.5,2,6,52,10,0.05,owlvit
AOI_2_Vegas_img4786,AOI_2_Vegas,AOI_2_Vegas:-11519:3615,test,owlvit,area,fixed,2.4,0.5,1,1,52,5,0.05,owlvit
AOI_2_Vegas_img4786,AOI_2_Vegas,AOI_2_Vegas:-11519:3615,test,owlvit,area,fixed,3.6,0.5,0,0,52,4,0.0,owlvit
AOI_2_Vegas_img4786,AOI_2_Vegas,AOI_2_Vegas:-11519:3615,test,owlvit,area,fixed,5.0,0.5,0,0,52,0,0.0,owlvit
AOI_2_Vegas_img4786,AOI_2_Vegas,AOI_2_Vegas:-11519:3615,test,owlvit,area,fixed,10.0,0.5,0,0,52,0,0.0,owlvit
AOI_2_Vegas_img4794,AOI_2_Vegas,AOI_2_Vegas:-11519:3616,test,owlvit,area,fixed,0.3,0.5,1,7,5,6,0.05,owlvit
AOI_2_Vegas_img4794,AOI_2_Vegas,AOI_2_Vegas:-11519:3616,test,owlvit,area,fixed,0.45,0.5,1,6,5,7,0.0,owlvit
AOI_2_Vegas_img4794,AOI_2_Vegas,AOI_2_Vegas:-11519:3616,test,owlvit,area,fixed,0.6,0.5,1,6,5,6,0.0,owlvit
AOI_2_Vegas_img4794,AOI_2_Vegas,AOI_2_Vegas:-11519:3616,test,owlvit,area,fixed,0.9,0.5,1,4,5,5,0.0,owlvit
AOI_2_Vegas_img4794,AOI_2_Vegas,AOI_2_Vegas:-11519:3616,test,owlvit,area,fixed,1.2,0.5,0,2,5,3,0.0,owlvit
AOI_2_Vegas_img4794,AOI_2_Vegas,AOI_2_Vegas:-11519:3616,test,owlvit,area,fixed,1.8,0.5,0,0,5,1,0.0,owlvit
AOI_2_Vegas_img4794,AOI_2_Vegas,AOI_2_Vegas:-11519:3616,test,owlvit,area,fixed,2.4,0.5,0,0,5,0,0.0,owlvit
AOI_2_Vegas_img4794,AOI_2_Vegas,AOI_2_Vegas:-11519:3616,test,owlvit,area,fixed,3.6,0.5,0,0,5,0,0.0,owlvit
AOI_2_Vegas_img4794,AOI_2_Vegas,AOI_2_Vegas:-11519:3616,test,owlvit,area,fixed,5.0,0.5,0,0,5,1,0.0,owlvit
AOI_2_Vegas_img4794,AOI_2_Vegas,AOI_2_Vegas:-11519:3616,test,owlvit,area,fixed,10.0,0.5,0,0,5,0,0.0,owlvit
AOI_2_Vegas_img4805,AOI_2_Vegas,AOI_2_Vegas:-11519:3618,test,owlvit,area,fixed,0.3,0.5,9,57,26,41,0.6,owlvit
AOI_2_Vegas_img4805,AOI_2_Vegas,AOI_2_Vegas:-11519:3618,test,owlvit,area,fixed,0.45,0.5,8,50,26,40,0.45,owlvit
AOI_2_Vegas_img4805,AOI_2_Vegas,AOI_2_Vegas:-11519:3618,test,owlvit,area,fixed,0.6,0.5,8,47,26,42,0.3,owlvit
AOI_2_Vegas_img4805,AOI_2_Vegas,AOI_2_Vegas:-11519:3618,test,owlvit,area,fixed,0.9,0.5,5,30,26,38,0.2,owlvit
AOI_2_Vegas_img4805,AOI_2_Vegas,AOI_2_Vegas:-11519:3618,test,owlvit,area,fixed,1.2,0.5,4,21,26,40,0.1,owlvit
AOI_2_Vegas_img4805,AOI_2_Vegas,AOI_2_Vegas:-11519:3618,test,owlvit,area,fixed,1.8,0.5,2,10,26,31,0.25,owlvit
AOI_2_Vegas_img4805,AOI_2_Vegas,AOI_2_Vegas:-11519:3618,test,owlvit,area,fixed,2.4,0.5,2,4,26,30,0.0,owlvit
AOI_2_Vegas_img4805,AOI_2_Vegas,AOI_2_Vegas:-11519:3618,test,owlvit,area,fixed,3.6,0.5,1,2,26,28,0.0,owlvit
AOI_2_Vegas_img4805,AOI_2_Vegas,AOI_2_Vegas:-11519:3618,test,owlvit,area,fixed,5.0,0.5,0,0,26,11,0.0,owlvit
AOI_2_Vegas_img4805,AOI_2_Vegas,AOI_2_Vegas:-11519:3618,test,owlvit,area,fixed,10.0,0.5,0,0,26,1,0.0,owlvit
