chip_id,city,block,split,detector,method,config,level,iou,matches,predictions,references,removed,chance_matches,label
AOI_2_Vegas_img1007,AOI_2_Vegas,AOI_2_Vegas:-11528:3618,test,owlv2,area,fixed,0.3,0.5,25,151,34,41,1.4,owlv2
AOI_2_Vegas_img1007,AOI_2_Vegas,AOI_2_Vegas:-11528:3618,test,owlv2,area,fixed,0.45,0.5,24,87,34,41,0.8,owlv2
AOI_2_Vegas_img1007,AOI_2_Vegas,AOI_2_Vegas:-11528:3618,test,owlv2,area,fixed,0.6,0.5,23,67,34,45,0.9,owlv2
AOI_2_Vegas_img1007,AOI_2_Vegas,AOI_2_Vegas:-11528:3618,test,owlv2,area,fixed,0.9,0.5,19,53,34,33,1.1,owlv2
AOI_2_Vegas_img1007,AOI_2_Vegas,AOI_2_Vegas:-11528:3618,test,owlv2,area,fixed,1.2,0.5,15,30,34,30,1.1,owlv2
AOI_2_Vegas_img1007,AOI_2_Vegas,AOI_2_Vegas:-11528:3618,test,owlv2,area,fixed,1.8,0.5,14,27,34,17,0.6,owlv2
AOI_2_Vegas_img1007,AOI_2_Vegas,AOI_2_Vegas:-11528:3618,test,owlv2,area,fixed,2.4,0.5,10,22,34,25,0.7,owlv2
AOI_2_Vegas_img1007,AOI_2_Vegas,AOI_2_Vegas:-11528:3618,test,owlv2,area,fixed,3.6,0.5,1,3,34,2,0.05,owlv2
AOI_2_Vegas_img1007,AOI_2_Vegas,AOI_2_Vegas:-11528:3618,test,owlv2,area,fixed,5.0,0.5,0,0,34,0,0.0,owlv2
AOI_2_Vegas_img1007,AOI_2_Vegas,AOI_2_Vegas:-11528:3618,test,owlv2,area,fixed,10.0,0.5,0,0,34,0,0.0,owlv2
AOI_2_Vegas_img101,AOI_2_Vegas,AOI_2_Vegas:-11531:3620,test,owlv2,area,fixed,0.3,0.5,12,166,30,38,0.95,owlv2
AOI_2_Vegas_img101,AOI_2_Vegas,AOI_2_Vegas:-11531:3620,test,owlv2,area,fixed,0.45,0.5,4,121,30,29,1.1,owlv2
AOI_2_Vegas_img101,AOI_2_Vegas,AOI_2_Vegas:-11531:3620,test,owlv2,area,fixed,0.6,0.5,7,135,30,33,0.9,owlv2
AOI_2_Vegas_img101,AOI_2_Vegas,AOI_2_Vegas:-11531:3620,test,owlv2,area,fixed,0.9,0.5,5,84,30,27,0.65,owlv2
AOI_2_Vegas_img101,AOI_2_Vegas,AOI_2_Vegas:-11531:3620,test,owlv2,area,fixed,1.2,0.5,5,56,30,20,0.55,owlv2
AOI_2_Vegas_img101,AOI_2_Vegas,AOI_2_Vegas:-11531:3620,test,owlv2,area,fixed,1.8,0.5,7,61,30,17,0.5,owlv2
AOI_2_Vegas_img101,AOI_2_Vegas,AOI_2_Vegas:-11531:3620,test,owlv2,area,fixed,2.4,0.5,8,64,30,22,0.65,owlv2
AOI_2_Vegas_img101,AOI_2_Vegas,AOI_2_Vegas:-11531:3620,test,owlv2,area,fixed,3.6,0.5,3,8,30,11,0.25,owlv2
AOI_2_Vegas_img101,AOI_2_Vegas,AOI_2_Vegas:-11531:3620,test,owlv2,area,fixed,5.0,0.5,0,0,30,5,0.0,owlv2
AOI_2_Vegas_img101,AOI_2_Vegas,AOI_2_Vegas:-11531:3620,test,owlv2,area,fixed,10.0,0.5,0,0,30,0,0.0,owlv2
AOI_2_Vegas_img1035,AOI_2_Vegas,AOI_2_Vegas:-11528:3623,test,owlv2,area,fixed,0.3,0.5,0,0,0,0,0.0,owlv2
AOI_2_Vegas_img1035,AOI_2_Vegas,AOI_2_Vegas:-11528:3623,test,owlv2,area,fixed,0.45,0.5,0,0,0,0,0.0,owlv2
AOI_2_Vegas_img1035,AOI_2_Vegas,AOI_2_Vegas:-11528:3623,test,owlv2,area,fixed,0.6,0.5,0,0,0,0,0.0,owlv2
AOI_2_Vegas_img1035,AOI_2_Vegas,AOI_2_Vegas:-11528:3623,test,owlv2,area,fixed,0.9,0.5,0,0,0,0,0.0,owlv2
AOI_2_Vegas_img1035,AOI_2_Vegas,AOI_2_Vegas:-11528:3623,test,owlv2,area,fixed,1.2,0.5,0,0,0,0,0.0,owlv2
AOI_2_Vegas_img1035,AOI_2_Vegas,AOI_2_Vegas:-11528:3623,test,owlv2,area,fixed,1.8,0.5,0,0,0,0,0.0,owlv2
AOI_2_Vegas_img1035,AOI_2_Vegas,AOI_2_Vegas:-11528:3623,test,owlv2,area,fixed,2.4,0.5,0,0,0,0,0.0,owlv2
AOI_2_Vegas_img1035,AOI_2_Vegas,AOI_2_Vegas:-11528:3623,test,owlv2,area,fixed,3.6,0.5,0,0,0,0,0.0,owlv2
AOI_2_Vegas_img1035,AOI_2_Vegas,AOI_2_Vegas:-11528:3623,test,owlv2,area,fixed,5.0,0.5,0,0,0,0,0.0,owlv2
AOI_2_Vegas_img1035,AOI_2_Vegas,AOI_2_Vegas:-11528:3623,test,owlv2,area,fixed,10.0,0.5,0,0,0,0,0.0,owlv2
AOI_2_Vegas_img1041,AOI_2_Vegas,AOI_2_Vegas:-11528:3613,test,owlv2,area,fixed,0.3,0.5,26,156,39,62,1.3,owlv2
AOI_2_Vegas_img1041,AOI_2_Vegas,AOI_2_Vegas:-11528:3613,test,owlv2,area,fixed,0.45,0.5,26,102,39,52,0.9,owlv2
AOI_2_Vegas_img1041,AOI_2_Vegas,AOI_2_Vegas:-11528:3613,test,owlv2,area,fixed,0.6,0.5,25,95,39,54,1.35,owlv2
AOI_2_Vegas_img1041,AOI_2_Vegas,AOI_2_Vegas:-11528:3613,test,owlv2,area,fixed,0.9,0.5,20,44,39,27,0.65,owlv2
AOI_2_Vegas_img1041,AOI_2_Vegas,AOI_2_Vegas:-11528:3613,test,owlv2,area,fixed,1.2,0.5,16,44,39,38,0.7,owlv2
AOI_2_Vegas_img1041,AOI_2_Vegas,AOI_2_Vegas:-11528:3613,test,owlv2,area,fixed,1.8,0.5,8,22,39,14,0.5,owlv2
AOI_2_Vegas_img1041,AOI_2_Vegas,AOI_2_Vegas:-11528:3613,test,owlv2,area,fixed,2.4,0.5,8,24,39,15,0.2,owlv2
AOI_2_Vegas_img1041,AOI_2_Vegas,AOI_2_Vegas:-11528:3613,test,owlv2,area,fixed,3.6,0.5,0,0,39,0,0.0,owlv2
AOI_2_Vegas_img1041,AOI_2_Vegas,AOI_2_Vegas:-11528:3613,test,owlv2,area,fixed,5.0,0.5,2,4,39,13,0.0,owlv2
AOI_2_Vegas_img1041,AOI_2_Vegas,AOI_2_Vegas:-11528:3613,test,owlv2,area,fixed,10.0,0.5,0,0,39,0,0.0,owlv2
AOI_2_Vegas_img1104,AOI_2_Vegas,AOI_2_Vegas:-11528:3613,test,owlv2,area,fixed,0.3,0.5,4,38,10,11,0.0,owlv2
AOI_2_Vegas_img1104,AOI_2_Vegas,AOI_2_Vegas:-11528:3613,test,owlv2,area,fixed,0.45,0.5,3,12,10,7,0.0,owlv2
AOI_2_Vegas_img1104,AOI_2_Vegas,AOI_2_Vegas:-11528:3613,test,owlv2,area,fixed,0.6,0.5,3,11,10,8,0.0,owlv2
AOI_2_Vegas_img1104,AOI_2_Vegas,AOI_2_Vegas:-11528:3613,test,owlv2,area,fixed,0.9,0.5,0,3,10,7,0.0,owlv2
AOI_2_Vegas_img1104,AOI_2_Vegas,AOI_2_Vegas:-11528:3613,test,owlv2,area,fixed,1.2,0.5,0,2,10,8,0.0,owlv2
AOI_2_Vegas_img1104,AOI_2_Vegas,AOI_2_Vegas:-11528:3613,test,owlv2,area,fixed,1.8,0.5,0,1,10,9,0.0,owlv2
AOI_2_Vegas_img1104,AOI_2_Vegas,AOI_2_Vegas:-11528:3613,test,owlv2,area,fixed,2.4,0.5,0,0,10,4,0.0,owlv2
AOI_2_Vegas_img1104,AOI_2_Vegas,AOI_2_Vegas:-11528:3613,test,owlv2,area,fixed,3.6,0.5,0,0,10,1,0.0,owlv2
AOI_2_Vegas_img1104,AOI_2_Vegas,AOI_2_Vegas:-11528:3613,test,owlv2,area,fixed,5.0,0.5,0,0,10,2,0.0,owlv2
AOI_2_Vegas_img1104,AOI_2_Vegas,AOI_2_Vegas:-11528:3613,test,owlv2,area,fixed,10.0,0.5,0,0,10,0,0.0,owlv2
AOI_2_Vegas_img1122,AOI_2_Vegas,AOI_2_Vegas:-11528:3616,test,owlv2,area,fixed,0.3,0.5,14,112,29,56,0.8,owlv2
AOI_2_Vegas_img1122,AOI_2_Vegas,AOI_2_Vegas:-11528:3616,test,owlv2,area,fixed,0.45,0.5,12,87,29,48,0.65,owlv2
AOI_2_Vegas_img1122,AOI_2_Vegas,AOI_2_Vegas:-11528:3616,test,owlv2,area,fixed,0.6,0.5,12,62,29,44,0.6,owlv2
AOI_2_Vegas_img1122,AOI_2_Vegas,AOI_2_Vegas:-11528:3616,test,owlv2,area,fixed,0.9,0.5,7,15,29,32,0.15,owlv2
AOI_2_Vegas_img1122,AOI_2_Vegas,AOI_2_Vegas:-11528:3616,test,owlv2,area,fixed,1.2,0.5,5,6,29,12,0.15,owlv2
AOI_2_Vegas_img1122,AOI_2_Vegas,AOI_2_Vegas:-11528:3616,test,owlv2,area,fixed,1.8,0.5,0,0,29,5,0.0,owlv2
AOI_2_Vegas_img1122,AOI_2_Vegas,AOI_2_Vegas:-11528:3616,test,owlv2,area,fixed,2.4,0.5,0,0,29,1,0.0,owlv2
AOI_2_Vegas_img1122,AOI_2_Vegas,AOI_2_Vegas:-11528:3616,test,owlv2,area,fixed,3.6,0.5,0,0,29,0,0.0,owlv2
AOI_2_Vegas_img1122,AOI_2_Vegas,AOI_2_Vegas:-11528:3616,test,owlv2,area,fixed,5.0,0.5,0,0,29,0,0.0,owlv2
AOI_2_Vegas_img1122,AOI_2_Vegas,AOI_2_Vegas:-11528:3616,test,owlv2,area,fixed,10.0,0.5,0,0,29,0,0.0,owlv2
AOI_2_Vegas_img1163,AOI_2_Vegas,AOI_2_Vegas:-11528:3623,test,owlv2,area,fixed,0.3,0.5,26,292,33,51,1.7,owlv2
AOI_2_Vegas_img1163,AOI_2_Vegas,AOI_2_Vegas:-11528:3623,test,owlv2,area,fixed,0.45,0.5,22,197,33,40,1.7,owlv2
AOI_2_Vegas_img1163,AOI_2_Vegas,AOI_2_Vegas:-11528:3623,test,owlv2,area,fixed,0.6,0.5,17,180,33,43,1.75,owlv2
AOI_2_Vegas_img1163,AOI_2_Vegas,AOI_2_Vegas:-11528:3623,test,owlv2,area,fixed,0.9,0.5,16,101,33,43,1.05,owlv2
AOI_2_Vegas_img1163,AOI_2_Vegas,AOI_2_Vegas:-11528:3623,test,owlv2,area,fixed,1.2,0.5,16,56,33,39,1.3,owlv2
AOI_2_Vegas_img1163,AOI_2_Vegas,AOI_2_Vegas:-11528:3623,test,owlv2,area,fixed,1.8,0.5,9,30,33,27,0.5,owlv2
AOI_2_Vegas_img1163,AOI_2_Vegas,AOI_2_Vegas:-11528:3623,test,owlv2,area,fixed,2.4,0.5,5,14,33,31,0.35,owlv2
AOI_2_Vegas_img1163,AOI_2_Vegas,AOI_2_Vegas:-11528:3623,test,owlv2,area,fixed,3.6,0.5,0,1,33,3,0.0,owlv2
AOI_2_Vegas_img1163,AOI_2_Vegas,AOI_2_Vegas:-11528:3623,test,owlv2,area,fixed,5.0,0.5,0,0,33,6,0.0,owlv2
AOI_2_Vegas_img1163,AOI_2_Vegas,AOI_2_Vegas:-11528:3623,test,owlv2,area,fixed,10.0,0.5,0,0,33,0,0.0,owlv2
AOI_2_Vegas_img118,AOI_2_Vegas,AOI_2_Vegas:-11531:3613,test,owlv2,area,fixed,0.3,0.5,23,263,27,68,3.6,owlv2
AOI_2_Vegas_img118,AOI_2_Vegas,AOI_2_Vegas:-11531:3613,test,owlv2,area,fixed,0.45,0.5,22,158,27,55,2.45,owlv2
AOI_2_Vegas_img118,AOI_2_Vegas,AOI_2_Vegas:-11531:3613,test,owlv2,area,fixed,0.6,0.5,21,144,27,50,2.75,owlv2
AOI_2_Vegas_img118,AOI_2_Vegas,AOI_2_Vegas:-11531:3613,test,owlv2,area,fixed,0.9,0.5,21,71,27,27,1.75,owlv2
AOI_2_Vegas_img118,AOI_2_Vegas,AOI_2_Vegas:-11531:3613,test,owlv2,area,fixed,1.2,0.5,19,68,27,32,1.4,owlv2
AOI_2_Vegas_img118,AOI_2_Vegas,AOI_2_Vegas:-11531:3613,test,owlv2,area,fixed,1.8,0.5,19,87,27,37,2.1,owlv2
AOI_2_Vegas_img118,AOI_2_Vegas,AOI_2_Vegas:-11531:3613,test,owlv2,area,fixed,2.4,0.5,14,41,27,27,1.25,owlv2
AOI_2_Vegas_img118,AOI_2_Vegas,AOI_2_Vegas:-11531:3613,test,owlv2,area,fixed,3.6,0.5,15,21,27,13,0.5,owlv2
AOI_2_Vegas_img118,AOI_2_Vegas,AOI_2_Vegas:-11531:3613,test,owlv2,area,fixed,5.0,0.5,0,0,27,2,0.0,owlv2
AOI_2_Vegas_img118,AOI_2_Vegas,AOI_2_Vegas:-11531:3613,test,owlv2,area,fixed,10.0,0.5,0,0,27,0,0.0,owlv2
AOI_2_Vegas_img1197,AOI_2_Vegas,AOI_2_Vegas:-11528:3618,test,owlv2,area,fixed,0.3,0.5,46,257,50,42,4.9,owlv2
AOI_2_Vegas_img1197,AOI_2_Vegas,AOI_2_Vegas:-11528:3618,test,owlv2,area,fixed,0.45,0.5,45,192,50,33,3.35,owlv2
AOI_2_Vegas_img1197,AOI_2_Vegas,AOI_2_Vegas:-11528:3618,test,owlv2,area,fixed,0.6,0.5,41,161,50,40,3.3,owlv2
AOI_2_Vegas_img1197,AOI_2_Vegas,AOI_2_Vegas:-11528:3618,test,owlv2,area,fixed,0.9,0.5,30,80,50,36,2.1,owlv2
AOI_2_Vegas_img1197,AOI_2_Vegas,AOI_2_Vegas:-11528:3618,test,owlv2,area,fixed,1.2,0.5,26,71,50,30,1.9,owlv2
AOI_2_Vegas_img1197,AOI_2_Vegas,AOI_2_Vegas:-11528:3618,test,owlv2,area,fixed,1.8,0.5,27,61,50,38,2.85,owlv2
AOI_2_Vegas_img1197,AOI_2_Vegas,AOI_2_Vegas:-11528:3618,test,owlv2,area,fixed,2.4,0.5,9,17,50,16,0.55,owlv2
AOI_2_Vegas_img1197,AOI_2_Vegas,AOI_2_Vegas:-11528:3618,test,owlv2,area,fixed,3.6,0.5,0,0,50,2,0.0,owlv2
AOI_2_Vegas_img1197,AOI_2_Vegas,AOI_2_Vegas:-11528:3618,test,owlv2,area,fixed,5.0,0.5,0,0,50,3,0.0,owlv2
AOI_2_Vegas_img1197,AOI_2_Vegas,AOI_2_Vegas:-11528:3618,test,owlv2,area,fixed,10.0,0.5,0,0,50,0,0.0,owlv2
AOI_2_Vegas_img1215,AOI_2_Vegas,AOI_2_Vegas:-11528:3621,test,owlv2,area,fixed,0.3,0.5,20,276,29,44,3.65,owlv2
AOI_2_Vegas_img1215,AOI_2_Vegas,AOI_2_Vegas:-11528:3621,test,owlv2,area,fixed,0.45,0.5,21,167,29,43,2.2,owlv2
AOI_2_Vegas_img1215,AOI_2_Vegas,AOI_2_Vegas:-11528:3621,test,owlv2,area,fixed,0.6,0.5,20,150,29,39,2.85,owlv2
AOI_2_Vegas_img1215,AOI_2_Vegas,AOI_2_Vegas:-11528:3621,test,owlv2,area,fixed,0.9,0.5,18,56,29,10,1.35,owlv2
AOI_2_Vegas_img1215,AOI_2_Vegas,AOI_2_Vegas:-11528:3621,test,owlv2,area,fixed,1.2,0.5,17,47,29,8,1.4,owlv2
AOI_2_Vegas_img1215,AOI_2_Vegas,AOI_2_Vegas:-11528:3621,test,owlv2,area,fixed,1.8,0.5,12,42,29,11,1.05,owlv2
AOI_2_Vegas_img1215,AOI_2_Vegas,AOI_2_Vegas:-11528:3621,test,owlv2,area,fixed,2.4,0.5,15,45,29,7,1.55,owlv2
AOI_2_Vegas_img1215,AOI_2_Vegas,AOI_2_Vegas:-11528:3621,test,owlv2,area,fixed,3.6,0.5,0,0,29,0,0.0,owlv2
AOI_2_Vegas_img1215,AOI_2_Vegas,AOI_2_Vegas:-11528:3621,test,owlv2,area,fixed,5.0,0.5,0,0,29,0,0.0,owlv2
AOI_2_Vegas_img1215,AOI_2_Vegas,AOI_2_Vegas:-11528:3621,test,owlv2,area,fixed,10.0,0.5,0,0,29,0,0.0,owlv2
AOI_2_Vegas_img1216,AOI_2_Vegas,AOI_2_Vegas:-11528:3621,test,owlv2,area,fixed,0.3,0.5,24,325,31,42,2.25,owlv2
AOI_2_Vegas_img1216,AOI_2_Vegas,AOI_2_Vegas:-11528:3621,test,owlv2,area,fixed,0.45,0.5,21,180,31,25,1.1,owlv2
AOI_2_Vegas_img1216,AOI_2_Vegas,AOI_2_Vegas:-11528:3621,test,owlv2,area,fixed,0.6,0.5,21,167,31,26,1.4,owlv2
AOI_2_Vegas_img1216,AOI_2_Vegas,AOI_2_Vegas:-11528:3621,test,owlv2,area,fixed,0.9,0.5,23,71,31,16,0.6,owlv2
AOI_2_Vegas_img1216,AOI_2_Vegas,AOI_2_Vegas:-11528:3621,test,owlv2,area,fixed,1.2,0.5,22,48,31,11,0.5,owlv2
AOI_2_Vegas_img1216,AOI_2_Vegas,AOI_2_Vegas:-11528:3621,test,owlv2,area,fixed,1.8,0.5,14,34,31,11,0.3,owlv2
AOI_2_Vegas_img1216,AOI_2_Vegas,AOI_2_Vegas:-11528:3621,test,owlv2,area,fixed,2.4,0.5,15,33,31,8,0.25,owlv2
AOI_2_Vegas_img1216,AOI_2_Vegas,AOI_2_Vegas:-11528:3621,test,owlv2,area,fixed,3.6,0.5,13,22,31,9,0.4,owlv2
AOI_2_Vegas_img1216,AOI_2_Vegas,AOI_2_Vegas:-11528:3621,test,owlv2,area,fixed,5.0,0.5,1,1,31,2,0.0,owlv2
AOI_2_Vegas_img1216,AOI_2_Vegas,AOI_2_Vegas:-11528:3621,test,owlv2,area,fixed,10.0,0.5,0,0,31,0,0.0,owlv2
AOI_2_Vegas_img1217,AOI_2_Vegas,AOI_2_Vegas:-11528:3621,test,owlv2,area,fixed,0.3,0.5,36,210,52,51,4.05,owlv2
AOI_2_Vegas_img1217,AOI_2_Vegas,AOI_2_Vegas:-11528:3621,test,owlv2,area,fixed,0.45,0.5,37,145,52,37,2.8,owlv2
AOI_2_Vegas_img1217,AOI_2_Vegas,AOI_2_Vegas:-11528:3621,test,owlv2,area,fixed,0.6,0.5,38,131,52,43,2.6,owlv2
AOI_2_Vegas_img1217,AOI_2_Vegas,AOI_2_Vegas:-11528:3621,test,owlv2,area,fixed,0.9,0.5,32,109,52,26,2.15,owlv2
AOI_2_Vegas_img1217,AOI_2_Vegas,AOI_2_Vegas:-11528:3621,test,owlv2,area,fixed,1.2,0.5,26,98,52,34,1.85,owlv2
AOI_2_Vegas_img1217,AOI_2_Vegas,AOI_2_Vegas:-11528:3621,test,owlv2,area,fixed,1.8,0.5,20,61,52,41,0.6,owlv2
AOI_2_Vegas_img1217,AOI_2_Vegas,AOI_2_Vegas:-11528:3621,test,owlv2,area,fixed,2.4,0.5,9,49,52,34,0.65,owlv2
AOI_2_Vegas_img1217,AOI_2_Vegas,AOI_2_Vegas:-11528:3621,test,owlv2,area,fixed,3.6,0.5,6,28,52,39,0.3,owlv2
AOI_2_Vegas_img1217,AOI_2_Vegas,AOI_2_Vegas:-11528:3621,test,owlv2,area,fixed,5.0,0.5,0,0,52,0,0.0,owlv2
AOI_2_Vegas_img1217,AOI_2_Vegas,AOI_2_Vegas:-11528:3621,test,owlv2,area,fixed,10.0,0.5,0,0,52,0,0.0,owlv2
AOI_2_Vegas_img1246,AOI_2_Vegas,AOI_2_Vegas:-11528:3615,test,owlv2,area,fixed,0.3,0.5,20,155,40,41,2.5,owlv2
AOI_2_Vegas_img1246,AOI_2_Vegas,AOI_2_Vegas:-11528:3615,test,owlv2,area,fixed,0.45,0.5,19,104,40,40,1.6,owlv2
AOI_2_Vegas_img1246,AOI_2_Vegas,AOI_2_Vegas:-11528:3615,test,owlv2,area,fixed,0.6,0.5,21,89,40,34,1.3,owlv2
AOI_2_Vegas_img1246,AOI_2_Vegas,AOI_2_Vegas:-11528:3615,test,owlv2,area,fixed,0.9,0.5,14,61,40,38,1.15,owlv2
AOI_2_Vegas_img1246,AOI_2_Vegas,AOI_2_Vegas:-11528:3615,test,owlv2,area,fixed,1.2,0.5,13,57,40,28,1.3,owlv2
AOI_2_Vegas_img1246,AOI_2_Vegas,AOI_2_Vegas:-11528:3615,test,owlv2,area,fixed,1.8,0.5,12,44,40,22,1.6,owlv2
AOI_2_Vegas_img1246,AOI_2_Vegas,AOI_2_Vegas:-11528:3615,test,owlv2,area,fixed,2.4,0.5,10,23,40,21,0.65,owlv2
AOI_2_Vegas_img1246,AOI_2_Vegas,AOI_2_Vegas:-11528:3615,test,owlv2,area,fixed,3.6,0.5,0,0,40,0,0.0,owlv2
AOI_2_Vegas_img1246,AOI_2_Vegas,AOI_2_Vegas:-11528:3615,test,owlv2,area,fixed,5.0,0.5,0,0,40,0,0.0,owlv2
AOI_2_Vegas_img1246,AOI_2_Vegas,AOI_2_Vegas:-11528:3615,test,owlv2,area,fixed,10.0,0.5,0,0,40,3,0.0,owlv2
AOI_2_Vegas_img1290,AOI_2_Vegas,AOI_2_Vegas:-11528:3623,test,owlv2,area,fixed,0.3,0.5,26,105,45,31,1.4,owlv2
AOI_2_Vegas_img1290,AOI_2_Vegas,AOI_2_Vegas:-11528:3623,test,owlv2,area,fixed,0.45,0.5,18,72,45,27,0.9,owlv2
AOI_2_Vegas_img1290,AOI_2_Vegas,AOI_2_Vegas:-11528:3623,test,owlv2,area,fixed,0.6,0.5,19,66,45,35,1.05,owlv2
AOI_2_Vegas_img1290,AOI_2_Vegas,AOI_2_Vegas:-11528:3623,test,owlv2,area,fixed,0.9,0.5,5,20,45,22,0.25,owlv2
AOI_2_Vegas_img1290,AOI_2_Vegas,AOI_2_Vegas:-11528:3623,test,owlv2,area,fixed,1.2,0.5,2,14,45,21,0.3,owlv2
AOI_2_Vegas_img1290,AOI_2_Vegas,AOI_2_Vegas:-11528:3623,test,owlv2,area,fixed,1.8,0.5,3,17,45,20,0.15,owlv2
AOI_2_Vegas_img1290,AOI_2_Vegas,AOI_2_Vegas:-11528:3623,test,owlv2,area,fixed,2.4,0.5,4,16,45,18,0.45,owlv2
AOI_2_Vegas_img1290,AOI_2_Vegas,AOI_2_Vegas:-11528:3623,test,owlv2,area,fixed,3.6,0.5,0,0,45,5,0.0,owlv2
AOI_2_Vegas_img1290,AOI_2_Vegas,AOI_2_Vegas:-11528:3623,test,owlv2,area,fixed,5.0,0.5,0,0,45,0,0.0,owlv2
AOI_2_Vegas_img1290,AOI_2_Vegas,AOI_2_Vegas:-11528:3623,test,owlv2,area,fixed,10.0,0.5,0,0,45,0,0.0,owlv2
AOI_2_Vegas_img1381,AOI_2_Vegas,AOI_2_Vegas:-11527:3617,test,owlv2,area,fixed,0.3,0.5,41,234,52,52,4.9,owlv2
AOI_2_Vegas_img1381,AOI_2_Vegas,AOI_2_Vegas:-11527:3617,test,owlv2,area,fixed,0.45,0.5,33,127,52,35,3.35,owlv2
AOI_2_Vegas_img1381,AOI_2_Vegas,AOI_2_Vegas:-11527:3617,test,owlv2,area,fixed,0.6,0.5,32,78,52,35,2.05,owlv2
AOI_2_Vegas_img1381,AOI_2_Vegas,AOI_2_Vegas:-11527:3617,test,owlv2,area,fixed,0.9,0.5,20,36,52,24,1.4,owlv2
AOI_2_Vegas_img1381,AOI_2_Vegas,AOI_2_Vegas:-11527:3617,test,owlv2,area,fixed,1.2,0.5,20,29,52,12,1.05,owlv2
AOI_2_Vegas_img1381,AOI_2_Vegas,AOI_2_Vegas:-11527:3617,test,owlv2,area,fixed,1.8,0.5,13,21,52,12,0.9,owlv2
AOI_2_Vegas_img1381,AOI_2_Vegas,AOI_2_Vegas:-11527:3617,test,owlv2,area,fixed,2.4,0.5,7,8,52,3,0.5,owlv2
AOI_2_Vegas_img1381,AOI_2_Vegas,AOI_2_Vegas:-11527:3617,test,owlv2,area,fixed,3.6,0.5,0,0,52,0,0.0,owlv2
AOI_2_Vegas_img1381,AOI_2_Vegas,AOI_2_Vegas:-11527:3617,test,owlv2,area,fixed,5.0,0.5,0,0,52,0,0.0,owlv2
AOI_2_Vegas_img1381,AOI_2_Vegas,AOI_2_Vegas:-11527:3617,test,owlv2,area,fixed,10.0,0.5,0,0,52,0,0.0,owlv2
AOI_2_Vegas_img139,AOI_2_Vegas,AOI_2_Vegas:-11531:3617,test,owlv2,area,fixed,0.3,0.5,15,154,26,26,0.5,owlv2
AOI_2_Vegas_img139,AOI_2_Vegas,AOI_2_Vegas:-11531:3617,test,owlv2,area,fixed,0.45,0.5,11,95,26,22,0.35,owlv2
AOI_2_Vegas_img139,AOI_2_Vegas,AOI_2_Vegas:-11531:3617,test,owlv2,area,fixed,0.6,0.5,9,87,26,25,0.55,owlv2
AOI_2_Vegas_img139,AOI_2_Vegas,AOI_2_Vegas:-11531:3617,test,owlv2,area,fixed,0.9,0.5,8,47,26,18,0.3,owlv2
AOI_2_Vegas_img139,AOI_2_Vegas,AOI_2_Vegas:-11531:3617,test,owlv2,area,fixed,1.2,0.5,10,52,26,17,0.5,owlv2
AOI_2_Vegas_img139,AOI_2_Vegas,AOI_2_Vegas:-11531:3617,test,owlv2,area,fixed,1.8,0.5,3,41,26,26,0.3,owlv2
AOI_2_Vegas_img139,AOI_2_Vegas,AOI_2_Vegas:-11531:3617,test,owlv2,area,fixed,2.4,0.5,0,9,26,20,0.3,owlv2
AOI_2_Vegas_img139,AOI_2_Vegas,AOI_2_Vegas:-11531:3617,test,owlv2,area,fixed,3.6,0.5,0,0,26,10,0.0,owlv2
AOI_2_Vegas_img139,AOI_2_Vegas,AOI_2_Vegas:-11531:3617,test,owlv2,area,fixed,5.0,0.5,0,0,26,9,0.0,owlv2
AOI_2_Vegas_img139,AOI_2_Vegas,AOI_2_Vegas:-11531:3617,test,owlv2,area,fixed,10.0,0.5,0,0,26,1,0.0,owlv2
AOI_2_Vegas_img1489,AOI_2_Vegas,AOI_2_Vegas:-11527:3614,test,owlv2,area,fixed,0.3,0.5,3,25,14,40,0.05,owlv2
AOI_2_Vegas_img1489,AOI_2_Vegas,AOI_2_Vegas:-11527:3614,test,owlv2,area,fixed,0.45,0.5,2,10,14,24,0.1,owlv2
AOI_2_Vegas_img1489,AOI_2_Vegas,AOI_2_Vegas:-11527:3614,test,owlv2,area,fixed,0.6,0.5,1,6,14,21,0.0,owlv2
AOI_2_Vegas_img1489,AOI_2_Vegas,AOI_2_Vegas:-11527:3614,test,owlv2,area,fixed,0.9,0.5,0,0,14,6,0.0,owlv2
AOI_2_Vegas_img1489,AOI_2_Vegas,AOI_2_Vegas:-11527:3614,test,owlv2,area,fixed,1.2,0.5,0,0,14,0,0.0,owlv2
AOI_2_Vegas_img1489,AOI_2_Vegas,AOI_2_Vegas:-11527:3614,test,owlv2,area,fixed,1.8,0.5,0,0,14,0,0.0,owlv2
AOI_2_Vegas_img1489,AOI_2_Vegas,AOI_2_Vegas:-11527:3614,test,owlv2,area,fixed,2.4,0.5,0,0,14,0,0.0,owlv2
AOI_2_Vegas_img1489,AOI_2_Vegas,AOI_2_Vegas:-11527:3614,test,owlv2,area,fixed,3.6,0.5,0,0,14,0,0.0,owlv2
AOI_2_Vegas_img1489,AOI_2_Vegas,AOI_2_Vegas:-11527:3614,test,owlv2,area,fixed,5.0,0.5,0,0,14,1,0.0,owlv2
AOI_2_Vegas_img1489,AOI_2_Vegas,AOI_2_Vegas:-11527:3614,test,owlv2,area,fixed,10.0,0.5,0,0,14,0,0.0,owlv2
AOI_2_Vegas_img1504,AOI_2_Vegas,AOI_2_Vegas:-11527:3616,test,owlv2,area,fixed,0.3,0.5,6,65,11,7,0.0,owlv2
AOI_2_Vegas_img1504,AOI_2_Vegas,AOI_2_Vegas:-11527:3616,test,owlv2,area,fixed,0.45,0.5,6,57,11,5,0.15,owlv2
AOI_2_Vegas_img1504,AOI_2_Vegas,AOI_2_Vegas:-11527:3616,test,owlv2,area,fixed,0.6,0.5,6,53,11,6,0.0,owlv2
AOI_2_Vegas_img1504,AOI_2_Vegas,AOI_2_Vegas:-11527:3616,test,owlv2,area,fixed,0.9,0.5,6,22,11,4,0.05,owlv2
AOI_2_Vegas_img1504,AOI_2_Vegas,AOI_2_Vegas:-11527:3616,test,owlv2,area,fixed,1.2,0.5,3,13,11,4,0.0,owlv2
AOI_2_Vegas_img1504,AOI_2_Vegas,AOI_2_Vegas:-11527:3616,test,owlv2,area,fixed,1.8,0.5,3,10,11,0,0.1,owlv2
AOI_2_Vegas_img1504,AOI_2_Vegas,AOI_2_Vegas:-11527:3616,test,owlv2,area,fixed,2.4,0.5,0,1,11,0,0.0,owlv2
AOI_2_Vegas_img1504,AOI_2_Vegas,AOI_2_Vegas:-11527:3616,test,owlv2,area,fixed,3.6,0.5,0,0,11,1,0.0,owlv2
AOI_2_Vegas_img1504,AOI_2_Vegas,AOI_2_Vegas:-11527:3616,test,owlv2,area,fixed,5.0,0.5,0,0,11,1,0.0,owlv2
AOI_2_Vegas_img1504,AOI_2_Vegas,AOI_2_Vegas:-11527:3616,test,owlv2,area,fixed,10.0,0.5,0,0,11,0,0.0,owlv2
AOI_2_Vegas_img1510,AOI_2_Vegas,AOI_2_Vegas:-11527:3618,test,owlv2,area,fixed,0.3,0.5,0,22,1,6,0.0,owlv2
AOI_2_Vegas_img1510,AOI_2_Vegas,AOI_2_Vegas:-11527:3618,test,owlv2,area,fixed,0.45,0.5,0,18,1,3,0.0,owlv2
AOI_2_Vegas_img1510,AOI_2_Vegas,AOI_2_Vegas:-11527:3618,test,owlv2,area,fixed,0.6,0.5,0,22,1,4,0.0,owlv2
AOI_2_Vegas_img1510,AOI_2_Vegas,AOI_2_Vegas:-11527:3618,test,owlv2,area,fixed,0.9,0.5,0,5,1,1,0.0,owlv2
AOI_2_Vegas_img1510,AOI_2_Vegas,AOI_2_Vegas:-11527:3618,test,owlv2,area,fixed,1.2,0.5,0,3,1,1,0.0,owlv2
AOI_2_Vegas_img1510,AOI_2_Vegas,AOI_2_Vegas:-11527:3618,test,owlv2,area,fixed,1.8,0.5,0,1,1,1,0.0,owlv2
AOI_2_Vegas_img1510,AOI_2_Vegas,AOI_2_Vegas:-11527:3618,test,owlv2,area,fixed,2.4,0.5,0,0,1,1,0.0,owlv2
AOI_2_Vegas_img1510,AOI_2_Vegas,AOI_2_Vegas:-11527:3618,test,owlv2,area,fixed,3.6,0.5,0,0,1,1,0.0,owlv2
AOI_2_Vegas_img1510,AOI_2_Vegas,AOI_2_Vegas:-11527:3618,test,owlv2,area,fixed,5.0,0.5,0,0,1,0,0.0,owlv2
AOI_2_Vegas_img1510,AOI_2_Vegas,AOI_2_Vegas:-11527:3618,test,owlv2,area,fixed,10.0,0.5,0,0,1,0,0.0,owlv2
AOI_2_Vegas_img1536,AOI_2_Vegas,AOI_2_Vegas:-11527:3622,test,owlv2,area,fixed,0.3,0.5,12,71,24,29,0.3,owlv2
AOI_2_Vegas_img1536,AOI_2_Vegas,AOI_2_Vegas:-11527:3622,test,owlv2,area,fixed,0.45,0.5,9,58,24,27,0.25,owlv2
AOI_2_Vegas_img1536,AOI_2_Vegas,AOI_2_Vegas:-11527:3622,test,owlv2,area,fixed,0.6,0.5,8,46,24,29,0.1,owlv2
AOI_2_Vegas_img1536,AOI_2_Vegas,AOI_2_Vegas:-11527:3622,test,owlv2,area,fixed,0.9,0.5,8,30,24,21,0.15,owlv2
AOI_2_Vegas_img1536,AOI_2_Vegas,AOI_2_Vegas:-11527:3622,test,owlv2,area,fixed,1.2,0.5,5,18,24,18,0.05,owlv2
AOI_2_Vegas_img1536,AOI_2_Vegas,AOI_2_Vegas:-11527:3622,test,owlv2,area,fixed,1.8,0.5,3,6,24,11,0.0,owlv2
AOI_2_Vegas_img1536,AOI_2_Vegas,AOI_2_Vegas:-11527:3622,test,owlv2,area,fixed,2.4,0.5,2,4,24,6,0.15,owlv2
AOI_2_Vegas_img1536,AOI_2_Vegas,AOI_2_Vegas:-11527:3622,test,owlv2,area,fixed,3.6,0.5,0,0,24,0,0.0,owlv2
AOI_2_Vegas_img1536,AOI_2_Vegas,AOI_2_Vegas:-11527:3622,test,owlv2,area,fixed,5.0,0.5,0,0,24,0,0.0,owlv2
AOI_2_Vegas_img1536,AOI_2_Vegas,AOI_2_Vegas:-11527:3622,test,owlv2,area,fixed,10.0,0.5,0,0,24,1,0.0,owlv2
AOI_2_Vegas_img1540,AOI_2_Vegas,AOI_2_Vegas:-11527:3623,test,owlv2,area,fixed,0.3,0.5,31,138,36,36,1.05,owlv2
AOI_2_Vegas_img1540,AOI_2_Vegas,AOI_2_Vegas:-11527:3623,test,owlv2,area,fixed,0.45,0.5,26,78,36,26,0.9,owlv2
AOI_2_Vegas_img1540,AOI_2_Vegas,AOI_2_Vegas:-11527:3623,test,owlv2,area,fixed,0.6,0.5,24,71,36,21,1.05,owlv2
AOI_2_Vegas_img1540,AOI_2_Vegas,AOI_2_Vegas:-11527:3623,test,owlv2,area,fixed,0.9,0.5,18,35,36,16,0.9,owlv2
AOI_2_Vegas_img1540,AOI_2_Vegas,AOI_2_Vegas:-11527:3623,test,owlv2,area,fixed,1.2,0.5,15,20,36,11,0.35,owlv2
AOI_2_Vegas_img1540,AOI_2_Vegas,AOI_2_Vegas:-11527:3623,test,owlv2,area,fixed,1.8,0.5,4,6,36,11,0.15,owlv2
AOI_2_Vegas_img1540,AOI_2_Vegas,AOI_2_Vegas:-11527:3623,test,owlv2,area,fixed,2.4,0.5,1,3,36,9,0.05,owlv2
AOI_2_Vegas_img1540,AOI_2_Vegas,AOI_2_Vegas:-11527:3623,test,owlv2,area,fixed,3.6,0.5,0,0,36,14,0.0,owlv2
AOI_2_Vegas_img1540,AOI_2_Vegas,AOI_2_Vegas:-11527:3623,test,owlv2,area,fixed,5.0,0.5,0,0,36,4,0.0,owlv2
AOI_2_Vegas_img1540,AOI_2_Vegas,AOI_2_Vegas:-11527:3623,test,owlv2,area,fixed,10.0,0.5,0,0,36,0,0.0,owlv2
AOI_2_Vegas_img1542,AOI_2_Vegas,AOI_2_Vegas:-11527:3612,test,owlv2,area,fixed,0.3,0.5,50,273,61,42,4.55,owlv2
AOI_2_Vegas_img1542,AOI_2_Vegas,AOI_2_Vegas:-11527:3612,test,owlv2,area,fixed,0.45,0.5,46,174,61,29,3.15,owlv2
AOI_2_Vegas_img1542,AOI_2_Vegas,AOI_2_Vegas:-11527:3612,test,owlv2,area,fixed,0.6,0.5,40,128,61,25,3.5,owlv2
AOI_2_Vegas_img1542,AOI_2_Vegas,AOI_2_Vegas:-11527:3612,test,owlv2,area,fixed,0.9,0.5,11,22,61,12,0.65,owlv2
AOI_2_Vegas_img1542,AOI_2_Vegas,AOI_2_Vegas:-11527:3612,test,owlv2,area,fixed,1.2,0.5,1,5,61,9,0.05,owlv2
AOI_2_Vegas_img1542,AOI_2_Vegas,AOI_2_Vegas:-11527:3612,test,owlv2,area,fixed,1.8,0.5,2,12,61,8,0.15,owlv2
AOI_2_Vegas_img1542,AOI_2_Vegas,AOI_2_Vegas:-11527:3612,test,owlv2,area,fixed,2.4,0.5,0,0,61,3,0.0,owlv2
AOI_2_Vegas_img1542,AOI_2_Vegas,AOI_2_Vegas:-11527:3612,test,owlv2,area,fixed,3.6,0.5,0,0,61,2,0.0,owlv2
AOI_2_Vegas_img1542,AOI_2_Vegas,AOI_2_Vegas:-11527:3612,test,owlv2,area,fixed,5.0,0.5,0,0,61,1,0.0,owlv2
AOI_2_Vegas_img1542,AOI_2_Vegas,AOI_2_Vegas:-11527:3612,test,owlv2,area,fixed,10.0,0.5,0,0,61,0,0.0,owlv2
AOI_2_Vegas_img1548,AOI_2_Vegas,AOI_2_Vegas:-11527:3613,test,owlv2,area,fixed,0.3,0.5,7,155,26,59,0.9,owlv2
AOI_2_Vegas_img1548,AOI_2_Vegas,AOI_2_Vegas:-11527:3613,test,owlv2,area,fixed,0.45,0.5,6,104,26,50,0.85,owlv2
AOI_2_Vegas_img1548,AOI_2_Vegas,AOI_2_Vegas:-11527:3613,test,owlv2,area,fixed,0.6,0.5,5,115,26,60,0.85,owlv2
AOI_2_Vegas_img1548,AOI_2_Vegas,AOI_2_Vegas:-11527:3613,test,owlv2,area,fixed,0.9,0.5,4,76,26,54,0.35,owlv2
AOI_2_Vegas_img1548,AOI_2_Vegas,AOI_2_Vegas:-11527:3613,test,owlv2,area,fixed,1.2,0.5,5,64,26,55,0.35,owlv2
AOI_2_Vegas_img1548,AOI_2_Vegas,AOI_2_Vegas:-11527:3613,test,owlv2,area,fixed,1.8,0.5,6,39,26,48,0.45,owlv2
AOI_2_Vegas_img1548,AOI_2_Vegas,AOI_2_Vegas:-11527:3613,test,owlv2,area,fixed,2.4,0.5,1,8,26,27,0.0,owlv2
AOI_2_Vegas_img1548,AOI_2_Vegas,AOI_2_Vegas:-11527:3613,test,owlv2,area,fixed,3.6,0.5,0,0,26,2,0.0,owlv2
AOI_2_Vegas_img1548,AOI_2_Vegas,AOI_2_Vegas:-11527:3613,test,owlv2,area,fixed,5.0,0.5,0,0,26,0,0.0,owlv2
AOI_2_Vegas_img1548,AOI_2_Vegas,AOI_2_Vegas:-11527:3613,test,owlv2,area,fixed,10.0,0.5,0,0,26,0,0.0,owlv2
AOI_2_Vegas_img1566,AOI_2_Vegas,AOI_2_Vegas:-11527:3616,test,owlv2,area,fixed,0.3,0.5,10,75,16,35,0.1,owlv2
AOI_2_Vegas_img1566,AOI_2_Vegas,AOI_2_Vegas:-11527:3616,test,owlv2,area,fixed,0.45,0.5,9,56,16,37,0.2,owlv2
AOI_2_Vegas_img1566,AOI_2_Vegas,AOI_2_Vegas:-11527:3616,test,owlv2,area,fixed,0.6,0.5,9,43,16,36,0.0,owlv2
AOI_2_Vegas_img1566,AOI_2_Vegas,AOI_2_Vegas:-11527:3616,test,owlv2,area,fixed,0.9,0.5,3,29,16,21,0.05,owlv2
AOI_2_Vegas_img1566,AOI_2_Vegas,AOI_2_Vegas:-11527:3616,test,owlv2,area,fixed,1.2,0.5,1,9,16,17,0.0,owlv2
AOI_2_Vegas_img1566,AOI_2_Vegas,AOI_2_Vegas:-11527:3616,test,owlv2,area,fixed,1.8,0.5,1,7,16,18,0.0,owlv2
AOI_2_Vegas_img1566,AOI_2_Vegas,AOI_2_Vegas:-11527:3616,test,owlv2,area,fixed,2.4,0.5,0,6,16,12,0.0,owlv2
AOI_2_Vegas_img1566,AOI_2_Vegas,AOI_2_Vegas:-11527:3616,test,owlv2,area,fixed,3.6,0.5,1,2,16,24,0.0,owlv2
AOI_2_Vegas_img1566,AOI_2_Vegas,AOI_2_Vegas:-11527:3616,test,owlv2,area,fixed,5.0,0.5,0,0,16,14,0.0,owlv2
AOI_2_Vegas_img1566,AOI_2_Vegas,AOI_2_Vegas:-11527:3616,test,owlv2,area,fixed,10.0,0.5,0,0,16,1,0.0,owlv2
AOI_2_Vegas_img1582,AOI_2_Vegas,AOI_2_Vegas:-11527:3619,test,owlv2,area,fixed,0.3,0.5,7,90,19,56,0.1,owlv2
AOI_2_Vegas_img1582,AOI_2_Vegas,AOI_2_Vegas:-11527:3619,test,owlv2,area,fixed,0.45,0.5,7,29,19,33,0.05,owlv2
AOI_2_Vegas_img1582,AOI_2_Vegas,AOI_2_Vegas:-11527:3619,test,owlv2,area,fixed,0.6,0.5,6,30,19,37,0.1,owlv2
AOI_2_Vegas_img1582,AOI_2_Vegas,AOI_2_Vegas:-11527:3619,test,owlv2,area,fixed,0.9,0.5,5,14,19,23,0.0,owlv2
AOI_2_Vegas_img1582,AOI_2_Vegas,AOI_2_Vegas:-11527:3619,test,owlv2,area,fixed,1.2,0.5,5,8,19,24,0.05,owlv2
AOI_2_Vegas_img1582,AOI_2_Vegas,AOI_2_Vegas:-11527:3619,test,owlv2,area,fixed,1.8,0.5,3,5,19,34,0.0,owlv2
AOI_2_Vegas_img1582,AOI_2_Vegas,AOI_2_Vegas:-11527:3619,test,owlv2,area,fixed,2.4,0.5,2,10,19,25,0.0,owlv2
AOI_2_Vegas_img1582,AOI_2_Vegas,AOI_2_Vegas:-11527:3619,test,owlv2,area,fixed,3.6,0.5,1,5,19,21,0.0,owlv2
AOI_2_Vegas_img1582,AOI_2_Vegas,AOI_2_Vegas:-11527:3619,test,owlv2,area,fixed,5.0,0.5,0,0,19,3,0.0,owlv2
AOI_2_Vegas_img1582,AOI_2_Vegas,AOI_2_Vegas:-11527:3619,test,owlv2,area,fixed,10.0,0.5,0,0,19,0,0.0,owlv2
AOI_2_Vegas_img1601,AOI_2_Vegas,AOI_2_Vegas:-11527:3623,test,owlv2,area,fixed,0.3,0.5,7,135,17,74,0.55,owlv2
AOI_2_Vegas_img1601,AOI_2_Vegas,AOI_2_Vegas:-11527:3623,test,owlv2,area,fixed,0.45,0.5,5,95,17,71,0.25,owlv2
AOI_2_Vegas_img1601,AOI_2_Vegas,AOI_2_Vegas:-11527:3623,test,owlv2,area,fixed,0.6,0.5,6,88,17,70,0.65,owlv2
AOI_2_Vegas_img1601,AOI_2_Vegas,AOI_2_Vegas:-11527:3623,test,owlv2,area,fixed,0.9,0.5,4,62,17,60,0.6,owlv2
AOI_2_Vegas_img1601,AOI_2_Vegas,AOI_2_Vegas:-11527:3623,test,owlv2,area,fixed,1.2,0.5,4,55,17,63,0.35,owlv2
AOI_2_Vegas_img1601,AOI_2_Vegas,AOI_2_Vegas:-11527:3623,test,owlv2,area,fixed,1.8,0.5,2,44,17,60,0.6,owlv2
AOI_2_Vegas_img1601,AOI_2_Vegas,AOI_2_Vegas:-11527:3623,test,owlv2,area,fixed,2.4,0.5,2,30,17,51,0.15,owlv2
AOI_2_Vegas_img1601,AOI_2_Vegas,AOI_2_Vegas:-11527:3623,test,owlv2,area,fixed,3.6,0.5,1,8,17,20,0.25,owlv2
AOI_2_Vegas_img1601,AOI_2_Vegas,AOI_2_Vegas:-11527:3623,test,owlv2,area,fixed,5.0,0.5,0,0,17,0,0.0,owlv2
AOI_2_Vegas_img1601,AOI_2_Vegas,AOI_2_Vegas:-11527:3623,test,owlv2,area,fixed,10.0,0.5,0,0,17,0,0.0,owlv2
AOI_2_Vegas_img1605,AOI_2_Vegas,AOI_2_Vegas:-11527:3612,test,owlv2,area,fixed,0.3,0.5,15,105,22,30,0.75,owlv2
AOI_2_Vegas_img1605,AOI_2_Vegas,AOI_2_Vegas:-11527:3612,test,owlv2,area,fixed,0.45,0.5,14,69,22,28,0.4,owlv2
AOI_2_Vegas_img1605,AOI_2_Vegas,AOI_2_Vegas:-11527:3612,test,owlv2,area,fixed,0.6,0.5,12,56,22,27,0.5,owlv2
AOI_2_Vegas_img1605,AOI_2_Vegas,AOI_2_Vegas:-11527:3612,test,owlv2,area,fixed,0.9,0.5,10,22,22,21,0.1,owlv2
AOI_2_Vegas_img1605,AOI_2_Vegas,AOI_2_Vegas:-11527:3612,test,owlv2,area,fixed,1.2,0.5,12,22,22,25,0.1,owlv2
AOI_2_Vegas_img1605,AOI_2_Vegas,AOI_2_Vegas:-11527:3612,test,owlv2,area,fixed,1.8,0.5,8,13,22,14,0.1,owlv2
AOI_2_Vegas_img1605,AOI_2_Vegas,AOI_2_Vegas:-11527:3612,test,owlv2,area,fixed,2.4,0.5,1,3,22,9,0.0,owlv2
AOI_2_Vegas_img1605,AOI_2_Vegas,AOI_2_Vegas:-11527:3612,test,owlv2,area,fixed,3.6,0.5,0,0,22,2,0.0,owlv2
AOI_2_Vegas_img1605,AOI_2_Vegas,AOI_2_Vegas:-11527:3612,test,owlv2,area,fixed,5.0,0.5,0,0,22,0,0.0,owlv2
AOI_2_Vegas_img1605,AOI_2_Vegas,AOI_2_Vegas:-11527:3612,test,owlv2,area,fixed,10.0,0.5,0,0,22,4,0.0,owlv2
AOI_2_Vegas_img1626,AOI_2_Vegas,AOI_2_Vegas:-11527:3616,test,owlv2,area,fixed,0.3,0.5,29,168,38,58,2.3,owlv2
AOI_2_Vegas_img1626,AOI_2_Vegas,AOI_2_Vegas:-11527:3616,test,owlv2,area,fixed,0.45,0.5,27,73,38,49,1.75,owlv2
AOI_2_Vegas_img1626,AOI_2_Vegas,AOI_2_Vegas:-11527:3616,test,owlv2,area,fixed,0.6,0.5,22,57,38,44,1.35,owlv2
AOI_2_Vegas_img1626,AOI_2_Vegas,AOI_2_Vegas:-11527:3616,test,owlv2,area,fixed,0.9,0.5,12,41,38,34,1.25,owlv2
AOI_2_Vegas_img1626,AOI_2_Vegas,AOI_2_Vegas:-11527:3616,test,owlv2,area,fixed,1.2,0.5,12,38,38,40,1.0,owlv2
AOI_2_Vegas_img1626,AOI_2_Vegas,AOI_2_Vegas:-11527:3616,test,owlv2,area,fixed,1.8,0.5,11,38,38,39,1.55,owlv2
AOI_2_Vegas_img1626,AOI_2_Vegas,AOI_2_Vegas:-11527:3616,test,owlv2,area,fixed,2.4,0.5,8,19,38,20,0.35,owlv2
AOI_2_Vegas_img1626,AOI_2_Vegas,AOI_2_Vegas:-11527:3616,test,owlv2,area,fixed,3.6,0.5,0,0,38,0,0.0,owlv2
AOI_2_Vegas_img1626,AOI_2_Vegas,AOI_2_Vegas:-11527:3616,test,owlv2,area,fixed,5.0,0.5,0,0,38,0,0.0,owlv2
AOI_2_Vegas_img1626,AOI_2_Vegas,AOI_2_Vegas:-11527:3616,test,owlv2,area,fixed,10.0,0.5,0,0,38,0,0.0,owlv2
AOI_2_Vegas_img166,AOI_2_Vegas,AOI_2_Vegas:-11531:3612,test,owlv2,area,fixed,0.3,0.5,17,85,18,14,1.05,owlv2
AOI_2_Vegas_img166,AOI_2_Vegas,AOI_2_Vegas:-11531:3612,test,owlv2,area,fixed,0.45,0.5,17,61,18,13,0.65,owlv2
AOI_2_Vegas_img166,AOI_2_Vegas,AOI_2_Vegas:-11531:3612,test,owlv2,area,fixed,0.6,0.5,17,59,18,17,0.8,owlv2
AOI_2_Vegas_img166,AOI_2_Vegas,AOI_2_Vegas:-11531:3612,test,owlv2,area,fixed,0.9,0.5,14,38,18,13,0.45,owlv2
AOI_2_Vegas_img166,AOI_2_Vegas,AOI_2_Vegas:-11531:3612,test,owlv2,area,fixed,1.2,0.5,14,23,18,9,0.45,owlv2
AOI_2_Vegas_img166,AOI_2_Vegas,AOI_2_Vegas:-11531:3612,test,owlv2,area,fixed,1.8,0.5,9,17,18,6,0.35,owlv2
AOI_2_Vegas_img166,AOI_2_Vegas,AOI_2_Vegas:-11531:3612,test,owlv2,area,fixed,2.4,0.5,11,18,18,4,0.15,owlv2
AOI_2_Vegas_img166,AOI_2_Vegas,AOI_2_Vegas:-11531:3612,test,owlv2,area,fixed,3.6,0.5,5,6,18,2,0.0,owlv2
AOI_2_Vegas_img166,AOI_2_Vegas,AOI_2_Vegas:-11531:3612,test,owlv2,area,fixed,5.0,0.5,0,0,18,0,0.0,owlv2
AOI_2_Vegas_img166,AOI_2_Vegas,AOI_2_Vegas:-11531:3612,test,owlv2,area,fixed,10.0,0.5,0,0,18,0,0.0,owlv2
AOI_2_Vegas_img1669,AOI_2_Vegas,AOI_2_Vegas:-11526:3613,test,owlv2,area,fixed,0.3,0.5,13,219,28,58,0.8,owlv2
AOI_2_Vegas_img1669,AOI_2_Vegas,AOI_2_Vegas:-11526:3613,test,owlv2,area,fixed,0.45,0.5,13,155,28,47,0.75,owlv2
AOI_2_Vegas_img1669,AOI_2_Vegas,AOI_2_Vegas:-11526:3613,test,owlv2,area,fixed,0.6,0.5,10,129,28,47,0.8,owlv2
AOI_2_Vegas_img1669,AOI_2_Vegas,AOI_2_Vegas:-11526:3613,test,owlv2,area,fixed,0.9,0.5,11,84,28,46,0.7,owlv2
AOI_2_Vegas_img1669,AOI_2_Vegas,AOI_2_Vegas:-11526:3613,test,owlv2,area,fixed,1.2,0.5,7,70,28,50,0.75,owlv2
AOI_2_Vegas_img1669,AOI_2_Vegas,AOI_2_Vegas:-11526:3613,test,owlv2,area,fixed,1.8,0.5,4,56,28,44,0.5,owlv2
AOI_2_Vegas_img1669,AOI_2_Vegas,AOI_2_Vegas:-11526:3613,test,owlv2,area,fixed,2.4,0.5,3,31,28,35,0.35,owlv2
AOI_2_Vegas_img1669,AOI_2_Vegas,AOI_2_Vegas:-11526:3613,test,owlv2,area,fixed,3.6,0.5,0,1,28,14,0.0,owlv2
AOI_2_Vegas_img1669,AOI_2_Vegas,AOI_2_Vegas:-11526:3613,test,owlv2,area,fixed,5.0,0.5,0,0,28,1,0.0,owlv2
AOI_2_Vegas_img1669,AOI_2_Vegas,AOI_2_Vegas:-11526:3613,test,owlv2,area,fixed,10.0,0.5,0,0,28,0,0.0,owlv2
AOI_2_Vegas_img1671,AOI_2_Vegas,AOI_2_Vegas:-11526:3613,test,owlv2,area,fixed,0.3,0.5,9,125,21,52,0.25,owlv2
AOI_2_Vegas_img1671,AOI_2_Vegas,AOI_2_Vegas:-11526:3613,test,owlv2,area,fixed,0.45,0.5,9,93,21,51,0.75,owlv2
AOI_2_Vegas_img1671,AOI_2_Vegas,AOI_2_Vegas:-11526:3613,test,owlv2,area,fixed,0.6,0.5,10,90,21,50,0.4,owlv2
AOI_2_Vegas_img1671,AOI_2_Vegas,AOI_2_Vegas:-11526:3613,test,owlv2,area,fixed,0.9,0.5,8,78,21,47,0.25,owlv2
AOI_2_Vegas_img1671,AOI_2_Vegas,AOI_2_Vegas:-11526:3613,test,owlv2,area,fixed,1.2,0.5,10,75,21,50,0.4,owlv2
AOI_2_Vegas_img1671,AOI_2_Vegas,AOI_2_Vegas:-11526:3613,test,owlv2,area,fixed,1.8,0.5,6,50,21,44,0.5,owlv2
AOI_2_Vegas_img1671,AOI_2_Vegas,AOI_2_Vegas:-11526:3613,test,owlv2,area,fixed,2.4,0.5,2,11,21,42,0.2,owlv2
AOI_2_Vegas_img1671,AOI_2_Vegas,AOI_2_Vegas:-11526:3613,test,owlv2,area,fixed,3.6,0.5,3,10,21,21,0.1,owlv2
AOI_2_Vegas_img1671,AOI_2_Vegas,AOI_2_Vegas:-11526:3613,test,owlv2,area,fixed,5.0,0.5,0,0,21,7,0.0,owlv2
AOI_2_Vegas_img1671,AOI_2_Vegas,AOI_2_Vegas:-11526:3613,test,owlv2,area,fixed,10.0,0.5,0,0,21,0,0.0,owlv2
AOI_2_Vegas_img1697,AOI_2_Vegas,AOI_2_Vegas:-11526:3618,test,owlv2,area,fixed,0.3,0.5,5,22,9,32,0.05,owlv2
AOI_2_Vegas_img1697,AOI_2_Vegas,AOI_2_Vegas:-11526:3618,test,owlv2,area,fixed,0.45,0.5,2,3,9,19,0.0,owlv2
AOI_2_Vegas_img1697,AOI_2_Vegas,AOI_2_Vegas:-11526:3618,test,owlv2,area,fixed,0.6,0.5,2,2,9,17,0.05,owlv2
AOI_2_Vegas_img1697,AOI_2_Vegas,AOI_2_Vegas:-11526:3618,test,owlv2,area,fixed,0.9,0.5,0,0,9,6,0.0,owlv2
AOI_2_Vegas_img1697,AOI_2_Vegas,AOI_2_Vegas:-11526:3618,test,owlv2,area,fixed,1.2,0.5,0,0,9,2,0.0,owlv2
AOI_2_Vegas_img1697,AOI_2_Vegas,AOI_2_Vegas:-11526:3618,test,owlv2,area,fixed,1.8,0.5,0,0,9,3,0.0,owlv2
AOI_2_Vegas_img1697,AOI_2_Vegas,AOI_2_Vegas:-11526:3618,test,owlv2,area,fixed,2.4,0.5,0,0,9,1,0.0,owlv2
AOI_2_Vegas_img1697,AOI_2_Vegas,AOI_2_Vegas:-11526:3618,test,owlv2,area,fixed,3.6,0.5,0,0,9,2,0.0,owlv2
AOI_2_Vegas_img1697,AOI_2_Vegas,AOI_2_Vegas:-11526:3618,test,owlv2,area,fixed,5.0,0.5,0,0,9,4,0.0,owlv2
AOI_2_Vegas_img1697,AOI_2_Vegas,AOI_2_Vegas:-11526:3618,test,owlv2,area,fixed,10.0,0.5,0,0,9,3,0.0,owlv2
AOI_2_Vegas_img1746,AOI_2_Vegas,AOI_2_Vegas:-11526:3615,test,owlv2,area,fixed,0.3,0.5,8,219,18,59,0.8,owlv2
AOI_2_Vegas_img1746,AOI_2_Vegas,AOI_2_Vegas:-11526:3615,test,owlv2,area,fixed,0.45,0.5,6,133,18,44,0.2,owlv2
AOI_2_Vegas_img1746,AOI_2_Vegas,AOI_2_Vegas:-11526:3615,test,owlv2,area,fixed,0.6,0.5,8,127,18,45,0.35,owlv2
AOI_2_Vegas_img1746,AOI_2_Vegas,AOI_2_Vegas:-11526:3615,test,owlv2,area,fixed,0.9,0.5,5,81,18,38,0.25,owlv2
AOI_2_Vegas_img1746,AOI_2_Vegas,AOI_2_Vegas:-11526:3615,test,owlv2,area,fixed,1.2,0.5,5,90,18,31,0.35,owlv2
AOI_2_Vegas_img1746,AOI_2_Vegas,AOI_2_Vegas:-11526:3615,test,owlv2,area,fixed,1.8,0.5,4,56,18,24,0.25,owlv2
AOI_2_Vegas_img1746,AOI_2_Vegas,AOI_2_Vegas:-11526:3615,test,owlv2,area,fixed,2.4,0.5,4,12,18,12,0.15,owlv2
AOI_2_Vegas_img1746,AOI_2_Vegas,AOI_2_Vegas:-11526:3615,test,owlv2,area,fixed,3.6,0.5,0,0,18,8,0.0,owlv2
AOI_2_Vegas_img1746,AOI_2_Vegas,AOI_2_Vegas:-11526:3615,test,owlv2,area,fixed,5.0,0.5,0,0,18,2,0.0,owlv2
AOI_2_Vegas_img1746,AOI_2_Vegas,AOI_2_Vegas:-11526:3615,test,owlv2,area,fixed,10.0,0.5,0,0,18,0,0.0,owlv2
AOI_2_Vegas_img1762,AOI_2_Vegas,AOI_2_Vegas:-11526:3618,test,owlv2,area,fixed,0.3,0.5,39,262,71,30,4.75,owlv2
AOI_2_Vegas_img1762,AOI_2_Vegas,AOI_2_Vegas:-11526:3618,test,owlv2,area,fixed,0.45,0.5,27,188,71,28,3.2,owlv2
AOI_2_Vegas_img1762,AOI_2_Vegas,AOI_2_Vegas:-11526:3618,test,owlv2,area,fixed,0.6,0.5,22,119,71,26,2.2,owlv2
AOI_2_Vegas_img1762,AOI_2_Vegas,AOI_2_Vegas:-11526:3618,test,owlv2,area,fixed,0.9,0.5,0,1,71,1,0.0,owlv2
AOI_2_Vegas_img1762,AOI_2_Vegas,AOI_2_Vegas:-11526:3618,test,owlv2,area,fixed,1.2,0.5,0,0,71,0,0.0,owlv2
AOI_2_Vegas_img1762,AOI_2_Vegas,AOI_2_Vegas:-11526:3618,test,owlv2,area,fixed,1.8,0.5,0,0,71,0,0.0,owlv2
AOI_2_Vegas_img1762,AOI_2_Vegas,AOI_2_Vegas:-11526:3618,test,owlv2,area,fixed,2.4,0.5,0,0,71,0,0.0,owlv2
AOI_2_Vegas_img1762,AOI_2_Vegas,AOI_2_Vegas:-11526:3618,test,owlv2,area,fixed,3.6,0.5,0,0,71,0,0.0,owlv2
AOI_2_Vegas_img1762,AOI_2_Vegas,AOI_2_Vegas:-11526:3618,test,owlv2,area,fixed,5.0,0.5,0,0,71,0,0.0,owlv2
AOI_2_Vegas_img1762,AOI_2_Vegas,AOI_2_Vegas:-11526:3618,test,owlv2,area,fixed,10.0,0.5,0,0,71,0,0.0,owlv2
AOI_2_Vegas_img1773,AOI_2_Vegas,AOI_2_Vegas:-11526:3620,test,owlv2,area,fixed,0.3,0.5,1,102,9,54,0.0,owlv2
AOI_2_Vegas_img1773,AOI_2_Vegas,AOI_2_Vegas:-11526:3620,test,owlv2,area,fixed,0.45,0.5,1,50,9,35,0.0,owlv2
AOI_2_Vegas_img1773,AOI_2_Vegas,AOI_2_Vegas:-11526:3620,test,owlv2,area,fixed,0.6,0.5,1,33,9,33,0.05,owlv2
AOI_2_Vegas_img1773,AOI_2_Vegas,AOI_2_Vegas:-11526:3620,test,owlv2,area,fixed,0.9,0.5,0,13,9,24,0.0,owlv2
AOI_2_Vegas_img1773,AOI_2_Vegas,AOI_2_Vegas:-11526:3620,test,owlv2,area,fixed,1.2,0.5,0,9,9,18,0.0,owlv2
AOI_2_Vegas_img1773,AOI_2_Vegas,AOI_2_Vegas:-11526:3620,test,owlv2,area,fixed,1.8,0.5,0,12,9,24,0.0,owlv2
AOI_2_Vegas_img1773,AOI_2_Vegas,AOI_2_Vegas:-11526:3620,test,owlv2,area,fixed,2.4,0.5,0,9,9,24,0.0,owlv2
AOI_2_Vegas_img1773,AOI_2_Vegas,AOI_2_Vegas:-11526:3620,test,owlv2,area,fixed,3.6,0.5,0,0,9,12,0.0,owlv2
AOI_2_Vegas_img1773,AOI_2_Vegas,AOI_2_Vegas:-11526:3620,test,owlv2,area,fixed,5.0,0.5,0,0,9,12,0.0,owlv2
AOI_2_Vegas_img1773,AOI_2_Vegas,AOI_2_Vegas:-11526:3620,test,owlv2,area,fixed,10.0,0.5,0,0,9,0,0.0,owlv2
AOI_2_Vegas_img1784,AOI_2_Vegas,AOI_2_Vegas:-11526:3622,test,owlv2,area,fixed,0.3,0.5,25,256,53,42,1.65,owlv2
AOI_2_Vegas_img1784,AOI_2_Vegas,AOI_2_Vegas:-11526:3622,test,owlv2,area,fixed,0.45,0.5,23,135,53,37,1.25,owlv2
AOI_2_Vegas_img1784,AOI_2_Vegas,AOI_2_Vegas:-11526:3622,test,owlv2,area,fixed,0.6,0.5,21,91,53,43,1.05,owlv2
AOI_2_Vegas_img1784,AOI_2_Vegas,AOI_2_Vegas:-11526:3622,test,owlv2,area,fixed,0.9,0.5,12,32,53,33,0.8,owlv2
AOI_2_Vegas_img1784,AOI_2_Vegas,AOI_2_Vegas:-11526:3622,test,owlv2,area,fixed,1.2,0.5,9,26,53,24,0.4,owlv2
AOI_2_Vegas_img1784,AOI_2_Vegas,AOI_2_Vegas:-11526:3622,test,owlv2,area,fixed,1.8,0.5,5,8,53,22,0.35,owlv2
AOI_2_Vegas_img1784,AOI_2_Vegas,AOI_2_Vegas:-11526:3622,test,owlv2,area,fixed,2.4,0.5,9,22,53,17,0.5,owlv2
AOI_2_Vegas_img1784,AOI_2_Vegas,AOI_2_Vegas:-11526:3622,test,owlv2,area,fixed,3.6,0.5,0,0,53,0,0.0,owlv2
AOI_2_Vegas_img1784,AOI_2_Vegas,AOI_2_Vegas:-11526:3622,test,owlv2,area,fixed,5.0,0.5,0,0,53,4,0.0,owlv2
AOI_2_Vegas_img1784,AOI_2_Vegas,AOI_2_Vegas:-11526:3622,test,owlv2,area,fixed,10.0,0.5,0,0,53,0,0.0,owlv2
AOI_2_Vegas_img1791,AOI_2_Vegas,AOI_2_Vegas:-11526:3612,test,owlv2,area,fixed,0.3,0.5,3,78,6,23,0.0,owlv2
AOI_2_Vegas_img1791,AOI_2_Vegas,AOI_2_Vegas:-11526:3612,test,owlv2,area,fixed,0.45,0.5,3,57,6,23,0.0,owlv2
AOI_2_Vegas_img1791,AOI_2_Vegas,AOI_2_Vegas:-11526:3612,test,owlv2,area,fixed,0.6,0.5,2,45,6,22,0.0,owlv2
AOI_2_Vegas_img1791,AOI_2_Vegas,AOI_2_Vegas:-11526:3612,test,owlv2,area,fixed,0.9,0.5,0,5,6,11,0.0,owlv2
AOI_2_Vegas_img1791,AOI_2_Vegas,AOI_2_Vegas:-11526:3612,test,owlv2,area,fixed,1.2,0.5,0,3,6,7,0.1,owlv2
AOI_2_Vegas_img1791,AOI_2_Vegas,AOI_2_Vegas:-11526:3612,test,owlv2,area,fixed,1.8,0.5,0,2,6,7,0.05,owlv2
AOI_2_Vegas_img1791,AOI_2_Vegas,AOI_2_Vegas:-11526:3612,test,owlv2,area,fixed,2.4,0.5,0,0,6,5,0.0,owlv2
AOI_2_Vegas_img1791,AOI_2_Vegas,AOI_2_Vegas:-11526:3612,test,owlv2,area,fixed,3.6,0.5,0,1,6,4,0.0,owlv2
AOI_2_Vegas_img1791,AOI_2_Vegas,AOI_2_Vegas:-11526:3612,test,owlv2,area,fixed,5.0,0.5,0,0,6,4,0.0,owlv2
AOI_2_Vegas_img1791,AOI_2_Vegas,AOI_2_Vegas:-11526:3612,test,owlv2,area,fixed,10.0,0.5,0,0,6,0,0.0,owlv2
AOI_2_Vegas_img1816,AOI_2_Vegas,AOI_2_Vegas:-11526:3617,test,owlv2,area,fixed,0.3,0.5,34,187,45,68,3.1,owlv2
AOI_2_Vegas_img1816,AOI_2_Vegas,AOI_2_Vegas:-11526:3617,test,owlv2,area,fixed,0.45,0.5,33,119,45,56,2.25,owlv2
AOI_2_Vegas_img1816,AOI_2_Vegas,AOI_2_Vegas:-11526:3617,test,owlv2,area,fixed,0.6,0.5,33,87,45,58,2.55,owlv2
AOI_2_Vegas_img1816,AOI_2_Vegas,AOI_2_Vegas:-11526:3617,test,owlv2,area,fixed,0.9,0.5,24,59,45,45,1.95,owlv2
AOI_2_Vegas_img1816,AOI_2_Vegas,AOI_2_Vegas:-11526:3617,test,owlv2,area,fixed,1.2,0.5,18,54,45,42,1.75,owlv2
AOI_2_Vegas_img1816,AOI_2_Vegas,AOI_2_Vegas:-11526:3617,test,owlv2,area,fixed,1.8,0.5,13,35,45,37,1.1,owlv2
AOI_2_Vegas_img1816,AOI_2_Vegas,AOI_2_Vegas:-11526:3617,test,owlv2,area,fixed,2.4,0.5,5,21,45,22,1.05,owlv2
AOI_2_Vegas_img1816,AOI_2_Vegas,AOI_2_Vegas:-11526:3617,test,owlv2,area,fixed,3.6,0.5,0,0,45,1,0.0,owlv2
AOI_2_Vegas_img1816,AOI_2_Vegas,AOI_2_Vegas:-11526:3617,test,owlv2,area,fixed,5.0,0.5,0,0,45,0,0.0,owlv2
AOI_2_Vegas_img1816,AOI_2_Vegas,AOI_2_Vegas:-11526:3617,test,owlv2,area,fixed,10.0,0.5,0,0,45,0,0.0,owlv2
AOI_2_Vegas_img1827,AOI_2_Vegas,AOI_2_Vegas:-11526:3619,test,owlv2,area,fixed,0.3,0.5,55,240,58,46,4.95,owlv2
AOI_2_Vegas_img1827,AOI_2_Vegas,AOI_2_Vegas:-11526:3619,test,owlv2,area,fixed,0.45,0.5,52,168,58,39,4.6,owlv2
AOI_2_Vegas_img1827,AOI_2_Vegas,AOI_2_Vegas:-11526:3619,test,owlv2,area,fixed,0.6,0.5,51,153,58,37,5.25,owlv2
AOI_2_Vegas_img1827,AOI_2_Vegas,AOI_2_Vegas:-11526:3619,test,owlv2,area,fixed,0.9,0.5,47,82,58,14,3.7,owlv2
AOI_2_Vegas_img1827,AOI_2_Vegas,AOI_2_Vegas:-11526:3619,test,owlv2,area,fixed,1.2,0.5,37,58,58,12,2.5,owlv2
AOI_2_Vegas_img1827,AOI_2_Vegas,AOI_2_Vegas:-11526:3619,test,owlv2,area,fixed,1.8,0.5,18,18,58,1,0.85,owlv2
AOI_2_Vegas_img1827,AOI_2_Vegas,AOI_2_Vegas:-11526:3619,test,owlv2,area,fixed,2.4,0.5,0,0,58,0,0.0,owlv2
AOI_2_Vegas_img1827,AOI_2_Vegas,AOI_2_Vegas:-11526:3619,test,owlv2,area,fixed,3.6,0.5,0,0,58,0,0.0,owlv2
AOI_2_Vegas_img1827,AOI_2_Vegas,AOI_2_Vegas:-11526:3619,test,owlv2,area,fixed,5.0,0.5,0,0,58,0,0.0,owlv2
AOI_2_Vegas_img1827,AOI_2_Vegas,AOI_2_Vegas:-11526:3619,test,owlv2,area,fixed,10.0,0.5,0,0,58,0,0.0,owlv2
AOI_2_Vegas_img1862,AOI_2_Vegas,AOI_2_Vegas:-11526:3614,test,owlv2,area,fixed,0.3,0.5,3,101,13,86,0.15,owlv2
AOI_2_Vegas_img1862,AOI_2_Vegas,AOI_2_Vegas:-11526:3614,test,owlv2,area,fixed,0.45,0.5,2,58,13,69,0.15,owlv2
AOI_2_Vegas_img1862,AOI_2_Vegas,AOI_2_Vegas:-11526:3614,test,owlv2,area,fixed,0.6,0.5,2,53,13,62,0.15,owlv2
AOI_2_Vegas_img1862,AOI_2_Vegas,AOI_2_Vegas:-11526:3614,test,owlv2,area,fixed,0.9,0.5,2,16,13,35,0.0,owlv2
AOI_2_Vegas_img1862,AOI_2_Vegas,AOI_2_Vegas:-11526:3614,test,owlv2,area,fixed,1.2,0.5,2,10,13,32,0.0,owlv2
AOI_2_Vegas_img1862,AOI_2_Vegas,AOI_2_Vegas:-11526:3614,test,owlv2,area,fixed,1.8,0.5,1,1,13,12,0.0,owlv2
AOI_2_Vegas_img1862,AOI_2_Vegas,AOI_2_Vegas:-11526:3614,test,owlv2,area,fixed,2.4,0.5,0,0,13,5,0.0,owlv2
AOI_2_Vegas_img1862,AOI_2_Vegas,AOI_2_Vegas:-11526:3614,test,owlv2,area,fixed,3.6,0.5,0,0,13,15,0.0,owlv2
AOI_2_Vegas_img1862,AOI_2_Vegas,AOI_2_Vegas:-11526:3614,test,owlv2,area,fixed,5.0,0.5,0,0,13,13,0.0,owlv2
AOI_2_Vegas_img1862,AOI_2_Vegas,AOI_2_Vegas:-11526:3614,test,owlv2,area,fixed,10.0,0.5,0,0,13,11,0.0,owlv2
AOI_2_Vegas_img189,AOI_2_Vegas,AOI_2_Vegas:-11531:3616,test,owlv2,area,fixed,0.3,0.5,7,85,17,39,0.9,owlv2
AOI_2_Vegas_img189,AOI_2_Vegas,AOI_2_Vegas:-11531:3616,test,owlv2,area,fixed,0.45,0.5,6,61,17,33,0.95,owlv2
AOI_2_Vegas_img189,AOI_2_Vegas,AOI_2_Vegas:-11531:3616,test,owlv2,area,fixed,0.6,0.5,8,67,17,32,0.7,owlv2
AOI_2_Vegas_img189,AOI_2_Vegas,AOI_2_Vegas:-11531:3616,test,owlv2,area,fixed,0.9,0.5,6,42,17,34,1.05,owlv2
AOI_2_Vegas_img189,AOI_2_Vegas,AOI_2_Vegas:-11531:3616,test,owlv2,area,fixed,1.2,0.5,5,54,17,35,0.9,owlv2
AOI_2_Vegas_img189,AOI_2_Vegas,AOI_2_Vegas:-11531:3616,test,owlv2,area,fixed,1.8,0.5,5,70,17,32,1.0,owlv2
AOI_2_Vegas_img189,AOI_2_Vegas,AOI_2_Vegas:-11531:3616,test,owlv2,area,fixed,2.4,0.5,4,46,17,25,0.55,owlv2
AOI_2_Vegas_img189,AOI_2_Vegas,AOI_2_Vegas:-11531:3616,test,owlv2,area,fixed,3.6,0.5,1,17,17,30,0.35,owlv2
AOI_2_Vegas_img189,AOI_2_Vegas,AOI_2_Vegas:-11531:3616,test,owlv2,area,fixed,5.0,0.5,4,12,17,32,0.3,owlv2
AOI_2_Vegas_img189,AOI_2_Vegas,AOI_2_Vegas:-11531:3616,test,owlv2,area,fixed,10.0,0.5,0,0,17,0,0.0,owlv2
AOI_2_Vegas_img1894,AOI_2_Vegas,AOI_2_Vegas:-11526:3620,test,owlv2,area,fixed,0.3,0.5,4,36,9,41,0.0,owlv2
AOI_2_Vegas_img1894,AOI_2_Vegas,AOI_2_Vegas:-11526:3620,test,owlv2,area,fixed,0.45,0.5,3,26,9,31,0.0,owlv2
AOI_2_Vegas_img1894,AOI_2_Vegas,AOI_2_Vegas:-11526:3620,test,owlv2,area,fixed,0.6,0.5,2,22,9,31,0.05,owlv2
AOI_2_Vegas_img1894,AOI_2_Vegas,AOI_2_Vegas:-11526:3620,test,owlv2,area,fixed,0.9,0.5,0,5,9,22,0.0,owlv2
AOI_2_Vegas_img1894,AOI_2_Vegas,AOI_2_Vegas:-11526:3620,test,owlv2,area,fixed,1.2,0.5,0,5,9,17,0.0,owlv2
AOI_2_Vegas_img1894,AOI_2_Vegas,AOI_2_Vegas:-11526:3620,test,owlv2,area,fixed,1.8,0.5,0,0,9,3,0.0,owlv2
AOI_2_Vegas_img1894,AOI_2_Vegas,AOI_2_Vegas:-11526:3620,test,owlv2,area,fixed,2.4,0.5,0,0,9,1,0.0,owlv2
AOI_2_Vegas_img1894,AOI_2_Vegas,AOI_2_Vegas:-11526:3620,test,owlv2,area,fixed,3.6,0.5,0,0,9,0,0.0,owlv2
AOI_2_Vegas_img1894,AOI_2_Vegas,AOI_2_Vegas:-11526:3620,test,owlv2,area,fixed,5.0,0.5,0,0,9,0,0.0,owlv2
AOI_2_Vegas_img1894,AOI_2_Vegas,AOI_2_Vegas:-11526:3620,test,owlv2,area,fixed,10.0,0.5,0,0,9,2,0.0,owlv2
AOI_2_Vegas_img190,AOI_2_Vegas,AOI_2_Vegas:-11531:3616,test,owlv2,area,fixed,0.3,0.5,10,92,22,29,0.75,owlv2
AOI_2_Vegas_img190,AOI_2_Vegas,AOI_2_Vegas:-11531:3616,test,owlv2,area,fixed,0.45,0.5,10,43,22,19,0.5,owlv2
AOI_2_Vegas_img190,AOI_2_Vegas,AOI_2_Vegas:-11531:3616,test,owlv2,area,fixed,0.6,0.5,10,48,22,19,0.85,owlv2
AOI_2_Vegas_img190,AOI_2_Vegas,AOI_2_Vegas:-11531:3616,test,owlv2,area,fixed,0.9,0.5,11,34,22,19,1.0,owlv2
AOI_2_Vegas_img190,AOI_2_Vegas,AOI_2_Vegas:-11531:3616,test,owlv2,area,fixed,1.2,0.5,9,28,22,22,0.45,owlv2
AOI_2_Vegas_img190,AOI_2_Vegas,AOI_2_Vegas:-11531:3616,test,owlv2,area,fixed,1.8,0.5,9,31,22,22,0.75,owlv2
AOI_2_Vegas_img190,AOI_2_Vegas,AOI_2_Vegas:-11531:3616,test,owlv2,area,fixed,2.4,0.5,5,20,22,22,0.35,owlv2
AOI_2_Vegas_img190,AOI_2_Vegas,AOI_2_Vegas:-11531:3616,test,owlv2,area,fixed,3.6,0.5,1,6,22,30,0.15,owlv2
AOI_2_Vegas_img190,AOI_2_Vegas,AOI_2_Vegas:-11531:3616,test,owlv2,area,fixed,5.0,0.5,0,1,22,9,0.0,owlv2
AOI_2_Vegas_img190,AOI_2_Vegas,AOI_2_Vegas:-11531:3616,test,owlv2,area,fixed,10.0,0.5,0,0,22,0,0.0,owlv2
AOI_2_Vegas_img1915,AOI_2_Vegas,AOI_2_Vegas:-11526:3612,test,owlv2,area,fixed,0.3,0.5,7,140,18,36,0.6,owlv2
AOI_2_Vegas_img1915,AOI_2_Vegas,AOI_2_Vegas:-11526:3612,test,owlv2,area,fixed,0.45,0.5,6,96,18,27,0.5,owlv2
AOI_2_Vegas_img1915,AOI_2_Vegas,AOI_2_Vegas:-11526:3612,test,owlv2,area,fixed,0.6,0.5,7,82,18,28,0.55,owlv2
AOI_2_Vegas_img1915,AOI_2_Vegas,AOI_2_Vegas:-11526:3612,test,owlv2,area,fixed,0.9,0.5,5,53,18,25,0.3,owlv2
AOI_2_Vegas_img1915,AOI_2_Vegas,AOI_2_Vegas:-11526:3612,test,owlv2,area,fixed,1.2,0.5,4,52,18,23,0.5,owlv2
AOI_2_Vegas_img1915,AOI_2_Vegas,AOI_2_Vegas:-11526:3612,test,owlv2,area,fixed,1.8,0.5,3,24,18,26,0.3,owlv2
AOI_2_Vegas_img1915,AOI_2_Vegas,AOI_2_Vegas:-11526:3612,test,owlv2,area,fixed,2.4,0.5,1,12,18,23,0.1,owlv2
AOI_2_Vegas_img1915,AOI_2_Vegas,AOI_2_Vegas:-11526:3612,test,owlv2,area,fixed,3.6,0.5,0,0,18,10,0.0,owlv2
AOI_2_Vegas_img1915,AOI_2_Vegas,AOI_2_Vegas:-11526:3612,test,owlv2,area,fixed,5.0,0.5,0,0,18,4,0.0,owlv2
AOI_2_Vegas_img1915,AOI_2_Vegas,AOI_2_Vegas:-11526:3612,test,owlv2,area,fixed,10.0,0.5,0,0,18,0,0.0,owlv2
AOI_2_Vegas_img1970,AOI_2_Vegas,AOI_2_Vegas:-11526:3622,test,owlv2,area,fixed,0.3,0.5,0,4,1,5,0.0,owlv2
AOI_2_Vegas_img1970,AOI_2_Vegas,AOI_2_Vegas:-11526:3622,test,owlv2,area,fixed,0.45,0.5,0,1,1,2,0.0,owlv2
AOI_2_Vegas_img1970,AOI_2_Vegas,AOI_2_Vegas:-11526:3622,test,owlv2,area,fixed,0.6,0.5,0,2,1,3,0.0,owlv2
AOI_2_Vegas_img1970,AOI_2_Vegas,AOI_2_Vegas:-11526:3622,test,owlv2,area,fixed,0.9,0.5,0,5,1,3,0.0,owlv2
AOI_2_Vegas_img1970,AOI_2_Vegas,AOI_2_Vegas:-11526:3622,test,owlv2,area,fixed,1.2,0.5,0,0,1,0,0.0,owlv2
AOI_2_Vegas_img1970,AOI_2_Vegas,AOI_2_Vegas:-11526:3622,test,owlv2,area,fixed,1.8,0.5,0,0,1,0,0.0,owlv2
AOI_2_Vegas_img1970,AOI_2_Vegas,AOI_2_Vegas:-11526:3622,test,owlv2,area,fixed,2.4,0.5,0,0,1,0,0.0,owlv2
AOI_2_Vegas_img1970,AOI_2_Vegas,AOI_2_Vegas:-11526:3622,test,owlv2,area,fixed,3.6,0.5,0,0,1,0,0.0,owlv2
AOI_2_Vegas_img1970,AOI_2_Vegas,AOI_2_Vegas:-11526:3622,test,owlv2,area,fixed,5.0,0.5,0,0,1,1,0.0,owlv2
AOI_2_Vegas_img1970,AOI_2_Vegas,AOI_2_Vegas:-11526:3622,test,owlv2,area,fixed,10.0,0.5,0,0,1,0,0.0,owlv2
AOI_2_Vegas_img1973,AOI_2_Vegas,AOI_2_Vegas:-11526:3623,test,owlv2,area,fixed,0.3,0.5,0,7,4,1,0.0,owlv2
AOI_2_Vegas_img1973,AOI_2_Vegas,AOI_2_Vegas:-11526:3623,test,owlv2,area,fixed,0.45,0.5,0,7,4,1,0.0,owlv2
AOI_2_Vegas_img1973,AOI_2_Vegas,AOI_2_Vegas:-11526:3623,test,owlv2,area,fixed,0.6,0.5,0,4,4,1,0.0,owlv2
AOI_2_Vegas_img1973,AOI_2_Vegas,AOI_2_Vegas:-11526:3623,test,owlv2,area,fixed,0.9,0.5,0,4,4,1,0.0,owlv2
AOI_2_Vegas_img1973,AOI_2_Vegas,AOI_2_Vegas:-11526:3623,test,owlv2,area,fixed,1.2,0.5,0,3,4,1,0.0,owlv2
AOI_2_Vegas_img1973,AOI_2_Vegas,AOI_2_Vegas:-11526:3623,test,owlv2,area,fixed,1.8,0.5,0,0,4,2,0.0,owlv2
AOI_2_Vegas_img1973,AOI_2_Vegas,AOI_2_Vegas:-11526:3623,test,owlv2,area,fixed,2.4,0.5,0,0,4,1,0.0,owlv2
AOI_2_Vegas_img1973,AOI_2_Vegas,AOI_2_Vegas:-11526:3623,test,owlv2,area,fixed,3.6,0.5,0,0,4,1,0.0,owlv2
AOI_2_Vegas_img1973,AOI_2_Vegas,AOI_2_Vegas:-11526:3623,test,owlv2,area,fixed,5.0,0.5,0,0,4,1,0.0,owlv2
AOI_2_Vegas_img1973,AOI_2_Vegas,AOI_2_Vegas:-11526:3623,test,owlv2,area,fixed,10.0,0.5,0,0,4,0,0.0,owlv2
AOI_2_Vegas_img1985,AOI_2_Vegas,AOI_2_Vegas:-11526:3614,test,owlv2,area,fixed,0.3,0.5,11,161,25,55,0.85,owlv2
AOI_2_Vegas_img1985,AOI_2_Vegas,AOI_2_Vegas:-11526:3614,test,owlv2,area,fixed,0.45,0.5,10,104,25,46,0.95,owlv2
AOI_2_Vegas_img1985,AOI_2_Vegas,AOI_2_Vegas:-11526:3614,test,owlv2,area,fixed,0.6,0.5,4,88,25,45,0.7,owlv2
AOI_2_Vegas_img1985,AOI_2_Vegas,AOI_2_Vegas:-11526:3614,test,owlv2,area,fixed,0.9,0.5,6,43,25,33,0.35,owlv2
AOI_2_Vegas_img1985,AOI_2_Vegas,AOI_2_Vegas:-11526:3614,test,owlv2,area,fixed,1.2,0.5,9,47,25,46,0.45,owlv2
AOI_2_Vegas_img1985,AOI_2_Vegas,AOI_2_Vegas:-11526:3614,test,owlv2,area,fixed,1.8,0.5,7,32,25,44,0.4,owlv2
AOI_2_Vegas_img1985,AOI_2_Vegas,AOI_2_Vegas:-11526:3614,test,owlv2,area,fixed,2.4,0.5,3,30,25,42,0.55,owlv2
AOI_2_Vegas_img1985,AOI_2_Vegas,AOI_2_Vegas:-11526:3614,test,owlv2,area,fixed,3.6,0.5,0,0,25,14,0.0,owlv2
AOI_2_Vegas_img1985,AOI_2_Vegas,AOI_2_Vegas:-11526:3614,test,owlv2,area,fixed,5.0,0.5,0,0,25,2,0.0,owlv2
AOI_2_Vegas_img1985,AOI_2_Vegas,AOI_2_Vegas:-11526:3614,test,owlv2,area,fixed,10.0,0.5,0,0,25,1,0.0,owlv2
AOI_2_Vegas_img2046,AOI_2_Vegas,AOI_2_Vegas:-11525:3613,test,owlv2,area,fixed,0.3,0.5,18,242,32,69,1.25,owlv2
AOI_2_Vegas_img2046,AOI_2_Vegas,AOI_2_Vegas:-11525:3613,test,owlv2,area,fixed,0.45,0.5,16,158,32,62,1.2,owlv2
AOI_2_Vegas_img2046,AOI_2_Vegas,AOI_2_Vegas:-11525:3613,test,owlv2,area,fixed,0.6,0.5,15,126,32,60,1.05,owlv2
AOI_2_Vegas_img2046,AOI_2_Vegas,AOI_2_Vegas:-11525:3613,test,owlv2,area,fixed,0.9,0.5,9,89,32,57,0.8,owlv2
AOI_2_Vegas_img2046,AOI_2_Vegas,AOI_2_Vegas:-11525:3613,test,owlv2,area,fixed,1.2,0.5,10,84,32,58,0.55,owlv2
AOI_2_Vegas_img2046,AOI_2_Vegas,AOI_2_Vegas:-11525:3613,test,owlv2,area,fixed,1.8,0.5,7,52,32,64,0.95,owlv2
AOI_2_Vegas_img2046,AOI_2_Vegas,AOI_2_Vegas:-11525:3613,test,owlv2,area,fixed,2.4,0.5,6,37,32,59,0.7,owlv2
AOI_2_Vegas_img2046,AOI_2_Vegas,AOI_2_Vegas:-11525:3613,test,owlv2,area,fixed,3.6,0.5,1,5,32,17,0.05,owlv2
AOI_2_Vegas_img2046,AOI_2_Vegas,AOI_2_Vegas:-11525:3613,test,owlv2,area,fixed,5.0,0.5,0,0,32,4,0.0,owlv2
AOI_2_Vegas_img2046,AOI_2_Vegas,AOI_2_Vegas:-11525:3613,test,owlv2,area,fixed,10.0,0.5,0,0,32,0,0.0,owlv2
AOI_2_Vegas_img2065,AOI_2_Vegas,AOI_2_Vegas:-11525:3617,test,owlv2,area,fixed,0.3,0.5,35,315,57,60,5.45,owlv2
AOI_2_Vegas_img2065,AOI_2_Vegas,AOI_2_Vegas:-11525:3617,test,owlv2,area,fixed,0.45,0.5,26,150,57,40,3.1,owlv2
AOI_2_Vegas_img2065,AOI_2_Vegas,AOI_2_Vegas:-11525:3617,test,owlv2,area,fixed,0.6,0.5,24,141,57,46,2.8,owlv2
AOI_2_Vegas_img2065,AOI_2_Vegas,AOI_2_Vegas:-11525:3617,test,owlv2,area,fixed,0.9,0.5,20,103,57,38,2.4,owlv2
AOI_2_Vegas_img2065,AOI_2_Vegas,AOI_2_Vegas:-11525:3617,test,owlv2,area,fixed,1.2,0.5,14,81,57,33,1.9,owlv2
AOI_2_Vegas_img2065,AOI_2_Vegas,AOI_2_Vegas:-11525:3617,test,owlv2,area,fixed,1.8,0.5,20,77,57,24,2.55,owlv2
AOI_2_Vegas_img2065,AOI_2_Vegas,AOI_2_Vegas:-11525:3617,test,owlv2,area,fixed,2.4,0.5,2,9,57,2,0.35,owlv2
AOI_2_Vegas_img2065,AOI_2_Vegas,AOI_2_Vegas:-11525:3617,test,owlv2,area,fixed,3.6,0.5,0,0,57,0,0.0,owlv2
AOI_2_Vegas_img2065,AOI_2_Vegas,AOI_2_Vegas:-11525:3617,test,owlv2,area,fixed,5.0,0.5,0,0,57,0,0.0,owlv2
AOI_2_Vegas_img2065,AOI_2_Vegas,AOI_2_Vegas:-11525:3617,test,owlv2,area,fixed,10.0,0.5,0,0,57,0,0.0,owlv2
AOI_2_Vegas_img2108,AOI_2_Vegas,AOI_2_Vegas:-11525:3613,test,owlv2,area,fixed,0.3,0.5,14,279,21,52,1.15,owlv2
AOI_2_Vegas_img2108,AOI_2_Vegas,AOI_2_Vegas:-11525:3613,test,owlv2,area,fixed,0.45,0.5,13,213,21,52,0.9,owlv2
AOI_2_Vegas_img2108,AOI_2_Vegas,AOI_2_Vegas:-11525:3613,test,owlv2,area,fixed,0.6,0.5,12,162,21,45,0.6,owlv2
AOI_2_Vegas_img2108,AOI_2_Vegas,AOI_2_Vegas:-11525:3613,test,owlv2,area,fixed,0.9,0.5,11,90,21,41,0.75,owlv2
AOI_2_Vegas_img2108,AOI_2_Vegas,AOI_2_Vegas:-11525:3613,test,owlv2,area,fixed,1.2,0.5,10,80,21,44,0.7,owlv2
AOI_2_Vegas_img2108,AOI_2_Vegas,AOI_2_Vegas:-11525:3613,test,owlv2,area,fixed,1.8,0.5,9,52,21,42,0.2,owlv2
AOI_2_Vegas_img2108,AOI_2_Vegas,AOI_2_Vegas:-11525:3613,test,owlv2,area,fixed,2.4,0.5,7,26,21,30,0.15,owlv2
AOI_2_Vegas_img2108,AOI_2_Vegas,AOI_2_Vegas:-11525:3613,test,owlv2,area,fixed,3.6,0.5,1,1,21,5,0.0,owlv2
AOI_2_Vegas_img2108,AOI_2_Vegas,AOI_2_Vegas:-11525:3613,test,owlv2,area,fixed,5.0,0.5,0,0,21,2,0.0,owlv2
AOI_2_Vegas_img2108,AOI_2_Vegas,AOI_2_Vegas:-11525:3613,test,owlv2,area,fixed,10.0,0.5,0,0,21,2,0.0,owlv2
AOI_2_Vegas_img2109,AOI_2_Vegas,AOI_2_Vegas:-11525:3613,test,owlv2,area,fixed,0.3,0.5,15,161,24,45,0.75,owlv2
AOI_2_Vegas_img2109,AOI_2_Vegas,AOI_2_Vegas:-11525:3613,test,owlv2,area,fixed,0.45,0.5,11,113,24,39,0.25,owlv2
AOI_2_Vegas_img2109,AOI_2_Vegas,AOI_2_Vegas:-11525:3613,test,owlv2,area,fixed,0.6,0.5,9,77,24,40,0.45,owlv2
AOI_2_Vegas_img2109,AOI_2_Vegas,AOI_2_Vegas:-11525:3613,test,owlv2,area,fixed,0.9,0.5,4,24,24,23,0.3,owlv2
AOI_2_Vegas_img2109,AOI_2_Vegas,AOI_2_Vegas:-11525:3613,test,owlv2,area,fixed,1.2,0.5,2,17,24,20,0.1,owlv2
AOI_2_Vegas_img2109,AOI_2_Vegas,AOI_2_Vegas:-11525:3613,test,owlv2,area,fixed,1.8,0.5,2,22,24,37,0.1,owlv2
AOI_2_Vegas_img2109,AOI_2_Vegas,AOI_2_Vegas:-11525:3613,test,owlv2,area,fixed,2.4,0.5,1,2,24,11,0.0,owlv2
AOI_2_Vegas_img2109,AOI_2_Vegas,AOI_2_Vegas:-11525:3613,test,owlv2,area,fixed,3.6,0.5,0,0,24,1,0.0,owlv2
AOI_2_Vegas_img2109,AOI_2_Vegas,AOI_2_Vegas:-11525:3613,test,owlv2,area,fixed,5.0,0.5,0,0,24,0,0.0,owlv2
AOI_2_Vegas_img2109,AOI_2_Vegas,AOI_2_Vegas:-11525:3613,test,owlv2,area,fixed,10.0,0.5,0,0,24,0,0.0,owlv2
AOI_2_Vegas_img2110,AOI_2_Vegas,AOI_2_Vegas:-11525:3613,test,owlv2,area,fixed,0.3,0.5,6,44,12,35,0.25,owlv2
AOI_2_Vegas_img2110,AOI_2_Vegas,AOI_2_Vegas:-11525:3613,test,owlv2,area,fixed,0.45,0.5,5,32,12,31,0.1,owlv2
AOI_2_Vegas_img2110,AOI_2_Vegas,AOI_2_Vegas:-11525:3613,test,owlv2,area,fixed,0.6,0.5,7,30,12,31,0.05,owlv2
AOI_2_Vegas_img2110,AOI_2_Vegas,AOI_2_Vegas:-11525:3613,test,owlv2,area,fixed,0.9,0.5,5,16,12,16,0.0,owlv2
AOI_2_Vegas_img2110,AOI_2_Vegas,AOI_2_Vegas:-11525:3613,test,owlv2,area,fixed,1.2,0.5,2,15,12,27,0.0,owlv2
AOI_2_Vegas_img2110,AOI_2_Vegas,AOI_2_Vegas:-11525:3613,test,owlv2,area,fixed,1.8,0.5,2,8,12,29,0.0,owlv2
AOI_2_Vegas_img2110,AOI_2_Vegas,AOI_2_Vegas:-11525:3613,test,owlv2,area,fixed,2.4,0.5,1,2,12,13,0.0,owlv2
AOI_2_Vegas_img2110,AOI_2_Vegas,AOI_2_Vegas:-11525:3613,test,owlv2,area,fixed,3.6,0.5,0,1,12,6,0.0,owlv2
AOI_2_Vegas_img2110,AOI_2_Vegas,AOI_2_Vegas:-11525:3613,test,owlv2,area,fixed,5.0,0.5,0,0,12,0,0.0,owlv2
AOI_2_Vegas_img2110,AOI_2_Vegas,AOI_2_Vegas:-11525:3613,test,owlv2,area,fixed,10.0,0.5,0,0,12,0,0.0,owlv2
AOI_2_Vegas_img2202,AOI_2_Vegas,AOI_2_Vegas:-11525:3617,test,owlv2,area,fixed,0.3,0.5,0,0,0,0,0.0,owlv2
AOI_2_Vegas_img2202,AOI_2_Vegas,AOI_2_Vegas:-11525:3617,test,owlv2,area,fixed,0.45,0.5,0,0,0,0,0.0,owlv2
AOI_2_Vegas_img2202,AOI_2_Vegas,AOI_2_Vegas:-11525:3617,test,owlv2,area,fixed,0.6,0.5,0,0,0,0,0.0,owlv2
AOI_2_Vegas_img2202,AOI_2_Vegas,AOI_2_Vegas:-11525:3617,test,owlv2,area,fixed,0.9,0.5,0,0,0,0,0.0,owlv2
AOI_2_Vegas_img2202,AOI_2_Vegas,AOI_2_Vegas:-11525:3617,test,owlv2,area,fixed,1.2,0.5,0,0,0,0,0.0,owlv2
AOI_2_Vegas_img2202,AOI_2_Vegas,AOI_2_Vegas:-11525:3617,test,owlv2,area,fixed,1.8,0.5,0,0,0,0,0.0,owlv2
AOI_2_Vegas_img2202,AOI_2_Vegas,AOI_2_Vegas:-11525:3617,test,owlv2,area,fixed,2.4,0.5,0,0,0,0,0.0,owlv2
AOI_2_Vegas_img2202,AOI_2_Vegas,AOI_2_Vegas:-11525:3617,test,owlv2,area,fixed,3.6,0.5,0,0,0,0,0.0,owlv2
AOI_2_Vegas_img2202,AOI_2_Vegas,AOI_2_Vegas:-11525:3617,test,owlv2,area,fixed,5.0,0.5,0,0,0,0,0.0,owlv2
AOI_2_Vegas_img2202,AOI_2_Vegas,AOI_2_Vegas:-11525:3617,test,owlv2,area,fixed,10.0,0.5,0,0,0,0,0.0,owlv2
AOI_2_Vegas_img2207,AOI_2_Vegas,AOI_2_Vegas:-11525:3618,test,owlv2,area,fixed,0.3,0.5,12,60,24,52,0.75,owlv2
AOI_2_Vegas_img2207,AOI_2_Vegas,AOI_2_Vegas:-11525:3618,test,owlv2,area,fixed,0.45,0.5,11,41,24,41,0.55,owlv2
AOI_2_Vegas_img2207,AOI_2_Vegas,AOI_2_Vegas:-11525:3618,test,owlv2,area,fixed,0.6,0.5,11,32,24,38,0.45,owlv2
AOI_2_Vegas_img2207,AOI_2_Vegas,AOI_2_Vegas:-11525:3618,test,owlv2,area,fixed,0.9,0.5,10,17,24,31,0.6,owlv2
AOI_2_Vegas_img2207,AOI_2_Vegas,AOI_2_Vegas:-11525:3618,test,owlv2,area,fixed,1.2,0.5,4,6,24,24,0.2,owlv2
AOI_2_Vegas_img2207,AOI_2_Vegas,AOI_2_Vegas:-11525:3618,test,owlv2,area,fixed,1.8,0.5,2,3,24,16,0.0,owlv2
AOI_2_Vegas_img2207,AOI_2_Vegas,AOI_2_Vegas:-11525:3618,test,owlv2,area,fixed,2.4,0.5,2,3,24,10,0.0,owlv2
AOI_2_Vegas_img2207,AOI_2_Vegas,AOI_2_Vegas:-11525:3618,test,owlv2,area,fixed,3.6,0.5,0,0,24,3,0.0,owlv2
AOI_2_Vegas_img2207,AOI_2_Vegas,AOI_2_Vegas:-11525:3618,test,owlv2,area,fixed,5.0,0.5,0,0,24,0,0.0,owlv2
AOI_2_Vegas_img2207,AOI_2_Vegas,AOI_2_Vegas:-11525:3618,test,owlv2,area,fixed,10.0,0.5,0,0,24,0,0.0,owlv2
AOI_2_Vegas_img2218,AOI_2_Vegas,AOI_2_Vegas:-11525:3620,test,owlv2,area,fixed,0.3,0.5,14,175,14,45,0.45,owlv2
AOI_2_Vegas_img2218,AOI_2_Vegas,AOI_2_Vegas:-11525:3620,test,owlv2,area,fixed,0.45,0.5,12,105,14,46,0.25,owlv2
AOI_2_Vegas_img2218,AOI_2_Vegas,AOI_2_Vegas:-11525:3620,test,owlv2,area,fixed,0.6,0.5,13,85,14,43,0.35,owlv2
AOI_2_Vegas_img2218,AOI_2_Vegas,AOI_2_Vegas:-11525:3620,test,owlv2,area,fixed,0.9,0.5,11,36,14,34,0.1,owlv2
AOI_2_Vegas_img2218,AOI_2_Vegas,AOI_2_Vegas:-11525:3620,test,owlv2,area,fixed,1.2,0.5,10,23,14,29,0.15,owlv2
AOI_2_Vegas_img2218,AOI_2_Vegas,AOI_2_Vegas:-11525:3620,test,owlv2,area,fixed,1.8,0.5,9,14,14,22,0.15,owlv2
AOI_2_Vegas_img2218,AOI_2_Vegas,AOI_2_Vegas:-11525:3620,test,owlv2,area,fixed,2.4,0.5,1,1,14,18,0.0,owlv2
AOI_2_Vegas_img2218,AOI_2_Vegas,AOI_2_Vegas:-11525:3620,test,owlv2,area,fixed,3.6,0.5,0,0,14,5,0.0,owlv2
AOI_2_Vegas_img2218,AOI_2_Vegas,AOI_2_Vegas:-11525:3620,test,owlv2,area,fixed,5.0,0.5,0,0,14,4,0.0,owlv2
AOI_2_Vegas_img2218,AOI_2_Vegas,AOI_2_Vegas:-11525:3620,test,owlv2,area,fixed,10.0,0.5,0,0,14,3,0.0,owlv2
AOI_2_Vegas_img2230,AOI_2_Vegas,AOI_2_Vegas:-11525:3622,test,owlv2,area,fixed,0.3,0.5,15,201,30,56,1.6,owlv2
AOI_2_Vegas_img2230,AOI_2_Vegas,AOI_2_Vegas:-11525:3622,test,owlv2,area,fixed,0.45,0.5,15,151,30,37,1.5,owlv2
AOI_2_Vegas_img2230,AOI_2_Vegas,AOI_2_Vegas:-11525:3622,test,owlv2,area,fixed,0.6,0.5,20,152,30,42,1.35,owlv2
AOI_2_Vegas_img2230,AOI_2_Vegas,AOI_2_Vegas:-11525:3622,test,owlv2,area,fixed,0.9,0.5,12,52,30,35,0.8,owlv2
AOI_2_Vegas_img2230,AOI_2_Vegas,AOI_2_Vegas:-11525:3622,test,owlv2,area,fixed,1.2,0.5,10,42,30,39,0.8,owlv2
AOI_2_Vegas_img2230,AOI_2_Vegas,AOI_2_Vegas:-11525:3622,test,owlv2,area,fixed,1.8,0.5,4,13,30,29,0.4,owlv2
AOI_2_Vegas_img2230,AOI_2_Vegas,AOI_2_Vegas:-11525:3622,test,owlv2,area,fixed,2.4,0.5,0,5,30,24,0.25,owlv2
AOI_2_Vegas_img2230,AOI_2_Vegas,AOI_2_Vegas:-11525:3622,test,owlv2,area,fixed,3.6,0.5,1,2,30,21,0.1,owlv2
AOI_2_Vegas_img2230,AOI_2_Vegas,AOI_2_Vegas:-11525:3622,test,owlv2,area,fixed,5.0,0.5,0,0,30,1,0.0,owlv2
AOI_2_Vegas_img2230,AOI_2_Vegas,AOI_2_Vegas:-11525:3622,test,owlv2,area,fixed,10.0,0.5,0,0,30,7,0.0,owlv2
AOI_2_Vegas_img2236,AOI_2_Vegas,AOI_2_Vegas:-11525:3623,test,owlv2,area,fixed,0.3,0.5,49,218,73,66,3.9,owlv2
AOI_2_Vegas_img2236,AOI_2_Vegas,AOI_2_Vegas:-11525:3623,test,owlv2,area,fixed,0.45,0.5,42,130,73,50,2.15,owlv2
AOI_2_Vegas_img2236,AOI_2_Vegas,AOI_2_Vegas:-11525:3623,test,owlv2,area,fixed,0.6,0.5,41,91,73,52,2.45,owlv2
AOI_2_Vegas_img2236,AOI_2_Vegas,AOI_2_Vegas:-11525:3623,test,owlv2,area,fixed,0.9,0.5,34,72,73,53,1.5,owlv2
AOI_2_Vegas_img2236,AOI_2_Vegas,AOI_2_Vegas:-11525:3623,test,owlv2,area,fixed,1.2,0.5,24,53,73,61,1.4,owlv2
AOI_2_Vegas_img2236,AOI_2_Vegas,AOI_2_Vegas:-11525:3623,test,owlv2,area,fixed,1.8,0.5,15,31,73,55,1.05,owlv2
AOI_2_Vegas_img2236,AOI_2_Vegas,AOI_2_Vegas:-11525:3623,test,owlv2,area,fixed,2.4,0.5,3,13,73,37,0.25,owlv2
AOI_2_Vegas_img2236,AOI_2_Vegas,AOI_2_Vegas:-11525:3623,test,owlv2,area,fixed,3.6,0.5,1,4,73,37,0.15,owlv2
AOI_2_Vegas_img2236,AOI_2_Vegas,AOI_2_Vegas:-11525:3623,test,owlv2,area,fixed,5.0,0.5,0,0,73,15,0.0,owlv2
AOI_2_Vegas_img2236,AOI_2_Vegas,AOI_2_Vegas:-11525:3623,test,owlv2,area,fixed,10.0,0.5,0,0,73,0,0.0,owlv2
AOI_2_Vegas_img2267,AOI_2_Vegas,AOI_2_Vegas:-11525:3616,test,owlv2,area,fixed,0.3,0.5,39,284,58,62,4.1,owlv2
AOI_2_Vegas_img2267,AOI_2_Vegas,AOI_2_Vegas:-11525:3616,test,owlv2,area,fixed,0.45,0.5,30,201,58,47,2.8,owlv2
AOI_2_Vegas_img2267,AOI_2_Vegas,AOI_2_Vegas:-11525:3616,test,owlv2,area,fixed,0.6,0.5,33,173,58,40,2.55,owlv2
AOI_2_Vegas_img2267,AOI_2_Vegas,AOI_2_Vegas:-11525:3616,test,owlv2,area,fixed,0.9,0.5,20,95,58,24,1.55,owlv2
AOI_2_Vegas_img2267,AOI_2_Vegas,AOI_2_Vegas:-11525:3616,test,owlv2,area,fixed,1.2,0.5,17,66,58,20,1.3,owlv2
AOI_2_Vegas_img2267,AOI_2_Vegas,AOI_2_Vegas:-11525:3616,test,owlv2,area,fixed,1.8,0.5,24,63,58,23,1.4,owlv2
AOI_2_Vegas_img2267,AOI_2_Vegas,AOI_2_Vegas:-11525:3616,test,owlv2,area,fixed,2.4,0.5,19,42,58,22,0.85,owlv2
AOI_2_Vegas_img2267,AOI_2_Vegas,AOI_2_Vegas:-11525:3616,test,owlv2,area,fixed,3.6,0.5,0,0,58,0,0.0,owlv2
AOI_2_Vegas_img2267,AOI_2_Vegas,AOI_2_Vegas:-11525:3616,test,owlv2,area,fixed,5.0,0.5,0,0,58,0,0.0,owlv2
AOI_2_Vegas_img2267,AOI_2_Vegas,AOI_2_Vegas:-11525:3616,test,owlv2,area,fixed,10.0,0.5,0,0,58,0,0.0,owlv2
AOI_2_Vegas_img227,AOI_2_Vegas,AOI_2_Vegas:-11530:3613,test,owlv2,area,fixed,0.3,0.5,23,210,42,62,3.65,owlv2
AOI_2_Vegas_img227,AOI_2_Vegas,AOI_2_Vegas:-11530:3613,test,owlv2,area,fixed,0.45,0.5,23,185,42,42,2.55,owlv2
AOI_2_Vegas_img227,AOI_2_Vegas,AOI_2_Vegas:-11530:3613,test,owlv2,area,fixed,0.6,0.5,21,121,42,48,2.55,owlv2
AOI_2_Vegas_img227,AOI_2_Vegas,AOI_2_Vegas:-11530:3613,test,owlv2,area,fixed,0.9,0.5,14,52,42,22,1.5,owlv2
AOI_2_Vegas_img227,AOI_2_Vegas,AOI_2_Vegas:-11530:3613,test,owlv2,area,fixed,1.2,0.5,10,41,42,20,1.15,owlv2
AOI_2_Vegas_img227,AOI_2_Vegas,AOI_2_Vegas:-11530:3613,test,owlv2,area,fixed,1.8,0.5,10,35,42,13,0.7,owlv2
AOI_2_Vegas_img227,AOI_2_Vegas,AOI_2_Vegas:-11530:3613,test,owlv2,area,fixed,2.4,0.5,6,22,42,7,0.2,owlv2
AOI_2_Vegas_img227,AOI_2_Vegas,AOI_2_Vegas:-11530:3613,test,owlv2,area,fixed,3.6,0.5,0,0,42,1,0.0,owlv2
AOI_2_Vegas_img227,AOI_2_Vegas,AOI_2_Vegas:-11530:3613,test,owlv2,area,fixed,5.0,0.5,0,0,42,0,0.0,owlv2
AOI_2_Vegas_img227,AOI_2_Vegas,AOI_2_Vegas:-11530:3613,test,owlv2,area,fixed,10.0,0.5,0,0,42,0,0.0,owlv2
AOI_2_Vegas_img2276,AOI_2_Vegas,AOI_2_Vegas:-11525:3617,test,owlv2,area,fixed,0.3,0.5,0,0,0,1,0.0,owlv2
AOI_2_Vegas_img2276,AOI_2_Vegas,AOI_2_Vegas:-11525:3617,test,owlv2,area,fixed,0.45,0.5,0,0,0,0,0.0,owlv2
AOI_2_Vegas_img2276,AOI_2_Vegas,AOI_2_Vegas:-11525:3617,test,owlv2,area,fixed,0.6,0.5,0,0,0,0,0.0,owlv2
AOI_2_Vegas_img2276,AOI_2_Vegas,AOI_2_Vegas:-11525:3617,test,owlv2,area,fixed,0.9,0.5,0,0,0,0,0.0,owlv2
AOI_2_Vegas_img2276,AOI_2_Vegas,AOI_2_Vegas:-11525:3617,test,owlv2,area,fixed,1.2,0.5,0,0,0,0,0.0,owlv2
AOI_2_Vegas_img2276,AOI_2_Vegas,AOI_2_Vegas:-11525:3617,test,owlv2,area,fixed,1.8,0.5,0,0,0,0,0.0,owlv2
AOI_2_Vegas_img2276,AOI_2_Vegas,AOI_2_Vegas:-11525:3617,test,owlv2,area,fixed,2.4,0.5,0,0,0,0,0.0,owlv2
AOI_2_Vegas_img2276,AOI_2_Vegas,AOI_2_Vegas:-11525:3617,test,owlv2,area,fixed,3.6,0.5,0,0,0,0,0.0,owlv2
AOI_2_Vegas_img2276,AOI_2_Vegas,AOI_2_Vegas:-11525:3617,test,owlv2,area,fixed,5.0,0.5,0,0,0,0,0.0,owlv2
AOI_2_Vegas_img2276,AOI_2_Vegas,AOI_2_Vegas:-11525:3617,test,owlv2,area,fixed,10.0,0.5,0,0,0,0,0.0,owlv2
AOI_2_Vegas_img2281,AOI_2_Vegas,AOI_2_Vegas:-11525:3618,test,owlv2,area,fixed,0.3,0.5,4,31,14,34,0.05,owlv2
AOI_2_Vegas_img2281,AOI_2_Vegas,AOI_2_Vegas:-11525:3618,test,owlv2,area,fixed,0.45,0.5,3,12,14,22,0.0,owlv2
AOI_2_Vegas_img2281,AOI_2_Vegas,AOI_2_Vegas:-11525:3618,test,owlv2,area,fixed,0.6,0.5,2,5,14,13,0.0,owlv2
AOI_2_Vegas_img2281,AOI_2_Vegas,AOI_2_Vegas:-11525:3618,test,owlv2,area,fixed,0.9,0.5,0,0,14,0,0.0,owlv2
AOI_2_Vegas_img2281,AOI_2_Vegas,AOI_2_Vegas:-11525:3618,test,owlv2,area,fixed,1.2,0.5,0,0,14,0,0.0,owlv2
AOI_2_Vegas_img2281,AOI_2_Vegas,AOI_2_Vegas:-11525:3618,test,owlv2,area,fixed,1.8,0.5,0,0,14,6,0.0,owlv2
AOI_2_Vegas_img2281,AOI_2_Vegas,AOI_2_Vegas:-11525:3618,test,owlv2,area,fixed,2.4,0.5,0,0,14,11,0.0,owlv2
AOI_2_Vegas_img2281,AOI_2_Vegas,AOI_2_Vegas:-11525:3618,test,owlv2,area,fixed,3.6,0.5,0,0,14,9,0.0,owlv2
AOI_2_Vegas_img2281,AOI_2_Vegas,AOI_2_Vegas:-11525:3618,test,owlv2,area,fixed,5.0,0.5,0,0,14,10,0.0,owlv2
AOI_2_Vegas_img2281,AOI_2_Vegas,AOI_2_Vegas:-11525:3618,test,owlv2,area,fixed,10.0,0.5,0,0,14,6,0.0,owlv2
AOI_2_Vegas_img2302,AOI_2_Vegas,AOI_2_Vegas:-11525:3622,test,owlv2,area,fixed,0.3,0.5,38,367,58,70,5.75,owlv2
AOI_2_Vegas_img2302,AOI_2_Vegas,AOI_2_Vegas:-11525:3622,test,owlv2,area,fixed,0.45,0.5,30,152,58,47,3.45,owlv2
AOI_2_Vegas_img2302,AOI_2_Vegas,AOI_2_Vegas:-11525:3622,test,owlv2,area,fixed,0.6,0.5,26,135,58,46,3.1,owlv2
AOI_2_Vegas_img2302,AOI_2_Vegas,AOI_2_Vegas:-11525:3622,test,owlv2,area,fixed,0.9,0.5,20,88,58,32,2.8,owlv2
AOI_2_Vegas_img2302,AOI_2_Vegas,AOI_2_Vegas:-11525:3622,test,owlv2,area,fixed,1.2,0.5,15,71,58,25,1.9,owlv2
AOI_2_Vegas_img2302,AOI_2_Vegas,AOI_2_Vegas:-11525:3622,test,owlv2,area,fixed,1.8,0.5,13,48,58,34,1.4,owlv2
AOI_2_Vegas_img2302,AOI_2_Vegas,AOI_2_Vegas:-11525:3622,test,owlv2,area,fixed,2.4,0.5,10,20,58,16,0.5,owlv2
AOI_2_Vegas_img2302,AOI_2_Vegas,AOI_2_Vegas:-11525:3622,test,owlv2,area,fixed,3.6,0.5,0,0,58,0,0.0,owlv2
AOI_2_Vegas_img2302,AOI_2_Vegas,AOI_2_Vegas:-11525:3622,test,owlv2,area,fixed,5.0,0.5,0,0,58,0,0.0,owlv2
AOI_2_Vegas_img2302,AOI_2_Vegas,AOI_2_Vegas:-11525:3622,test,owlv2,area,fixed,10.0,0.5,0,0,58,0,0.0,owlv2
AOI_2_Vegas_img2359,AOI_2_Vegas,AOI_2_Vegas:-11525:3619,test,owlv2,area,fixed,0.3,0.5,8,65,15,34,0.15,owlv2
AOI_2_Vegas_img2359,AOI_2_Vegas,AOI_2_Vegas:-11525:3619,test,owlv2,area,fixed,0.45,0.5,7,38,15,27,0.25,owlv2
AOI_2_Vegas_img2359,AOI_2_Vegas,AOI_2_Vegas:-11525:3619,test,owlv2,area,fixed,0.6,0.5,7,37,15,28,0.2,owlv2
AOI_2_Vegas_img2359,AOI_2_Vegas,AOI_2_Vegas:-11525:3619,test,owlv2,area,fixed,0.9,0.5,5,15,15,23,0.05,owlv2
AOI_2_Vegas_img2359,AOI_2_Vegas,AOI_2_Vegas:-11525:3619,test,owlv2,area,fixed,1.2,0.5,4,12,15,17,0.0,owlv2
AOI_2_Vegas_img2359,AOI_2_Vegas,AOI_2_Vegas:-11525:3619,test,owlv2,area,fixed,1.8,0.5,2,7,15,10,0.1,owlv2
AOI_2_Vegas_img2359,AOI_2_Vegas,AOI_2_Vegas:-11525:3619,test,owlv2,area,fixed,2.4,0.5,1,3,15,15,0.05,owlv2
AOI_2_Vegas_img2359,AOI_2_Vegas,AOI_2_Vegas:-11525:3619,test,owlv2,area,fixed,3.6,0.5,0,0,15,0,0.0,owlv2
AOI_2_Vegas_img2359,AOI_2_Vegas,AOI_2_Vegas:-11525:3619,test,owlv2,area,fixed,5.0,0.5,0,0,15,0,0.0,owlv2
AOI_2_Vegas_img2359,AOI_2_Vegas,AOI_2_Vegas:-11525:3619,test,owlv2,area,fixed,10.0,0.5,0,0,15,2,0.0,owlv2
AOI_2_Vegas_img2379,AOI_2_Vegas,AOI_2_Vegas:-11525:3623,test,owlv2,area,fixed,0.3,0.5,31,275,55,52,3.05,owlv2
AOI_2_Vegas_img2379,AOI_2_Vegas,AOI_2_Vegas:-11525:3623,test,owlv2,area,fixed,0.45,0.5,27,151,55,38,2.0,owlv2
AOI_2_Vegas_img2379,AOI_2_Vegas,AOI_2_Vegas:-11525:3623,test,owlv2,area,fixed,0.6,0.5,26,149,55,39,1.8,owlv2
AOI_2_Vegas_img2379,AOI_2_Vegas,AOI_2_Vegas:-11525:3623,test,owlv2,area,fixed,0.9,0.5,17,88,55,32,1.7,owlv2
AOI_2_Vegas_img2379,AOI_2_Vegas,AOI_2_Vegas:-11525:3623,test,owlv2,area,fixed,1.2,0.5,9,49,55,25,0.85,owlv2
AOI_2_Vegas_img2379,AOI_2_Vegas,AOI_2_Vegas:-11525:3623,test,owlv2,area,fixed,1.8,0.5,5,17,55,16,0.3,owlv2
AOI_2_Vegas_img2379,AOI_2_Vegas,AOI_2_Vegas:-11525:3623,test,owlv2,area,fixed,2.4,0.5,3,9,55,17,0.25,owlv2
AOI_2_Vegas_img2379,AOI_2_Vegas,AOI_2_Vegas:-11525:3623,test,owlv2,area,fixed,3.6,0.5,0,0,55,3,0.0,owlv2
AOI_2_Vegas_img2379,AOI_2_Vegas,AOI_2_Vegas:-11525:3623,test,owlv2,area,fixed,5.0,0.5,0,0,55,1,0.0,owlv2
AOI_2_Vegas_img2379,AOI_2_Vegas,AOI_2_Vegas:-11525:3623,test,owlv2,area,fixed,10.0,0.5,0,0,55,0,0.0,owlv2
AOI_2_Vegas_img2415,AOI_2_Vegas,AOI_2_Vegas:-11524:3615,test,owlv2,area,fixed,0.3,0.5,10,137,28,63,0.35,owlv2
AOI_2_Vegas_img2415,AOI_2_Vegas,AOI_2_Vegas:-11524:3615,test,owlv2,area,fixed,0.45,0.5,9,83,28,54,0.4,owlv2
AOI_2_Vegas_img2415,AOI_2_Vegas,AOI_2_Vegas:-11524:3615,test,owlv2,area,fixed,0.6,0.5,9,69,28,48,0.25,owlv2
AOI_2_Vegas_img2415,AOI_2_Vegas,AOI_2_Vegas:-11524:3615,test,owlv2,area,fixed,0.9,0.5,4,47,28,45,0.4,owlv2
AOI_2_Vegas_img2415,AOI_2_Vegas,AOI_2_Vegas:-11524:3615,test,owlv2,area,fixed,1.2,0.5,3,18,28,44,0.4,owlv2
AOI_2_Vegas_img2415,AOI_2_Vegas,AOI_2_Vegas:-11524:3615,test,owlv2,area,fixed,1.8,0.5,3,8,28,37,0.15,owlv2
AOI_2_Vegas_img2415,AOI_2_Vegas,AOI_2_Vegas:-11524:3615,test,owlv2,area,fixed,2.4,0.5,1,6,28,26,0.1,owlv2
AOI_2_Vegas_img2415,AOI_2_Vegas,AOI_2_Vegas:-11524:3615,test,owlv2,area,fixed,3.6,0.5,0,0,28,17,0.0,owlv2
AOI_2_Vegas_img2415,AOI_2_Vegas,AOI_2_Vegas:-11524:3615,test,owlv2,area,fixed,5.0,0.5,0,0,28,2,0.0,owlv2
AOI_2_Vegas_img2415,AOI_2_Vegas,AOI_2_Vegas:-11524:3615,test,owlv2,area,fixed,10.0,0.5,0,0,28,3,0.0,owlv2
AOI_2_Vegas_img2420,AOI_2_Vegas,AOI_2_Vegas:-11524:3616,test,owlv2,area,fixed,0.3,0.5,33,321,65,57,3.5,owlv2
AOI_2_Vegas_img2420,AOI_2_Vegas,AOI_2_Vegas:-11524:3616,test,owlv2,area,fixed,0.45,0.5,30,208,65,60,3.4,owlv2
AOI_2_Vegas_img2420,AOI_2_Vegas,AOI_2_Vegas:-11524:3616,test,owlv2,area,fixed,0.6,0.5,24,142,65,62,1.6,owlv2
AOI_2_Vegas_img2420,AOI_2_Vegas,AOI_2_Vegas:-11524:3616,test,owlv2,area,fixed,0.9,0.5,13,79,65,45,1.25,owlv2
AOI_2_Vegas_img2420,AOI_2_Vegas,AOI_2_Vegas:-11524:3616,test,owlv2,area,fixed,1.2,0.5,13,89,65,37,1.45,owlv2
AOI_2_Vegas_img2420,AOI_2_Vegas,AOI_2_Vegas:-11524:3616,test,owlv2,area,fixed,1.8,0.5,11,57,65,34,0.85,owlv2
AOI_2_Vegas_img2420,AOI_2_Vegas,AOI_2_Vegas:-11524:3616,test,owlv2,area,fixed,2.4,0.5,12,39,65,35,0.9,owlv2
AOI_2_Vegas_img2420,AOI_2_Vegas,AOI_2_Vegas:-11524:3616,test,owlv2,area,fixed,3.6,0.5,1,2,65,1,0.0,owlv2
AOI_2_Vegas_img2420,AOI_2_Vegas,AOI_2_Vegas:-11524:3616,test,owlv2,area,fixed,5.0,0.5,0,0,65,0,0.0,owlv2
AOI_2_Vegas_img2420,AOI_2_Vegas,AOI_2_Vegas:-11524:3616,test,owlv2,area,fixed,10.0,0.5,0,0,65,0,0.0,owlv2
AOI_2_Vegas_img244,AOI_2_Vegas,AOI_2_Vegas:-11530:3616,test,owlv2,area,fixed,0.3,0.5,11,139,18,38,0.5,owlv2
AOI_2_Vegas_img244,AOI_2_Vegas,AOI_2_Vegas:-11530:3616,test,owlv2,area,fixed,0.45,0.5,11,73,18,26,0.25,owlv2
AOI_2_Vegas_img244,AOI_2_Vegas,AOI_2_Vegas:-11530:3616,test,owlv2,area,fixed,0.6,0.5,9,68,18,24,0.25,owlv2
AOI_2_Vegas_img244,AOI_2_Vegas,AOI_2_Vegas:-11530:3616,test,owlv2,area,fixed,0.9,0.5,7,49,18,27,0.5,owlv2
AOI_2_Vegas_img244,AOI_2_Vegas,AOI_2_Vegas:-11530:3616,test,owlv2,area,fixed,1.2,0.5,7,58,18,35,0.5,owlv2
AOI_2_Vegas_img244,AOI_2_Vegas,AOI_2_Vegas:-11530:3616,test,owlv2,area,fixed,1.8,0.5,4,38,18,21,0.25,owlv2
AOI_2_Vegas_img244,AOI_2_Vegas,AOI_2_Vegas:-11530:3616,test,owlv2,area,fixed,2.4,0.5,3,27,18,18,0.25,owlv2
AOI_2_Vegas_img244,AOI_2_Vegas,AOI_2_Vegas:-11530:3616,test,owlv2,area,fixed,3.6,0.5,0,5,18,6,0.15,owlv2
AOI_2_Vegas_img244,AOI_2_Vegas,AOI_2_Vegas:-11530:3616,test,owlv2,area,fixed,5.0,0.5,0,0,18,0,0.0,owlv2
AOI_2_Vegas_img244,AOI_2_Vegas,AOI_2_Vegas:-11530:3616,test,owlv2,area,fixed,10.0,0.5,0,0,18,0,0.0,owlv2
AOI_2_Vegas_img2447,AOI_2_Vegas,AOI_2_Vegas:-11524:3621,test,owlv2,area,fixed,0.3,0.5,43,214,56,39,4.6,owlv2
AOI_2_Vegas_img2447,AOI_2_Vegas,AOI_2_Vegas:-11524:3621,test,owlv2,area,fixed,0.45,0.5,37,113,56,20,2.75,owlv2
AOI_2_Vegas_img2447,AOI_2_Vegas,AOI_2_Vegas:-11524:3621,test,owlv2,area,fixed,0.6,0.5,37,112,56,22,3.45,owlv2
AOI_2_Vegas_img2447,AOI_2_Vegas,AOI_2_Vegas:-11524:3621,test,owlv2,area,fixed,0.9,0.5,32,73,56,17,2.5,owlv2
AOI_2_Vegas_img2447,AOI_2_Vegas,AOI_2_Vegas:-11524:3621,test,owlv2,area,fixed,1.2,0.5,22,67,56,14,1.35,owlv2
AOI_2_Vegas_img2447,AOI_2_Vegas,AOI_2_Vegas:-11524:3621,test,owlv2,area,fixed,1.8,0.5,25,57,56,19,1.65,owlv2
AOI_2_Vegas_img2447,AOI_2_Vegas,AOI_2_Vegas:-11524:3621,test,owlv2,area,fixed,2.4,0.5,18,38,56,13,0.35,owlv2
AOI_2_Vegas_img2447,AOI_2_Vegas,AOI_2_Vegas:-11524:3621,test,owlv2,area,fixed,3.6,0.5,0,4,56,18,0.0,owlv2
AOI_2_Vegas_img2447,AOI_2_Vegas,AOI_2_Vegas:-11524:3621,test,owlv2,area,fixed,5.0,0.5,0,0,56,10,0.0,owlv2
AOI_2_Vegas_img2447,AOI_2_Vegas,AOI_2_Vegas:-11524:3621,test,owlv2,area,fixed,10.0,0.5,0,0,56,0,0.0,owlv2
AOI_2_Vegas_img2453,AOI_2_Vegas,AOI_2_Vegas:-11524:3622,test,owlv2,area,fixed,0.3,0.5,23,214,46,74,1.75,owlv2
AOI_2_Vegas_img2453,AOI_2_Vegas,AOI_2_Vegas:-11524:3622,test,owlv2,area,fixed,0.45,0.5,18,163,46,79,1.9,owlv2
AOI_2_Vegas_img2453,AOI_2_Vegas,AOI_2_Vegas:-11524:3622,test,owlv2,area,fixed,0.6,0.5,22,167,46,82,1.85,owlv2
AOI_2_Vegas_img2453,AOI_2_Vegas,AOI_2_Vegas:-11524:3622,test,owlv2,area,fixed,0.9,0.5,13,156,46,97,1.85,owlv2
AOI_2_Vegas_img2453,AOI_2_Vegas,AOI_2_Vegas:-11524:3622,test,owlv2,area,fixed,1.2,0.5,13,91,46,95,1.35,owlv2
AOI_2_Vegas_img2453,AOI_2_Vegas,AOI_2_Vegas:-11524:3622,test,owlv2,area,fixed,1.8,0.5,6,84,46,97,1.35,owlv2
AOI_2_Vegas_img2453,AOI_2_Vegas,AOI_2_Vegas:-11524:3622,test,owlv2,area,fixed,2.4,0.5,4,37,46,52,0.85,owlv2
AOI_2_Vegas_img2453,AOI_2_Vegas,AOI_2_Vegas:-11524:3622,test,owlv2,area,fixed,3.6,0.5,0,6,46,30,0.2,owlv2
AOI_2_Vegas_img2453,AOI_2_Vegas,AOI_2_Vegas:-11524:3622,test,owlv2,area,fixed,5.0,0.5,0,0,46,2,0.0,owlv2
AOI_2_Vegas_img2453,AOI_2_Vegas,AOI_2_Vegas:-11524:3622,test,owlv2,area,fixed,10.0,0.5,0,0,46,0,0.0,owlv2
AOI_2_Vegas_img2462,AOI_2_Vegas,AOI_2_Vegas:-11524:3623,test,owlv2,area,fixed,0.3,0.5,18,282,80,84,3.05,owlv2
AOI_2_Vegas_img2462,AOI_2_Vegas,AOI_2_Vegas:-11524:3623,test,owlv2,area,fixed,0.45,0.5,8,117,80,56,1.45,owlv2
AOI_2_Vegas_img2462,AOI_2_Vegas,AOI_2_Vegas:-11524:3623,test,owlv2,area,fixed,0.6,0.5,10,119,80,53,1.35,owlv2
AOI_2_Vegas_img2462,AOI_2_Vegas,AOI_2_Vegas:-11524:3623,test,owlv2,area,fixed,0.9,0.5,8,76,80,47,1.25,owlv2
AOI_2_Vegas_img2462,AOI_2_Vegas,AOI_2_Vegas:-11524:3623,test,owlv2,area,fixed,1.2,0.5,5,70,80,52,0.95,owlv2
AOI_2_Vegas_img2462,AOI_2_Vegas,AOI_2_Vegas:-11524:3623,test,owlv2,area,fixed,1.8,0.5,4,57,80,58,0.95,owlv2
AOI_2_Vegas_img2462,AOI_2_Vegas,AOI_2_Vegas:-11524:3623,test,owlv2,area,fixed,2.4,0.5,6,50,80,28,0.65,owlv2
AOI_2_Vegas_img2462,AOI_2_Vegas,AOI_2_Vegas:-11524:3623,test,owlv2,area,fixed,3.6,0.5,0,1,80,4,0.0,owlv2
AOI_2_Vegas_img2462,AOI_2_Vegas,AOI_2_Vegas:-11524:3623,test,owlv2,area,fixed,5.0,0.5,0,0,80,0,0.0,owlv2
AOI_2_Vegas_img2462,AOI_2_Vegas,AOI_2_Vegas:-11524:3623,test,owlv2,area,fixed,10.0,0.5,0,0,80,0,0.0,owlv2
AOI_2_Vegas_img2474,AOI_2_Vegas,AOI_2_Vegas:-11524:3625,test,owlv2,area,fixed,0.3,0.5,14,224,30,61,1.3,owlv2
AOI_2_Vegas_img2474,AOI_2_Vegas,AOI_2_Vegas:-11524:3625,test,owlv2,area,fixed,0.45,0.5,14,133,30,52,1.45,owlv2
AOI_2_Vegas_img2474,AOI_2_Vegas,AOI_2_Vegas:-11524:3625,test,owlv2,area,fixed,0.6,0.5,12,121,30,50,1.1,owlv2
AOI_2_Vegas_img2474,AOI_2_Vegas,AOI_2_Vegas:-11524:3625,test,owlv2,area,fixed,0.9,0.5,12,92,30,44,1.05,owlv2
AOI_2_Vegas_img2474,AOI_2_Vegas,AOI_2_Vegas:-11524:3625,test,owlv2,area,fixed,1.2,0.5,10,81,30,36,0.65,owlv2
AOI_2_Vegas_img2474,AOI_2_Vegas,AOI_2_Vegas:-11524:3625,test,owlv2,area,fixed,1.8,0.5,8,58,30,38,1.1,owlv2
AOI_2_Vegas_img2474,AOI_2_Vegas,AOI_2_Vegas:-11524:3625,test,owlv2,area,fixed,2.4,0.5,6,36,30,31,0.95,owlv2
AOI_2_Vegas_img2474,AOI_2_Vegas,AOI_2_Vegas:-11524:3625,test,owlv2,area,fixed,3.6,0.5,0,0,30,13,0.0,owlv2
AOI_2_Vegas_img2474,AOI_2_Vegas,AOI_2_Vegas:-11524:3625,test,owlv2,area,fixed,5.0,0.5,0,0,30,0,0.0,owlv2
AOI_2_Vegas_img2474,AOI_2_Vegas,AOI_2_Vegas:-11524:3625,test,owlv2,area,fixed,10.0,0.5,0,0,30,0,0.0,owlv2
AOI_2_Vegas_img2479,AOI_2_Vegas,AOI_2_Vegas:-11524:3612,test,owlv2,area,fixed,0.3,0.5,17,186,23,68,1.3,owlv2
AOI_2_Vegas_img2479,AOI_2_Vegas,AOI_2_Vegas:-11524:3612,test,owlv2,area,fixed,0.45,0.5,14,132,23,61,1.1,owlv2
AOI_2_Vegas_img2479,AOI_2_Vegas,AOI_2_Vegas:-11524:3612,test,owlv2,area,fixed,0.6,0.5,13,110,23,55,0.8,owlv2
AOI_2_Vegas_img2479,AOI_2_Vegas,AOI_2_Vegas:-11524:3612,test,owlv2,area,fixed,0.9,0.5,11,76,23,51,1.45,owlv2
AOI_2_Vegas_img2479,AOI_2_Vegas,AOI_2_Vegas:-11524:3612,test,owlv2,area,fixed,1.2,0.5,10,69,23,57,1.3,owlv2
AOI_2_Vegas_img2479,AOI_2_Vegas,AOI_2_Vegas:-11524:3612,test,owlv2,area,fixed,1.8,0.5,7,60,23,63,0.75,owlv2
AOI_2_Vegas_img2479,AOI_2_Vegas,AOI_2_Vegas:-11524:3612,test,owlv2,area,fixed,2.4,0.5,6,49,23,67,0.45,owlv2
AOI_2_Vegas_img2479,AOI_2_Vegas,AOI_2_Vegas:-11524:3612,test,owlv2,area,fixed,3.6,0.5,3,7,23,39,0.1,owlv2
AOI_2_Vegas_img2479,AOI_2_Vegas,AOI_2_Vegas:-11524:3612,test,owlv2,area,fixed,5.0,0.5,0,0,23,8,0.0,owlv2
AOI_2_Vegas_img2479,AOI_2_Vegas,AOI_2_Vegas:-11524:3612,test,owlv2,area,fixed,10.0,0.5,0,0,23,0,0.0,owlv2
AOI_2_Vegas_img2516,AOI_2_Vegas,AOI_2_Vegas:-11524:3619,test,owlv2,area,fixed,0.3,0.5,35,298,82,53,3.95,owlv2
AOI_2_Vegas_img2516,AOI_2_Vegas,AOI_2_Vegas:-11524:3619,test,owlv2,area,fixed,0.45,0.5,28,195,82,46,2.6,owlv2
AOI_2_Vegas_img2516,AOI_2_Vegas,AOI_2_Vegas:-11524:3619,test,owlv2,area,fixed,0.6,0.5,26,170,82,44,3.0,owlv2
AOI_2_Vegas_img2516,AOI_2_Vegas,AOI_2_Vegas:-11524:3619,test,owlv2,area,fixed,0.9,0.5,15,88,82,29,1.4,owlv2
AOI_2_Vegas_img2516,AOI_2_Vegas,AOI_2_Vegas:-11524:3619,test,owlv2,area,fixed,1.2,0.5,18,106,82,41,1.15,owlv2
AOI_2_Vegas_img2516,AOI_2_Vegas,AOI_2_Vegas:-11524:3619,test,owlv2,area,fixed,1.8,0.5,3,30,82,28,0.45,owlv2
AOI_2_Vegas_img2516,AOI_2_Vegas,AOI_2_Vegas:-11524:3619,test,owlv2,area,fixed,2.4,0.5,0,5,82,8,0.0,owlv2
AOI_2_Vegas_img2516,AOI_2_Vegas,AOI_2_Vegas:-11524:3619,test,owlv2,area,fixed,3.6,0.5,0,1,82,4,0.0,owlv2
AOI_2_Vegas_img2516,AOI_2_Vegas,AOI_2_Vegas:-11524:3619,test,owlv2,area,fixed,5.0,0.5,0,0,82,1,0.0,owlv2
AOI_2_Vegas_img2516,AOI_2_Vegas,AOI_2_Vegas:-11524:3619,test,owlv2,area,fixed,10.0,0.5,0,0,82,0,0.0,owlv2
AOI_2_Vegas_img2567,AOI_2_Vegas,AOI_2_Vegas:-11524:3614,test,owlv2,area,fixed,0.3,0.5,11,102,20,63,0.35,owlv2
AOI_2_Vegas_img2567,AOI_2_Vegas,AOI_2_Vegas:-11524:3614,test,owlv2,area,fixed,0.45,0.5,8,38,20,26,0.15,owlv2
AOI_2_Vegas_img2567,AOI_2_Vegas,AOI_2_Vegas:-11524:3614,test,owlv2,area,fixed,0.6,0.5,5,18,20,22,0.25,owlv2
AOI_2_Vegas_img2567,AOI_2_Vegas,AOI_2_Vegas:-11524:3614,test,owlv2,area,fixed,0.9,0.5,2,4,20,7,0.0,owlv2
AOI_2_Vegas_img2567,AOI_2_Vegas,AOI_2_Vegas:-11524:3614,test,owlv2,area,fixed,1.2,0.5,1,4,20,7,0.15,owlv2
AOI_2_Vegas_img2567,AOI_2_Vegas,AOI_2_Vegas:-11524:3614,test,owlv2,area,fixed,1.8,0.5,1,1,20,8,0.0,owlv2
AOI_2_Vegas_img2567,AOI_2_Vegas,AOI_2_Vegas:-11524:3614,test,owlv2,area,fixed,2.4,0.5,2,3,20,9,0.1,owlv2
AOI_2_Vegas_img2567,AOI_2_Vegas,AOI_2_Vegas:-11524:3614,test,owlv2,area,fixed,3.6,0.5,0,0,20,3,0.0,owlv2
AOI_2_Vegas_img2567,AOI_2_Vegas,AOI_2_Vegas:-11524:3614,test,owlv2,area,fixed,5.0,0.5,0,0,20,1,0.0,owlv2
AOI_2_Vegas_img2567,AOI_2_Vegas,AOI_2_Vegas:-11524:3614,test,owlv2,area,fixed,10.0,0.5,0,0,20,0,0.0,owlv2
AOI_2_Vegas_img2614,AOI_2_Vegas,AOI_2_Vegas:-11524:3622,test,owlv2,area,fixed,0.3,0.5,33,281,44,53,5.85,owlv2
AOI_2_Vegas_img2614,AOI_2_Vegas,AOI_2_Vegas:-11524:3622,test,owlv2,area,fixed,0.45,0.5,21,118,44,45,3.45,owlv2
AOI_2_Vegas_img2614,AOI_2_Vegas,AOI_2_Vegas:-11524:3622,test,owlv2,area,fixed,0.6,0.5,17,104,44,36,3.1,owlv2
AOI_2_Vegas_img2614,AOI_2_Vegas,AOI_2_Vegas:-11524:3622,test,owlv2,area,fixed,0.9,0.5,13,50,44,21,1.1,owlv2
AOI_2_Vegas_img2614,AOI_2_Vegas,AOI_2_Vegas:-11524:3622,test,owlv2,area,fixed,1.2,0.5,9,43,44,25,1.1,owlv2
AOI_2_Vegas_img2614,AOI_2_Vegas,AOI_2_Vegas:-11524:3622,test,owlv2,area,fixed,1.8,0.5,15,39,44,19,0.7,owlv2
AOI_2_Vegas_img2614,AOI_2_Vegas,AOI_2_Vegas:-11524:3622,test,owlv2,area,fixed,2.4,0.5,13,32,44,10,1.0,owlv2
AOI_2_Vegas_img2614,AOI_2_Vegas,AOI_2_Vegas:-11524:3622,test,owlv2,area,fixed,3.6,0.5,7,19,44,24,0.5,owlv2
AOI_2_Vegas_img2614,AOI_2_Vegas,AOI_2_Vegas:-11524:3622,test,owlv2,area,fixed,5.0,0.5,0,0,44,1,0.0,owlv2
AOI_2_Vegas_img2614,AOI_2_Vegas,AOI_2_Vegas:-11524:3622,test,owlv2,area,fixed,10.0,0.5,0,0,44,0,0.0,owlv2
AOI_2_Vegas_img2623,AOI_2_Vegas,AOI_2_Vegas:-11524:3624,test,owlv2,area,fixed,0.3,0.5,5,147,13,46,0.25,owlv2
AOI_2_Vegas_img2623,AOI_2_Vegas,AOI_2_Vegas:-11524:3624,test,owlv2,area,fixed,0.45,0.5,6,65,13,31,0.05,owlv2
AOI_2_Vegas_img2623,AOI_2_Vegas,AOI_2_Vegas:-11524:3624,test,owlv2,area,fixed,0.6,0.5,5,67,13,35,0.05,owlv2
AOI_2_Vegas_img2623,AOI_2_Vegas,AOI_2_Vegas:-11524:3624,test,owlv2,area,fixed,0.9,0.5,5,44,13,27,0.1,owlv2
AOI_2_Vegas_img2623,AOI_2_Vegas,AOI_2_Vegas:-11524:3624,test,owlv2,area,fixed,1.2,0.5,2,28,13,22,0.05,owlv2
AOI_2_Vegas_img2623,AOI_2_Vegas,AOI_2_Vegas:-11524:3624,test,owlv2,area,fixed,1.8,0.5,2,22,13,20,0.05,owlv2
AOI_2_Vegas_img2623,AOI_2_Vegas,AOI_2_Vegas:-11524:3624,test,owlv2,area,fixed,2.4,0.5,0,13,13,22,0.05,owlv2
AOI_2_Vegas_img2623,AOI_2_Vegas,AOI_2_Vegas:-11524:3624,test,owlv2,area,fixed,3.6,0.5,1,6,13,27,0.0,owlv2
AOI_2_Vegas_img2623,AOI_2_Vegas,AOI_2_Vegas:-11524:3624,test,owlv2,area,fixed,5.0,0.5,0,0,13,9,0.0,owlv2
AOI_2_Vegas_img2623,AOI_2_Vegas,AOI_2_Vegas:-11524:3624,test,owlv2,area,fixed,10.0,0.5,0,0,13,0,0.0,owlv2
AOI_2_Vegas_img263,AOI_2_Vegas,AOI_2_Vegas:-11530:3620,test,owlv2,area,fixed,0.3,0.5,40,325,44,58,5.65,owlv2
AOI_2_Vegas_img263,AOI_2_Vegas,AOI_2_Vegas:-11530:3620,test,owlv2,area,fixed,0.45,0.5,33,187,44,54,3.85,owlv2
AOI_2_Vegas_img263,AOI_2_Vegas,AOI_2_Vegas:-11530:3620,test,owlv2,area,fixed,0.6,0.5,30,159,44,50,3.6,owlv2
AOI_2_Vegas_img263,AOI_2_Vegas,AOI_2_Vegas:-11530:3620,test,owlv2,area,fixed,0.9,0.5,31,80,44,34,3.05,owlv2
AOI_2_Vegas_img263,AOI_2_Vegas,AOI_2_Vegas:-11530:3620,test,owlv2,area,fixed,1.2,0.5,34,80,44,34,2.45,owlv2
AOI_2_Vegas_img263,AOI_2_Vegas,AOI_2_Vegas:-11530:3620,test,owlv2,area,fixed,1.8,0.5,26,42,44,23,1.4,owlv2
AOI_2_Vegas_img263,AOI_2_Vegas,AOI_2_Vegas:-11530:3620,test,owlv2,area,fixed,2.4,0.5,20,38,44,18,1.4,owlv2
AOI_2_Vegas_img263,AOI_2_Vegas,AOI_2_Vegas:-11530:3620,test,owlv2,area,fixed,3.6,0.5,0,2,44,4,0.05,owlv2
AOI_2_Vegas_img263,AOI_2_Vegas,AOI_2_Vegas:-11530:3620,test,owlv2,area,fixed,5.0,0.5,0,0,44,0,0.0,owlv2
AOI_2_Vegas_img263,AOI_2_Vegas,AOI_2_Vegas:-11530:3620,test,owlv2,area,fixed,10.0,0.5,0,0,44,0,0.0,owlv2
AOI_2_Vegas_img2668,AOI_2_Vegas,AOI_2_Vegas:-11524:3618,test,owlv2,area,fixed,0.3,0.5,38,302,65,60,3.7,owlv2
AOI_2_Vegas_img2668,AOI_2_Vegas,AOI_2_Vegas:-11524:3618,test,owlv2,area,fixed,0.45,0.5,33,216,65,56,3.55,owlv2
AOI_2_Vegas_img2668,AOI_2_Vegas,AOI_2_Vegas:-11524:3618,test,owlv2,area,fixed,0.6,0.5,35,187,65,53,2.4,owlv2
AOI_2_Vegas_img2668,AOI_2_Vegas,AOI_2_Vegas:-11524:3618,test,owlv2,area,fixed,0.9,0.5,28,92,65,36,1.7,owlv2
AOI_2_Vegas_img2668,AOI_2_Vegas,AOI_2_Vegas:-11524:3618,test,owlv2,area,fixed,1.2,0.5,25,87,65,32,2.65,owlv2
AOI_2_Vegas_img2668,AOI_2_Vegas,AOI_2_Vegas:-11524:3618,test,owlv2,area,fixed,1.8,0.5,29,88,65,37,2.1,owlv2
AOI_2_Vegas_img2668,AOI_2_Vegas,AOI_2_Vegas:-11524:3618,test,owlv2,area,fixed,2.4,0.5,22,57,65,31,1.3,owlv2
AOI_2_Vegas_img2668,AOI_2_Vegas,AOI_2_Vegas:-11524:3618,test,owlv2,area,fixed,3.6,0.5,0,6,65,21,0.05,owlv2
AOI_2_Vegas_img2668,AOI_2_Vegas,AOI_2_Vegas:-11524:3618,test,owlv2,area,fixed,5.0,0.5,0,0,65,1,0.0,owlv2
AOI_2_Vegas_img2668,AOI_2_Vegas,AOI_2_Vegas:-11524:3618,test,owlv2,area,fixed,10.0,0.5,0,0,65,0,0.0,owlv2
AOI_2_Vegas_img2695,AOI_2_Vegas,AOI_2_Vegas:-11524:3623,test,owlv2,area,fixed,0.3,0.5,31,220,52,50,2.45,owlv2
AOI_2_Vegas_img2695,AOI_2_Vegas,AOI_2_Vegas:-11524:3623,test,owlv2,area,fixed,0.45,0.5,26,116,52,45,2.15,owlv2
AOI_2_Vegas_img2695,AOI_2_Vegas,AOI_2_Vegas:-11524:3623,test,owlv2,area,fixed,0.6,0.5,25,89,52,46,2.25,owlv2
AOI_2_Vegas_img2695,AOI_2_Vegas,AOI_2_Vegas:-11524:3623,test,owlv2,area,fixed,0.9,0.5,16,47,52,28,1.1,owlv2
AOI_2_Vegas_img2695,AOI_2_Vegas,AOI_2_Vegas:-11524:3623,test,owlv2,area,fixed,1.2,0.5,12,35,52,24,0.6,owlv2
AOI_2_Vegas_img2695,AOI_2_Vegas,AOI_2_Vegas:-11524:3623,test,owlv2,area,fixed,1.8,0.5,10,27,52,13,0.65,owlv2
AOI_2_Vegas_img2695,AOI_2_Vegas,AOI_2_Vegas:-11524:3623,test,owlv2,area,fixed,2.4,0.5,2,4,52,5,0.15,owlv2
AOI_2_Vegas_img2695,AOI_2_Vegas,AOI_2_Vegas:-11524:3623,test,owlv2,area,fixed,3.6,0.5,2,4,52,11,0.05,owlv2
AOI_2_Vegas_img2695,AOI_2_Vegas,AOI_2_Vegas:-11524:3623,test,owlv2,area,fixed,5.0,0.5,0,0,52,0,0.0,owlv2
AOI_2_Vegas_img2695,AOI_2_Vegas,AOI_2_Vegas:-11524:3623,test,owlv2,area,fixed,10.0,0.5,0,0,52,0,0.0,owlv2
AOI_2_Vegas_img2751,AOI_2_Vegas,AOI_2_Vegas:-11524:3619,test,owlv2,area,fixed,0.3,0.5,28,183,42,55,1.85,owlv2
AOI_2_Vegas_img2751,AOI_2_Vegas,AOI_2_Vegas:-11524:3619,test,owlv2,area,fixed,0.45,0.5,30,136,42,53,1.95,owlv2
AOI_2_Vegas_img2751,AOI_2_Vegas,AOI_2_Vegas:-11524:3619,test,owlv2,area,fixed,0.6,0.5,26,115,42,50,1.65,owlv2
AOI_2_Vegas_img2751,AOI_2_Vegas,AOI_2_Vegas:-11524:3619,test,owlv2,area,fixed,0.9,0.5,25,83,42,44,2.35,owlv2
AOI_2_Vegas_img2751,AOI_2_Vegas,AOI_2_Vegas:-11524:3619,test,owlv2,area,fixed,1.2,0.5,23,66,42,44,1.6,owlv2
AOI_2_Vegas_img2751,AOI_2_Vegas,AOI_2_Vegas:-11524:3619,test,owlv2,area,fixed,1.8,0.5,13,23,42,24,0.6,owlv2
AOI_2_Vegas_img2751,AOI_2_Vegas,AOI_2_Vegas:-11524:3619,test,owlv2,area,fixed,2.4,0.5,1,1,42,4,0.0,owlv2
AOI_2_Vegas_img2751,AOI_2_Vegas,AOI_2_Vegas:-11524:3619,test,owlv2,area,fixed,3.6,0.5,0,0,42,0,0.0,owlv2
AOI_2_Vegas_img2751,AOI_2_Vegas,AOI_2_Vegas:-11524:3619,test,owlv2,area,fixed,5.0,0.5,0,0,42,0,0.0,owlv2
AOI_2_Vegas_img2751,AOI_2_Vegas,AOI_2_Vegas:-11524:3619,test,owlv2,area,fixed,10.0,0.5,0,0,42,0,0.0,owlv2
AOI_2_Vegas_img2760,AOI_2_Vegas,AOI_2_Vegas:-11524:3620,test,owlv2,area,fixed,0.3,0.5,36,340,58,62,3.4,owlv2
AOI_2_Vegas_img2760,AOI_2_Vegas,AOI_2_Vegas:-11524:3620,test,owlv2,area,fixed,0.45,0.5,32,233,58,52,2.55,owlv2
AOI_2_Vegas_img2760,AOI_2_Vegas,AOI_2_Vegas:-11524:3620,test,owlv2,area,fixed,0.6,0.5,31,201,58,47,2.0,owlv2
AOI_2_Vegas_img2760,AOI_2_Vegas,AOI_2_Vegas:-11524:3620,test,owlv2,area,fixed,0.9,0.5,26,104,58,32,1.3,owlv2
AOI_2_Vegas_img2760,AOI_2_Vegas,AOI_2_Vegas:-11524:3620,test,owlv2,area,fixed,1.2,0.5,19,81,58,33,1.35,owlv2
AOI_2_Vegas_img2760,AOI_2_Vegas,AOI_2_Vegas:-11524:3620,test,owlv2,area,fixed,1.8,0.5,9,49,58,24,0.85,owlv2
AOI_2_Vegas_img2760,AOI_2_Vegas,AOI_2_Vegas:-11524:3620,test,owlv2,area,fixed,2.4,0.5,2,25,58,30,0.25,owlv2
AOI_2_Vegas_img2760,AOI_2_Vegas,AOI_2_Vegas:-11524:3620,test,owlv2,area,fixed,3.6,0.5,0,0,58,0,0.0,owlv2
AOI_2_Vegas_img2760,AOI_2_Vegas,AOI_2_Vegas:-11524:3620,test,owlv2,area,fixed,5.0,0.5,0,0,58,0,0.0,owlv2
AOI_2_Vegas_img2760,AOI_2_Vegas,AOI_2_Vegas:-11524:3620,test,owlv2,area,fixed,10.0,0.5,0,0,58,0,0.0,owlv2
AOI_2_Vegas_img2801,AOI_2_Vegas,AOI_2_Vegas:-11524:3613,test,owlv2,area,fixed,0.3,0.5,16,183,26,64,0.65,owlv2
AOI_2_Vegas_img2801,AOI_2_Vegas,AOI_2_Vegas:-11524:3613,test,owlv2,area,fixed,0.45,0.5,11,110,26,47,0.7,owlv2
AOI_2_Vegas_img2801,AOI_2_Vegas,AOI_2_Vegas:-11524:3613,test,owlv2,area,fixed,0.6,0.5,11,90,26,46,0.55,owlv2
AOI_2_Vegas_img2801,AOI_2_Vegas,AOI_2_Vegas:-11524:3613,test,owlv2,area,fixed,0.9,0.5,10,54,26,36,0.35,owlv2
AOI_2_Vegas_img2801,AOI_2_Vegas,AOI_2_Vegas:-11524:3613,test,owlv2,area,fixed,1.2,0.5,6,44,26,44,0.4,owlv2
AOI_2_Vegas_img2801,AOI_2_Vegas,AOI_2_Vegas:-11524:3613,test,owlv2,area,fixed,1.8,0.5,6,22,26,35,0.4,owlv2
AOI_2_Vegas_img2801,AOI_2_Vegas,AOI_2_Vegas:-11524:3613,test,owlv2,area,fixed,2.4,0.5,4,15,26,26,0.1,owlv2
AOI_2_Vegas_img2801,AOI_2_Vegas,AOI_2_Vegas:-11524:3613,test,owlv2,area,fixed,3.6,0.5,2,6,26,24,0.05,owlv2
AOI_2_Vegas_img2801,AOI_2_Vegas,AOI_2_Vegas:-11524:3613,test,owlv2,area,fixed,5.0,0.5,0,0,26,5,0.0,owlv2
AOI_2_Vegas_img2801,AOI_2_Vegas,AOI_2_Vegas:-11524:3613,test,owlv2,area,fixed,10.0,0.5,0,0,26,0,0.0,owlv2
AOI_2_Vegas_img2824,AOI_2_Vegas,AOI_2_Vegas:-11524:3618,test,owlv2,area,fixed,0.3,0.5,23,120,31,59,0.8,owlv2
AOI_2_Vegas_img2824,AOI_2_Vegas,AOI_2_Vegas:-11524:3618,test,owlv2,area,fixed,0.45,0.5,20,79,31,51,0.7,owlv2
AOI_2_Vegas_img2824,AOI_2_Vegas,AOI_2_Vegas:-11524:3618,test,owlv2,area,fixed,0.6,0.5,19,56,31,42,0.6,owlv2
AOI_2_Vegas_img2824,AOI_2_Vegas,AOI_2_Vegas:-11524:3618,test,owlv2,area,fixed,0.9,0.5,12,28,31,48,0.4,owlv2
AOI_2_Vegas_img2824,AOI_2_Vegas,AOI_2_Vegas:-11524:3618,test,owlv2,area,fixed,1.2,0.5,7,24,31,44,0.45,owlv2
AOI_2_Vegas_img2824,AOI_2_Vegas,AOI_2_Vegas:-11524:3618,test,owlv2,area,fixed,1.8,0.5,11,30,31,44,0.4,owlv2
AOI_2_Vegas_img2824,AOI_2_Vegas,AOI_2_Vegas:-11524:3618,test,owlv2,area,fixed,2.4,0.5,5,15,31,35,0.1,owlv2
AOI_2_Vegas_img2824,AOI_2_Vegas,AOI_2_Vegas:-11524:3618,test,owlv2,area,fixed,3.6,0.5,0,3,31,32,0.0,owlv2
AOI_2_Vegas_img2824,AOI_2_Vegas,AOI_2_Vegas:-11524:3618,test,owlv2,area,fixed,5.0,0.5,0,0,31,9,0.0,owlv2
AOI_2_Vegas_img2824,AOI_2_Vegas,AOI_2_Vegas:-11524:3618,test,owlv2,area,fixed,10.0,0.5,0,0,31,3,0.0,owlv2
AOI_2_Vegas_img2852,AOI_2_Vegas,AOI_2_Vegas:-11524:3622,test,owlv2,area,fixed,0.3,0.5,25,160,49,44,1.35,owlv2
AOI_2_Vegas_img2852,AOI_2_Vegas,AOI_2_Vegas:-11524:3622,test,owlv2,area,fixed,0.45,0.5,17,102,49,44,1.1,owlv2
AOI_2_Vegas_img2852,AOI_2_Vegas,AOI_2_Vegas:-11524:3622,test,owlv2,area,fixed,0.6,0.5,14,93,49,40,1.1,owlv2
AOI_2_Vegas_img2852,AOI_2_Vegas,AOI_2_Vegas:-11524:3622,test,owlv2,area,fixed,0.9,0.5,10,44,49,29,0.75,owlv2
AOI_2_Vegas_img2852,AOI_2_Vegas,AOI_2_Vegas:-11524:3622,test,owlv2,area,fixed,1.2,0.5,6,12,49,21,0.2,owlv2
AOI_2_Vegas_img2852,AOI_2_Vegas,AOI_2_Vegas:-11524:3622,test,owlv2,area,fixed,1.8,0.5,3,11,49,15,0.05,owlv2
AOI_2_Vegas_img2852,AOI_2_Vegas,AOI_2_Vegas:-11524:3622,test,owlv2,area,fixed,2.4,0.5,0,0,49,6,0.0,owlv2
AOI_2_Vegas_img2852,AOI_2_Vegas,AOI_2_Vegas:-11524:3622,test,owlv2,area,fixed,3.6,0.5,0,0,49,0,0.0,owlv2
AOI_2_Vegas_img2852,AOI_2_Vegas,AOI_2_Vegas:-11524:3622,test,owlv2,area,fixed,5.0,0.5,0,0,49,0,0.0,owlv2
AOI_2_Vegas_img2852,AOI_2_Vegas,AOI_2_Vegas:-11524:3622,test,owlv2,area,fixed,10.0,0.5,0,0,49,0,0.0,owlv2
AOI_2_Vegas_img286,AOI_2_Vegas,AOI_2_Vegas:-11530:3614,test,owlv2,area,fixed,0.3,0.5,1,59,6,49,0.0,owlv2
AOI_2_Vegas_img286,AOI_2_Vegas,AOI_2_Vegas:-11530:3614,test,owlv2,area,fixed,0.45,0.5,1,37,6,32,0.0,owlv2
AOI_2_Vegas_img286,AOI_2_Vegas,AOI_2_Vegas:-11530:3614,test,owlv2,area,fixed,0.6,0.5,1,24,6,32,0.05,owlv2
AOI_2_Vegas_img286,AOI_2_Vegas,AOI_2_Vegas:-11530:3614,test,owlv2,area,fixed,0.9,0.5,1,7,6,15,0.0,owlv2
AOI_2_Vegas_img286,AOI_2_Vegas,AOI_2_Vegas:-11530:3614,test,owlv2,area,fixed,1.2,0.5,1,4,6,12,0.0,owlv2
AOI_2_Vegas_img286,AOI_2_Vegas,AOI_2_Vegas:-11530:3614,test,owlv2,area,fixed,1.8,0.5,1,5,6,4,0.05,owlv2
AOI_2_Vegas_img286,AOI_2_Vegas,AOI_2_Vegas:-11530:3614,test,owlv2,area,fixed,2.4,0.5,1,3,6,3,0.05,owlv2
AOI_2_Vegas_img286,AOI_2_Vegas,AOI_2_Vegas:-11530:3614,test,owlv2,area,fixed,3.6,0.5,0,0,6,0,0.0,owlv2
AOI_2_Vegas_img286,AOI_2_Vegas,AOI_2_Vegas:-11530:3614,test,owlv2,area,fixed,5.0,0.5,0,0,6,1,0.0,owlv2
AOI_2_Vegas_img286,AOI_2_Vegas,AOI_2_Vegas:-11530:3614,test,owlv2,area,fixed,10.0,0.5,0,0,6,5,0.0,owlv2
AOI_2_Vegas_img2870,AOI_2_Vegas,AOI_2_Vegas:-11524:3626,test,owlv2,area,fixed,0.3,0.5,5,141,16,16,0.25,owlv2
AOI_2_Vegas_img2870,AOI_2_Vegas,AOI_2_Vegas:-11524:3626,test,owlv2,area,fixed,0.45,0.5,4,91,16,12,0.15,owlv2
AOI_2_Vegas_img2870,AOI_2_Vegas,AOI_2_Vegas:-11524:3626,test,owlv2,area,fixed,0.6,0.5,3,71,16,10,0.2,owlv2
AOI_2_Vegas_img2870,AOI_2_Vegas,AOI_2_Vegas:-11524:3626,test,owlv2,area,fixed,0.9,0.5,4,48,16,12,0.15,owlv2
AOI_2_Vegas_img2870,AOI_2_Vegas,AOI_2_Vegas:-11524:3626,test,owlv2,area,fixed,1.2,0.5,1,35,16,15,0.15,owlv2
AOI_2_Vegas_img2870,AOI_2_Vegas,AOI_2_Vegas:-11524:3626,test,owlv2,area,fixed,1.8,0.5,2,26,16,10,0.1,owlv2
AOI_2_Vegas_img2870,AOI_2_Vegas,AOI_2_Vegas:-11524:3626,test,owlv2,area,fixed,2.4,0.5,0,0,16,4,0.0,owlv2
AOI_2_Vegas_img2870,AOI_2_Vegas,AOI_2_Vegas:-11524:3626,test,owlv2,area,fixed,3.6,0.5,0,0,16,0,0.0,owlv2
AOI_2_Vegas_img2870,AOI_2_Vegas,AOI_2_Vegas:-11524:3626,test,owlv2,area,fixed,5.0,0.5,0,0,16,0,0.0,owlv2
AOI_2_Vegas_img2870,AOI_2_Vegas,AOI_2_Vegas:-11524:3626,test,owlv2,area,fixed,10.0,0.5,0,0,16,0,0.0,owlv2
AOI_2_Vegas_img2875,AOI_2_Vegas,AOI_2_Vegas:-11523:3613,test,owlv2,area,fixed,0.3,0.5,13,164,31,68,0.65,owlv2
AOI_2_Vegas_img2875,AOI_2_Vegas,AOI_2_Vegas:-11523:3613,test,owlv2,area,fixed,0.45,0.5,10,104,31,68,0.75,owlv2
AOI_2_Vegas_img2875,AOI_2_Vegas,AOI_2_Vegas:-11523:3613,test,owlv2,area,fixed,0.6,0.5,10,72,31,64,0.4,owlv2
AOI_2_Vegas_img2875,AOI_2_Vegas,AOI_2_Vegas:-11523:3613,test,owlv2,area,fixed,0.9,0.5,7,48,31,60,0.2,owlv2
AOI_2_Vegas_img2875,AOI_2_Vegas,AOI_2_Vegas:-11523:3613,test,owlv2,area,fixed,1.2,0.5,8,37,31,48,0.25,owlv2
AOI_2_Vegas_img2875,AOI_2_Vegas,AOI_2_Vegas:-11523:3613,test,owlv2,area,fixed,1.8,0.5,6,39,31,47,0.75,owlv2
AOI_2_Vegas_img2875,AOI_2_Vegas,AOI_2_Vegas:-11523:3613,test,owlv2,area,fixed,2.4,0.5,4,32,31,45,0.55,owlv2
AOI_2_Vegas_img2875,AOI_2_Vegas,AOI_2_Vegas:-11523:3613,test,owlv2,area,fixed,3.6,0.5,0,8,31,31,0.25,owlv2
AOI_2_Vegas_img2875,AOI_2_Vegas,AOI_2_Vegas:-11523:3613,test,owlv2,area,fixed,5.0,0.5,0,0,31,0,0.0,owlv2
AOI_2_Vegas_img2875,AOI_2_Vegas,AOI_2_Vegas:-11523:3613,test,owlv2,area,fixed,10.0,0.5,0,0,31,0,0.0,owlv2
AOI_2_Vegas_img288,AOI_2_Vegas,AOI_2_Vegas:-11530:3614,test,owlv2,area,fixed,0.3,0.5,17,174,37,64,1.2,owlv2
AOI_2_Vegas_img288,AOI_2_Vegas,AOI_2_Vegas:-11530:3614,test,owlv2,area,fixed,0.45,0.5,12,103,37,55,0.9,owlv2
AOI_2_Vegas_img288,AOI_2_Vegas,AOI_2_Vegas:-11530:3614,test,owlv2,area,fixed,0.6,0.5,15,98,37,48,1.1,owlv2
AOI_2_Vegas_img288,AOI_2_Vegas,AOI_2_Vegas:-11530:3614,test,owlv2,area,fixed,0.9,0.5,12,60,37,38,0.65,owlv2
AOI_2_Vegas_img288,AOI_2_Vegas,AOI_2_Vegas:-11530:3614,test,owlv2,area,fixed,1.2,0.5,12,45,37,35,0.5,owlv2
AOI_2_Vegas_img288,AOI_2_Vegas,AOI_2_Vegas:-11530:3614,test,owlv2,area,fixed,1.8,0.5,9,43,37,31,0.6,owlv2
AOI_2_Vegas_img288,AOI_2_Vegas,AOI_2_Vegas:-11530:3614,test,owlv2,area,fixed,2.4,0.5,8,20,37,20,0.1,owlv2
AOI_2_Vegas_img288,AOI_2_Vegas,AOI_2_Vegas:-11530:3614,test,owlv2,area,fixed,3.6,0.5,0,4,37,9,0.15,owlv2
AOI_2_Vegas_img288,AOI_2_Vegas,AOI_2_Vegas:-11530:3614,test,owlv2,area,fixed,5.0,0.5,0,0,37,0,0.0,owlv2
AOI_2_Vegas_img288,AOI_2_Vegas,AOI_2_Vegas:-11530:3614,test,owlv2,area,fixed,10.0,0.5,0,0,37,0,0.0,owlv2
AOI_2_Vegas_img2888,AOI_2_Vegas,AOI_2_Vegas:-11523:3615,test,owlv2,area,fixed,0.3,0.5,0,13,0,14,0.0,owlv2
AOI_2_Vegas_img2888,AOI_2_Vegas,AOI_2_Vegas:-11523:3615,test,owlv2,area,fixed,0.45,0.5,0,4,0,3,0.0,owlv2
AOI_2_Vegas_img2888,AOI_2_Vegas,AOI_2_Vegas:-11523:3615,test,owlv2,area,fixed,0.6,0.5,0,5,0,2,0.0,owlv2
AOI_2_Vegas_img2888,AOI_2_Vegas,AOI_2_Vegas:-11523:3615,test,owlv2,area,fixed,0.9,0.5,0,0,0,0,0.0,owlv2
AOI_2_Vegas_img2888,AOI_2_Vegas,AOI_2_Vegas:-11523:3615,test,owlv2,area,fixed,1.2,0.5,0,0,0,0,0.0,owlv2
AOI_2_Vegas_img2888,AOI_2_Vegas,AOI_2_Vegas:-11523:3615,test,owlv2,area,fixed,1.8,0.5,0,0,0,0,0.0,owlv2
AOI_2_Vegas_img2888,AOI_2_Vegas,AOI_2_Vegas:-11523:3615,test,owlv2,area,fixed,2.4,0.5,0,0,0,1,0.0,owlv2
AOI_2_Vegas_img2888,AOI_2_Vegas,AOI_2_Vegas:-11523:3615,test,owlv2,area,fixed,3.6,0.5,0,0,0,2,0.0,owlv2
AOI_2_Vegas_img2888,AOI_2_Vegas,AOI_2_Vegas:-11523:3615,test,owlv2,area,fixed,5.0,0.5,0,0,0,3,0.0,owlv2
AOI_2_Vegas_img2888,AOI_2_Vegas,AOI_2_Vegas:-11523:3615,test,owlv2,area,fixed,10.0,0.5,0,0,0,0,0.0,owlv2
AOI_2_Vegas_img297,AOI_2_Vegas,AOI_2_Vegas:-11530:3616,test,owlv2,area,fixed,0.3,0.5,0,0,0,0,0.0,owlv2
AOI_2_Vegas_img297,AOI_2_Vegas,AOI_2_Vegas:-11530:3616,test,owlv2,area,fixed,0.45,0.5,0,0,0,0,0.0,owlv2
AOI_2_Vegas_img297,AOI_2_Vegas,AOI_2_Vegas:-11530:3616,test,owlv2,area,fixed,0.6,0.5,0,0,0,0,0.0,owlv2
AOI_2_Vegas_img297,AOI_2_Vegas,AOI_2_Vegas:-11530:3616,test,owlv2,area,fixed,0.9,0.5,0,0,0,0,0.0,owlv2
AOI_2_Vegas_img297,AOI_2_Vegas,AOI_2_Vegas:-11530:3616,test,owlv2,area,fixed,1.2,0.5,0,0,0,0,0.0,owlv2
AOI_2_Vegas_img297,AOI_2_Vegas,AOI_2_Vegas:-11530:3616,test,owlv2,area,fixed,1.8,0.5,0,0,0,0,0.0,owlv2
AOI_2_Vegas_img297,AOI_2_Vegas,AOI_2_Vegas:-11530:3616,test,owlv2,area,fixed,2.4,0.5,0,0,0,0,0.0,owlv2
AOI_2_Vegas_img297,AOI_2_Vegas,AOI_2_Vegas:-11530:3616,test,owlv2,area,fixed,3.6,0.5,0,0,0,0,0.0,owlv2
AOI_2_Vegas_img297,AOI_2_Vegas,AOI_2_Vegas:-11530:3616,test,owlv2,area,fixed,5.0,0.5,0,0,0,0,0.0,owlv2
AOI_2_Vegas_img297,AOI_2_Vegas,AOI_2_Vegas:-11530:3616,test,owlv2,area,fixed,10.0,0.5,0,0,0,0,0.0,owlv2
AOI_2_Vegas_img2978,AOI_2_Vegas,AOI_2_Vegas:-11523:3617,test,owlv2,area,fixed,0.3,0.5,8,198,30,46,0.85,owlv2
AOI_2_Vegas_img2978,AOI_2_Vegas,AOI_2_Vegas:-11523:3617,test,owlv2,area,fixed,0.45,0.5,6,106,30,34,0.6,owlv2
AOI_2_Vegas_img2978,AOI_2_Vegas,AOI_2_Vegas:-11523:3617,test,owlv2,area,fixed,0.6,0.5,5,104,30,35,0.55,owlv2
AOI_2_Vegas_img2978,AOI_2_Vegas,AOI_2_Vegas:-11523:3617,test,owlv2,area,fixed,0.9,0.5,5,52,30,35,0.55,owlv2
AOI_2_Vegas_img2978,AOI_2_Vegas,AOI_2_Vegas:-11523:3617,test,owlv2,area,fixed,1.2,0.5,6,29,30,22,0.15,owlv2
AOI_2_Vegas_img2978,AOI_2_Vegas,AOI_2_Vegas:-11523:3617,test,owlv2,area,fixed,1.8,0.5,2,23,30,21,0.15,owlv2
AOI_2_Vegas_img2978,AOI_2_Vegas,AOI_2_Vegas:-11523:3617,test,owlv2,area,fixed,2.4,0.5,1,17,30,21,0.05,owlv2
AOI_2_Vegas_img2978,AOI_2_Vegas,AOI_2_Vegas:-11523:3617,test,owlv2,area,fixed,3.6,0.5,0,8,30,26,0.0,owlv2
AOI_2_Vegas_img2978,AOI_2_Vegas,AOI_2_Vegas:-11523:3617,test,owlv2,area,fixed,5.0,0.5,0,2,30,13,0.0,owlv2
AOI_2_Vegas_img2978,AOI_2_Vegas,AOI_2_Vegas:-11523:3617,test,owlv2,area,fixed,10.0,0.5,0,0,30,0,0.0,owlv2
AOI_2_Vegas_img3018,AOI_2_Vegas,AOI_2_Vegas:-11523:3624,test,owlv2,area,fixed,0.3,0.5,19,231,61,79,4.1,owlv2
AOI_2_Vegas_img3018,AOI_2_Vegas,AOI_2_Vegas:-11523:3624,test,owlv2,area,fixed,0.45,0.5,17,168,61,69,2.4,owlv2
AOI_2_Vegas_img3018,AOI_2_Vegas,AOI_2_Vegas:-11523:3624,test,owlv2,area,fixed,0.6,0.5,16,140,61,69,3.05,owlv2
AOI_2_Vegas_img3018,AOI_2_Vegas,AOI_2_Vegas:-11523:3624,test,owlv2,area,fixed,0.9,0.5,13,106,61,68,2.75,owlv2
AOI_2_Vegas_img3018,AOI_2_Vegas,AOI_2_Vegas:-11523:3624,test,owlv2,area,fixed,1.2,0.5,13,108,61,73,2.65,owlv2
AOI_2_Vegas_img3018,AOI_2_Vegas,AOI_2_Vegas:-11523:3624,test,owlv2,area,fixed,1.8,0.5,15,77,61,48,2.05,owlv2
AOI_2_Vegas_img3018,AOI_2_Vegas,AOI_2_Vegas:-11523:3624,test,owlv2,area,fixed,2.4,0.5,7,25,61,38,0.6,owlv2
AOI_2_Vegas_img3018,AOI_2_Vegas,AOI_2_Vegas:-11523:3624,test,owlv2,area,fixed,3.6,0.5,0,0,61,6,0.0,owlv2
AOI_2_Vegas_img3018,AOI_2_Vegas,AOI_2_Vegas:-11523:3624,test,owlv2,area,fixed,5.0,0.5,0,0,61,0,0.0,owlv2
AOI_2_Vegas_img3018,AOI_2_Vegas,AOI_2_Vegas:-11523:3624,test,owlv2,area,fixed,10.0,0.5,0,0,61,0,0.0,owlv2
AOI_2_Vegas_img3077,AOI_2_Vegas,AOI_2_Vegas:-11523:3620,test,owlv2,area,fixed,0.3,0.5,21,183,32,62,1.45,owlv2
AOI_2_Vegas_img3077,AOI_2_Vegas,AOI_2_Vegas:-11523:3620,test,owlv2,area,fixed,0.45,0.5,17,143,32,65,1.25,owlv2
AOI_2_Vegas_img3077,AOI_2_Vegas,AOI_2_Vegas:-11523:3620,test,owlv2,area,fixed,0.6,0.5,18,136,32,56,1.05,owlv2
AOI_2_Vegas_img3077,AOI_2_Vegas,AOI_2_Vegas:-11523:3620,test,owlv2,area,fixed,0.9,0.5,13,99,32,55,0.5,owlv2
AOI_2_Vegas_img3077,AOI_2_Vegas,AOI_2_Vegas:-11523:3620,test,owlv2,area,fixed,1.2,0.5,14,96,32,58,0.6,owlv2
AOI_2_Vegas_img3077,AOI_2_Vegas,AOI_2_Vegas:-11523:3620,test,owlv2,area,fixed,1.8,0.5,9,57,32,57,0.8,owlv2
AOI_2_Vegas_img3077,AOI_2_Vegas,AOI_2_Vegas:-11523:3620,test,owlv2,area,fixed,2.4,0.5,6,35,32,46,0.1,owlv2
AOI_2_Vegas_img3077,AOI_2_Vegas,AOI_2_Vegas:-11523:3620,test,owlv2,area,fixed,3.6,0.5,0,0,32,9,0.0,owlv2
AOI_2_Vegas_img3077,AOI_2_Vegas,AOI_2_Vegas:-11523:3620,test,owlv2,area,fixed,5.0,0.5,0,0,32,0,0.0,owlv2
AOI_2_Vegas_img3077,AOI_2_Vegas,AOI_2_Vegas:-11523:3620,test,owlv2,area,fixed,10.0,0.5,0,0,32,0,0.0,owlv2
AOI_2_Vegas_img3082,AOI_2_Vegas,AOI_2_Vegas:-11523:3621,test,owlv2,area,fixed,0.3,0.5,1,65,7,42,0.0,owlv2
AOI_2_Vegas_img3082,AOI_2_Vegas,AOI_2_Vegas:-11523:3621,test,owlv2,area,fixed,0.45,0.5,2,47,7,30,0.0,owlv2
AOI_2_Vegas_img3082,AOI_2_Vegas,AOI_2_Vegas:-11523:3621,test,owlv2,area,fixed,0.6,0.5,2,39,7,35,0.0,owlv2
AOI_2_Vegas_img3082,AOI_2_Vegas,AOI_2_Vegas:-11523:3621,test,owlv2,area,fixed,0.9,0.5,1,9,7,16,0.0,owlv2
AOI_2_Vegas_img3082,AOI_2_Vegas,AOI_2_Vegas:-11523:3621,test,owlv2,area,fixed,1.2,0.5,0,0,7,5,0.0,owlv2
AOI_2_Vegas_img3082,AOI_2_Vegas,AOI_2_Vegas:-11523:3621,test,owlv2,area,fixed,1.8,0.5,0,0,7,4,0.0,owlv2
AOI_2_Vegas_img3082,AOI_2_Vegas,AOI_2_Vegas:-11523:3621,test,owlv2,area,fixed,2.4,0.5,0,1,7,3,0.0,owlv2
AOI_2_Vegas_img3082,AOI_2_Vegas,AOI_2_Vegas:-11523:3621,test,owlv2,area,fixed,3.6,0.5,0,0,7,1,0.0,owlv2
AOI_2_Vegas_img3082,AOI_2_Vegas,AOI_2_Vegas:-11523:3621,test,owlv2,area,fixed,5.0,0.5,0,0,7,1,0.0,owlv2
AOI_2_Vegas_img3082,AOI_2_Vegas,AOI_2_Vegas:-11523:3621,test,owlv2,area,fixed,10.0,0.5,0,0,7,0,0.0,owlv2
AOI_2_Vegas_img311,AOI_2_Vegas,AOI_2_Vegas:-11530:3618,test,owlv2,area,fixed,0.3,0.5,3,192,15,36,0.05,owlv2
AOI_2_Vegas_img311,AOI_2_Vegas,AOI_2_Vegas:-11530:3618,test,owlv2,area,fixed,0.45,0.5,2,102,15,32,0.0,owlv2
AOI_2_Vegas_img311,AOI_2_Vegas,AOI_2_Vegas:-11530:3618,test,owlv2,area,fixed,0.6,0.5,2,120,15,31,0.1,owlv2
AOI_2_Vegas_img311,AOI_2_Vegas,AOI_2_Vegas:-11530:3618,test,owlv2,area,fixed,0.9,0.5,1,80,15,23,0.0,owlv2
AOI_2_Vegas_img311,AOI_2_Vegas,AOI_2_Vegas:-11530:3618,test,owlv2,area,fixed,1.2,0.5,0,73,15,24,0.0,owlv2
AOI_2_Vegas_img311,AOI_2_Vegas,AOI_2_Vegas:-11530:3618,test,owlv2,area,fixed,1.8,0.5,0,60,15,29,0.0,owlv2
AOI_2_Vegas_img311,AOI_2_Vegas,AOI_2_Vegas:-11530:3618,test,owlv2,area,fixed,2.4,0.5,0,26,15,15,0.0,owlv2
AOI_2_Vegas_img311,AOI_2_Vegas,AOI_2_Vegas:-11530:3618,test,owlv2,area,fixed,3.6,0.5,0,2,15,13,0.0,owlv2
AOI_2_Vegas_img311,AOI_2_Vegas,AOI_2_Vegas:-11530:3618,test,owlv2,area,fixed,5.0,0.5,0,0,15,1,0.0,owlv2
AOI_2_Vegas_img311,AOI_2_Vegas,AOI_2_Vegas:-11530:3618,test,owlv2,area,fixed,10.0,0.5,0,0,15,0,0.0,owlv2
AOI_2_Vegas_img3117,AOI_2_Vegas,AOI_2_Vegas:-11523:3613,test,owlv2,area,fixed,0.3,0.5,6,222,18,81,1.25,owlv2
AOI_2_Vegas_img3117,AOI_2_Vegas,AOI_2_Vegas:-11523:3613,test,owlv2,area,fixed,0.45,0.5,4,105,18,67,0.7,owlv2
AOI_2_Vegas_img3117,AOI_2_Vegas,AOI_2_Vegas:-11523:3613,test,owlv2,area,fixed,0.6,0.5,4,90,18,68,0.4,owlv2
AOI_2_Vegas_img3117,AOI_2_Vegas,AOI_2_Vegas:-11523:3613,test,owlv2,area,fixed,0.9,0.5,1,51,18,56,0.7,owlv2
AOI_2_Vegas_img3117,AOI_2_Vegas,AOI_2_Vegas:-11523:3613,test,owlv2,area,fixed,1.2,0.5,3,64,18,72,0.75,owlv2
AOI_2_Vegas_img3117,AOI_2_Vegas,AOI_2_Vegas:-11523:3613,test,owlv2,area,fixed,1.8,0.5,3,28,18,56,0.3,owlv2
AOI_2_Vegas_img3117,AOI_2_Vegas,AOI_2_Vegas:-11523:3613,test,owlv2,area,fixed,2.4,0.5,1,16,18,36,0.3,owlv2
AOI_2_Vegas_img3117,AOI_2_Vegas,AOI_2_Vegas:-11523:3613,test,owlv2,area,fixed,3.6,0.5,1,1,18,14,0.0,owlv2
AOI_2_Vegas_img3117,AOI_2_Vegas,AOI_2_Vegas:-11523:3613,test,owlv2,area,fixed,5.0,0.5,1,1,18,5,0.05,owlv2
AOI_2_Vegas_img3117,AOI_2_Vegas,AOI_2_Vegas:-11523:3613,test,owlv2,area,fixed,10.0,0.5,0,0,18,11,0.0,owlv2
AOI_2_Vegas_img3122,AOI_2_Vegas,AOI_2_Vegas:-11523:3614,test,owlv2,area,fixed,0.3,0.5,10,143,27,67,0.35,owlv2
AOI_2_Vegas_img3122,AOI_2_Vegas,AOI_2_Vegas:-11523:3614,test,owlv2,area,fixed,0.45,0.5,9,88,27,51,0.6,owlv2
AOI_2_Vegas_img3122,AOI_2_Vegas,AOI_2_Vegas:-11523:3614,test,owlv2,area,fixed,0.6,0.5,8,58,27,42,0.6,owlv2
AOI_2_Vegas_img3122,AOI_2_Vegas,AOI_2_Vegas:-11523:3614,test,owlv2,area,fixed,0.9,0.5,7,29,27,34,0.4,owlv2
AOI_2_Vegas_img3122,AOI_2_Vegas,AOI_2_Vegas:-11523:3614,test,owlv2,area,fixed,1.2,0.5,6,25,27,38,0.2,owlv2
AOI_2_Vegas_img3122,AOI_2_Vegas,AOI_2_Vegas:-11523:3614,test,owlv2,area,fixed,1.8,0.5,4,11,27,29,0.2,owlv2
AOI_2_Vegas_img3122,AOI_2_Vegas,AOI_2_Vegas:-11523:3614,test,owlv2,area,fixed,2.4,0.5,0,0,27,11,0.0,owlv2
AOI_2_Vegas_img3122,AOI_2_Vegas,AOI_2_Vegas:-11523:3614,test,owlv2,area,fixed,3.6,0.5,0,0,27,0,0.0,owlv2
AOI_2_Vegas_img3122,AOI_2_Vegas,AOI_2_Vegas:-11523:3614,test,owlv2,area,fixed,5.0,0.5,0,0,27,0,0.0,owlv2
AOI_2_Vegas_img3122,AOI_2_Vegas,AOI_2_Vegas:-11523:3614,test,owlv2,area,fixed,10.0,0.5,0,0,27,0,0.0,owlv2
AOI_2_Vegas_img3131,AOI_2_Vegas,AOI_2_Vegas:-11523:3616,test,owlv2,area,fixed,0.3,0.5,32,306,65,70,2.45,owlv2
AOI_2_Vegas_img3131,AOI_2_Vegas,AOI_2_Vegas:-11523:3616,test,owlv2,area,fixed,0.45,0.5,26,169,65,53,2.4,owlv2
AOI_2_Vegas_img3131,AOI_2_Vegas,AOI_2_Vegas:-11523:3616,test,owlv2,area,fixed,0.6,0.5,28,144,65,44,2.6,owlv2
AOI_2_Vegas_img3131,AOI_2_Vegas,AOI_2_Vegas:-11523:3616,test,owlv2,area,fixed,0.9,0.5,27,95,65,29,2.1,owlv2
AOI_2_Vegas_img3131,AOI_2_Vegas,AOI_2_Vegas:-11523:3616,test,owlv2,area,fixed,1.2,0.5,26,105,65,29,1.5,owlv2
AOI_2_Vegas_img3131,AOI_2_Vegas,AOI_2_Vegas:-11523:3616,test,owlv2,area,fixed,1.8,0.5,16,45,65,15,1.0,owlv2
AOI_2_Vegas_img3131,AOI_2_Vegas,AOI_2_Vegas:-11523:3616,test,owlv2,area,fixed,2.4,0.5,9,23,65,7,0.85,owlv2
AOI_2_Vegas_img3131,AOI_2_Vegas,AOI_2_Vegas:-11523:3616,test,owlv2,area,fixed,3.6,0.5,0,0,65,0,0.0,owlv2
AOI_2_Vegas_img3131,AOI_2_Vegas,AOI_2_Vegas:-11523:3616,test,owlv2,area,fixed,5.0,0.5,0,0,65,0,0.0,owlv2
AOI_2_Vegas_img3131,AOI_2_Vegas,AOI_2_Vegas:-11523:3616,test,owlv2,area,fixed,10.0,0.5,0,0,65,0,0.0,owlv2
AOI_2_Vegas_img3134,AOI_2_Vegas,AOI_2_Vegas:-11523:3616,test,owlv2,area,fixed,0.3,0.5,29,257,58,69,2.95,owlv2
AOI_2_Vegas_img3134,AOI_2_Vegas,AOI_2_Vegas:-11523:3616,test,owlv2,area,fixed,0.45,0.5,25,146,58,50,2.0,owlv2
AOI_2_Vegas_img3134,AOI_2_Vegas,AOI_2_Vegas:-11523:3616,test,owlv2,area,fixed,0.6,0.5,25,111,58,50,1.9,owlv2
AOI_2_Vegas_img3134,AOI_2_Vegas,AOI_2_Vegas:-11523:3616,test,owlv2,area,fixed,0.9,0.5,17,50,58,27,1.2,owlv2
AOI_2_Vegas_img3134,AOI_2_Vegas,AOI_2_Vegas:-11523:3616,test,owlv2,area,fixed,1.2,0.5,13,30,58,14,0.9,owlv2
AOI_2_Vegas_img3134,AOI_2_Vegas,AOI_2_Vegas:-11523:3616,test,owlv2,area,fixed,1.8,0.5,13,29,58,12,0.65,owlv2
AOI_2_Vegas_img3134,AOI_2_Vegas,AOI_2_Vegas:-11523:3616,test,owlv2,area,fixed,2.4,0.5,9,12,58,4,0.4,owlv2
AOI_2_Vegas_img3134,AOI_2_Vegas,AOI_2_Vegas:-11523:3616,test,owlv2,area,fixed,3.6,0.5,0,0,58,0,0.0,owlv2
AOI_2_Vegas_img3134,AOI_2_Vegas,AOI_2_Vegas:-11523:3616,test,owlv2,area,fixed,5.0,0.5,0,0,58,0,0.0,owlv2
AOI_2_Vegas_img3134,AOI_2_Vegas,AOI_2_Vegas:-11523:3616,test,owlv2,area,fixed,10.0,0.5,0,0,58,0,0.0,owlv2
AOI_2_Vegas_img3146,AOI_2_Vegas,AOI_2_Vegas:-11523:3619,test,owlv2,area,fixed,0.3,0.5,17,117,38,55,0.7,owlv2
AOI_2_Vegas_img3146,AOI_2_Vegas,AOI_2_Vegas:-11523:3619,test,owlv2,area,fixed,0.45,0.5,13,59,38,39,0.3,owlv2
AOI_2_Vegas_img3146,AOI_2_Vegas,AOI_2_Vegas:-11523:3619,test,owlv2,area,fixed,0.6,0.5,4,28,38,33,0.05,owlv2
AOI_2_Vegas_img3146,AOI_2_Vegas,AOI_2_Vegas:-11523:3619,test,owlv2,area,fixed,0.9,0.5,0,7,38,28,0.05,owlv2
AOI_2_Vegas_img3146,AOI_2_Vegas,AOI_2_Vegas:-11523:3619,test,owlv2,area,fixed,1.2,0.5,0,1,38,27,0.0,owlv2
AOI_2_Vegas_img3146,AOI_2_Vegas,AOI_2_Vegas:-11523:3619,test,owlv2,area,fixed,1.8,0.5,0,1,38,24,0.05,owlv2
AOI_2_Vegas_img3146,AOI_2_Vegas,AOI_2_Vegas:-11523:3619,test,owlv2,area,fixed,2.4,0.5,0,0,38,16,0.0,owlv2
AOI_2_Vegas_img3146,AOI_2_Vegas,AOI_2_Vegas:-11523:3619,test,owlv2,area,fixed,3.6,0.5,0,0,38,6,0.0,owlv2
AOI_2_Vegas_img3146,AOI_2_Vegas,AOI_2_Vegas:-11523:3619,test,owlv2,area,fixed,5.0,0.5,0,0,38,0,0.0,owlv2
AOI_2_Vegas_img3146,AOI_2_Vegas,AOI_2_Vegas:-11523:3619,test,owlv2,area,fixed,10.0,0.5,0,0,38,3,0.0,owlv2
AOI_2_Vegas_img3170,AOI_2_Vegas,AOI_2_Vegas:-11523:3623,test,owlv2,area,fixed,0.3,0.5,0,0,0,0,0.0,owlv2
AOI_2_Vegas_img3170,AOI_2_Vegas,AOI_2_Vegas:-11523:3623,test,owlv2,area,fixed,0.45,0.5,0,0,0,0,0.0,owlv2
AOI_2_Vegas_img3170,AOI_2_Vegas,AOI_2_Vegas:-11523:3623,test,owlv2,area,fixed,0.6,0.5,0,0,0,0,0.0,owlv2
AOI_2_Vegas_img3170,AOI_2_Vegas,AOI_2_Vegas:-11523:3623,test,owlv2,area,fixed,0.9,0.5,0,0,0,0,0.0,owlv2
AOI_2_Vegas_img3170,AOI_2_Vegas,AOI_2_Vegas:-11523:3623,test,owlv2,area,fixed,1.2,0.5,0,0,0,0,0.0,owlv2
AOI_2_Vegas_img3170,AOI_2_Vegas,AOI_2_Vegas:-11523:3623,test,owlv2,area,fixed,1.8,0.5,0,0,0,0,0.0,owlv2
AOI_2_Vegas_img3170,AOI_2_Vegas,AOI_2_Vegas:-11523:3623,test,owlv2,area,fixed,2.4,0.5,0,0,0,0,0.0,owlv2
AOI_2_Vegas_img3170,AOI_2_Vegas,AOI_2_Vegas:-11523:3623,test,owlv2,area,fixed,3.6,0.5,0,0,0,0,0.0,owlv2
AOI_2_Vegas_img3170,AOI_2_Vegas,AOI_2_Vegas:-11523:3623,test,owlv2,area,fixed,5.0,0.5,0,0,0,0,0.0,owlv2
AOI_2_Vegas_img3170,AOI_2_Vegas,AOI_2_Vegas:-11523:3623,test,owlv2,area,fixed,10.0,0.5,0,0,0,0,0.0,owlv2
AOI_2_Vegas_img3207,AOI_2_Vegas,AOI_2_Vegas:-11523:3615,test,owlv2,area,fixed,0.3,0.5,14,129,29,52,0.3,owlv2
AOI_2_Vegas_img3207,AOI_2_Vegas,AOI_2_Vegas:-11523:3615,test,owlv2,area,fixed,0.45,0.5,6,68,29,40,0.1,owlv2
AOI_2_Vegas_img3207,AOI_2_Vegas,AOI_2_Vegas:-11523:3615,test,owlv2,area,fixed,0.6,0.5,4,46,29,38,0.25,owlv2
AOI_2_Vegas_img3207,AOI_2_Vegas,AOI_2_Vegas:-11523:3615,test,owlv2,area,fixed,0.9,0.5,2,29,29,33,0.1,owlv2
AOI_2_Vegas_img3207,AOI_2_Vegas,AOI_2_Vegas:-11523:3615,test,owlv2,area,fixed,1.2,0.5,1,10,29,28,0.1,owlv2
AOI_2_Vegas_img3207,AOI_2_Vegas,AOI_2_Vegas:-11523:3615,test,owlv2,area,fixed,1.8,0.5,1,5,29,21,0.05,owlv2
AOI_2_Vegas_img3207,AOI_2_Vegas,AOI_2_Vegas:-11523:3615,test,owlv2,area,fixed,2.4,0.5,0,0,29,3,0.0,owlv2
AOI_2_Vegas_img3207,AOI_2_Vegas,AOI_2_Vegas:-11523:3615,test,owlv2,area,fixed,3.6,0.5,0,0,29,0,0.0,owlv2
AOI_2_Vegas_img3207,AOI_2_Vegas,AOI_2_Vegas:-11523:3615,test,owlv2,area,fixed,5.0,0.5,0,0,29,2,0.0,owlv2
AOI_2_Vegas_img3207,AOI_2_Vegas,AOI_2_Vegas:-11523:3615,test,owlv2,area,fixed,10.0,0.5,0,0,29,0,0.0,owlv2
AOI_2_Vegas_img3214,AOI_2_Vegas,AOI_2_Vegas:-11523:3617,test,owlv2,area,fixed,0.3,0.5,27,205,69,65,3.6,owlv2
AOI_2_Vegas_img3214,AOI_2_Vegas,AOI_2_Vegas:-11523:3617,test,owlv2,area,fixed,0.45,0.5,23,111,69,45,2.8,owlv2
AOI_2_Vegas_img3214,AOI_2_Vegas,AOI_2_Vegas:-11523:3617,test,owlv2,area,fixed,0.6,0.5,25,130,69,44,2.85,owlv2
AOI_2_Vegas_img3214,AOI_2_Vegas,AOI_2_Vegas:-11523:3617,test,owlv2,area,fixed,0.9,0.5,17,50,69,20,1.35,owlv2
AOI_2_Vegas_img3214,AOI_2_Vegas,AOI_2_Vegas:-11523:3617,test,owlv2,area,fixed,1.2,0.5,16,43,69,17,0.9,owlv2
AOI_2_Vegas_img3214,AOI_2_Vegas,AOI_2_Vegas:-11523:3617,test,owlv2,area,fixed,1.8,0.5,20,39,69,16,1.0,owlv2
AOI_2_Vegas_img3214,AOI_2_Vegas,AOI_2_Vegas:-11523:3617,test,owlv2,area,fixed,2.4,0.5,22,39,69,16,1.2,owlv2
AOI_2_Vegas_img3214,AOI_2_Vegas,AOI_2_Vegas:-11523:3617,test,owlv2,area,fixed,3.6,0.5,9,17,69,4,0.7,owlv2
AOI_2_Vegas_img3214,AOI_2_Vegas,AOI_2_Vegas:-11523:3617,test,owlv2,area,fixed,5.0,0.5,0,0,69,0,0.0,owlv2
AOI_2_Vegas_img3214,AOI_2_Vegas,AOI_2_Vegas:-11523:3617,test,owlv2,area,fixed,10.0,0.5,0,0,69,0,0.0,owlv2
AOI_2_Vegas_img324,AOI_2_Vegas,AOI_2_Vegas:-11530:3621,test,owlv2,area,fixed,0.3,0.5,20,312,24,54,2.35,owlv2
AOI_2_Vegas_img324,AOI_2_Vegas,AOI_2_Vegas:-11530:3621,test,owlv2,area,fixed,0.45,0.5,19,213,24,47,1.55,owlv2
AOI_2_Vegas_img324,AOI_2_Vegas,AOI_2_Vegas:-11530:3621,test,owlv2,area,fixed,0.6,0.5,19,186,24,42,1.35,owlv2
AOI_2_Vegas_img324,AOI_2_Vegas,AOI_2_Vegas:-11530:3621,test,owlv2,area,fixed,0.9,0.5,15,80,24,38,0.65,owlv2
AOI_2_Vegas_img324,AOI_2_Vegas,AOI_2_Vegas:-11530:3621,test,owlv2,area,fixed,1.2,0.5,9,39,24,27,0.65,owlv2
AOI_2_Vegas_img324,AOI_2_Vegas,AOI_2_Vegas:-11530:3621,test,owlv2,area,fixed,1.8,0.5,6,23,24,30,0.2,owlv2
AOI_2_Vegas_img324,AOI_2_Vegas,AOI_2_Vegas:-11530:3621,test,owlv2,area,fixed,2.4,0.5,3,15,24,19,0.5,owlv2
AOI_2_Vegas_img324,AOI_2_Vegas,AOI_2_Vegas:-11530:3621,test,owlv2,area,fixed,3.6,0.5,3,13,24,16,0.5,owlv2
AOI_2_Vegas_img324,AOI_2_Vegas,AOI_2_Vegas:-11530:3621,test,owlv2,area,fixed,5.0,0.5,0,0,24,2,0.0,owlv2
AOI_2_Vegas_img324,AOI_2_Vegas,AOI_2_Vegas:-11530:3621,test,owlv2,area,fixed,10.0,0.5,0,0,24,0,0.0,owlv2
AOI_2_Vegas_img3248,AOI_2_Vegas,AOI_2_Vegas:-11523:3623,test,owlv2,area,fixed,0.3,0.5,0,68,4,51,0.05,owlv2
AOI_2_Vegas_img3248,AOI_2_Vegas,AOI_2_Vegas:-11523:3623,test,owlv2,area,fixed,0.45,0.5,0,11,4,21,0.0,owlv2
AOI_2_Vegas_img3248,AOI_2_Vegas,AOI_2_Vegas:-11523:3623,test,owlv2,area,fixed,0.6,0.5,0,3,4,18,0.0,owlv2
AOI_2_Vegas_img3248,AOI_2_Vegas,AOI_2_Vegas:-11523:3623,test,owlv2,area,fixed,0.9,0.5,0,0,4,6,0.0,owlv2
AOI_2_Vegas_img3248,AOI_2_Vegas,AOI_2_Vegas:-11523:3623,test,owlv2,area,fixed,1.2,0.5,0,0,4,5,0.0,owlv2
AOI_2_Vegas_img3248,AOI_2_Vegas,AOI_2_Vegas:-11523:3623,test,owlv2,area,fixed,1.8,0.5,0,0,4,1,0.0,owlv2
AOI_2_Vegas_img3248,AOI_2_Vegas,AOI_2_Vegas:-11523:3623,test,owlv2,area,fixed,2.4,0.5,0,0,4,5,0.0,owlv2
AOI_2_Vegas_img3248,AOI_2_Vegas,AOI_2_Vegas:-11523:3623,test,owlv2,area,fixed,3.6,0.5,0,0,4,5,0.0,owlv2
AOI_2_Vegas_img3248,AOI_2_Vegas,AOI_2_Vegas:-11523:3623,test,owlv2,area,fixed,5.0,0.5,0,0,4,4,0.0,owlv2
AOI_2_Vegas_img3248,AOI_2_Vegas,AOI_2_Vegas:-11523:3623,test,owlv2,area,fixed,10.0,0.5,0,0,4,5,0.0,owlv2
AOI_2_Vegas_img3267,AOI_2_Vegas,AOI_2_Vegas:-11523:3612,test,owlv2,area,fixed,0.3,0.5,5,54,10,49,0.1,owlv2
AOI_2_Vegas_img3267,AOI_2_Vegas,AOI_2_Vegas:-11523:3612,test,owlv2,area,fixed,0.45,0.5,5,31,10,40,0.1,owlv2
AOI_2_Vegas_img3267,AOI_2_Vegas,AOI_2_Vegas:-11523:3612,test,owlv2,area,fixed,0.6,0.5,4,24,10,38,0.05,owlv2
AOI_2_Vegas_img3267,AOI_2_Vegas,AOI_2_Vegas:-11523:3612,test,owlv2,area,fixed,0.9,0.5,3,3,10,11,0.0,owlv2
AOI_2_Vegas_img3267,AOI_2_Vegas,AOI_2_Vegas:-11523:3612,test,owlv2,area,fixed,1.2,0.5,2,2,10,3,0.0,owlv2
AOI_2_Vegas_img3267,AOI_2_Vegas,AOI_2_Vegas:-11523:3612,test,owlv2,area,fixed,1.8,0.5,1,1,10,2,0.0,owlv2
AOI_2_Vegas_img3267,AOI_2_Vegas,AOI_2_Vegas:-11523:3612,test,owlv2,area,fixed,2.4,0.5,0,0,10,2,0.0,owlv2
AOI_2_Vegas_img3267,AOI_2_Vegas,AOI_2_Vegas:-11523:3612,test,owlv2,area,fixed,3.6,0.5,0,0,10,1,0.0,owlv2
AOI_2_Vegas_img3267,AOI_2_Vegas,AOI_2_Vegas:-11523:3612,test,owlv2,area,fixed,5.0,0.5,0,0,10,4,0.0,owlv2
AOI_2_Vegas_img3267,AOI_2_Vegas,AOI_2_Vegas:-11523:3612,test,owlv2,area,fixed,10.0,0.5,0,0,10,0,0.0,owlv2
AOI_2_Vegas_img3280,AOI_2_Vegas,AOI_2_Vegas:-11523:3614,test,owlv2,area,fixed,0.3,0.5,6,104,11,48,0.3,owlv2
AOI_2_Vegas_img3280,AOI_2_Vegas,AOI_2_Vegas:-11523:3614,test,owlv2,area,fixed,0.45,0.5,6,60,11,43,0.2,owlv2
AOI_2_Vegas_img3280,AOI_2_Vegas,AOI_2_Vegas:-11523:3614,test,owlv2,area,fixed,0.6,0.5,5,44,11,43,0.2,owlv2
AOI_2_Vegas_img3280,AOI_2_Vegas,AOI_2_Vegas:-11523:3614,test,owlv2,area,fixed,0.9,0.5,4,33,11,30,0.1,owlv2
AOI_2_Vegas_img3280,AOI_2_Vegas,AOI_2_Vegas:-11523:3614,test,owlv2,area,fixed,1.2,0.5,5,26,11,16,0.2,owlv2
AOI_2_Vegas_img3280,AOI_2_Vegas,AOI_2_Vegas:-11523:3614,test,owlv2,area,fixed,1.8,0.5,4,29,11,30,0.2,owlv2
AOI_2_Vegas_img3280,AOI_2_Vegas,AOI_2_Vegas:-11523:3614,test,owlv2,area,fixed,2.4,0.5,2,21,11,29,0.1,owlv2
AOI_2_Vegas_img3280,AOI_2_Vegas,AOI_2_Vegas:-11523:3614,test,owlv2,area,fixed,3.6,0.5,2,6,11,23,0.05,owlv2
AOI_2_Vegas_img3280,AOI_2_Vegas,AOI_2_Vegas:-11523:3614,test,owlv2,area,fixed,5.0,0.5,1,1,11,9,0.0,owlv2
AOI_2_Vegas_img3280,AOI_2_Vegas,AOI_2_Vegas:-11523:3614,test,owlv2,area,fixed,10.0,0.5,0,0,11,1,0.0,owlv2
AOI_2_Vegas_img3288,AOI_2_Vegas,AOI_2_Vegas:-11523:3616,test,owlv2,area,fixed,0.3,0.5,20,127,32,32,0.65,owlv2
AOI_2_Vegas_img3288,AOI_2_Vegas,AOI_2_Vegas:-11523:3616,test,owlv2,area,fixed,0.45,0.5,18,90,32,26,0.4,owlv2
AOI_2_Vegas_img3288,AOI_2_Vegas,AOI_2_Vegas:-11523:3616,test,owlv2,area,fixed,0.6,0.5,15,73,32,31,0.55,owlv2
AOI_2_Vegas_img3288,AOI_2_Vegas,AOI_2_Vegas:-11523:3616,test,owlv2,area,fixed,0.9,0.5,10,39,32,32,0.75,owlv2
AOI_2_Vegas_img3288,AOI_2_Vegas,AOI_2_Vegas:-11523:3616,test,owlv2,area,fixed,1.2,0.5,8,25,32,34,0.5,owlv2
AOI_2_Vegas_img3288,AOI_2_Vegas,AOI_2_Vegas:-11523:3616,test,owlv2,area,fixed,1.8,0.5,10,25,32,25,0.35,owlv2
AOI_2_Vegas_img3288,AOI_2_Vegas,AOI_2_Vegas:-11523:3616,test,owlv2,area,fixed,2.4,0.5,5,10,32,26,0.15,owlv2
AOI_2_Vegas_img3288,AOI_2_Vegas,AOI_2_Vegas:-11523:3616,test,owlv2,area,fixed,3.6,0.5,1,4,32,28,0.05,owlv2
AOI_2_Vegas_img3288,AOI_2_Vegas,AOI_2_Vegas:-11523:3616,test,owlv2,area,fixed,5.0,0.5,0,0,32,18,0.0,owlv2
AOI_2_Vegas_img3288,AOI_2_Vegas,AOI_2_Vegas:-11523:3616,test,owlv2,area,fixed,10.0,0.5,0,0,32,1,0.0,owlv2
AOI_2_Vegas_img3311,AOI_2_Vegas,AOI_2_Vegas:-11523:3620,test,owlv2,area,fixed,0.3,0.5,35,124,54,36,2.55,owlv2
AOI_2_Vegas_img3311,AOI_2_Vegas,AOI_2_Vegas:-11523:3620,test,owlv2,area,fixed,0.45,0.5,27,69,54,33,2.8,owlv2
AOI_2_Vegas_img3311,AOI_2_Vegas,AOI_2_Vegas:-11523:3620,test,owlv2,area,fixed,0.6,0.5,24,52,54,28,1.6,owlv2
AOI_2_Vegas_img3311,AOI_2_Vegas,AOI_2_Vegas:-11523:3620,test,owlv2,area,fixed,0.9,0.5,13,29,54,25,1.25,owlv2
AOI_2_Vegas_img3311,AOI_2_Vegas,AOI_2_Vegas:-11523:3620,test,owlv2,area,fixed,1.2,0.5,12,50,54,38,1.35,owlv2
AOI_2_Vegas_img3311,AOI_2_Vegas,AOI_2_Vegas:-11523:3620,test,owlv2,area,fixed,1.8,0.5,16,33,54,35,1.4,owlv2
AOI_2_Vegas_img3311,AOI_2_Vegas,AOI_2_Vegas:-11523:3620,test,owlv2,area,fixed,2.4,0.5,14,33,54,32,1.9,owlv2
AOI_2_Vegas_img3311,AOI_2_Vegas,AOI_2_Vegas:-11523:3620,test,owlv2,area,fixed,3.6,0.5,1,3,54,7,0.2,owlv2
AOI_2_Vegas_img3311,AOI_2_Vegas,AOI_2_Vegas:-11523:3620,test,owlv2,area,fixed,5.0,0.5,0,0,54,3,0.0,owlv2
AOI_2_Vegas_img3311,AOI_2_Vegas,AOI_2_Vegas:-11523:3620,test,owlv2,area,fixed,10.0,0.5,0,0,54,0,0.0,owlv2
AOI_2_Vegas_img3326,AOI_2_Vegas,AOI_2_Vegas:-11523:3622,test,owlv2,area,fixed,0.3,0.5,3,352,26,83,0.65,owlv2
AOI_2_Vegas_img3326,AOI_2_Vegas,AOI_2_Vegas:-11523:3622,test,owlv2,area,fixed,0.45,0.5,2,202,26,65,0.55,owlv2
AOI_2_Vegas_img3326,AOI_2_Vegas,AOI_2_Vegas:-11523:3622,test,owlv2,area,fixed,0.6,0.5,3,214,26,69,0.85,owlv2
AOI_2_Vegas_img3326,AOI_2_Vegas,AOI_2_Vegas:-11523:3622,test,owlv2,area,fixed,0.9,0.5,1,144,26,60,0.5,owlv2
AOI_2_Vegas_img3326,AOI_2_Vegas,AOI_2_Vegas:-11523:3622,test,owlv2,area,fixed,1.2,0.5,2,112,26,54,0.4,owlv2
AOI_2_Vegas_img3326,AOI_2_Vegas,AOI_2_Vegas:-11523:3622,test,owlv2,area,fixed,1.8,0.5,0,82,26,43,0.35,owlv2
AOI_2_Vegas_img3326,AOI_2_Vegas,AOI_2_Vegas:-11523:3622,test,owlv2,area,fixed,2.4,0.5,2,58,26,42,0.45,owlv2
AOI_2_Vegas_img3326,AOI_2_Vegas,AOI_2_Vegas:-11523:3622,test,owlv2,area,fixed,3.6,0.5,1,13,26,24,0.15,owlv2
AOI_2_Vegas_img3326,AOI_2_Vegas,AOI_2_Vegas:-11523:3622,test,owlv2,area,fixed,5.0,0.5,0,0,26,1,0.0,owlv2
AOI_2_Vegas_img3326,AOI_2_Vegas,AOI_2_Vegas:-11523:3622,test,owlv2,area,fixed,10.0,0.5,0,0,26,0,0.0,owlv2
AOI_2_Vegas_img3335,AOI_2_Vegas,AOI_2_Vegas:-11523:3624,test,owlv2,area,fixed,0.3,0.5,36,286,43,49,6.05,owlv2
AOI_2_Vegas_img3335,AOI_2_Vegas,AOI_2_Vegas:-11523:3624,test,owlv2,area,fixed,0.45,0.5,35,207,43,39,5.0,owlv2
AOI_2_Vegas_img3335,AOI_2_Vegas,AOI_2_Vegas:-11523:3624,test,owlv2,area,fixed,0.6,0.5,32,140,43,43,4.15,owlv2
AOI_2_Vegas_img3335,AOI_2_Vegas,AOI_2_Vegas:-11523:3624,test,owlv2,area,fixed,0.9,0.5,23,71,43,33,2.6,owlv2
AOI_2_Vegas_img3335,AOI_2_Vegas,AOI_2_Vegas:-11523:3624,test,owlv2,area,fixed,1.2,0.5,18,46,43,45,1.65,owlv2
AOI_2_Vegas_img3335,AOI_2_Vegas,AOI_2_Vegas:-11523:3624,test,owlv2,area,fixed,1.8,0.5,12,33,43,22,1.25,owlv2
AOI_2_Vegas_img3335,AOI_2_Vegas,AOI_2_Vegas:-11523:3624,test,owlv2,area,fixed,2.4,0.5,4,13,43,10,0.45,owlv2
AOI_2_Vegas_img3335,AOI_2_Vegas,AOI_2_Vegas:-11523:3624,test,owlv2,area,fixed,3.6,0.5,0,0,43,1,0.0,owlv2
AOI_2_Vegas_img3335,AOI_2_Vegas,AOI_2_Vegas:-11523:3624,test,owlv2,area,fixed,5.0,0.5,0,0,43,1,0.0,owlv2
AOI_2_Vegas_img3335,AOI_2_Vegas,AOI_2_Vegas:-11523:3624,test,owlv2,area,fixed,10.0,0.5,0,0,43,0,0.0,owlv2
AOI_2_Vegas_img3344,AOI_2_Vegas,AOI_2_Vegas:-11523:3626,test,owlv2,area,fixed,0.3,0.5,7,65,8,16,0.2,owlv2
AOI_2_Vegas_img3344,AOI_2_Vegas,AOI_2_Vegas:-11523:3626,test,owlv2,area,fixed,0.45,0.5,7,44,8,15,0.2,owlv2
AOI_2_Vegas_img3344,AOI_2_Vegas,AOI_2_Vegas:-11523:3626,test,owlv2,area,fixed,0.6,0.5,6,30,8,14,0.3,owlv2
AOI_2_Vegas_img3344,AOI_2_Vegas,AOI_2_Vegas:-11523:3626,test,owlv2,area,fixed,0.9,0.5,2,11,8,10,0.15,owlv2
AOI_2_Vegas_img3344,AOI_2_Vegas,AOI_2_Vegas:-11523:3626,test,owlv2,area,fixed,1.2,0.5,3,6,8,10,0.05,owlv2
AOI_2_Vegas_img3344,AOI_2_Vegas,AOI_2_Vegas:-11523:3626,test,owlv2,area,fixed,1.8,0.5,0,0,8,1,0.0,owlv2
AOI_2_Vegas_img3344,AOI_2_Vegas,AOI_2_Vegas:-11523:3626,test,owlv2,area,fixed,2.4,0.5,0,0,8,0,0.0,owlv2
AOI_2_Vegas_img3344,AOI_2_Vegas,AOI_2_Vegas:-11523:3626,test,owlv2,area,fixed,3.6,0.5,0,0,8,0,0.0,owlv2
AOI_2_Vegas_img3344,AOI_2_Vegas,AOI_2_Vegas:-11523:3626,test,owlv2,area,fixed,5.0,0.5,0,0,8,0,0.0,owlv2
AOI_2_Vegas_img3344,AOI_2_Vegas,AOI_2_Vegas:-11523:3626,test,owlv2,area,fixed,10.0,0.5,0,0,8,0,0.0,owlv2
AOI_2_Vegas_img3373,AOI_2_Vegas,AOI_2_Vegas:-11522:3617,test,owlv2,area,fixed,0.3,0.5,26,255,42,48,2.25,owlv2
AOI_2_Vegas_img3373,AOI_2_Vegas,AOI_2_Vegas:-11522:3617,test,owlv2,area,fixed,0.45,0.5,26,135,42,38,2.3,owlv2
AOI_2_Vegas_img3373,AOI_2_Vegas,AOI_2_Vegas:-11522:3617,test,owlv2,area,fixed,0.6,0.5,16,66,42,28,0.85,owlv2
AOI_2_Vegas_img3373,AOI_2_Vegas,AOI_2_Vegas:-11522:3617,test,owlv2,area,fixed,0.9,0.5,14,36,42,18,0.75,owlv2
AOI_2_Vegas_img3373,AOI_2_Vegas,AOI_2_Vegas:-11522:3617,test,owlv2,area,fixed,1.2,0.5,15,36,42,25,0.95,owlv2
AOI_2_Vegas_img3373,AOI_2_Vegas,AOI_2_Vegas:-11522:3617,test,owlv2,area,fixed,1.8,0.5,7,19,42,16,0.2,owlv2
AOI_2_Vegas_img3373,AOI_2_Vegas,AOI_2_Vegas:-11522:3617,test,owlv2,area,fixed,2.4,0.5,0,4,42,2,0.05,owlv2
AOI_2_Vegas_img3373,AOI_2_Vegas,AOI_2_Vegas:-11522:3617,test,owlv2,area,fixed,3.6,0.5,0,0,42,0,0.0,owlv2
AOI_2_Vegas_img3373,AOI_2_Vegas,AOI_2_Vegas:-11522:3617,test,owlv2,area,fixed,5.0,0.5,0,0,42,0,0.0,owlv2
AOI_2_Vegas_img3373,AOI_2_Vegas,AOI_2_Vegas:-11522:3617,test,owlv2,area,fixed,10.0,0.5,0,0,42,0,0.0,owlv2
AOI_2_Vegas_img3377,AOI_2_Vegas,AOI_2_Vegas:-11522:3618,test,owlv2,area,fixed,0.3,0.5,7,143,21,63,0.3,owlv2
AOI_2_Vegas_img3377,AOI_2_Vegas,AOI_2_Vegas:-11522:3618,test,owlv2,area,fixed,0.45,0.5,7,116,21,52,0.4,owlv2
AOI_2_Vegas_img3377,AOI_2_Vegas,AOI_2_Vegas:-11522:3618,test,owlv2,area,fixed,0.6,0.5,7,117,21,48,0.5,owlv2
AOI_2_Vegas_img3377,AOI_2_Vegas,AOI_2_Vegas:-11522:3618,test,owlv2,area,fixed,0.9,0.5,8,91,21,28,0.35,owlv2
AOI_2_Vegas_img3377,AOI_2_Vegas,AOI_2_Vegas:-11522:3618,test,owlv2,area,fixed,1.2,0.5,8,50,21,21,0.3,owlv2
AOI_2_Vegas_img3377,AOI_2_Vegas,AOI_2_Vegas:-11522:3618,test,owlv2,area,fixed,1.8,0.5,5,37,21,11,0.15,owlv2
AOI_2_Vegas_img3377,AOI_2_Vegas,AOI_2_Vegas:-11522:3618,test,owlv2,area,fixed,2.4,0.5,5,26,21,12,0.35,owlv2
AOI_2_Vegas_img3377,AOI_2_Vegas,AOI_2_Vegas:-11522:3618,test,owlv2,area,fixed,3.6,0.5,0,0,21,0,0.0,owlv2
AOI_2_Vegas_img3377,AOI_2_Vegas,AOI_2_Vegas:-11522:3618,test,owlv2,area,fixed,5.0,0.5,0,0,21,0,0.0,owlv2
AOI_2_Vegas_img3377,AOI_2_Vegas,AOI_2_Vegas:-11522:3618,test,owlv2,area,fixed,10.0,0.5,0,0,21,0,0.0,owlv2
AOI_2_Vegas_img3404,AOI_2_Vegas,AOI_2_Vegas:-11522:3622,test,owlv2,area,fixed,0.3,0.5,1,288,10,77,0.15,owlv2
AOI_2_Vegas_img3404,AOI_2_Vegas,AOI_2_Vegas:-11522:3622,test,owlv2,area,fixed,0.45,0.5,2,138,10,50,0.05,owlv2
AOI_2_Vegas_img3404,AOI_2_Vegas,AOI_2_Vegas:-11522:3622,test,owlv2,area,fixed,0.6,0.5,2,138,10,50,0.05,owlv2
AOI_2_Vegas_img3404,AOI_2_Vegas,AOI_2_Vegas:-11522:3622,test,owlv2,area,fixed,0.9,0.5,1,62,10,38,0.1,owlv2
AOI_2_Vegas_img3404,AOI_2_Vegas,AOI_2_Vegas:-11522:3622,test,owlv2,area,fixed,1.2,0.5,0,42,10,38,0.05,owlv2
AOI_2_Vegas_img3404,AOI_2_Vegas,AOI_2_Vegas:-11522:3622,test,owlv2,area,fixed,1.8,0.5,1,23,10,36,0.05,owlv2
AOI_2_Vegas_img3404,AOI_2_Vegas,AOI_2_Vegas:-11522:3622,test,owlv2,area,fixed,2.4,0.5,1,21,10,33,0.1,owlv2
AOI_2_Vegas_img3404,AOI_2_Vegas,AOI_2_Vegas:-11522:3622,test,owlv2,area,fixed,3.6,0.5,0,13,10,34,0.0,owlv2
AOI_2_Vegas_img3404,AOI_2_Vegas,AOI_2_Vegas:-11522:3622,test,owlv2,area,fixed,5.0,0.5,0,2,10,23,0.0,owlv2
AOI_2_Vegas_img3404,AOI_2_Vegas,AOI_2_Vegas:-11522:3622,test,owlv2,area,fixed,10.0,0.5,0,0,10,0,0.0,owlv2
AOI_2_Vegas_img3406,AOI_2_Vegas,AOI_2_Vegas:-11522:3623,test,owlv2,area,fixed,0.3,0.5,11,243,28,63,1.1,owlv2
AOI_2_Vegas_img3406,AOI_2_Vegas,AOI_2_Vegas:-11522:3623,test,owlv2,area,fixed,0.45,0.5,11,152,28,53,0.9,owlv2
AOI_2_Vegas_img3406,AOI_2_Vegas,AOI_2_Vegas:-11522:3623,test,owlv2,area,fixed,0.6,0.5,11,126,28,48,0.75,owlv2
AOI_2_Vegas_img3406,AOI_2_Vegas,AOI_2_Vegas:-11522:3623,test,owlv2,area,fixed,0.9,0.5,7,51,28,38,0.45,owlv2
AOI_2_Vegas_img3406,AOI_2_Vegas,AOI_2_Vegas:-11522:3623,test,owlv2,area,fixed,1.2,0.5,4,45,28,38,0.65,owlv2
AOI_2_Vegas_img3406,AOI_2_Vegas,AOI_2_Vegas:-11522:3623,test,owlv2,area,fixed,1.8,0.5,4,26,28,20,0.55,owlv2
AOI_2_Vegas_img3406,AOI_2_Vegas,AOI_2_Vegas:-11522:3623,test,owlv2,area,fixed,2.4,0.5,4,19,28,17,0.2,owlv2
AOI_2_Vegas_img3406,AOI_2_Vegas,AOI_2_Vegas:-11522:3623,test,owlv2,area,fixed,3.6,0.5,1,3,28,3,0.0,owlv2
AOI_2_Vegas_img3406,AOI_2_Vegas,AOI_2_Vegas:-11522:3623,test,owlv2,area,fixed,5.0,0.5,0,0,28,2,0.0,owlv2
AOI_2_Vegas_img3406,AOI_2_Vegas,AOI_2_Vegas:-11522:3623,test,owlv2,area,fixed,10.0,0.5,0,0,28,0,0.0,owlv2
AOI_2_Vegas_img3411,AOI_2_Vegas,AOI_2_Vegas:-11522:3623,test,owlv2,area,fixed,0.3,0.5,33,220,37,47,2.9,owlv2
AOI_2_Vegas_img3411,AOI_2_Vegas,AOI_2_Vegas:-11522:3623,test,owlv2,area,fixed,0.45,0.5,33,118,37,39,1.75,owlv2
AOI_2_Vegas_img3411,AOI_2_Vegas,AOI_2_Vegas:-11522:3623,test,owlv2,area,fixed,0.6,0.5,32,102,37,37,1.35,owlv2
AOI_2_Vegas_img3411,AOI_2_Vegas,AOI_2_Vegas:-11522:3623,test,owlv2,area,fixed,0.9,0.5,32,62,37,27,1.05,owlv2
AOI_2_Vegas_img3411,AOI_2_Vegas,AOI_2_Vegas:-11522:3623,test,owlv2,area,fixed,1.2,0.5,30,53,37,30,1.4,owlv2
AOI_2_Vegas_img3411,AOI_2_Vegas,AOI_2_Vegas:-11522:3623,test,owlv2,area,fixed,1.8,0.5,30,50,37,24,1.15,owlv2
AOI_2_Vegas_img3411,AOI_2_Vegas,AOI_2_Vegas:-11522:3623,test,owlv2,area,fixed,2.4,0.5,28,38,37,18,1.15,owlv2
AOI_2_Vegas_img3411,AOI_2_Vegas,AOI_2_Vegas:-11522:3623,test,owlv2,area,fixed,3.6,0.5,0,0,37,1,0.0,owlv2
AOI_2_Vegas_img3411,AOI_2_Vegas,AOI_2_Vegas:-11522:3623,test,owlv2,area,fixed,5.0,0.5,0,0,37,0,0.0,owlv2
AOI_2_Vegas_img3411,AOI_2_Vegas,AOI_2_Vegas:-11522:3623,test,owlv2,area,fixed,10.0,0.5,0,0,37,1,0.0,owlv2
AOI_2_Vegas_img3412,AOI_2_Vegas,AOI_2_Vegas:-11522:3624,test,owlv2,area,fixed,0.3,0.5,33,198,46,63,2.0,owlv2
AOI_2_Vegas_img3412,AOI_2_Vegas,AOI_2_Vegas:-11522:3624,test,owlv2,area,fixed,0.45,0.5,31,132,46,52,2.0,owlv2
AOI_2_Vegas_img3412,AOI_2_Vegas,AOI_2_Vegas:-11522:3624,test,owlv2,area,fixed,0.6,0.5,32,123,46,47,2.35,owlv2
AOI_2_Vegas_img3412,AOI_2_Vegas,AOI_2_Vegas:-11522:3624,test,owlv2,area,fixed,0.9,0.5,24,80,46,35,2.25,owlv2
AOI_2_Vegas_img3412,AOI_2_Vegas,AOI_2_Vegas:-11522:3624,test,owlv2,area,fixed,1.2,0.5,23,73,46,31,1.55,owlv2
AOI_2_Vegas_img3412,AOI_2_Vegas,AOI_2_Vegas:-11522:3624,test,owlv2,area,fixed,1.8,0.5,23,57,46,25,1.75,owlv2
AOI_2_Vegas_img3412,AOI_2_Vegas,AOI_2_Vegas:-11522:3624,test,owlv2,area,fixed,2.4,0.5,24,45,46,15,1.25,owlv2
AOI_2_Vegas_img3412,AOI_2_Vegas,AOI_2_Vegas:-11522:3624,test,owlv2,area,fixed,3.6,0.5,9,15,46,6,0.35,owlv2
AOI_2_Vegas_img3412,AOI_2_Vegas,AOI_2_Vegas:-11522:3624,test,owlv2,area,fixed,5.0,0.5,0,0,46,0,0.0,owlv2
AOI_2_Vegas_img3412,AOI_2_Vegas,AOI_2_Vegas:-11522:3624,test,owlv2,area,fixed,10.0,0.5,0,0,46,0,0.0,owlv2
AOI_2_Vegas_img3422,AOI_2_Vegas,AOI_2_Vegas:-11522:3625,test,owlv2,area,fixed,0.3,0.5,27,220,36,71,3.7,owlv2
AOI_2_Vegas_img3422,AOI_2_Vegas,AOI_2_Vegas:-11522:3625,test,owlv2,area,fixed,0.45,0.5,21,148,36,60,3.1,owlv2
AOI_2_Vegas_img3422,AOI_2_Vegas,AOI_2_Vegas:-11522:3625,test,owlv2,area,fixed,0.6,0.5,25,152,36,66,3.15,owlv2
AOI_2_Vegas_img3422,AOI_2_Vegas,AOI_2_Vegas:-11522:3625,test,owlv2,area,fixed,0.9,0.5,20,85,36,42,2.1,owlv2
AOI_2_Vegas_img3422,AOI_2_Vegas,AOI_2_Vegas:-11522:3625,test,owlv2,area,fixed,1.2,0.5,8,37,36,42,1.2,owlv2
AOI_2_Vegas_img3422,AOI_2_Vegas,AOI_2_Vegas:-11522:3625,test,owlv2,area,fixed,1.8,0.5,16,36,36,40,1.15,owlv2
AOI_2_Vegas_img3422,AOI_2_Vegas,AOI_2_Vegas:-11522:3625,test,owlv2,area,fixed,2.4,0.5,17,33,36,28,0.85,owlv2
AOI_2_Vegas_img3422,AOI_2_Vegas,AOI_2_Vegas:-11522:3625,test,owlv2,area,fixed,3.6,0.5,0,0,36,0,0.0,owlv2
AOI_2_Vegas_img3422,AOI_2_Vegas,AOI_2_Vegas:-11522:3625,test,owlv2,area,fixed,5.0,0.5,0,0,36,0,0.0,owlv2
AOI_2_Vegas_img3422,AOI_2_Vegas,AOI_2_Vegas:-11522:3625,test,owlv2,area,fixed,10.0,0.5,0,0,36,0,0.0,owlv2
AOI_2_Vegas_img3427,AOI_2_Vegas,AOI_2_Vegas:-11522:3612,test,owlv2,area,fixed,0.3,0.5,14,104,36,56,0.65,owlv2
AOI_2_Vegas_img3427,AOI_2_Vegas,AOI_2_Vegas:-11522:3612,test,owlv2,area,fixed,0.45,0.5,12,62,36,55,0.9,owlv2
AOI_2_Vegas_img3427,AOI_2_Vegas,AOI_2_Vegas:-11522:3612,test,owlv2,area,fixed,0.6,0.5,10,46,36,52,0.5,owlv2
AOI_2_Vegas_img3427,AOI_2_Vegas,AOI_2_Vegas:-11522:3612,test,owlv2,area,fixed,0.9,0.5,4,24,36,48,0.3,owlv2
AOI_2_Vegas_img3427,AOI_2_Vegas,AOI_2_Vegas:-11522:3612,test,owlv2,area,fixed,1.2,0.5,6,20,36,42,0.25,owlv2
AOI_2_Vegas_img3427,AOI_2_Vegas,AOI_2_Vegas:-11522:3612,test,owlv2,area,fixed,1.8,0.5,4,24,36,38,0.65,owlv2
AOI_2_Vegas_img3427,AOI_2_Vegas,AOI_2_Vegas:-11522:3612,test,owlv2,area,fixed,2.4,0.5,1,8,36,27,0.25,owlv2
AOI_2_Vegas_img3427,AOI_2_Vegas,AOI_2_Vegas:-11522:3612,test,owlv2,area,fixed,3.6,0.5,0,1,36,3,0.05,owlv2
AOI_2_Vegas_img3427,AOI_2_Vegas,AOI_2_Vegas:-11522:3612,test,owlv2,area,fixed,5.0,0.5,0,0,36,0,0.0,owlv2
AOI_2_Vegas_img3427,AOI_2_Vegas,AOI_2_Vegas:-11522:3612,test,owlv2,area,fixed,10.0,0.5,0,0,36,0,0.0,owlv2
AOI_2_Vegas_img3448,AOI_2_Vegas,AOI_2_Vegas:-11522:3616,test,owlv2,area,fixed,0.3,0.5,13,164,32,39,1.6,owlv2
AOI_2_Vegas_img3448,AOI_2_Vegas,AOI_2_Vegas:-11522:3616,test,owlv2,area,fixed,0.45,0.5,12,116,32,25,0.9,owlv2
AOI_2_Vegas_img3448,AOI_2_Vegas,AOI_2_Vegas:-11522:3616,test,owlv2,area,fixed,0.6,0.5,11,100,32,27,0.95,owlv2
AOI_2_Vegas_img3448,AOI_2_Vegas,AOI_2_Vegas:-11522:3616,test,owlv2,area,fixed,0.9,0.5,10,63,32,27,0.8,owlv2
AOI_2_Vegas_img3448,AOI_2_Vegas,AOI_2_Vegas:-11522:3616,test,owlv2,area,fixed,1.2,0.5,9,52,32,24,0.55,owlv2
AOI_2_Vegas_img3448,AOI_2_Vegas,AOI_2_Vegas:-11522:3616,test,owlv2,area,fixed,1.8,0.5,6,33,32,20,0.25,owlv2
AOI_2_Vegas_img3448,AOI_2_Vegas,AOI_2_Vegas:-11522:3616,test,owlv2,area,fixed,2.4,0.5,3,15,32,17,0.2,owlv2
AOI_2_Vegas_img3448,AOI_2_Vegas,AOI_2_Vegas:-11522:3616,test,owlv2,area,fixed,3.6,0.5,0,0,32,14,0.0,owlv2
AOI_2_Vegas_img3448,AOI_2_Vegas,AOI_2_Vegas:-11522:3616,test,owlv2,area,fixed,5.0,0.5,0,0,32,8,0.0,owlv2
AOI_2_Vegas_img3448,AOI_2_Vegas,AOI_2_Vegas:-11522:3616,test,owlv2,area,fixed,10.0,0.5,0,0,32,1,0.0,owlv2
AOI_2_Vegas_img3460,AOI_2_Vegas,AOI_2_Vegas:-11522:3618,test,owlv2,area,fixed,0.3,0.5,22,177,34,39,1.6,owlv2
AOI_2_Vegas_img3460,AOI_2_Vegas,AOI_2_Vegas:-11522:3618,test,owlv2,area,fixed,0.45,0.5,20,118,34,27,1.25,owlv2
AOI_2_Vegas_img3460,AOI_2_Vegas,AOI_2_Vegas:-11522:3618,test,owlv2,area,fixed,0.6,0.5,18,102,34,32,0.95,owlv2
AOI_2_Vegas_img3460,AOI_2_Vegas,AOI_2_Vegas:-11522:3618,test,owlv2,area,fixed,0.9,0.5,16,77,34,30,0.8,owlv2
AOI_2_Vegas_img3460,AOI_2_Vegas,AOI_2_Vegas:-11522:3618,test,owlv2,area,fixed,1.2,0.5,11,80,34,53,0.95,owlv2
AOI_2_Vegas_img3460,AOI_2_Vegas,AOI_2_Vegas:-11522:3618,test,owlv2,area,fixed,1.8,0.5,6,27,34,37,0.75,owlv2
AOI_2_Vegas_img3460,AOI_2_Vegas,AOI_2_Vegas:-11522:3618,test,owlv2,area,fixed,2.4,0.5,4,10,34,14,0.3,owlv2
AOI_2_Vegas_img3460,AOI_2_Vegas,AOI_2_Vegas:-11522:3618,test,owlv2,area,fixed,3.6,0.5,0,0,34,1,0.0,owlv2
AOI_2_Vegas_img3460,AOI_2_Vegas,AOI_2_Vegas:-11522:3618,test,owlv2,area,fixed,5.0,0.5,0,0,34,0,0.0,owlv2
AOI_2_Vegas_img3460,AOI_2_Vegas,AOI_2_Vegas:-11522:3618,test,owlv2,area,fixed,10.0,0.5,0,0,34,0,0.0,owlv2
AOI_2_Vegas_img347,AOI_2_Vegas,AOI_2_Vegas:-11530:3614,test,owlv2,area,fixed,0.3,0.5,4,70,34,42,0.45,owlv2
AOI_2_Vegas_img347,AOI_2_Vegas,AOI_2_Vegas:-11530:3614,test,owlv2,area,fixed,0.45,0.5,3,41,34,32,0.4,owlv2
AOI_2_Vegas_img347,AOI_2_Vegas,AOI_2_Vegas:-11530:3614,test,owlv2,area,fixed,0.6,0.5,1,36,34,36,0.6,owlv2
AOI_2_Vegas_img347,AOI_2_Vegas,AOI_2_Vegas:-11530:3614,test,owlv2,area,fixed,0.9,0.5,2,16,34,21,0.3,owlv2
AOI_2_Vegas_img347,AOI_2_Vegas,AOI_2_Vegas:-11530:3614,test,owlv2,area,fixed,1.2,0.5,0,9,34,16,0.0,owlv2
AOI_2_Vegas_img347,AOI_2_Vegas,AOI_2_Vegas:-11530:3614,test,owlv2,area,fixed,1.8,0.5,0,5,34,12,0.15,owlv2
AOI_2_Vegas_img347,AOI_2_Vegas,AOI_2_Vegas:-11530:3614,test,owlv2,area,fixed,2.4,0.5,0,1,34,5,0.05,owlv2
AOI_2_Vegas_img347,AOI_2_Vegas,AOI_2_Vegas:-11530:3614,test,owlv2,area,fixed,3.6,0.5,0,0,34,0,0.0,owlv2
AOI_2_Vegas_img347,AOI_2_Vegas,AOI_2_Vegas:-11530:3614,test,owlv2,area,fixed,5.0,0.5,0,0,34,0,0.0,owlv2
AOI_2_Vegas_img347,AOI_2_Vegas,AOI_2_Vegas:-11530:3614,test,owlv2,area,fixed,10.0,0.5,0,0,34,2,0.0,owlv2
AOI_2_Vegas_img3471,AOI_2_Vegas,AOI_2_Vegas:-11522:3620,test,owlv2,area,fixed,0.3,0.5,20,253,31,50,1.5,owlv2
AOI_2_Vegas_img3471,AOI_2_Vegas,AOI_2_Vegas:-11522:3620,test,owlv2,area,fixed,0.45,0.5,19,180,31,39,1.35,owlv2
AOI_2_Vegas_img3471,AOI_2_Vegas,AOI_2_Vegas:-11522:3620,test,owlv2,area,fixed,0.6,0.5,18,131,31,35,1.6,owlv2
AOI_2_Vegas_img3471,AOI_2_Vegas,AOI_2_Vegas:-11522:3620,test,owlv2,area,fixed,0.9,0.5,14,65,31,28,0.8,owlv2
AOI_2_Vegas_img3471,AOI_2_Vegas,AOI_2_Vegas:-11522:3620,test,owlv2,area,fixed,1.2,0.5,9,41,31,38,0.75,owlv2
AOI_2_Vegas_img3471,AOI_2_Vegas,AOI_2_Vegas:-11522:3620,test,owlv2,area,fixed,1.8,0.5,6,33,31,37,0.55,owlv2
AOI_2_Vegas_img3471,AOI_2_Vegas,AOI_2_Vegas:-11522:3620,test,owlv2,area,fixed,2.4,0.5,4,22,31,28,0.15,owlv2
AOI_2_Vegas_img3471,AOI_2_Vegas,AOI_2_Vegas:-11522:3620,test,owlv2,area,fixed,3.6,0.5,6,16,31,26,0.1,owlv2
AOI_2_Vegas_img3471,AOI_2_Vegas,AOI_2_Vegas:-11522:3620,test,owlv2,area,fixed,5.0,0.5,1,2,31,12,0.0,owlv2
AOI_2_Vegas_img3471,AOI_2_Vegas,AOI_2_Vegas:-11522:3620,test,owlv2,area,fixed,10.0,0.5,0,0,31,0,0.0,owlv2
AOI_2_Vegas_img3506,AOI_2_Vegas,AOI_2_Vegas:-11522:3612,test,owlv2,area,fixed,0.3,0.5,29,164,46,52,0.9,owlv2
AOI_2_Vegas_img3506,AOI_2_Vegas,AOI_2_Vegas:-11522:3612,test,owlv2,area,fixed,0.45,0.5,18,87,46,35,0.8,owlv2
AOI_2_Vegas_img3506,AOI_2_Vegas,AOI_2_Vegas:-11522:3612,test,owlv2,area,fixed,0.6,0.5,9,63,46,38,0.4,owlv2
AOI_2_Vegas_img3506,AOI_2_Vegas,AOI_2_Vegas:-11522:3612,test,owlv2,area,fixed,0.9,0.5,9,51,46,42,0.5,owlv2
AOI_2_Vegas_img3506,AOI_2_Vegas,AOI_2_Vegas:-11522:3612,test,owlv2,area,fixed,1.2,0.5,9,36,46,34,0.55,owlv2
AOI_2_Vegas_img3506,AOI_2_Vegas,AOI_2_Vegas:-11522:3612,test,owlv2,area,fixed,1.8,0.5,9,36,46,33,0.2,owlv2
AOI_2_Vegas_img3506,AOI_2_Vegas,AOI_2_Vegas:-11522:3612,test,owlv2,area,fixed,2.4,0.5,9,29,46,28,0.45,owlv2
AOI_2_Vegas_img3506,AOI_2_Vegas,AOI_2_Vegas:-11522:3612,test,owlv2,area,fixed,3.6,0.5,1,3,46,9,0.0,owlv2
AOI_2_Vegas_img3506,AOI_2_Vegas,AOI_2_Vegas:-11522:3612,test,owlv2,area,fixed,5.0,0.5,0,0,46,2,0.0,owlv2
AOI_2_Vegas_img3506,AOI_2_Vegas,AOI_2_Vegas:-11522:3612,test,owlv2,area,fixed,10.0,0.5,0,0,46,1,0.0,owlv2
AOI_2_Vegas_img3514,AOI_2_Vegas,AOI_2_Vegas:-11522:3614,test,owlv2,area,fixed,0.3,0.5,4,72,15,44,0.05,owlv2
AOI_2_Vegas_img3514,AOI_2_Vegas,AOI_2_Vegas:-11522:3614,test,owlv2,area,fixed,0.45,0.5,4,37,15,37,0.0,owlv2
AOI_2_Vegas_img3514,AOI_2_Vegas,AOI_2_Vegas:-11522:3614,test,owlv2,area,fixed,0.6,0.5,4,31,15,33,0.15,owlv2
AOI_2_Vegas_img3514,AOI_2_Vegas,AOI_2_Vegas:-11522:3614,test,owlv2,area,fixed,0.9,0.5,2,9,15,19,0.05,owlv2
AOI_2_Vegas_img3514,AOI_2_Vegas,AOI_2_Vegas:-11522:3614,test,owlv2,area,fixed,1.2,0.5,2,7,15,28,0.0,owlv2
AOI_2_Vegas_img3514,AOI_2_Vegas,AOI_2_Vegas:-11522:3614,test,owlv2,area,fixed,1.8,0.5,2,10,15,20,0.1,owlv2
AOI_2_Vegas_img3514,AOI_2_Vegas,AOI_2_Vegas:-11522:3614,test,owlv2,area,fixed,2.4,0.5,2,5,15,15,0.0,owlv2
AOI_2_Vegas_img3514,AOI_2_Vegas,AOI_2_Vegas:-11522:3614,test,owlv2,area,fixed,3.6,0.5,0,0,15,3,0.0,owlv2
AOI_2_Vegas_img3514,AOI_2_Vegas,AOI_2_Vegas:-11522:3614,test,owlv2,area,fixed,5.0,0.5,0,0,15,4,0.0,owlv2
AOI_2_Vegas_img3514,AOI_2_Vegas,AOI_2_Vegas:-11522:3614,test,owlv2,area,fixed,10.0,0.5,0,0,15,0,0.0,owlv2
AOI_2_Vegas_img3538,AOI_2_Vegas,AOI_2_Vegas:-11522:3618,test,owlv2,area,fixed,0.3,0.5,17,140,38,50,0.85,owlv2
AOI_2_Vegas_img3538,AOI_2_Vegas,AOI_2_Vegas:-11522:3618,test,owlv2,area,fixed,0.45,0.5,15,86,38,44,0.6,owlv2
AOI_2_Vegas_img3538,AOI_2_Vegas,AOI_2_Vegas:-11522:3618,test,owlv2,area,fixed,0.6,0.5,12,71,38,40,0.65,owlv2
AOI_2_Vegas_img3538,AOI_2_Vegas,AOI_2_Vegas:-11522:3618,test,owlv2,area,fixed,0.9,0.5,10,38,38,34,0.55,owlv2
AOI_2_Vegas_img3538,AOI_2_Vegas,AOI_2_Vegas:-11522:3618,test,owlv2,area,fixed,1.2,0.5,8,24,38,23,0.4,owlv2
AOI_2_Vegas_img3538,AOI_2_Vegas,AOI_2_Vegas:-11522:3618,test,owlv2,area,fixed,1.8,0.5,6,20,38,31,0.25,owlv2
AOI_2_Vegas_img3538,AOI_2_Vegas,AOI_2_Vegas:-11522:3618,test,owlv2,area,fixed,2.4,0.5,6,11,38,30,0.1,owlv2
AOI_2_Vegas_img3538,AOI_2_Vegas,AOI_2_Vegas:-11522:3618,test,owlv2,area,fixed,3.6,0.5,0,0,38,4,0.0,owlv2
AOI_2_Vegas_img3538,AOI_2_Vegas,AOI_2_Vegas:-11522:3618,test,owlv2,area,fixed,5.0,0.5,0,0,38,0,0.0,owlv2
AOI_2_Vegas_img3538,AOI_2_Vegas,AOI_2_Vegas:-11522:3618,test,owlv2,area,fixed,10.0,0.5,0,0,38,0,0.0,owlv2
AOI_2_Vegas_img355,AOI_2_Vegas,AOI_2_Vegas:-11530:3616,test,owlv2,area,fixed,0.3,0.5,22,75,34,27,1.7,owlv2
AOI_2_Vegas_img355,AOI_2_Vegas,AOI_2_Vegas:-11530:3616,test,owlv2,area,fixed,0.45,0.5,20,43,34,20,1.45,owlv2
AOI_2_Vegas_img355,AOI_2_Vegas,AOI_2_Vegas:-11530:3616,test,owlv2,area,fixed,0.6,0.5,23,48,34,22,1.6,owlv2
AOI_2_Vegas_img355,AOI_2_Vegas,AOI_2_Vegas:-11530:3616,test,owlv2,area,fixed,0.9,0.5,16,28,34,21,1.05,owlv2
AOI_2_Vegas_img355,AOI_2_Vegas,AOI_2_Vegas:-11530:3616,test,owlv2,area,fixed,1.2,0.5,19,34,34,22,1.2,owlv2
AOI_2_Vegas_img355,AOI_2_Vegas,AOI_2_Vegas:-11530:3616,test,owlv2,area,fixed,1.8,0.5,14,28,34,15,1.1,owlv2
AOI_2_Vegas_img355,AOI_2_Vegas,AOI_2_Vegas:-11530:3616,test,owlv2,area,fixed,2.4,0.5,9,21,34,12,0.7,owlv2
AOI_2_Vegas_img355,AOI_2_Vegas,AOI_2_Vegas:-11530:3616,test,owlv2,area,fixed,3.6,0.5,2,4,34,7,0.1,owlv2
AOI_2_Vegas_img355,AOI_2_Vegas,AOI_2_Vegas:-11530:3616,test,owlv2,area,fixed,5.0,0.5,0,0,34,4,0.0,owlv2
AOI_2_Vegas_img355,AOI_2_Vegas,AOI_2_Vegas:-11530:3616,test,owlv2,area,fixed,10.0,0.5,0,0,34,0,0.0,owlv2
AOI_2_Vegas_img3573,AOI_2_Vegas,AOI_2_Vegas:-11522:3624,test,owlv2,area,fixed,0.3,0.5,41,162,53,43,2.75,owlv2
AOI_2_Vegas_img3573,AOI_2_Vegas,AOI_2_Vegas:-11522:3624,test,owlv2,area,fixed,0.45,0.5,35,138,53,37,2.8,owlv2
AOI_2_Vegas_img3573,AOI_2_Vegas,AOI_2_Vegas:-11522:3624,test,owlv2,area,fixed,0.6,0.5,35,139,53,37,2.55,owlv2
AOI_2_Vegas_img3573,AOI_2_Vegas,AOI_2_Vegas:-11522:3624,test,owlv2,area,fixed,0.9,0.5,31,85,53,18,1.7,owlv2
AOI_2_Vegas_img3573,AOI_2_Vegas,AOI_2_Vegas:-11522:3624,test,owlv2,area,fixed,1.2,0.5,17,46,53,16,0.85,owlv2
AOI_2_Vegas_img3573,AOI_2_Vegas,AOI_2_Vegas:-11522:3624,test,owlv2,area,fixed,1.8,0.5,1,4,53,3,0.05,owlv2
AOI_2_Vegas_img3573,AOI_2_Vegas,AOI_2_Vegas:-11522:3624,test,owlv2,area,fixed,2.4,0.5,0,0,53,2,0.0,owlv2
AOI_2_Vegas_img3573,AOI_2_Vegas,AOI_2_Vegas:-11522:3624,test,owlv2,area,fixed,3.6,0.5,0,0,53,2,0.0,owlv2
AOI_2_Vegas_img3573,AOI_2_Vegas,AOI_2_Vegas:-11522:3624,test,owlv2,area,fixed,5.0,0.5,0,0,53,7,0.0,owlv2
AOI_2_Vegas_img3573,AOI_2_Vegas,AOI_2_Vegas:-11522:3624,test,owlv2,area,fixed,10.0,0.5,0,0,53,0,0.0,owlv2
AOI_2_Vegas_img3603,AOI_2_Vegas,AOI_2_Vegas:-11522:3616,test,owlv2,area,fixed,0.3,0.5,33,278,53,74,4.75,owlv2
AOI_2_Vegas_img3603,AOI_2_Vegas,AOI_2_Vegas:-11522:3616,test,owlv2,area,fixed,0.45,0.5,34,202,53,62,2.75,owlv2
AOI_2_Vegas_img3603,AOI_2_Vegas,AOI_2_Vegas:-11522:3616,test,owlv2,area,fixed,0.6,0.5,30,149,53,63,2.2,owlv2
AOI_2_Vegas_img3603,AOI_2_Vegas,AOI_2_Vegas:-11522:3616,test,owlv2,area,fixed,0.9,0.5,25,93,53,58,1.65,owlv2
AOI_2_Vegas_img3603,AOI_2_Vegas,AOI_2_Vegas:-11522:3616,test,owlv2,area,fixed,1.2,0.5,18,54,53,49,1.4,owlv2
AOI_2_Vegas_img3603,AOI_2_Vegas,AOI_2_Vegas:-11522:3616,test,owlv2,area,fixed,1.8,0.5,11,36,53,56,0.65,owlv2
AOI_2_Vegas_img3603,AOI_2_Vegas,AOI_2_Vegas:-11522:3616,test,owlv2,area,fixed,2.4,0.5,4,16,53,26,0.2,owlv2
AOI_2_Vegas_img3603,AOI_2_Vegas,AOI_2_Vegas:-11522:3616,test,owlv2,area,fixed,3.6,0.5,0,0,53,3,0.0,owlv2
AOI_2_Vegas_img3603,AOI_2_Vegas,AOI_2_Vegas:-11522:3616,test,owlv2,area,fixed,5.0,0.5,0,0,53,0,0.0,owlv2
AOI_2_Vegas_img3603,AOI_2_Vegas,AOI_2_Vegas:-11522:3616,test,owlv2,area,fixed,10.0,0.5,0,0,53,0,0.0,owlv2
AOI_2_Vegas_img3659,AOI_2_Vegas,AOI_2_Vegas:-11522:3625,test,owlv2,area,fixed,0.3,0.5,27,134,32,32,1.0,owlv2
AOI_2_Vegas_img3659,AOI_2_Vegas,AOI_2_Vegas:-11522:3625,test,owlv2,area,fixed,0.45,0.5,22,75,32,18,0.95,owlv2
AOI_2_Vegas_img3659,AOI_2_Vegas,AOI_2_Vegas:-11522:3625,test,owlv2,area,fixed,0.6,0.5,22,75,32,26,0.65,owlv2
AOI_2_Vegas_img3659,AOI_2_Vegas,AOI_2_Vegas:-11522:3625,test,owlv2,area,fixed,0.9,0.5,23,60,32,18,0.75,owlv2
AOI_2_Vegas_img3659,AOI_2_Vegas,AOI_2_Vegas:-11522:3625,test,owlv2,area,fixed,1.2,0.5,17,53,32,22,1.15,owlv2
AOI_2_Vegas_img3659,AOI_2_Vegas,AOI_2_Vegas:-11522:3625,test,owlv2,area,fixed,1.8,0.5,23,79,32,14,1.15,owlv2
AOI_2_Vegas_img3659,AOI_2_Vegas,AOI_2_Vegas:-11522:3625,test,owlv2,area,fixed,2.4,0.5,24,76,32,17,0.9,owlv2
AOI_2_Vegas_img3659,AOI_2_Vegas,AOI_2_Vegas:-11522:3625,test,owlv2,area,fixed,3.6,0.5,1,2,32,1,0.05,owlv2
AOI_2_Vegas_img3659,AOI_2_Vegas,AOI_2_Vegas:-11522:3625,test,owlv2,area,fixed,5.0,0.5,0,1,32,0,0.05,owlv2
AOI_2_Vegas_img3659,AOI_2_Vegas,AOI_2_Vegas:-11522:3625,test,owlv2,area,fixed,10.0,0.5,0,0,32,0,0.0,owlv2
AOI_2_Vegas_img3673,AOI_2_Vegas,AOI_2_Vegas:-11522:3614,test,owlv2,area,fixed,0.3,0.5,1,85,7,57,0.0,owlv2
AOI_2_Vegas_img3673,AOI_2_Vegas,AOI_2_Vegas:-11522:3614,test,owlv2,area,fixed,0.45,0.5,1,42,7,39,0.0,owlv2
AOI_2_Vegas_img3673,AOI_2_Vegas,AOI_2_Vegas:-11522:3614,test,owlv2,area,fixed,0.6,0.5,1,39,7,40,0.0,owlv2
AOI_2_Vegas_img3673,AOI_2_Vegas,AOI_2_Vegas:-11522:3614,test,owlv2,area,fixed,0.9,0.5,0,4,7,22,0.0,owlv2
AOI_2_Vegas_img3673,AOI_2_Vegas,AOI_2_Vegas:-11522:3614,test,owlv2,area,fixed,1.2,0.5,0,2,7,11,0.0,owlv2
AOI_2_Vegas_img3673,AOI_2_Vegas,AOI_2_Vegas:-11522:3614,test,owlv2,area,fixed,1.8,0.5,0,0,7,4,0.0,owlv2
AOI_2_Vegas_img3673,AOI_2_Vegas,AOI_2_Vegas:-11522:3614,test,owlv2,area,fixed,2.4,0.5,0,6,7,17,0.0,owlv2
AOI_2_Vegas_img3673,AOI_2_Vegas,AOI_2_Vegas:-11522:3614,test,owlv2,area,fixed,3.6,0.5,0,0,7,4,0.0,owlv2
AOI_2_Vegas_img3673,AOI_2_Vegas,AOI_2_Vegas:-11522:3614,test,owlv2,area,fixed,5.0,0.5,0,0,7,5,0.0,owlv2
AOI_2_Vegas_img3673,AOI_2_Vegas,AOI_2_Vegas:-11522:3614,test,owlv2,area,fixed,10.0,0.5,0,0,7,2,0.0,owlv2
AOI_2_Vegas_img3679,AOI_2_Vegas,AOI_2_Vegas:-11522:3615,test,owlv2,area,fixed,0.3,0.5,34,263,43,61,3.7,owlv2
AOI_2_Vegas_img3679,AOI_2_Vegas,AOI_2_Vegas:-11522:3615,test,owlv2,area,fixed,0.45,0.5,28,175,43,54,2.4,owlv2
AOI_2_Vegas_img3679,AOI_2_Vegas,AOI_2_Vegas:-11522:3615,test,owlv2,area,fixed,0.6,0.5,29,139,43,56,2.4,owlv2
AOI_2_Vegas_img3679,AOI_2_Vegas,AOI_2_Vegas:-11522:3615,test,owlv2,area,fixed,0.9,0.5,22,94,43,53,1.75,owlv2
AOI_2_Vegas_img3679,AOI_2_Vegas,AOI_2_Vegas:-11522:3615,test,owlv2,area,fixed,1.2,0.5,19,64,43,52,1.0,owlv2
AOI_2_Vegas_img3679,AOI_2_Vegas,AOI_2_Vegas:-11522:3615,test,owlv2,area,fixed,1.8,0.5,12,48,43,43,1.0,owlv2
AOI_2_Vegas_img3679,AOI_2_Vegas,AOI_2_Vegas:-11522:3615,test,owlv2,area,fixed,2.4,0.5,4,19,43,16,0.2,owlv2
AOI_2_Vegas_img3679,AOI_2_Vegas,AOI_2_Vegas:-11522:3615,test,owlv2,area,fixed,3.6,0.5,0,0,43,0,0.0,owlv2
AOI_2_Vegas_img3679,AOI_2_Vegas,AOI_2_Vegas:-11522:3615,test,owlv2,area,fixed,5.0,0.5,0,0,43,0,0.0,owlv2
AOI_2_Vegas_img3679,AOI_2_Vegas,AOI_2_Vegas:-11522:3615,test,owlv2,area,fixed,10.0,0.5,0,0,43,1,0.0,owlv2
AOI_2_Vegas_img3718,AOI_2_Vegas,AOI_2_Vegas:-11522:3622,test,owlv2,area,fixed,0.3,0.5,14,180,29,51,0.25,owlv2
AOI_2_Vegas_img3718,AOI_2_Vegas,AOI_2_Vegas:-11522:3622,test,owlv2,area,fixed,0.45,0.5,15,139,29,39,0.65,owlv2
AOI_2_Vegas_img3718,AOI_2_Vegas,AOI_2_Vegas:-11522:3622,test,owlv2,area,fixed,0.6,0.5,14,125,29,49,0.6,owlv2
AOI_2_Vegas_img3718,AOI_2_Vegas,AOI_2_Vegas:-11522:3622,test,owlv2,area,fixed,0.9,0.5,12,104,29,50,0.4,owlv2
AOI_2_Vegas_img3718,AOI_2_Vegas,AOI_2_Vegas:-11522:3622,test,owlv2,area,fixed,1.2,0.5,7,71,29,55,0.5,owlv2
AOI_2_Vegas_img3718,AOI_2_Vegas,AOI_2_Vegas:-11522:3622,test,owlv2,area,fixed,1.8,0.5,2,45,29,45,0.5,owlv2
AOI_2_Vegas_img3718,AOI_2_Vegas,AOI_2_Vegas:-11522:3622,test,owlv2,area,fixed,2.4,0.5,3,17,29,39,0.15,owlv2
AOI_2_Vegas_img3718,AOI_2_Vegas,AOI_2_Vegas:-11522:3622,test,owlv2,area,fixed,3.6,0.5,0,0,29,7,0.0,owlv2
AOI_2_Vegas_img3718,AOI_2_Vegas,AOI_2_Vegas:-11522:3622,test,owlv2,area,fixed,5.0,0.5,0,0,29,2,0.0,owlv2
AOI_2_Vegas_img3718,AOI_2_Vegas,AOI_2_Vegas:-11522:3622,test,owlv2,area,fixed,10.0,0.5,0,0,29,0,0.0,owlv2
AOI_2_Vegas_img3747,AOI_2_Vegas,AOI_2_Vegas:-11522:3613,test,owlv2,area,fixed,0.3,0.5,36,346,56,59,4.85,owlv2
AOI_2_Vegas_img3747,AOI_2_Vegas,AOI_2_Vegas:-11522:3613,test,owlv2,area,fixed,0.45,0.5,27,205,56,59,4.55,owlv2
AOI_2_Vegas_img3747,AOI_2_Vegas,AOI_2_Vegas:-11522:3613,test,owlv2,area,fixed,0.6,0.5,25,162,56,54,4.15,owlv2
AOI_2_Vegas_img3747,AOI_2_Vegas,AOI_2_Vegas:-11522:3613,test,owlv2,area,fixed,0.9,0.5,18,118,56,45,2.95,owlv2
AOI_2_Vegas_img3747,AOI_2_Vegas,AOI_2_Vegas:-11522:3613,test,owlv2,area,fixed,1.2,0.5,16,78,56,47,2.6,owlv2
AOI_2_Vegas_img3747,AOI_2_Vegas,AOI_2_Vegas:-11522:3613,test,owlv2,area,fixed,1.8,0.5,23,58,56,39,1.8,owlv2
AOI_2_Vegas_img3747,AOI_2_Vegas,AOI_2_Vegas:-11522:3613,test,owlv2,area,fixed,2.4,0.5,17,44,56,18,1.35,owlv2
AOI_2_Vegas_img3747,AOI_2_Vegas,AOI_2_Vegas:-11522:3613,test,owlv2,area,fixed,3.6,0.5,0,0,56,4,0.0,owlv2
AOI_2_Vegas_img3747,AOI_2_Vegas,AOI_2_Vegas:-11522:3613,test,owlv2,area,fixed,5.0,0.5,0,0,56,0,0.0,owlv2
AOI_2_Vegas_img3747,AOI_2_Vegas,AOI_2_Vegas:-11522:3613,test,owlv2,area,fixed,10.0,0.5,0,0,56,0,0.0,owlv2
AOI_2_Vegas_img375,AOI_2_Vegas,AOI_2_Vegas:-11530:3619,test,owlv2,area,fixed,0.3,0.5,9,181,22,56,0.85,owlv2
AOI_2_Vegas_img375,AOI_2_Vegas,AOI_2_Vegas:-11530:3619,test,owlv2,area,fixed,0.45,0.5,9,121,22,52,0.65,owlv2
AOI_2_Vegas_img375,AOI_2_Vegas,AOI_2_Vegas:-11530:3619,test,owlv2,area,fixed,0.6,0.5,10,123,22,46,0.9,owlv2
AOI_2_Vegas_img375,AOI_2_Vegas,AOI_2_Vegas:-11530:3619,test,owlv2,area,fixed,0.9,0.5,7,64,22,41,0.5,owlv2
AOI_2_Vegas_img375,AOI_2_Vegas,AOI_2_Vegas:-11530:3619,test,owlv2,area,fixed,1.2,0.5,7,44,22,42,0.5,owlv2
AOI_2_Vegas_img375,AOI_2_Vegas,AOI_2_Vegas:-11530:3619,test,owlv2,area,fixed,1.8,0.5,7,28,22,40,0.45,owlv2
AOI_2_Vegas_img375,AOI_2_Vegas,AOI_2_Vegas:-11530:3619,test,owlv2,area,fixed,2.4,0.5,3,13,22,23,0.05,owlv2
AOI_2_Vegas_img375,AOI_2_Vegas,AOI_2_Vegas:-11530:3619,test,owlv2,area,fixed,3.6,0.5,1,1,22,11,0.0,owlv2
AOI_2_Vegas_img375,AOI_2_Vegas,AOI_2_Vegas:-11530:3619,test,owlv2,area,fixed,5.0,0.5,0,0,22,0,0.0,owlv2
AOI_2_Vegas_img375,AOI_2_Vegas,AOI_2_Vegas:-11530:3619,test,owlv2,area,fixed,10.0,0.5,0,0,22,0,0.0,owlv2
AOI_2_Vegas_img3757,AOI_2_Vegas,AOI_2_Vegas:-11522:3615,test,owlv2,area,fixed,0.3,0.5,32,211,59,73,2.6,owlv2
AOI_2_Vegas_img3757,AOI_2_Vegas,AOI_2_Vegas:-11522:3615,test,owlv2,area,fixed,0.45,0.5,20,92,59,46,1.85,owlv2
AOI_2_Vegas_img3757,AOI_2_Vegas,AOI_2_Vegas:-11522:3615,test,owlv2,area,fixed,0.6,0.5,17,67,59,36,1.0,owlv2
AOI_2_Vegas_img3757,AOI_2_Vegas,AOI_2_Vegas:-11522:3615,test,owlv2,area,fixed,0.9,0.5,10,27,59,7,0.6,owlv2
AOI_2_Vegas_img3757,AOI_2_Vegas,AOI_2_Vegas:-11522:3615,test,owlv2,area,fixed,1.2,0.5,6,15,59,9,0.2,owlv2
AOI_2_Vegas_img3757,AOI_2_Vegas,AOI_2_Vegas:-11522:3615,test,owlv2,area,fixed,1.8,0.5,14,43,59,24,0.95,owlv2
AOI_2_Vegas_img3757,AOI_2_Vegas,AOI_2_Vegas:-11522:3615,test,owlv2,area,fixed,2.4,0.5,8,17,59,10,0.7,owlv2
AOI_2_Vegas_img3757,AOI_2_Vegas,AOI_2_Vegas:-11522:3615,test,owlv2,area,fixed,3.6,0.5,1,2,59,5,0.05,owlv2
AOI_2_Vegas_img3757,AOI_2_Vegas,AOI_2_Vegas:-11522:3615,test,owlv2,area,fixed,5.0,0.5,0,0,59,0,0.0,owlv2
AOI_2_Vegas_img3757,AOI_2_Vegas,AOI_2_Vegas:-11522:3615,test,owlv2,area,fixed,10.0,0.5,0,0,59,0,0.0,owlv2
AOI_2_Vegas_img3785,AOI_2_Vegas,AOI_2_Vegas:-11522:3620,test,owlv2,area,fixed,0.3,0.5,13,196,28,61,0.75,owlv2
AOI_2_Vegas_img3785,AOI_2_Vegas,AOI_2_Vegas:-11522:3620,test,owlv2,area,fixed,0.45,0.5,11,148,28,61,0.8,owlv2
AOI_2_Vegas_img3785,AOI_2_Vegas,AOI_2_Vegas:-11522:3620,test,owlv2,area,fixed,0.6,0.5,9,132,28,62,0.65,owlv2
AOI_2_Vegas_img3785,AOI_2_Vegas,AOI_2_Vegas:-11522:3620,test,owlv2,area,fixed,0.9,0.5,8,61,28,61,0.5,owlv2
AOI_2_Vegas_img3785,AOI_2_Vegas,AOI_2_Vegas:-11522:3620,test,owlv2,area,fixed,1.2,0.5,8,70,28,53,0.35,owlv2
AOI_2_Vegas_img3785,AOI_2_Vegas,AOI_2_Vegas:-11522:3620,test,owlv2,area,fixed,1.8,0.5,4,45,28,55,0.3,owlv2
AOI_2_Vegas_img3785,AOI_2_Vegas,AOI_2_Vegas:-11522:3620,test,owlv2,area,fixed,2.4,0.5,2,20,28,52,0.2,owlv2
AOI_2_Vegas_img3785,AOI_2_Vegas,AOI_2_Vegas:-11522:3620,test,owlv2,area,fixed,3.6,0.5,0,1,28,37,0.0,owlv2
AOI_2_Vegas_img3785,AOI_2_Vegas,AOI_2_Vegas:-11522:3620,test,owlv2,area,fixed,5.0,0.5,0,0,28,15,0.0,owlv2
AOI_2_Vegas_img3785,AOI_2_Vegas,AOI_2_Vegas:-11522:3620,test,owlv2,area,fixed,10.0,0.5,0,0,28,0,0.0,owlv2
AOI_2_Vegas_img3787,AOI_2_Vegas,AOI_2_Vegas:-11522:3620,test,owlv2,area,fixed,0.3,0.5,20,146,48,49,0.75,owlv2
AOI_2_Vegas_img3787,AOI_2_Vegas,AOI_2_Vegas:-11522:3620,test,owlv2,area,fixed,0.45,0.5,15,88,48,44,0.55,owlv2
AOI_2_Vegas_img3787,AOI_2_Vegas,AOI_2_Vegas:-11522:3620,test,owlv2,area,fixed,0.6,0.5,13,76,48,40,0.85,owlv2
AOI_2_Vegas_img3787,AOI_2_Vegas,AOI_2_Vegas:-11522:3620,test,owlv2,area,fixed,0.9,0.5,8,34,48,33,0.2,owlv2
AOI_2_Vegas_img3787,AOI_2_Vegas,AOI_2_Vegas:-11522:3620,test,owlv2,area,fixed,1.2,0.5,5,30,48,37,0.2,owlv2
AOI_2_Vegas_img3787,AOI_2_Vegas,AOI_2_Vegas:-11522:3620,test,owlv2,area,fixed,1.8,0.5,2,14,48,44,0.1,owlv2
AOI_2_Vegas_img3787,AOI_2_Vegas,AOI_2_Vegas:-11522:3620,test,owlv2,area,fixed,2.4,0.5,4,20,48,40,0.0,owlv2
AOI_2_Vegas_img3787,AOI_2_Vegas,AOI_2_Vegas:-11522:3620,test,owlv2,area,fixed,3.6,0.5,1,3,48,31,0.0,owlv2
AOI_2_Vegas_img3787,AOI_2_Vegas,AOI_2_Vegas:-11522:3620,test,owlv2,area,fixed,5.0,0.5,0,0,48,7,0.0,owlv2
AOI_2_Vegas_img3787,AOI_2_Vegas,AOI_2_Vegas:-11522:3620,test,owlv2,area,fixed,10.0,0.5,0,0,48,0,0.0,owlv2
AOI_2_Vegas_img3792,AOI_2_Vegas,AOI_2_Vegas:-11522:3621,test,owlv2,area,fixed,0.3,0.5,0,36,1,5,0.0,owlv2
AOI_2_Vegas_img3792,AOI_2_Vegas,AOI_2_Vegas:-11522:3621,test,owlv2,area,fixed,0.45,0.5,0,30,1,2,0.0,owlv2
AOI_2_Vegas_img3792,AOI_2_Vegas,AOI_2_Vegas:-11522:3621,test,owlv2,area,fixed,0.6,0.5,0,33,1,2,0.0,owlv2
AOI_2_Vegas_img3792,AOI_2_Vegas,AOI_2_Vegas:-11522:3621,test,owlv2,area,fixed,0.9,0.5,0,23,1,3,0.0,owlv2
AOI_2_Vegas_img3792,AOI_2_Vegas,AOI_2_Vegas:-11522:3621,test,owlv2,area,fixed,1.2,0.5,0,7,1,3,0.0,owlv2
AOI_2_Vegas_img3792,AOI_2_Vegas,AOI_2_Vegas:-11522:3621,test,owlv2,area,fixed,1.8,0.5,0,7,1,2,0.0,owlv2
AOI_2_Vegas_img3792,AOI_2_Vegas,AOI_2_Vegas:-11522:3621,test,owlv2,area,fixed,2.4,0.5,0,0,1,1,0.0,owlv2
AOI_2_Vegas_img3792,AOI_2_Vegas,AOI_2_Vegas:-11522:3621,test,owlv2,area,fixed,3.6,0.5,0,0,1,0,0.0,owlv2
AOI_2_Vegas_img3792,AOI_2_Vegas,AOI_2_Vegas:-11522:3621,test,owlv2,area,fixed,5.0,0.5,0,0,1,0,0.0,owlv2
AOI_2_Vegas_img3792,AOI_2_Vegas,AOI_2_Vegas:-11522:3621,test,owlv2,area,fixed,10.0,0.5,0,0,1,0,0.0,owlv2
AOI_2_Vegas_img3815,AOI_2_Vegas,AOI_2_Vegas:-11522:3625,test,owlv2,area,fixed,0.3,0.5,17,165,23,51,2.3,owlv2
AOI_2_Vegas_img3815,AOI_2_Vegas,AOI_2_Vegas:-11522:3625,test,owlv2,area,fixed,0.45,0.5,14,107,23,49,2.2,owlv2
AOI_2_Vegas_img3815,AOI_2_Vegas,AOI_2_Vegas:-11522:3625,test,owlv2,area,fixed,0.6,0.5,15,93,23,43,1.95,owlv2
AOI_2_Vegas_img3815,AOI_2_Vegas,AOI_2_Vegas:-11522:3625,test,owlv2,area,fixed,0.9,0.5,10,57,23,32,1.6,owlv2
AOI_2_Vegas_img3815,AOI_2_Vegas,AOI_2_Vegas:-11522:3625,test,owlv2,area,fixed,1.2,0.5,8,52,23,25,1.35,owlv2
AOI_2_Vegas_img3815,AOI_2_Vegas,AOI_2_Vegas:-11522:3625,test,owlv2,area,fixed,1.8,0.5,11,50,23,35,0.9,owlv2
AOI_2_Vegas_img3815,AOI_2_Vegas,AOI_2_Vegas:-11522:3625,test,owlv2,area,fixed,2.4,0.5,12,39,23,31,1.4,owlv2
AOI_2_Vegas_img3815,AOI_2_Vegas,AOI_2_Vegas:-11522:3625,test,owlv2,area,fixed,3.6,0.5,6,14,23,19,0.2,owlv2
AOI_2_Vegas_img3815,AOI_2_Vegas,AOI_2_Vegas:-11522:3625,test,owlv2,area,fixed,5.0,0.5,2,2,23,4,0.05,owlv2
AOI_2_Vegas_img3815,AOI_2_Vegas,AOI_2_Vegas:-11522:3625,test,owlv2,area,fixed,10.0,0.5,0,0,23,0,0.0,owlv2
AOI_2_Vegas_img3832,AOI_2_Vegas,AOI_2_Vegas:-11521:3614,test,owlv2,area,fixed,0.3,0.5,2,130,4,47,0.0,owlv2
AOI_2_Vegas_img3832,AOI_2_Vegas,AOI_2_Vegas:-11521:3614,test,owlv2,area,fixed,0.45,0.5,2,74,4,22,0.0,owlv2
AOI_2_Vegas_img3832,AOI_2_Vegas,AOI_2_Vegas:-11521:3614,test,owlv2,area,fixed,0.6,0.5,1,63,4,25,0.0,owlv2
AOI_2_Vegas_img3832,AOI_2_Vegas,AOI_2_Vegas:-11521:3614,test,owlv2,area,fixed,0.9,0.5,0,22,4,14,0.0,owlv2
AOI_2_Vegas_img3832,AOI_2_Vegas,AOI_2_Vegas:-11521:3614,test,owlv2,area,fixed,1.2,0.5,0,1,4,4,0.0,owlv2
AOI_2_Vegas_img3832,AOI_2_Vegas,AOI_2_Vegas:-11521:3614,test,owlv2,area,fixed,1.8,0.5,0,0,4,1,0.0,owlv2
AOI_2_Vegas_img3832,AOI_2_Vegas,AOI_2_Vegas:-11521:3614,test,owlv2,area,fixed,2.4,0.5,0,0,4,3,0.0,owlv2
AOI_2_Vegas_img3832,AOI_2_Vegas,AOI_2_Vegas:-11521:3614,test,owlv2,area,fixed,3.6,0.5,0,0,4,0,0.0,owlv2
AOI_2_Vegas_img3832,AOI_2_Vegas,AOI_2_Vegas:-11521:3614,test,owlv2,area,fixed,5.0,0.5,0,0,4,1,0.0,owlv2
AOI_2_Vegas_img3832,AOI_2_Vegas,AOI_2_Vegas:-11521:3614,test,owlv2,area,fixed,10.0,0.5,0,0,4,0,0.0,owlv2
AOI_2_Vegas_img3849,AOI_2_Vegas,AOI_2_Vegas:-11521:3617,test,owlv2,area,fixed,0.3,0.5,47,143,88,40,5.15,owlv2
AOI_2_Vegas_img3849,AOI_2_Vegas,AOI_2_Vegas:-11521:3617,test,owlv2,area,fixed,0.45,0.5,43,77,88,30,3.45,owlv2
AOI_2_Vegas_img3849,AOI_2_Vegas,AOI_2_Vegas:-11521:3617,test,owlv2,area,fixed,0.6,0.5,42,65,88,18,2.6,owlv2
AOI_2_Vegas_img3849,AOI_2_Vegas,AOI_2_Vegas:-11521:3617,test,owlv2,area,fixed,0.9,0.5,27,29,88,8,1.4,owlv2
AOI_2_Vegas_img3849,AOI_2_Vegas,AOI_2_Vegas:-11521:3617,test,owlv2,area,fixed,1.2,0.5,22,23,88,5,1.05,owlv2
AOI_2_Vegas_img3849,AOI_2_Vegas,AOI_2_Vegas:-11521:3617,test,owlv2,area,fixed,1.8,0.5,30,35,88,16,2.1,owlv2
AOI_2_Vegas_img3849,AOI_2_Vegas,AOI_2_Vegas:-11521:3617,test,owlv2,area,fixed,2.4,0.5,0,0,88,3,0.0,owlv2
AOI_2_Vegas_img3849,AOI_2_Vegas,AOI_2_Vegas:-11521:3617,test,owlv2,area,fixed,3.6,0.5,0,0,88,1,0.0,owlv2
AOI_2_Vegas_img3849,AOI_2_Vegas,AOI_2_Vegas:-11521:3617,test,owlv2,area,fixed,5.0,0.5,0,0,88,0,0.0,owlv2
AOI_2_Vegas_img3849,AOI_2_Vegas,AOI_2_Vegas:-11521:3617,test,owlv2,area,fixed,10.0,0.5,0,0,88,0,0.0,owlv2
AOI_2_Vegas_img3856,AOI_2_Vegas,AOI_2_Vegas:-11521:3618,test,owlv2,area,fixed,0.3,0.5,7,50,13,21,0.15,owlv2
AOI_2_Vegas_img3856,AOI_2_Vegas,AOI_2_Vegas:-11521:3618,test,owlv2,area,fixed,0.45,0.5,4,23,13,15,0.0,owlv2
AOI_2_Vegas_img3856,AOI_2_Vegas,AOI_2_Vegas:-11521:3618,test,owlv2,area,fixed,0.6,0.5,3,18,13,14,0.05,owlv2
AOI_2_Vegas_img3856,AOI_2_Vegas,AOI_2_Vegas:-11521:3618,test,owlv2,area,fixed,0.9,0.5,3,7,13,7,0.0,owlv2
AOI_2_Vegas_img3856,AOI_2_Vegas,AOI_2_Vegas:-11521:3618,test,owlv2,area,fixed,1.2,0.5,2,4,13,3,0.0,owlv2
AOI_2_Vegas_img3856,AOI_2_Vegas,AOI_2_Vegas:-11521:3618,test,owlv2,area,fixed,1.8,0.5,0,0,13,7,0.0,owlv2
AOI_2_Vegas_img3856,AOI_2_Vegas,AOI_2_Vegas:-11521:3618,test,owlv2,area,fixed,2.4,0.5,1,1,13,7,0.0,owlv2
AOI_2_Vegas_img3856,AOI_2_Vegas,AOI_2_Vegas:-11521:3618,test,owlv2,area,fixed,3.6,0.5,0,0,13,2,0.0,owlv2
AOI_2_Vegas_img3856,AOI_2_Vegas,AOI_2_Vegas:-11521:3618,test,owlv2,area,fixed,5.0,0.5,0,0,13,4,0.0,owlv2
AOI_2_Vegas_img3856,AOI_2_Vegas,AOI_2_Vegas:-11521:3618,test,owlv2,area,fixed,10.0,0.5,0,0,13,2,0.0,owlv2
AOI_2_Vegas_img3857,AOI_2_Vegas,AOI_2_Vegas:-11521:3619,test,owlv2,area,fixed,0.3,0.5,21,149,36,65,0.35,owlv2
AOI_2_Vegas_img3857,AOI_2_Vegas,AOI_2_Vegas:-11521:3619,test,owlv2,area,fixed,0.45,0.5,14,84,36,50,0.2,owlv2
AOI_2_Vegas_img3857,AOI_2_Vegas,AOI_2_Vegas:-11521:3619,test,owlv2,area,fixed,0.6,0.5,12,63,36,44,0.3,owlv2
AOI_2_Vegas_img3857,AOI_2_Vegas,AOI_2_Vegas:-11521:3619,test,owlv2,area,fixed,0.9,0.5,9,35,36,37,0.3,owlv2
AOI_2_Vegas_img3857,AOI_2_Vegas,AOI_2_Vegas:-11521:3619,test,owlv2,area,fixed,1.2,0.5,5,12,36,26,0.1,owlv2
AOI_2_Vegas_img3857,AOI_2_Vegas,AOI_2_Vegas:-11521:3619,test,owlv2,area,fixed,1.8,0.5,1,4,36,18,0.05,owlv2
AOI_2_Vegas_img3857,AOI_2_Vegas,AOI_2_Vegas:-11521:3619,test,owlv2,area,fixed,2.4,0.5,0,1,36,4,0.0,owlv2
AOI_2_Vegas_img3857,AOI_2_Vegas,AOI_2_Vegas:-11521:3619,test,owlv2,area,fixed,3.6,0.5,0,0,36,2,0.0,owlv2
AOI_2_Vegas_img3857,AOI_2_Vegas,AOI_2_Vegas:-11521:3619,test,owlv2,area,fixed,5.0,0.5,0,0,36,4,0.0,owlv2
AOI_2_Vegas_img3857,AOI_2_Vegas,AOI_2_Vegas:-11521:3619,test,owlv2,area,fixed,10.0,0.5,0,0,36,1,0.0,owlv2
AOI_2_Vegas_img3858,AOI_2_Vegas,AOI_2_Vegas:-11521:3619,test,owlv2,area,fixed,0.3,0.5,11,112,21,38,0.2,owlv2
AOI_2_Vegas_img3858,AOI_2_Vegas,AOI_2_Vegas:-11521:3619,test,owlv2,area,fixed,0.45,0.5,8,66,21,32,0.3,owlv2
AOI_2_Vegas_img3858,AOI_2_Vegas,AOI_2_Vegas:-11521:3619,test,owlv2,area,fixed,0.6,0.5,6,56,21,32,0.25,owlv2
AOI_2_Vegas_img3858,AOI_2_Vegas,AOI_2_Vegas:-11521:3619,test,owlv2,area,fixed,0.9,0.5,4,24,21,23,0.1,owlv2
AOI_2_Vegas_img3858,AOI_2_Vegas,AOI_2_Vegas:-11521:3619,test,owlv2,area,fixed,1.2,0.5,3,12,21,21,0.05,owlv2
AOI_2_Vegas_img3858,AOI_2_Vegas,AOI_2_Vegas:-11521:3619,test,owlv2,area,fixed,1.8,0.5,2,4,21,24,0.05,owlv2
AOI_2_Vegas_img3858,AOI_2_Vegas,AOI_2_Vegas:-11521:3619,test,owlv2,area,fixed,2.4,0.5,3,13,21,35,0.0,owlv2
AOI_2_Vegas_img3858,AOI_2_Vegas,AOI_2_Vegas:-11521:3619,test,owlv2,area,fixed,3.6,0.5,3,6,21,36,0.0,owlv2
AOI_2_Vegas_img3858,AOI_2_Vegas,AOI_2_Vegas:-11521:3619,test,owlv2,area,fixed,5.0,0.5,0,0,21,13,0.0,owlv2
AOI_2_Vegas_img3858,AOI_2_Vegas,AOI_2_Vegas:-11521:3619,test,owlv2,area,fixed,10.0,0.5,0,0,21,2,0.0,owlv2
AOI_2_Vegas_img386,AOI_2_Vegas,AOI_2_Vegas:-11530:3621,test,owlv2,area,fixed,0.3,0.5,15,161,34,34,2.15,owlv2
AOI_2_Vegas_img386,AOI_2_Vegas,AOI_2_Vegas:-11530:3621,test,owlv2,area,fixed,0.45,0.5,15,106,34,30,1.75,owlv2
AOI_2_Vegas_img386,AOI_2_Vegas,AOI_2_Vegas:-11530:3621,test,owlv2,area,fixed,0.6,0.5,16,90,34,31,1.75,owlv2
AOI_2_Vegas_img386,AOI_2_Vegas,AOI_2_Vegas:-11530:3621,test,owlv2,area,fixed,0.9,0.5,10,51,34,24,1.1,owlv2
AOI_2_Vegas_img386,AOI_2_Vegas,AOI_2_Vegas:-11530:3621,test,owlv2,area,fixed,1.2,0.5,10,40,34,27,1.65,owlv2
AOI_2_Vegas_img386,AOI_2_Vegas,AOI_2_Vegas:-11530:3621,test,owlv2,area,fixed,1.8,0.5,6,24,34,24,1.0,owlv2
AOI_2_Vegas_img386,AOI_2_Vegas,AOI_2_Vegas:-11530:3621,test,owlv2,area,fixed,2.4,0.5,3,8,34,25,0.15,owlv2
AOI_2_Vegas_img386,AOI_2_Vegas,AOI_2_Vegas:-11530:3621,test,owlv2,area,fixed,3.6,0.5,3,14,34,23,0.35,owlv2
AOI_2_Vegas_img386,AOI_2_Vegas,AOI_2_Vegas:-11530:3621,test,owlv2,area,fixed,5.0,0.5,1,2,34,16,0.0,owlv2
AOI_2_Vegas_img386,AOI_2_Vegas,AOI_2_Vegas:-11530:3621,test,owlv2,area,fixed,10.0,0.5,0,0,34,0,0.0,owlv2
AOI_2_Vegas_img3864,AOI_2_Vegas,AOI_2_Vegas:-11521:3620,test,owlv2,area,fixed,0.3,0.5,23,179,36,56,0.45,owlv2
AOI_2_Vegas_img3864,AOI_2_Vegas,AOI_2_Vegas:-11521:3620,test,owlv2,area,fixed,0.45,0.5,17,131,36,52,0.4,owlv2
AOI_2_Vegas_img3864,AOI_2_Vegas,AOI_2_Vegas:-11521:3620,test,owlv2,area,fixed,0.6,0.5,15,117,36,53,0.2,owlv2
AOI_2_Vegas_img3864,AOI_2_Vegas,AOI_2_Vegas:-11521:3620,test,owlv2,area,fixed,0.9,0.5,13,60,36,36,0.3,owlv2
AOI_2_Vegas_img3864,AOI_2_Vegas,AOI_2_Vegas:-11521:3620,test,owlv2,area,fixed,1.2,0.5,8,39,36,35,0.25,owlv2
AOI_2_Vegas_img3864,AOI_2_Vegas,AOI_2_Vegas:-11521:3620,test,owlv2,area,fixed,1.8,0.5,6,31,36,31,0.2,owlv2
AOI_2_Vegas_img3864,AOI_2_Vegas,AOI_2_Vegas:-11521:3620,test,owlv2,area,fixed,2.4,0.5,2,12,36,23,0.0,owlv2
AOI_2_Vegas_img3864,AOI_2_Vegas,AOI_2_Vegas:-11521:3620,test,owlv2,area,fixed,3.6,0.5,0,0,36,0,0.0,owlv2
AOI_2_Vegas_img3864,AOI_2_Vegas,AOI_2_Vegas:-11521:3620,test,owlv2,area,fixed,5.0,0.5,0,0,36,1,0.0,owlv2
AOI_2_Vegas_img3864,AOI_2_Vegas,AOI_2_Vegas:-11521:3620,test,owlv2,area,fixed,10.0,0.5,0,0,36,0,0.0,owlv2
AOI_2_Vegas_img3886,AOI_2_Vegas,AOI_2_Vegas:-11521:3624,test,owlv2,area,fixed,0.3,0.5,25,123,30,43,2.45,owlv2
AOI_2_Vegas_img3886,AOI_2_Vegas,AOI_2_Vegas:-11521:3624,test,owlv2,area,fixed,0.45,0.5,25,85,30,49,1.85,owlv2
AOI_2_Vegas_img3886,AOI_2_Vegas,AOI_2_Vegas:-11521:3624,test,owlv2,area,fixed,0.6,0.5,24,80,30,45,1.65,owlv2
AOI_2_Vegas_img3886,AOI_2_Vegas,AOI_2_Vegas:-11521:3624,test,owlv2,area,fixed,0.9,0.5,22,57,30,44,1.45,owlv2
AOI_2_Vegas_img3886,AOI_2_Vegas,AOI_2_Vegas:-11521:3624,test,owlv2,area,fixed,1.2,0.5,23,44,30,37,1.6,owlv2
AOI_2_Vegas_img3886,AOI_2_Vegas,AOI_2_Vegas:-11521:3624,test,owlv2,area,fixed,1.8,0.5,16,41,30,43,0.95,owlv2
AOI_2_Vegas_img3886,AOI_2_Vegas,AOI_2_Vegas:-11521:3624,test,owlv2,area,fixed,2.4,0.5,13,17,30,26,0.9,owlv2
AOI_2_Vegas_img3886,AOI_2_Vegas,AOI_2_Vegas:-11521:3624,test,owlv2,area,fixed,3.6,0.5,0,0,30,1,0.0,owlv2
AOI_2_Vegas_img3886,AOI_2_Vegas,AOI_2_Vegas:-11521:3624,test,owlv2,area,fixed,5.0,0.5,0,0,30,0,0.0,owlv2
AOI_2_Vegas_img3886,AOI_2_Vegas,AOI_2_Vegas:-11521:3624,test,owlv2,area,fixed,10.0,0.5,0,0,30,3,0.0,owlv2
AOI_2_Vegas_img3920,AOI_2_Vegas,AOI_2_Vegas:-11521:3616,test,owlv2,area,fixed,0.3,0.5,6,64,13,40,0.0,owlv2
AOI_2_Vegas_img3920,AOI_2_Vegas,AOI_2_Vegas:-11521:3616,test,owlv2,area,fixed,0.45,0.5,3,38,13,34,0.05,owlv2
AOI_2_Vegas_img3920,AOI_2_Vegas,AOI_2_Vegas:-11521:3616,test,owlv2,area,fixed,0.6,0.5,4,38,13,32,0.0,owlv2
AOI_2_Vegas_img3920,AOI_2_Vegas,AOI_2_Vegas:-11521:3616,test,owlv2,area,fixed,0.9,0.5,2,14,13,25,0.0,owlv2
AOI_2_Vegas_img3920,AOI_2_Vegas,AOI_2_Vegas:-11521:3616,test,owlv2,area,fixed,1.2,0.5,2,10,13,20,0.0,owlv2
AOI_2_Vegas_img3920,AOI_2_Vegas,AOI_2_Vegas:-11521:3616,test,owlv2,area,fixed,1.8,0.5,0,2,13,12,0.0,owlv2
AOI_2_Vegas_img3920,AOI_2_Vegas,AOI_2_Vegas:-11521:3616,test,owlv2,area,fixed,2.4,0.5,0,0,13,10,0.0,owlv2
AOI_2_Vegas_img3920,AOI_2_Vegas,AOI_2_Vegas:-11521:3616,test,owlv2,area,fixed,3.6,0.5,0,0,13,0,0.0,owlv2
AOI_2_Vegas_img3920,AOI_2_Vegas,AOI_2_Vegas:-11521:3616,test,owlv2,area,fixed,5.0,0.5,0,0,13,0,0.0,owlv2
AOI_2_Vegas_img3920,AOI_2_Vegas,AOI_2_Vegas:-11521:3616,test,owlv2,area,fixed,10.0,0.5,0,0,13,4,0.0,owlv2
AOI_2_Vegas_img3949,AOI_2_Vegas,AOI_2_Vegas:-11521:3621,test,owlv2,area,fixed,0.3,0.5,4,84,10,27,0.2,owlv2
AOI_2_Vegas_img3949,AOI_2_Vegas,AOI_2_Vegas:-11521:3621,test,owlv2,area,fixed,0.45,0.5,4,22,10,18,0.0,owlv2
AOI_2_Vegas_img3949,AOI_2_Vegas,AOI_2_Vegas:-11521:3621,test,owlv2,area,fixed,0.6,0.5,4,25,10,25,0.05,owlv2
AOI_2_Vegas_img3949,AOI_2_Vegas,AOI_2_Vegas:-11521:3621,test,owlv2,area,fixed,0.9,0.5,2,10,10,26,0.1,owlv2
AOI_2_Vegas_img3949,AOI_2_Vegas,AOI_2_Vegas:-11521:3621,test,owlv2,area,fixed,1.2,0.5,1,8,10,33,0.0,owlv2
AOI_2_Vegas_img3949,AOI_2_Vegas,AOI_2_Vegas:-11521:3621,test,owlv2,area,fixed,1.8,0.5,2,7,10,32,0.05,owlv2
AOI_2_Vegas_img3949,AOI_2_Vegas,AOI_2_Vegas:-11521:3621,test,owlv2,area,fixed,2.4,0.5,1,6,10,24,0.05,owlv2
AOI_2_Vegas_img3949,AOI_2_Vegas,AOI_2_Vegas:-11521:3621,test,owlv2,area,fixed,3.6,0.5,1,3,10,22,0.1,owlv2
AOI_2_Vegas_img3949,AOI_2_Vegas,AOI_2_Vegas:-11521:3621,test,owlv2,area,fixed,5.0,0.5,1,1,10,3,0.0,owlv2
AOI_2_Vegas_img3949,AOI_2_Vegas,AOI_2_Vegas:-11521:3621,test,owlv2,area,fixed,10.0,0.5,0,0,10,0,0.0,owlv2
AOI_2_Vegas_img3961,AOI_2_Vegas,AOI_2_Vegas:-11521:3623,test,owlv2,area,fixed,0.3,0.5,19,119,35,38,0.7,owlv2
AOI_2_Vegas_img3961,AOI_2_Vegas,AOI_2_Vegas:-11521:3623,test,owlv2,area,fixed,0.45,0.5,16,80,35,29,0.45,owlv2
AOI_2_Vegas_img3961,AOI_2_Vegas,AOI_2_Vegas:-11521:3623,test,owlv2,area,fixed,0.6,0.5,16,70,35,22,0.45,owlv2
AOI_2_Vegas_img3961,AOI_2_Vegas,AOI_2_Vegas:-11521:3623,test,owlv2,area,fixed,0.9,0.5,11,25,35,12,0.2,owlv2
AOI_2_Vegas_img3961,AOI_2_Vegas,AOI_2_Vegas:-11521:3623,test,owlv2,area,fixed,1.2,0.5,11,25,35,17,0.15,owlv2
AOI_2_Vegas_img3961,AOI_2_Vegas,AOI_2_Vegas:-11521:3623,test,owlv2,area,fixed,1.8,0.5,7,22,35,17,0.25,owlv2
AOI_2_Vegas_img3961,AOI_2_Vegas,AOI_2_Vegas:-11521:3623,test,owlv2,area,fixed,2.4,0.5,4,18,35,23,0.05,owlv2
AOI_2_Vegas_img3961,AOI_2_Vegas,AOI_2_Vegas:-11521:3623,test,owlv2,area,fixed,3.6,0.5,0,0,35,1,0.0,owlv2
AOI_2_Vegas_img3961,AOI_2_Vegas,AOI_2_Vegas:-11521:3623,test,owlv2,area,fixed,5.0,0.5,0,0,35,1,0.0,owlv2
AOI_2_Vegas_img3961,AOI_2_Vegas,AOI_2_Vegas:-11521:3623,test,owlv2,area,fixed,10.0,0.5,0,0,35,1,0.0,owlv2
AOI_2_Vegas_img3962,AOI_2_Vegas,AOI_2_Vegas:-11521:3623,test,owlv2,area,fixed,0.3,0.5,23,324,51,80,0.85,owlv2
AOI_2_Vegas_img3962,AOI_2_Vegas,AOI_2_Vegas:-11521:3623,test,owlv2,area,fixed,0.45,0.5,20,239,51,68,1.2,owlv2
AOI_2_Vegas_img3962,AOI_2_Vegas,AOI_2_Vegas:-11521:3623,test,owlv2,area,fixed,0.6,0.5,18,194,51,69,0.85,owlv2
AOI_2_Vegas_img3962,AOI_2_Vegas,AOI_2_Vegas:-11521:3623,test,owlv2,area,fixed,0.9,0.5,12,120,51,65,0.75,owlv2
AOI_2_Vegas_img3962,AOI_2_Vegas,AOI_2_Vegas:-11521:3623,test,owlv2,area,fixed,1.2,0.5,6,59,51,54,0.15,owlv2
AOI_2_Vegas_img3962,AOI_2_Vegas,AOI_2_Vegas:-11521:3623,test,owlv2,area,fixed,1.8,0.5,3,24,51,35,0.15,owlv2
AOI_2_Vegas_img3962,AOI_2_Vegas,AOI_2_Vegas:-11521:3623,test,owlv2,area,fixed,2.4,0.5,1,2,51,26,0.05,owlv2
AOI_2_Vegas_img3962,AOI_2_Vegas,AOI_2_Vegas:-11521:3623,test,owlv2,area,fixed,3.6,0.5,0,0,51,3,0.0,owlv2
AOI_2_Vegas_img3962,AOI_2_Vegas,AOI_2_Vegas:-11521:3623,test,owlv2,area,fixed,5.0,0.5,0,0,51,0,0.0,owlv2
AOI_2_Vegas_img3962,AOI_2_Vegas,AOI_2_Vegas:-11521:3623,test,owlv2,area,fixed,10.0,0.5,0,0,51,0,0.0,owlv2
AOI_2_Vegas_img3990,AOI_2_Vegas,AOI_2_Vegas:-11521:3614,test,owlv2,area,fixed,0.3,0.5,0,40,2,35,0.0,owlv2
AOI_2_Vegas_img3990,AOI_2_Vegas,AOI_2_Vegas:-11521:3614,test,owlv2,area,fixed,0.45,0.5,0,8,2,21,0.0,owlv2
AOI_2_Vegas_img3990,AOI_2_Vegas,AOI_2_Vegas:-11521:3614,test,owlv2,area,fixed,0.6,0.5,0,8,2,18,0.0,owlv2
AOI_2_Vegas_img3990,AOI_2_Vegas,AOI_2_Vegas:-11521:3614,test,owlv2,area,fixed,0.9,0.5,0,0,2,3,0.0,owlv2
AOI_2_Vegas_img3990,AOI_2_Vegas,AOI_2_Vegas:-11521:3614,test,owlv2,area,fixed,1.2,0.5,0,0,2,1,0.0,owlv2
AOI_2_Vegas_img3990,AOI_2_Vegas,AOI_2_Vegas:-11521:3614,test,owlv2,area,fixed,1.8,0.5,0,0,2,1,0.0,owlv2
AOI_2_Vegas_img3990,AOI_2_Vegas,AOI_2_Vegas:-11521:3614,test,owlv2,area,fixed,2.4,0.5,0,0,2,0,0.0,owlv2
AOI_2_Vegas_img3990,AOI_2_Vegas,AOI_2_Vegas:-11521:3614,test,owlv2,area,fixed,3.6,0.5,0,0,2,0,0.0,owlv2
AOI_2_Vegas_img3990,AOI_2_Vegas,AOI_2_Vegas:-11521:3614,test,owlv2,area,fixed,5.0,0.5,0,0,2,2,0.0,owlv2
AOI_2_Vegas_img3990,AOI_2_Vegas,AOI_2_Vegas:-11521:3614,test,owlv2,area,fixed,10.0,0.5,0,0,2,3,0.0,owlv2
AOI_2_Vegas_img400,AOI_2_Vegas,AOI_2_Vegas:-11530:3613,test,owlv2,area,fixed,0.3,0.5,49,329,58,65,6.25,owlv2
AOI_2_Vegas_img400,AOI_2_Vegas,AOI_2_Vegas:-11530:3613,test,owlv2,area,fixed,0.45,0.5,35,132,58,43,2.85,owlv2
AOI_2_Vegas_img400,AOI_2_Vegas,AOI_2_Vegas:-11530:3613,test,owlv2,area,fixed,0.6,0.5,29,100,58,36,2.75,owlv2
AOI_2_Vegas_img400,AOI_2_Vegas,AOI_2_Vegas:-11530:3613,test,owlv2,area,fixed,0.9,0.5,16,45,58,25,0.6,owlv2
AOI_2_Vegas_img400,AOI_2_Vegas,AOI_2_Vegas:-11530:3613,test,owlv2,area,fixed,1.2,0.5,6,20,58,15,0.25,owlv2
AOI_2_Vegas_img400,AOI_2_Vegas,AOI_2_Vegas:-11530:3613,test,owlv2,area,fixed,1.8,0.5,0,0,58,4,0.0,owlv2
AOI_2_Vegas_img400,AOI_2_Vegas,AOI_2_Vegas:-11530:3613,test,owlv2,area,fixed,2.4,0.5,1,3,58,10,0.0,owlv2
AOI_2_Vegas_img400,AOI_2_Vegas,AOI_2_Vegas:-11530:3613,test,owlv2,area,fixed,3.6,0.5,0,0,58,10,0.0,owlv2
AOI_2_Vegas_img400,AOI_2_Vegas,AOI_2_Vegas:-11530:3613,test,owlv2,area,fixed,5.0,0.5,0,0,58,2,0.0,owlv2
AOI_2_Vegas_img400,AOI_2_Vegas,AOI_2_Vegas:-11530:3613,test,owlv2,area,fixed,10.0,0.5,0,0,58,0,0.0,owlv2
AOI_2_Vegas_img4008,AOI_2_Vegas,AOI_2_Vegas:-11521:3617,test,owlv2,area,fixed,0.3,0.5,0,26,4,36,0.0,owlv2
AOI_2_Vegas_img4008,AOI_2_Vegas,AOI_2_Vegas:-11521:3617,test,owlv2,area,fixed,0.45,0.5,0,6,4,22,0.0,owlv2
AOI_2_Vegas_img4008,AOI_2_Vegas,AOI_2_Vegas:-11521:3617,test,owlv2,area,fixed,0.6,0.5,0,6,4,20,0.0,owlv2
AOI_2_Vegas_img4008,AOI_2_Vegas,AOI_2_Vegas:-11521:3617,test,owlv2,area,fixed,0.9,0.5,0,0,4,2,0.0,owlv2
AOI_2_Vegas_img4008,AOI_2_Vegas,AOI_2_Vegas:-11521:3617,test,owlv2,area,fixed,1.2,0.5,0,0,4,2,0.0,owlv2
AOI_2_Vegas_img4008,AOI_2_Vegas,AOI_2_Vegas:-11521:3617,test,owlv2,area,fixed,1.8,0.5,0,0,4,1,0.0,owlv2
AOI_2_Vegas_img4008,AOI_2_Vegas,AOI_2_Vegas:-11521:3617,test,owlv2,area,fixed,2.4,0.5,0,0,4,1,0.0,owlv2
AOI_2_Vegas_img4008,AOI_2_Vegas,AOI_2_Vegas:-11521:3617,test,owlv2,area,fixed,3.6,0.5,0,0,4,1,0.0,owlv2
AOI_2_Vegas_img4008,AOI_2_Vegas,AOI_2_Vegas:-11521:3617,test,owlv2,area,fixed,5.0,0.5,0,0,4,1,0.0,owlv2
AOI_2_Vegas_img4008,AOI_2_Vegas,AOI_2_Vegas:-11521:3617,test,owlv2,area,fixed,10.0,0.5,0,0,4,4,0.0,owlv2
AOI_2_Vegas_img4012,AOI_2_Vegas,AOI_2_Vegas:-11521:3618,test,owlv2,area,fixed,0.3,0.5,0,1,0,0,0.0,owlv2
AOI_2_Vegas_img4012,AOI_2_Vegas,AOI_2_Vegas:-11521:3618,test,owlv2,area,fixed,0.45,0.5,0,0,0,0,0.0,owlv2
AOI_2_Vegas_img4012,AOI_2_Vegas,AOI_2_Vegas:-11521:3618,test,owlv2,area,fixed,0.6,0.5,0,0,0,0,0.0,owlv2
AOI_2_Vegas_img4012,AOI_2_Vegas,AOI_2_Vegas:-11521:3618,test,owlv2,area,fixed,0.9,0.5,0,0,0,0,0.0,owlv2
AOI_2_Vegas_img4012,AOI_2_Vegas,AOI_2_Vegas:-11521:3618,test,owlv2,area,fixed,1.2,0.5,0,0,0,0,0.0,owlv2
AOI_2_Vegas_img4012,AOI_2_Vegas,AOI_2_Vegas:-11521:3618,test,owlv2,area,fixed,1.8,0.5,0,0,0,0,0.0,owlv2
AOI_2_Vegas_img4012,AOI_2_Vegas,AOI_2_Vegas:-11521:3618,test,owlv2,area,fixed,2.4,0.5,0,0,0,0,0.0,owlv2
AOI_2_Vegas_img4012,AOI_2_Vegas,AOI_2_Vegas:-11521:3618,test,owlv2,area,fixed,3.6,0.5,0,0,0,0,0.0,owlv2
AOI_2_Vegas_img4012,AOI_2_Vegas,AOI_2_Vegas:-11521:3618,test,owlv2,area,fixed,5.0,0.5,0,0,0,0,0.0,owlv2
AOI_2_Vegas_img4012,AOI_2_Vegas,AOI_2_Vegas:-11521:3618,test,owlv2,area,fixed,10.0,0.5,0,0,0,0,0.0,owlv2
AOI_2_Vegas_img4113,AOI_2_Vegas,AOI_2_Vegas:-11521:3622,test,owlv2,area,fixed,0.3,0.5,24,287,41,62,3.0,owlv2
AOI_2_Vegas_img4113,AOI_2_Vegas,AOI_2_Vegas:-11521:3622,test,owlv2,area,fixed,0.45,0.5,25,135,41,44,2.4,owlv2
AOI_2_Vegas_img4113,AOI_2_Vegas,AOI_2_Vegas:-11521:3622,test,owlv2,area,fixed,0.6,0.5,25,115,41,47,3.3,owlv2
AOI_2_Vegas_img4113,AOI_2_Vegas,AOI_2_Vegas:-11521:3622,test,owlv2,area,fixed,0.9,0.5,23,54,41,29,1.75,owlv2
AOI_2_Vegas_img4113,AOI_2_Vegas,AOI_2_Vegas:-11521:3622,test,owlv2,area,fixed,1.2,0.5,19,40,41,23,0.95,owlv2
AOI_2_Vegas_img4113,AOI_2_Vegas,AOI_2_Vegas:-11521:3622,test,owlv2,area,fixed,1.8,0.5,22,43,41,26,1.25,owlv2
AOI_2_Vegas_img4113,AOI_2_Vegas,AOI_2_Vegas:-11521:3622,test,owlv2,area,fixed,2.4,0.5,18,30,41,21,0.6,owlv2
AOI_2_Vegas_img4113,AOI_2_Vegas,AOI_2_Vegas:-11521:3622,test,owlv2,area,fixed,3.6,0.5,2,6,41,13,0.15,owlv2
AOI_2_Vegas_img4113,AOI_2_Vegas,AOI_2_Vegas:-11521:3622,test,owlv2,area,fixed,5.0,0.5,0,0,41,0,0.0,owlv2
AOI_2_Vegas_img4113,AOI_2_Vegas,AOI_2_Vegas:-11521:3622,test,owlv2,area,fixed,10.0,0.5,0,0,41,0,0.0,owlv2
AOI_2_Vegas_img4146,AOI_2_Vegas,AOI_2_Vegas:-11521:3614,test,owlv2,area,fixed,0.3,0.5,38,269,66,62,4.3,owlv2
AOI_2_Vegas_img4146,AOI_2_Vegas,AOI_2_Vegas:-11521:3614,test,owlv2,area,fixed,0.45,0.5,29,183,66,51,3.05,owlv2
AOI_2_Vegas_img4146,AOI_2_Vegas,AOI_2_Vegas:-11521:3614,test,owlv2,area,fixed,0.6,0.5,29,179,66,49,3.55,owlv2
AOI_2_Vegas_img4146,AOI_2_Vegas,AOI_2_Vegas:-11521:3614,test,owlv2,area,fixed,0.9,0.5,21,130,66,43,2.45,owlv2
AOI_2_Vegas_img4146,AOI_2_Vegas,AOI_2_Vegas:-11521:3614,test,owlv2,area,fixed,1.2,0.5,18,96,66,33,2.05,owlv2
AOI_2_Vegas_img4146,AOI_2_Vegas,AOI_2_Vegas:-11521:3614,test,owlv2,area,fixed,1.8,0.5,13,59,66,33,1.45,owlv2
AOI_2_Vegas_img4146,AOI_2_Vegas,AOI_2_Vegas:-11521:3614,test,owlv2,area,fixed,2.4,0.5,8,41,66,28,1.2,owlv2
AOI_2_Vegas_img4146,AOI_2_Vegas,AOI_2_Vegas:-11521:3614,test,owlv2,area,fixed,3.6,0.5,0,1,66,6,0.0,owlv2
AOI_2_Vegas_img4146,AOI_2_Vegas,AOI_2_Vegas:-11521:3614,test,owlv2,area,fixed,5.0,0.5,0,0,66,0,0.0,owlv2
AOI_2_Vegas_img4146,AOI_2_Vegas,AOI_2_Vegas:-11521:3614,test,owlv2,area,fixed,10.0,0.5,0,0,66,0,0.0,owlv2
AOI_2_Vegas_img4155,AOI_2_Vegas,AOI_2_Vegas:-11521:3615,test,owlv2,area,fixed,0.3,0.5,0,1,1,4,0.0,owlv2
AOI_2_Vegas_img4155,AOI_2_Vegas,AOI_2_Vegas:-11521:3615,test,owlv2,area,fixed,0.45,0.5,0,1,1,0,0.0,owlv2
AOI_2_Vegas_img4155,AOI_2_Vegas,AOI_2_Vegas:-11521:3615,test,owlv2,area,fixed,0.6,0.5,0,1,1,0,0.0,owlv2
AOI_2_Vegas_img4155,AOI_2_Vegas,AOI_2_Vegas:-11521:3615,test,owlv2,area,fixed,0.9,0.5,0,0,1,0,0.0,owlv2
AOI_2_Vegas_img4155,AOI_2_Vegas,AOI_2_Vegas:-11521:3615,test,owlv2,area,fixed,1.2,0.5,0,0,1,0,0.0,owlv2
AOI_2_Vegas_img4155,AOI_2_Vegas,AOI_2_Vegas:-11521:3615,test,owlv2,area,fixed,1.8,0.5,0,0,1,0,0.0,owlv2
AOI_2_Vegas_img4155,AOI_2_Vegas,AOI_2_Vegas:-11521:3615,test,owlv2,area,fixed,2.4,0.5,0,0,1,0,0.0,owlv2
AOI_2_Vegas_img4155,AOI_2_Vegas,AOI_2_Vegas:-11521:3615,test,owlv2,area,fixed,3.6,0.5,0,0,1,0,0.0,owlv2
AOI_2_Vegas_img4155,AOI_2_Vegas,AOI_2_Vegas:-11521:3615,test,owlv2,area,fixed,5.0,0.5,0,0,1,0,0.0,owlv2
AOI_2_Vegas_img4155,AOI_2_Vegas,AOI_2_Vegas:-11521:3615,test,owlv2,area,fixed,10.0,0.5,0,0,1,0,0.0,owlv2
AOI_2_Vegas_img416,AOI_2_Vegas,AOI_2_Vegas:-11530:3616,test,owlv2,area,fixed,0.3,0.5,6,329,18,53,1.25,owlv2
AOI_2_Vegas_img416,AOI_2_Vegas,AOI_2_Vegas:-11530:3616,test,owlv2,area,fixed,0.45,0.5,4,170,18,32,0.7,owlv2
AOI_2_Vegas_img416,AOI_2_Vegas,AOI_2_Vegas:-11530:3616,test,owlv2,area,fixed,0.6,0.5,5,197,18,40,0.8,owlv2
AOI_2_Vegas_img416,AOI_2_Vegas,AOI_2_Vegas:-11530:3616,test,owlv2,area,fixed,0.9,0.5,4,92,18,32,0.6,owlv2
AOI_2_Vegas_img416,AOI_2_Vegas,AOI_2_Vegas:-11530:3616,test,owlv2,area,fixed,1.2,0.5,2,73,18,34,0.55,owlv2
AOI_2_Vegas_img416,AOI_2_Vegas,AOI_2_Vegas:-11530:3616,test,owlv2,area,fixed,1.8,0.5,1,61,18,34,0.65,owlv2
AOI_2_Vegas_img416,AOI_2_Vegas,AOI_2_Vegas:-11530:3616,test,owlv2,area,fixed,2.4,0.5,2,36,18,12,0.25,owlv2
AOI_2_Vegas_img416,AOI_2_Vegas,AOI_2_Vegas:-11530:3616,test,owlv2,area,fixed,3.6,0.5,1,8,18,14,0.0,owlv2
AOI_2_Vegas_img416,AOI_2_Vegas,AOI_2_Vegas:-11530:3616,test,owlv2,area,fixed,5.0,0.5,0,0,18,5,0.0,owlv2
AOI_2_Vegas_img416,AOI_2_Vegas,AOI_2_Vegas:-11530:3616,test,owlv2,area,fixed,10.0,0.5,0,0,18,0,0.0,owlv2
AOI_2_Vegas_img4169,AOI_2_Vegas,AOI_2_Vegas:-11521:3618,test,owlv2,area,fixed,0.3,0.5,0,5,0,0,0.0,owlv2
AOI_2_Vegas_img4169,AOI_2_Vegas,AOI_2_Vegas:-11521:3618,test,owlv2,area,fixed,0.45,0.5,0,2,0,0,0.0,owlv2
AOI_2_Vegas_img4169,AOI_2_Vegas,AOI_2_Vegas:-11521:3618,test,owlv2,area,fixed,0.6,0.5,0,4,0,0,0.0,owlv2
AOI_2_Vegas_img4169,AOI_2_Vegas,AOI_2_Vegas:-11521:3618,test,owlv2,area,fixed,0.9,0.5,0,0,0,0,0.0,owlv2
AOI_2_Vegas_img4169,AOI_2_Vegas,AOI_2_Vegas:-11521:3618,test,owlv2,area,fixed,1.2,0.5,0,1,0,0,0.0,owlv2
AOI_2_Vegas_img4169,AOI_2_Vegas,AOI_2_Vegas:-11521:3618,test,owlv2,area,fixed,1.8,0.5,0,0,0,0,0.0,owlv2
AOI_2_Vegas_img4169,AOI_2_Vegas,AOI_2_Vegas:-11521:3618,test,owlv2,area,fixed,2.4,0.5,0,0,0,0,0.0,owlv2
AOI_2_Vegas_img4169,AOI_2_Vegas,AOI_2_Vegas:-11521:3618,test,owlv2,area,fixed,3.6,0.5,0,0,0,0,0.0,owlv2
AOI_2_Vegas_img4169,AOI_2_Vegas,AOI_2_Vegas:-11521:3618,test,owlv2,area,fixed,5.0,0.5,0,0,0,0,0.0,owlv2
AOI_2_Vegas_img4169,AOI_2_Vegas,AOI_2_Vegas:-11521:3618,test,owlv2,area,fixed,10.0,0.5,0,0,0,0,0.0,owlv2
AOI_2_Vegas_img4176,AOI_2_Vegas,AOI_2_Vegas:-11521:3619,test,owlv2,area,fixed,0.3,0.5,42,353,63,91,5.25,owlv2
AOI_2_Vegas_img4176,AOI_2_Vegas,AOI_2_Vegas:-11521:3619,test,owlv2,area,fixed,0.45,0.5,36,217,63,61,4.55,owlv2
AOI_2_Vegas_img4176,AOI_2_Vegas,AOI_2_Vegas:-11521:3619,test,owlv2,area,fixed,0.6,0.5,36,160,63,59,4.1,owlv2
AOI_2_Vegas_img4176,AOI_2_Vegas,AOI_2_Vegas:-11521:3619,test,owlv2,area,fixed,0.9,0.5,27,87,63,45,3.2,owlv2
AOI_2_Vegas_img4176,AOI_2_Vegas,AOI_2_Vegas:-11521:3619,test,owlv2,area,fixed,1.2,0.5,15,56,63,38,1.7,owlv2
AOI_2_Vegas_img4176,AOI_2_Vegas,AOI_2_Vegas:-11521:3619,test,owlv2,area,fixed,1.8,0.5,11,33,63,17,1.1,owlv2
AOI_2_Vegas_img4176,AOI_2_Vegas,AOI_2_Vegas:-11521:3619,test,owlv2,area,fixed,2.4,0.5,7,21,63,19,0.8,owlv2
AOI_2_Vegas_img4176,AOI_2_Vegas,AOI_2_Vegas:-11521:3619,test,owlv2,area,fixed,3.6,0.5,1,3,63,7,0.15,owlv2
AOI_2_Vegas_img4176,AOI_2_Vegas,AOI_2_Vegas:-11521:3619,test,owlv2,area,fixed,5.0,0.5,0,0,63,0,0.0,owlv2
AOI_2_Vegas_img4176,AOI_2_Vegas,AOI_2_Vegas:-11521:3619,test,owlv2,area,fixed,10.0,0.5,0,0,63,0,0.0,owlv2
AOI_2_Vegas_img4187,AOI_2_Vegas,AOI_2_Vegas:-11521:3621,test,owlv2,area,fixed,0.3,0.5,0,1,0,0,0.0,owlv2
AOI_2_Vegas_img4187,AOI_2_Vegas,AOI_2_Vegas:-11521:3621,test,owlv2,area,fixed,0.45,0.5,0,0,0,0,0.0,owlv2
AOI_2_Vegas_img4187,AOI_2_Vegas,AOI_2_Vegas:-11521:3621,test,owlv2,area,fixed,0.6,0.5,0,0,0,0,0.0,owlv2
AOI_2_Vegas_img4187,AOI_2_Vegas,AOI_2_Vegas:-11521:3621,test,owlv2,area,fixed,0.9,0.5,0,0,0,0,0.0,owlv2
AOI_2_Vegas_img4187,AOI_2_Vegas,AOI_2_Vegas:-11521:3621,test,owlv2,area,fixed,1.2,0.5,0,0,0,0,0.0,owlv2
AOI_2_Vegas_img4187,AOI_2_Vegas,AOI_2_Vegas:-11521:3621,test,owlv2,area,fixed,1.8,0.5,0,0,0,0,0.0,owlv2
AOI_2_Vegas_img4187,AOI_2_Vegas,AOI_2_Vegas:-11521:3621,test,owlv2,area,fixed,2.4,0.5,0,0,0,0,0.0,owlv2
AOI_2_Vegas_img4187,AOI_2_Vegas,AOI_2_Vegas:-11521:3621,test,owlv2,area,fixed,3.6,0.5,0,0,0,0,0.0,owlv2
AOI_2_Vegas_img4187,AOI_2_Vegas,AOI_2_Vegas:-11521:3621,test,owlv2,area,fixed,5.0,0.5,0,0,0,0,0.0,owlv2
AOI_2_Vegas_img4187,AOI_2_Vegas,AOI_2_Vegas:-11521:3621,test,owlv2,area,fixed,10.0,0.5,0,0,0,0,0.0,owlv2
AOI_2_Vegas_img4206,AOI_2_Vegas,AOI_2_Vegas:-11521:3624,test,owlv2,area,fixed,0.3,0.5,24,269,47,50,2.9,owlv2
AOI_2_Vegas_img4206,AOI_2_Vegas,AOI_2_Vegas:-11521:3624,test,owlv2,area,fixed,0.45,0.5,21,183,47,46,2.3,owlv2
AOI_2_Vegas_img4206,AOI_2_Vegas,AOI_2_Vegas:-11521:3624,test,owlv2,area,fixed,0.6,0.5,21,176,47,50,2.2,owlv2
AOI_2_Vegas_img4206,AOI_2_Vegas,AOI_2_Vegas:-11521:3624,test,owlv2,area,fixed,0.9,0.5,20,129,47,48,2.05,owlv2
AOI_2_Vegas_img4206,AOI_2_Vegas,AOI_2_Vegas:-11521:3624,test,owlv2,area,fixed,1.2,0.5,13,91,47,52,1.95,owlv2
AOI_2_Vegas_img4206,AOI_2_Vegas,AOI_2_Vegas:-11521:3624,test,owlv2,area,fixed,1.8,0.5,12,62,47,48,1.75,owlv2
AOI_2_Vegas_img4206,AOI_2_Vegas,AOI_2_Vegas:-11521:3624,test,owlv2,area,fixed,2.4,0.5,12,22,47,29,0.4,owlv2
AOI_2_Vegas_img4206,AOI_2_Vegas,AOI_2_Vegas:-11521:3624,test,owlv2,area,fixed,3.6,0.5,9,16,47,39,0.25,owlv2
AOI_2_Vegas_img4206,AOI_2_Vegas,AOI_2_Vegas:-11521:3624,test,owlv2,area,fixed,5.0,0.5,0,0,47,7,0.0,owlv2
AOI_2_Vegas_img4206,AOI_2_Vegas,AOI_2_Vegas:-11521:3624,test,owlv2,area,fixed,10.0,0.5,0,0,47,1,0.0,owlv2
AOI_2_Vegas_img4218,AOI_2_Vegas,AOI_2_Vegas:-11520:3612,test,owlv2,area,fixed,0.3,0.5,10,92,26,30,0.35,owlv2
AOI_2_Vegas_img4218,AOI_2_Vegas,AOI_2_Vegas:-11520:3612,test,owlv2,area,fixed,0.45,0.5,8,50,26,27,0.15,owlv2
AOI_2_Vegas_img4218,AOI_2_Vegas,AOI_2_Vegas:-11520:3612,test,owlv2,area,fixed,0.6,0.5,4,36,26,26,0.15,owlv2
AOI_2_Vegas_img4218,AOI_2_Vegas,AOI_2_Vegas:-11520:3612,test,owlv2,area,fixed,0.9,0.5,2,6,26,15,0.1,owlv2
AOI_2_Vegas_img4218,AOI_2_Vegas,AOI_2_Vegas:-11520:3612,test,owlv2,area,fixed,1.2,0.5,0,5,26,14,0.0,owlv2
AOI_2_Vegas_img4218,AOI_2_Vegas,AOI_2_Vegas:-11520:3612,test,owlv2,area,fixed,1.8,0.5,0,2,26,12,0.0,owlv2
AOI_2_Vegas_img4218,AOI_2_Vegas,AOI_2_Vegas:-11520:3612,test,owlv2,area,fixed,2.4,0.5,0,5,26,13,0.0,owlv2
AOI_2_Vegas_img4218,AOI_2_Vegas,AOI_2_Vegas:-11520:3612,test,owlv2,area,fixed,3.6,0.5,0,0,26,2,0.0,owlv2
AOI_2_Vegas_img4218,AOI_2_Vegas,AOI_2_Vegas:-11520:3612,test,owlv2,area,fixed,5.0,0.5,0,0,26,2,0.0,owlv2
AOI_2_Vegas_img4218,AOI_2_Vegas,AOI_2_Vegas:-11520:3612,test,owlv2,area,fixed,10.0,0.5,0,0,26,6,0.0,owlv2
AOI_2_Vegas_img4238,AOI_2_Vegas,AOI_2_Vegas:-11520:3616,test,owlv2,area,fixed,0.3,0.5,43,330,77,59,4.35,owlv2
AOI_2_Vegas_img4238,AOI_2_Vegas,AOI_2_Vegas:-11520:3616,test,owlv2,area,fixed,0.45,0.5,33,154,77,45,2.5,owlv2
AOI_2_Vegas_img4238,AOI_2_Vegas,AOI_2_Vegas:-11520:3616,test,owlv2,area,fixed,0.6,0.5,26,106,77,45,1.55,owlv2
AOI_2_Vegas_img4238,AOI_2_Vegas,AOI_2_Vegas:-11520:3616,test,owlv2,area,fixed,0.9,0.5,19,49,77,32,0.6,owlv2
AOI_2_Vegas_img4238,AOI_2_Vegas,AOI_2_Vegas:-11520:3616,test,owlv2,area,fixed,1.2,0.5,14,44,77,33,0.6,owlv2
AOI_2_Vegas_img4238,AOI_2_Vegas,AOI_2_Vegas:-11520:3616,test,owlv2,area,fixed,1.8,0.5,17,52,77,26,0.9,owlv2
AOI_2_Vegas_img4238,AOI_2_Vegas,AOI_2_Vegas:-11520:3616,test,owlv2,area,fixed,2.4,0.5,8,26,77,24,0.35,owlv2
AOI_2_Vegas_img4238,AOI_2_Vegas,AOI_2_Vegas:-11520:3616,test,owlv2,area,fixed,3.6,0.5,0,0,77,0,0.0,owlv2
AOI_2_Vegas_img4238,AOI_2_Vegas,AOI_2_Vegas:-11520:3616,test,owlv2,area,fixed,5.0,0.5,0,0,77,0,0.0,owlv2
AOI_2_Vegas_img4238,AOI_2_Vegas,AOI_2_Vegas:-11520:3616,test,owlv2,area,fixed,10.0,0.5,0,0,77,0,0.0,owlv2
AOI_2_Vegas_img4249,AOI_2_Vegas,AOI_2_Vegas:-11520:3618,test,owlv2,area,fixed,0.3,0.5,0,47,1,24,0.0,owlv2
AOI_2_Vegas_img4249,AOI_2_Vegas,AOI_2_Vegas:-11520:3618,test,owlv2,area,fixed,0.45,0.5,0,30,1,15,0.0,owlv2
AOI_2_Vegas_img4249,AOI_2_Vegas,AOI_2_Vegas:-11520:3618,test,owlv2,area,fixed,0.6,0.5,0,37,1,20,0.0,owlv2
AOI_2_Vegas_img4249,AOI_2_Vegas,AOI_2_Vegas:-11520:3618,test,owlv2,area,fixed,0.9,0.5,0,27,1,15,0.0,owlv2
AOI_2_Vegas_img4249,AOI_2_Vegas,AOI_2_Vegas:-11520:3618,test,owlv2,area,fixed,1.2,0.5,0,12,1,14,0.0,owlv2
AOI_2_Vegas_img4249,AOI_2_Vegas,AOI_2_Vegas:-11520:3618,test,owlv2,area,fixed,1.8,0.5,0,13,1,11,0.0,owlv2
AOI_2_Vegas_img4249,AOI_2_Vegas,AOI_2_Vegas:-11520:3618,test,owlv2,area,fixed,2.4,0.5,0,4,1,11,0.0,owlv2
AOI_2_Vegas_img4249,AOI_2_Vegas,AOI_2_Vegas:-11520:3618,test,owlv2,area,fixed,3.6,0.5,0,0,1,8,0.0,owlv2
AOI_2_Vegas_img4249,AOI_2_Vegas,AOI_2_Vegas:-11520:3618,test,owlv2,area,fixed,5.0,0.5,0,0,1,3,0.0,owlv2
AOI_2_Vegas_img4249,AOI_2_Vegas,AOI_2_Vegas:-11520:3618,test,owlv2,area,fixed,10.0,0.5,0,0,1,0,0.0,owlv2
AOI_2_Vegas_img4264,AOI_2_Vegas,AOI_2_Vegas:-11520:3620,test,owlv2,area,fixed,0.3,0.5,0,20,7,9,0.0,owlv2
AOI_2_Vegas_img4264,AOI_2_Vegas,AOI_2_Vegas:-11520:3620,test,owlv2,area,fixed,0.45,0.5,0,9,7,3,0.0,owlv2
AOI_2_Vegas_img4264,AOI_2_Vegas,AOI_2_Vegas:-11520:3620,test,owlv2,area,fixed,0.6,0.5,0,8,7,3,0.0,owlv2
AOI_2_Vegas_img4264,AOI_2_Vegas,AOI_2_Vegas:-11520:3620,test,owlv2,area,fixed,0.9,0.5,0,12,7,6,0.0,owlv2
AOI_2_Vegas_img4264,AOI_2_Vegas,AOI_2_Vegas:-11520:3620,test,owlv2,area,fixed,1.2,0.5,0,6,7,4,0.0,owlv2
AOI_2_Vegas_img4264,AOI_2_Vegas,AOI_2_Vegas:-11520:3620,test,owlv2,area,fixed,1.8,0.5,0,3,7,5,0.0,owlv2
AOI_2_Vegas_img4264,AOI_2_Vegas,AOI_2_Vegas:-11520:3620,test,owlv2,area,fixed,2.4,0.5,1,8,7,8,0.0,owlv2
AOI_2_Vegas_img4264,AOI_2_Vegas,AOI_2_Vegas:-11520:3620,test,owlv2,area,fixed,3.6,0.5,0,6,7,10,0.0,owlv2
AOI_2_Vegas_img4264,AOI_2_Vegas,AOI_2_Vegas:-11520:3620,test,owlv2,area,fixed,5.0,0.5,0,0,7,0,0.0,owlv2
AOI_2_Vegas_img4264,AOI_2_Vegas,AOI_2_Vegas:-11520:3620,test,owlv2,area,fixed,10.0,0.5,0,0,7,1,0.0,owlv2
AOI_2_Vegas_img4266,AOI_2_Vegas,AOI_2_Vegas:-11520:3621,test,owlv2,area,fixed,0.3,0.5,0,1,0,0,0.0,owlv2
AOI_2_Vegas_img4266,AOI_2_Vegas,AOI_2_Vegas:-11520:3621,test,owlv2,area,fixed,0.45,0.5,0,0,0,0,0.0,owlv2
AOI_2_Vegas_img4266,AOI_2_Vegas,AOI_2_Vegas:-11520:3621,test,owlv2,area,fixed,0.6,0.5,0,0,0,0,0.0,owlv2
AOI_2_Vegas_img4266,AOI_2_Vegas,AOI_2_Vegas:-11520:3621,test,owlv2,area,fixed,0.9,0.5,0,0,0,0,0.0,owlv2
AOI_2_Vegas_img4266,AOI_2_Vegas,AOI_2_Vegas:-11520:3621,test,owlv2,area,fixed,1.2,0.5,0,0,0,0,0.0,owlv2
AOI_2_Vegas_img4266,AOI_2_Vegas,AOI_2_Vegas:-11520:3621,test,owlv2,area,fixed,1.8,0.5,0,0,0,0,0.0,owlv2
AOI_2_Vegas_img4266,AOI_2_Vegas,AOI_2_Vegas:-11520:3621,test,owlv2,area,fixed,2.4,0.5,0,0,0,0,0.0,owlv2
AOI_2_Vegas_img4266,AOI_2_Vegas,AOI_2_Vegas:-11520:3621,test,owlv2,area,fixed,3.6,0.5,0,0,0,0,0.0,owlv2
AOI_2_Vegas_img4266,AOI_2_Vegas,AOI_2_Vegas:-11520:3621,test,owlv2,area,fixed,5.0,0.5,0,0,0,1,0.0,owlv2
AOI_2_Vegas_img4266,AOI_2_Vegas,AOI_2_Vegas:-11520:3621,test,owlv2,area,fixed,10.0,0.5,0,0,0,0,0.0,owlv2
AOI_2_Vegas_img4279,AOI_2_Vegas,AOI_2_Vegas:-11520:3623,test,owlv2,area,fixed,0.3,0.5,35,333,58,63,4.65,owlv2
AOI_2_Vegas_img4279,AOI_2_Vegas,AOI_2_Vegas:-11520:3623,test,owlv2,area,fixed,0.45,0.5,30,194,58,51,2.7,owlv2
AOI_2_Vegas_img4279,AOI_2_Vegas,AOI_2_Vegas:-11520:3623,test,owlv2,area,fixed,0.6,0.5,30,161,58,41,3.6,owlv2
AOI_2_Vegas_img4279,AOI_2_Vegas,AOI_2_Vegas:-11520:3623,test,owlv2,area,fixed,0.9,0.5,20,72,58,27,2.05,owlv2
AOI_2_Vegas_img4279,AOI_2_Vegas,AOI_2_Vegas:-11520:3623,test,owlv2,area,fixed,1.2,0.5,12,68,58,33,1.2,owlv2
AOI_2_Vegas_img4279,AOI_2_Vegas,AOI_2_Vegas:-11520:3623,test,owlv2,area,fixed,1.8,0.5,9,41,58,33,0.7,owlv2
AOI_2_Vegas_img4279,AOI_2_Vegas,AOI_2_Vegas:-11520:3623,test,owlv2,area,fixed,2.4,0.5,8,35,58,19,0.75,owlv2
AOI_2_Vegas_img4279,AOI_2_Vegas,AOI_2_Vegas:-11520:3623,test,owlv2,area,fixed,3.6,0.5,1,6,58,14,0.05,owlv2
AOI_2_Vegas_img4279,AOI_2_Vegas,AOI_2_Vegas:-11520:3623,test,owlv2,area,fixed,5.0,0.5,0,0,58,0,0.0,owlv2
AOI_2_Vegas_img4279,AOI_2_Vegas,AOI_2_Vegas:-11520:3623,test,owlv2,area,fixed,10.0,0.5,0,0,58,0,0.0,owlv2
AOI_2_Vegas_img4287,AOI_2_Vegas,AOI_2_Vegas:-11520:3625,test,owlv2,area,fixed,0.3,0.5,32,318,56,53,4.7,owlv2
AOI_2_Vegas_img4287,AOI_2_Vegas,AOI_2_Vegas:-11520:3625,test,owlv2,area,fixed,0.45,0.5,29,211,56,50,4.55,owlv2
AOI_2_Vegas_img4287,AOI_2_Vegas,AOI_2_Vegas:-11520:3625,test,owlv2,area,fixed,0.6,0.5,28,167,56,44,4.1,owlv2
AOI_2_Vegas_img4287,AOI_2_Vegas,AOI_2_Vegas:-11520:3625,test,owlv2,area,fixed,0.9,0.5,12,73,56,14,1.95,owlv2
AOI_2_Vegas_img4287,AOI_2_Vegas,AOI_2_Vegas:-11520:3625,test,owlv2,area,fixed,1.2,0.5,11,45,56,16,1.3,owlv2
AOI_2_Vegas_img4287,AOI_2_Vegas,AOI_2_Vegas:-11520:3625,test,owlv2,area,fixed,1.8,0.5,9,32,56,20,0.8,owlv2
AOI_2_Vegas_img4287,AOI_2_Vegas,AOI_2_Vegas:-11520:3625,test,owlv2,area,fixed,2.4,0.5,3,11,56,5,0.35,owlv2
AOI_2_Vegas_img4287,AOI_2_Vegas,AOI_2_Vegas:-11520:3625,test,owlv2,area,fixed,3.6,0.5,0,0,56,5,0.0,owlv2
AOI_2_Vegas_img4287,AOI_2_Vegas,AOI_2_Vegas:-11520:3625,test,owlv2,area,fixed,5.0,0.5,0,0,56,1,0.0,owlv2
AOI_2_Vegas_img4287,AOI_2_Vegas,AOI_2_Vegas:-11520:3625,test,owlv2,area,fixed,10.0,0.5,0,0,56,0,0.0,owlv2
AOI_2_Vegas_img4316,AOI_2_Vegas,AOI_2_Vegas:-11520:3616,test,owlv2,area,fixed,0.3,0.5,34,334,57,57,3.25,owlv2
AOI_2_Vegas_img4316,AOI_2_Vegas,AOI_2_Vegas:-11520:3616,test,owlv2,area,fixed,0.45,0.5,29,201,57,53,2.45,owlv2
AOI_2_Vegas_img4316,AOI_2_Vegas,AOI_2_Vegas:-11520:3616,test,owlv2,area,fixed,0.6,0.5,27,123,57,45,2.2,owlv2
AOI_2_Vegas_img4316,AOI_2_Vegas,AOI_2_Vegas:-11520:3616,test,owlv2,area,fixed,0.9,0.5,15,58,57,33,1.45,owlv2
AOI_2_Vegas_img4316,AOI_2_Vegas,AOI_2_Vegas:-11520:3616,test,owlv2,area,fixed,1.2,0.5,16,78,57,37,1.65,owlv2
AOI_2_Vegas_img4316,AOI_2_Vegas,AOI_2_Vegas:-11520:3616,test,owlv2,area,fixed,1.8,0.5,12,42,57,16,0.9,owlv2
AOI_2_Vegas_img4316,AOI_2_Vegas,AOI_2_Vegas:-11520:3616,test,owlv2,area,fixed,2.4,0.5,8,19,57,11,0.3,owlv2
AOI_2_Vegas_img4316,AOI_2_Vegas,AOI_2_Vegas:-11520:3616,test,owlv2,area,fixed,3.6,0.5,0,0,57,0,0.0,owlv2
AOI_2_Vegas_img4316,AOI_2_Vegas,AOI_2_Vegas:-11520:3616,test,owlv2,area,fixed,5.0,0.5,0,0,57,0,0.0,owlv2
AOI_2_Vegas_img4316,AOI_2_Vegas,AOI_2_Vegas:-11520:3616,test,owlv2,area,fixed,10.0,0.5,0,0,57,0,0.0,owlv2
AOI_2_Vegas_img4325,AOI_2_Vegas,AOI_2_Vegas:-11520:3617,test,owlv2,area,fixed,0.3,0.5,27,243,57,42,4.5,owlv2
AOI_2_Vegas_img4325,AOI_2_Vegas,AOI_2_Vegas:-11520:3617,test,owlv2,area,fixed,0.45,0.5,20,139,57,44,2.55,owlv2
AOI_2_Vegas_img4325,AOI_2_Vegas,AOI_2_Vegas:-11520:3617,test,owlv2,area,fixed,0.6,0.5,15,114,57,40,2.45,owlv2
AOI_2_Vegas_img4325,AOI_2_Vegas,AOI_2_Vegas:-11520:3617,test,owlv2,area,fixed,0.9,0.5,13,71,57,30,1.35,owlv2
AOI_2_Vegas_img4325,AOI_2_Vegas,AOI_2_Vegas:-11520:3617,test,owlv2,area,fixed,1.2,0.5,9,55,57,35,1.2,owlv2
AOI_2_Vegas_img4325,AOI_2_Vegas,AOI_2_Vegas:-11520:3617,test,owlv2,area,fixed,1.8,0.5,11,53,57,35,1.05,owlv2
AOI_2_Vegas_img4325,AOI_2_Vegas,AOI_2_Vegas:-11520:3617,test,owlv2,area,fixed,2.4,0.5,4,21,57,31,0.4,owlv2
AOI_2_Vegas_img4325,AOI_2_Vegas,AOI_2_Vegas:-11520:3617,test,owlv2,area,fixed,3.6,0.5,0,0,57,3,0.0,owlv2
AOI_2_Vegas_img4325,AOI_2_Vegas,AOI_2_Vegas:-11520:3617,test,owlv2,area,fixed,5.0,0.5,0,0,57,0,0.0,owlv2
AOI_2_Vegas_img4325,AOI_2_Vegas,AOI_2_Vegas:-11520:3617,test,owlv2,area,fixed,10.0,0.5,0,0,57,0,0.0,owlv2
AOI_2_Vegas_img4329,AOI_2_Vegas,AOI_2_Vegas:-11520:3618,test,owlv2,area,fixed,0.3,0.5,0,6,0,0,0.0,owlv2
AOI_2_Vegas_img4329,AOI_2_Vegas,AOI_2_Vegas:-11520:3618,test,owlv2,area,fixed,0.45,0.5,0,3,0,0,0.0,owlv2
AOI_2_Vegas_img4329,AOI_2_Vegas,AOI_2_Vegas:-11520:3618,test,owlv2,area,fixed,0.6,0.5,0,2,0,0,0.0,owlv2
AOI_2_Vegas_img4329,AOI_2_Vegas,AOI_2_Vegas:-11520:3618,test,owlv2,area,fixed,0.9,0.5,0,0,0,0,0.0,owlv2
AOI_2_Vegas_img4329,AOI_2_Vegas,AOI_2_Vegas:-11520:3618,test,owlv2,area,fixed,1.2,0.5,0,0,0,0,0.0,owlv2
AOI_2_Vegas_img4329,AOI_2_Vegas,AOI_2_Vegas:-11520:3618,test,owlv2,area,fixed,1.8,0.5,0,0,0,0,0.0,owlv2
AOI_2_Vegas_img4329,AOI_2_Vegas,AOI_2_Vegas:-11520:3618,test,owlv2,area,fixed,2.4,0.5,0,0,0,0,0.0,owlv2
AOI_2_Vegas_img4329,AOI_2_Vegas,AOI_2_Vegas:-11520:3618,test,owlv2,area,fixed,3.6,0.5,0,0,0,0,0.0,owlv2
AOI_2_Vegas_img4329,AOI_2_Vegas,AOI_2_Vegas:-11520:3618,test,owlv2,area,fixed,5.0,0.5,0,0,0,0,0.0,owlv2
AOI_2_Vegas_img4329,AOI_2_Vegas,AOI_2_Vegas:-11520:3618,test,owlv2,area,fixed,10.0,0.5,0,0,0,0,0.0,owlv2
AOI_2_Vegas_img4331,AOI_2_Vegas,AOI_2_Vegas:-11520:3618,test,owlv2,area,fixed,0.3,0.5,12,89,23,48,0.4,owlv2
AOI_2_Vegas_img4331,AOI_2_Vegas,AOI_2_Vegas:-11520:3618,test,owlv2,area,fixed,0.45,0.5,9,63,23,45,0.25,owlv2
AOI_2_Vegas_img4331,AOI_2_Vegas,AOI_2_Vegas:-11520:3618,test,owlv2,area,fixed,0.6,0.5,9,53,23,38,0.55,owlv2
AOI_2_Vegas_img4331,AOI_2_Vegas,AOI_2_Vegas:-11520:3618,test,owlv2,area,fixed,0.9,0.5,7,32,23,39,0.35,owlv2
AOI_2_Vegas_img4331,AOI_2_Vegas,AOI_2_Vegas:-11520:3618,test,owlv2,area,fixed,1.2,0.5,7,46,23,41,0.4,owlv2
AOI_2_Vegas_img4331,AOI_2_Vegas,AOI_2_Vegas:-11520:3618,test,owlv2,area,fixed,1.8,0.5,5,34,23,34,0.3,owlv2
AOI_2_Vegas_img4331,AOI_2_Vegas,AOI_2_Vegas:-11520:3618,test,owlv2,area,fixed,2.4,0.5,5,34,23,35,0.35,owlv2
AOI_2_Vegas_img4331,AOI_2_Vegas,AOI_2_Vegas:-11520:3618,test,owlv2,area,fixed,3.6,0.5,2,15,23,34,0.2,owlv2
AOI_2_Vegas_img4331,AOI_2_Vegas,AOI_2_Vegas:-11520:3618,test,owlv2,area,fixed,5.0,0.5,0,0,23,15,0.0,owlv2
AOI_2_Vegas_img4331,AOI_2_Vegas,AOI_2_Vegas:-11520:3618,test,owlv2,area,fixed,10.0,0.5,0,0,23,0,0.0,owlv2
AOI_2_Vegas_img4337,AOI_2_Vegas,AOI_2_Vegas:-11520:3619,test,owlv2,area,fixed,0.3,0.5,6,196,25,56,0.3,owlv2
AOI_2_Vegas_img4337,AOI_2_Vegas,AOI_2_Vegas:-11520:3619,test,owlv2,area,fixed,0.45,0.5,3,98,25,38,0.5,owlv2
AOI_2_Vegas_img4337,AOI_2_Vegas,AOI_2_Vegas:-11520:3619,test,owlv2,area,fixed,0.6,0.5,5,104,25,45,0.05,owlv2
AOI_2_Vegas_img4337,AOI_2_Vegas,AOI_2_Vegas:-11520:3619,test,owlv2,area,fixed,0.9,0.5,4,61,25,33,0.2,owlv2
AOI_2_Vegas_img4337,AOI_2_Vegas,AOI_2_Vegas:-11520:3619,test,owlv2,area,fixed,1.2,0.5,2,48,25,24,0.05,owlv2
AOI_2_Vegas_img4337,AOI_2_Vegas,AOI_2_Vegas:-11520:3619,test,owlv2,area,fixed,1.8,0.5,1,37,25,36,0.0,owlv2
AOI_2_Vegas_img4337,AOI_2_Vegas,AOI_2_Vegas:-11520:3619,test,owlv2,area,fixed,2.4,0.5,3,25,25,36,0.15,owlv2
AOI_2_Vegas_img4337,AOI_2_Vegas,AOI_2_Vegas:-11520:3619,test,owlv2,area,fixed,3.6,0.5,5,12,25,24,0.05,owlv2
AOI_2_Vegas_img4337,AOI_2_Vegas,AOI_2_Vegas:-11520:3619,test,owlv2,area,fixed,5.0,0.5,0,0,25,1,0.0,owlv2
AOI_2_Vegas_img4337,AOI_2_Vegas,AOI_2_Vegas:-11520:3619,test,owlv2,area,fixed,10.0,0.5,0,0,25,0,0.0,owlv2
AOI_2_Vegas_img4353,AOI_2_Vegas,AOI_2_Vegas:-11520:3622,test,owlv2,area,fixed,0.3,0.5,16,150,23,39,1.45,owlv2
AOI_2_Vegas_img4353,AOI_2_Vegas,AOI_2_Vegas:-11520:3622,test,owlv2,area,fixed,0.45,0.5,15,94,23,37,1.3,owlv2
AOI_2_Vegas_img4353,AOI_2_Vegas,AOI_2_Vegas:-11520:3622,test,owlv2,area,fixed,0.6,0.5,13,84,23,34,0.85,owlv2
AOI_2_Vegas_img4353,AOI_2_Vegas,AOI_2_Vegas:-11520:3622,test,owlv2,area,fixed,0.9,0.5,10,52,23,27,0.8,owlv2
AOI_2_Vegas_img4353,AOI_2_Vegas,AOI_2_Vegas:-11520:3622,test,owlv2,area,fixed,1.2,0.5,11,40,23,28,1.35,owlv2
AOI_2_Vegas_img4353,AOI_2_Vegas,AOI_2_Vegas:-11520:3622,test,owlv2,area,fixed,1.8,0.5,9,20,23,31,0.5,owlv2
AOI_2_Vegas_img4353,AOI_2_Vegas,AOI_2_Vegas:-11520:3622,test,owlv2,area,fixed,2.4,0.5,8,20,23,28,0.35,owlv2
AOI_2_Vegas_img4353,AOI_2_Vegas,AOI_2_Vegas:-11520:3622,test,owlv2,area,fixed,3.6,0.5,0,0,23,6,0.0,owlv2
AOI_2_Vegas_img4353,AOI_2_Vegas,AOI_2_Vegas:-11520:3622,test,owlv2,area,fixed,5.0,0.5,0,0,23,1,0.0,owlv2
AOI_2_Vegas_img4353,AOI_2_Vegas,AOI_2_Vegas:-11520:3622,test,owlv2,area,fixed,10.0,0.5,0,0,23,4,0.0,owlv2
AOI_2_Vegas_img4369,AOI_2_Vegas,AOI_2_Vegas:-11520:3625,test,owlv2,area,fixed,0.3,0.5,23,141,45,43,1.75,owlv2
AOI_2_Vegas_img4369,AOI_2_Vegas,AOI_2_Vegas:-11520:3625,test,owlv2,area,fixed,0.45,0.5,23,125,45,44,2.65,owlv2
AOI_2_Vegas_img4369,AOI_2_Vegas,AOI_2_Vegas:-11520:3625,test,owlv2,area,fixed,0.6,0.5,22,109,45,47,2.15,owlv2
AOI_2_Vegas_img4369,AOI_2_Vegas,AOI_2_Vegas:-11520:3625,test,owlv2,area,fixed,0.9,0.5,23,62,45,36,2.1,owlv2
AOI_2_Vegas_img4369,AOI_2_Vegas,AOI_2_Vegas:-11520:3625,test,owlv2,area,fixed,1.2,0.5,22,52,45,33,1.25,owlv2
AOI_2_Vegas_img4369,AOI_2_Vegas,AOI_2_Vegas:-11520:3625,test,owlv2,area,fixed,1.8,0.5,8,38,45,28,0.85,owlv2
AOI_2_Vegas_img4369,AOI_2_Vegas,AOI_2_Vegas:-11520:3625,test,owlv2,area,fixed,2.4,0.5,8,29,45,7,0.7,owlv2
AOI_2_Vegas_img4369,AOI_2_Vegas,AOI_2_Vegas:-11520:3625,test,owlv2,area,fixed,3.6,0.5,0,0,45,1,0.0,owlv2
AOI_2_Vegas_img4369,AOI_2_Vegas,AOI_2_Vegas:-11520:3625,test,owlv2,area,fixed,5.0,0.5,0,0,45,0,0.0,owlv2
AOI_2_Vegas_img4369,AOI_2_Vegas,AOI_2_Vegas:-11520:3625,test,owlv2,area,fixed,10.0,0.5,0,0,45,0,0.0,owlv2
AOI_2_Vegas_img4402,AOI_2_Vegas,AOI_2_Vegas:-11520:3617,test,owlv2,area,fixed,0.3,0.5,0,11,0,5,0.0,owlv2
AOI_2_Vegas_img4402,AOI_2_Vegas,AOI_2_Vegas:-11520:3617,test,owlv2,area,fixed,0.45,0.5,0,0,0,2,0.0,owlv2
AOI_2_Vegas_img4402,AOI_2_Vegas,AOI_2_Vegas:-11520:3617,test,owlv2,area,fixed,0.6,0.5,0,0,0,2,0.0,owlv2
AOI_2_Vegas_img4402,AOI_2_Vegas,AOI_2_Vegas:-11520:3617,test,owlv2,area,fixed,0.9,0.5,0,0,0,1,0.0,owlv2
AOI_2_Vegas_img4402,AOI_2_Vegas,AOI_2_Vegas:-11520:3617,test,owlv2,area,fixed,1.2,0.5,0,0,0,1,0.0,owlv2
AOI_2_Vegas_img4402,AOI_2_Vegas,AOI_2_Vegas:-11520:3617,test,owlv2,area,fixed,1.8,0.5,0,2,0,2,0.0,owlv2
AOI_2_Vegas_img4402,AOI_2_Vegas,AOI_2_Vegas:-11520:3617,test,owlv2,area,fixed,2.4,0.5,0,2,0,1,0.0,owlv2
AOI_2_Vegas_img4402,AOI_2_Vegas,AOI_2_Vegas:-11520:3617,test,owlv2,area,fixed,3.6,0.5,0,0,0,4,0.0,owlv2
AOI_2_Vegas_img4402,AOI_2_Vegas,AOI_2_Vegas:-11520:3617,test,owlv2,area,fixed,5.0,0.5,0,0,0,4,0.0,owlv2
AOI_2_Vegas_img4402,AOI_2_Vegas,AOI_2_Vegas:-11520:3617,test,owlv2,area,fixed,10.0,0.5,0,0,0,0,0.0,owlv2
AOI_2_Vegas_img4447,AOI_2_Vegas,AOI_2_Vegas:-11520:3625,test,owlv2,area,fixed,0.3,0.5,8,144,15,44,0.35,owlv2
AOI_2_Vegas_img4447,AOI_2_Vegas,AOI_2_Vegas:-11520:3625,test,owlv2,area,fixed,0.45,0.5,8,100,15,38,0.2,owlv2
AOI_2_Vegas_img4447,AOI_2_Vegas,AOI_2_Vegas:-11520:3625,test,owlv2,area,fixed,0.6,0.5,9,76,15,37,0.15,owlv2
AOI_2_Vegas_img4447,AOI_2_Vegas,AOI_2_Vegas:-11520:3625,test,owlv2,area,fixed,0.9,0.5,6,30,15,36,0.1,owlv2
AOI_2_Vegas_img4447,AOI_2_Vegas,AOI_2_Vegas:-11520:3625,test,owlv2,area,fixed,1.2,0.5,7,30,15,36,0.25,owlv2
AOI_2_Vegas_img4447,AOI_2_Vegas,AOI_2_Vegas:-11520:3625,test,owlv2,area,fixed,1.8,0.5,5,25,15,31,0.05,owlv2
AOI_2_Vegas_img4447,AOI_2_Vegas,AOI_2_Vegas:-11520:3625,test,owlv2,area,fixed,2.4,0.5,3,14,15,30,0.0,owlv2
AOI_2_Vegas_img4447,AOI_2_Vegas,AOI_2_Vegas:-11520:3625,test,owlv2,area,fixed,3.6,0.5,0,0,15,6,0.0,owlv2
AOI_2_Vegas_img4447,AOI_2_Vegas,AOI_2_Vegas:-11520:3625,test,owlv2,area,fixed,5.0,0.5,0,0,15,2,0.0,owlv2
AOI_2_Vegas_img4447,AOI_2_Vegas,AOI_2_Vegas:-11520:3625,test,owlv2,area,fixed,10.0,0.5,0,0,15,4,0.0,owlv2
AOI_2_Vegas_img4468,AOI_2_Vegas,AOI_2_Vegas:-11520:3615,test,owlv2,area,fixed,0.3,0.5,18,180,28,53,2.0,owlv2
AOI_2_Vegas_img4468,AOI_2_Vegas,AOI_2_Vegas:-11520:3615,test,owlv2,area,fixed,0.45,0.5,17,109,28,35,1.55,owlv2
AOI_2_Vegas_img4468,AOI_2_Vegas,AOI_2_Vegas:-11520:3615,test,owlv2,area,fixed,0.6,0.5,16,118,28,36,1.55,owlv2
AOI_2_Vegas_img4468,AOI_2_Vegas,AOI_2_Vegas:-11520:3615,test,owlv2,area,fixed,0.9,0.5,12,86,28,37,1.9,owlv2
AOI_2_Vegas_img4468,AOI_2_Vegas,AOI_2_Vegas:-11520:3615,test,owlv2,area,fixed,1.2,0.5,10,69,28,41,1.65,owlv2
AOI_2_Vegas_img4468,AOI_2_Vegas,AOI_2_Vegas:-11520:3615,test,owlv2,area,fixed,1.8,0.5,9,60,28,45,1.25,owlv2
AOI_2_Vegas_img4468,AOI_2_Vegas,AOI_2_Vegas:-11520:3615,test,owlv2,area,fixed,2.4,0.5,7,45,28,34,0.6,owlv2
AOI_2_Vegas_img4468,AOI_2_Vegas,AOI_2_Vegas:-11520:3615,test,owlv2,area,fixed,3.6,0.5,0,0,28,5,0.0,owlv2
AOI_2_Vegas_img4468,AOI_2_Vegas,AOI_2_Vegas:-11520:3615,test,owlv2,area,fixed,5.0,0.5,0,0,28,1,0.0,owlv2
AOI_2_Vegas_img4468,AOI_2_Vegas,AOI_2_Vegas:-11520:3615,test,owlv2,area,fixed,10.0,0.5,0,0,28,0,0.0,owlv2
AOI_2_Vegas_img4470,AOI_2_Vegas,AOI_2_Vegas:-11520:3615,test,owlv2,area,fixed,0.3,0.5,10,136,20,51,0.2,owlv2
AOI_2_Vegas_img4470,AOI_2_Vegas,AOI_2_Vegas:-11520:3615,test,owlv2,area,fixed,0.45,0.5,6,67,20,40,0.15,owlv2
AOI_2_Vegas_img4470,AOI_2_Vegas,AOI_2_Vegas:-11520:3615,test,owlv2,area,fixed,0.6,0.5,5,42,20,34,0.15,owlv2
AOI_2_Vegas_img4470,AOI_2_Vegas,AOI_2_Vegas:-11520:3615,test,owlv2,area,fixed,0.9,0.5,1,20,20,28,0.0,owlv2
AOI_2_Vegas_img4470,AOI_2_Vegas,AOI_2_Vegas:-11520:3615,test,owlv2,area,fixed,1.2,0.5,2,14,20,27,0.05,owlv2
AOI_2_Vegas_img4470,AOI_2_Vegas,AOI_2_Vegas:-11520:3615,test,owlv2,area,fixed,1.8,0.5,2,7,20,25,0.05,owlv2
AOI_2_Vegas_img4470,AOI_2_Vegas,AOI_2_Vegas:-11520:3615,test,owlv2,area,fixed,2.4,0.5,1,4,20,30,0.0,owlv2
AOI_2_Vegas_img4470,AOI_2_Vegas,AOI_2_Vegas:-11520:3615,test,owlv2,area,fixed,3.6,0.5,0,0,20,11,0.0,owlv2
AOI_2_Vegas_img4470,AOI_2_Vegas,AOI_2_Vegas:-11520:3615,test,owlv2,area,fixed,5.0,0.5,0,0,20,3,0.0,owlv2
AOI_2_Vegas_img4470,AOI_2_Vegas,AOI_2_Vegas:-11520:3615,test,owlv2,area,fixed,10.0,0.5,0,0,20,8,0.0,owlv2
AOI_2_Vegas_img4479,AOI_2_Vegas,AOI_2_Vegas:-11520:3617,test,owlv2,area,fixed,0.3,0.5,2,84,3,40,0.0,owlv2
AOI_2_Vegas_img4479,AOI_2_Vegas,AOI_2_Vegas:-11520:3617,test,owlv2,area,fixed,0.45,0.5,2,26,3,22,0.05,owlv2
AOI_2_Vegas_img4479,AOI_2_Vegas,AOI_2_Vegas:-11520:3617,test,owlv2,area,fixed,0.6,0.5,1,23,3,25,0.0,owlv2
AOI_2_Vegas_img4479,AOI_2_Vegas,AOI_2_Vegas:-11520:3617,test,owlv2,area,fixed,0.9,0.5,1,15,3,12,0.0,owlv2
AOI_2_Vegas_img4479,AOI_2_Vegas,AOI_2_Vegas:-11520:3617,test,owlv2,area,fixed,1.2,0.5,0,11,3,10,0.0,owlv2
AOI_2_Vegas_img4479,AOI_2_Vegas,AOI_2_Vegas:-11520:3617,test,owlv2,area,fixed,1.8,0.5,0,3,3,5,0.1,owlv2
AOI_2_Vegas_img4479,AOI_2_Vegas,AOI_2_Vegas:-11520:3617,test,owlv2,area,fixed,2.4,0.5,0,8,3,10,0.0,owlv2
AOI_2_Vegas_img4479,AOI_2_Vegas,AOI_2_Vegas:-11520:3617,test,owlv2,area,fixed,3.6,0.5,0,0,3,6,0.0,owlv2
AOI_2_Vegas_img4479,AOI_2_Vegas,AOI_2_Vegas:-11520:3617,test,owlv2,area,fixed,5.0,0.5,0,0,3,1,0.0,owlv2
AOI_2_Vegas_img4479,AOI_2_Vegas,AOI_2_Vegas:-11520:3617,test,owlv2,area,fixed,10.0,0.5,0,0,3,0,0.0,owlv2
AOI_2_Vegas_img4488,AOI_2_Vegas,AOI_2_Vegas:-11520:3618,test,owlv2,area,fixed,0.3,0.5,0,4,0,0,0.0,owlv2
AOI_2_Vegas_img4488,AOI_2_Vegas,AOI_2_Vegas:-11520:3618,test,owlv2,area,fixed,0.45,0.5,0,3,0,0,0.0,owlv2
AOI_2_Vegas_img4488,AOI_2_Vegas,AOI_2_Vegas:-11520:3618,test,owlv2,area,fixed,0.6,0.5,0,3,0,0,0.0,owlv2
AOI_2_Vegas_img4488,AOI_2_Vegas,AOI_2_Vegas:-11520:3618,test,owlv2,area,fixed,0.9,0.5,0,0,0,0,0.0,owlv2
AOI_2_Vegas_img4488,AOI_2_Vegas,AOI_2_Vegas:-11520:3618,test,owlv2,area,fixed,1.2,0.5,0,0,0,0,0.0,owlv2
AOI_2_Vegas_img4488,AOI_2_Vegas,AOI_2_Vegas:-11520:3618,test,owlv2,area,fixed,1.8,0.5,0,0,0,0,0.0,owlv2
AOI_2_Vegas_img4488,AOI_2_Vegas,AOI_2_Vegas:-11520:3618,test,owlv2,area,fixed,2.4,0.5,0,0,0,0,0.0,owlv2
AOI_2_Vegas_img4488,AOI_2_Vegas,AOI_2_Vegas:-11520:3618,test,owlv2,area,fixed,3.6,0.5,0,0,0,0,0.0,owlv2
AOI_2_Vegas_img4488,AOI_2_Vegas,AOI_2_Vegas:-11520:3618,test,owlv2,area,fixed,5.0,0.5,0,0,0,0,0.0,owlv2
AOI_2_Vegas_img4488,AOI_2_Vegas,AOI_2_Vegas:-11520:3618,test,owlv2,area,fixed,10.0,0.5,0,0,0,0,0.0,owlv2
AOI_2_Vegas_img4518,AOI_2_Vegas,AOI_2_Vegas:-11520:3623,test,owlv2,area,fixed,0.3,0.5,8,39,12,29,0.05,owlv2
AOI_2_Vegas_img4518,AOI_2_Vegas,AOI_2_Vegas:-11520:3623,test,owlv2,area,fixed,0.45,0.5,6,20,12,18,0.25,owlv2
AOI_2_Vegas_img4518,AOI_2_Vegas,AOI_2_Vegas:-11520:3623,test,owlv2,area,fixed,0.6,0.5,6,18,12,18,0.35,owlv2
AOI_2_Vegas_img4518,AOI_2_Vegas,AOI_2_Vegas:-11520:3623,test,owlv2,area,fixed,0.9,0.5,5,10,12,9,0.15,owlv2
AOI_2_Vegas_img4518,AOI_2_Vegas,AOI_2_Vegas:-11520:3623,test,owlv2,area,fixed,1.2,0.5,4,9,12,10,0.35,owlv2
AOI_2_Vegas_img4518,AOI_2_Vegas,AOI_2_Vegas:-11520:3623,test,owlv2,area,fixed,1.8,0.5,5,13,12,11,0.1,owlv2
AOI_2_Vegas_img4518,AOI_2_Vegas,AOI_2_Vegas:-11520:3623,test,owlv2,area,fixed,2.4,0.5,6,10,12,7,0.25,owlv2
AOI_2_Vegas_img4518,AOI_2_Vegas,AOI_2_Vegas:-11520:3623,test,owlv2,area,fixed,3.6,0.5,3,3,12,3,0.05,owlv2
AOI_2_Vegas_img4518,AOI_2_Vegas,AOI_2_Vegas:-11520:3623,test,owlv2,area,fixed,5.0,0.5,0,0,12,4,0.0,owlv2
AOI_2_Vegas_img4518,AOI_2_Vegas,AOI_2_Vegas:-11520:3623,test,owlv2,area,fixed,10.0,0.5,0,0,12,1,0.0,owlv2
AOI_2_Vegas_img4554,AOI_2_Vegas,AOI_2_Vegas:-11520:3616,test,owlv2,area,fixed,0.3,0.5,12,115,22,33,0.55,owlv2
AOI_2_Vegas_img4554,AOI_2_Vegas,AOI_2_Vegas:-11520:3616,test,owlv2,area,fixed,0.45,0.5,11,82,22,27,0.45,owlv2
AOI_2_Vegas_img4554,AOI_2_Vegas,AOI_2_Vegas:-11520:3616,test,owlv2,area,fixed,0.6,0.5,11,81,22,28,0.25,owlv2
AOI_2_Vegas_img4554,AOI_2_Vegas,AOI_2_Vegas:-11520:3616,test,owlv2,area,fixed,0.9,0.5,9,26,22,16,0.4,owlv2
AOI_2_Vegas_img4554,AOI_2_Vegas,AOI_2_Vegas:-11520:3616,test,owlv2,area,fixed,1.2,0.5,8,17,22,10,0.25,owlv2
AOI_2_Vegas_img4554,AOI_2_Vegas,AOI_2_Vegas:-11520:3616,test,owlv2,area,fixed,1.8,0.5,9,28,22,14,0.5,owlv2
AOI_2_Vegas_img4554,AOI_2_Vegas,AOI_2_Vegas:-11520:3616,test,owlv2,area,fixed,2.4,0.5,4,11,22,7,0.1,owlv2
AOI_2_Vegas_img4554,AOI_2_Vegas,AOI_2_Vegas:-11520:3616,test,owlv2,area,fixed,3.6,0.5,0,0,22,2,0.0,owlv2
AOI_2_Vegas_img4554,AOI_2_Vegas,AOI_2_Vegas:-11520:3616,test,owlv2,area,fixed,5.0,0.5,0,1,22,3,0.0,owlv2
AOI_2_Vegas_img4554,AOI_2_Vegas,AOI_2_Vegas:-11520:3616,test,owlv2,area,fixed,10.0,0.5,0,0,22,0,0.0,owlv2
AOI_2_Vegas_img4562,AOI_2_Vegas,AOI_2_Vegas:-11520:3617,test,owlv2,area,fixed,0.3,0.5,36,208,46,50,4.0,owlv2
AOI_2_Vegas_img4562,AOI_2_Vegas,AOI_2_Vegas:-11520:3617,test,owlv2,area,fixed,0.45,0.5,36,135,46,47,3.05,owlv2
AOI_2_Vegas_img4562,AOI_2_Vegas,AOI_2_Vegas:-11520:3617,test,owlv2,area,fixed,0.6,0.5,34,98,46,43,4.0,owlv2
AOI_2_Vegas_img4562,AOI_2_Vegas,AOI_2_Vegas:-11520:3617,test,owlv2,area,fixed,0.9,0.5,28,52,46,35,2.15,owlv2
AOI_2_Vegas_img4562,AOI_2_Vegas,AOI_2_Vegas:-11520:3617,test,owlv2,area,fixed,1.2,0.5,20,38,46,32,1.65,owlv2
AOI_2_Vegas_img4562,AOI_2_Vegas,AOI_2_Vegas:-11520:3617,test,owlv2,area,fixed,1.8,0.5,15,35,46,20,1.4,owlv2
AOI_2_Vegas_img4562,AOI_2_Vegas,AOI_2_Vegas:-11520:3617,test,owlv2,area,fixed,2.4,0.5,11,19,46,14,1.0,owlv2
AOI_2_Vegas_img4562,AOI_2_Vegas,AOI_2_Vegas:-11520:3617,test,owlv2,area,fixed,3.6,0.5,0,0,46,0,0.0,owlv2
AOI_2_Vegas_img4562,AOI_2_Vegas,AOI_2_Vegas:-11520:3617,test,owlv2,area,fixed,5.0,0.5,0,0,46,0,0.0,owlv2
AOI_2_Vegas_img4562,AOI_2_Vegas,AOI_2_Vegas:-11520:3617,test,owlv2,area,fixed,10.0,0.5,0,0,46,0,0.0,owlv2
AOI_2_Vegas_img458,AOI_2_Vegas,AOI_2_Vegas:-11530:3613,test,owlv2,area,fixed,0.3,0.5,22,246,56,100,3.05,owlv2
AOI_2_Vegas_img458,AOI_2_Vegas,AOI_2_Vegas:-11530:3613,test,owlv2,area,fixed,0.45,0.5,20,154,56,73,3.1,owlv2
AOI_2_Vegas_img458,AOI_2_Vegas,AOI_2_Vegas:-11530:3613,test,owlv2,area,fixed,0.6,0.5,19,134,56,68,2.65,owlv2
AOI_2_Vegas_img458,AOI_2_Vegas,AOI_2_Vegas:-11530:3613,test,owlv2,area,fixed,0.9,0.5,13,74,56,59,1.45,owlv2
AOI_2_Vegas_img458,AOI_2_Vegas,AOI_2_Vegas:-11530:3613,test,owlv2,area,fixed,1.2,0.5,9,64,56,68,1.4,owlv2
AOI_2_Vegas_img458,AOI_2_Vegas,AOI_2_Vegas:-11530:3613,test,owlv2,area,fixed,1.8,0.5,12,51,56,59,1.4,owlv2
AOI_2_Vegas_img458,AOI_2_Vegas,AOI_2_Vegas:-11530:3613,test,owlv2,area,fixed,2.4,0.5,4,17,56,47,0.35,owlv2
AOI_2_Vegas_img458,AOI_2_Vegas,AOI_2_Vegas:-11530:3613,test,owlv2,area,fixed,3.6,0.5,0,0,56,2,0.0,owlv2
AOI_2_Vegas_img458,AOI_2_Vegas,AOI_2_Vegas:-11530:3613,test,owlv2,area,fixed,5.0,0.5,0,0,56,1,0.0,owlv2
AOI_2_Vegas_img458,AOI_2_Vegas,AOI_2_Vegas:-11530:3613,test,owlv2,area,fixed,10.0,0.5,0,0,56,0,0.0,owlv2
AOI_2_Vegas_img4582,AOI_2_Vegas,AOI_2_Vegas:-11520:3621,test,owlv2,area,fixed,0.3,0.5,0,4,0,1,0.0,owlv2
AOI_2_Vegas_img4582,AOI_2_Vegas,AOI_2_Vegas:-11520:3621,test,owlv2,area,fixed,0.45,0.5,0,0,0,0,0.0,owlv2
AOI_2_Vegas_img4582,AOI_2_Vegas,AOI_2_Vegas:-11520:3621,test,owlv2,area,fixed,0.6,0.5,0,0,0,0,0.0,owlv2
AOI_2_Vegas_img4582,AOI_2_Vegas,AOI_2_Vegas:-11520:3621,test,owlv2,area,fixed,0.9,0.5,0,0,0,0,0.0,owlv2
AOI_2_Vegas_img4582,AOI_2_Vegas,AOI_2_Vegas:-11520:3621,test,owlv2,area,fixed,1.2,0.5,0,0,0,0,0.0,owlv2
AOI_2_Vegas_img4582,AOI_2_Vegas,AOI_2_Vegas:-11520:3621,test,owlv2,area,fixed,1.8,0.5,0,0,0,0,0.0,owlv2
AOI_2_Vegas_img4582,AOI_2_Vegas,AOI_2_Vegas:-11520:3621,test,owlv2,area,fixed,2.4,0.5,0,0,0,0,0.0,owlv2
AOI_2_Vegas_img4582,AOI_2_Vegas,AOI_2_Vegas:-11520:3621,test,owlv2,area,fixed,3.6,0.5,0,0,0,0,0.0,owlv2
AOI_2_Vegas_img4582,AOI_2_Vegas,AOI_2_Vegas:-11520:3621,test,owlv2,area,fixed,5.0,0.5,0,0,0,0,0.0,owlv2
AOI_2_Vegas_img4582,AOI_2_Vegas,AOI_2_Vegas:-11520:3621,test,owlv2,area,fixed,10.0,0.5,0,0,0,0,0.0,owlv2
AOI_2_Vegas_img460,AOI_2_Vegas,AOI_2_Vegas:-11530:3613,test,owlv2,area,fixed,0.3,0.5,33,206,50,46,4.0,owlv2
AOI_2_Vegas_img460,AOI_2_Vegas,AOI_2_Vegas:-11530:3613,test,owlv2,area,fixed,0.45,0.5,32,110,50,31,2.75,owlv2
AOI_2_Vegas_img460,AOI_2_Vegas,AOI_2_Vegas:-11530:3613,test,owlv2,area,fixed,0.6,0.5,32,94,50,32,2.55,owlv2
AOI_2_Vegas_img460,AOI_2_Vegas,AOI_2_Vegas:-11530:3613,test,owlv2,area,fixed,0.9,0.5,30,59,50,19,2.0,owlv2
AOI_2_Vegas_img460,AOI_2_Vegas,AOI_2_Vegas:-11530:3613,test,owlv2,area,fixed,1.2,0.5,24,53,50,15,1.9,owlv2
AOI_2_Vegas_img460,AOI_2_Vegas,AOI_2_Vegas:-11530:3613,test,owlv2,area,fixed,1.8,0.5,25,52,50,8,1.95,owlv2
AOI_2_Vegas_img460,AOI_2_Vegas,AOI_2_Vegas:-11530:3613,test,owlv2,area,fixed,2.4,0.5,19,30,50,4,0.7,owlv2
AOI_2_Vegas_img460,AOI_2_Vegas,AOI_2_Vegas:-11530:3613,test,owlv2,area,fixed,3.6,0.5,0,0,50,0,0.0,owlv2
AOI_2_Vegas_img460,AOI_2_Vegas,AOI_2_Vegas:-11530:3613,test,owlv2,area,fixed,5.0,0.5,0,0,50,1,0.0,owlv2
AOI_2_Vegas_img460,AOI_2_Vegas,AOI_2_Vegas:-11530:3613,test,owlv2,area,fixed,10.0,0.5,0,0,50,0,0.0,owlv2
AOI_2_Vegas_img4614,AOI_2_Vegas,AOI_2_Vegas:-11520:3613,test,owlv2,area,fixed,0.3,0.5,1,19,8,26,0.05,owlv2
AOI_2_Vegas_img4614,AOI_2_Vegas,AOI_2_Vegas:-11520:3613,test,owlv2,area,fixed,0.45,0.5,0,12,8,20,0.05,owlv2
AOI_2_Vegas_img4614,AOI_2_Vegas,AOI_2_Vegas:-11520:3613,test,owlv2,area,fixed,0.6,0.5,1,11,8,18,0.0,owlv2
AOI_2_Vegas_img4614,AOI_2_Vegas,AOI_2_Vegas:-11520:3613,test,owlv2,area,fixed,0.9,0.5,0,0,8,5,0.0,owlv2
AOI_2_Vegas_img4614,AOI_2_Vegas,AOI_2_Vegas:-11520:3613,test,owlv2,area,fixed,1.2,0.5,0,0,8,1,0.0,owlv2
AOI_2_Vegas_img4614,AOI_2_Vegas,AOI_2_Vegas:-11520:3613,test,owlv2,area,fixed,1.8,0.5,0,0,8,0,0.0,owlv2
AOI_2_Vegas_img4614,AOI_2_Vegas,AOI_2_Vegas:-11520:3613,test,owlv2,area,fixed,2.4,0.5,0,0,8,0,0.0,owlv2
AOI_2_Vegas_img4614,AOI_2_Vegas,AOI_2_Vegas:-11520:3613,test,owlv2,area,fixed,3.6,0.5,0,0,8,0,0.0,owlv2
AOI_2_Vegas_img4614,AOI_2_Vegas,AOI_2_Vegas:-11520:3613,test,owlv2,area,fixed,5.0,0.5,0,0,8,3,0.0,owlv2
AOI_2_Vegas_img4614,AOI_2_Vegas,AOI_2_Vegas:-11520:3613,test,owlv2,area,fixed,10.0,0.5,0,0,8,4,0.0,owlv2
AOI_2_Vegas_img4684,AOI_2_Vegas,AOI_2_Vegas:-11520:3625,test,owlv2,area,fixed,0.3,0.5,2,75,8,55,0.0,owlv2
AOI_2_Vegas_img4684,AOI_2_Vegas,AOI_2_Vegas:-11520:3625,test,owlv2,area,fixed,0.45,0.5,2,29,8,32,0.05,owlv2
AOI_2_Vegas_img4684,AOI_2_Vegas,AOI_2_Vegas:-11520:3625,test,owlv2,area,fixed,0.6,0.5,1,19,8,24,0.0,owlv2
AOI_2_Vegas_img4684,AOI_2_Vegas,AOI_2_Vegas:-11520:3625,test,owlv2,area,fixed,0.9,0.5,0,7,8,11,0.0,owlv2
AOI_2_Vegas_img4684,AOI_2_Vegas,AOI_2_Vegas:-11520:3625,test,owlv2,area,fixed,1.2,0.5,0,7,8,10,0.0,owlv2
AOI_2_Vegas_img4684,AOI_2_Vegas,AOI_2_Vegas:-11520:3625,test,owlv2,area,fixed,1.8,0.5,0,6,8,8,0.0,owlv2
AOI_2_Vegas_img4684,AOI_2_Vegas,AOI_2_Vegas:-11520:3625,test,owlv2,area,fixed,2.4,0.5,0,4,8,8,0.0,owlv2
AOI_2_Vegas_img4684,AOI_2_Vegas,AOI_2_Vegas:-11520:3625,test,owlv2,area,fixed,3.6,0.5,0,1,8,8,0.0,owlv2
AOI_2_Vegas_img4684,AOI_2_Vegas,AOI_2_Vegas:-11520:3625,test,owlv2,area,fixed,5.0,0.5,0,0,8,19,0.0,owlv2
AOI_2_Vegas_img4684,AOI_2_Vegas,AOI_2_Vegas:-11520:3625,test,owlv2,area,fixed,10.0,0.5,0,0,8,3,0.0,owlv2
AOI_2_Vegas_img4696,AOI_2_Vegas,AOI_2_Vegas:-11519:3613,test,owlv2,area,fixed,0.3,0.5,3,42,12,54,0.0,owlv2
AOI_2_Vegas_img4696,AOI_2_Vegas,AOI_2_Vegas:-11519:3613,test,owlv2,area,fixed,0.45,0.5,2,18,12,29,0.05,owlv2
AOI_2_Vegas_img4696,AOI_2_Vegas,AOI_2_Vegas:-11519:3613,test,owlv2,area,fixed,0.6,0.5,0,5,12,18,0.0,owlv2
AOI_2_Vegas_img4696,AOI_2_Vegas,AOI_2_Vegas:-11519:3613,test,owlv2,area,fixed,0.9,0.5,0,0,12,0,0.0,owlv2
AOI_2_Vegas_img4696,AOI_2_Vegas,AOI_2_Vegas:-11519:3613,test,owlv2,area,fixed,1.2,0.5,0,0,12,0,0.0,owlv2
AOI_2_Vegas_img4696,AOI_2_Vegas,AOI_2_Vegas:-11519:3613,test,owlv2,area,fixed,1.8,0.5,0,0,12,0,0.0,owlv2
AOI_2_Vegas_img4696,AOI_2_Vegas,AOI_2_Vegas:-11519:3613,test,owlv2,area,fixed,2.4,0.5,0,0,12,0,0.0,owlv2
AOI_2_Vegas_img4696,AOI_2_Vegas,AOI_2_Vegas:-11519:3613,test,owlv2,area,fixed,3.6,0.5,0,0,12,0,0.0,owlv2
AOI_2_Vegas_img4696,AOI_2_Vegas,AOI_2_Vegas:-11519:3613,test,owlv2,area,fixed,5.0,0.5,0,0,12,0,0.0,owlv2
AOI_2_Vegas_img4696,AOI_2_Vegas,AOI_2_Vegas:-11519:3613,test,owlv2,area,fixed,10.0,0.5,0,0,12,0,0.0,owlv2
AOI_2_Vegas_img4701,AOI_2_Vegas,AOI_2_Vegas:-11519:3614,test,owlv2,area,fixed,0.3,0.5,1,15,3,17,0.0,owlv2
AOI_2_Vegas_img4701,AOI_2_Vegas,AOI_2_Vegas:-11519:3614,test,owlv2,area,fixed,0.45,0.5,1,4,3,8,0.0,owlv2
AOI_2_Vegas_img4701,AOI_2_Vegas,AOI_2_Vegas:-11519:3614,test,owlv2,area,fixed,0.6,0.5,1,2,3,5,0.0,owlv2
AOI_2_Vegas_img4701,AOI_2_Vegas,AOI_2_Vegas:-11519:3614,test,owlv2,area,fixed,0.9,0.5,0,0,3,2,0.0,owlv2
AOI_2_Vegas_img4701,AOI_2_Vegas,AOI_2_Vegas:-11519:3614,test,owlv2,area,fixed,1.2,0.5,0,0,3,2,0.0,owlv2
AOI_2_Vegas_img4701,AOI_2_Vegas,AOI_2_Vegas:-11519:3614,test,owlv2,area,fixed,1.8,0.5,0,0,3,2,0.0,owlv2
AOI_2_Vegas_img4701,AOI_2_Vegas,AOI_2_Vegas:-11519:3614,test,owlv2,area,fixed,2.4,0.5,0,0,3,2,0.0,owlv2
AOI_2_Vegas_img4701,AOI_2_Vegas,AOI_2_Vegas:-11519:3614,test,owlv2,area,fixed,3.6,0.5,0,0,3,0,0.0,owlv2
AOI_2_Vegas_img4701,AOI_2_Vegas,AOI_2_Vegas:-11519:3614,test,owlv2,area,fixed,5.0,0.5,0,0,3,5,0.0,owlv2
AOI_2_Vegas_img4701,AOI_2_Vegas,AOI_2_Vegas:-11519:3614,test,owlv2,area,fixed,10.0,0.5,0,0,3,0,0.0,owlv2
AOI_2_Vegas_img4721,AOI_2_Vegas,AOI_2_Vegas:-11519:3618,test,owlv2,area,fixed,0.3,0.5,22,260,49,64,1.95,owlv2
AOI_2_Vegas_img4721,AOI_2_Vegas,AOI_2_Vegas:-11519:3618,test,owlv2,area,fixed,0.45,0.5,22,156,49,55,1.5,owlv2
AOI_2_Vegas_img4721,AOI_2_Vegas,AOI_2_Vegas:-11519:3618,test,owlv2,area,fixed,0.6,0.5,19,130,49,47,1.1,owlv2
AOI_2_Vegas_img4721,AOI_2_Vegas,AOI_2_Vegas:-11519:3618,test,owlv2,area,fixed,0.9,0.5,14,74,49,34,0.9,owlv2
AOI_2_Vegas_img4721,AOI_2_Vegas,AOI_2_Vegas:-11519:3618,test,owlv2,area,fixed,1.2,0.5,11,60,49,32,0.85,owlv2
AOI_2_Vegas_img4721,AOI_2_Vegas,AOI_2_Vegas:-11519:3618,test,owlv2,area,fixed,1.8,0.5,12,53,49,26,1.1,owlv2
AOI_2_Vegas_img4721,AOI_2_Vegas,AOI_2_Vegas:-11519:3618,test,owlv2,area,fixed,2.4,0.5,10,30,49,8,0.75,owlv2
AOI_2_Vegas_img4721,AOI_2_Vegas,AOI_2_Vegas:-11519:3618,test,owlv2,area,fixed,3.6,0.5,6,7,49,5,0.2,owlv2
AOI_2_Vegas_img4721,AOI_2_Vegas,AOI_2_Vegas:-11519:3618,test,owlv2,area,fixed,5.0,0.5,0,0,49,0,0.0,owlv2
AOI_2_Vegas_img4721,AOI_2_Vegas,AOI_2_Vegas:-11519:3618,test,owlv2,area,fixed,10.0,0.5,0,0,49,0,0.0,owlv2
AOI_2_Vegas_img4785,AOI_2_Vegas,AOI_2_Vegas:-11519:3615,test,owlv2,area,fixed,0.3,0.5,28,167,53,56,2.55,owlv2
AOI_2_Vegas_img4785,AOI_2_Vegas,AOI_2_Vegas:-11519:3615,test,owlv2,area,fixed,0.45,0.5,22,119,53,41,2.4,owlv2
AOI_2_Vegas_img4785,AOI_2_Vegas,AOI_2_Vegas:-11519:3615,test,owlv2,area,fixed,0.6,0.5,21,113,53,49,2.1,owlv2
AOI_2_Vegas_img4785,AOI_2_Vegas,AOI_2_Vegas:-11519:3615,test,owlv2,area,fixed,0.9,0.5,18,94,53,48,1.4,owlv2
AOI_2_Vegas_img4785,AOI_2_Vegas,AOI_2_Vegas:-11519:3615,test,owlv2,area,fixed,1.2,0.5,19,85,53,44,1.7,owlv2
AOI_2_Vegas_img4785,AOI_2_Vegas,AOI_2_Vegas:-11519:3615,test,owlv2,area,fixed,1.8,0.5,11,45,53,39,1.0,owlv2
AOI_2_Vegas_img4785,AOI_2_Vegas,AOI_2_Vegas:-11519:3615,test,owlv2,area,fixed,2.4,0.5,2,4,53,9,0.05,owlv2
AOI_2_Vegas_img4785,AOI_2_Vegas,AOI_2_Vegas:-11519:3615,test,owlv2,area,fixed,3.6,0.5,0,0,53,0,0.0,owlv2
AOI_2_Vegas_img4785,AOI_2_Vegas,AOI_2_Vegas:-11519:3615,test,owlv2,area,fixed,5.0,0.5,0,0,53,0,0.0,owlv2
AOI_2_Vegas_img4785,AOI_2_Vegas,AOI_2_Vegas:-11519:3615,test,owlv2,area,fixed,10.0,0.5,0,0,53,0,0.0,owlv2
AOI_2_Vegas_img4786,AOI_2_Vegas,AOI_2_Vegas:-11519:3615,test,owlv2,area,fixed,0.3,0.5,36,134,52,27,1.8,owlv2
AOI_2_Vegas_img4786,AOI_2_Vegas,AOI_2_Vegas:-11519:3615,test,owlv2,area,fixed,0.45,0.5,30,99,52,23,1.9,owlv2
AOI_2_Vegas_img4786,AOI_2_Vegas,AOI_2_Vegas:-11519:3615,test,owlv2,area,fixed,0.6,0.5,29,84,52,30,1.75,owlv2
AOI_2_Vegas_img4786,AOI_2_Vegas,AOI_2_Vegas:-11519:3615,test,owlv2,area,fixed,0.9,0.5,28,73,52,20,1.35,owlv2
AOI_2_Vegas_img4786,AOI_2_Vegas,AOI_2_Vegas:-11519:3615,test,owlv2,area,fixed,1.2,0.5,23,62,52,21,1.15,owlv2
AOI_2_Vegas_img4786,AOI_2_Vegas,AOI_2_Vegas:-11519:3615,test,owlv2,area,fixed,1.8,0.5,14,33,52,16,0.8,owlv2
AOI_2_Vegas_img4786,AOI_2_Vegas,AOI_2_Vegas:-11519:3615,test,owlv2,area,fixed,2.4,0.5,8,10,52,5,0.15,owlv2
AOI_2_Vegas_img4786,AOI_2_Vegas,AOI_2_Vegas:-11519:3615,test,owlv2,area,fixed,3.6,0.5,0,0,52,0,0.0,owlv2
AOI_2_Vegas_img4786,AOI_2_Vegas,AOI_2_Vegas:-11519:3615,test,owlv2,area,fixed,5.0,0.5,0,0,52,0,0.0,owlv2
AOI_2_Vegas_img4786,AOI_2_Vegas,AOI_2_Vegas:-11519:3615,test,owlv2,area,fixed,10.0,0.5,0,0,52,0,0.0,owlv2
AOI_2_Vegas_img4794,AOI_2_Vegas,AOI_2_Vegas:-11519:3616,test,owlv2,area,fixed,0.3,0.5,2,39,5,9,0.05,owlv2
AOI_2_Vegas_img4794,AOI_2_Vegas,AOI_2_Vegas:-11519:3616,test,owlv2,area,fixed,0.45,0.5,0,29,5,6,0.0,owlv2
AOI_2_Vegas_img4794,AOI_2_Vegas,AOI_2_Vegas:-11519:3616,test,owlv2,area,fixed,0.6,0.5,1,26,5,4,0.0,owlv2
AOI_2_Vegas_img4794,AOI_2_Vegas,AOI_2_Vegas:-11519:3616,test,owlv2,area,fixed,0.9,0.5,2,16,5,5,0.0,owlv2
AOI_2_Vegas_img4794,AOI_2_Vegas,AOI_2_Vegas:-11519:3616,test,owlv2,area,fixed,1.2,0.5,1,13,5,7,0.0,owlv2
AOI_2_Vegas_img4794,AOI_2_Vegas,AOI_2_Vegas:-11519:3616,test,owlv2,area,fixed,1.8,0.5,1,8,5,9,0.0,owlv2
AOI_2_Vegas_img4794,AOI_2_Vegas,AOI_2_Vegas:-11519:3616,test,owlv2,area,fixed,2.4,0.5,1,2,5,3,0.0,owlv2
AOI_2_Vegas_img4794,AOI_2_Vegas,AOI_2_Vegas:-11519:3616,test,owlv2,area,fixed,3.6,0.5,0,0,5,0,0.0,owlv2
AOI_2_Vegas_img4794,AOI_2_Vegas,AOI_2_Vegas:-11519:3616,test,owlv2,area,fixed,5.0,0.5,0,0,5,0,0.0,owlv2
AOI_2_Vegas_img4794,AOI_2_Vegas,AOI_2_Vegas:-11519:3616,test,owlv2,area,fixed,10.0,0.5,0,0,5,0,0.0,owlv2
AOI_2_Vegas_img4805,AOI_2_Vegas,AOI_2_Vegas:-11519:3618,test,owlv2,area,fixed,0.3,0.5,21,138,26,40,0.5,owlv2
AOI_2_Vegas_img4805,AOI_2_Vegas,AOI_2_Vegas:-11519:3618,test,owlv2,area,fixed,0.45,0.5,21,94,26,38,0.45,owlv2
AOI_2_Vegas_img4805,AOI_2_Vegas,AOI_2_Vegas:-11519:3618,test,owlv2,area,fixed,0.6,0.5,17,73,26,34,0.35,owlv2
AOI_2_Vegas_img4805,AOI_2_Vegas,AOI_2_Vegas:-11519:3618,test,owlv2,area,fixed,0.9,0.5,9,34,26,34,0.25,owlv2
AOI_2_Vegas_img4805,AOI_2_Vegas,AOI_2_Vegas:-11519:3618,test,owlv2,area,fixed,1.2,0.5,4,13,26,19,0.05,owlv2
AOI_2_Vegas_img4805,AOI_2_Vegas,AOI_2_Vegas:-11519:3618,test,owlv2,area,fixed,1.8,0.5,5,18,26,28,0.3,owlv2
AOI_2_Vegas_img4805,AOI_2_Vegas,AOI_2_Vegas:-11519:3618,test,owlv2,area,fixed,2.4,0.5,5,17,26,39,0.2,owlv2
AOI_2_Vegas_img4805,AOI_2_Vegas,AOI_2_Vegas:-11519:3618,test,owlv2,area,fixed,3.6,0.5,2,5,26,22,0.05,owlv2
AOI_2_Vegas_img4805,AOI_2_Vegas,AOI_2_Vegas:-11519:3618,test,owlv2,area,fixed,5.0,0.5,0,0,26,5,0.0,owlv2
AOI_2_Vegas_img4805,AOI_2_Vegas,AOI_2_Vegas:-11519:3618,test,owlv2,area,fixed,10.0,0.5,0,0,26,0,0.0,owlv2
