config,level,matches,predictions,references,removed,chance_matches,precision,recall,f1,chance_f1
aerial_view|t0.001|max15|min0,0.3,2111,66589,3202,55809,,3.170193275165568,65.92754528419738,6.049490621999971,
aerial_view|t0.001|max15|min0,0.45,1979,48012,3202,50110,,4.121886195117887,61.8051217988757,7.7283555277853715,
aerial_view|t0.001|max15|min0,0.6,1945,44557,3202,50631,,4.3651951432995935,60.74328544659588,8.14506166377018,
aerial_view|t0.001|max15|min0,0.9,1731,29262,3202,49365,,5.915521837194997,54.05996252342286,10.664120256283883,
aerial_view|t0.001|max15|min0,1.2,1514,21550,3202,46591,,7.025522041763341,47.28294815740163,12.233354880413703,
aerial_view|t0.001|max15|min0,1.8,1192,12708,3202,39790,,9.37991816178785,37.22673329169269,14.98428661219359,
aerial_view|t0.001|max15|min0,2.4,864,6498,3202,30264,,13.296398891966758,26.98313554028732,17.814432989690722,
aerial_view|t0.001|max15|min0,3.6,281,1217,3202,14040,,23.089564502875923,8.775765146783261,12.717809459153655,
aerial_view|t0.001|max15|min0,5.0,72,242,3202,7015,,29.75206611570248,2.2485946283572766,4.181184668989547,
aerial_view|t0.001|max15|min0,10.0,5,8,3202,1341,,62.5,0.1561524047470331,0.3115264797507788,
aerial_view|t0.001|max195|min0,0.3,2950,122398,3202,0,,2.410170100818641,92.12991880074954,4.697452229299363,
aerial_view|t0.001|max195|min0,0.45,2898,98122,3202,0,,2.953466093230876,90.50593379138039,5.720263708499467,
aerial_view|t0.001|max195|min0,0.6,2881,95188,3202,0,,3.0266420136992056,89.97501561524048,5.856286207947962,
aerial_view|t0.001|max195|min0,0.9,2791,78627,3202,0,,3.5496712325282664,87.16427232979387,6.821542484938103,
aerial_view|t0.001|max195|min0,1.2,2672,68141,3202,0,,3.921280873482925,83.44784509681449,7.490573707301347,
aerial_view|t0.001|max195|min0,1.8,2504,52498,3202,0,,4.7697055125909555,78.20112429731418,8.991023339317774,
aerial_view|t0.001|max195|min0,2.4,2261,36762,3202,0,,6.150372667428322,70.61211742660836,11.315183665298768,
aerial_view|t0.001|max195|min0,3.6,1472,15257,3202,0,,9.648030412269778,45.97126795752654,15.94885963486646,
aerial_view|t0.001|max195|min0,5.0,785,7257,3202,0,,10.817142069725781,24.515927545284196,15.010995315039679,
aerial_view|t0.001|max195|min0,10.0,157,1349,3202,0,,11.638250555967383,4.90318550905684,6.8995825093386065,
aerial_view|t0.001|max20|min0,0.3,2625,81337,3202,41061,,3.2273135227510235,81.98001249219239,6.210151527697276,
aerial_view|t0.001|max20|min0,0.45,2529,60815,3202,37307,,4.158513524623859,78.98188632104934,7.901026289891748,
aerial_view|t0.001|max20|min0,0.6,2495,57254,3202,37934,,4.357774129318476,77.92004996876952,8.253936747386529,
aerial_view|t0.001|max20|min0,0.9,2362,40321,3202,38306,,5.857989633193621,73.76639600249844,10.854031201893251,
aerial_view|t0.001|max20|min0,1.2,2203,31102,3202,37039,,7.083145778406533,68.80074953154279,12.843983208955224,
aerial_view|t0.001|max20|min0,1.8,1899,19848,3202,32650,,9.567714631197099,59.30668332292317,16.477223427331886,
aerial_view|t0.001|max20|min0,2.4,1470,10709,3202,26053,,13.726771874124568,45.908806995627735,21.13435410825965,
aerial_view|t0.001|max20|min0,3.6,612,2377,3202,12880,,25.74673958771561,19.11305434103685,21.939415665889946,
aerial_view|t0.001|max20|min0,5.0,205,583,3202,6674,,35.16295025728988,6.402248594628357,10.83223249669749,
aerial_view|t0.001|max20|min0,10.0,14,36,3202,1313,,38.888888888888886,0.4372267332916927,0.8647313156269302,
aerial_view|t0.001|max30|min0,0.3,2898,98330,3202,24068,,2.9472185497813483,90.50593379138039,5.708545089232951,
aerial_view|t0.001|max30|min0,0.45,2829,75838,3202,22284,,3.7303198924022256,88.35103060587133,7.158400809716599,
aerial_view|t0.001|max30|min0,0.6,2816,72362,3202,22826,,3.891545286199939,87.94503435352904,7.453284632893971,
aerial_view|t0.001|max30|min0,0.9,2713,54894,3202,23733,,4.942252340875141,84.72829481574016,9.339713577526853,
aerial_view|t0.001|max30|min0,1.2,2592,44771,3202,23370,,5.78946192848049,80.94940662086196,10.806078419110749,
aerial_view|t0.001|max30|min0,1.8,2396,31313,3202,21185,,7.651774023568486,74.82823235477827,13.883818629581341,
aerial_view|t0.001|max30|min0,2.4,2112,18676,3202,18086,,11.30863139858642,65.95877576514678,19.30706645945699,
aerial_view|t0.001|max30|min0,3.6,1195,4933,3202,10324,,24.224609770930467,37.320424734540914,29.379225568531037,
aerial_view|t0.001|max30|min0,5.0,514,1478,3202,5779,,34.776725304465494,16.052467207995004,21.965811965811966,
aerial_view|t0.001|max30|min0,10.0,57,146,3202,1203,,39.04109589041096,1.7801374141161774,3.4050179211469533,
aerial_view|t0.001|max60|min0,0.3,2944,112630,3202,9768,,2.6138684187161503,91.94253591505309,5.083223979556599,
aerial_view|t0.001|max60|min0,0.45,2890,89048,3202,9074,,3.2454406612164224,90.25608994378513,6.265582655826559,
aerial_view|t0.001|max60|min0,0.6,2873,85950,3202,9238,,3.3426410703897615,89.72517176764522,6.445172290021536,
aerial_view|t0.001|max60|min0,0.9,2782,69041,3202,9586,,4.0294897234976315,86.88319800124921,7.701784255914068,
aerial_view|t0.001|max60|min0,1.2,2664,58743,3202,9398,,4.535008426535928,83.19800124921923,8.601178464767132,
aerial_view|t0.001|max60|min0,1.8,2496,44015,3202,8483,,5.670794047483812,77.95128044971892,10.57246330770697,
aerial_view|t0.001|max60|min0,2.4,2251,29210,3202,7552,,7.706264977747347,70.2998126171143,13.889917314574848,
aerial_view|t0.001|max60|min0,3.6,1456,10085,3202,5172,,14.43728309370352,45.47158026233604,21.916158651313314,
aerial_view|t0.001|max60|min0,5.0,763,3988,3202,3269,,19.132397191574725,23.82885696439725,21.223922114047287,
aerial_view|t0.001|max60|min0,10.0,137,571,3202,778,,23.992994746059544,4.278575890068707,7.2621256294725685,
aerial_view|t0.002|max15|min0,0.3,1923,49805,3202,44595,,3.861058126694107,60.05621486570893,7.255645480785557,
aerial_view|t0.002|max15|min0,0.45,1746,32014,3202,39092,,5.453863934528644,54.52841973766396,9.915947296683326,
aerial_view|t0.002|max15|min0,0.6,1714,30111,3202,39881,,5.692271927202683,53.52904434728295,10.290277069012097,
aerial_view|t0.002|max15|min0,0.9,1489,19081,3202,38680,,7.803574236151145,46.502186133666456,13.364448234079791,
aerial_view|t0.002|max15|min0,1.2,1264,13688,3202,36304,,9.234365867913501,39.47532792004997,14.967436352871522,
aerial_view|t0.002|max15|min0,1.8,1003,7970,3202,30732,,12.584692597239648,31.32417239225484,17.95560329394916,
aerial_view|t0.002|max15|min0,2.4,672,3836,3202,22679,,17.51824817518248,20.986883198001248,19.096334185848253,
aerial_view|t0.002|max15|min0,3.6,150,574,3202,9445,,26.13240418118467,4.684572142410993,7.944915254237288,
aerial_view|t0.002|max15|min0,5.0,30,90,3202,4411,,33.333333333333336,0.9369144284821986,1.8226002430133657,
aerial_view|t0.002|max15|min0,10.0,1,1,3202,688,,100.0,0.03123048094940662,0.062441461130190445,
aerial_view|t0.002|max195|min0,0.3,2898,94400,3202,0,,3.069915254237288,90.50593379138039,5.938402901579885,
aerial_view|t0.002|max195|min0,0.45,2808,71106,3202,0,,3.9490338368070206,87.6951905059338,7.557732680195941,
aerial_view|t0.002|max195|min0,0.6,2781,69992,3202,0,,3.9733112355697795,86.85196752029981,7.5989835232396095,
aerial_view|t0.002|max195|min0,0.9,2687,57761,3202,0,,4.6519277713335985,83.91630231105559,8.81518297984023,
aerial_view|t0.002|max195|min0,1.2,2570,49992,3202,0,,5.140822531605057,80.26233603997501,9.662743918487047,
aerial_view|t0.002|max195|min0,1.8,2393,38702,3202,0,,6.183142990026355,74.73454091193004,11.421344024436808,
aerial_view|t0.002|max195|min0,2.4,2111,26515,3202,0,,7.961531208749764,65.92754528419738,14.20735605882155,
aerial_view|t0.002|max195|min0,3.6,1143,10019,3202,0,,11.408324184050304,35.696439725171764,17.290673927842068,
aerial_view|t0.002|max195|min0,5.0,505,4501,3202,0,,11.219728949122418,15.771392879450344,13.111774633259769,
aerial_view|t0.002|max195|min0,10.0,81,689,3202,0,,11.756168359941945,2.5296689569019364,4.163454124903624,
aerial_view|t0.002|max20|min0,0.3,2484,61539,3202,32861,,4.036464680934042,77.57651467832605,7.673653480792697,
aerial_view|t0.002|max20|min0,0.45,2338,41761,3202,29345,,5.598524939536889,73.01686445971268,10.399661944265285,
aerial_view|t0.002|max20|min0,0.6,2316,39902,3202,30090,,5.80422033983259,72.32979387882574,10.74610244988864,
aerial_view|t0.002|max20|min0,0.9,2165,27413,3202,30348,,7.897712764017072,67.61399125546534,14.143393761228156,
aerial_view|t0.002|max20|min0,1.2,1954,20711,3202,29281,,9.434599971029888,61.02435977514054,16.342575168318486,
aerial_view|t0.002|max20|min0,1.8,1671,13094,3202,25608,,12.761570184817474,52.18613366645847,20.508100147275407,
aerial_view|t0.002|max20|min0,2.4,1220,6719,3202,19796,,18.15746390831969,38.10118675827608,24.594294929946578,
aerial_view|t0.002|max20|min0,3.6,398,1261,3202,8758,,31.562252180808883,12.429731417863835,17.83553663455075,
aerial_view|t0.002|max20|min0,5.0,94,246,3202,4255,,38.21138211382114,2.935665209244222,5.452436194895592,
aerial_view|t0.002|max20|min0,10.0,3,9,3202,680,,33.333333333333336,0.09369144284821987,0.18685767673621925,
aerial_view|t0.002|max30|min0,0.3,2839,75207,3202,19193,,3.774914569122555,88.6633354153654,7.241515642336976,
aerial_view|t0.002|max30|min0,0.45,2731,53435,3202,17671,,5.110882380462244,85.29044347282948,9.64387238024613,
aerial_view|t0.002|max30|min0,0.6,2710,51857,3202,18135,,5.225909713249899,84.63460337289195,9.84398554278138,
aerial_view|t0.002|max30|min0,0.9,2597,38837,3202,18924,,6.686922264850529,81.105559025609,12.355193986536312,
aerial_view|t0.002|max30|min0,1.2,2476,31368,3202,18624,,7.89339454220862,77.32667083073079,14.324558866068847,
aerial_view|t0.002|max30|min0,1.8,2262,21815,3202,16887,,10.36901214760486,70.64334790755778,18.083703081904304,
aerial_view|t0.002|max30|min0,2.4,1935,12489,3202,14026,,15.493634398270478,60.43098063710181,24.663820024217703,
aerial_view|t0.002|max30|min0,3.6,885,2854,3202,7165,,31.009110021023126,27.63897564022486,29.227212681638044,
aerial_view|t0.002|max30|min0,5.0,301,756,3202,3745,,39.81481481481482,9.400374765771392,15.209701869631127,
aerial_view|t0.002|max30|min0,10.0,18,45,3202,644,,40.0,0.5621486570893192,1.108715737603942,
aerial_view|t0.002|max60|min0,0.3,2892,86654,3202,7746,,3.3374108523553443,90.31855090568395,6.436965811965812,
aerial_view|t0.002|max60|min0,0.45,2800,63888,3202,7218,,4.38266967192587,87.44534665833854,8.346996571769266,
aerial_view|t0.002|max60|min0,0.6,2774,62661,3202,7331,,4.426996058154195,86.63335415365397,8.423545845163446,
aerial_view|t0.002|max60|min0,0.9,2676,50025,3202,7736,,5.349325337331335,83.57276702061212,10.055047250455596,
aerial_view|t0.002|max60|min0,1.2,2561,42445,3202,7547,,6.033690658499235,79.98126171143035,11.220890748570552,
aerial_view|t0.002|max60|min0,1.8,2383,31817,3202,6885,,7.48970676053682,74.42223610243597,13.609754704588937,
aerial_view|t0.002|max60|min0,2.4,2102,20477,3202,6038,,10.265175562826586,65.64647095565272,17.754128130410912,
aerial_view|t0.002|max60|min0,3.6,1118,6289,3202,3730,,17.77707107648275,34.9156777014366,23.559161310715414,
aerial_view|t0.002|max60|min0,5.0,482,2279,3202,2222,,21.14962702939886,15.053091817613991,17.58803138113483,
aerial_view|t0.002|max60|min0,10.0,67,258,3202,431,,25.968992248062015,2.092442223610244,3.8728323699421967,
aerial_view|t0.003|max15|min0,0.3,1780,39821,3202,38403,,4.470003264609126,55.590256089943786,8.274643795179323,
aerial_view|t0.003|max15|min0,0.45,1580,23722,3202,33188,,6.660483938959616,49.34415990006246,11.736740454612985,
aerial_view|t0.003|max15|min0,0.6,1556,22516,3202,33943,,6.910641321726772,48.594628357276704,12.100474375923477,
aerial_view|t0.003|max15|min0,0.9,1332,14131,3202,32925,,9.426084495081735,41.599000624609616,15.369526337044944,
aerial_view|t0.003|max15|min0,1.2,1110,9996,3202,30754,,11.104441776710685,34.66583385384135,16.820730413699046,
aerial_view|t0.003|max15|min0,1.8,858,5725,3202,25954,,14.986899563318778,26.79575265459088,19.222583174638736,
aerial_view|t0.003|max15|min0,2.4,565,2737,3202,18756,,20.643039824625504,17.64522173641474,19.026772183869337,
aerial_view|t0.003|max15|min0,3.6,109,371,3202,7288,,29.380053908355794,3.4041224234853216,6.101315421214665,
aerial_view|t0.003|max15|min0,5.0,20,50,3202,3253,,40.0,0.6246096189881324,1.2300123001230012,
aerial_view|t0.003|max15|min0,10.0,0,0,3202,455,,,0.0,0.0,
aerial_view|t0.003|max195|min0,0.3,2847,78224,3202,0,,3.6395479648189815,88.91317926296065,6.992852405865448,
aerial_view|t0.003|max195|min0,0.45,2748,56910,3202,0,,4.828676858197153,85.8213616489694,9.142933191376098,
aerial_view|t0.003|max195|min0,0.6,2725,56459,3202,0,,4.8265112736676175,85.10306058713304,9.134945776973233,
aerial_view|t0.003|max195|min0,0.9,2629,47056,3202,0,,5.586960217613057,82.10493441599,10.462015997453141,
aerial_view|t0.003|max195|min0,1.2,2508,40750,3202,0,,6.154601226993865,78.32604622111181,11.412449945394977,
aerial_view|t0.003|max195|min0,1.8,2317,31679,3202,0,,7.313993497269484,72.36102435977514,13.285169576560305,
aerial_view|t0.003|max195|min0,2.4,2022,21493,3202,0,,9.407714139487275,63.148032479700184,16.375784571775664,
aerial_view|t0.003|max195|min0,3.6,944,7659,3202,0,,12.325368847107978,29.48157401623985,17.38329803885462,
aerial_view|t0.003|max195|min0,5.0,380,3303,3202,0,,11.504692703602785,11.867582760774516,11.683320522674865,
aerial_view|t0.003|max195|min0,10.0,61,455,3202,0,,13.406593406593407,1.9050593379138039,3.336067815149029,
aerial_view|t0.003|max20|min0,0.3,2374,49789,3202,28435,,4.768121472614433,74.14116177389131,8.960012077522599,
aerial_view|t0.003|max20|min0,0.45,2193,31760,3202,25150,,6.904911838790932,68.48844472204873,12.54504891024541,
aerial_view|t0.003|max20|min0,0.6,2185,30592,3202,25867,,7.142390167364017,68.23860087445347,12.931289578031603,
aerial_view|t0.003|max20|min0,0.9,2019,20938,3202,26118,,9.642754799885376,63.054341036851966,16.727423363711683,
aerial_view|t0.003|max20|min0,1.2,1814,15690,3202,25060,,11.561504142766093,56.65209244222361,19.203895828922295,
aerial_view|t0.003|max20|min0,1.8,1531,9807,3202,21872,,15.611298052411543,47.81386633354153,23.537550926281806,
aerial_view|t0.003|max20|min0,2.4,1083,4971,3202,16522,,21.786360893180447,33.82261086820737,26.501896488437538,
aerial_view|t0.003|max20|min0,3.6,311,875,3202,6784,,35.542857142857144,9.71267957526546,15.256315918567575,
aerial_view|t0.003|max20|min0,5.0,62,149,3202,3154,,41.61073825503356,1.9362898188632105,3.700387943897344,
aerial_view|t0.003|max20|min0,10.0,0,3,3202,452,,0.0,0.0,0.0,
aerial_view|t0.003|max30|min0,0.3,2777,61620,3202,16604,,4.5066536838688736,86.72704559650218,8.568078738699825,
aerial_view|t0.003|max30|min0,0.45,2661,41676,3202,15234,,6.384969766772243,83.10430980637102,11.858817237844823,
aerial_view|t0.003|max30|min0,0.6,2643,40795,3202,15664,,6.478735139110185,82.5421611492817,12.014455531058935,
aerial_view|t0.003|max30|min0,0.9,2532,30706,3202,16350,,8.245945417833648,79.07557776389757,14.93452872478471,
aerial_view|t0.003|max30|min0,1.2,2403,24751,3202,15999,,9.70869863843885,75.0468457214241,17.193145637319788,
aerial_view|t0.003|max30|min0,1.8,2176,17069,3202,14610,,12.748257074228134,67.9575265459088,21.469093779290613,
aerial_view|t0.003|max30|min0,2.4,1828,9626,3202,11867,,18.990234780801995,57.0893191755153,28.500155908949175,
aerial_view|t0.003|max30|min0,3.6,698,2042,3202,5617,,34.18217433888345,21.798875702685823,26.62090007627765,
aerial_view|t0.003|max30|min0,5.0,212,479,3202,2824,,44.258872651356995,6.620861961274204,11.518609073621299,
aerial_view|t0.003|max30|min0,10.0,7,17,3202,438,,41.1764705882353,0.21861336664584635,0.43491767629698663,
aerial_view|t0.003|max60|min0,0.3,2841,71558,3202,6666,,3.9702059867520054,88.7257963772642,7.600321027287319,
aerial_view|t0.003|max60|min0,0.45,2740,50671,3202,6239,,5.407432259083104,85.57151780137414,10.172071352996863,
aerial_view|t0.003|max60|min0,0.6,2717,50034,3202,6425,,5.4303073909741375,84.85321673953779,10.207378465699902,
aerial_view|t0.003|max60|min0,0.9,2618,40341,3202,6715,,6.489675516224189,81.76139912554653,12.024894931447076,
aerial_view|t0.003|max60|min0,1.2,2497,34243,3202,6507,,7.292001284934147,77.98251093066833,13.336894111363334,
aerial_view|t0.003|max60|min0,1.8,2306,25634,3202,6045,,8.99586486697355,72.01748906933167,15.993896518241087,
aerial_view|t0.003|max60|min0,2.4,2010,16307,3202,5186,,12.325994971484638,62.77326670830731,20.6058742119022,
aerial_view|t0.003|max60|min0,3.6,914,4654,3202,3005,,19.639020197679415,28.54465958775765,23.268839103869652,
aerial_view|t0.003|max60|min0,5.0,361,1559,3202,1744,,23.15586914688903,11.27420362273579,15.164881327452216,
aerial_view|t0.003|max60|min0,10.0,46,149,3202,306,,30.87248322147651,1.4366021236727045,2.7454491196657713,
aerial_view|t0.005|max15|min0,0.3,1580,27647,3202,30939,,5.714905776395269,49.34415990006246,10.243443871762455,
aerial_view|t0.005|max15|min0,0.45,1297,14894,3202,26090,,8.70820464616624,40.505933791380386,14.334659593280282,
aerial_view|t0.005|max15|min0,0.6,1314,14481,3202,26920,,9.073958980733375,41.0368519675203,14.861731606627835,
aerial_view|t0.005|max15|min0,0.9,1095,9133,3202,26351,,11.989488667469615,34.19737663960025,17.754357519254153,
aerial_view|t0.005|max15|min0,1.2,907,6420,3202,24485,,14.12772585669782,28.326046221111806,18.852629390979008,
aerial_view|t0.005|max15|min0,1.8,678,3604,3202,20574,,18.81243063263041,21.174266083697688,19.92359682632971,
aerial_view|t0.005|max15|min0,2.4,446,1704,3202,14382,,26.173708920187792,13.928794503435354,18.181818181818183,
aerial_view|t0.005|max15|min0,3.6,76,201,3202,5085,,37.81094527363184,2.373516552154903,4.466647076109315,
aerial_view|t0.005|max15|min0,5.0,13,21,3202,2147,,61.904761904761905,0.4059962523422861,0.8067018305926156,
aerial_view|t0.005|max15|min0,10.0,0,0,3202,253,,,0.0,0.0,
aerial_view|t0.005|max195|min0,0.3,2759,58586,3202,0,,4.709316218891885,86.16489693941287,8.93053667378779,
aerial_view|t0.005|max195|min0,0.45,2627,40984,3202,0,,6.409818465742729,82.0424734540912,11.890644095414837,
aerial_view|t0.005|max195|min0,0.6,2641,41401,3202,0,,6.3790729692519506,82.47970018738289,11.842252763267044,
aerial_view|t0.005|max195|min0,0.9,2532,35484,3202,0,,7.135610415962124,79.07557776389757,13.090006720777541,
aerial_view|t0.005|max195|min0,1.2,2408,30905,3202,0,,7.7916194790486974,75.20299812617114,14.120268566569912,
aerial_view|t0.005|max195|min0,1.8,2206,24178,3202,0,,9.123997022086193,68.894440974391,16.113951789627464,
aerial_view|t0.005|max195|min0,2.4,1855,16086,3202,0,,11.531766753698868,57.93254216114928,19.23475736209042,
aerial_view|t0.005|max195|min0,3.6,720,5286,3202,0,,13.620885357548241,22.485946283572765,16.96512723845429,
aerial_view|t0.005|max195|min0,5.0,264,2168,3202,0,,12.177121771217712,8.244846970643348,9.832402234636872,
aerial_view|t0.005|max195|min0,10.0,36,253,3202,0,,14.229249011857707,1.1242973141786383,2.0839363241678726,
aerial_view|t0.005|max20|min0,0.3,2185,35451,3202,23135,,6.163436856506164,68.23860087445347,11.305720125216672,
aerial_view|t0.005|max20|min0,0.45,1948,20815,3202,20169,,9.358635599327409,60.836976889444095,16.221842861306573,
aerial_view|t0.005|max20|min0,0.6,1987,20507,3202,20894,,9.689374359974643,62.054965646470954,16.76156733729807,
aerial_view|t0.005|max20|min0,0.9,1797,14316,3202,21168,,12.55238893545683,56.1211742660837,20.516040643909122,
aerial_view|t0.005|max20|min0,1.2,1596,10621,3202,20284,,15.026833631484795,49.84384759525297,23.091948202271578,
aerial_view|t0.005|max20|min0,1.8,1326,6522,3202,17656,,20.3311867525299,41.41161773891318,27.272727272727273,
aerial_view|t0.005|max20|min0,2.4,904,3249,3202,12837,,27.823945829485996,28.232354778263584,28.02666253294063,
aerial_view|t0.005|max20|min0,3.6,221,512,3202,4774,,43.1640625,6.901936289818863,11.900915455035003,
aerial_view|t0.005|max20|min0,5.0,33,67,3202,2101,,49.25373134328358,1.0306058713304185,2.018966044661976,
aerial_view|t0.005|max20|min0,10.0,0,1,3202,252,,0.0,0.0,0.0,
aerial_view|t0.005|max30|min0,0.3,2673,44990,3202,13596,,5.941320293398533,83.4790755777639,11.09312749003984,
aerial_view|t0.005|max30|min0,0.45,2517,28641,3202,12343,,8.788100974127998,78.60712054965647,15.808811983795497,
aerial_view|t0.005|max30|min0,0.6,2539,28601,3202,12800,,8.877311982098528,79.29419113054341,15.967047133918184,
aerial_view|t0.005|max30|min0,0.9,2418,22080,3202,13404,,10.951086956521738,75.5153029356652,19.12823352582865,
aerial_view|t0.005|max30|min0,1.2,2275,17773,3202,13132,,12.800315084679008,71.04934415990006,21.69249106078665,
aerial_view|t0.005|max30|min0,1.8,2048,12192,3202,11986,,16.79790026246719,63.96002498438476,26.607769260750942,
aerial_view|t0.005|max30|min0,2.4,1651,6691,3202,9395,,24.67493648184128,51.56152404747033,33.37713534822602,
aerial_view|t0.005|max30|min0,3.6,508,1265,3202,4021,,40.15810276679842,15.865084322298564,22.744571300649206,
aerial_view|t0.005|max30|min0,5.0,132,260,3202,1908,,50.76923076923077,4.122423485321674,7.625649913344887,
aerial_view|t0.005|max30|min0,10.0,4,8,3202,245,,50.0,0.12492192379762648,0.24922118380062305,
aerial_view|t0.005|max60|min0,0.3,2753,53058,3202,5528,,5.188661464812093,85.97751405371643,9.786704585851405,
aerial_view|t0.005|max60|min0,0.45,2618,35850,3202,5134,,7.302649930264993,81.76139912554653,13.407764006965072,
aerial_view|t0.005|max60|min0,0.6,2630,36137,3202,5264,,7.277859257824391,82.13616489693942,13.370955031902184,
aerial_view|t0.005|max60|min0,0.9,2517,29887,3202,5597,,8.421721818851005,78.60712054965647,15.213515065429599,
aerial_view|t0.005|max60|min0,1.2,2393,25474,3202,5431,,9.393891811258538,74.73454091193004,16.689914911424186,
aerial_view|t0.005|max60|min0,1.8,2192,19105,3202,5073,,11.473436273226904,68.45721424109931,19.65302371452907,
aerial_view|t0.005|max60|min0,2.4,1839,11921,3202,4165,,15.426558174649777,57.432854465958776,24.320571315215236,
aerial_view|t0.005|max60|min0,3.6,697,3087,3202,2199,,22.578555231616456,21.767645221736416,22.165686118619814,
aerial_view|t0.005|max60|min0,5.0,248,938,3202,1230,,26.439232409381663,7.745159275452842,11.980676328502415,
aerial_view|t0.005|max60|min0,10.0,23,70,3202,183,,32.857142857142854,0.7183010618363522,1.4058679706601467,
aerial_view|t0.0075|max15|min0,0.3,1386,19232,3202,25239,,7.206738768718802,43.28544659587757,12.356244985290184,
aerial_view|t0.0075|max15|min0,0.45,1101,9743,3202,21155,,11.300420814944063,34.38475952529669,17.01042873696408,
aerial_view|t0.0075|max15|min0,0.6,1120,9732,3202,21924,,11.508425811755036,34.978138663335415,17.31869491263337,
aerial_view|t0.0075|max15|min0,0.9,907,6157,3202,21416,,14.731200259866819,28.326046221111806,19.382412650924245,
aerial_view|t0.0075|max15|min0,1.2,755,4342,3202,20060,,17.38830032243206,23.579013116802,20.015906680805937,
aerial_view|t0.0075|max15|min0,1.8,553,2408,3202,16538,,22.96511627906977,17.27045596502186,19.714795008912656,
aerial_view|t0.0075|max15|min0,2.4,359,1107,3202,11320,,32.429990966576334,11.211742660836977,16.662798793223487,
aerial_view|t0.0075|max15|min0,3.6,44,108,3202,3647,,40.74074074074074,1.3741411617738912,2.6586102719033233,
aerial_view|t0.0075|max15|min0,5.0,8,10,3202,1495,,80.0,0.24984384759525297,0.49813200498132004,
aerial_view|t0.0075|max15|min0,10.0,0,0,3202,159,,,0.0,0.0,
aerial_view|t0.0075|max195|min0,0.3,2681,44471,3202,0,,6.028647882889973,83.72891942535915,11.247456631636355,
aerial_view|t0.0075|max195|min0,0.45,2529,30898,3202,0,,8.184995792607936,78.98188632104934,14.832844574780058,
aerial_view|t0.0075|max195|min0,0.6,2551,31656,3202,0,,8.05850391710892,79.66895690193628,14.63652533134431,
aerial_view|t0.0075|max195|min0,0.9,2436,27573,3202,0,,8.834729626808835,76.07745159275453,15.831031681559708,
aerial_view|t0.0075|max195|min0,1.2,2306,24402,3202,0,,9.450045078272273,72.01748906933167,16.707723518330678,
aerial_view|t0.0075|max195|min0,1.8,2076,18946,3202,0,,10.957458038636124,64.83447845096815,18.746613689723677,
aerial_view|t0.0075|max195|min0,2.4,1695,12427,3202,0,,13.639655588637645,52.93566520924422,21.69044724550515,
aerial_view|t0.0075|max195|min0,3.6,551,3755,3202,0,,14.673768308921439,17.20799500312305,15.840160988932011,
aerial_view|t0.0075|max195|min0,5.0,184,1505,3202,0,,12.225913621262459,5.746408494690818,7.8181431909921395,
aerial_view|t0.0075|max195|min0,10.0,22,159,3202,0,,13.836477987421384,0.6870705808869456,1.309134186254091,
aerial_view|t0.0075|max20|min0,0.3,2010,25345,3202,19126,,7.9305582955217995,62.77326670830731,14.082040144323397,
aerial_view|t0.0075|max20|min0,0.45,1755,14240,3202,16658,,12.32443820224719,54.80949406620862,20.123839009287927,
aerial_view|t0.0075|max20|min0,0.6,1809,14400,3202,17256,,12.5625,56.49594003747658,20.554482445176685,
aerial_view|t0.0075|max20|min0,0.9,1583,10066,3202,17507,,15.726207033578383,49.43785134291068,23.86192342478143,
aerial_view|t0.0075|max20|min0,1.2,1407,7488,3202,16914,,18.790064102564102,43.941286695815116,26.323666978484564,
aerial_view|t0.0075|max20|min0,1.8,1155,4583,3202,14363,,25.201832860571677,36.071205496564644,29.672447013487474,
aerial_view|t0.0075|max20|min0,2.4,764,2235,3202,10192,,34.1834451901566,23.860087445346657,28.10373367665992,
aerial_view|t0.0075|max20|min0,3.6,138,297,3202,3458,,46.464646464646464,4.309806371018114,7.88796799085453,
aerial_view|t0.0075|max20|min0,5.0,18,31,3202,1474,,58.064516129032256,0.5621486570893192,1.1135168574079801,
aerial_view|t0.0075|max20|min0,10.0,0,0,3202,159,,,0.0,0.0,
aerial_view|t0.0075|max30|min0,0.3,2577,33135,3202,11336,,7.777274784970575,80.48094940662087,14.183889699204668,
aerial_view|t0.0075|max30|min0,0.45,2405,20634,3202,10264,,11.655520015508385,75.10930668332293,20.17956032891425,
aerial_view|t0.0075|max30|min0,0.6,2436,20971,3202,10685,,11.616041199752038,76.07745159275453,20.154718073884087,
aerial_view|t0.0075|max30|min0,0.9,2305,16359,3202,11214,,14.090103307048109,71.98625858838226,23.567302285159247,
aerial_view|t0.0075|max30|min0,1.2,2155,13332,3202,11070,,16.164116411641164,67.30168644597127,26.06749727833555,
aerial_view|t0.0075|max30|min0,1.8,1913,9029,3202,9917,,21.187285413667073,59.743910056214865,31.281170795519582,
aerial_view|t0.0075|max30|min0,2.4,1464,4863,3202,7564,,30.104873534855027,45.72142410993129,36.30502169869808,
aerial_view|t0.0075|max30|min0,3.6,368,808,3202,2947,,45.54455445544554,11.492816989381636,18.35411471321696,
aerial_view|t0.0075|max30|min0,5.0,80,147,3202,1358,,54.42176870748299,2.4984384759525295,4.77754553598089,
aerial_view|t0.0075|max30|min0,10.0,2,3,3202,156,,66.66666666666667,0.06246096189881324,0.12480499219968799,
aerial_view|t0.0075|max60|min0,0.3,2672,39808,3202,4663,,6.712218649517685,83.44784509681449,12.425017437805161,
aerial_view|t0.0075|max60|min0,0.45,2518,26564,3202,4334,,9.478994127390454,78.63835103060588,16.918631996237316,
aerial_view|t0.0075|max60|min0,0.6,2540,27188,3202,4468,,9.342356922171547,79.32542161149281,16.71602500822639,
aerial_view|t0.0075|max60|min0,0.9,2420,22841,3202,4732,,10.594982706536491,75.57776389756403,18.58464846599854,
aerial_view|t0.0075|max60|min0,1.2,2290,19742,3202,4660,,11.599635295309492,71.51780137414116,19.961645746164574,
aerial_view|t0.0075|max60|min0,1.8,2060,14695,3202,4251,,14.018373596461382,64.33479075577763,23.02061798066715,
aerial_view|t0.0075|max60|min0,2.4,1676,9016,3202,3411,,18.589174800354925,52.3422860712055,27.43493206744148,
aerial_view|t0.0075|max60|min0,3.6,531,2113,3202,1642,,25.13014671083767,16.583385384134914,19.981185324553152,
aerial_view|t0.0075|max60|min0,5.0,171,609,3202,896,,28.07881773399015,5.340412242348532,8.974022566255575,
aerial_view|t0.0075|max60|min0,10.0,13,37,3202,122,,35.13513513513514,0.4059962523422861,0.8027168879283729,
aerial_view|t0.01|max15|min0,0.3,1247,14284,3202,21565,,8.730047605712686,38.94440974391006,14.262838842502573,
aerial_view|t0.01|max15|min0,0.45,958,6913,3202,17802,,13.857948792130768,29.918800749531542,18.942165101334652,
aerial_view|t0.01|max15|min0,0.6,976,7109,3202,18628,,13.72907581938388,30.480949406620862,18.93123848317331,
aerial_view|t0.01|max15|min0,0.9,782,4562,3202,18332,,17.14160455940377,24.422236102435978,20.14425553838228,
aerial_view|t0.01|max15|min0,1.2,662,3191,3202,17053,,20.74584769664682,20.674578388507182,20.710151728452995,
aerial_view|t0.01|max15|min0,1.8,483,1768,3202,14069,,27.31900452488688,15.084322298563398,19.43661971830986,
aerial_view|t0.01|max15|min0,2.4,279,782,3202,9363,,35.67774936061381,8.713304184884446,14.006024096385541,
aerial_view|t0.01|max15|min0,3.6,34,69,3202,2822,,49.27536231884058,1.061836352279825,2.0788749617853868,
aerial_view|t0.01|max15|min0,5.0,3,3,3202,1137,,100.0,0.09369144284821987,0.187207488299532,
aerial_view|t0.01|max15|min0,10.0,0,0,3202,95,,,0.0,0.0,
aerial_view|t0.01|max195|min0,0.3,2600,35849,3202,0,,7.252643030488995,81.19925046845721,13.315920206908913,
aerial_view|t0.01|max195|min0,0.45,2456,24715,3202,0,,9.937285049565041,76.70206121174266,17.59501379088011,
aerial_view|t0.01|max195|min0,0.6,2467,25737,3202,0,,9.585421766328633,77.04559650218613,17.049656173330106,
aerial_view|t0.01|max195|min0,0.9,2360,22894,3202,0,,10.30837774089281,73.70393504059963,18.087063151440834,
aerial_view|t0.01|max195|min0,1.2,2223,20244,3202,0,,10.981031416716064,69.42535915053092,18.962722852512155,
aerial_view|t0.01|max195|min0,1.8,1996,15837,3202,0,,12.603397108038138,62.336039975015616,20.967487788224172,
aerial_view|t0.01|max195|min0,2.4,1542,10145,3202,0,,15.19960571710202,48.15740162398501,23.106316026073277,
aerial_view|t0.01|max195|min0,3.6,443,2891,3202,0,,15.323417502594259,13.835103060587134,14.541276875102577,
aerial_view|t0.01|max195|min0,5.0,148,1140,3202,0,,12.982456140350877,4.62211118051218,6.817134960847536,
aerial_view|t0.01|max195|min0,10.0,13,95,3202,0,,13.68421052631579,0.4059962523422861,0.7885956930542918,
aerial_view|t0.01|max20|min0,0.3,1867,19363,3202,16486,,9.642100914114549,58.30730793254216,16.54775094172391,
aerial_view|t0.01|max20|min0,0.45,1616,10517,3202,14198,,15.365598554720927,50.4684572142411,23.55856840877615,
aerial_view|t0.01|max20|min0,0.6,1644,10887,3202,14850,,15.100578671810416,51.34291068082449,23.33735538363262,
aerial_view|t0.01|max20|min0,0.9,1442,7717,3202,15177,,18.686017882596865,45.034353529044346,26.412675153402326,
aerial_view|t0.01|max20|min0,1.2,1270,5697,3202,14547,,22.292434614709496,39.66271080574641,28.54253286886167,
aerial_view|t0.01|max20|min0,1.8,1050,3504,3202,12333,,29.965753424657535,32.792004996876955,31.315240083507305,
aerial_view|t0.01|max20|min0,2.4,660,1667,3202,8478,,39.59208158368326,20.61211742660837,27.110289587184226,
aerial_view|t0.01|max20|min0,3.6,108,213,3202,2678,,50.70422535211268,3.372891942535915,6.325036603221084,
aerial_view|t0.01|max20|min0,5.0,9,17,3202,1123,,52.94117647058823,0.2810743285446596,0.5591798695246971,
aerial_view|t0.01|max20|min0,10.0,0,0,3202,95,,,0.0,0.0,
aerial_view|t0.01|max30|min0,0.3,2483,25998,3202,9851,,9.550734671897839,77.54528419737665,17.006849315068493,
aerial_view|t0.01|max30|min0,0.45,2312,15874,3202,8841,,14.564696988786695,72.20487195502811,24.239882574963303,
aerial_view|t0.01|max30|min0,0.6,2336,16460,3202,9277,,14.19198055893074,72.95440349781387,23.76157054216255,
aerial_view|t0.01|max30|min0,0.9,2212,13087,3202,9807,,16.90226942767632,69.08182386008744,27.159432746024926,
aerial_view|t0.01|max30|min0,1.2,2049,10623,3202,9621,,19.288336628071168,63.99125546533416,29.641952983725137,
aerial_view|t0.01|max30|min0,1.8,1801,7218,3202,8619,,24.951510113604876,56.24609618988132,34.56813819577735,
aerial_view|t0.01|max30|min0,2.4,1308,3778,3202,6367,,34.621492853361566,40.84946908182386,37.4785100286533,
aerial_view|t0.01|max30|min0,3.6,287,585,3202,2306,,49.05982905982906,8.963148032479701,15.157116451016636,
aerial_view|t0.01|max30|min0,5.0,55,92,3202,1048,,59.78260869565217,1.7176764522173642,3.3394049787492412,
aerial_view|t0.01|max30|min0,10.0,1,1,3202,94,,100.0,0.03123048094940662,0.062441461130190445,
aerial_view|t0.01|max60|min0,0.3,2589,31746,3202,4103,,8.155358155358156,80.85571517801374,14.816298500629507,
aerial_view|t0.01|max60|min0,0.45,2445,20961,3202,3754,,11.66451982252755,76.35852592129919,20.23755328394653,
aerial_view|t0.01|max60|min0,0.6,2456,21819,3202,3918,,11.25624455749576,76.70206121174266,19.631509531993125,
aerial_view|t0.01|max60|min0,0.9,2344,18713,3202,4181,,12.526051408112007,73.20424734540912,21.39174081679215,
aerial_view|t0.01|max60|min0,1.2,2206,16170,3202,4074,,13.642547928262214,68.894440974391,22.775139376419574,
aerial_view|t0.01|max60|min0,1.8,1979,12134,3202,3703,,16.30954343167958,61.8051217988757,25.808555033907147,
aerial_view|t0.01|max60|min0,2.4,1518,7273,3202,2872,,20.871717310600854,47.40787008119925,28.98329355608592,
aerial_view|t0.01|max60|min0,3.6,425,1583,3202,1308,,26.847757422615288,13.272954403497813,17.763845350052247,
aerial_view|t0.01|max60|min0,5.0,133,446,3202,694,,29.820627802690584,4.15365396627108,7.291666666666667,
aerial_view|t0.01|max60|min0,10.0,8,21,3202,74,,38.095238095238095,0.24984384759525297,0.4964318957493019,
aerial_view|t0.02|max15|min0,0.3,875,5959,3202,13369,,14.68367175700621,27.326670830730794,19.102718043881673,
aerial_view|t0.02|max15|min0,0.45,570,2591,3202,10853,,21.999228097259746,17.801374141161773,19.67892283790782,
aerial_view|t0.02|max15|min0,0.6,612,2902,3202,11790,,21.08890420399724,19.11305434103685,20.052424639580604,
aerial_view|t0.02|max15|min0,0.9,513,1923,3202,11748,,26.67706708268331,16.021236727045597,20.01951219512195,
aerial_view|t0.02|max15|min0,1.2,421,1344,3202,10947,,31.324404761904763,13.148032479700188,18.521777386713595,
aerial_view|t0.02|max15|min0,1.8,314,780,3202,8860,,40.256410256410255,9.80637101811368,15.770969362129582,
aerial_view|t0.02|max15|min0,2.4,152,314,3202,5287,,48.40764331210191,4.747033104309806,8.646188850967008,
aerial_view|t0.02|max15|min0,3.6,21,29,3202,1350,,72.41379310344827,0.655840099937539,1.2999071494893222,
aerial_view|t0.02|max15|min0,5.0,0,0,3202,488,,,0.0,0.0,
aerial_view|t0.02|max15|min0,10.0,0,0,3202,31,,,0.0,0.0,
aerial_view|t0.02|max195|min0,0.3,2264,19328,3202,0,,11.713576158940397,70.70580886945659,20.097647581003105,
aerial_view|t0.02|max195|min0,0.45,2058,13444,3202,0,,15.307944064266588,64.27232979387882,24.726661059714047,
aerial_view|t0.02|max195|min0,0.6,2167,14692,3202,0,,14.749523550231418,67.67645221736414,24.22040907566782,
aerial_view|t0.02|max195|min0,0.9,2072,13671,3202,0,,15.156169994879672,64.70955652717052,24.5599478456706,
aerial_view|t0.02|max195|min0,1.2,1921,12291,3202,0,,15.629322268326417,59.993753903810116,24.79829600464726,
aerial_view|t0.02|max195|min0,1.8,1720,9640,3202,0,,17.842323651452283,53.716427232979385,26.787104812334526,
aerial_view|t0.02|max195|min0,2.4,1149,5601,3202,0,,20.51419389394751,35.88382261086821,26.104737021469955,
aerial_view|t0.02|max195|min0,3.6,253,1379,3202,0,,18.346627991298043,7.901311680199875,11.045623226369788,
aerial_view|t0.02|max195|min0,5.0,68,488,3202,0,,13.934426229508198,2.12367270455965,3.6856368563685638,
aerial_view|t0.02|max195|min0,10.0,7,31,3202,0,,22.580645161290324,0.21861336664584635,0.43303433343643677,
aerial_view|t0.02|max20|min0,0.3,1456,8798,3202,10530,,16.54921573084792,45.47158026233604,24.266666666666666,
aerial_view|t0.02|max20|min0,0.45,1135,4457,3202,8987,,25.46555979358313,35.44659587757651,29.638333986160074,
aerial_view|t0.02|max20|min0,0.6,1220,4968,3202,9724,,24.55716586151369,38.10118675827608,29.865361077111384,
aerial_view|t0.02|max20|min0,0.9,1071,3683,3202,9988,,29.07955471083356,33.44784509681449,31.11111111111111,
aerial_view|t0.02|max20|min0,1.2,914,2695,3202,9596,,33.91465677179963,28.54465958775765,30.998812955740206,
aerial_view|t0.02|max20|min0,1.8,739,1727,3202,7913,,42.790966994788654,23.079325421611493,29.985798336376547,
aerial_view|t0.02|max20|min0,2.4,433,786,3202,4815,,55.089058524173026,13.522798251093066,21.715145436308926,
aerial_view|t0.02|max20|min0,3.6,63,89,3202,1290,,70.78651685393258,1.9675202998126171,3.828623518687329,
aerial_view|t0.02|max20|min0,5.0,1,3,3202,485,,33.333333333333336,0.03123048094940662,0.062402496099843996,
aerial_view|t0.02|max20|min0,10.0,0,0,3202,31,,,0.0,0.0,
aerial_view|t0.02|max30|min0,0.3,2109,12862,3202,6466,,16.3971388586534,65.86508432229856,26.257470119521912,
aerial_view|t0.02|max30|min0,0.45,1881,7707,3202,5737,,24.406383806928766,58.744534665833854,34.48528737739481,
aerial_view|t0.02|max30|min0,0.6,1990,8495,3202,6197,,23.425544437904648,62.14865708931917,34.02581858596221,
aerial_view|t0.02|max30|min0,0.9,1882,7129,3202,6542,,26.399214476083603,58.77576514678326,36.43403349143355,
aerial_view|t0.02|max30|min0,1.2,1724,5788,3202,6503,,29.785763648928818,53.841349156777014,38.35372636262514,
aerial_view|t0.02|max30|min0,1.8,1498,3959,3202,5681,,37.83783783783784,46.78326046221112,41.837732160312804,
aerial_view|t0.02|max30|min0,2.4,926,1914,3202,3687,,48.380355276907004,28.91942535915053,36.20015637216576,
aerial_view|t0.02|max30|min0,3.6,163,253,3202,1126,,64.42687747035573,5.090568394753279,9.4356005788712,
aerial_view|t0.02|max30|min0,5.0,20,31,3202,457,,64.51612903225806,0.6246096189881324,1.2372409526755335,
aerial_view|t0.02|max30|min0,10.0,1,1,3202,30,,100.0,0.03123048094940662,0.062441461130190445,
aerial_view|t0.02|max60|min0,0.3,2246,16572,3202,2756,,13.55298093169201,70.14366021236727,22.716698695256397,
aerial_view|t0.02|max60|min0,0.45,2042,10959,3202,2485,,18.633086960489095,63.77264209868832,28.839771202598687,
aerial_view|t0.02|max60|min0,0.6,2154,12023,3202,2669,,17.91566164850703,67.27045596502187,28.295566502463053,
aerial_view|t0.02|max60|min0,0.9,2059,10814,3202,2857,,19.040133160717588,64.30356027482823,29.380707762557076,
aerial_view|t0.02|max60|min0,1.2,1905,9508,3202,2783,,20.035759360538496,59.494066208619614,29.97639653815893,
aerial_view|t0.02|max60|min0,1.8,1702,7152,3202,2488,,23.79753914988814,53.15427857589007,32.8761831176357,
aerial_view|t0.02|max60|min0,2.4,1129,3896,3202,1705,,28.978439425051334,35.25921299188008,31.81177796562412,
aerial_view|t0.02|max60|min0,3.6,239,682,3202,697,,35.043988269794724,7.464084946908183,12.306900102986612,
aerial_view|t0.02|max60|min0,5.0,58,147,3202,341,,39.45578231292517,1.811367895065584,3.463720513586145,
aerial_view|t0.02|max60|min0,10.0,4,5,3202,26,,80.0,0.12492192379762648,0.2494543186778921,
aerial_view|t0.05|max15|min0,0.3,359,1245,3202,5178,,28.835341365461847,11.211742660836977,16.145716213177423,
aerial_view|t0.05|max15|min0,0.45,159,467,3202,3842,,34.04710920770878,4.965646470955653,8.667211774325429,
aerial_view|t0.05|max15|min0,0.6,211,598,3202,4600,,35.28428093645485,6.589631480324797,11.105263157894736,
aerial_view|t0.05|max15|min0,0.9,196,423,3202,5029,,46.335697399527184,6.121174266083698,10.813793103448276,
aerial_view|t0.05|max15|min0,1.2,157,300,3202,4584,,52.333333333333336,4.90318550905684,8.966304968589377,
aerial_view|t0.05|max15|min0,1.8,101,163,3202,3464,,61.96319018404908,3.1542785758900687,6.00297176820208,
aerial_view|t0.05|max15|min0,2.4,38,51,3202,1823,,74.50980392156863,1.1867582760774515,2.33630494927759,
aerial_view|t0.05|max15|min0,3.6,3,4,3202,355,,75.0,0.09369144284821987,0.18714909544603867,
aerial_view|t0.05|max15|min0,5.0,0,0,3202,117,,,0.0,0.0,
aerial_view|t0.05|max15|min0,10.0,0,0,3202,2,,,0.0,0.0,
aerial_view|t0.05|max195|min0,0.3,1521,6423,3202,0,,23.680523120037364,47.50156152404747,31.605194805194806,
aerial_view|t0.05|max195|min0,0.45,1185,4309,3202,0,,27.500580181016478,37.00811992504685,31.553721208893624,
aerial_view|t0.05|max195|min0,0.6,1372,5198,3202,0,,26.39476721816083,42.848219862585886,32.666666666666664,
aerial_view|t0.05|max195|min0,0.9,1406,5452,3202,0,,25.78870139398386,43.91005621486571,32.49364455743009,
aerial_view|t0.05|max195|min0,1.2,1262,4884,3202,0,,25.83947583947584,39.412866958151156,31.21444471926787,
aerial_view|t0.05|max195|min0,1.8,1023,3627,3202,0,,28.205128205128204,31.948782011242972,29.96046273246449,
aerial_view|t0.05|max195|min0,2.4,553,1874,3202,0,,29.509071504802563,17.27045596502186,21.788810086682428,
aerial_view|t0.05|max195|min0,3.6,82,359,3202,0,,22.841225626740947,2.5608994378513428,4.605447907891042,
aerial_view|t0.05|max195|min0,5.0,21,117,3202,0,,17.94871794871795,0.655840099937539,1.2654413980114492,
aerial_view|t0.05|max195|min0,10.0,2,2,3202,0,,100.0,0.06246096189881324,0.12484394506866417,
aerial_view|t0.05|max20|min0,0.3,767,2159,3202,4264,,35.52570634553034,23.95377888819488,28.614064540197724,
aerial_view|t0.05|max20|min0,0.45,451,983,3202,3326,,45.87995930824008,14.084946908182387,21.553166069295102,
aerial_view|t0.05|max20|min0,0.6,552,1232,3202,3966,,44.8051948051948,17.239225484072456,24.89851150202977,
aerial_view|t0.05|max20|min0,0.9,520,1034,3202,4418,,50.29013539651837,16.239850093691444,24.551463644948065,
aerial_view|t0.05|max20|min0,1.2,435,757,3202,4127,,57.46367239101717,13.58525921299188,21.975246274311694,
aerial_view|t0.05|max20|min0,1.8,344,511,3202,3116,,67.31898238747554,10.743285446595877,18.52949097764611,
aerial_view|t0.05|max20|min0,2.4,172,220,3202,1654,,78.18181818181819,5.3716427232979385,10.05260081823495,
aerial_view|t0.05|max20|min0,3.6,11,15,3202,344,,73.33333333333333,0.3435352904434728,0.6838669567920422,
aerial_view|t0.05|max20|min0,5.0,0,0,3202,117,,,0.0,0.0,
aerial_view|t0.05|max20|min0,10.0,0,0,3202,2,,,0.0,0.0,
aerial_view|t0.05|max30|min0,0.3,1323,3661,3202,2762,,36.137667304015295,41.31792629606496,38.55456797318957,
aerial_view|t0.05|max30|min0,0.45,969,2062,3202,2247,,46.99321047526673,30.262336039975015,36.8161094224924,
aerial_view|t0.05|max30|min0,0.6,1152,2578,3202,2620,,44.685802948021724,35.977514053716426,39.86159169550173,
aerial_view|t0.05|max30|min0,0.9,1184,2514,3202,2938,,47.096260938743036,36.97688944409744,41.42757172848145,
aerial_view|t0.05|max30|min0,1.2,1037,2012,3202,2872,,51.54075546719682,32.386008744534664,39.77752205600307,
aerial_view|t0.05|max30|min0,1.8,824,1369,3202,2258,,60.18991964937911,25.733916302311055,36.05338000437541,
aerial_view|t0.05|max30|min0,2.4,408,594,3202,1280,,68.68686868686869,12.742036227357902,21.49631190727081,
aerial_view|t0.05|max30|min0,3.6,42,56,3202,303,,75.0,1.311680199875078,2.578268876611418,
aerial_view|t0.05|max30|min0,5.0,4,5,3202,112,,80.0,0.12492192379762648,0.2494543186778921,
aerial_view|t0.05|max30|min0,10.0,0,0,3202,2,,,0.0,0.0,
aerial_view|t0.05|max60|min0,0.3,1489,5096,3202,1327,,29.218995290423862,46.502186133666456,35.8881658230899,
aerial_view|t0.05|max60|min0,0.45,1157,3192,3202,1117,,36.2468671679198,36.13366645846346,36.19017829214889,
aerial_view|t0.05|max60|min0,0.6,1348,3974,3202,1224,,33.920483140412685,42.098688319800125,37.56967670011148,
aerial_view|t0.05|max60|min0,0.9,1382,4159,3202,1293,,33.22914162058187,43.16052467207995,37.549246026355114,
aerial_view|t0.05|max60|min0,1.2,1243,3605,3202,1279,,34.479889042995836,38.81948782011243,36.52122814749522,
aerial_view|t0.05|max60|min0,1.8,1004,2589,3202,1038,,38.779451525685595,31.35540287320425,34.674494905888444,
aerial_view|t0.05|max60|min0,2.4,537,1230,3202,644,,43.65853658536585,16.770768269831354,24.232851985559567,
aerial_view|t0.05|max60|min0,3.6,72,168,3202,191,,42.857142857142854,2.2485946283572766,4.27299703264095,
aerial_view|t0.05|max60|min0,5.0,14,24,3202,93,,58.333333333333336,0.4372267332916927,0.8679479231246126,
aerial_view|t0.05|max60|min0,10.0,0,0,3202,2,,,0.0,0.0,
aerial_view|t0.1|max15|min0,0.3,93,230,3202,1566,,40.43478260869565,2.9044347282948157,5.419580419580419,
aerial_view|t0.1|max15|min0,0.45,41,85,3202,992,,48.23529411764706,1.2804497189256714,2.4946759963492546,
aerial_view|t0.1|max15|min0,0.6,50,109,3202,1284,,45.87155963302752,1.5615240474703311,3.020235578375113,
aerial_view|t0.1|max15|min0,0.9,44,65,3202,1578,,67.6923076923077,1.3741411617738912,2.6936026936026938,
aerial_view|t0.1|max15|min0,1.2,29,42,3202,1481,,69.04761904761905,0.905683947532792,1.7879161528976573,
aerial_view|t0.1|max15|min0,1.8,10,16,3202,1098,,62.5,0.3123048094940662,0.6215040397762586,
aerial_view|t0.1|max15|min0,2.4,1,1,3202,585,,100.0,0.03123048094940662,0.062441461130190445,
aerial_view|t0.1|max15|min0,3.6,1,1,3202,85,,100.0,0.03123048094940662,0.062441461130190445,
aerial_view|t0.1|max15|min0,5.0,0,0,3202,33,,,0.0,0.0,
aerial_view|t0.1|max15|min0,10.0,0,0,3202,0,,,0.0,0.0,
aerial_view|t0.1|max195|min0,0.3,654,1796,3202,0,,36.41425389755011,20.42473454091193,26.17046818727491,
aerial_view|t0.1|max195|min0,0.45,347,1077,3202,0,,32.21912720519963,10.836976889444097,16.2187426968918,
aerial_view|t0.1|max195|min0,0.6,471,1393,3202,0,,33.81191672648959,14.709556527170518,20.500544069640913,
aerial_view|t0.1|max195|min0,0.9,600,1643,3202,0,,36.51856360316494,18.738288569643974,24.76780185758514,
aerial_view|t0.1|max195|min0,1.2,538,1523,3202,0,,35.325016414970456,16.80199875078076,22.772486772486772,
aerial_view|t0.1|max195|min0,1.8,388,1114,3202,0,,34.829443447037704,12.117426608369769,17.979610750695088,
aerial_view|t0.1|max195|min0,2.4,197,586,3202,0,,33.617747440273035,6.1524047470331045,10.401267159450898,
aerial_view|t0.1|max195|min0,3.6,28,86,3202,0,,32.55813953488372,0.8744534665833854,1.70316301703163,
aerial_view|t0.1|max195|min0,5.0,6,33,3202,0,,18.181818181818183,0.18738288569643974,0.37094281298299847,
aerial_view|t0.1|max195|min0,10.0,0,0,3202,0,,,0.0,0.0,
aerial_view|t0.1|max20|min0,0.3,251,460,3202,1336,,54.56521739130435,7.838850718301062,13.708356089568541,
aerial_view|t0.1|max20|min0,0.45,95,178,3202,899,,53.37078651685393,2.966895690193629,5.621301775147929,
aerial_view|t0.1|max20|min0,0.6,137,248,3202,1145,,55.24193548387097,4.278575890068707,7.942028985507246,
aerial_view|t0.1|max20|min0,0.9,161,219,3202,1424,,73.51598173515981,5.028107432854466,9.41245249926922,
aerial_view|t0.1|max20|min0,1.2,136,177,3202,1346,,76.8361581920904,4.2473454091193,8.049718851731281,
aerial_view|t0.1|max20|min0,1.8,81,104,3202,1010,,77.88461538461539,2.5296689569019364,4.900181488203267,
aerial_view|t0.1|max20|min0,2.4,33,39,3202,547,,84.61538461538461,1.0306058713304185,2.0364085158901575,
aerial_view|t0.1|max20|min0,3.6,2,2,3202,84,,100.0,0.06246096189881324,0.12484394506866417,
aerial_view|t0.1|max20|min0,5.0,0,0,3202,33,,,0.0,0.0,
aerial_view|t0.1|max20|min0,10.0,0,0,3202,0,,,0.0,0.0,
aerial_view|t0.1|max30|min0,0.3,508,857,3202,939,,59.27654609101517,15.865084322298564,25.03079576250308,
aerial_view|t0.1|max30|min0,0.45,222,381,3202,696,,58.267716535433074,6.93316677076827,12.391850404688808,
aerial_view|t0.1|max30|min0,0.6,324,543,3202,850,,59.668508287292816,10.118675827607746,17.303070761014688,
aerial_view|t0.1|max30|min0,0.9,431,631,3202,1012,,68.30427892234549,13.460337289194253,22.488912079311245,
aerial_view|t0.1|max30|min0,1.2,377,525,3202,998,,71.80952380952381,11.773891317926296,20.230748591360342,
aerial_view|t0.1|max30|min0,1.8,263,346,3202,768,,76.01156069364161,8.21361648969394,14.825253664036076,
aerial_view|t0.1|max30|min0,2.4,109,137,3202,449,,79.56204379562044,3.4041224234853216,6.52890086852351,
aerial_view|t0.1|max30|min0,3.6,9,13,3202,73,,69.23076923076923,0.2810743285446596,0.5598755832037325,
aerial_view|t0.1|max30|min0,5.0,0,0,3202,33,,,0.0,0.0,
aerial_view|t0.1|max30|min0,10.0,0,0,3202,0,,,0.0,0.0,
aerial_view|t0.1|max60|min0,0.3,622,1252,3202,544,,49.680511182108624,19.42535915053092,27.929950606196677,
aerial_view|t0.1|max60|min0,0.45,324,661,3202,416,,49.016641452344935,10.118675827607746,16.7745275692467,
aerial_view|t0.1|max60|min0,0.6,450,927,3202,466,,48.54368932038835,14.05371642723298,21.797045289416324,
aerial_view|t0.1|max60|min0,0.9,581,1159,3202,484,,50.12942191544435,18.144909431605246,26.64526484751204,
aerial_view|t0.1|max60|min0,1.2,523,1049,3202,474,,49.85700667302193,16.333541536539663,24.60597506469066,
aerial_view|t0.1|max60|min0,1.8,371,737,3202,377,,50.33921302578019,11.586508432229856,18.837268342218838,
aerial_view|t0.1|max60|min0,2.4,185,343,3202,243,,53.93586005830904,5.777638975640225,10.437235543018335,
aerial_view|t0.1|max60|min0,3.6,20,35,3202,51,,57.142857142857146,0.6246096189881324,1.2357120790855731,
aerial_view|t0.1|max60|min0,5.0,3,3,3202,30,,100.0,0.09369144284821987,0.187207488299532,
aerial_view|t0.1|max60|min0,10.0,0,0,3202,0,,,0.0,0.0,
aerial_view|t0.2|max15|min0,0.3,11,18,3202,297,,61.111111111111114,0.3435352904434728,0.6832298136645962,
aerial_view|t0.2|max15|min0,0.45,7,10,3202,197,,70.0,0.21861336664584635,0.43586550435865506,
aerial_view|t0.2|max15|min0,0.6,8,12,3202,226,,66.66666666666667,0.24984384759525297,0.49782202862476665,
aerial_view|t0.2|max15|min0,0.9,5,5,3202,206,,100.0,0.1561524047470331,0.3118178983473651,
aerial_view|t0.2|max15|min0,1.2,3,3,3202,194,,100.0,0.09369144284821987,0.187207488299532,
aerial_view|t0.2|max15|min0,1.8,0,0,3202,162,,,0.0,0.0,
aerial_view|t0.2|max15|min0,2.4,0,0,3202,81,,,0.0,0.0,
aerial_view|t0.2|max15|min0,3.6,0,0,3202,14,,,0.0,0.0,
aerial_view|t0.2|max15|min0,5.0,0,0,3202,4,,,0.0,0.0,
aerial_view|t0.2|max15|min0,10.0,0,0,3202,0,,,0.0,0.0,
aerial_view|t0.2|max195|min0,0.3,108,315,3202,0,,34.285714285714285,3.372891942535915,6.141597952800683,
aerial_view|t0.2|max195|min0,0.45,72,207,3202,0,,34.78260869565217,2.2485946283572766,4.224112643003814,
aerial_view|t0.2|max195|min0,0.6,86,238,3202,0,,36.134453781512605,2.6858213616489692,5.0,
aerial_view|t0.2|max195|min0,0.9,83,211,3202,0,,39.33649289099526,2.5921299188007496,4.863756226193964,
aerial_view|t0.2|max195|min0,1.2,73,197,3202,0,,37.055837563451774,2.2798251093066835,4.29538099441012,
aerial_view|t0.2|max195|min0,1.8,56,162,3202,0,,34.5679012345679,1.7489069331667708,3.329369797859691,
aerial_view|t0.2|max195|min0,2.4,22,81,3202,0,,27.160493827160494,0.6870705808869456,1.3402375875723425,
aerial_view|t0.2|max195|min0,3.6,7,14,3202,0,,50.0,0.21861336664584635,0.43532338308457713,
aerial_view|t0.2|max195|min0,5.0,2,4,3202,0,,50.0,0.06246096189881324,0.12476606363069245,
aerial_view|t0.2|max195|min0,10.0,0,0,3202,0,,,0.0,0.0,
aerial_view|t0.2|max20|min0,0.3,34,49,3202,266,,69.38775510204081,1.061836352279825,2.0916641033528145,
aerial_view|t0.2|max20|min0,0.45,26,32,3202,175,,81.25,0.8119925046845722,1.6079158936301794,
aerial_view|t0.2|max20|min0,0.6,29,39,3202,199,,74.35897435897436,0.905683947532792,1.7895711200246838,
aerial_view|t0.2|max20|min0,0.9,14,14,3202,197,,100.0,0.4372267332916927,0.8706467661691543,
aerial_view|t0.2|max20|min0,1.2,5,6,3202,191,,83.33333333333333,0.1561524047470331,0.3117206982543641,
aerial_view|t0.2|max20|min0,1.8,1,1,3202,161,,100.0,0.03123048094940662,0.062441461130190445,
aerial_view|t0.2|max20|min0,2.4,0,0,3202,81,,,0.0,0.0,
aerial_view|t0.2|max20|min0,3.6,0,0,3202,14,,,0.0,0.0,
aerial_view|t0.2|max20|min0,5.0,0,0,3202,4,,,0.0,0.0,
aerial_view|t0.2|max20|min0,10.0,0,0,3202,0,,,0.0,0.0,
aerial_view|t0.2|max30|min0,0.3,51,70,3202,245,,72.85714285714286,1.5927545284197377,3.117359413202934,
aerial_view|t0.2|max30|min0,0.45,37,44,3202,163,,84.0909090909091,1.155527795128045,2.2797288971041283,
aerial_view|t0.2|max30|min0,0.6,43,58,3202,180,,74.13793103448276,1.3429106808244846,2.638036809815951,
aerial_view|t0.2|max30|min0,0.9,29,35,3202,176,,82.85714285714286,0.905683947532792,1.791782514674081,
aerial_view|t0.2|max30|min0,1.2,18,26,3202,171,,69.23076923076923,0.5621486570893192,1.1152416356877324,
aerial_view|t0.2|max30|min0,1.8,13,17,3202,145,,76.47058823529412,0.4059962523422861,0.8077042559801181,
aerial_view|t0.2|max30|min0,2.4,2,2,3202,79,,100.0,0.06246096189881324,0.12484394506866417,
aerial_view|t0.2|max30|min0,3.6,0,0,3202,14,,,0.0,0.0,
aerial_view|t0.2|max30|min0,5.0,0,0,3202,4,,,0.0,0.0,
aerial_view|t0.2|max30|min0,10.0,0,0,3202,0,,,0.0,0.0,
aerial_view|t0.2|max60|min0,0.3,88,140,3202,175,,62.857142857142854,2.7482823235477825,5.266307600239378,
aerial_view|t0.2|max60|min0,0.45,61,85,3202,122,,71.76470588235294,1.9050593379138039,3.7115911165196227,
aerial_view|t0.2|max60|min0,0.6,76,109,3202,129,,69.72477064220183,2.373516552154903,4.590758079130172,
aerial_view|t0.2|max60|min0,0.9,68,104,3202,107,,65.38461538461539,2.12367270455965,4.11373260738052,
aerial_view|t0.2|max60|min0,1.2,59,104,3202,93,,56.73076923076923,1.8425983760149907,3.569267997580157,
aerial_view|t0.2|max60|min0,1.8,45,83,3202,79,,54.21686746987952,1.4053716427232978,2.73972602739726,
aerial_view|t0.2|max60|min0,2.4,14,31,3202,50,,45.16129032258065,0.4372267332916927,0.8660686668728735,
aerial_view|t0.2|max60|min0,3.6,4,4,3202,10,,100.0,0.12492192379762648,0.2495321272613849,
aerial_view|t0.2|max60|min0,5.0,0,0,3202,4,,,0.0,0.0,
aerial_view|t0.2|max60|min0,10.0,0,0,3202,0,,,0.0,0.0,
all_generic|t0.001|max15|min0,0.3,2305,84659,3202,74711,,2.722687487449651,71.98625858838226,5.246924118778526,
all_generic|t0.001|max15|min0,0.45,2169,61221,3202,63731,,3.5429019454108883,67.73891317926297,6.733619980441768,
all_generic|t0.001|max15|min0,0.6,2101,55577,3202,63866,,3.780340788455656,65.61524047470331,7.1488116504193675,
all_generic|t0.001|max15|min0,0.9,1864,36117,3202,60460,,5.16100451311017,58.21361648969394,9.481421195859507,
all_generic|t0.001|max15|min0,1.2,1655,26549,3202,56661,,6.233756450337112,51.68644597126796,11.125676447850493,
all_generic|t0.001|max15|min0,1.8,1313,15683,3202,47711,,8.372122680609577,41.005621486570895,13.905215779719354,
all_generic|t0.001|max15|min0,2.4,978,8435,3202,35930,,11.594546532305868,30.543410368519677,16.80845578757412,
all_generic|t0.001|max15|min0,3.6,375,2046,3202,18104,,18.328445747800586,11.711430356027483,14.291158536585366,
all_generic|t0.001|max15|min0,5.0,127,547,3202,10152,,23.217550274223036,3.966271080574641,6.7751400373432915,
all_generic|t0.001|max15|min0,10.0,10,35,3202,2792,,28.571428571428573,0.3123048094940662,0.6178560395427866,
all_generic|t0.001|max195|min0,0.3,2977,159370,3202,0,,1.8679801719269624,92.97314178638351,3.662377285141353,
all_generic|t0.001|max195|min0,0.45,2936,124952,3202,0,,2.3497022856777003,91.69269206745784,4.581987296533858,
all_generic|t0.001|max195|min0,0.6,2911,119443,3202,0,,2.4371457515300183,90.91193004372268,4.747034122874965,
all_generic|t0.001|max195|min0,0.9,2822,96577,3202,0,,2.922020770991023,88.13241723922549,5.656500866915884,
all_generic|t0.001|max195|min0,1.2,2702,83210,3202,0,,3.247205864679726,84.38475952529669,6.253761051705782,
all_generic|t0.001|max195|min0,1.8,2548,63394,3202,0,,4.019307820929425,79.57526545908807,7.6521112379121865,
all_generic|t0.001|max195|min0,2.4,2336,44365,3202,0,,5.265411923813817,72.95440349781387,9.821935375365275,
all_generic|t0.001|max195|min0,3.6,1678,20150,3202,0,,8.327543424317618,52.40474703310431,14.371360054813293,
all_generic|t0.001|max195|min0,5.0,1080,10699,3202,0,,10.09440134592018,33.72891942535915,15.538450471189122,
all_generic|t0.001|max195|min0,10.0,366,2827,3202,0,,12.946586487442518,11.430356027482823,12.141316967988057,
all_generic|t0.001|max20|min0,0.3,2748,104299,3202,55071,,2.6347328354059005,85.8213616489694,5.1125105812969185,
all_generic|t0.001|max20|min0,0.45,2662,77753,3202,47199,,3.423662109500598,83.13554028732042,6.576493113458094,
all_generic|t0.001|max20|min0,0.6,2618,71743,3202,47700,,3.6491365011220607,81.76139912554653,6.9864567349389555,
all_generic|t0.001|max20|min0,0.9,2463,49774,3202,46803,,4.948366617109334,76.92067457838851,9.29855028692238,
all_generic|t0.001|max20|min0,1.2,2285,38248,3202,44962,,5.974168583978247,71.36164896939412,11.025331724969844,
all_generic|t0.001|max20|min0,1.8,2000,24266,3202,39128,,8.241984669908513,62.46096189881324,14.5623998835008,
all_generic|t0.001|max20|min0,2.4,1581,13471,3202,30894,,11.73632247049217,49.37539038101187,18.964793378516163,
all_generic|t0.001|max20|min0,3.6,782,3596,3202,16554,,21.74638487208009,24.422236102435978,23.006766696087084,
all_generic|t0.001|max20|min0,5.0,351,1159,3202,9540,,30.284728213977566,10.961898813241724,16.09722540701674,
all_generic|t0.001|max20|min0,10.0,45,132,3202,2695,,34.09090909090909,1.4053716427232978,2.699460107978404,
all_generic|t0.001|max30|min0,0.3,2934,126868,3202,32502,,2.3126399091969607,91.63023110555902,4.511416929345737,
all_generic|t0.001|max30|min0,0.45,2878,96569,3202,28383,,2.9802524619701973,89.88132417239225,5.769211494321997,
all_generic|t0.001|max30|min0,0.6,2851,90677,3202,28766,,3.1441269561189715,89.03810118675828,6.07377581780803,
all_generic|t0.001|max30|min0,0.9,2754,67509,3202,29068,,4.079456072523664,86.00874453466584,7.789452843263424,
all_generic|t0.001|max30|min0,1.2,2627,54822,3202,28388,,4.791871876254058,82.0424734540912,9.05487384530539,
all_generic|t0.001|max30|min0,1.8,2446,37976,3202,25418,,6.440910048451654,76.3897564022486,11.880130166593812,
all_generic|t0.001|max30|min0,2.4,2204,22839,3202,21526,,9.650159814352643,68.8319800124922,16.92715333512538,
all_generic|t0.001|max30|min0,3.6,1416,6873,3202,13277,,20.60235704932344,44.22236102435978,28.109181141439205,
all_generic|t0.001|max30|min0,5.0,784,2555,3202,8144,,30.684931506849313,24.484697064334792,27.236407851311448,
all_generic|t0.001|max30|min0,10.0,190,508,3202,2319,,37.40157480314961,5.933791380387258,10.242587601078167,
all_generic|t0.001|max60|min0,0.3,2972,145921,3202,13449,,2.0367184983655537,92.81698938163647,3.9859713122724196,
all_generic|t0.001|max60|min0,0.45,2929,113208,3202,11744,,2.5872729842413964,91.47407870081199,5.032213727343012,
all_generic|t0.001|max60|min0,0.6,2904,107646,3202,11797,,2.69773145309626,90.69331667707682,5.239607390300231,
all_generic|t0.001|max60|min0,0.9,2813,84811,3202,11766,,3.316786737569419,87.85134291068083,6.392237510367787,
all_generic|t0.001|max60|min0,1.2,2695,71748,3202,11462,,3.7562022634777277,84.16614615865085,7.191460973982655,
all_generic|t0.001|max60|min0,1.8,2540,53279,3202,10115,,4.767356744683647,79.32542161149281,8.99417503231175,
all_generic|t0.001|max60|min0,2.4,2326,35368,3202,8997,,6.576566387695092,72.6420986883198,12.061187451387088,
all_generic|t0.001|max60|min0,3.6,1665,13468,3202,6682,,12.362637362637363,51.99875078076202,19.976004799040194,
all_generic|t0.001|max60|min0,5.0,1058,6066,3202,4633,,17.441477085394,33.041848844472206,22.831247302546394,
all_generic|t0.001|max60|min0,10.0,343,1413,3202,1414,,24.27459306440198,10.712054965646471,14.86457204767064,
all_generic|t0.002|max15|min0,0.3,2168,67790,3202,61314,,3.1981118159020503,67.70768269831355,6.10773044850124,
all_generic|t0.002|max15|min0,0.45,1965,43295,3202,50465,,4.538630326827578,61.36789506558401,8.452158203755081,
all_generic|t0.002|max15|min0,0.6,1924,39271,3202,50864,,4.899289552086781,60.08744534665834,9.059873331292822,
all_generic|t0.002|max15|min0,0.9,1635,23954,3202,47709,,6.825582366201887,51.061836352279826,12.041537781705701,
all_generic|t0.002|max15|min0,1.2,1397,17116,3202,44254,,8.161953727506427,43.62898188632105,13.751353479673195,
all_generic|t0.002|max15|min0,1.8,1103,9836,3202,37009,,11.213908092720619,34.4472204871955,16.919772971314618,
all_generic|t0.002|max15|min0,2.4,779,4976,3202,26908,,15.655144694533762,24.328544659587756,19.05111274150159,
all_generic|t0.002|max15|min0,3.6,241,1069,3202,12350,,22.5444340505145,7.5265459088069955,11.28541325216577,
all_generic|t0.002|max15|min0,5.0,69,264,3202,6403,,26.136363636363637,2.154903185509057,3.981534910559723,
all_generic|t0.002|max15|min0,10.0,5,13,3202,1368,,38.46153846153846,0.1561524047470331,0.3110419906687403,
all_generic|t0.002|max195|min0,0.3,2945,129104,3202,0,,2.2811067046722022,91.9737663960025,4.451801127688842,
all_generic|t0.002|max195|min0,0.45,2860,93760,3202,0,,3.0503412969283277,89.31917551530293,5.899218250448629,
all_generic|t0.002|max195|min0,0.6,2838,90135,3202,0,,3.1486104177067733,88.63210493441599,6.081189667548775,
all_generic|t0.002|max195|min0,0.9,2728,71663,3202,0,,3.806706389629237,85.19675202998125,7.287784679089027,
all_generic|t0.002|max195|min0,1.2,2606,61370,3202,0,,4.246374450057031,81.38663335415366,8.071609985752339,
all_generic|t0.002|max195|min0,1.8,2449,46845,3202,0,,5.2278791760059775,76.48344784509682,9.78680040761684,
all_generic|t0.002|max195|min0,2.4,2176,31884,3202,0,,6.824739681344875,67.9575265459088,12.403807786581542,
all_generic|t0.002|max195|min0,3.6,1391,13419,3202,0,,10.365899098293465,43.441599000624606,16.737861741170807,
all_generic|t0.002|max195|min0,5.0,754,6667,3202,0,,11.309434528273586,23.54778263585259,15.280170230013173,
all_generic|t0.002|max195|min0,10.0,195,1381,3202,0,,14.120202751629254,6.089943785134291,8.509709797076152,
all_generic|t0.002|max20|min0,0.3,2663,84140,3202,44964,,3.164963156643689,83.16677076826983,6.097868150488883,
all_generic|t0.002|max20|min0,0.45,2498,56282,3202,37478,,4.43836395295121,78.01374141161774,8.398897182435613,
all_generic|t0.002|max20|min0,0.6,2469,52048,3202,38087,,4.74369812480787,77.10805746408495,8.937556561085973,
all_generic|t0.002|max20|min0,0.9,2286,34439,3202,37224,,6.637823397891925,71.39287945034353,12.14632979995218,
all_generic|t0.002|max20|min0,1.2,2070,25879,3202,35491,,7.998763476177595,64.6470955652717,14.236099171280218,
all_generic|t0.002|max20|min0,1.8,1787,16097,3202,30748,,11.101447474684724,55.80886945658963,18.519094253588268,
all_generic|t0.002|max20|min0,2.4,1334,8424,3202,23460,,15.835707502374168,41.66146158650843,22.948563564424564,
all_generic|t0.002|max20|min0,3.6,558,2037,3202,11382,,27.39322533136966,17.426608369768893,21.301775147928993,
all_generic|t0.002|max20|min0,5.0,201,583,3202,6084,,34.476843910806174,6.277326670830731,10.620871862615587,
all_generic|t0.002|max20|min0,10.0,21,57,3202,1324,,36.8421052631579,0.655840099937539,1.2887388769561214,
all_generic|t0.002|max30|min0,0.3,2897,102888,3202,26216,,2.815683072855921,90.47470331043098,5.461400697520973,
all_generic|t0.002|max30|min0,0.45,2795,71347,3202,22413,,3.9174737550282424,87.2891942535915,7.498423855450778,
all_generic|t0.002|max30|min0,0.6,2772,67284,3202,22851,,4.119850187265918,86.57089319175515,7.865391708991856,
all_generic|t0.002|max30|min0,0.9,2649,48643,3202,23020,,5.445798984437637,82.72954403497813,10.218921786093162,
all_generic|t0.002|max30|min0,1.2,2518,38885,3202,22485,,6.475504693326475,78.63835103060588,11.965690118088721,
all_generic|t0.002|max30|min0,1.8,2327,26655,3202,20190,,8.730069405364848,72.67332916926921,15.58763439059517,
all_generic|t0.002|max30|min0,2.4,2008,15192,3202,16692,,13.217482885729332,62.7108057464085,21.833206480374034,
all_generic|t0.002|max30|min0,3.6,1120,4121,3202,9298,,27.177869449162824,34.978138663335415,30.58855660248532,
all_generic|t0.002|max30|min0,5.0,512,1396,3202,5271,,36.67621776504298,15.99000624609619,22.270552414093086,
all_generic|t0.002|max30|min0,10.0,92,218,3202,1163,,42.20183486238532,2.873204247345409,5.380116959064328,
all_generic|t0.002|max60|min0,0.3,2939,118463,3202,10641,,2.480943416931869,91.78638351030605,4.831299058891218,
all_generic|t0.002|max60|min0,0.45,2852,84584,3202,9176,,3.3717960843658377,89.06933166770769,6.497619210352448,
all_generic|t0.002|max60|min0,0.6,2830,80812,3202,9323,,3.501955155174974,88.38226108682073,6.7369724093603445,
all_generic|t0.002|max60|min0,0.9,2718,62302,3202,9361,,4.362620782639402,84.88444722048719,8.298729848558867,
all_generic|t0.002|max60|min0,1.2,2598,52267,3202,9103,,4.970631564849714,81.1367895065584,9.367394400475941,
all_generic|t0.002|max60|min0,1.8,2439,38686,3202,8159,,6.304606317530889,76.17114303560275,11.645339954163484,
all_generic|t0.002|max60|min0,2.4,2167,24755,3202,7129,,8.7537871137144,67.67645221736414,15.502378652931288,
all_generic|t0.002|max60|min0,3.6,1371,8498,3202,4921,,16.1332078136032,42.816989381636475,23.435897435897434,
all_generic|t0.002|max60|min0,5.0,732,3550,3202,3117,,20.619718309859156,22.860712054965646,21.682464454976305,
all_generic|t0.002|max60|min0,10.0,173,645,3202,736,,26.82170542635659,5.402873204247346,8.994021315310631,
all_generic|t0.003|max15|min0,0.3,2056,56788,3202,53758,,3.6204832006761993,64.20986883198002,6.85447574595766,
all_generic|t0.003|max15|min0,0.45,1824,33142,3202,43129,,5.503590610101986,56.96439725171768,10.037420206911733,
all_generic|t0.003|max15|min0,0.6,1756,29948,3202,43646,,5.863496727661279,54.840724547158025,10.594268476621417,
all_generic|t0.003|max15|min0,0.9,1477,17909,3202,40599,,8.247249986040538,46.12742036227358,13.992705224764341,
all_generic|t0.003|max15|min0,1.2,1234,12531,3202,37587,,9.847578006543772,38.53841349156777,15.686773024852222,
all_generic|t0.003|max15|min0,1.8,964,7193,3202,31125,,13.40191853190602,30.106183635227982,18.547378547378546,
all_generic|t0.003|max15|min0,2.4,667,3613,3202,22267,,18.461112648768335,20.830730793254215,19.574468085106382,
all_generic|t0.003|max15|min0,3.6,178,707,3202,9563,,25.17680339462518,5.559025608994379,9.107188539268355,
all_generic|t0.003|max15|min0,5.0,46,155,3202,4736,,29.677419354838708,1.4366021236727045,2.7405421507298184,
all_generic|t0.003|max15|min0,10.0,3,7,3202,854,,42.857142857142854,0.09369144284821987,0.1869741352446245,
all_generic|t0.003|max195|min0,0.3,2909,110546,3202,0,,2.631483726231614,90.84946908182386,5.114815205542075,
all_generic|t0.003|max195|min0,0.45,2801,76271,3202,0,,3.672431199276265,87.47657713928794,7.0489348583795755,
all_generic|t0.003|max195|min0,0.6,2776,73594,3202,0,,3.7720466342364865,86.69581511555278,7.22954320537528,
all_generic|t0.003|max195|min0,0.9,2662,58508,3202,0,,4.549805154850619,83.13554028732042,8.627450980392156,
all_generic|t0.003|max195|min0,1.2,2540,50118,3202,0,,5.068039426952392,79.32542161149281,9.527381845461365,
all_generic|t0.003|max195|min0,1.8,2370,38318,3202,0,,6.185082728743671,74.0162398500937,11.416184971098266,
all_generic|t0.003|max195|min0,2.4,2087,25880,3202,0,,8.064142194744976,65.17801374141162,14.35252045939069,
all_generic|t0.003|max195|min0,3.6,1171,10270,3202,0,,11.402142161635833,36.570893191755154,17.38420427553444,
all_generic|t0.003|max195|min0,5.0,572,4891,3202,0,,11.694949907994275,17.863835103060588,14.135672803657481,
all_generic|t0.003|max195|min0,10.0,123,861,3202,0,,14.285714285714286,3.841349156777014,6.0546394289933545,
all_generic|t0.003|max20|min0,0.3,2579,71142,3202,39404,,3.625144078041101,80.54341036851967,6.938017862907564,
all_generic|t0.003|max20|min0,0.45,2372,44047,3202,32224,,5.385156764365337,74.0787008119925,10.04042413596055,
all_generic|t0.003|max20|min0,0.6,2346,40740,3202,32854,,5.758468335787923,73.26670830730794,10.677711528833463,
all_generic|t0.003|max20|min0,0.9,2144,26549,3202,31959,,8.075633733850616,66.9581511555278,14.412960908877013,
all_generic|t0.003|max20|min0,1.2,1926,19690,3202,30428,,9.781615033011681,60.14990630855715,16.826839070417613,
all_generic|t0.003|max20|min0,1.8,1649,12183,3202,26135,,13.535254042518263,51.49906308557152,21.43646408839779,
all_generic|t0.003|max20|min0,2.4,1206,6321,3202,19559,,19.079259610821072,37.663960024984384,25.328152892995906,
all_generic|t0.003|max20|min0,3.6,421,1408,3202,8862,,29.900568181818183,13.148032479700188,18.2646420824295,
all_generic|t0.003|max20|min0,5.0,133,359,3202,4532,,37.04735376044568,4.15365396627108,7.469811850603763,
all_generic|t0.003|max20|min0,10.0,14,32,3202,829,,43.75,0.4372267332916927,0.8658008658008658,
all_generic|t0.003|max30|min0,0.3,2857,87689,3202,22857,,3.2581053495877477,89.22548407245472,6.286651043557668,
all_generic|t0.003|max30|min0,0.45,2732,57031,3202,19240,,4.790377163297154,85.32167395377888,9.071439244268092,
all_generic|t0.003|max30|min0,0.6,2707,53876,3202,19718,,5.0245007053233355,84.54091193004372,9.485265776656504,
all_generic|t0.003|max30|min0,0.9,2576,38679,3202,19829,,6.659944672819877,80.44971892567146,12.301520976098947,
all_generic|t0.003|max30|min0,1.2,2442,30800,3202,19318,,7.928571428571429,76.26483447845096,14.36386094935592,
all_generic|t0.003|max30|min0,1.8,2240,20975,3202,17343,,10.679380214541121,69.95627732667083,18.53000785870869,
all_generic|t0.003|max30|min0,2.4,1904,11758,3202,14122,,16.19323014118047,59.4628357276702,25.454545454545453,
all_generic|t0.003|max30|min0,3.6,914,2949,3202,7321,,30.993557138012886,28.54465958775765,29.71874491952528,
all_generic|t0.003|max30|min0,5.0,368,910,3202,3981,,40.43956043956044,11.492816989381636,17.898832684824903,
all_generic|t0.003|max30|min0,10.0,48,114,3202,747,,42.10526315789474,1.499063085571518,2.8950542822677927,
all_generic|t0.003|max60|min0,0.3,2903,101311,3202,9235,,2.8654341581861793,90.66208619612742,5.555289772564179,
all_generic|t0.003|max60|min0,0.45,2793,68397,3202,7874,,4.08351243475591,87.2267332916927,7.801784941130463,
all_generic|t0.003|max60|min0,0.6,2768,65567,3202,8027,,4.221635883905013,86.44597126795753,8.050138870712095,
all_generic|t0.003|max60|min0,0.9,2652,50395,3202,8113,,5.262426828058339,82.82323547782636,9.896076272925724,
all_generic|t0.003|max60|min0,1.2,2530,42245,3202,7873,,5.98887442300864,79.01311680199875,11.13384821880432,
all_generic|t0.003|max60|min0,1.8,2359,31215,3202,7103,,7.557264135832132,73.67270455965021,13.708341807827527,
all_generic|t0.003|max60|min0,2.4,2076,19746,3202,6134,,10.513521725919173,64.83447845096815,18.093080006972286,
all_generic|t0.003|max60|min0,3.6,1145,6273,3202,3997,,18.2528295871194,35.75890068707058,24.1688654353562,
all_generic|t0.003|max60|min0,5.0,550,2464,3202,2427,,22.321428571428573,17.17676452217364,19.41404871161313,
all_generic|t0.003|max60|min0,10.0,105,376,3202,485,,27.925531914893618,3.279200499687695,5.869200670765791,
all_generic|t0.005|max15|min0,0.3,1879,42586,3202,44555,,4.412248156671207,58.68207370393504,8.20739058268542,
all_generic|t0.005|max15|min0,0.45,1573,21695,3202,34488,,7.250518552661903,49.12554653341662,12.636060569546531,
all_generic|t0.005|max15|min0,0.6,1533,19625,3202,35009,,7.811464968152866,47.87632729544035,13.431462741490341,
all_generic|t0.005|max15|min0,0.9,1256,11630,3202,32591,,10.799656061908856,39.22548407245472,16.936353829557714,
all_generic|t0.005|max15|min0,1.2,1043,8079,3202,29837,,12.910013615546479,32.57339163023111,18.4912685045652,
all_generic|t0.005|max15|min0,1.8,778,4543,3202,24548,,17.12524763372221,24.297314178638352,20.090380890897354,
all_generic|t0.005|max15|min0,2.4,534,2291,3202,17050,,23.3085988651244,16.677076826983136,19.442927362097215,
all_generic|t0.005|max15|min0,3.6,112,382,3202,6629,,29.319371727748692,3.4978138663335416,6.25,
all_generic|t0.005|max15|min0,5.0,23,75,3202,3121,,30.666666666666668,0.7183010618363522,1.4037229173024108,
all_generic|t0.005|max15|min0,10.0,0,2,3202,471,,0.0,0.0,0.0,
all_generic|t0.005|max195|min0,0.3,2847,87141,3202,0,,3.267118807449995,88.91317926296065,6.302646580255249,
all_generic|t0.005|max195|min0,0.45,2702,56183,3202,0,,4.809283947101436,84.38475952529669,9.099941062557885,
all_generic|t0.005|max195|min0,0.6,2695,54634,3202,0,,4.932825712926017,84.16614615865085,9.319455010719967,
all_generic|t0.005|max195|min0,0.9,2573,44221,3202,0,,5.818502521426471,80.35602748282324,10.851274697931384,
all_generic|t0.005|max195|min0,1.2,2461,37916,3202,0,,6.4906635721067625,76.85821361648969,11.97042657716815,
all_generic|t0.005|max195|min0,1.8,2251,29091,3202,0,,7.737788319411502,70.2998126171143,13.941101786764934,
all_generic|t0.005|max195|min0,2.4,1947,19341,3202,0,,10.066697688847526,60.80574640849469,17.273654793062146,
all_generic|t0.005|max195|min0,3.6,902,7011,3202,0,,12.865497076023392,28.169893816364773,17.663761872123764,
all_generic|t0.005|max195|min0,5.0,390,3196,3202,0,,12.202753441802253,12.179887570268582,12.191309784307595,
all_generic|t0.005|max195|min0,10.0,61,473,3202,0,,12.896405919661733,1.9050593379138039,3.3197278911564627,
all_generic|t0.005|max20|min0,0.3,2442,54442,3202,32699,,4.485507512582197,76.26483447845096,8.472694469502464,
all_generic|t0.005|max20|min0,0.45,2170,30091,3202,26092,,7.21145857565385,67.77014366021237,13.035773285675667,
all_generic|t0.005|max20|min0,0.6,2169,27961,3202,26673,,7.757233289224277,67.73891317926297,13.920354266277316,
all_generic|t0.005|max20|min0,0.9,1945,18271,3202,25950,,10.645284877675005,60.74328544659588,18.11577329669818,
all_generic|t0.005|max20|min0,1.2,1732,13367,3202,24549,,12.95728286077654,54.091193004372265,20.906512161265013,
all_generic|t0.005|max20|min0,1.8,1430,8145,3202,20946,,17.556783302639655,44.659587757651465,25.204899973561293,
all_generic|t0.005|max20|min0,2.4,1017,4182,3202,15159,,24.318507890961264,31.761399125546532,27.546045503791984,
all_generic|t0.005|max20|min0,3.6,300,831,3202,6180,,36.101083032490976,9.369144284821987,14.877262583684603,
all_generic|t0.005|max20|min0,5.0,72,189,3202,3007,,38.095238095238095,2.2485946283572766,4.2465349454438215,
all_generic|t0.005|max20|min0,10.0,2,10,3202,463,,20.0,0.06246096189881324,0.12453300124533001,
all_generic|t0.005|max30|min0,0.3,2785,68216,3202,18925,,4.082619913216841,86.97688944409744,7.799154274832675,
all_generic|t0.005|max30|min0,0.45,2618,40498,3202,15685,,6.464516766260062,81.76139912554653,11.981693363844393,
all_generic|t0.005|max30|min0,0.6,2612,38613,3202,16021,,6.764561158159169,81.5740162398501,12.49312447686237,
all_generic|t0.005|max30|min0,0.9,2474,27996,3202,16225,,8.836976710958709,77.26420986883198,15.859991025065709,
all_generic|t0.005|max30|min0,1.2,2342,22179,3202,15737,,10.559538301997385,73.14178638351031,18.45474961585438,
all_generic|t0.005|max30|min0,1.8,2106,14963,3202,14128,,14.074717636837532,65.77139287945035,23.18744838976053,
all_generic|t0.005|max30|min0,2.4,1747,8219,3202,11122,,21.255627205256115,54.55965021861336,30.592767708606953,
all_generic|t0.005|max30|min0,3.6,676,1818,3202,5193,,37.18371837183718,21.111805121798877,26.932270916334662,
all_generic|t0.005|max30|min0,5.0,223,519,3202,2677,,42.96724470134875,6.964397251717677,11.986025262026336,
all_generic|t0.005|max30|min0,10.0,16,47,3202,426,,34.04255319148936,0.49968769519050593,0.9849184364419822,
all_generic|t0.005|max60|min0,0.3,2841,79518,3202,7623,,3.5727759752508867,88.7257963772642,6.8689555125725335,
all_generic|t0.005|max60|min0,0.45,2694,49692,3202,6491,,5.421395798116397,84.13491567770144,10.186410556962983,
all_generic|t0.005|max60|min0,0.6,2685,48071,3202,6563,,5.585488132137879,83.85384134915678,10.473348546018372,
all_generic|t0.005|max60|min0,0.9,2561,37538,3202,6683,,6.822419947786243,79.98126171143035,12.572410407461954,
all_generic|t0.005|max60|min0,1.2,2450,31459,3202,6457,,7.787914428303506,76.51467832604622,14.136926228325784,
all_generic|t0.005|max60|min0,1.8,2238,23170,3202,5921,,9.659041864479931,69.89381636477202,16.972546640376155,
all_generic|t0.005|max60|min0,2.4,1931,14365,3202,4976,,13.442394709363036,60.30605871330418,21.984402573006204,
all_generic|t0.005|max60|min0,3.6,874,4096,3202,2915,,21.337890625,27.295440349781387,23.951767607563717,
all_generic|t0.005|max60|min0,5.0,370,1491,3202,1705,,24.815560026827633,11.55527795128045,15.768165352652888,
all_generic|t0.005|max60|min0,10.0,45,187,3202,286,,24.06417112299465,1.4053716427232978,2.655650634405429,
all_generic|t0.0075|max15|min0,0.3,1725,31510,3202,37524,,5.474452554744525,53.87257963772642,9.938926019820235,
all_generic|t0.0075|max15|min0,0.45,1360,14315,3202,28073,,9.500523925951798,42.473454091193005,15.527773020494378,
all_generic|t0.0075|max15|min0,0.6,1358,13331,3202,28653,,10.18678268697022,42.41099312929419,16.427750559487087,
all_generic|t0.0075|max15|min0,0.9,1062,7853,3202,26600,,13.52349420603591,33.16677076826983,19.21302578018996,
all_generic|t0.0075|max15|min0,1.2,875,5420,3202,24365,,16.14391143911439,27.326670830730794,20.296914868939922,
all_generic|t0.0075|max15|min0,1.8,641,3058,3202,19762,,20.961412688031395,20.018738288569644,20.47923322683706,
all_generic|t0.0075|max15|min0,2.4,433,1474,3202,13428,,29.375848032564452,13.522798251093066,18.520102651839178,
all_generic|t0.0075|max15|min0,3.6,75,231,3202,4749,,32.467532467532465,2.3422860712054967,4.369356248179435,
all_generic|t0.0075|max15|min0,5.0,15,39,3202,2157,,38.46153846153846,0.4684572142410993,0.9256402344955261,
all_generic|t0.0075|max15|min0,10.0,0,0,3202,292,,,0.0,0.0,
all_generic|t0.0075|max195|min0,0.3,2782,69034,3202,0,,4.0298983109772,86.88319800124921,7.702530594163575,
all_generic|t0.0075|max195|min0,0.45,2613,42388,3202,0,,6.164480513352836,81.6052467207995,11.463040140381663,
all_generic|t0.0075|max195|min0,0.6,2610,41984,3202,0,,6.216653963414634,81.51155527795127,11.552250697118577,
all_generic|t0.0075|max195|min0,0.9,2493,34453,3202,0,,7.235944620207239,77.85758900687071,13.241269419731776,
all_generic|t0.0075|max195|min0,1.2,2350,29785,3202,0,,7.8898774550948465,73.39163023110557,14.24803710552642,
all_generic|t0.0075|max195|min0,1.8,2137,22820,3202,0,,9.364592462751972,66.73953778888195,16.42456383060487,
all_generic|t0.0075|max195|min0,2.4,1787,14902,3202,0,,11.99167896926587,55.80886945658963,19.741493592576226,
all_generic|t0.0075|max195|min0,3.6,701,4980,3202,0,,14.076305220883533,21.89256714553404,17.13517477389391,
all_generic|t0.0075|max195|min0,5.0,267,2196,3202,0,,12.158469945355192,8.338538413491568,9.892552797332346,
all_generic|t0.0075|max195|min0,10.0,42,292,3202,0,,14.383561643835616,1.311680199875078,2.404121350887235,
all_generic|t0.0075|max20|min0,0.3,2299,41370,3202,27664,,5.557167029248247,71.79887570268582,10.31589338598223,
all_generic|t0.0075|max20|min0,0.45,2000,20847,3202,21541,,9.593706528517293,62.46096189881324,16.632708220716037,
all_generic|t0.0075|max20|min0,0.6,1999,19819,3202,22165,,10.086280841616631,62.429731417863835,17.366752095912428,
all_generic|t0.0075|max20|min0,0.9,1762,12962,3202,21491,,13.593581237463354,55.02810743285447,21.80153427369463,
all_generic|t0.0075|max20|min0,1.2,1530,9449,3202,20336,,16.19218964969838,47.78263585259213,24.187811240218164,
all_generic|t0.0075|max20|min0,1.8,1269,5761,3202,17059,,22.027425794132963,39.631480324797,28.31641191565324,
all_generic|t0.0075|max20|min0,2.4,862,2864,3202,12038,,30.09776536312849,26.920674578388507,28.420705572040884,
all_generic|t0.0075|max20|min0,3.6,219,531,3202,4449,,41.24293785310734,6.8394753279200495,11.733190463434235,
all_generic|t0.0075|max20|min0,5.0,39,104,3202,2092,,37.5,1.2179887570268582,2.3593466424682394,
all_generic|t0.0075|max20|min0,10.0,1,5,3202,287,,20.0,0.03123048094940662,0.06236357966947303,
all_generic|t0.0075|max30|min0,0.3,2708,53021,3202,16013,,5.107410271401897,84.57214241099312,9.633068317236718,
all_generic|t0.0075|max30|min0,0.45,2516,29377,3202,13011,,8.564523266501004,78.57589006870705,15.4455323981706,
all_generic|t0.0075|max30|min0,0.6,2519,28584,3202,13400,,8.812622446123706,78.66958151155528,15.849745170829925,
all_generic|t0.0075|max30|min0,0.9,2377,20911,3202,13542,,11.367222992683276,74.23485321673954,19.71550615850371,
all_generic|t0.0075|max30|min0,1.2,2212,16647,3202,13138,,13.287679461764883,69.08182386008744,22.288276487480477,
all_generic|t0.0075|max30|min0,1.8,1983,11140,3202,11680,,17.800718132854577,61.93004372267333,27.65304699484033,
all_generic|t0.0075|max30|min0,2.4,1565,5953,3202,8949,,26.2892659163447,48.87570268582136,34.188967777170944,
all_generic|t0.0075|max30|min0,3.6,497,1224,3202,3756,,40.60457516339869,15.521549031855091,22.45820153637596,
all_generic|t0.0075|max30|min0,5.0,142,312,3202,1884,,45.51282051282051,4.4347282948157405,8.081957882754695,
all_generic|t0.0075|max30|min0,10.0,7,18,3202,274,,38.888888888888886,0.21861336664584635,0.43478260869565216,
all_generic|t0.0075|max60|min0,0.3,2776,62610,3202,6424,,4.433796518128094,86.69581511555278,8.4361514617395,
all_generic|t0.0075|max60|min0,0.45,2604,36937,3202,5451,,7.049841622221621,81.32417239225484,12.974912180173895,
all_generic|t0.0075|max60|min0,0.6,2599,36437,3202,5547,,7.1328594560474246,81.1680199875078,13.113347965387623,
all_generic|t0.0075|max60|min0,0.9,2480,28816,3202,5637,,8.606329816768461,77.45159275452842,15.491286151539759,
all_generic|t0.0075|max60|min0,1.2,2334,24287,3202,5498,,9.610079466381192,72.89194253591505,16.981337989741352,
all_generic|t0.0075|max60|min0,1.8,2123,17837,3202,4983,,11.90222571060156,66.30231105559025,20.181567564998335,
all_generic|t0.0075|max60|min0,2.4,1768,10813,3202,4089,,16.35068898548044,55.215490318550906,25.230110595790226,
all_generic|t0.0075|max60|min0,3.6,679,2838,3202,2142,,23.925299506694856,21.205496564647095,22.483443708609272,
all_generic|t0.0075|max60|min0,5.0,251,953,3202,1243,,26.33788037775446,7.838850718301062,12.081829121540313,
all_generic|t0.0075|max60|min0,10.0,30,100,3202,192,,30.0,0.9369144284821986,1.8170805572380375,
all_generic|t0.01|max15|min0,0.3,1607,24258,3202,32587,,6.624618682496496,50.18738288569644,11.704297159504733,
all_generic|t0.01|max15|min0,0.45,1219,10315,3202,23702,,11.81774115365972,38.06995627732667,18.036546570984687,
all_generic|t0.01|max15|min0,0.6,1200,9705,3202,24319,,12.364760432766616,37.47657713928795,18.594561090880916,
all_generic|t0.01|max15|min0,0.9,943,5783,3202,22608,,16.306415355351895,29.450343535290443,20.99053978853645,
all_generic|t0.01|max15|min0,1.2,750,3993,3202,20642,,18.782870022539445,23.422860712054966,20.847810979847115,
all_generic|t0.01|max15|min0,1.8,558,2258,3202,16801,,24.71213463241807,17.426608369768893,20.439560439560438,
all_generic|t0.01|max15|min0,2.4,341,1081,3202,11083,,31.54486586493987,10.649594003747657,15.92341816483773,
all_generic|t0.01|max15|min0,3.6,58,154,3202,3615,,37.66233766233766,1.811367895065584,3.4564958283671037,
all_generic|t0.01|max15|min0,5.0,9,21,3202,1601,,42.857142857142854,0.2810743285446596,0.5584858827179646,
all_generic|t0.01|max15|min0,10.0,0,0,3202,194,,,0.0,0.0,
all_generic|t0.01|max195|min0,0.3,2724,56845,3202,0,,4.791978186296069,85.07183010618364,9.072892900561227,
all_generic|t0.01|max195|min0,0.45,2542,34017,3202,0,,7.472734221124732,79.38788257339164,13.659689943308525,
all_generic|t0.01|max195|min0,0.6,2536,34024,3202,0,,7.45356219139431,79.20049968769519,13.624885832482674,
all_generic|t0.01|max195|min0,0.9,2420,28391,3202,0,,8.523827973653622,75.57776389756403,15.319849333713165,
all_generic|t0.01|max195|min0,1.2,2265,24635,3202,0,,9.194235843312361,70.737039350406,16.27330531307253,
all_generic|t0.01|max195|min0,1.8,2062,19059,3202,0,,10.819035626213337,64.39725171767645,18.525672701136518,
all_generic|t0.01|max195|min0,2.4,1632,12164,3202,0,,13.416639263400198,50.96814490943161,21.241702459976572,
all_generic|t0.01|max195|min0,3.6,567,3769,3202,0,,15.04377819050146,17.707682698313555,16.26739348730455,
all_generic|t0.01|max195|min0,5.0,210,1622,3202,0,,12.946979038224415,6.55840099937539,8.706467661691542,
all_generic|t0.01|max195|min0,10.0,35,194,3202,0,,18.04123711340206,1.0930668332292317,2.061248527679623,
all_generic|t0.01|max20|min0,0.3,2179,32733,3202,24112,,6.656890599700608,68.05121798875703,12.127452344510923,
all_generic|t0.01|max20|min0,0.45,1851,15556,3202,18461,,11.898945744407303,57.80762023735166,19.735579486085935,
all_generic|t0.01|max20|min0,0.6,1846,14980,3202,19044,,12.323097463284379,57.651467832604624,20.30579694203058,
all_generic|t0.01|max20|min0,0.9,1618,9879,3202,18512,,16.378175928737726,50.53091817613991,24.738169864689244,
all_generic|t0.01|max20|min0,1.2,1402,7183,3202,17452,,19.518307114019212,43.78513429106808,27.000481463649493,
all_generic|t0.01|max20|min0,1.8,1156,4440,3202,14619,,26.036036036036037,36.102435977514055,30.253860246008898,
all_generic|t0.01|max20|min0,2.4,743,2168,3202,9996,,34.27121771217712,23.20424734540912,27.672253258845437,
all_generic|t0.01|max20|min0,3.6,166,365,3202,3404,,45.47945205479452,5.184259837601499,9.307541351275582,
all_generic|t0.01|max20|min0,5.0,25,63,3202,1559,,39.682539682539684,0.7807620237351656,1.5313935681470139,
all_generic|t0.01|max20|min0,10.0,1,2,3202,192,,50.0,0.03123048094940662,0.062421972534332085,
all_generic|t0.01|max30|min0,0.3,2645,42899,3202,13946,,6.165644886827199,82.60462211118052,11.474805318756642,
all_generic|t0.01|max30|min0,0.45,2435,22814,3202,11203,,10.67327079863242,76.04622111180512,18.719249692496923,
all_generic|t0.01|max30|min0,0.6,2438,22435,3202,11589,,10.866948963672833,76.13991255465334,19.019386043608847,
all_generic|t0.01|max30|min0,0.9,2289,16611,3202,11780,,13.780025284450064,71.48657089319175,23.106041487911977,
all_generic|t0.01|max30|min0,1.2,2114,13244,3202,11391,,15.961945031712473,66.02123672704559,25.70837893712757,
all_generic|t0.01|max30|min0,1.8,1882,8938,3202,10121,,21.056164690087268,58.77576514678326,31.00494233937397,
all_generic|t0.01|max30|min0,2.4,1405,4672,3202,7492,,30.07277397260274,43.8788257339163,35.68707137414275,
all_generic|t0.01|max30|min0,3.6,389,873,3202,2896,,44.55899198167239,12.148657089319176,19.0920245398773,
all_generic|t0.01|max30|min0,5.0,105,214,3202,1408,,49.06542056074766,3.279200499687695,6.147540983606557,
all_generic|t0.01|max30|min0,10.0,6,10,3202,184,,60.0,0.18738288569643974,0.37359900373599003,
all_generic|t0.01|max60|min0,0.3,2718,51224,3202,5621,,5.3061065125722315,84.88444722048719,9.987873442839819,
all_generic|t0.01|max60|min0,0.45,2532,29304,3202,4713,,8.64045864045864,79.07557776389757,15.578662400787547,
all_generic|t0.01|max60|min0,0.6,2525,29172,3202,4852,,8.65556012614836,78.85696439725172,15.598937418916414,
all_generic|t0.01|max60|min0,0.9,2407,23423,3202,4968,,10.276224224053282,75.17176764522173,18.08075117370892,
all_generic|t0.01|max60|min0,1.2,2248,19832,3202,4803,,11.335215812827753,70.20612117426609,19.51897195450204,
all_generic|t0.01|max60|min0,1.8,2046,14728,3202,4331,,13.891906572514937,63.897564022485945,22.822085889570552,
all_generic|t0.01|max60|min0,2.4,1610,8686,3202,3478,,18.535574487681327,50.28107432854466,27.08613728129206,
all_generic|t0.01|max60|min0,3.6,550,2109,3202,1660,,26.078710289236604,17.17676452217364,20.71173037092826,
all_generic|t0.01|max60|min0,5.0,196,684,3202,938,,28.65497076023392,6.121174266083698,10.087493566649512,
all_generic|t0.01|max60|min0,10.0,23,62,3202,132,,37.096774193548384,0.7183010618363522,1.4093137254901962,
all_generic|t0.02|max15|min0,0.3,1238,10870,3202,21325,,11.389144434222631,38.663335415365395,17.595224559408756,
all_generic|t0.02|max15|min0,0.45,766,3969,3202,14397,,19.29957168052406,23.922548407245472,21.36382652349742,
all_generic|t0.02|max15|min0,0.6,782,3993,3202,15143,,19.58427247683446,24.422236102435978,21.737317581653926,
all_generic|t0.02|max15|min0,0.9,592,2397,3202,14163,,24.697538589904045,18.48844472204872,21.146633327379888,
all_generic|t0.02|max15|min0,1.2,484,1671,3202,12993,,28.964691801316576,15.115552779512804,19.864559819413092,
all_generic|t0.02|max15|min0,1.8,355,981,3202,10399,,36.18756371049949,11.08682073703935,16.973464021037532,
all_generic|t0.02|max15|min0,2.4,177,422,3202,6251,,41.943127962085306,5.527795128044972,9.7682119205298,
all_generic|t0.02|max15|min0,3.6,25,45,3202,1766,,55.55555555555556,0.7807620237351656,1.539882968894364,
all_generic|t0.02|max15|min0,5.0,2,2,3202,674,,100.0,0.06246096189881324,0.12484394506866417,
all_generic|t0.02|max15|min0,10.0,0,0,3202,45,,,0.0,0.0,
all_generic|t0.02|max195|min0,0.3,2486,32195,3202,0,,7.7216959155148315,77.63897564022486,14.046388111986891,
all_generic|t0.02|max195|min0,0.45,2210,18366,3202,0,,12.033104649896549,69.01936289818863,20.4933234421365,
all_generic|t0.02|max195|min0,0.6,2265,19136,3202,0,,11.836329431438127,70.737039350406,20.279344614558152,
all_generic|t0.02|max195|min0,0.9,2126,16560,3202,0,,12.83816425120773,66.39600249843848,21.516040886549945,
all_generic|t0.02|max195|min0,1.2,1982,14664,3202,0,,13.51609383524277,61.89881324172392,22.187395052054182,
all_generic|t0.02|max195|min0,1.8,1773,11380,3202,0,,15.579964850615115,55.37164272329794,24.31765189960225,
all_generic|t0.02|max195|min0,2.4,1221,6673,3202,0,,18.29761726359958,38.13241723922548,24.729113924050633,
all_generic|t0.02|max195|min0,3.6,332,1811,3202,0,,18.332413031474324,10.368519675202998,13.245561539996011,
all_generic|t0.02|max195|min0,5.0,91,676,3202,0,,13.461538461538462,2.8419737663960025,4.693140794223827,
all_generic|t0.02|max195|min0,10.0,8,45,3202,0,,17.77777777777778,0.24984384759525297,0.4927625500461965,
all_generic|t0.02|max20|min0,0.3,1816,16040,3202,16155,,11.321695760598503,56.71455340412243,18.875376779960504,
all_generic|t0.02|max20|min0,0.45,1395,6694,3202,11672,,20.839557812966834,43.566520924422235,28.193209377526273,
all_generic|t0.02|max20|min0,0.6,1419,6850,3202,12286,,20.715328467153284,44.316052467207996,28.23318742538798,
all_generic|t0.02|max20|min0,0.9,1186,4611,3202,11949,,25.721101713294296,37.03935040599625,30.359656981953155,
all_generic|t0.02|max20|min0,1.2,1038,3402,3202,11262,,30.511463844797177,32.417239225484074,31.43549364021805,
all_generic|t0.02|max20|min0,1.8,831,2137,3202,9243,,38.88628919045391,25.952529668956902,31.129424985952426,
all_generic|t0.02|max20|min0,2.4,493,1005,3202,5668,,49.0547263681592,15.396627108057464,23.43712859519848,
all_generic|t0.02|max20|min0,3.6,79,139,3202,1672,,56.83453237410072,2.467207995003123,4.72912301706076,
all_generic|t0.02|max20|min0,5.0,4,9,3202,667,,44.44444444444444,0.12492192379762648,0.24914356898162565,
all_generic|t0.02|max20|min0,10.0,0,0,3202,45,,,0.0,0.0,
all_generic|t0.02|max30|min0,0.3,2376,22874,3202,9321,,10.387339337238787,74.20362273579013,18.223653934652553,
all_generic|t0.02|max30|min0,0.45,2058,11104,3202,7262,,18.53386167146974,64.27232979387882,28.771144974136725,
all_generic|t0.02|max30|min0,0.6,2111,11464,3202,7672,,18.414166085136078,65.92754528419738,28.78767216691668,
all_generic|t0.02|max30|min0,0.9,1956,8826,3202,7734,,22.161794697484705,61.08682073703935,32.52411040904556,
all_generic|t0.02|max30|min0,1.2,1804,7090,3202,7574,,25.444287729196052,56.339787632729546,35.0563544500583,
all_generic|t0.02|max30|min0,1.8,1560,4787,3202,6593,,32.58825987048256,48.719550281074326,39.05369883589936,
all_generic|t0.02|max30|min0,2.4,1000,2311,3202,4362,,43.271311120726956,31.23048094940662,36.27788862688192,
all_generic|t0.02|max30|min0,3.6,218,377,3202,1434,,57.824933687002655,6.808244846970643,12.182173791561889,
all_generic|t0.02|max30|min0,5.0,34,58,3202,618,,58.62068965517241,1.061836352279825,2.085889570552147,
all_generic|t0.02|max30|min0,10.0,1,1,3202,44,,100.0,0.03123048094940662,0.062441461130190445,
all_generic|t0.02|max60|min0,0.3,2475,28406,3202,3789,,8.712947968738998,77.29544034978139,15.660592255125284,
all_generic|t0.02|max60|min0,0.45,2196,15248,3202,3118,,14.401888772298006,68.58213616489694,23.804878048780488,
all_generic|t0.02|max60|min0,0.6,2252,15854,3202,3282,,14.204617131323324,70.33104309806372,23.635600335852224,
all_generic|t0.02|max60|min0,0.9,2111,13193,3202,3367,,16.000909573258546,65.92754528419738,25.751753583409577,
all_generic|t0.02|max60|min0,1.2,1966,11441,3202,3223,,17.183812603793374,61.39912554653342,26.852420951990712,
all_generic|t0.02|max60|min0,1.8,1755,8485,3202,2895,,20.68355922215675,54.80949406620862,30.03337041156841,
all_generic|t0.02|max60|min0,2.4,1200,4601,3202,2072,,26.081286676809388,37.47657713928795,30.757400999615534,
all_generic|t0.02|max60|min0,3.6,313,926,3202,885,,33.80129589632829,9.775140537164273,15.164728682170542,
all_generic|t0.02|max60|min0,5.0,78,222,3202,454,,35.13513513513514,2.4359775140537163,4.55607476635514,
all_generic|t0.02|max60|min0,10.0,5,11,3202,34,,45.45454545454545,0.1561524047470331,0.3112356053532524,
all_generic|t0.05|max15|min0,0.3,617,2343,3202,8933,,26.333760136577038,19.269206745783887,22.25428313796213,
all_generic|t0.05|max15|min0,0.45,243,701,3202,5139,,34.664764621968615,7.589006870705809,12.45196003074558,
all_generic|t0.05|max15|min0,0.6,260,774,3202,5720,,33.59173126614987,8.119925046845722,13.078470824949699,
all_generic|t0.05|max15|min0,0.9,225,512,3202,5803,,43.9453125,7.02685821361649,12.116316639741518,
all_generic|t0.05|max15|min0,1.2,177,351,3202,5180,,50.427350427350426,5.527795128044972,9.963411201801295,
all_generic|t0.05|max15|min0,1.8,114,201,3202,3915,,56.71641791044776,3.560274828232355,6.6999706141639725,
all_generic|t0.05|max15|min0,2.4,43,69,3202,2082,,62.31884057971015,1.3429106808244846,2.6291653928462244,
all_generic|t0.05|max15|min0,3.6,5,6,3202,448,,83.33333333333333,0.1561524047470331,0.3117206982543641,
all_generic|t0.05|max15|min0,5.0,0,0,3202,153,,,0.0,0.0,
all_generic|t0.05|max15|min0,10.0,0,0,3202,5,,,0.0,0.0,
all_generic|t0.05|max195|min0,0.3,1852,11276,3202,0,,16.424263923377083,57.83885071830106,25.58364414974444,
all_generic|t0.05|max195|min0,0.45,1408,5840,3202,0,,24.10958904109589,43.97251717676452,31.143552311435524,
all_generic|t0.05|max195|min0,0.6,1503,6494,3202,0,,23.14444102248229,46.93941286695815,31.002475247524753,
all_generic|t0.05|max195|min0,0.9,1489,6315,3202,0,,23.57878068091845,46.502186133666456,31.29137333193233,
all_generic|t0.05|max195|min0,1.2,1318,5531,3202,0,,23.82932561923703,41.16177389131793,30.184358181609984,
all_generic|t0.05|max195|min0,1.8,1064,4116,3202,0,,25.85034013605442,33.22923173016864,29.078983328778353,
all_generic|t0.05|max195|min0,2.4,609,2151,3202,0,,28.312412831241282,19.019362898188632,22.753596114328413,
all_generic|t0.05|max195|min0,3.6,100,454,3202,0,,22.026431718061673,3.1230480949406623,5.470459518599562,
all_generic|t0.05|max195|min0,5.0,27,153,3202,0,,17.647058823529413,0.8432229856339788,1.6095380029806259,
all_generic|t0.05|max195|min0,10.0,3,5,3202,0,,60.0,0.09369144284821987,0.18709073900841908,
all_generic|t0.05|max20|min0,0.3,1136,4174,3202,7102,,27.21609966459032,35.477826358525924,30.802603036876356,
all_generic|t0.05|max20|min0,0.45,655,1516,3202,4324,,43.205804749340366,20.455965021861335,27.766002543450615,
all_generic|t0.05|max20|min0,0.6,678,1640,3202,4854,,41.34146341463415,21.174266083697688,28.004956629491947,
all_generic|t0.05|max20|min0,0.9,610,1274,3202,5041,,47.880690737833596,19.05059337913804,27.256478999106346,
all_generic|t0.05|max20|min0,1.2,487,895,3202,4636,,54.41340782122905,15.209244222361024,23.77349279960947,
all_generic|t0.05|max20|min0,1.8,368,595,3202,3521,,61.84873949579832,11.492816989381636,19.383723992625757,
all_generic|t0.05|max20|min0,2.4,205,283,3202,1868,,72.43816254416961,6.402248594628357,11.764705882352942,
all_generic|t0.05|max20|min0,3.6,14,21,3202,433,,66.66666666666667,0.4372267332916927,0.8687558175612783,
all_generic|t0.05|max20|min0,5.0,0,1,3202,152,,0.0,0.0,0.0,
all_generic|t0.05|max20|min0,10.0,0,0,3202,5,,,0.0,0.0,
all_generic|t0.05|max30|min0,0.3,1677,7028,3202,4248,,23.86169607285145,52.3735165521549,32.78592375366569,
all_generic|t0.05|max30|min0,0.45,1215,3043,3202,2797,,39.92770292474532,37.945034353529046,38.911128903122496,
all_generic|t0.05|max30|min0,0.6,1307,3364,3202,3130,,38.8525564803805,40.81823860087445,39.81114833993299,
all_generic|t0.05|max30|min0,0.9,1285,2974,3202,3341,,43.20780094149294,40.131168019987506,41.612694300518136,
all_generic|t0.05|max30|min0,1.2,1100,2305,3202,3226,,47.72234273318872,34.35352904434728,39.949155620119846,
all_generic|t0.05|max30|min0,1.8,872,1559,3202,2557,,55.93329057087877,27.232979387882573,36.63095988237765,
all_generic|t0.05|max30|min0,2.4,465,703,3202,1448,,66.14509246088194,14.522173641474078,23.81562099871959,
all_generic|t0.05|max30|min0,3.6,53,79,3202,375,,67.0886075949367,1.655215490318551,3.2307223407497716,
all_generic|t0.05|max30|min0,5.0,6,10,3202,143,,60.0,0.18738288569643974,0.37359900373599003,
all_generic|t0.05|max30|min0,10.0,0,0,3202,5,,,0.0,0.0,
all_generic|t0.05|max60|min0,0.3,1830,9459,3202,1817,,19.34665398033619,57.151780137414114,28.907669220440724,
all_generic|t0.05|max60|min0,0.45,1383,4481,3202,1359,,30.86364650747601,43.191755153029355,36.001561889886766,
all_generic|t0.05|max60|min0,0.6,1481,5034,3202,1460,,29.41994437822805,46.252342286071205,35.96406022340942,
all_generic|t0.05|max60|min0,0.9,1470,4843,3202,1472,,30.353086929589097,45.908806995627735,36.544437538844,
all_generic|t0.05|max60|min0,1.2,1299,4114,3202,1417,,31.575109382596015,40.5683947532792,35.51120831055221,
all_generic|t0.05|max60|min0,1.8,1044,2942,3202,1174,,35.48606390210741,32.60462211118051,33.984375,
all_generic|t0.05|max60|min0,2.4,593,1421,3202,730,,41.731175228712175,18.519675202998126,25.65433701059918,
all_generic|t0.05|max60|min0,3.6,90,223,3202,231,,40.35874439461883,2.8107432854465957,5.255474452554744,
all_generic|t0.05|max60|min0,5.0,20,36,3202,117,,55.55555555555556,0.6246096189881324,1.2353304508956147,
all_generic|t0.05|max60|min0,10.0,1,1,3202,4,,100.0,0.03123048094940662,0.062441461130190445,
all_generic|t0.1|max15|min0,0.3,152,422,3202,2691,,36.018957345971565,4.747033104309806,8.388520971302428,
all_generic|t0.1|max15|min0,0.45,56,118,3202,1395,,47.45762711864407,1.7489069331667708,3.3734939759036147,
all_generic|t0.1|max15|min0,0.6,66,143,3202,1629,,46.15384615384615,2.061211742660837,3.9461883408071747,
all_generic|t0.1|max15|min0,0.9,54,86,3202,1779,,62.7906976744186,1.6864459712679576,3.2846715328467155,
all_generic|t0.1|max15|min0,1.2,37,58,3202,1634,,63.793103448275865,1.155527795128045,2.2699386503067487,
all_generic|t0.1|max15|min0,1.8,13,22,3202,1206,,59.09090909090909,0.4059962523422861,0.8064516129032258,
all_generic|t0.1|max15|min0,2.4,2,2,3202,653,,100.0,0.06246096189881324,0.12484394506866417,
all_generic|t0.1|max15|min0,3.6,1,1,3202,106,,100.0,0.03123048094940662,0.062441461130190445,
all_generic|t0.1|max15|min0,5.0,0,0,3202,37,,,0.0,0.0,
all_generic|t0.1|max15|min0,10.0,0,0,3202,0,,,0.0,0.0,
all_generic|t0.1|max195|min0,0.3,957,3113,3202,0,,30.742049469964666,29.887570268582135,30.30878859857482,
all_generic|t0.1|max195|min0,0.45,544,1513,3202,0,,35.95505617977528,16.9893816364772,23.07529162248144,
all_generic|t0.1|max195|min0,0.6,611,1772,3202,0,,34.480812641083524,19.081823860087447,24.567752312022517,
all_generic|t0.1|max195|min0,0.9,656,1865,3202,0,,35.17426273458445,20.487195502810742,25.893033353068876,
all_generic|t0.1|max195|min0,1.2,570,1692,3202,0,,33.687943262411345,17.801374141161773,23.293829178586023,
all_generic|t0.1|max195|min0,1.8,412,1228,3202,0,,33.55048859934853,12.866958151155528,18.600451467268623,
all_generic|t0.1|max195|min0,2.4,218,655,3202,0,,33.282442748091604,6.808244846970643,11.304122374902775,
all_generic|t0.1|max195|min0,3.6,31,107,3202,0,,28.97196261682243,0.9681449094316052,1.8736778482925356,
all_generic|t0.1|max195|min0,5.0,6,37,3202,0,,16.216216216216218,0.18738288569643974,0.3704847175054029,
all_generic|t0.1|max195|min0,10.0,0,0,3202,0,,,0.0,0.0,
all_generic|t0.1|max20|min0,0.3,439,890,3202,2223,,49.325842696629216,13.710181136789506,21.456500488758554,
all_generic|t0.1|max20|min0,0.45,173,286,3202,1227,,60.48951048951049,5.402873204247346,9.919724770642201,
all_generic|t0.1|max20|min0,0.6,193,336,3202,1436,,57.44047619047619,6.027482823235478,10.910118711136235,
all_generic|t0.1|max20|min0,0.9,189,269,3202,1596,,70.26022304832713,5.902560899437852,10.890233362143475,
all_generic|t0.1|max20|min0,1.2,152,213,3202,1479,,71.36150234741784,4.747033104309806,8.90190336749634,
all_generic|t0.1|max20|min0,1.8,94,122,3202,1106,,77.04918032786885,2.935665209244222,5.6558363417569195,
all_generic|t0.1|max20|min0,2.4,43,50,3202,605,,86.0,1.3429106808244846,2.644526445264453,
all_generic|t0.1|max20|min0,3.6,3,3,3202,104,,100.0,0.09369144284821987,0.187207488299532,
all_generic|t0.1|max20|min0,5.0,0,0,3202,37,,,0.0,0.0,
all_generic|t0.1|max20|min0,10.0,0,0,3202,0,,,0.0,0.0,
all_generic|t0.1|max30|min0,0.3,809,1694,3202,1419,,47.756788665879576,25.265459088069957,33.04738562091503,
all_generic|t0.1|max30|min0,0.45,403,656,3202,857,,61.43292682926829,12.585883822610867,20.89165370658372,
all_generic|t0.1|max30|min0,0.6,455,755,3202,1017,,60.264900662251655,14.209868831980012,22.997220116249686,
all_generic|t0.1|max30|min0,0.9,489,751,3202,1114,,65.11318242343542,15.271705184259838,24.740703263344294,
all_generic|t0.1|max30|min0,1.2,411,598,3202,1094,,68.72909698996655,12.835727670206122,21.63157894736842,
all_generic|t0.1|max30|min0,1.8,286,385,3202,843,,74.28571428571429,8.931917551530294,15.94647337608029,
all_generic|t0.1|max30|min0,2.4,128,163,3202,492,,78.52760736196319,3.9975015615240475,7.607726597325408,
all_generic|t0.1|max30|min0,3.6,12,17,3202,90,,70.58823529411765,0.3747657713928795,0.7455731593662628,
all_generic|t0.1|max30|min0,5.0,0,0,3202,37,,,0.0,0.0,
all_generic|t0.1|max30|min0,10.0,0,0,3202,0,,,0.0,0.0,
all_generic|t0.1|max60|min0,0.3,931,2400,3202,713,,38.791666666666664,29.075577763897563,33.2381292395573,
all_generic|t0.1|max60|min0,0.45,522,1026,3202,487,,50.87719298245614,16.302311055590256,24.69252601702933,
all_generic|t0.1|max60|min0,0.6,590,1233,3202,539,,47.850770478507705,18.425983760149908,26.606538895152198,
all_generic|t0.1|max60|min0,0.9,636,1334,3202,531,,47.67616191904048,19.86258588382261,28.04232804232804,
all_generic|t0.1|max60|min0,1.2,554,1169,3202,523,,47.39093242087254,17.301686445971267,25.348890414092885,
all_generic|t0.1|max60|min0,1.8,395,818,3202,410,,48.28850855745721,12.336039975015614,19.65174129353234,
all_generic|t0.1|max60|min0,2.4,206,387,3202,268,,53.229974160206716,6.433479075577764,11.479520757871274,
all_generic|t0.1|max60|min0,3.6,25,45,3202,62,,55.55555555555556,0.7807620237351656,1.539882968894364,
all_generic|t0.1|max60|min0,5.0,3,3,3202,34,,100.0,0.09369144284821987,0.187207488299532,
all_generic|t0.1|max60|min0,10.0,0,0,3202,0,,,0.0,0.0,
all_generic|t0.2|max15|min0,0.3,18,30,3202,409,,60.0,0.5621486570893192,1.113861386138614,
all_generic|t0.2|max15|min0,0.45,7,12,3202,231,,58.333333333333336,0.21861336664584635,0.4355942750466708,
all_generic|t0.2|max15|min0,0.6,9,14,3202,258,,64.28571428571429,0.2810743285446596,0.5597014925373134,
all_generic|t0.2|max15|min0,0.9,5,6,3202,235,,83.33333333333333,0.1561524047470331,0.3117206982543641,
all_generic|t0.2|max15|min0,1.2,3,3,3202,211,,100.0,0.09369144284821987,0.187207488299532,
all_generic|t0.2|max15|min0,1.8,0,0,3202,172,,,0.0,0.0,
all_generic|t0.2|max15|min0,2.4,0,0,3202,94,,,0.0,0.0,
all_generic|t0.2|max15|min0,3.6,0,0,3202,18,,,0.0,0.0,
all_generic|t0.2|max15|min0,5.0,0,0,3202,5,,,0.0,0.0,
all_generic|t0.2|max15|min0,10.0,0,0,3202,0,,,0.0,0.0,
all_generic|t0.2|max195|min0,0.3,178,439,3202,0,,40.546697038724375,5.559025608994379,9.777533644603132,
all_generic|t0.2|max195|min0,0.45,91,243,3202,0,,37.44855967078189,2.8419737663960025,5.283018867924528,
all_generic|t0.2|max195|min0,0.6,102,272,3202,0,,37.5,3.1855090568394755,5.872193436960276,
all_generic|t0.2|max195|min0,0.9,96,241,3202,0,,39.83402489626556,2.998126171143036,5.576532094103979,
all_generic|t0.2|max195|min0,1.2,80,214,3202,0,,37.38317757009346,2.4984384759525295,4.68384074941452,
all_generic|t0.2|max195|min0,1.8,61,172,3202,0,,35.46511627906977,1.9050593379138039,3.6158861885002964,
all_generic|t0.2|max195|min0,2.4,26,94,3202,0,,27.659574468085108,0.8119925046845722,1.5776699029126213,
all_generic|t0.2|max195|min0,3.6,9,18,3202,0,,50.0,0.2810743285446596,0.5590062111801242,
all_generic|t0.2|max195|min0,5.0,3,5,3202,0,,60.0,0.09369144284821987,0.18709073900841908,
all_generic|t0.2|max195|min0,10.0,0,0,3202,0,,,0.0,0.0,
all_generic|t0.2|max20|min0,0.3,51,78,3202,361,,65.38461538461539,1.5927545284197377,3.1097560975609757,
all_generic|t0.2|max20|min0,0.45,27,36,3202,207,,75.0,0.8432229856339788,1.6676961087090796,
all_generic|t0.2|max20|min0,0.6,31,44,3202,228,,70.45454545454545,0.9681449094316052,1.9100431300061613,
all_generic|t0.2|max20|min0,0.9,15,18,3202,223,,83.33333333333333,0.4684572142410993,0.9316770186335404,
all_generic|t0.2|max20|min0,1.2,5,7,3202,207,,71.42857142857143,0.1561524047470331,0.3116235587410408,
all_generic|t0.2|max20|min0,1.8,2,3,3202,169,,66.66666666666667,0.06246096189881324,0.12480499219968799,
all_generic|t0.2|max20|min0,2.4,0,0,3202,94,,,0.0,0.0,
all_generic|t0.2|max20|min0,3.6,0,0,3202,18,,,0.0,0.0,
all_generic|t0.2|max20|min0,5.0,0,0,3202,5,,,0.0,0.0,
all_generic|t0.2|max20|min0,10.0,0,0,3202,0,,,0.0,0.0,
all_generic|t0.2|max30|min0,0.3,102,143,3202,296,,71.32867132867133,3.1855090568394755,6.098654708520179,
all_generic|t0.2|max30|min0,0.45,48,60,3202,183,,80.0,1.499063085571518,2.942979767014102,
all_generic|t0.2|max30|min0,0.6,52,74,3202,198,,70.27027027027027,1.6239850093691444,3.1746031746031744,
all_generic|t0.2|max30|min0,0.9,36,48,3202,193,,75.0,1.1242973141786383,2.2153846153846155,
all_generic|t0.2|max30|min0,1.2,21,31,3202,183,,67.74193548387096,0.655840099937539,1.2991030003093103,
all_generic|t0.2|max30|min0,1.8,16,21,3202,151,,76.19047619047619,0.49968769519050593,0.9928637914986038,
all_generic|t0.2|max30|min0,2.4,6,6,3202,88,,100.0,0.18738288569643974,0.3740648379052369,
all_generic|t0.2|max30|min0,3.6,0,0,3202,18,,,0.0,0.0,
all_generic|t0.2|max30|min0,5.0,0,0,3202,5,,,0.0,0.0,
all_generic|t0.2|max30|min0,10.0,0,0,3202,0,,,0.0,0.0,
all_generic|t0.2|max60|min0,0.3,158,248,3202,191,,63.70967741935484,4.934415990006246,9.159420289855072,
all_generic|t0.2|max60|min0,0.45,79,115,3202,128,,68.69565217391305,2.467207995003123,4.763340367802231,
all_generic|t0.2|max60|min0,0.6,91,137,3202,135,,66.42335766423358,2.8419737663960025,5.450733752620545,
all_generic|t0.2|max60|min0,0.9,81,132,3202,109,,61.36363636363637,2.5296689569019364,4.8590281943611275,
all_generic|t0.2|max60|min0,1.2,66,119,3202,95,,55.46218487394958,2.061211742660837,3.974706413730804,
all_generic|t0.2|max60|min0,1.8,50,90,3202,82,,55.55555555555556,1.5615240474703311,3.0376670716889427,
all_generic|t0.2|max60|min0,2.4,18,35,3202,59,,51.42857142857143,0.5621486570893192,1.1121408711770158,
all_generic|t0.2|max60|min0,3.6,5,5,3202,13,,100.0,0.1561524047470331,0.3118178983473651,
all_generic|t0.2|max60|min0,5.0,1,1,3202,4,,100.0,0.03123048094940662,0.062441461130190445,
all_generic|t0.2|max60|min0,10.0,0,0,3202,0,,,0.0,0.0,
generic_paper|t0.001|max15|min0,0.3,2098,72425,3202,51277,,2.8967897825336557,65.52154903185509,5.548283020614331,
generic_paper|t0.001|max15|min0,0.45,1950,51240,3202,43838,,3.8056206088992974,60.89943785134291,7.163586936556335,
generic_paper|t0.001|max15|min0,0.6,1895,46030,3202,43526,,4.116880295459483,59.18176139912555,7.698245043873903,
generic_paper|t0.001|max15|min0,0.9,1645,28887,3202,40904,,5.694603108664797,51.37414116177389,10.252734581943969,
generic_paper|t0.001|max15|min0,1.2,1418,20939,3202,37791,,6.772052151487655,44.284821986258585,11.747649227455366,
generic_paper|t0.001|max15|min0,1.8,1117,12708,3202,31699,,8.78973874724583,34.884447220487196,14.041483343808926,
generic_paper|t0.001|max15|min0,2.4,856,7167,3202,24801,,11.943630528812614,26.733291692692067,16.51075320667374,
generic_paper|t0.001|max15|min0,3.6,358,1956,3202,13552,,18.302658486707568,11.18051217988757,13.881349360217138,
generic_paper|t0.001|max15|min0,5.0,123,529,3202,7397,,23.251417769376182,3.841349156777014,6.593406593406593,
generic_paper|t0.001|max15|min0,10.0,10,35,3202,2086,,28.571428571428573,0.3123048094940662,0.6178560395427866,
generic_paper|t0.001|max195|min0,0.3,2958,123702,3202,0,,2.391230537905612,92.37976264834478,4.661791590493602,
generic_paper|t0.001|max195|min0,0.45,2900,95078,3202,0,,3.0501272639306674,90.56839475327921,5.901505901505901,
generic_paper|t0.001|max195|min0,0.6,2876,89556,3202,0,,3.2113984545982404,89.81886321049345,6.201082386424891,
generic_paper|t0.001|max195|min0,0.9,2786,69791,3202,0,,3.9919187287759166,87.00811992504684,7.633608702204321,
generic_paper|t0.001|max195|min0,1.2,2654,58730,3202,0,,4.51898518644645,82.88569643972517,8.570690434670283,
generic_paper|t0.001|max195|min0,1.8,2500,44407,3202,0,,5.629743058526809,78.07620237351655,10.502215967569157,
generic_paper|t0.001|max195|min0,2.4,2278,31968,3202,0,,7.125875875875876,71.14303560274828,12.95422234859255,
generic_paper|t0.001|max195|min0,3.6,1641,15508,3202,0,,10.581635285014187,51.24921923797626,17.541421699625868,
generic_paper|t0.001|max195|min0,5.0,1052,7926,3202,0,,13.272773151652789,32.85446595877576,18.90726096333573,
generic_paper|t0.001|max195|min0,10.0,356,2121,3202,0,,16.784535596416784,11.118051217988757,13.375915836934059,
generic_paper|t0.001|max20|min0,0.3,2621,86628,3202,37074,,3.025580643671792,81.85509056839476,5.835466993209396,
generic_paper|t0.001|max20|min0,0.45,2497,63101,3202,31977,,3.9571480642145134,77.98251093066833,7.532087537517156,
generic_paper|t0.001|max20|min0,0.6,2456,57532,3202,32024,,4.268928596259473,76.70206121174266,8.08772680870682,
generic_paper|t0.001|max20|min0,0.9,2285,38351,3202,31440,,5.95812364736252,71.36164896939412,10.998002550959017,
generic_paper|t0.001|max20|min0,1.2,2098,28922,3202,29808,,7.25399349975797,65.52154903185509,13.061885194869879,
generic_paper|t0.001|max20|min0,1.8,1803,18576,3202,25831,,9.706072351421188,56.308557151780136,16.55799430618055,
generic_paper|t0.001|max20|min0,2.4,1438,10923,3202,21045,,13.164881442827062,44.90943160524672,20.361061946902655,
generic_paper|t0.001|max20|min0,3.6,759,3386,3202,12122,,22.415829887773185,23.703935040599625,23.041894353369763,
generic_paper|t0.001|max20|min0,5.0,344,1105,3202,6821,,31.131221719457013,10.743285446595877,15.973995820756908,
generic_paper|t0.001|max20|min0,10.0,45,132,3202,1989,,34.09090909090909,1.4053716427232978,2.699460107978404,
generic_paper|t0.001|max30|min0,0.3,2904,102542,3202,21160,,2.832010298219266,90.69331667707682,5.492510213345438,
generic_paper|t0.001|max30|min0,0.45,2829,76475,3202,18603,,3.699248120300752,88.35103060587133,7.10117097782296,
generic_paper|t0.001|max30|min0,0.6,2804,70765,3202,18791,,3.962410796297605,87.57026858213617,7.581759433260778,
generic_paper|t0.001|max30|min0,0.9,2701,50626,3202,19165,,5.335203255244341,84.35352904434728,10.03566916846251,
generic_paper|t0.001|max30|min0,1.2,2563,40260,3202,18470,,6.366120218579235,80.04372267332917,11.794211034927063,
generic_paper|t0.001|max30|min0,1.8,2382,27837,3202,16570,,8.556956568595753,74.39100562148657,15.348432617030188,
generic_paper|t0.001|max30|min0,2.4,2114,17606,3202,14362,,12.007270248778825,66.02123672704559,20.319108035371013,
generic_paper|t0.001|max30|min0,3.6,1379,6166,3202,9342,,22.364579954589686,43.06683322923173,29.44064901793339,
generic_paper|t0.001|max30|min0,5.0,769,2374,3202,5552,,32.39258635214827,24.01623985009369,27.582496413199426,
generic_paper|t0.001|max30|min0,10.0,188,495,3202,1626,,37.97979797979798,5.871330418488444,10.170408439275088,
generic_paper|t0.001|max60|min0,0.3,2952,115530,3202,8172,,2.555180472604518,92.19237976264834,4.9725432065492035,
generic_paper|t0.001|max60|min0,0.45,2892,87878,3202,7200,,3.290926056578438,90.31855090568395,6.350461133069829,
generic_paper|t0.001|max60|min0,0.6,2867,82312,3202,7244,,3.483088735542813,89.53778888194879,6.705334798980284,
generic_paper|t0.001|max60|min0,0.9,2776,62293,3202,7498,,4.4563594625399325,86.69581511555278,8.476982975799679,
generic_paper|t0.001|max60|min0,1.2,2644,51566,3202,7164,,5.1274095334134895,82.5733916302311,9.655273152205668,
generic_paper|t0.001|max60|min0,1.8,2488,37885,3202,6522,,6.567242972152567,77.70143660212368,12.110886655146397,
generic_paper|t0.001|max60|min0,2.4,2268,26042,3202,5926,,8.709008524690883,70.83073079325422,15.510874025441115,
generic_paper|t0.001|max60|min0,3.6,1627,11075,3202,4433,,14.690744920993229,50.811992504684575,22.791903060867128,
generic_paper|t0.001|max60|min0,5.0,1027,5027,3202,2899,,20.42967972946091,32.0737039350406,24.96050552922591,
generic_paper|t0.001|max60|min0,10.0,333,1256,3202,865,,26.512738853503183,10.399750156152404,14.939434724091521,
generic_paper|t0.002|max15|min0,0.3,1895,55506,3202,40569,,3.4140453284329624,59.18176139912555,6.455678953464605,
generic_paper|t0.002|max15|min0,0.45,1701,34762,3202,33614,,4.893274265002014,53.123048094940664,8.961121062058792,
generic_paper|t0.002|max15|min0,0.6,1641,31103,3202,33344,,5.276018390508954,51.24921923797626,9.567118495846087,
generic_paper|t0.002|max15|min0,0.9,1387,18548,3202,31029,,7.477895190856157,43.316677076826984,12.754022988505747,
generic_paper|t0.002|max15|min0,1.2,1153,13099,3202,28475,,8.802198641117643,36.00874453466584,14.14637138825839,
generic_paper|t0.002|max15|min0,1.8,927,7695,3202,23591,,12.046783625730994,28.950655840099937,17.013857024869232,
generic_paper|t0.002|max15|min0,2.4,664,4159,3202,18045,,15.965376292377975,20.737039350405997,18.04102703437033,
generic_paper|t0.002|max15|min0,3.6,235,1037,3202,9055,,22.66152362584378,7.339163023110556,11.087520641660769,
generic_paper|t0.002|max15|min0,5.0,67,258,3202,4604,,25.968992248062015,2.092442223610244,3.8728323699421967,
generic_paper|t0.002|max15|min0,10.0,5,13,3202,989,,38.46153846153846,0.1561524047470331,0.3110419906687403,
generic_paper|t0.002|max195|min0,0.3,2903,96075,3202,0,,3.0215977101223004,90.66208619612742,5.848283086716964,
generic_paper|t0.002|max195|min0,0.45,2807,68376,3202,0,,4.105241605241606,87.66396002498439,7.843192042247618,
generic_paper|t0.002|max195|min0,0.6,2774,64447,3202,0,,4.304312070383416,86.63335415365397,8.201155966828779,
generic_paper|t0.002|max195|min0,0.9,2675,49577,3202,0,,5.395647175101358,83.54153653966272,10.136607362776862,
generic_paper|t0.002|max195|min0,1.2,2552,41574,3202,0,,6.138451917063549,79.7001873828857,11.398963730569948,
generic_paper|t0.002|max195|min0,1.8,2382,31286,3202,0,,7.613629099277632,74.39100562148657,13.813500347947112,
generic_paper|t0.002|max195|min0,2.4,2109,22204,3202,0,,9.498288596649253,65.86508432229856,16.60237739116744,
generic_paper|t0.002|max195|min0,3.6,1348,10092,3202,0,,13.357114546175188,42.098688319800125,20.279825485181284,
generic_paper|t0.002|max195|min0,5.0,741,4862,3202,0,,15.240641711229946,23.141786383510308,18.37797619047619,
generic_paper|t0.002|max195|min0,10.0,186,1002,3202,0,,18.562874251497007,5.8088694565896315,8.84871550903901,
generic_paper|t0.002|max20|min0,0.3,2479,66749,3202,29326,,3.713913317053439,77.42036227357902,7.087818615888264,
generic_paper|t0.002|max20|min0,0.45,2287,43600,3202,24776,,5.245412844036697,71.42410993129295,9.773086620229904,
generic_paper|t0.002|max20|min0,0.6,2236,39638,3202,24809,,5.641051516221808,69.8313554028732,10.438842203548086,
generic_paper|t0.002|max20|min0,0.9,2058,25417,3202,24160,,8.096942990911595,64.27232979387882,14.382053880289318,
generic_paper|t0.002|max20|min0,1.2,1840,18734,3202,22840,,9.821714529732038,57.46408494690818,16.77607585703866,
generic_paper|t0.002|max20|min0,1.8,1581,11735,3202,19551,,13.472518108223264,49.37539038101187,21.168909419562162,
generic_paper|t0.002|max20|min0,2.4,1192,6644,3202,15560,,17.94099939795304,37.22673329169269,24.212878326223848,
generic_paper|t0.002|max20|min0,3.6,534,1923,3202,8169,,27.76911076443058,16.677076826983136,20.839024390243903,
generic_paper|t0.002|max20|min0,5.0,196,563,3202,4299,,34.81349911190053,6.121174266083698,10.411686586985391,
generic_paper|t0.002|max20|min0,10.0,21,57,3202,945,,36.8421052631579,0.655840099937539,1.2887388769561214,
generic_paper|t0.002|max30|min0,0.3,2840,79487,3202,16588,,3.5729112936706633,88.6945658963148,6.869111973781277,
generic_paper|t0.002|max30|min0,0.45,2721,53891,3202,14485,,5.04908055148355,84.97813866333541,9.531816509904893,
generic_paper|t0.002|max30|min0,0.6,2691,49896,3202,14551,,5.393217893217893,84.04122423485322,10.135974989641795,
generic_paper|t0.002|max30|min0,0.9,2574,34790,3202,14787,,7.398677780971544,80.38725796377264,13.550221099178774,
generic_paper|t0.002|max30|min0,1.2,2443,27339,3202,14235,,8.935952302571419,76.29606495940037,15.99816639926656,
generic_paper|t0.002|max30|min0,1.8,2243,18507,3202,12779,,12.1197384773329,70.04996876951905,20.66424063752361,
generic_paper|t0.002|max30|min0,2.4,1928,11323,3202,10881,,17.027289587565132,60.212367270455964,26.547332185886404,
generic_paper|t0.002|max30|min0,3.6,1086,3727,3202,6365,,29.13871746713174,33.91630231105559,31.346514648578438,
generic_paper|t0.002|max30|min0,5.0,505,1310,3202,3552,,38.54961832061068,15.771392879450344,22.384751773049647,
generic_paper|t0.002|max30|min0,10.0,92,211,3202,791,,43.60189573459716,2.873204247345409,5.391151479636683,
generic_paper|t0.002|max60|min0,0.3,2896,89712,3202,6363,,3.228107722489745,90.44347282948158,6.23372150590869,
generic_paper|t0.002|max60|min0,0.45,2798,62792,3202,5584,,4.455981653713849,87.38288569643973,8.479558747764948,
generic_paper|t0.002|max60|min0,0.6,2765,58810,3202,5637,,4.701581363713654,86.3522798251093,8.917628846029801,
generic_paper|t0.002|max60|min0,0.9,2662,43757,3202,5820,,6.083598052882968,83.13554028732042,11.33754977746545,
generic_paper|t0.002|max60|min0,1.2,2540,36021,3202,5553,,7.0514422142639015,79.32542161149281,12.95158452948525,
generic_paper|t0.002|max60|min0,1.8,2370,26157,3202,5129,,9.060672095423786,74.0162398500937,16.144964065533568,
generic_paper|t0.002|max60|min0,2.4,2097,17647,3202,4557,,11.883039610132034,65.49031855090568,20.116072713319582,
generic_paper|t0.002|max60|min0,3.6,1325,6998,3202,3094,,18.93398113746785,41.380387257963775,25.980392156862745,
generic_paper|t0.002|max60|min0,5.0,720,2968,3202,1894,,24.258760107816713,22.485946283572765,23.3387358184765,
generic_paper|t0.002|max60|min0,10.0,165,560,3202,442,,29.464285714285715,5.153029356652093,8.771929824561404,
generic_paper|t0.003|max15|min0,0.3,1763,45273,3202,34573,,3.894153248072803,55.05933791380387,7.2738525012893245,
generic_paper|t0.003|max15|min0,0.45,1523,25898,3202,27989,,5.880762993281334,47.56402248594628,10.467353951890034,
generic_paper|t0.003|max15|min0,0.6,1467,23042,3202,27859,,6.366634840725632,45.81511555277951,11.179698216735254,
generic_paper|t0.003|max15|min0,0.9,1190,13512,3202,25798,,8.806986382474838,37.16427232979388,14.239559650592318,
generic_paper|t0.003|max15|min0,1.2,993,9525,3202,23571,,10.4251968503937,31.011867582760775,15.60462009900212,
generic_paper|t0.003|max15|min0,1.8,766,5563,3202,19517,,13.769548804601834,23.922548407245472,17.478608100399317,
generic_paper|t0.003|max15|min0,2.4,557,2996,3202,14603,,18.591455273698266,17.39537788881949,17.97353985156502,
generic_paper|t0.003|max15|min0,3.6,173,686,3202,6907,,25.21865889212828,5.402873204247346,8.89917695473251,
generic_paper|t0.003|max15|min0,5.0,45,152,3202,3346,,29.605263157894736,1.4053716427232978,2.6833631484794274,
generic_paper|t0.003|max15|min0,10.0,3,7,3202,618,,42.857142857142854,0.09369144284821987,0.1869741352446245,
generic_paper|t0.003|max195|min0,0.3,2854,79846,3202,0,,3.5743806828144176,89.1317926296065,6.873133609478856,
generic_paper|t0.003|max195|min0,0.45,2732,53887,3202,0,,5.069868428377902,85.32167395377888,9.571020686997494,
generic_paper|t0.003|max195|min0,0.6,2711,50901,3202,0,,5.32602502897782,84.66583385384135,10.021625418183834,
generic_paper|t0.003|max195|min0,0.9,2589,39310,3202,0,,6.586110404477232,80.85571517801374,12.18009032743696,
generic_paper|t0.003|max195|min0,1.2,2466,33096,3202,0,,7.451051486584482,77.01436602123673,13.587525483497714,
generic_paper|t0.003|max195|min0,1.8,2281,25080,3202,0,,9.094896331738436,71.2367270455965,16.130400961742453,
generic_paper|t0.003|max195|min0,2.4,2007,17599,3202,0,,11.404057048695948,62.679575265459086,19.297149175520406,
generic_paper|t0.003|max195|min0,3.6,1129,7593,3202,0,,14.868958251020677,35.25921299188008,20.917091245947198,
generic_paper|t0.003|max195|min0,5.0,549,3498,3202,0,,15.694682675814752,17.145534041224234,16.388059701492537,
generic_paper|t0.003|max195|min0,10.0,116,625,3202,0,,18.56,3.622735790131168,6.062189704729553,
generic_paper|t0.003|max20|min0,0.3,2351,54701,3202,25145,,4.297910458675344,73.42286071205497,8.120477350050948,
generic_paper|t0.003|max20|min0,0.45,2123,33021,3202,20866,,6.429241997516732,66.30231105559025,11.721834193744305,
generic_paper|t0.003|max20|min0,0.6,2093,29972,3202,20929,,6.983184305351662,65.36539662710805,12.618315548320973,
generic_paper|t0.003|max20|min0,0.9,1875,19030,3202,20280,,9.852863899106673,58.55715178013742,16.867578265563154,
generic_paper|t0.003|max20|min0,1.2,1661,13970,3202,19126,,11.88976377952756,51.873828856964394,19.345446075005825,
generic_paper|t0.003|max20|min0,1.8,1395,8694,3202,16386,,16.045548654244307,43.566520924422235,23.453261600537996,
generic_paper|t0.003|max20|min0,2.4,1064,4900,3202,12699,,21.714285714285715,33.22923173016864,26.265119723525057,
generic_paper|t0.003|max20|min0,3.6,409,1338,3202,6255,,30.56801195814649,12.773266708307307,18.01762114537445,
generic_paper|t0.003|max20|min0,5.0,129,345,3202,3153,,37.391304347826086,4.028732042473454,7.273752466873415,
generic_paper|t0.003|max20|min0,10.0,14,32,3202,593,,43.75,0.4372267332916927,0.8658008658008658,
generic_paper|t0.003|max30|min0,0.3,2782,65622,3202,14224,,4.23943189783914,86.88319800124921,8.084389166569801,
generic_paper|t0.003|max30|min0,0.45,2630,41649,3202,12238,,6.314677423227448,82.13616489693942,11.727720675124301,
generic_paper|t0.003|max30|min0,0.6,2612,38573,3202,12328,,6.771575972830736,81.5740162398501,12.505086774386594,
generic_paper|t0.003|max30|min0,0.9,2477,26840,3202,12470,,9.22876304023845,77.3579013116802,16.490246987550762,
generic_paper|t0.003|max30|min0,1.2,2331,21100,3202,11996,,11.04739336492891,72.79825109306684,19.18360628754835,
generic_paper|t0.003|max30|min0,1.8,2123,14241,3202,10839,,14.907660978863843,66.30231105559025,24.342142979991973,
generic_paper|t0.003|max30|min0,2.4,1811,8644,3202,8955,,20.950948634891255,56.558400999375394,30.575721762620294,
generic_paper|t0.003|max30|min0,3.6,883,2676,3202,4917,,32.997010463378174,27.576514678326046,30.044232732221843,
generic_paper|t0.003|max30|min0,5.0,354,854,3202,2644,,41.4519906323185,11.055590256089944,17.45562130177515,
generic_paper|t0.003|max30|min0,10.0,48,112,3202,513,,42.857142857142854,1.499063085571518,2.896801448400724,
generic_paper|t0.003|max60|min0,0.3,2847,74442,3202,5404,,3.8244539372934634,88.91317926296065,7.333470712482613,
generic_paper|t0.003|max60|min0,0.45,2723,49093,3202,4794,,5.54661560711303,85.04059962523422,10.413997514102686,
generic_paper|t0.003|max60|min0,0.6,2700,46096,3202,4805,,5.857341200971884,84.32229856339788,10.953791228853097,
generic_paper|t0.003|max60|min0,0.9,2574,34345,3202,4965,,7.494540690056777,80.38725796377264,13.710815777558793,
generic_paper|t0.003|max60|min0,1.2,2452,28385,3202,4711,,8.638365333803065,76.57713928794503,15.525374362870801,
generic_paper|t0.003|max60|min0,1.8,2267,20672,3202,4408,,10.966524767801857,70.79950031230481,18.99137136633995,
generic_paper|t0.003|max60|min0,2.4,1991,13842,3202,3757,,14.383759572316139,62.17988757026858,23.36306031448017,
generic_paper|t0.003|max60|min0,3.6,1100,5132,3202,2461,,21.434138737334372,34.35352904434728,26.397888168946483,
generic_paper|t0.003|max60|min0,5.0,533,2053,3202,1445,,25.962006819288845,16.64584634603373,20.28544243577545,
generic_paper|t0.003|max60|min0,10.0,100,326,3202,299,,30.67484662576687,3.1230480949406623,5.668934240362812,
generic_paper|t0.005|max15|min0,0.3,1571,32386,3202,27269,,4.850861483357006,49.0630855715178,8.828818702933573,
generic_paper|t0.005|max15|min0,0.45,1256,16270,3202,21380,,7.719729563614013,39.22548407245472,12.900575184880855,
generic_paper|t0.005|max15|min0,0.6,1239,14673,3202,21374,,8.444080965037825,38.694565896314806,13.862937062937062,
generic_paper|t0.005|max15|min0,0.9,978,8574,3202,19766,,11.406578026592022,30.543410368519677,16.610054347826086,
generic_paper|t0.005|max15|min0,1.2,824,6060,3202,18101,,13.597359735973598,25.733916302311055,17.79313323256316,
generic_paper|t0.005|max15|min0,1.8,598,3477,3202,14845,,17.19873454127121,18.67582760774516,17.9068722862704,
generic_paper|t0.005|max15|min0,2.4,436,1863,3202,10572,,23.403113258185723,13.616489693941286,17.21618953603159,
generic_paper|t0.005|max15|min0,3.6,109,370,3202,4657,,29.45945945945946,3.4041224234853216,6.103023516237402,
generic_paper|t0.005|max15|min0,5.0,23,75,3202,2156,,30.666666666666668,0.7183010618363522,1.4037229173024108,
generic_paper|t0.005|max15|min0,10.0,0,2,3202,314,,0.0,0.0,0.0,
generic_paper|t0.005|max195|min0,0.3,2774,59655,3202,0,,4.650071242980471,86.63335415365397,8.826383696326582,
generic_paper|t0.005|max195|min0,0.45,2619,37650,3202,0,,6.956175298804781,81.79262960649594,12.821893664936844,
generic_paper|t0.005|max195|min0,0.6,2624,36047,3202,0,,7.279385247038588,81.94878201124297,13.371041300415298,
generic_paper|t0.005|max195|min0,0.9,2491,28340,3202,0,,8.78969654199012,77.79512804497189,15.794813264853211,
generic_paper|t0.005|max195|min0,1.2,2354,24161,3202,0,,9.742974214643434,73.51655215490318,17.205715747542303,
generic_paper|t0.005|max195|min0,1.8,2133,18322,3202,0,,11.641742167885601,66.61461586508432,19.819736108530012,
generic_paper|t0.005|max195|min0,2.4,1815,12435,3202,0,,14.595898673100121,56.683322923173016,23.2141715162755,
generic_paper|t0.005|max195|min0,3.6,864,5027,3202,0,,17.187189178436444,26.98313554028732,20.99890630696318,
generic_paper|t0.005|max195|min0,5.0,371,2231,3202,0,,16.629314208874945,11.586508432229856,13.657279587704767,
generic_paper|t0.005|max195|min0,10.0,52,316,3202,0,,16.455696202531644,1.6239850093691444,2.956225127913587,
generic_paper|t0.005|max20|min0,0.3,2175,39674,3202,19981,,5.482179765085446,67.9262960649594,10.145535964175762,
generic_paper|t0.005|max20|min0,0.45,1893,21446,3202,16204,,8.826820852373404,59.119300437226734,15.360272638753651,
generic_paper|t0.005|max20|min0,0.6,1905,19729,3202,16318,,9.655836585736733,59.494066208619614,16.61506257904147,
generic_paper|t0.005|max20|min0,0.9,1637,12555,3202,15785,,13.038630027877339,51.12429731417864,20.77806689090563,
generic_paper|t0.005|max20|min0,1.2,1457,9267,3202,14894,,15.722456026761627,45.502810743285444,23.369957494586576,
generic_paper|t0.005|max20|min0,1.8,1187,5687,3202,12635,,20.87216458589766,37.070580886945656,26.707166160422993,
generic_paper|t0.005|max20|min0,2.4,865,3164,3202,9271,,27.33881163084703,27.01436602123673,27.175620483820296,
generic_paper|t0.005|max20|min0,3.6,289,779,3202,4248,,37.09884467265725,9.025608994378514,14.51896508414971,
generic_paper|t0.005|max20|min0,5.0,71,187,3202,2044,,37.967914438502675,2.2173641474078702,4.190026556506344,
generic_paper|t0.005|max20|min0,10.0,2,10,3202,306,,20.0,0.06246096189881324,0.12453300124533001,
generic_paper|t0.005|max30|min0,0.3,2678,48347,3202,11308,,5.539123420274267,83.63522798251093,10.390114260218432,
generic_paper|t0.005|max30|min0,0.45,2492,28166,3202,9484,,8.847546687495562,77.8263585259213,15.888803876562102,
generic_paper|t0.005|max30|min0,0.6,2508,26376,3202,9671,,9.508644222020019,78.32604622111181,16.958550273852186,
generic_paper|t0.005|max30|min0,0.9,2349,18608,3202,9732,,12.623602751504729,73.36039975015615,21.540577716643742,
generic_paper|t0.005|max30|min0,1.2,2196,14749,3202,9412,,14.889145026781478,68.58213616489694,24.466603531836668,
generic_paper|t0.005|max30|min0,1.8,1951,9882,3202,8440,,19.742967010726574,60.93066833229232,29.82268419443595,
generic_paper|t0.005|max30|min0,2.4,1593,5858,3202,6577,,27.193581427108228,49.75015615240475,35.16556291390729,
generic_paper|t0.005|max30|min0,3.6,648,1635,3202,3392,,39.63302752293578,20.23735165521549,26.793467025015506,
generic_paper|t0.005|max30|min0,5.0,219,499,3202,1732,,43.8877755511022,6.8394753279200495,11.834639286679275,
generic_paper|t0.005|max30|min0,10.0,16,45,3202,271,,35.55555555555556,0.49968769519050593,0.985525100092393,
generic_paper|t0.005|max60|min0,0.3,2765,55324,3202,4331,,4.997830959438941,86.3522798251093,9.448791989884837,
generic_paper|t0.005|max60|min0,0.45,2608,33935,3202,3715,,7.685280683659938,81.44909431605247,14.045291757546382,
generic_paper|t0.005|max60|min0,0.6,2613,32262,3202,3785,,8.099311883950158,81.6052467207995,14.736070381231672,
generic_paper|t0.005|max60|min0,0.9,2474,24468,3202,3872,,10.111165604054275,77.26420986883198,17.882182869533793,
generic_paper|t0.005|max60|min0,1.2,2339,20455,3202,3706,,11.434857003177708,73.04809494066208,19.774273999239124,
generic_paper|t0.005|max60|min0,1.8,2115,14887,3202,3435,,14.207026264526096,66.05246720799501,23.384377245840014,
generic_paper|t0.005|max60|min0,2.4,1800,9653,3202,2782,,18.64705272972133,56.21486570893192,28.004667444574096,
generic_paper|t0.005|max60|min0,3.6,842,3320,3202,1707,,25.36144578313253,26.296064959400375,25.820300521312483,
generic_paper|t0.005|max60|min0,5.0,357,1248,3202,983,,28.60576923076923,11.149281698938164,16.04494382022472,
generic_paper|t0.005|max60|min0,10.0,40,154,3202,162,,25.974025974025974,1.2492192379762648,2.3837902264600714,
generic_paper|t0.0075|max15|min0,0.3,1374,22868,3202,21851,,6.00839601189435,42.9106808244847,10.540851553509782,
generic_paper|t0.0075|max15|min0,0.45,1051,10392,3202,16740,,10.113548883756735,32.82323547782636,15.462704134176843,
generic_paper|t0.0075|max15|min0,0.6,1030,9718,3202,16807,,10.598888660218153,32.167395377888816,15.944272445820433,
generic_paper|t0.0075|max15|min0,0.9,813,5720,3202,15372,,14.213286713286713,25.390381011867582,18.224613315400134,
generic_paper|t0.0075|max15|min0,1.2,669,3994,3202,14137,,16.750125187781673,20.89319175515303,18.59366314619233,
generic_paper|t0.0075|max15|min0,1.8,501,2358,3202,11458,,21.24681933842239,15.646470955652717,18.02158273381295,
generic_paper|t0.0075|max15|min0,2.4,332,1194,3202,7937,,27.80569514237856,10.368519675202998,15.104640582347589,
generic_paper|t0.0075|max15|min0,3.6,72,226,3202,3267,,31.858407079646017,2.2485946283572766,4.200700116686114,
generic_paper|t0.0075|max15|min0,5.0,15,39,3202,1455,,38.46153846153846,0.4684572142410993,0.9256402344955261,
generic_paper|t0.0075|max15|min0,10.0,0,0,3202,192,,,0.0,0.0,
generic_paper|t0.0075|max195|min0,0.3,2682,44719,3202,0,,5.997450748004204,83.76014990630856,11.193422507877548,
generic_paper|t0.0075|max195|min0,0.45,2500,27132,3202,0,,9.21421200058971,78.07620237351655,16.483154216390847,
generic_paper|t0.0075|max195|min0,0.6,2502,26525,3202,0,,9.432610744580584,78.13866333541536,16.83318195579776,
generic_paper|t0.0075|max195|min0,0.9,2369,21092,3202,0,,11.231746633794804,73.98500936914428,19.502757882604758,
generic_paper|t0.0075|max195|min0,1.2,2200,18131,3202,0,,12.133914290441785,68.70705808869457,20.62532227066048,
generic_paper|t0.0075|max195|min0,1.8,1999,13816,3202,0,,14.468731905037638,62.429731417863835,23.492772358679044,
generic_paper|t0.0075|max195|min0,2.4,1601,9131,3202,0,,17.533676486693683,50.0,25.962863861185436,
generic_paper|t0.0075|max195|min0,3.6,654,3493,3202,0,,18.723160606928143,20.42473454091193,19.53696788648245,
generic_paper|t0.0075|max195|min0,5.0,244,1494,3202,0,,16.331994645247658,7.6202373516552155,10.391822827938672,
generic_paper|t0.0075|max195|min0,10.0,37,192,3202,0,,19.270833333333332,1.155527795128045,2.180318208603418,
generic_paper|t0.0075|max20|min0,0.3,1984,28550,3202,16169,,6.949211908931699,61.961274203622736,12.496850592088688,
generic_paper|t0.0075|max20|min0,0.45,1689,14270,3202,12862,,11.836019621583743,52.748282323547784,19.333791208791208,
generic_paper|t0.0075|max20|min0,0.6,1684,13514,3202,13011,,12.461151398549653,52.59212991880075,20.14836085187844,
generic_paper|t0.0075|max20|min0,0.9,1423,8628,3202,12464,,16.492814093648587,44.440974391005625,24.057480980557905,
generic_paper|t0.0075|max20|min0,1.2,1235,6315,3202,11816,,19.55661124307205,38.56964397251718,25.953556793107072,
generic_paper|t0.0075|max20|min0,1.8,1023,3989,3202,9827,,25.645525194284282,31.948782011242972,28.452231956612433,
generic_paper|t0.0075|max20|min0,2.4,697,2113,3202,7018,,32.98627543776621,21.767645221736416,26.227657572906868,
generic_paper|t0.0075|max20|min0,3.6,206,496,3202,2997,,41.53225806451613,6.433479075577764,11.141157382368847,
generic_paper|t0.0075|max20|min0,5.0,39,103,3202,1391,,37.86407766990291,1.2179887570268582,2.3600605143721634,
generic_paper|t0.0075|max20|min0,10.0,1,5,3202,187,,20.0,0.03123048094940662,0.06236357966947303,
generic_paper|t0.0075|max30|min0,0.3,2567,35562,3202,9157,,7.21837916877566,80.1686445971268,13.244247239706944,
generic_paper|t0.0075|max30|min0,0.45,2357,19647,3202,7485,,11.996742505217082,73.6102435977514,20.631099829314195,
generic_paper|t0.0075|max30|min0,0.6,2366,18839,3202,7686,,12.559053028292372,73.89131792629607,21.46908035025634,
generic_paper|t0.0075|max30|min0,0.9,2208,13425,3202,7667,,16.446927374301676,68.95690193628982,26.559210921994346,
generic_paper|t0.0075|max30|min0,1.2,2020,10606,3202,7525,,19.04582311898925,63.08557151780138,29.258400926998842,
generic_paper|t0.0075|max30|min0,1.8,1800,7233,3202,6583,,24.88593944421402,56.21486570893192,34.499281264973646,
generic_paper|t0.0075|max30|min0,2.4,1360,4137,3202,4994,,32.87406333091612,42.473454091193005,37.06227006404142,
generic_paper|t0.0075|max30|min0,3.6,467,1082,3202,2411,,43.160813308687615,14.584634603372892,21.802054154995332,
generic_paper|t0.0075|max30|min0,5.0,140,298,3202,1196,,46.97986577181208,4.372267332916927,8.0,
generic_paper|t0.0075|max30|min0,10.0,7,18,3202,174,,38.888888888888886,0.21861336664584635,0.43478260869565216,
generic_paper|t0.0075|max60|min0,0.3,2668,41199,3202,3520,,6.475885337022743,83.32292317301686,12.017747348032701,
generic_paper|t0.0075|max60|min0,0.45,2488,24240,3202,2892,,10.264026402640264,77.70143660212368,18.13278915530938,
generic_paper|t0.0075|max60|min0,0.6,2490,23561,3202,2964,,10.568312041084843,77.76389756402249,18.607779396928596,
generic_paper|t0.0075|max60|min0,0.9,2355,18048,3202,3044,,13.048537234042554,73.5477826358526,22.16470588235294,
generic_paper|t0.0075|max60|min0,1.2,2185,15187,3202,2944,,14.387304931849608,68.23860087445347,23.764206862798414,
generic_paper|t0.0075|max60|min0,1.8,1981,11168,3202,2648,,17.73818051575931,61.86758276077452,27.571329157967988,
generic_paper|t0.0075|max60|min0,2.4,1575,7021,3202,2110,,22.43270189431705,49.188007495315425,30.81287293358114,
generic_paper|t0.0075|max60|min0,3.6,636,2274,3202,1219,,27.96833773087071,19.86258588382261,23.22863403944485,
generic_paper|t0.0075|max60|min0,5.0,232,791,3202,703,,29.329962073324904,7.245471580262336,11.620335587277737,
generic_paper|t0.0075|max60|min0,10.0,27,88,3202,104,,30.681818181818183,0.8432229856339788,1.641337386018237,
generic_paper|t0.01|max15|min0,0.3,1219,17139,3202,18241,,7.112433630900286,38.06995627732667,11.985644756894942,
generic_paper|t0.01|max15|min0,0.45,893,7326,3202,13677,,12.189462189462189,27.88881948782011,16.964285714285715,
generic_paper|t0.01|max15|min0,0.6,892,6954,3202,13819,,12.82714984181766,27.857589006870707,17.565970854667192,
generic_paper|t0.01|max15|min0,0.9,682,4140,3202,12667,,16.47342995169082,21.299188007495314,18.578044129664942,
generic_paper|t0.01|max15|min0,1.2,572,2953,3202,11565,,19.37013206908229,17.863835103060588,18.58651502843217,
generic_paper|t0.01|max15|min0,1.8,435,1735,3202,9246,,25.072046109510087,13.58525921299188,17.622037674701236,
generic_paper|t0.01|max15|min0,2.4,257,869,3202,6245,,29.57422324510932,8.026233603997502,12.625890444608205,
generic_paper|t0.01|max15|min0,3.6,56,149,3202,2433,,37.58389261744966,1.7489069331667708,3.3422858848105044,
generic_paper|t0.01|max15|min0,5.0,8,20,3202,1059,,40.0,0.24984384759525297,0.4965859714463066,
generic_paper|t0.01|max15|min0,10.0,0,0,3202,125,,,0.0,0.0,
generic_paper|t0.01|max195|min0,0.3,2575,35380,3202,0,,7.278123233465235,80.41848844472204,13.348193458089264,
generic_paper|t0.01|max195|min0,0.45,2358,21003,3202,0,,11.226967576060563,73.64147407870081,19.483577773187356,
generic_paper|t0.01|max195|min0,0.6,2382,20773,3202,0,,11.46680787560776,74.39100562148657,19.87069864442127,
generic_paper|t0.01|max195|min0,0.9,2237,16807,3202,0,,13.309930386148629,69.86258588382262,22.359938027887452,
generic_paper|t0.01|max195|min0,1.2,2090,14518,3202,0,,14.395922303347568,65.27170518425984,23.58916478555305,
generic_paper|t0.01|max195|min0,1.8,1867,10981,3202,0,,17.002094526910117,58.30730793254216,26.32729323838398,
generic_paper|t0.01|max195|min0,2.4,1417,7114,3202,0,,19.918470621310092,44.25359150530918,27.471888328809616,
generic_paper|t0.01|max195|min0,3.6,516,2582,3202,0,,19.984508133230054,16.114928169893815,17.842323651452283,
generic_paper|t0.01|max195|min0,5.0,183,1079,3202,0,,16.960148285449492,5.715178013741411,8.549404344779257,
generic_paper|t0.01|max195|min0,10.0,30,125,3202,0,,24.0,0.9369144284821986,1.8034265103697025,
generic_paper|t0.01|max20|min0,0.3,1833,21755,3202,13625,,8.4256492760285,57.24547158026233,14.689265536723164,
generic_paper|t0.01|max20|min0,0.45,1501,10344,3202,10659,,14.510827532869296,46.876951905059336,22.161523697032333,
generic_paper|t0.01|max20|min0,0.6,1514,9970,3202,10803,,15.18555667001003,47.28294815740163,22.988156696021864,
generic_paper|t0.01|max20|min0,0.9,1263,6479,3202,10328,,19.493749035344962,39.44409743910056,26.092345832042145,
generic_paper|t0.01|max20|min0,1.2,1102,4778,3202,9740,,23.064043532858935,34.4159900062461,27.61904761904762,
generic_paper|t0.01|max20|min0,1.8,902,3029,3202,7952,,29.778804886101025,28.169893816364773,28.95201412293372,
generic_paper|t0.01|max20|min0,2.4,596,1590,3202,5524,,37.484276729559745,18.613366645846344,24.874791318864773,
generic_paper|t0.01|max20|min0,3.6,155,338,3202,2244,,45.857988165680474,4.840724547158026,8.757062146892656,
generic_paper|t0.01|max20|min0,5.0,23,60,3202,1019,,38.333333333333336,0.7183010618363522,1.4101778050275904,
generic_paper|t0.01|max20|min0,10.0,1,2,3202,123,,50.0,0.03123048094940662,0.062421972534332085,
generic_paper|t0.01|max30|min0,0.3,2449,27708,3202,7672,,8.838602569654974,76.48344784509682,15.84600452927855,
generic_paper|t0.01|max30|min0,0.45,2200,14797,3202,6206,,14.867878624045415,68.70705808869457,24.44580254458581,
generic_paper|t0.01|max30|min0,0.6,2230,14399,3202,6374,,15.487186610181263,69.64397251717676,25.339469348332482,
generic_paper|t0.01|max30|min0,0.9,2065,10509,3202,6298,,19.64982396041488,64.49094316052467,30.121800014586828,
generic_paper|t0.01|max30|min0,1.2,1897,8297,3202,6221,,22.863685669519104,59.24422236102436,32.99417340638316,
generic_paper|t0.01|max30|min0,1.8,1651,5662,3202,5319,,29.159307665135994,51.56152404747033,37.251805054151625,
generic_paper|t0.01|max30|min0,2.4,1185,3161,3202,3953,,37.488136665612146,37.00811992504685,37.246581801037244,
generic_paper|t0.01|max30|min0,3.6,363,765,3202,1817,,47.450980392156865,11.336664584634603,18.30098311066297,
generic_paper|t0.01|max30|min0,5.0,95,195,3202,884,,48.717948717948715,2.966895690193629,5.593170444509862,
generic_paper|t0.01|max30|min0,10.0,6,10,3202,115,,60.0,0.18738288569643974,0.37359900373599003,
generic_paper|t0.01|max60|min0,0.3,2557,32412,3202,2968,,7.889053436998642,79.85633978763273,14.35952153647442,
generic_paper|t0.01|max60|min0,0.45,2342,18620,3202,2383,,12.577873254564985,73.14178638351031,21.464577032352672,
generic_paper|t0.01|max60|min0,0.6,2370,18286,3202,2487,,12.960734988515805,74.0162398500937,22.058823529411764,
generic_paper|t0.01|max60|min0,0.9,2224,14326,3202,2481,,15.524221694820605,69.45658963148033,25.376540392514833,
generic_paper|t0.01|max60|min0,1.2,2073,12087,3202,2431,,17.15065773144701,64.74078700811992,27.117535483027012,
generic_paper|t0.01|max60|min0,1.8,1850,8872,3202,2109,,20.852119026149683,57.776389756402246,30.644359781348353,
generic_paper|t0.01|max60|min0,2.4,1394,5429,3202,1685,,25.6769202431387,43.53529044347283,32.30216660873595,
generic_paper|t0.01|max60|min0,3.6,496,1642,3202,940,,30.20706455542022,15.490318550905684,20.478943022295624,
generic_paper|t0.01|max60|min0,5.0,173,566,3202,513,,30.565371024734983,5.402873204247346,9.182590233545648,
generic_paper|t0.01|max60|min0,10.0,21,52,3202,73,,40.38461538461539,0.655840099937539,1.290719114935464,
generic_paper|t0.02|max15|min0,0.3,862,7110,3202,10393,,12.123769338959212,26.920674578388507,16.718386346004653,
generic_paper|t0.02|max15|min0,0.45,521,2610,3202,7313,,19.961685823754788,16.27108057464085,17.92842395044735,
generic_paper|t0.02|max15|min0,0.6,519,2670,3202,7666,,19.43820224719101,16.208619612742037,17.677111716621255,
generic_paper|t0.02|max15|min0,0.9,408,1608,3202,7117,,25.37313432835821,12.742036227357902,16.964656964656964,
generic_paper|t0.02|max15|min0,1.2,329,1184,3202,6396,,27.78716216216216,10.274828232354778,15.002279981760147,
generic_paper|t0.02|max15|min0,1.8,245,692,3202,4918,,35.40462427745665,7.651467832604622,12.583461736004109,
generic_paper|t0.02|max15|min0,2.4,119,298,3202,3105,,39.93288590604027,3.7164272329793877,6.8,
generic_paper|t0.02|max15|min0,3.6,23,43,3202,1131,,53.48837209302326,0.7183010618363522,1.4175654853620956,
generic_paper|t0.02|max15|min0,5.0,2,2,3202,390,,100.0,0.06246096189881324,0.12484394506866417,
generic_paper|t0.02|max15|min0,10.0,0,0,3202,25,,,0.0,0.0,
generic_paper|t0.02|max195|min0,0.3,2219,17503,3202,0,,12.67782665828715,69.3004372267333,21.434436126539484,
generic_paper|t0.02|max195|min0,0.45,1870,9923,3202,0,,18.845107326413384,58.400999375390384,28.495238095238093,
generic_paper|t0.02|max195|min0,0.6,1937,10336,3202,0,,18.74032507739938,60.493441599000626,28.615748264145367,
generic_paper|t0.02|max195|min0,0.9,1800,8725,3202,0,,20.630372492836678,56.21486570893192,30.18361700343758,
generic_paper|t0.02|max195|min0,1.2,1633,7580,3202,0,,21.543535620052772,50.99937539038101,30.29122611760341,
generic_paper|t0.02|max195|min0,1.8,1395,5610,3202,0,,24.86631016042781,43.566520924422235,31.661370857921018,
generic_paper|t0.02|max195|min0,2.4,904,3403,3202,0,,26.564795768439613,28.232354778263584,27.373202119606358,
generic_paper|t0.02|max195|min0,3.6,295,1174,3202,0,,25.12776831345826,9.212991880074954,13.482632541133455,
generic_paper|t0.02|max195|min0,5.0,81,392,3202,0,,20.663265306122447,2.5296689569019364,4.507512520868113,
generic_paper|t0.02|max195|min0,10.0,8,25,3202,0,,32.0,0.24984384759525297,0.4958165478772854,
generic_paper|t0.02|max20|min0,0.3,1435,9564,3202,7939,,15.00418235048097,44.8157401623985,22.481591728027574,
generic_paper|t0.02|max20|min0,0.45,1039,4104,3202,5819,,25.316764132553605,32.44846970643348,28.44237612920887,
generic_paper|t0.02|max20|min0,0.6,1045,4200,3202,6136,,24.88095238095238,32.63585259212992,28.235611996757633,
generic_paper|t0.02|max20|min0,0.9,864,2850,3202,5875,,30.31578947368421,26.98313554028732,28.552544613350957,
generic_paper|t0.02|max20|min0,1.2,709,2103,3202,5477,,33.71374227294341,22.142410993129293,26.729500471253534,
generic_paper|t0.02|max20|min0,1.8,571,1361,3202,4249,,41.954445260837616,17.83260462211118,25.02739425816349,
generic_paper|t0.02|max20|min0,2.4,332,666,3202,2737,,49.849849849849846,10.368519675202998,17.166494312306103,
generic_paper|t0.02|max20|min0,3.6,73,129,3202,1045,,56.58914728682171,2.2798251093066835,4.383068147703392,
generic_paper|t0.02|max20|min0,5.0,4,9,3202,383,,44.44444444444444,0.12492192379762648,0.24914356898162565,
generic_paper|t0.02|max20|min0,10.0,0,0,3202,25,,,0.0,0.0,
generic_paper|t0.02|max30|min0,0.3,2057,13000,3202,4503,,15.823076923076924,64.24109931292942,25.39192692260215,
generic_paper|t0.02|max30|min0,0.45,1702,6553,3202,3370,,25.972836868609797,53.15427857589007,34.8949256791389,
generic_paper|t0.02|max30|min0,0.6,1753,6771,3202,3565,,25.88982425047999,54.74703310430981,35.154918279354256,
generic_paper|t0.02|max30|min0,0.9,1597,5168,3202,3557,,30.901702786377708,49.87507807620237,38.16009557945042,
generic_paper|t0.02|max30|min0,1.2,1427,4120,3202,3460,,34.63592233009709,44.56589631480325,38.97842119639443,
generic_paper|t0.02|max30|min0,1.8,1186,2793,3202,2817,,42.46330110991765,37.03935040599625,39.56630525437865,
generic_paper|t0.02|max30|min0,2.4,727,1451,3202,1952,,50.103376981392145,22.704559650218613,31.248656780571675,
generic_paper|t0.02|max30|min0,3.6,199,334,3202,840,,59.58083832335329,6.214865708931917,11.255656108597286,
generic_paper|t0.02|max30|min0,5.0,31,54,3202,338,,57.407407407407405,0.9681449094316052,1.904176904176904,
generic_paper|t0.02|max30|min0,10.0,1,1,3202,24,,100.0,0.03123048094940662,0.062441461130190445,
generic_paper|t0.02|max60|min0,0.3,2197,15732,3202,1771,,13.965166539537249,68.61336664584634,23.206929333474175,
generic_paper|t0.02|max60|min0,0.45,1847,8555,3202,1368,,21.589713617767387,57.68269831355403,31.419579824785234,
generic_paper|t0.02|max60|min0,0.6,1917,8927,3202,1409,,21.47417945558418,59.868831980012494,31.610190452634182,
generic_paper|t0.02|max60|min0,0.9,1782,7350,3202,1375,,24.244897959183675,55.6527170518426,33.77558756633813,
generic_paper|t0.02|max60|min0,1.2,1614,6228,3202,1352,,25.915221579961464,50.405996252342284,34.23117709437964,
generic_paper|t0.02|max60|min0,1.8,1377,4483,3202,1127,,30.716038367164845,43.00437226733292,35.83604424202993,
generic_paper|t0.02|max60|min0,2.4,886,2524,3202,879,,35.103011093502374,27.670206121174267,30.946559552916522,
generic_paper|t0.02|max60|min0,3.6,280,722,3202,452,,38.78116343490305,8.744534665833854,14.271151885830784,
generic_paper|t0.02|max60|min0,5.0,68,176,3202,216,,38.63636363636363,2.12367270455965,4.026050917702783,
generic_paper|t0.02|max60|min0,10.0,5,9,3202,16,,55.55555555555556,0.1561524047470331,0.3114294612270321,
generic_paper|t0.05|max15|min0,0.3,335,1329,3202,3251,,25.206922498118885,10.462211118051219,14.787022732288678,
generic_paper|t0.05|max15|min0,0.45,124,405,3202,1856,,30.617283950617285,3.872579637726421,6.87551982256723,
generic_paper|t0.05|max15|min0,0.6,144,472,3202,2107,,30.508474576271187,4.497189256714553,7.83886771910724,
generic_paper|t0.05|max15|min0,0.9,118,289,3202,2126,,40.83044982698962,3.6851967520299813,6.760240618733887,
generic_paper|t0.05|max15|min0,1.2,87,193,3202,1851,,45.07772020725388,2.717051842598376,5.12518409425626,
generic_paper|t0.05|max15|min0,1.8,50,105,3202,1322,,47.61904761904762,1.5615240474703311,3.023888720895071,
generic_paper|t0.05|max15|min0,2.4,18,32,3202,827,,56.25,0.5621486570893192,1.1131725417439704,
generic_paper|t0.05|max15|min0,3.6,3,3,3202,240,,100.0,0.09369144284821987,0.187207488299532,
generic_paper|t0.05|max15|min0,5.0,0,0,3202,86,,,0.0,0.0,
generic_paper|t0.05|max15|min0,10.0,0,0,3202,4,,,0.0,0.0,
generic_paper|t0.05|max195|min0,0.3,1307,4580,3202,0,,28.53711790393013,40.81823860087445,33.590336674376765,
generic_paper|t0.05|max195|min0,0.45,763,2261,3202,0,,33.746130030959755,23.82885696439725,27.933369943254622,
generic_paper|t0.05|max195|min0,0.6,862,2579,3202,0,,33.423807677394336,26.920674578388507,29.82183013319495,
generic_paper|t0.05|max195|min0,0.9,847,2415,3202,0,,35.072463768115945,26.45221736414741,30.158447569877158,
generic_paper|t0.05|max195|min0,1.2,719,2044,3202,0,,35.1761252446184,22.45471580262336,27.411361036980555,
generic_paper|t0.05|max195|min0,1.8,511,1427,3202,0,,35.8093903293623,15.958775765146783,22.078202635558437,
generic_paper|t0.05|max195|min0,2.4,307,859,3202,0,,35.739231664726425,9.587757651467832,15.119428712139866,
generic_paper|t0.05|max195|min0,3.6,73,243,3202,0,,30.041152263374485,2.2798251093066835,4.238026124818577,
generic_paper|t0.05|max195|min0,5.0,21,86,3202,0,,24.41860465116279,0.655840099937539,1.2773722627737227,
generic_paper|t0.05|max195|min0,10.0,3,4,3202,0,,75.0,0.09369144284821987,0.18714909544603867,
generic_paper|t0.05|max20|min0,0.3,688,2028,3202,2552,,33.92504930966469,21.486570893191754,26.309751434034418,
generic_paper|t0.05|max20|min0,0.45,288,695,3202,1566,,41.43884892086331,8.994378513429107,14.780600461893764,
generic_paper|t0.05|max20|min0,0.6,333,814,3202,1765,,40.90909090909091,10.399750156152404,16.583665338645417,
generic_paper|t0.05|max20|min0,0.9,306,627,3202,1788,,48.803827751196174,9.556527170518425,15.983285453120919,
generic_paper|t0.05|max20|min0,1.2,229,422,3202,1622,,54.2654028436019,7.151780137414116,12.637969094922738,
generic_paper|t0.05|max20|min0,1.8,149,262,3202,1165,,56.87022900763359,4.653341661461586,8.602771362586605,
generic_paper|t0.05|max20|min0,2.4,76,115,3202,744,,66.08695652173913,2.373516552154903,4.582454024721134,
generic_paper|t0.05|max20|min0,3.6,10,16,3202,227,,62.5,0.3123048094940662,0.6215040397762586,
generic_paper|t0.05|max20|min0,5.0,0,1,3202,85,,0.0,0.0,0.0,
generic_paper|t0.05|max20|min0,10.0,0,0,3202,4,,,0.0,0.0,
generic_paper|t0.05|max30|min0,0.3,1148,3084,3202,1496,,37.224383916990924,35.852592129918804,36.525612472160354,
generic_paper|t0.05|max30|min0,0.45,621,1308,3202,953,,47.477064220183486,19.394128669581512,27.53880266075388,
generic_paper|t0.05|max30|min0,0.6,698,1501,3202,1078,,46.502331778814124,21.798875702685823,29.683180948330854,
generic_paper|t0.05|max30|min0,0.9,676,1318,3202,1097,,51.289833080424884,21.111805121798877,29.911504424778762,
generic_paper|t0.05|max30|min0,1.2,551,995,3202,1049,,55.37688442211055,17.20799500312305,26.256850131045987,
generic_paper|t0.05|max30|min0,1.8,383,633,3202,794,,60.505529225908376,11.961274203622736,19.97392438070404,
generic_paper|t0.05|max30|min0,2.4,200,305,3202,554,,65.57377049180327,6.2460961898813245,11.40575990875392,
generic_paper|t0.05|max30|min0,3.6,37,57,3202,186,,64.91228070175438,1.155527795128045,2.2706351641607854,
generic_paper|t0.05|max30|min0,5.0,5,9,3202,77,,55.55555555555556,0.1561524047470331,0.3114294612270321,
generic_paper|t0.05|max30|min0,10.0,0,0,3202,4,,,0.0,0.0,
generic_paper|t0.05|max60|min0,0.3,1278,3890,3202,690,,32.853470437018,39.91255465334166,36.04060913705584,
generic_paper|t0.05|max60|min0,0.45,745,1805,3202,456,,41.27423822714682,23.266708307307933,29.758338326343118,
generic_paper|t0.05|max60|min0,0.6,842,2103,3202,476,,40.03804089396101,26.296064959400375,31.74363807728558,
generic_paper|t0.05|max60|min0,0.9,830,1967,3202,448,,42.19623792577529,25.921299188007495,32.11452892242213,
generic_paper|t0.05|max60|min0,1.2,702,1624,3202,420,,43.22660098522167,21.92379762648345,29.092416079569002,
generic_paper|t0.05|max60|min0,1.8,493,1093,3202,334,,45.10521500457457,15.396627108057464,22.956926658905704,
generic_paper|t0.05|max60|min0,2.4,294,597,3202,262,,49.246231155778894,9.181761399125547,15.47775730455383,
generic_paper|t0.05|max60|min0,3.6,64,137,3202,106,,46.715328467153284,1.9987507807620237,3.833483078766098,
generic_paper|t0.05|max60|min0,5.0,15,30,3202,56,,50.0,0.4684572142410993,0.9282178217821783,
generic_paper|t0.05|max60|min0,10.0,1,1,3202,3,,100.0,0.03123048094940662,0.062441461130190445,
generic_paper|t0.1|max15|min0,0.3,66,226,3202,800,,29.20353982300885,2.061211742660837,3.8506417736289382,
generic_paper|t0.1|max15|min0,0.45,29,56,3202,396,,51.785714285714285,0.905683947532792,1.780233271945979,
generic_paper|t0.1|max15|min0,0.6,33,75,3202,448,,44.0,1.0306058713304185,2.014037229173024,
generic_paper|t0.1|max15|min0,0.9,28,48,3202,422,,58.333333333333336,0.8744534665833854,1.7230769230769232,
generic_paper|t0.1|max15|min0,1.2,17,32,3202,359,,53.125,0.5309181761399125,1.051329622758194,
generic_paper|t0.1|max15|min0,1.8,6,9,3202,271,,66.66666666666667,0.18738288569643974,0.3737153534724385,
generic_paper|t0.1|max15|min0,2.4,1,1,3202,172,,100.0,0.03123048094940662,0.062441461130190445,
generic_paper|t0.1|max15|min0,3.6,0,0,3202,52,,,0.0,0.0,
generic_paper|t0.1|max15|min0,5.0,0,0,3202,16,,,0.0,0.0,
generic_paper|t0.1|max15|min0,10.0,0,0,3202,0,,,0.0,0.0,
generic_paper|t0.1|max195|min0,0.3,383,1026,3202,0,,37.32943469785575,11.961274203622736,18.117313150425733,
generic_paper|t0.1|max195|min0,0.45,178,452,3202,0,,39.38053097345133,5.559025608994379,9.742747673782157,
generic_paper|t0.1|max195|min0,0.6,204,523,3202,0,,39.005736137667306,6.371018113678951,10.953020134228188,
generic_paper|t0.1|max195|min0,0.9,203,470,3202,0,,43.191489361702125,6.339787632729544,11.056644880174291,
generic_paper|t0.1|max195|min0,1.2,168,391,3202,0,,42.966751918158565,5.246720799500312,9.351516838296687,
generic_paper|t0.1|max195|min0,1.8,111,280,3202,0,,39.642857142857146,3.466583385384135,6.375646180356117,
generic_paper|t0.1|max195|min0,2.4,67,173,3202,0,,38.72832369942196,2.092442223610244,3.9703703703703703,
generic_paper|t0.1|max195|min0,3.6,20,52,3202,0,,38.46153846153846,0.6246096189881324,1.2292562999385372,
generic_paper|t0.1|max195|min0,5.0,5,16,3202,0,,31.25,0.1561524047470331,0.3107520198881293,
generic_paper|t0.1|max195|min0,10.0,0,0,3202,0,,,0.0,0.0,
generic_paper|t0.1|max20|min0,0.3,144,352,3202,674,,40.90909090909091,4.497189256714553,8.103545301069218,
generic_paper|t0.1|max20|min0,0.45,64,111,3202,341,,57.65765765765766,1.9987507807620237,3.8635677633564747,
generic_paper|t0.1|max20|min0,0.6,76,138,3202,385,,55.072463768115945,2.373516552154903,4.550898203592815,
generic_paper|t0.1|max20|min0,0.9,62,98,3202,372,,63.265306122448976,1.9362898188632105,3.757575757575758,
generic_paper|t0.1|max20|min0,1.2,43,67,3202,324,,64.17910447761194,1.3429106808244846,2.630773936983787,
generic_paper|t0.1|max20|min0,1.8,18,25,3202,255,,72.0,0.5621486570893192,1.1155872327238923,
generic_paper|t0.1|max20|min0,2.4,9,11,3202,162,,81.81818181818181,0.2810743285446596,0.5602240896358543,
generic_paper|t0.1|max20|min0,3.6,1,1,3202,51,,100.0,0.03123048094940662,0.062441461130190445,
generic_paper|t0.1|max20|min0,5.0,0,0,3202,16,,,0.0,0.0,
generic_paper|t0.1|max20|min0,10.0,0,0,3202,0,,,0.0,0.0,
generic_paper|t0.1|max30|min0,0.3,284,556,3202,470,,51.07913669064748,8.869456589631481,15.114422565194252,
generic_paper|t0.1|max30|min0,0.45,108,184,3202,268,,58.69565217391305,3.372891942535915,6.379208505611341,
generic_paper|t0.1|max30|min0,0.6,131,233,3202,290,,56.223175965665234,4.0911930043722675,7.627365356622999,
generic_paper|t0.1|max30|min0,0.9,124,199,3202,271,,62.311557788944725,3.872579637726421,7.291972949132608,
generic_paper|t0.1|max30|min0,1.2,89,141,3202,250,,63.12056737588652,2.7795128044971893,5.324558779539336,
generic_paper|t0.1|max30|min0,1.8,52,77,3202,203,,67.53246753246754,1.6239850093691444,3.1716986886245806,
generic_paper|t0.1|max30|min0,2.4,33,41,3202,132,,80.48780487804878,1.0306058713304185,2.0351526364477337,
generic_paper|t0.1|max30|min0,3.6,5,7,3202,45,,71.42857142857143,0.1561524047470331,0.3116235587410408,
generic_paper|t0.1|max30|min0,5.0,0,0,3202,16,,,0.0,0.0,
generic_paper|t0.1|max30|min0,10.0,0,0,3202,0,,,0.0,0.0,
generic_paper|t0.1|max60|min0,0.3,364,754,3202,272,,48.275862068965516,11.36789506558401,18.40242669362993,
generic_paper|t0.1|max60|min0,0.45,162,288,3202,164,,56.25,5.059337913803873,9.283667621776504,
generic_paper|t0.1|max60|min0,0.6,190,352,3202,171,,53.97727272727273,5.933791380387258,10.692177827799663,
generic_paper|t0.1|max60|min0,0.9,186,342,3202,128,,54.3859649122807,5.8088694565896315,10.496613995485328,
generic_paper|t0.1|max60|min0,1.2,152,283,3202,108,,53.71024734982332,4.747033104309806,8.723098995695839,
generic_paper|t0.1|max60|min0,1.8,98,187,3202,93,,52.406417112299465,3.060587133041849,5.783416937149601,
generic_paper|t0.1|max60|min0,2.4,60,103,3202,70,,58.25242718446602,1.8738288569643973,3.6308623298033282,
generic_paper|t0.1|max60|min0,3.6,14,24,3202,28,,58.333333333333336,0.4372267332916927,0.8679479231246126,
generic_paper|t0.1|max60|min0,5.0,3,3,3202,13,,100.0,0.09369144284821987,0.187207488299532,
generic_paper|t0.1|max60|min0,10.0,0,0,3202,0,,,0.0,0.0,
generic_paper|t0.2|max15|min0,0.3,15,24,3202,159,,62.5,0.4684572142410993,0.9299442033477991,
generic_paper|t0.2|max15|min0,0.45,4,6,3202,79,,66.66666666666667,0.12492192379762648,0.24937655860349128,
generic_paper|t0.2|max15|min0,0.6,6,7,3202,69,,85.71428571428571,0.18738288569643974,0.373948270489249,
generic_paper|t0.2|max15|min0,0.9,4,5,3202,36,,80.0,0.12492192379762648,0.2494543186778921,
generic_paper|t0.2|max15|min0,1.2,3,3,3202,34,,100.0,0.09369144284821987,0.187207488299532,
generic_paper|t0.2|max15|min0,1.8,0,0,3202,35,,,0.0,0.0,
generic_paper|t0.2|max15|min0,2.4,0,0,3202,29,,,0.0,0.0,
generic_paper|t0.2|max15|min0,3.6,0,0,3202,13,,,0.0,0.0,
generic_paper|t0.2|max15|min0,5.0,0,0,3202,4,,,0.0,0.0,
generic_paper|t0.2|max15|min0,10.0,0,0,3202,0,,,0.0,0.0,
generic_paper|t0.2|max195|min0,0.3,77,183,3202,0,,42.076502732240435,2.40474703310431,4.549483013293944,
generic_paper|t0.2|max195|min0,0.45,31,85,3202,0,,36.470588235294116,0.9681449094316052,1.8862184362640706,
generic_paper|t0.2|max195|min0,0.6,33,76,3202,0,,43.421052631578945,1.0306058713304185,2.0134228187919465,
generic_paper|t0.2|max195|min0,0.9,26,41,3202,0,,63.41463414634146,0.8119925046845722,1.6034535923527597,
generic_paper|t0.2|max195|min0,1.2,19,37,3202,0,,51.351351351351354,0.5933791380387258,1.173201605433776,
generic_paper|t0.2|max195|min0,1.8,14,35,3202,0,,40.0,0.4372267332916927,0.8649984553599012,
generic_paper|t0.2|max195|min0,2.4,12,29,3202,0,,41.37931034482759,0.3747657713928795,0.7428040854224698,
generic_paper|t0.2|max195|min0,3.6,6,13,3202,0,,46.15384615384615,0.18738288569643974,0.37325038880248834,
generic_paper|t0.2|max195|min0,5.0,3,4,3202,0,,75.0,0.09369144284821987,0.18714909544603867,
generic_paper|t0.2|max195|min0,10.0,0,0,3202,0,,,0.0,0.0,
generic_paper|t0.2|max20|min0,0.3,33,48,3202,135,,68.75,1.0306058713304185,2.0307692307692307,
generic_paper|t0.2|max20|min0,0.45,11,14,3202,71,,78.57142857142857,0.3435352904434728,0.6840796019900498,
generic_paper|t0.2|max20|min0,0.6,13,18,3202,58,,72.22222222222223,0.4059962523422861,0.8074534161490683,
generic_paper|t0.2|max20|min0,0.9,9,12,3202,29,,75.0,0.2810743285446596,0.5600497822028625,
generic_paper|t0.2|max20|min0,1.2,4,6,3202,31,,66.66666666666667,0.12492192379762648,0.24937655860349128,
generic_paper|t0.2|max20|min0,1.8,1,2,3202,33,,50.0,0.03123048094940662,0.062421972534332085,
generic_paper|t0.2|max20|min0,2.4,0,0,3202,29,,,0.0,0.0,
generic_paper|t0.2|max20|min0,3.6,0,0,3202,13,,,0.0,0.0,
generic_paper|t0.2|max20|min0,5.0,0,0,3202,4,,,0.0,0.0,
generic_paper|t0.2|max20|min0,10.0,0,0,3202,0,,,0.0,0.0,
generic_paper|t0.2|max30|min0,0.3,47,63,3202,120,,74.60317460317461,1.467832604622111,2.879019908116386,
generic_paper|t0.2|max30|min0,0.45,16,20,3202,65,,80.0,0.49968769519050593,0.9931719428926132,
generic_paper|t0.2|max30|min0,0.6,20,28,3202,48,,71.42857142857143,0.6246096189881324,1.238390092879257,
generic_paper|t0.2|max30|min0,0.9,12,17,3202,24,,70.58823529411765,0.3747657713928795,0.7455731593662628,
generic_paper|t0.2|max30|min0,1.2,6,9,3202,28,,66.66666666666667,0.18738288569643974,0.3737153534724385,
generic_paper|t0.2|max30|min0,1.8,2,4,3202,31,,50.0,0.06246096189881324,0.12476606363069245,
generic_paper|t0.2|max30|min0,2.4,0,0,3202,29,,,0.0,0.0,
generic_paper|t0.2|max30|min0,3.6,0,0,3202,13,,,0.0,0.0,
generic_paper|t0.2|max30|min0,5.0,0,0,3202,4,,,0.0,0.0,
generic_paper|t0.2|max30|min0,10.0,0,0,3202,0,,,0.0,0.0,
generic_paper|t0.2|max60|min0,0.3,68,92,3202,91,,73.91304347826087,2.12367270455965,4.128718882817243,
generic_paper|t0.2|max60|min0,0.45,28,37,3202,48,,75.67567567567568,0.8744534665833854,1.7289286816918803,
generic_paper|t0.2|max60|min0,0.6,31,41,3202,35,,75.60975609756098,0.9681449094316052,1.9118100524205983,
generic_paper|t0.2|max60|min0,0.9,22,29,3202,12,,75.86206896551724,0.6870705808869456,1.3618074899411947,
generic_paper|t0.2|max60|min0,1.2,16,24,3202,13,,66.66666666666667,0.49968769519050593,0.9919404835709857,
generic_paper|t0.2|max60|min0,1.8,12,20,3202,15,,60.0,0.3747657713928795,0.74487895716946,
generic_paper|t0.2|max60|min0,2.4,7,11,3202,18,,63.63636363636363,0.21861336664584635,0.4357298474945534,
generic_paper|t0.2|max60|min0,3.6,2,2,3202,11,,100.0,0.06246096189881324,0.12484394506866417,
generic_paper|t0.2|max60|min0,5.0,1,1,3202,3,,100.0,0.03123048094940662,0.062441461130190445,
generic_paper|t0.2|max60|min0,10.0,0,0,3202,0,,,0.0,0.0,
house|t0.001|max15|min0,0.3,2045,59805,3202,41600,,3.419446534570688,63.86633354153654,6.491342231815513,
house|t0.001|max15|min0,0.45,1900,42216,3202,37079,,4.500663255637673,59.33791380387258,8.366726848386103,
house|t0.001|max15|min0,0.6,1813,35686,3202,35146,,5.080423695566889,56.6208619612742,9.324213124871426,
house|t0.001|max15|min0,0.9,1492,18772,3202,30269,,7.948007670999361,46.59587757651468,13.579685082370073,
house|t0.001|max15|min0,1.2,1219,12514,3202,27287,,9.74108997922327,38.06995627732667,15.512853143293459,
house|t0.001|max15|min0,1.8,1008,7807,3202,23175,,12.911489688740874,31.480324797001874,18.312289944590788,
house|t0.001|max15|min0,2.4,757,4501,3202,18036,,16.818484781159743,23.641474078700814,19.654679994807218,
house|t0.001|max15|min0,3.6,205,770,3202,8039,,26.623376623376622,6.402248594628357,10.322255790533736,
house|t0.001|max15|min0,5.0,38,117,3202,3592,,32.47863247863248,1.1867582760774515,2.289846339258813,
house|t0.001|max15|min0,10.0,1,1,3202,518,,100.0,0.03123048094940662,0.062441461130190445,
house|t0.001|max195|min0,0.3,2952,101405,3202,0,,2.9110990582318426,92.19237976264834,5.6439817603028475,
house|t0.001|max195|min0,0.45,2879,79295,3202,0,,3.630745948672678,89.91255465334166,6.979647744766476,
house|t0.001|max195|min0,0.6,2839,70832,3202,0,,4.008075446126044,88.6633354153654,7.669449172002053,
house|t0.001|max195|min0,0.9,2709,49041,3202,0,,5.5239493485043125,84.60337289194254,10.370767375533564,
house|t0.001|max195|min0,1.2,2559,39801,3202,0,,6.429486696314163,79.91880074953154,11.901495244517823,
house|t0.001|max195|min0,1.8,2380,30982,3202,0,,7.681879801174876,74.32854465958776,13.92464310788673,
house|t0.001|max195|min0,2.4,2163,22537,3202,0,,9.59755069441363,67.55153029356651,16.80717976611368,
house|t0.001|max195|min0,3.6,1281,8809,3202,0,,14.54194573731411,40.006246096189884,21.330447090167347,
house|t0.001|max195|min0,5.0,536,3709,3202,0,,14.451334591534106,16.73953778888195,15.511503400376212,
house|t0.001|max195|min0,10.0,70,519,3202,0,,13.48747591522158,2.1861336664584634,3.7624294544477292,
house|t0.001|max20|min0,0.3,2572,71932,3202,29473,,3.5755991770005005,80.32479700187383,6.8464343705912105,
house|t0.001|max20|min0,0.45,2442,52918,3202,26377,,4.614686874031521,76.26483447845096,8.702779757662153,
house|t0.001|max20|min0,0.6,2382,45531,3202,25301,,5.231600448046386,74.39100562148657,9.775716660168674,
house|t0.001|max20|min0,0.9,2141,26134,3202,22907,,8.192393051197673,66.86445971267958,14.596400327242979,
house|t0.001|max20|min0,1.2,1924,18417,3202,21384,,10.44686973991421,60.08744534665834,17.799158147925436,
house|t0.001|max20|min0,1.8,1652,12182,3202,18800,,13.560991626990642,51.59275452841974,21.476859074362974,
house|t0.001|max20|min0,2.4,1314,7263,3202,15274,,18.09169764560099,41.0368519675203,25.112279025322504,
house|t0.001|max20|min0,3.6,505,1572,3202,7237,,32.12468193384224,15.771392879450344,21.15626309174696,
house|t0.001|max20|min0,5.0,121,321,3202,3388,,37.69470404984423,3.778888194878201,6.8691456145330685,
house|t0.001|max20|min0,10.0,1,7,3202,512,,14.285714285714286,0.03123048094940662,0.06232471174820817,
house|t0.001|max30|min0,0.3,2890,85412,3202,15993,,3.3835994942162695,90.25608994378513,6.522671361184463,
house|t0.001|max30|min0,0.45,2797,64798,3202,14497,,4.31649124972993,87.35165521549033,8.226470588235294,
house|t0.001|max30|min0,0.6,2761,56789,3202,14043,,4.861857049780768,86.22735790131168,9.204714040439399,
house|t0.001|max30|min0,0.9,2611,35752,3202,13289,,7.303087939136272,81.54278575890069,13.405555270318837,
house|t0.001|max30|min0,1.2,2453,27085,3202,12716,,9.056673435480894,76.60836976889443,16.19836893716776,
house|t0.001|max30|min0,1.8,2238,19226,3202,11756,,11.640486840736502,69.89381636477202,19.957196361690745,
house|t0.001|max30|min0,2.4,1992,12322,3202,10215,,16.16620678461289,62.21111805121799,25.66348879154857,
house|t0.001|max30|min0,3.6,1022,3272,3202,5537,,31.234718826405867,31.917551530293565,31.572443620636392,
house|t0.001|max30|min0,5.0,338,847,3202,2862,,39.90554899645809,10.555902560899439,16.69548036552235,
house|t0.001|max30|min0,10.0,16,40,3202,479,,40.0,0.49968769519050593,0.987045033929673,
house|t0.001|max60|min0,0.3,2945,95503,3202,5902,,3.08367276420636,91.9737663960025,5.9672762271414825,
house|t0.001|max60|min0,0.45,2870,73927,3202,5368,,3.88220812423066,89.631480324797,7.442077558376226,
house|t0.001|max60|min0,0.6,2829,65647,3202,5185,,4.30941246363124,88.35103060587133,8.217984284448576,
house|t0.001|max60|min0,0.9,2696,44022,3202,5019,,6.124210621961747,84.19737663960025,11.417923089954261,
house|t0.001|max60|min0,1.2,2546,35078,3202,4723,,7.258110496607561,79.51280449718925,13.301985370950888,
house|t0.001|max60|min0,1.8,2368,26470,3202,4512,,8.945976577257273,73.95377888819488,15.961175519007819,
house|t0.001|max60|min0,2.4,2149,18466,3202,4071,,11.637604245640636,67.11430356027483,19.83570241831272,
house|t0.001|max60|min0,3.6,1262,6232,3202,2577,,20.250320924261874,39.412866958151156,26.75429298282807,
house|t0.001|max60|min0,5.0,517,2196,3202,1513,,23.54280510018215,16.146158650843223,19.15524268247499,
house|t0.001|max60|min0,10.0,59,227,3202,292,,25.991189427312776,1.8425983760149907,3.441236512102654,
house|t0.002|max15|min0,0.3,1836,42824,3202,32133,,4.287315524005231,57.33916302311056,7.978099335158388,
house|t0.002|max15|min0,0.45,1674,27675,3202,28380,,6.048780487804878,52.279825109306685,10.84302231434401,
house|t0.002|max15|min0,0.6,1572,22548,3202,26761,,6.971793507184673,49.09431605246721,12.209708737864078,
house|t0.002|max15|min0,0.9,1218,11201,3202,22804,,10.874029104544237,38.038725796377264,16.913143095188502,
house|t0.002|max15|min0,1.2,985,7359,3202,20230,,13.384970784073923,30.76202373516552,18.65353659691317,
house|t0.002|max15|min0,1.8,785,4521,3202,17078,,17.363415173634152,24.515927545284196,20.328887737925676,
house|t0.002|max15|min0,2.4,584,2594,3202,12886,,22.51349267540478,18.238600874453468,20.15182884748102,
house|t0.002|max15|min0,3.6,112,350,3202,5056,,32.0,3.4978138663335416,6.306306306306307,
house|t0.002|max15|min0,5.0,17,44,3202,2040,,38.63636363636363,0.5309181761399125,1.0474430067775724,
house|t0.002|max15|min0,10.0,0,0,3202,251,,,0.0,0.0,
house|t0.002|max195|min0,0.3,2883,74957,3202,0,,3.846205157623704,90.03747657713929,7.377269412351745,
house|t0.002|max195|min0,0.45,2790,56055,3202,0,,4.977254482204978,87.13304184884447,9.416609008218439,
house|t0.002|max195|min0,0.6,2747,49309,3202,0,,5.570991096959987,85.79013116801998,10.462569747291043,
house|t0.002|max195|min0,0.9,2595,34005,3202,0,,7.631230701367446,81.04309806371018,13.948988093638294,
house|t0.002|max195|min0,1.2,2435,27589,3202,0,,8.82598136938635,76.04622111180512,15.816309960702803,
house|t0.002|max195|min0,1.8,2234,21599,3202,0,,10.343071438492522,69.76889444097439,18.01540260473368,
house|t0.002|max195|min0,2.4,1982,15480,3202,0,,12.803617571059432,61.89881324172392,21.21828498019484,
house|t0.002|max195|min0,3.6,906,5406,3202,0,,16.759156492785795,28.2948157401624,21.050185873605948,
house|t0.002|max195|min0,5.0,319,2084,3202,0,,15.307101727447217,9.962523422860713,12.069617858494135,
house|t0.002|max195|min0,10.0,39,251,3202,0,,15.53784860557769,1.2179887570268582,2.2589052997393573,
house|t0.002|max20|min0,0.3,2408,52168,3202,22789,,4.615856463732556,75.20299812617114,8.697850821744627,
house|t0.002|max20|min0,0.45,2249,35646,3202,20409,,6.309263311451495,70.23735165521549,11.57845963756178,
house|t0.002|max20|min0,0.6,2183,29773,3202,19536,,7.332146575756558,68.17613991255466,13.240333586050038,
house|t0.002|max20|min0,0.9,1899,16448,3202,17557,,11.545476653696499,59.30668332292317,19.328244274809162,
house|t0.002|max20|min0,1.2,1644,11401,3202,16188,,14.419787737917726,51.34291068082449,22.515921386016572,
house|t0.002|max20|min0,1.8,1409,7525,3202,14074,,18.72425249169435,44.00374765771393,26.27015941083248,
house|t0.002|max20|min0,2.4,1069,4453,3202,11027,,24.006287895800583,33.385384134915675,27.929457870672763,
house|t0.002|max20|min0,3.6,314,814,3202,4592,,38.57493857493858,9.80637101811368,15.637450199203187,
house|t0.002|max20|min0,5.0,59,134,3202,1950,,44.02985074626866,1.8425983760149907,3.537170263788969,
house|t0.002|max20|min0,10.0,0,1,3202,250,,0.0,0.0,0.0,
house|t0.002|max30|min0,0.3,2808,62643,3202,12314,,4.482543939466501,87.6951905059338,8.529121421520237,
house|t0.002|max30|min0,0.45,2693,44822,3202,11233,,6.008210253893178,84.10368519675202,11.215225720473097,
house|t0.002|max30|min0,0.6,2651,38491,3202,10818,,6.8873243095788625,82.79200499687695,12.716763005780347,
house|t0.002|max30|min0,0.9,2479,23802,3202,10203,,10.415091168809344,77.42036227357902,18.360242926973783,
house|t0.002|max30|min0,1.2,2304,17901,3202,9688,,12.870789341377577,71.95502810743285,21.83575794910676,
house|t0.002|max30|min0,1.8,2076,12722,3202,8877,,16.318188963999372,64.83447845096815,26.07385079125848,
house|t0.002|max30|min0,2.4,1786,8037,3202,7443,,22.22222222222222,55.77763897564022,31.782187027315597,
house|t0.002|max30|min0,3.6,699,1846,3202,3560,,37.86565547128927,21.830106183635227,27.694136291600636,
house|t0.002|max30|min0,5.0,192,413,3202,1671,,46.48910411622276,5.996252342286072,10.622406639004149,
house|t0.002|max30|min0,10.0,8,16,3202,235,,50.0,0.24984384759525297,0.49720323182100684,
house|t0.002|max60|min0,0.3,2873,70494,3202,4463,,4.075524158084376,89.72517176764522,7.796895353886235,
house|t0.002|max60|min0,0.45,2779,51967,3202,4088,,5.34762445398041,86.789506558401,10.074498359586,
house|t0.002|max60|min0,0.6,2735,45335,3202,3974,,6.03286643873387,85.41536539662711,11.269752971959536,
house|t0.002|max60|min0,0.9,2579,30217,3202,3788,,8.534930668166925,80.54341036851967,15.434333762231066,
house|t0.002|max60|min0,1.2,2421,24041,3202,3548,,10.070296576681502,75.60899437851343,17.773372976544433,
house|t0.002|max60|min0,1.8,2220,18258,3202,3341,,12.159053565560303,69.3316677076827,20.689655172413794,
house|t0.002|max60|min0,2.4,1966,12569,3202,2911,,15.641658047577373,61.39912554653342,24.93183691585822,
house|t0.002|max60|min0,3.6,885,3737,3202,1669,,23.682097939523683,27.63897564022486,25.507998270644187,
house|t0.002|max60|min0,5.0,303,1145,3202,939,,26.46288209606987,9.462835727670207,13.94064872325742,
house|t0.002|max60|min0,10.0,29,98,3202,153,,29.591836734693878,0.905683947532792,1.7575757575757576,
house|t0.003|max15|min0,0.3,1686,33077,3202,27022,,5.097197448378027,52.654590880699566,9.294633258910114,
house|t0.003|max15|min0,0.45,1484,20179,3202,23681,,7.354180088210516,46.34603372891942,12.694067832855737,
house|t0.003|max15|min0,0.6,1390,16228,3202,22157,,8.565442445156519,43.4103685196752,14.307771487390633,
house|t0.003|max15|min0,0.9,1041,7945,3202,18820,,13.102580239144116,32.51093066833229,18.67767112227505,
house|t0.003|max15|min0,1.2,828,5189,3202,16544,,15.956831759491232,25.85883822610868,19.735430818734358,
house|t0.003|max15|min0,1.8,662,3196,3202,13869,,20.713391739674595,20.674578388507182,20.6939668646452,
house|t0.003|max15|min0,2.4,464,1817,3202,10236,,25.536598789212988,14.490943160524672,18.489738991831043,
house|t0.003|max15|min0,3.6,73,206,3202,3708,,35.43689320388349,2.2798251093066835,4.284037558685446,
house|t0.003|max15|min0,5.0,12,27,3202,1416,,44.44444444444444,0.3747657713928795,0.7432641684732115,
house|t0.003|max15|min0,10.0,0,0,3202,157,,,0.0,0.0,
house|t0.003|max195|min0,0.3,2835,60099,3202,0,,4.717216592622173,88.53841349156777,8.957204467543956,
house|t0.003|max195|min0,0.45,2704,43860,3202,0,,6.165070679434565,84.44722048719551,11.49122434235689,
house|t0.003|max195|min0,0.6,2677,38385,3202,0,,6.974078416047935,83.60399750156152,12.874215500036069,
house|t0.003|max195|min0,0.9,2501,26765,3202,0,,9.344292919858024,78.10743285446596,16.691694196949978,
house|t0.003|max195|min0,1.2,2326,21733,3202,0,,10.702618138315005,72.6420986883198,18.656506917986764,
house|t0.003|max195|min0,1.8,2128,17065,3202,0,,12.469967770290067,66.45846346033728,20.9996546109439,
house|t0.003|max195|min0,2.4,1844,12053,3202,0,,15.299095660831329,57.58900687070581,24.175680104883643,
house|t0.003|max195|min0,3.6,718,3914,3202,0,,18.34440470107307,22.423485321673954,20.179876335019674,
house|t0.003|max195|min0,5.0,233,1443,3202,0,,16.146916146916148,7.276702061211743,10.032292787944026,
house|t0.003|max195|min0,10.0,26,157,3202,0,,16.56050955414013,0.8119925046845722,1.5480797856504913,
house|t0.003|max20|min0,0.3,2298,40820,3202,19279,,5.629593336599706,71.76764522173642,10.440234428240425,
house|t0.003|max20|min0,0.45,2068,26626,3202,17234,,7.766844437767595,64.58463460337289,13.866166018506101,
house|t0.003|max20|min0,0.6,2025,22035,3202,16350,,9.18992511912866,63.24172392254841,16.04786622815707,
house|t0.003|max20|min0,0.9,1707,12103,3202,14662,,14.103941171610344,53.3104309806371,22.306435805292388,
house|t0.003|max20|min0,1.2,1472,8336,3202,13397,,17.65834932821497,45.97126795752654,25.515687294158433,
house|t0.003|max20|min0,1.8,1255,5500,3202,11565,,22.818181818181817,39.19425359150531,28.843943920937715,
house|t0.003|max20|min0,2.4,918,3239,3202,8814,,28.342080889163324,28.66958151155528,28.504890544946438,
house|t0.003|max20|min0,3.6,231,534,3202,3380,,43.258426966292134,7.21424109931293,12.366167023554604,
house|t0.003|max20|min0,5.0,37,77,3202,1366,,48.05194805194805,1.155527795128045,2.25678560536749,
house|t0.003|max20|min0,10.0,0,1,3202,156,,0.0,0.0,0.0,
house|t0.003|max30|min0,0.3,2751,49748,3202,10351,,5.5298705475597005,85.91505309181761,10.390934844192634,
house|t0.003|max30|min0,0.45,2593,34411,3202,9449,,7.535381128127634,80.98063710181137,13.787786137771516,
house|t0.003|max30|min0,0.6,2569,29356,3202,9029,,8.751192260525958,80.23110555902561,15.781067633147,
house|t0.003|max30|min0,0.9,2376,18231,3202,8534,,13.03274642093138,74.20362273579013,22.171417906965893,
house|t0.003|max30|min0,1.2,2172,13689,3202,8044,,15.86675432829279,67.83260462211118,25.717837901841218,
house|t0.003|max30|min0,1.8,1969,9783,3202,7282,,20.126750485536135,61.49281698938164,30.3273007316134,
house|t0.003|max30|min0,2.4,1638,6103,3202,5950,,26.839259380632477,51.155527795128044,35.20687802256851,
house|t0.003|max30|min0,3.6,536,1276,3202,2638,,42.00626959247649,16.73953778888195,23.93925859758821,
house|t0.003|max30|min0,5.0,128,251,3202,1192,,50.99601593625498,3.9975015615240475,7.413843035041992,
house|t0.003|max30|min0,10.0,6,8,3202,149,,75.0,0.18738288569643974,0.37383177570093457,
house|t0.003|max60|min0,0.3,2825,56365,3202,3734,,5.011975516721369,88.2261086820737,9.485117598670405,
house|t0.003|max60|min0,0.45,2692,40434,3202,3426,,6.65776326853638,84.07245471580262,12.338436153634614,
house|t0.003|max60|min0,0.6,2665,35103,3202,3282,,7.5919437085149415,83.22923173016865,13.914632554496801,
house|t0.003|max60|min0,0.9,2488,23634,3202,3131,,10.527206566810527,77.70143660212368,18.54225667014458,
house|t0.003|max60|min0,1.2,2309,18827,3202,2906,,12.264301269453444,72.11118051217989,20.96327568205547,
house|t0.003|max60|min0,1.8,2113,14377,3202,2688,,14.697085622869862,65.99000624609619,24.04004778428807,
house|t0.003|max60|min0,2.4,1823,9772,3202,2281,,18.65534179287761,56.93316677076827,28.102358563280408,
house|t0.003|max60|min0,3.6,697,2650,3202,1264,,26.30188679245283,21.767645221736416,23.820915926179083,
house|t0.003|max60|min0,5.0,218,769,3202,674,,28.34850455136541,6.808244846970643,10.979602115336187,
house|t0.003|max60|min0,10.0,20,54,3202,103,,37.03703703703704,0.6246096189881324,1.2285012285012284,
house|t0.005|max15|min0,0.3,1478,21939,3202,20780,,6.736861297233237,46.158650843222986,11.757686647309177,
house|t0.005|max15|min0,0.45,1221,12600,3202,18177,,9.69047619047619,38.13241723922548,15.453740032907227,
house|t0.005|max15|min0,0.6,1133,10125,3202,16911,,11.190123456790124,35.3841349156777,17.003076461319125,
house|t0.005|max15|min0,0.9,815,4739,3202,14158,,17.197721038193713,25.452841973766397,20.526382067749655,
house|t0.005|max15|min0,1.2,654,3121,3202,12323,,20.95482217238065,20.42473454091193,20.686383046022456,
house|t0.005|max15|min0,1.8,498,1956,3202,10113,,25.460122699386503,15.552779512804497,19.309810003877473,
house|t0.005|max15|min0,2.4,357,1113,3202,7243,,32.075471698113205,11.149281698938164,16.546929316338353,
house|t0.005|max15|min0,3.6,42,110,3202,2305,,38.18181818181818,1.311680199875078,2.536231884057971,
house|t0.005|max15|min0,5.0,7,7,3202,827,,100.0,0.21861336664584635,0.43627298223745714,
house|t0.005|max15|min0,10.0,0,0,3202,78,,,0.0,0.0,
house|t0.005|max195|min0,0.3,2745,42719,3202,0,,6.425712212364521,85.72767020612118,11.955314561965114,
house|t0.005|max195|min0,0.45,2564,30777,3202,0,,8.330896448646717,80.07495315427857,15.09167426940169,
house|t0.005|max195|min0,0.6,2555,27036,3202,0,,9.450362479656754,79.79387882573391,16.899265824459288,
house|t0.005|max195|min0,0.9,2344,18897,3202,0,,12.404085304545696,73.20424734540912,21.213629575998915,
house|t0.005|max195|min0,1.2,2146,15444,3202,0,,13.895363895363895,67.02061211742661,23.018341735492868,
house|t0.005|max195|min0,1.8,1969,12069,3202,0,,16.314524815643384,61.49281698938164,25.78744024621832,
house|t0.005|max195|min0,2.4,1638,8356,3202,0,,19.602680708472953,51.155527795128044,28.344004152967642,
house|t0.005|max195|min0,3.6,514,2415,3202,0,,21.283643892339544,16.052467207995004,18.30158447569877,
house|t0.005|max195|min0,5.0,156,834,3202,0,,18.705035971223023,4.871955028107433,7.730426164519326,
house|t0.005|max195|min0,10.0,9,78,3202,0,,11.538461538461538,0.2810743285446596,0.5487804878048781,
house|t0.005|max20|min0,0.3,2096,27759,3202,14960,,7.550704276090637,65.45908806995628,13.539614353541552,
house|t0.005|max20|min0,0.45,1836,17353,3202,13424,,10.58030311761655,57.33916302311056,17.864266601800047,
house|t0.005|max20|min0,0.6,1793,14386,3202,12650,,12.463506186570276,55.99625234228607,20.388901523766204,
house|t0.005|max20|min0,0.9,1458,7698,3202,11199,,18.939984411535463,45.534041224234855,26.75229357798165,
house|t0.005|max20|min0,1.2,1224,5334,3202,10110,,22.947131608548933,38.2261086820737,28.678537956888473,
house|t0.005|max20|min0,1.8,1038,3560,3202,8509,,29.15730337078652,32.417239225484074,30.70097604259095,
house|t0.005|max20|min0,2.4,762,2106,3202,6250,,36.18233618233618,23.797626483447846,28.71137905048983,
house|t0.005|max20|min0,3.6,142,301,3202,2114,,47.17607973421927,4.4347282948157405,8.107336568655438,
house|t0.005|max20|min0,5.0,16,25,3202,809,,64.0,0.49968769519050593,0.9916330957545708,
house|t0.005|max20|min0,10.0,0,0,3202,78,,,0.0,0.0,
house|t0.005|max30|min0,0.3,2641,34747,3202,7972,,7.600656171755835,82.47970018738289,13.918680334132652,
house|t0.005|max30|min0,0.45,2441,23460,3202,7317,,10.404944586530265,76.23360399750156,18.31070437326532,
house|t0.005|max30|min0,0.6,2435,20049,3202,6987,,12.145244151828022,76.04622111180512,20.94533568448669,
house|t0.005|max30|min0,0.9,2185,12381,3202,6516,,17.648009046119054,68.23860087445347,28.04338060707181,
house|t0.005|max30|min0,1.2,1984,9377,3202,6067,,21.158152927375493,61.961274203622736,31.5446378885444,
house|t0.005|max30|min0,1.8,1789,6722,3202,5347,,26.61410294555192,55.87133041848845,36.05401047964531,
house|t0.005|max30|min0,2.4,1437,4176,3202,4180,,34.410919540229884,44.87820112429731,38.95364597451884,
house|t0.005|max30|min0,3.6,375,753,3202,1662,,49.800796812749006,11.711430356027483,18.963337547408344,
house|t0.005|max30|min0,5.0,76,118,3202,716,,64.40677966101696,2.373516552154903,4.578313253012048,
house|t0.005|max30|min0,10.0,2,2,3202,76,,100.0,0.06246096189881324,0.12484394506866417,
house|t0.005|max60|min0,0.3,2731,39860,3202,2859,,6.851480180632213,85.29044347282948,12.684036969950304,
house|t0.005|max60|min0,0.45,2552,28211,3202,2566,,9.0461167629648,79.7001873828857,16.248050170311654,
house|t0.005|max60|min0,0.6,2543,24562,3202,2474,,10.353391417637,79.41911305434104,18.31868606828987,
house|t0.005|max60|min0,0.9,2332,16594,3202,2303,,14.053272267084488,72.82948157401624,23.56031521519499,
house|t0.005|max60|min0,1.2,2130,13335,3202,2109,,15.973003374578179,66.5209244222361,25.76041603676604,
house|t0.005|max60|min0,1.8,1951,10211,3202,1858,,19.106845558711193,60.93066833229232,29.09118019831507,
house|t0.005|max60|min0,2.4,1620,6811,3202,1545,,23.785053589781235,50.59337913803873,32.357934684909615,
house|t0.005|max60|min0,3.6,497,1620,3202,795,,30.679012345679013,15.521549031855091,20.613853172957278,
house|t0.005|max60|min0,5.0,143,411,3202,423,,34.79318734793188,4.465958775765147,7.915859396623305,
house|t0.005|max60|min0,10.0,6,20,3202,58,,30.0,0.18738288569643974,0.37243947858473,
house|t0.0075|max15|min0,0.3,1257,14677,3202,16319,,8.56442052190502,39.25671455340412,14.061189104536048,
house|t0.0075|max15|min0,0.45,1038,8153,3202,14311,,12.731509873666136,32.417239225484074,18.282694848084546,
house|t0.0075|max15|min0,0.6,938,6509,3202,13281,,14.410815793516669,29.29419113054341,19.318298836371124,
house|t0.0075|max15|min0,0.9,643,2997,3202,10943,,21.454788121454786,20.081199250468458,20.745281497015647,
house|t0.0075|max15|min0,1.2,511,2005,3202,9315,,25.486284289276806,15.958775765146783,19.6274246207029,
house|t0.0075|max15|min0,1.8,390,1274,3202,7521,,30.612244897959183,12.179887570268582,17.42627345844504,
house|t0.0075|max15|min0,2.4,272,714,3202,5242,,38.095238095238095,8.4946908182386,13.891726251276813,
house|t0.0075|max15|min0,3.6,30,58,3202,1574,,51.724137931034484,0.9369144284821986,1.8404907975460123,
house|t0.0075|max15|min0,5.0,2,2,3202,523,,100.0,0.06246096189881324,0.12484394506866417,
house|t0.0075|max15|min0,10.0,0,0,3202,48,,,0.0,0.0,
house|t0.0075|max195|min0,0.3,2603,30996,3202,0,,8.39785778810169,81.29294191130543,15.223112462717118,
house|t0.0075|max195|min0,0.45,2415,22464,3202,0,,10.750534188034187,75.421611492817,18.818670614821166,
house|t0.0075|max195|min0,0.6,2415,19790,3202,0,,12.203132895401717,75.421611492817,21.00730688935282,
house|t0.0075|max195|min0,0.9,2172,13940,3202,0,,15.581061692969872,67.83260462211118,25.34126706335317,
house|t0.0075|max195|min0,1.2,1961,11320,3202,0,,17.323321554770317,61.242973141786386,27.00729927007299,
house|t0.0075|max195|min0,1.8,1786,8795,3202,0,,20.30699260943718,55.77763897564022,29.774110194215222,
house|t0.0075|max195|min0,2.4,1414,5956,3202,0,,23.74076561450638,44.15990006246096,30.880104826381306,
house|t0.0075|max195|min0,3.6,393,1632,3202,0,,24.080882352941178,12.273579013116802,16.259826230864707,
house|t0.0075|max195|min0,5.0,101,525,3202,0,,19.238095238095237,3.1542785758900687,5.419908773812718,
house|t0.0075|max195|min0,10.0,8,48,3202,0,,16.666666666666668,0.24984384759525297,0.49230769230769234,
house|t0.0075|max20|min0,0.3,1880,19144,3202,11852,,9.820309235269535,58.71330418488445,16.826277633580954,
house|t0.0075|max20|min0,0.45,1642,11732,3202,10732,,13.995908625980226,51.280449718925674,21.990089728137136,
house|t0.0075|max20|min0,0.6,1583,9760,3202,10030,,16.21926229508197,49.43785134291068,24.425243018052768,
house|t0.0075|max20|min0,0.9,1236,5170,3202,8770,,23.90715667311412,38.60087445346658,29.526994744386048,
house|t0.0075|max20|min0,1.2,1015,3592,3202,7728,,28.257238307349667,31.69893816364772,29.879305269355314,
house|t0.0075|max20|min0,1.8,869,2472,3202,6323,,35.153721682847895,27.139287945034354,30.63094818470215,
house|t0.0075|max20|min0,2.4,621,1437,3202,4519,,43.21503131524008,19.394128669581512,26.77301142487605,
house|t0.0075|max20|min0,3.6,105,188,3202,1444,,55.851063829787236,3.279200499687695,6.1946902654867255,
house|t0.0075|max20|min0,5.0,6,12,3202,513,,50.0,0.18738288569643974,0.37336652146857496,
house|t0.0075|max20|min0,10.0,0,0,3202,48,,,0.0,0.0,
house|t0.0075|max30|min0,0.3,2478,24688,3202,6308,,10.037265068049255,77.38913179262961,17.76980996773037,
house|t0.0075|max30|min0,0.45,2277,16599,3202,5865,,13.717693836978132,71.11180512179888,22.998838442502905,
house|t0.0075|max30|min0,0.6,2277,14280,3202,5510,,15.945378151260504,71.11180512179888,26.04965106967166,
house|t0.0075|max30|min0,0.9,1999,8933,3202,5007,,22.377700660472406,62.429731417863835,32.94602389781623,
house|t0.0075|max30|min0,1.2,1792,6707,3202,4613,,26.718353958550768,55.965021861336666,36.16913916641437,
house|t0.0075|max30|min0,1.8,1600,4827,3202,3968,,33.14688212140046,49.968769519050596,39.85552372649147,
house|t0.0075|max30|min0,2.4,1213,2947,3202,3009,,41.160502205632845,37.88257339163023,39.45356968612783,
house|t0.0075|max30|min0,3.6,283,496,3202,1136,,57.056451612903224,8.838226108682074,15.305570578691185,
house|t0.0075|max30|min0,5.0,46,66,3202,459,,69.6969696969697,1.4366021236727045,2.8151774785801713,
house|t0.0075|max30|min0,10.0,1,1,3202,47,,100.0,0.03123048094940662,0.062441461130190445,
house|t0.0075|max60|min0,0.3,2585,28755,3202,2241,,8.989740914623544,80.73079325421611,16.177989172951154,
house|t0.0075|max60|min0,0.45,2400,20445,3202,2019,,11.73881144534116,74.9531542785759,20.298557956611834,
house|t0.0075|max60|min0,0.6,2402,17876,3202,1914,,13.43701051689416,75.0156152404747,22.791536198880348,
house|t0.0075|max60|min0,0.9,2160,12227,3202,1713,,17.665821542487937,67.4578388507183,27.999222243826562,
house|t0.0075|max60|min0,1.2,1946,9776,3202,1544,,19.905891980360064,60.77451592754528,29.989212513484357,
house|t0.0075|max60|min0,1.8,1769,7472,3202,1323,,23.675053533190578,55.24672079950031,33.14596215102117,
house|t0.0075|max60|min0,2.4,1397,4879,3202,1077,,28.632916581266652,43.62898188632105,34.57492884543992,
house|t0.0075|max60|min0,3.6,378,1082,3202,550,,34.93530499075786,11.805121798875703,17.647058823529413,
house|t0.0075|max60|min0,5.0,89,234,3202,291,,38.034188034188034,2.7795128044971893,5.180442374854482,
house|t0.0075|max60|min0,10.0,4,14,3202,34,,28.571428571428573,0.12492192379762648,0.24875621890547264,
house|t0.01|max15|min0,0.3,1120,10653,3202,13231,,10.513470383929409,34.978138663335415,16.167448574521835,
house|t0.01|max15|min0,0.45,908,5763,3202,11750,,15.75568280409509,28.357276702061213,20.256553262688232,
house|t0.01|max15|min0,0.6,805,4609,3202,10981,,17.46582772835756,25.14053716427233,20.611957495839203,
house|t0.01|max15|min0,0.9,543,2103,3202,8844,,25.82025677603424,16.958151155527794,20.47125353440151,
house|t0.01|max15|min0,1.2,421,1398,3202,7463,,30.11444921316166,13.148032479700188,18.304347826086957,
house|t0.01|max15|min0,1.8,330,918,3202,5908,,35.947712418300654,10.306058713304186,16.019417475728154,
house|t0.01|max15|min0,2.4,210,504,3202,3980,,41.666666666666664,6.55840099937539,11.332973556395036,
house|t0.01|max15|min0,3.6,25,41,3202,1114,,60.97560975609756,0.7807620237351656,1.5417823003391922,
house|t0.01|max15|min0,5.0,1,1,3202,365,,100.0,0.03123048094940662,0.062441461130190445,
house|t0.01|max15|min0,10.0,0,0,3202,32,,,0.0,0.0,
house|t0.01|max195|min0,0.3,2473,23884,3202,0,,10.354212024786468,77.23297938788258,18.26035590341874,
house|t0.01|max195|min0,0.45,2276,17513,3202,0,,12.996060069662537,71.08057464084946,21.974414675356023,
house|t0.01|max195|min0,0.6,2263,15590,3202,0,,14.515715202052597,70.67457838850719,24.084716900808854,
house|t0.01|max195|min0,0.9,2018,10947,3202,0,,18.434274230382755,63.02311055590256,28.524984097816102,
house|t0.01|max195|min0,1.2,1828,8861,3202,0,,20.62972576458639,57.0893191755153,30.30755201856918,
house|t0.01|max195|min0,1.8,1640,6826,3202,0,,24.025783767946088,51.21798875702686,32.708416433984844,
house|t0.01|max195|min0,2.4,1211,4484,3202,0,,27.007136485281,37.82011242973142,31.51183970856102,
house|t0.01|max195|min0,3.6,298,1155,3202,0,,25.8008658008658,9.306683322923172,13.67913702088593,
house|t0.01|max195|min0,5.0,79,366,3202,0,,21.584699453551913,2.467207995003123,4.428251121076233,
house|t0.01|max195|min0,10.0,6,32,3202,0,,18.75,0.18738288569643974,0.37105751391465674,
house|t0.01|max20|min0,0.3,1718,14189,3202,9695,,12.10797096342237,53.65396627108058,19.757345753550688,
house|t0.01|max20|min0,0.45,1496,8600,3202,8913,,17.3953488372093,46.7207995003123,25.351635316048128,
house|t0.01|max20|min0,0.6,1421,7205,3202,8385,,19.72241498959056,44.37851342910681,27.308542327279717,
house|t0.01|max20|min0,0.9,1090,3804,3202,7143,,28.6540483701367,34.04122423485322,31.116186126177563,
house|t0.01|max20|min0,1.2,890,2652,3202,6209,,33.55957767722474,27.795128044971893,30.406559617355654,
house|t0.01|max20|min0,1.8,757,1851,3202,4975,,40.896812533765534,23.641474078700814,29.962398575103897,
house|t0.01|max20|min0,2.4,516,1064,3202,3420,,48.49624060150376,16.114928169893815,24.19127988748242,
house|t0.01|max20|min0,3.6,80,130,3202,1025,,61.53846153846154,2.4984384759525295,4.801920768307323,
house|t0.01|max20|min0,5.0,4,7,3202,359,,57.142857142857146,0.12492192379762648,0.24929884699283267,
house|t0.01|max20|min0,10.0,0,0,3202,32,,,0.0,0.0,
house|t0.01|max30|min0,0.3,2341,18722,3202,5162,,12.504005982266852,73.1105559025609,21.355592045247217,
house|t0.01|max30|min0,0.45,2131,12677,3202,4836,,16.8099708132839,66.55215490318551,26.840481138610745,
house|t0.01|max30|min0,0.6,2112,11033,3202,4557,,19.14257228315055,65.95877576514678,29.673340358271865,
house|t0.01|max30|min0,0.9,1846,6910,3202,4037,,26.71490593342981,57.651467832604624,36.51107594936709,
house|t0.01|max30|min0,1.2,1651,5201,3202,3660,,31.74389540472986,51.56152404747033,39.29548970605736,
house|t0.01|max30|min0,1.8,1456,3728,3202,3098,,39.05579399141631,45.47158026233604,42.02020202020202,
house|t0.01|max30|min0,2.4,1032,2238,3202,2246,,46.11260053619303,32.22985633978763,37.94117647058823,
house|t0.01|max30|min0,3.6,215,349,3202,806,,61.60458452722063,6.714553404122423,12.109264995775838,
house|t0.01|max30|min0,5.0,35,48,3202,318,,72.91666666666667,1.0930668332292317,2.1538461538461537,
house|t0.01|max30|min0,10.0,1,1,3202,31,,100.0,0.03123048094940662,0.062441461130190445,
house|t0.01|max60|min0,0.3,2456,22081,3202,1803,,11.122684661020788,76.70206121174266,19.428074200055374,
house|t0.01|max60|min0,0.45,2261,15848,3202,1665,,14.26678445229682,70.61211742660836,23.73753280839895,
house|t0.01|max60|min0,0.6,2251,14010,3202,1580,,16.067094932191292,70.2998126171143,26.15617011387404,
house|t0.01|max60|min0,0.9,2002,9630,3202,1317,,20.78920041536864,62.52342286071205,31.203241895261847,
house|t0.01|max60|min0,1.2,1811,7680,3202,1181,,23.580729166666668,56.558400999375394,33.284322734791395,
house|t0.01|max60|min0,1.8,1625,5825,3202,1001,,27.896995708154506,50.74953154278576,36.00310180569403,
house|t0.01|max60|min0,2.4,1198,3698,3202,786,,32.39588967009194,37.41411617738913,34.72463768115942,
house|t0.01|max60|min0,3.6,287,767,3202,388,,37.41851368970013,8.963148032479701,14.462081128747796,
house|t0.01|max60|min0,5.0,68,160,3202,206,,42.5,2.12367270455965,4.045211183819156,
house|t0.01|max60|min0,10.0,3,7,3202,25,,42.857142857142854,0.09369144284821987,0.1869741352446245,
house|t0.02|max15|min0,0.3,735,4161,3202,7175,,17.664023071377073,22.954403497813868,19.964688306396848,
house|t0.02|max15|min0,0.45,514,2010,3202,6653,,25.572139303482587,16.052467207995004,19.72371450498849,
house|t0.02|max15|min0,0.6,464,1651,3202,5945,,28.10417928528165,14.490943160524672,19.122192458273233,
house|t0.02|max15|min0,0.9,299,771,3202,4775,,38.78080415045395,9.33791380387258,15.051598288447018,
house|t0.02|max15|min0,1.2,211,483,3202,3854,,43.68530020703934,6.589631480324797,11.451831750339213,
house|t0.02|max15|min0,1.8,157,332,3202,2962,,47.28915662650602,4.90318550905684,8.885116015846068,
house|t0.02|max15|min0,2.4,88,164,3202,1919,,53.65853658536585,2.7482823235477825,5.228758169934641,
house|t0.02|max15|min0,3.6,10,14,3202,423,,71.42857142857143,0.3123048094940662,0.6218905472636815,
house|t0.02|max15|min0,5.0,0,0,3202,122,,,0.0,0.0,
house|t0.02|max15|min0,10.0,0,0,3202,10,,,0.0,0.0,
house|t0.02|max195|min0,0.3,2012,11336,3202,0,,17.74876499647142,62.83572767020612,27.679185582611087,
house|t0.02|max195|min0,0.45,1779,8663,3202,0,,20.535611220131596,55.559025608994375,29.987357774968395,
house|t0.02|max195|min0,0.6,1742,7596,3202,0,,22.93312269615587,54.40349781386633,32.265234302648636,
house|t0.02|max195|min0,0.9,1550,5546,3202,0,,27.948070681572304,48.40724547158026,35.436671239140374,
house|t0.02|max195|min0,1.2,1354,4337,3202,0,,31.219737145492275,42.28607120549656,35.91988327364372,
house|t0.02|max195|min0,1.8,1150,3294,3202,0,,34.91196114146934,35.91505309181761,35.4064039408867,
house|t0.02|max195|min0,2.4,786,2083,3202,0,,37.73403744599136,24.547158026233603,29.744560075685904,
house|t0.02|max195|min0,3.6,152,437,3202,0,,34.78260869565217,4.747033104309806,8.353943391041495,
house|t0.02|max195|min0,5.0,33,122,3202,0,,27.049180327868854,1.0306058713304185,1.9855595667870036,
house|t0.02|max195|min0,10.0,5,10,3202,0,,50.0,0.1561524047470331,0.31133250311332505,
house|t0.02|max20|min0,0.3,1289,6056,3202,5280,,21.284676354029063,40.256089943785135,27.846187081443077,
house|t0.02|max20|min0,0.45,1044,3541,3202,5122,,29.48319683705168,32.60462211118051,30.96544564733798,
house|t0.02|max20|min0,0.6,977,2999,3202,4597,,32.57752584194731,30.51217988757027,31.511046605386227,
house|t0.02|max20|min0,0.9,705,1669,3202,3877,,42.24086279209107,22.017489069331667,28.946828166700882,
house|t0.02|max20|min0,1.2,547,1103,3202,3234,,49.59202175883953,17.083073079325423,25.4123112659698,
house|t0.02|max20|min0,1.8,448,819,3202,2475,,54.7008547008547,13.991255465334167,22.283014175578213,
house|t0.02|max20|min0,2.4,299,468,3202,1615,,63.888888888888886,9.33791380387258,16.294277929155314,
house|t0.02|max20|min0,3.6,37,52,3202,385,,71.15384615384616,1.155527795128045,2.2741241548862936,
house|t0.02|max20|min0,5.0,1,1,3202,121,,100.0,0.03123048094940662,0.062441461130190445,
house|t0.02|max20|min0,10.0,0,0,3202,10,,,0.0,0.0,
house|t0.02|max30|min0,0.3,1857,8586,3202,2750,,21.628232005590498,57.99500312304809,31.50661689854089,
house|t0.02|max30|min0,0.45,1635,5962,3202,2701,,27.423683327742367,51.061836352279826,35.68310781318202,
house|t0.02|max30|min0,0.6,1583,5181,3202,2415,,30.55394711445667,49.43785134291068,37.76690922104259,
house|t0.02|max30|min0,0.9,1379,3456,3202,2090,,39.901620370370374,43.06683322923173,41.4238510063082,
house|t0.02|max30|min0,1.2,1171,2511,3202,1826,,46.63480684986062,36.570893191755154,40.994223700332576,
house|t0.02|max30|min0,1.8,980,1837,3202,1457,,53.347849755035384,30.605871330418488,38.89660646953761,
house|t0.02|max30|min0,2.4,654,1064,3202,1019,,61.46616541353384,20.42473454091193,30.661040787623065,
house|t0.02|max30|min0,3.6,107,150,3202,287,,71.33333333333333,3.3416614615865083,6.384248210023866,
house|t0.02|max30|min0,5.0,14,16,3202,106,,87.5,0.4372267332916927,0.870105655686762,
house|t0.02|max30|min0,10.0,1,1,3202,9,,100.0,0.03123048094940662,0.062441461130190445,
house|t0.02|max60|min0,0.3,1991,10387,3202,949,,19.168191007990757,62.17988757026858,29.3031128118331,
house|t0.02|max60|min0,0.45,1765,7819,3202,844,,22.573219081724005,55.12179887570269,32.02976136466745,
house|t0.02|max60|min0,0.6,1729,6868,3202,728,,25.17472335468841,53.99750156152405,34.339622641509436,
house|t0.02|max60|min0,0.9,1535,4982,3202,564,,30.81091930951425,47.93878825733916,37.51221896383187,
house|t0.02|max60|min0,1.2,1343,3848,3202,489,,34.9012474012474,41.94253591505309,38.09929078014184,
house|t0.02|max60|min0,1.8,1134,2872,3202,422,,39.48467966573816,35.41536539662711,37.339479749753046,
house|t0.02|max60|min0,2.4,774,1730,3202,353,,44.73988439306358,24.172392254840723,31.386861313868614,
house|t0.02|max60|min0,3.6,145,299,3202,138,,48.49498327759197,4.52841973766396,8.283347614967152,
house|t0.02|max60|min0,5.0,27,45,3202,77,,60.0,0.8432229856339788,1.663073606405913,
house|t0.02|max60|min0,10.0,3,3,3202,7,,100.0,0.09369144284821987,0.187207488299532,
house|t0.05|max15|min0,0.3,245,682,3202,2133,,35.92375366568915,7.651467832604622,12.615859938208033,
house|t0.05|max15|min0,0.45,164,299,3202,2036,,54.8494983277592,5.1217988757026855,9.368751785204227,
house|t0.05|max15|min0,0.6,122,230,3202,1787,,53.04347826086956,3.8101186758276078,7.10955710955711,
house|t0.05|max15|min0,0.9,66,104,3202,1351,,63.46153846153846,2.061211742660837,3.9927404718693285,
house|t0.05|max15|min0,1.2,36,66,3202,1013,,54.54545454545455,1.1242973141786383,2.2031823745410035,
house|t0.05|max15|min0,1.8,23,45,3202,805,,51.111111111111114,0.7183010618363522,1.4166923313828148,
house|t0.05|max15|min0,2.4,10,18,3202,520,,55.55555555555556,0.3123048094940662,0.6211180124223602,
house|t0.05|max15|min0,3.6,0,0,3202,89,,,0.0,0.0,
house|t0.05|max15|min0,5.0,0,0,3202,16,,,0.0,0.0,
house|t0.05|max15|min0,10.0,0,0,3202,1,,,0.0,0.0,
house|t0.05|max195|min0,0.3,1086,2815,3202,0,,38.57904085257549,33.91630231105559,36.09772311783281,
house|t0.05|max195|min0,0.45,958,2335,3202,0,,41.02783725910064,29.918800749531542,34.6035759436518,
house|t0.05|max195|min0,0.6,872,2017,3202,0,,43.232523549826475,27.232979387882573,33.4163632879862,
house|t0.05|max195|min0,0.9,689,1455,3202,0,,47.35395189003437,21.51780137414116,29.58986471977668,
house|t0.05|max195|min0,1.2,513,1079,3202,0,,47.54402224281743,16.021236727045597,23.96636299929923,
house|t0.05|max195|min0,1.8,431,850,3202,0,,50.705882352941174,13.460337289194253,21.27344521224087,
house|t0.05|max195|min0,2.4,304,538,3202,0,,56.50557620817844,9.494066208619612,16.25668449197861,
house|t0.05|max195|min0,3.6,42,89,3202,0,,47.19101123595506,1.311680199875078,2.552415679124886,
house|t0.05|max195|min0,5.0,4,16,3202,0,,25.0,0.12492192379762648,0.24860161591050342,
house|t0.05|max195|min0,10.0,1,1,3202,0,,100.0,0.03123048094940662,0.062441461130190445,
house|t0.05|max20|min0,0.3,571,1254,3202,1561,,45.53429027113238,17.83260462211118,25.628366247755835,
house|t0.05|max20|min0,0.45,468,805,3202,1530,,58.13664596273292,14.615865084322298,23.359121537309708,
house|t0.05|max20|min0,0.6,396,647,3202,1370,,61.205564142194746,12.367270455965022,20.576773187841,
house|t0.05|max20|min0,0.9,259,365,3202,1090,,70.95890410958904,8.088694565896315,14.522007289038408,
house|t0.05|max20|min0,1.2,157,221,3202,858,,71.04072398190046,4.90318550905684,9.173239848086475,
house|t0.05|max20|min0,1.8,141,192,3202,658,,73.4375,4.403497813866333,8.308780200353565,
house|t0.05|max20|min0,2.4,105,125,3202,413,,84.0,3.279200499687695,6.311992786293959,
house|t0.05|max20|min0,3.6,4,4,3202,85,,100.0,0.12492192379762648,0.2495321272613849,
house|t0.05|max20|min0,5.0,0,0,3202,16,,,0.0,0.0,
house|t0.05|max20|min0,10.0,0,0,3202,1,,,0.0,0.0,
house|t0.05|max30|min0,0.3,969,2072,3202,743,,46.76640926640927,30.262336039975015,36.74630261660978,
house|t0.05|max30|min0,0.45,833,1606,3202,729,,51.86799501867995,26.014990630855714,34.650582362728784,
house|t0.05|max30|min0,0.6,753,1353,3202,664,,55.65410199556541,23.516552154903184,33.06256860592755,
house|t0.05|max30|min0,0.9,572,894,3202,561,,63.982102908277405,17.863835103060588,27.9296875,
house|t0.05|max30|min0,1.2,408,599,3202,480,,68.1135225375626,12.742036227357902,21.468034727703238,
house|t0.05|max30|min0,1.8,355,482,3202,368,,73.65145228215768,11.08682073703935,19.272529858849076,
house|t0.05|max30|min0,2.4,239,302,3202,236,,79.13907284768212,7.464084946908183,13.641552511415526,
house|t0.05|max30|min0,3.6,24,28,3202,61,,85.71428571428571,0.749531542785759,1.4860681114551084,
house|t0.05|max30|min0,5.0,1,1,3202,15,,100.0,0.03123048094940662,0.062441461130190445,
house|t0.05|max30|min0,10.0,0,0,3202,1,,,0.0,0.0,
house|t0.05|max60|min0,0.3,1069,2558,3202,257,,41.790461297888974,33.385384134915675,37.11805555555556,
house|t0.05|max60|min0,0.45,943,2125,3202,210,,44.37647058823529,29.450343535290443,35.40454289468744,
house|t0.05|max60|min0,0.6,861,1847,3202,170,,46.6161342717921,26.8894440974391,34.105763517528224,
house|t0.05|max60|min0,0.9,681,1332,3202,123,,51.126126126126124,21.26795752654591,30.03970004411116,
house|t0.05|max60|min0,1.2,504,973,3202,106,,51.798561151079134,15.740162398500937,24.143712574850298,
house|t0.05|max60|min0,1.8,423,743,3202,107,,56.93135935397039,13.210493441599,21.44486692015209,
house|t0.05|max60|min0,2.4,298,456,3202,82,,65.35087719298245,9.306683322923172,16.29305631492619,
house|t0.05|max60|min0,3.6,36,59,3202,30,,61.016949152542374,1.1242973141786383,2.2079116835326587,
house|t0.05|max60|min0,5.0,3,3,3202,13,,100.0,0.09369144284821987,0.187207488299532,
house|t0.05|max60|min0,10.0,0,0,3202,1,,,0.0,0.0,
house|t0.1|max15|min0,0.3,38,79,3202,513,,48.10126582278481,1.1867582760774515,2.316366961292289,
house|t0.1|max15|min0,0.45,21,32,3202,457,,65.625,0.655840099937539,1.2987012987012987,
house|t0.1|max15|min0,0.6,18,27,3202,390,,66.66666666666667,0.5621486570893192,1.1148962527098172,
house|t0.1|max15|min0,0.9,10,12,3202,265,,83.33333333333333,0.3123048094940662,0.6222775357809583,
house|t0.1|max15|min0,1.2,7,8,3202,198,,87.5,0.21861336664584635,0.43613707165109034,
house|t0.1|max15|min0,1.8,4,7,3202,183,,57.142857142857146,0.12492192379762648,0.24929884699283267,
house|t0.1|max15|min0,2.4,0,0,3202,104,,,0.0,0.0,
house|t0.1|max15|min0,3.6,0,0,3202,27,,,0.0,0.0,
house|t0.1|max15|min0,5.0,0,0,3202,3,,,0.0,0.0,
house|t0.1|max15|min0,10.0,0,0,3202,0,,,0.0,0.0,
house|t0.1|max195|min0,0.3,329,592,3202,0,,55.57432432432432,10.274828232354778,17.343173431734318,
house|t0.1|max195|min0,0.45,275,489,3202,0,,56.23721881390593,8.58838226108682,14.901110810078569,
house|t0.1|max195|min0,0.6,242,417,3202,0,,58.03357314148681,7.557776389756402,13.373860182370821,
house|t0.1|max195|min0,0.9,161,277,3202,0,,58.12274368231047,5.028107432854466,9.25553319919517,
house|t0.1|max195|min0,1.2,109,206,3202,0,,52.9126213592233,3.4041224234853216,6.396713615023474,
house|t0.1|max195|min0,1.8,119,190,3202,0,,62.63157894736842,3.7164272329793877,7.0165094339622645,
house|t0.1|max195|min0,2.4,69,104,3202,0,,66.34615384615384,2.154903185509057,4.174228675136116,
house|t0.1|max195|min0,3.6,17,27,3202,0,,62.96296296296296,0.5309181761399125,1.0529575720037163,
house|t0.1|max195|min0,5.0,3,3,3202,0,,100.0,0.09369144284821987,0.187207488299532,
house|t0.1|max195|min0,10.0,0,0,3202,0,,,0.0,0.0,
house|t0.1|max20|min0,0.3,122,190,3202,402,,64.21052631578948,3.8101186758276078,7.193396226415095,
house|t0.1|max20|min0,0.45,92,117,3202,372,,78.63247863247864,2.873204247345409,5.543838505573968,
house|t0.1|max20|min0,0.6,71,91,3202,326,,78.02197802197803,2.2173641474078702,4.312177345885211,
house|t0.1|max20|min0,0.9,39,44,3202,233,,88.63636363636364,1.2179887570268582,2.402957486136784,
house|t0.1|max20|min0,1.2,28,33,3202,173,,84.84848484848484,0.8744534665833854,1.731066460587326,
house|t0.1|max20|min0,1.8,33,39,3202,151,,84.61538461538461,1.0306058713304185,2.0364085158901575,
house|t0.1|max20|min0,2.4,10,12,3202,92,,83.33333333333333,0.3123048094940662,0.6222775357809583,
house|t0.1|max20|min0,3.6,0,0,3202,27,,,0.0,0.0,
house|t0.1|max20|min0,5.0,0,0,3202,3,,,0.0,0.0,
house|t0.1|max20|min0,10.0,0,0,3202,0,,,0.0,0.0,
house|t0.1|max30|min0,0.3,270,404,3202,188,,66.83168316831683,8.432229856339788,14.97504159733777,
house|t0.1|max30|min0,0.45,226,317,3202,172,,71.29337539432177,7.058088694565896,12.844558113100312,
house|t0.1|max30|min0,0.6,189,256,3202,161,,73.828125,5.902560899437852,10.931174089068826,
house|t0.1|max30|min0,0.9,114,152,3202,125,,75.0,3.560274828232355,6.797853309481217,
house|t0.1|max30|min0,1.2,70,93,3202,113,,75.26881720430107,2.1861336664584634,4.24886191198786,
house|t0.1|max30|min0,1.8,89,108,3202,82,,82.4074074074074,2.7795128044971893,5.377643504531722,
house|t0.1|max30|min0,2.4,41,49,3202,55,,83.6734693877551,1.2804497189256714,2.522300830513688,
house|t0.1|max30|min0,3.6,6,6,3202,21,,100.0,0.18738288569643974,0.3740648379052369,
house|t0.1|max30|min0,5.0,0,0,3202,3,,,0.0,0.0,
house|t0.1|max30|min0,10.0,0,0,3202,0,,,0.0,0.0,
house|t0.1|max60|min0,0.3,319,530,3202,62,,60.18867924528302,9.962523422860713,17.09539121114684,
house|t0.1|max60|min0,0.45,270,443,3202,46,,60.94808126410835,8.432229856339788,14.814814814814815,
house|t0.1|max60|min0,0.6,238,381,3202,36,,62.46719160104987,7.432854465958775,13.284956740161876,
house|t0.1|max60|min0,0.9,157,254,3202,23,,61.811023622047244,4.90318550905684,9.085648148148149,
house|t0.1|max60|min0,1.2,105,183,3202,23,,57.377049180327866,3.279200499687695,6.203840472673559,
house|t0.1|max60|min0,1.8,114,165,3202,25,,69.0909090909091,3.560274828232355,6.771606771606772,
house|t0.1|max60|min0,2.4,64,82,3202,22,,78.04878048780488,1.9987507807620237,3.89768574908648,
house|t0.1|max60|min0,3.6,12,14,3202,13,,85.71428571428571,0.3747657713928795,0.746268656716418,
house|t0.1|max60|min0,5.0,2,2,3202,1,,100.0,0.06246096189881324,0.12484394506866417,
house|t0.1|max60|min0,10.0,0,0,3202,0,,,0.0,0.0,
house|t0.2|max15|min0,0.3,3,3,3202,46,,100.0,0.09369144284821987,0.187207488299532,
house|t0.2|max15|min0,0.45,0,0,3202,29,,,0.0,0.0,
house|t0.2|max15|min0,0.6,1,1,3202,22,,100.0,0.03123048094940662,0.062441461130190445,
house|t0.2|max15|min0,0.9,2,2,3202,20,,100.0,0.06246096189881324,0.12484394506866417,
house|t0.2|max15|min0,1.2,1,1,3202,17,,100.0,0.03123048094940662,0.062441461130190445,
house|t0.2|max15|min0,1.8,0,0,3202,14,,,0.0,0.0,
house|t0.2|max15|min0,2.4,0,0,3202,14,,,0.0,0.0,
house|t0.2|max15|min0,3.6,0,0,3202,7,,,0.0,0.0,
house|t0.2|max15|min0,5.0,0,0,3202,2,,,0.0,0.0,
house|t0.2|max15|min0,10.0,0,0,3202,0,,,0.0,0.0,
house|t0.2|max195|min0,0.3,32,49,3202,0,,65.3061224489796,0.9993753903810119,1.9686250384497077,
house|t0.2|max195|min0,0.45,18,29,3202,0,,62.06896551724138,0.5621486570893192,1.1142061281337048,
house|t0.2|max195|min0,0.6,11,23,3202,0,,47.82608695652174,0.3435352904434728,0.6821705426356589,
house|t0.2|max195|min0,0.9,14,22,3202,0,,63.63636363636363,0.4372267332916927,0.8684863523573201,
house|t0.2|max195|min0,1.2,13,18,3202,0,,72.22222222222223,0.4059962523422861,0.8074534161490683,
house|t0.2|max195|min0,1.8,9,14,3202,0,,64.28571428571429,0.2810743285446596,0.5597014925373134,
house|t0.2|max195|min0,2.4,8,14,3202,0,,57.142857142857146,0.24984384759525297,0.4975124378109453,
house|t0.2|max195|min0,3.6,6,7,3202,0,,85.71428571428571,0.18738288569643974,0.373948270489249,
house|t0.2|max195|min0,5.0,2,2,3202,0,,100.0,0.06246096189881324,0.12484394506866417,
house|t0.2|max195|min0,10.0,0,0,3202,0,,,0.0,0.0,
house|t0.2|max20|min0,0.3,6,7,3202,42,,85.71428571428571,0.18738288569643974,0.373948270489249,
house|t0.2|max20|min0,0.45,0,0,3202,29,,,0.0,0.0,
house|t0.2|max20|min0,0.6,2,2,3202,21,,100.0,0.06246096189881324,0.12484394506866417,
house|t0.2|max20|min0,0.9,3,3,3202,19,,100.0,0.09369144284821987,0.187207488299532,
house|t0.2|max20|min0,1.2,1,1,3202,17,,100.0,0.03123048094940662,0.062441461130190445,
house|t0.2|max20|min0,1.8,0,0,3202,14,,,0.0,0.0,
house|t0.2|max20|min0,2.4,0,0,3202,14,,,0.0,0.0,
house|t0.2|max20|min0,3.6,0,0,3202,7,,,0.0,0.0,
house|t0.2|max20|min0,5.0,0,0,3202,2,,,0.0,0.0,
house|t0.2|max20|min0,10.0,0,0,3202,0,,,0.0,0.0,
house|t0.2|max30|min0,0.3,26,31,3202,18,,83.87096774193549,0.8119925046845722,1.6084132384781937,
house|t0.2|max30|min0,0.45,9,11,3202,18,,81.81818181818181,0.2810743285446596,0.5602240896358543,
house|t0.2|max30|min0,0.6,7,10,3202,13,,70.0,0.21861336664584635,0.43586550435865506,
house|t0.2|max30|min0,0.9,10,12,3202,10,,83.33333333333333,0.3123048094940662,0.6222775357809583,
house|t0.2|max30|min0,1.2,4,5,3202,13,,80.0,0.12492192379762648,0.2494543186778921,
house|t0.2|max30|min0,1.8,4,5,3202,9,,80.0,0.12492192379762648,0.2494543186778921,
house|t0.2|max30|min0,2.4,4,4,3202,10,,100.0,0.12492192379762648,0.2495321272613849,
house|t0.2|max30|min0,3.6,0,0,3202,7,,,0.0,0.0,
house|t0.2|max30|min0,5.0,0,0,3202,2,,,0.0,0.0,
house|t0.2|max30|min0,10.0,0,0,3202,0,,,0.0,0.0,
house|t0.2|max60|min0,0.3,31,41,3202,8,,75.60975609756098,0.9681449094316052,1.9118100524205983,
house|t0.2|max60|min0,0.45,17,24,3202,5,,70.83333333333333,0.5309181761399125,1.0539367637941723,
house|t0.2|max60|min0,0.6,11,18,3202,5,,61.111111111111114,0.3435352904434728,0.6832298136645962,
house|t0.2|max60|min0,0.9,13,18,3202,4,,72.22222222222223,0.4059962523422861,0.8074534161490683,
house|t0.2|max60|min0,1.2,11,15,3202,3,,73.33333333333333,0.3435352904434728,0.6838669567920422,
house|t0.2|max60|min0,1.8,7,9,3202,5,,77.77777777777777,0.21861336664584635,0.43600124571784493,
house|t0.2|max60|min0,2.4,6,6,3202,8,,100.0,0.18738288569643974,0.3740648379052369,
house|t0.2|max60|min0,3.6,3,3,3202,4,,100.0,0.09369144284821987,0.187207488299532,
house|t0.2|max60|min0,5.0,1,1,3202,1,,100.0,0.03123048094940662,0.062441461130190445,
house|t0.2|max60|min0,10.0,0,0,3202,0,,,0.0,0.0,
paper_pair|t0.001|max15|min0,0.3,2132,59098,3202,55118,,3.607567091948966,66.58338538413491,6.84430176565008,
paper_pair|t0.001|max15|min0,0.45,1858,30708,3202,41413,,6.0505405757457345,58.026233603997504,10.958419345325863,
paper_pair|t0.001|max15|min0,0.6,1796,28799,3202,42705,,6.236327650265634,56.08994378513429,11.224649229711572,
paper_pair|t0.001|max15|min0,0.9,1478,16812,3202,39314,,8.791339519390911,46.158650843222986,14.769661237134006,
paper_pair|t0.001|max15|min0,1.2,1220,11455,3202,35670,,10.650371017023135,38.10118675827608,16.6473357440131,
paper_pair|t0.001|max15|min0,1.8,952,6647,3202,29773,,14.322250639386189,29.7314178638351,19.3319118692253,
paper_pair|t0.001|max15|min0,2.4,675,3339,3202,21506,,20.21563342318059,21.08057464084947,20.639046017428527,
paper_pair|t0.001|max15|min0,3.6,169,522,3202,8446,,32.37547892720306,5.277951280449719,9.07626208378088,
paper_pair|t0.001|max15|min0,5.0,37,102,3202,3904,,36.27450980392157,1.155527795128045,2.2397094430992737,
paper_pair|t0.001|max15|min0,10.0,2,3,3202,511,,66.66666666666667,0.06246096189881324,0.12480499219968799,
paper_pair|t0.001|max195|min0,0.3,2938,114216,3202,0,,2.5723191146599427,91.75515302935665,5.004343456710215,
paper_pair|t0.001|max195|min0,0.45,2791,72121,3202,0,,3.8698853315955133,87.16427232979387,7.410751032221234,
paper_pair|t0.001|max195|min0,0.6,2771,71504,3202,0,,3.8753076750950997,86.53966271080574,7.418413514309426,
paper_pair|t0.001|max195|min0,0.9,2629,56126,3202,0,,4.684103623988882,82.10493441599,8.862594390507011,
paper_pair|t0.001|max195|min0,1.2,2495,47125,3202,0,,5.294429708222812,77.92004996876952,9.915154887038767,
paper_pair|t0.001|max195|min0,1.8,2313,36420,3202,0,,6.350906095551895,72.23610243597751,11.675331886325779,
paper_pair|t0.001|max195|min0,2.4,2032,24845,3202,0,,8.178707989535118,63.46033728919426,14.48996327592969,
paper_pair|t0.001|max195|min0,3.6,1036,8968,3202,0,,11.552185548617306,32.35477826358526,17.025472473294986,
paper_pair|t0.001|max195|min0,5.0,457,4006,3202,0,,11.407888167748377,14.272329793878825,12.680355160932297,
paper_pair|t0.001|max195|min0,10.0,72,514,3202,0,,14.007782101167315,2.2485946283572766,3.8751345532831003,
paper_pair|t0.001|max20|min0,0.3,2636,74108,3202,40108,,3.5569709073244455,82.32354778263586,6.819298926400207,
paper_pair|t0.001|max20|min0,0.45,2385,41430,3202,30691,,5.756698044895003,74.4846970643348,10.687399175479477,
paper_pair|t0.001|max20|min0,0.6,2365,39625,3202,31879,,5.968454258675079,73.86008744534666,11.04443458565858,
paper_pair|t0.001|max20|min0,0.9,2118,25554,3202,30572,,8.28833059403616,66.14615865084322,14.730838781471693,
paper_pair|t0.001|max20|min0,1.2,1880,18568,3202,28557,,10.12494614390349,58.71330418488445,17.271474506201194,
paper_pair|t0.001|max20|min0,1.8,1599,11731,3202,24689,,13.630551530133834,49.937539038101185,21.415656599477668,
paper_pair|t0.001|max20|min0,2.4,1163,6240,3202,18605,,18.637820512820515,36.3210493441599,24.63461131116289,
paper_pair|t0.001|max20|min0,3.6,424,1275,3202,7693,,33.254901960784316,13.241723922548408,18.94125530489167,
paper_pair|t0.001|max20|min0,5.0,135,299,3202,3707,,45.1505016722408,4.216114928169894,7.712082262210797,
paper_pair|t0.001|max20|min0,10.0,8,11,3202,503,,72.72727272727273,0.24984384759525297,0.49797696856520385,
paper_pair|t0.001|max30|min0,0.3,2888,91088,3202,23128,,3.17056033725628,90.19362898188632,6.125782161416906,
paper_pair|t0.001|max30|min0,0.45,2718,53955,3202,18166,,5.037531276063386,84.88444722048719,9.510646115086516,
paper_pair|t0.001|max30|min0,0.6,2700,52600,3202,18904,,5.133079847908745,84.32229856339788,9.67707250636178,
paper_pair|t0.001|max30|min0,0.9,2539,37469,3202,18657,,6.77626838186234,79.29419113054341,12.485554817929238,
paper_pair|t0.001|max30|min0,1.2,2385,29292,3202,17833,,8.1421548545678,74.4846970643348,14.679633163045485,
paper_pair|t0.001|max30|min0,1.8,2182,20399,3202,16021,,10.696602774645816,68.14490943160524,18.49074191771535,
paper_pair|t0.001|max30|min0,2.4,1853,11748,3202,13097,,15.772897514470548,57.87008119925047,24.789297658862875,
paper_pair|t0.001|max30|min0,3.6,790,2751,3202,6217,,28.7168302435478,24.67207995003123,26.541239711070048,
paper_pair|t0.001|max30|min0,5.0,310,817,3202,3189,,37.9436964504284,9.681449094316052,15.426723065439164,
paper_pair|t0.001|max30|min0,10.0,25,54,3202,460,,46.2962962962963,0.7807620237351656,1.5356265356265357,
paper_pair|t0.001|max60|min0,0.3,2932,104839,3202,9377,,2.7966691784545827,91.56777014366021,5.427569163558279,
paper_pair|t0.001|max60|min0,0.45,2783,64637,3202,7484,,4.305583489332735,86.91442848219863,8.204719998820737,
paper_pair|t0.001|max60|min0,0.6,2762,63771,3202,7733,,4.331122296968841,86.25858838226108,8.248099980589192,
paper_pair|t0.001|max60|min0,0.9,2619,48614,3202,7512,,5.387336981116551,81.79262960649594,10.108846688281611,
paper_pair|t0.001|max60|min0,1.2,2486,39995,3202,7130,,6.215776972121515,77.63897564022486,11.510058568882098,
paper_pair|t0.001|max60|min0,1.8,2303,30029,3202,6391,,7.6692530553798,71.92379762648345,13.860551894315549,
paper_pair|t0.001|max60|min0,2.4,2016,19331,3202,5514,,10.428844860586622,62.96064959400375,17.893755824790308,
paper_pair|t0.001|max60|min0,3.6,1011,5826,3202,3142,,17.353244078269825,31.574016239850092,22.39698715108551,
paper_pair|t0.001|max60|min0,5.0,440,2156,3202,1850,,20.408163265306122,13.741411617738914,16.424038820455394,
paper_pair|t0.001|max60|min0,10.0,60,224,3202,290,,26.785714285714285,1.8738288569643973,3.502626970227671,
paper_pair|t0.002|max15|min0,0.3,1901,39391,3202,42403,,4.825975476631718,59.369144284821985,8.926349400136173,
paper_pair|t0.002|max15|min0,0.45,1518,16276,3202,29961,,9.326615876136643,47.40787008119925,15.586815894855734,
paper_pair|t0.002|max15|min0,0.6,1496,15631,3202,31162,,9.570724841660802,46.7207995003123,15.887006849678755,
paper_pair|t0.002|max15|min0,0.9,1160,8960,3202,28404,,12.946428571428571,36.22735790131168,19.075809899687552,
paper_pair|t0.002|max15|min0,1.2,932,6075,3202,25518,,15.34156378600823,29.10680824484697,20.092702382235636,
paper_pair|t0.002|max15|min0,1.8,711,3425,3202,21020,,20.759124087591243,22.204871955028107,21.45767315527388,
paper_pair|t0.002|max15|min0,2.4,496,1742,3202,14524,,28.473019517795638,15.490318550905684,20.06472491909385,
paper_pair|t0.002|max15|min0,3.6,109,256,3202,4930,,42.578125,3.4041224234853216,6.304222093695778,
paper_pair|t0.002|max15|min0,5.0,21,39,3202,2093,,53.84615384615385,0.655840099937539,1.2958963282937366,
paper_pair|t0.002|max15|min0,10.0,1,1,3202,223,,100.0,0.03123048094940662,0.062441461130190445,
paper_pair|t0.002|max195|min0,0.3,2839,81794,3202,0,,3.4709147370222753,88.6633354153654,6.680314367734952,
paper_pair|t0.002|max195|min0,0.45,2649,46237,3202,0,,5.729177931094146,82.72954403497813,10.716236169825441,
paper_pair|t0.002|max195|min0,0.6,2638,46793,3202,0,,5.637595366828371,82.38600874453466,10.553055305530552,
paper_pair|t0.002|max195|min0,0.9,2486,37364,3202,0,,6.653463226635264,77.63897564022486,12.256569540994922,
paper_pair|t0.002|max195|min0,1.2,2333,31593,3202,0,,7.384547209824961,72.86071205496565,13.409972697226612,
paper_pair|t0.002|max195|min0,1.8,2131,24445,3202,0,,8.71752914706484,66.55215490318551,15.415777480377617,
paper_pair|t0.002|max195|min0,2.4,1791,16266,3202,0,,11.01069715971966,55.933791380387255,18.399424696938567,
paper_pair|t0.002|max195|min0,3.6,732,5186,3202,0,,14.114924797531817,22.860712054965646,17.453505007153076,
paper_pair|t0.002|max195|min0,5.0,288,2132,3202,0,,13.50844277673546,8.994378513429107,10.798650168728908,
paper_pair|t0.002|max195|min0,10.0,36,224,3202,0,,16.071428571428573,1.1242973141786383,2.1015761821366024,
paper_pair|t0.002|max20|min0,0.3,2439,51018,3202,30776,,4.780665647418558,76.17114303560275,8.996680191811139,
paper_pair|t0.002|max20|min0,0.45,2099,23690,3202,22547,,8.860278598564795,65.55277951280449,15.610590510188905,
paper_pair|t0.002|max20|min0,0.6,2100,23092,3202,23701,,9.094058548415035,65.58400999375391,15.973225830988058,
paper_pair|t0.002|max20|min0,0.9,1792,14787,3202,22577,,12.118752958679922,55.965021861336666,19.923286452832286,
paper_pair|t0.002|max20|min0,1.2,1553,10659,3202,20934,,14.569847077587015,48.50093691442848,22.408195656879013,
paper_pair|t0.002|max20|min0,1.8,1296,6708,3202,17737,,19.32021466905188,40.47470331043098,26.15539858728557,
paper_pair|t0.002|max20|min0,2.4,904,3558,3202,12708,,25.407532321528947,28.232354778263584,26.745562130177515,
paper_pair|t0.002|max20|min0,3.6,284,692,3202,4494,,41.040462427745666,8.869456589631481,14.586543400102721,
paper_pair|t0.002|max20|min0,5.0,81,136,3202,1996,,59.55882352941177,2.5296689569019364,4.853205512282804,
paper_pair|t0.002|max20|min0,10.0,4,5,3202,219,,80.0,0.12492192379762648,0.2494543186778921,
paper_pair|t0.002|max30|min0,0.3,2776,64226,3202,17568,,4.322237100239779,86.69581511555278,8.233968084475292,
paper_pair|t0.002|max30|min0,0.45,2560,32836,3202,13401,,7.796321110975758,79.95003123048095,14.207225706199011,
paper_pair|t0.002|max30|min0,0.6,2556,32618,3202,14175,,7.83616408118217,79.82510930668332,14.271356783919598,
paper_pair|t0.002|max30|min0,0.9,2373,23409,3202,13955,,10.137126746123286,74.10993129294191,17.834729998872646,
paper_pair|t0.002|max30|min0,1.2,2198,18378,3202,13215,,11.959952116661226,68.64459712679576,20.37071362372567,
paper_pair|t0.002|max30|min0,1.8,1968,12688,3202,11757,,15.510718789407314,61.46158650843223,24.770295783511642,
paper_pair|t0.002|max30|min0,2.4,1578,7166,3202,9100,,22.020653084007815,49.28169893816365,30.439814814814813,
paper_pair|t0.002|max30|min0,3.6,549,1550,3202,3636,,35.41935483870968,17.145534041224234,23.106060606060606,
paper_pair|t0.002|max30|min0,5.0,184,381,3202,1751,,48.29396325459317,5.746408494690818,10.270722857940273,
paper_pair|t0.002|max30|min0,10.0,11,22,3202,202,,50.0,0.3435352904434728,0.6823821339950372,
paper_pair|t0.002|max60|min0,0.3,2833,74752,3202,7042,,3.789865154109589,88.47595252966896,7.268389049952536,
paper_pair|t0.002|max60|min0,0.45,2641,40694,3202,5543,,6.4899002309922835,82.47970018738289,12.032987060324404,
paper_pair|t0.002|max60|min0,0.6,2628,40955,3202,5838,,6.416798925650104,82.0737039350406,11.9029825395747,
paper_pair|t0.002|max60|min0,0.9,2472,31641,3202,5723,,7.812648146392339,77.20174890693316,14.189363717245932,
paper_pair|t0.002|max60|min0,1.2,2319,26219,3202,5374,,8.844730920324956,72.42348532167395,15.764250025491995,
paper_pair|t0.002|max60|min0,1.8,2118,19644,3202,4801,,10.781918142944411,66.14615865084322,18.541539000262627,
paper_pair|t0.002|max60|min0,2.4,1770,12349,3202,3917,,14.333144384160661,55.27795128044972,22.763809401324675,
paper_pair|t0.002|max60|min0,3.6,710,3272,3202,1914,,21.69926650366748,22.1736414740787,21.933889403768923,
paper_pair|t0.002|max60|min0,5.0,270,1086,3202,1046,,24.861878453038674,8.432229856339788,12.593283582089553,
paper_pair|t0.002|max60|min0,10.0,28,87,3202,137,,32.18390804597701,0.8744534665833854,1.7026451809060505,
paper_pair|t0.003|max15|min0,0.3,1719,28464,3202,35550,,6.03920741989882,53.68519675202998,10.857070675172109,
paper_pair|t0.003|max15|min0,0.45,1308,10335,3202,23768,,12.656023222060957,40.84946908182386,19.324813474181873,
paper_pair|t0.003|max15|min0,0.6,1285,10244,3202,24989,,12.54392815306521,40.131168019987506,19.1134910010412,
paper_pair|t0.003|max15|min0,0.9,976,5865,3202,22871,,16.641091219096335,30.480949406620862,21.528620271313553,
paper_pair|t0.003|max15|min0,1.2,776,3904,3202,20263,,19.87704918032787,24.234853216739538,21.840698001688715,
paper_pair|t0.003|max15|min0,1.8,592,2242,3202,16598,,26.4049955396967,18.48844472204872,21.74871418074945,
paper_pair|t0.003|max15|min0,2.4,394,1125,3202,11046,,35.022222222222226,12.304809494066209,18.21123180032355,
paper_pair|t0.003|max15|min0,3.6,70,156,3202,3413,,44.87179487179487,2.1861336664584634,4.169148302561048,
paper_pair|t0.003|max15|min0,5.0,10,20,3202,1399,,50.0,0.3123048094940662,0.6207324643078833,
paper_pair|t0.003|max15|min0,10.0,0,0,3202,133,,,0.0,0.0,
paper_pair|t0.003|max195|min0,0.3,2754,64014,3202,0,,4.302183897272472,86.00874453466584,8.194477505355868,
paper_pair|t0.003|max195|min0,0.45,2530,34103,3202,0,,7.418702166964783,79.01311680199875,13.56386543358799,
paper_pair|t0.003|max195|min0,0.6,2545,35233,3202,0,,7.223341753469758,79.48157401623985,13.24313776505789,
paper_pair|t0.003|max195|min0,0.9,2377,28736,3202,0,,8.27185412026726,74.23485321673954,14.885089861606863,
paper_pair|t0.003|max195|min0,1.2,2208,24167,3202,0,,9.136425704473043,68.95690193628982,16.135043297161022,
paper_pair|t0.003|max195|min0,1.8,2014,18840,3202,0,,10.690021231422506,62.89818863210493,18.274203792759277,
paper_pair|t0.003|max195|min0,2.4,1602,12171,3202,0,,13.1624352970175,50.031230480949404,20.841735510310283,
paper_pair|t0.003|max195|min0,3.6,582,3569,3202,0,,16.30708882039787,18.176139912554653,17.190961453256534,
paper_pair|t0.003|max195|min0,5.0,200,1419,3202,0,,14.094432699083862,6.2460961898813245,8.656135035706557,
paper_pair|t0.003|max195|min0,10.0,25,133,3202,0,,18.796992481203006,0.7807620237351656,1.4992503748125936,
paper_pair|t0.003|max20|min0,0.3,2288,38134,3202,25880,,5.9998951067289035,71.45534041224235,11.070253532030192,
paper_pair|t0.003|max20|min0,0.45,1900,15962,3202,18141,,11.90327026688385,59.33791380387258,19.828845752452516,
paper_pair|t0.003|max20|min0,0.6,1906,16017,3202,19216,,11.899856402572267,59.52529668956902,19.834538737707476,
paper_pair|t0.003|max20|min0,0.9,1609,10348,3202,18388,,15.548898337843061,50.24984384759525,23.74907749077491,
paper_pair|t0.003|max20|min0,1.2,1345,7341,3202,16826,,18.321754529355673,42.00499687695191,25.514559423314047,
paper_pair|t0.003|max20|min0,1.8,1129,4690,3202,14150,,24.072494669509595,35.25921299188008,28.611251900658896,
paper_pair|t0.003|max20|min0,2.4,753,2499,3202,9672,,30.13205282112845,23.516552154903184,26.41641817225048,
paper_pair|t0.003|max20|min0,3.6,219,458,3202,3111,,47.81659388646288,6.8394753279200495,11.967213114754099,
paper_pair|t0.003|max20|min0,5.0,48,81,3202,1338,,59.25925925925926,1.499063085571518,2.924154736521474,
paper_pair|t0.003|max20|min0,10.0,2,2,3202,131,,100.0,0.06246096189881324,0.12484394506866417,
paper_pair|t0.003|max30|min0,0.3,2683,49272,3202,14742,,5.445283325215132,83.79138038725796,10.226016693981782,
paper_pair|t0.003|max30|min0,0.45,2427,23277,3202,10826,,10.426601366155433,75.79637726420987,18.331507987461762,
paper_pair|t0.003|max30|min0,0.6,2448,23751,3202,11482,,10.30693444486548,76.4522173641474,18.16495380848143,
paper_pair|t0.003|max30|min0,0.9,2252,17330,3202,11406,,12.994806693594922,70.33104309806372,21.936489382427432,
paper_pair|t0.003|max30|min0,1.2,2052,13424,3202,10743,,15.286054827175208,64.08494690818239,24.68422952002887,
paper_pair|t0.003|max30|min0,1.8,1845,9340,3202,9500,,19.75374732334047,57.62023735165521,29.421144952958063,
paper_pair|t0.003|max30|min0,2.4,1366,5173,3202,6998,,26.40634061473033,42.66083697688944,32.62089552238806,
paper_pair|t0.003|max30|min0,3.6,440,1054,3202,2515,,41.74573055028463,13.741411617738914,20.67669172932331,
paper_pair|t0.003|max30|min0,5.0,115,236,3202,1183,,48.728813559322035,3.5915053091817613,6.689936009307737,
paper_pair|t0.003|max30|min0,10.0,8,12,3202,121,,66.66666666666667,0.24984384759525297,0.49782202862476665,
paper_pair|t0.003|max60|min0,0.3,2748,58129,3202,5885,,4.727416607889349,85.8213616489694,8.96121048083351,
paper_pair|t0.003|max60|min0,0.45,2519,29633,3202,4470,,8.500658050146797,78.66958151155528,15.343383584589615,
paper_pair|t0.003|max60|min0,0.6,2533,30497,3202,4736,,8.305734990326917,79.10680824484697,15.033087035223597,
paper_pair|t0.003|max60|min0,0.9,2361,24008,3202,4728,,9.834221926024659,73.73516552154904,17.353914002205073,
paper_pair|t0.003|max60|min0,1.2,2191,19795,3202,4372,,11.068451629199293,68.4259837601499,19.0546593033874,
paper_pair|t0.003|max60|min0,1.8,1997,14933,3202,3907,,13.373066363088462,62.36727045596502,22.02371105596912,
paper_pair|t0.003|max60|min0,2.4,1581,9162,3202,3009,,17.25605762933857,49.37539038101187,25.5742478162407,
paper_pair|t0.003|max60|min0,3.6,558,2210,3202,1359,,25.248868778280542,17.426608369768893,20.620842572062084,
paper_pair|t0.003|max60|min0,5.0,183,672,3202,747,,27.232142857142858,5.715178013741411,9.447599380485286,
paper_pair|t0.003|max60|min0,10.0,18,50,3202,83,,36.0,0.5621486570893192,1.1070110701107012,
paper_pair|t0.005|max15|min0,0.3,1471,16964,3202,27078,,8.67130393775053,45.94003747657714,14.588912030149757,
paper_pair|t0.005|max15|min0,0.45,979,5232,3202,16797,,18.71177370030581,30.57464084946908,23.215556082523122,
paper_pair|t0.005|max15|min0,0.6,988,5383,3202,18049,,18.354077651866987,30.855715178013742,23.016889924286545,
paper_pair|t0.005|max15|min0,0.9,729,3164,3202,16446,,23.04045512010114,22.767020612117427,22.902921771913288,
paper_pair|t0.005|max15|min0,1.2,598,2095,3202,14598,,28.544152744630072,18.67582760774516,22.578818198980557,
paper_pair|t0.005|max15|min0,1.8,438,1264,3202,11754,,34.651898734177216,13.678950655840099,19.61486789072996,
paper_pair|t0.005|max15|min0,2.4,278,665,3202,7404,,41.80451127819549,8.68207370393504,14.378070855960694,
paper_pair|t0.005|max15|min0,3.6,40,83,3202,1983,,48.19277108433735,1.2492192379762648,2.43531202435312,
paper_pair|t0.005|max15|min0,5.0,7,9,3202,770,,77.77777777777777,0.21861336664584635,0.43600124571784493,
paper_pair|t0.005|max15|min0,10.0,0,0,3202,56,,,0.0,0.0,
paper_pair|t0.005|max195|min0,0.3,2630,44042,3202,0,,5.971572589800645,82.13616489693942,11.133688934044535,
paper_pair|t0.005|max195|min0,0.45,2318,22029,3202,0,,10.522493077307185,72.39225484072455,18.374222186992192,
paper_pair|t0.005|max195|min0,0.6,2362,23432,3202,0,,10.08023216114715,73.76639600249844,17.73672749117669,
paper_pair|t0.005|max195|min0,0.9,2166,19610,3202,0,,11.045385007649159,67.64522173641474,18.990005260389268,
paper_pair|t0.005|max195|min0,1.2,1993,16693,3202,0,,11.939136164859521,62.2423485321674,20.03518471977884,
paper_pair|t0.005|max195|min0,1.8,1786,13018,3202,0,,13.719465355661391,55.77763897564022,22.022194821208384,
paper_pair|t0.005|max195|min0,2.4,1294,8069,3202,0,,16.036683603916224,40.41224234853217,22.961582823174517,
paper_pair|t0.005|max195|min0,3.6,382,2066,3202,0,,18.489835430784122,11.930043722673329,14.502657555049355,
paper_pair|t0.005|max195|min0,5.0,116,779,3202,0,,14.890885750962774,3.622735790131168,5.827681487063552,
paper_pair|t0.005|max195|min0,10.0,9,56,3202,0,,16.071428571428573,0.2810743285446596,0.5524861878453039,
paper_pair|t0.005|max20|min0,0.3,2047,24183,3202,19859,,8.464623909357814,63.928794503435356,14.94979003103889,
paper_pair|t0.005|max20|min0,0.45,1557,8890,3202,13139,,17.5140607424072,48.62585883822611,25.7525636784651,
paper_pair|t0.005|max20|min0,0.6,1593,9304,3202,14128,,17.121668099742045,49.75015615240475,25.475771629617782,
paper_pair|t0.005|max20|min0,0.9,1294,6144,3202,13466,,21.061197916666668,40.41224234853217,27.69099079820244,
paper_pair|t0.005|max20|min0,1.2,1100,4398,3202,12295,,25.01136880400182,34.35352904434728,28.94736842105263,
paper_pair|t0.005|max20|min0,1.8,896,2917,3202,10101,,30.71648954405211,27.982510930668333,29.285831018140218,
paper_pair|t0.005|max20|min0,2.4,584,1617,3202,6452,,36.11626468769326,18.238600874453468,24.237393650134884,
paper_pair|t0.005|max20|min0,3.6,144,268,3202,1798,,53.73134328358209,4.497189256714553,8.29971181556196,
paper_pair|t0.005|max20|min0,5.0,26,36,3202,743,,72.22222222222223,0.8119925046845722,1.605929586164299,
paper_pair|t0.005|max20|min0,10.0,0,0,3202,56,,,0.0,0.0,
paper_pair|t0.005|max30|min0,0.3,2543,32785,3202,11257,,7.7565960042702455,79.41911305434104,14.132881318253814,
paper_pair|t0.005|max30|min0,0.45,2188,14151,3202,7878,,15.461804819447389,68.3322923173017,25.217541635452083,
paper_pair|t0.005|max30|min0,0.6,2241,14918,3202,8514,,15.022120927738303,69.98750780762023,24.735099337748345,
paper_pair|t0.005|max30|min0,0.9,1998,11200,3202,8410,,17.839285714285715,62.39850093691443,27.746146368559923,
paper_pair|t0.005|max30|min0,1.2,1816,8734,3202,7959,,20.792305930844975,56.71455340412243,30.428954423592494,
paper_pair|t0.005|max30|min0,1.8,1589,6107,3202,6911,,26.019322089405602,49.62523422860712,34.13900526372328,
paper_pair|t0.005|max30|min0,2.4,1081,3365,3202,4704,,32.12481426448737,33.760149906308556,32.92218669103091,
paper_pair|t0.005|max30|min0,3.6,287,608,3202,1458,,47.203947368421055,8.963148032479701,15.065616797900262,
paper_pair|t0.005|max30|min0,5.0,61,104,3202,675,,58.65384615384615,1.9050593379138039,3.690260133091349,
paper_pair|t0.005|max30|min0,10.0,3,5,3202,51,,60.0,0.09369144284821987,0.18709073900841908,
paper_pair|t0.005|max60|min0,0.3,2623,39540,3202,4502,,6.633788568538189,81.91755153029357,12.273641851106639,
paper_pair|t0.005|max60|min0,0.45,2308,18728,3202,3301,,12.323793250747544,72.07995003123048,21.048791609667123,
paper_pair|t0.005|max60|min0,0.6,2349,19858,3202,3574,,11.828985799174136,73.36039975015615,20.372940156114485,
paper_pair|t0.005|max60|min0,0.9,2150,16098,3202,3512,,13.355696359796248,67.14553404122424,22.27979274611399,
paper_pair|t0.005|max60|min0,1.2,1976,13452,3202,3241,,14.689265536723164,61.711430356027485,23.730034826468117,
paper_pair|t0.005|max60|min0,1.8,1767,10188,3202,2830,,17.343934040047113,55.1842598376015,26.392830470500375,
paper_pair|t0.005|max60|min0,2.4,1277,6052,3202,2017,,21.1004626569729,39.881324172392254,27.598876161659824,
paper_pair|t0.005|max60|min0,3.6,361,1257,3202,809,,28.71917263325378,11.27420362273579,16.19197129401211,
paper_pair|t0.005|max60|min0,5.0,105,324,3202,455,,32.407407407407405,3.279200499687695,5.955757231990924,
paper_pair|t0.005|max60|min0,10.0,6,22,3202,34,,27.272727272727273,0.18738288569643974,0.37220843672456577,
paper_pair|t0.0075|max15|min0,0.3,1265,10375,3202,20830,,12.19277108433735,39.506558400999374,18.63445532886499,
paper_pair|t0.0075|max15|min0,0.45,722,2773,3202,11924,,26.03678326721962,22.54840724547158,24.167364016736403,
paper_pair|t0.0075|max15|min0,0.6,745,2978,3202,13135,,25.01678979180658,23.266708307307933,24.110032362459545,
paper_pair|t0.0075|max15|min0,0.9,554,1853,3202,12184,,29.897463572584996,17.301686445971267,21.9188921859545,
paper_pair|t0.0075|max15|min0,1.2,452,1221,3202,10678,,37.01883701883702,14.116177389131792,20.43861632376215,
paper_pair|t0.0075|max15|min0,1.8,343,800,3202,8423,,42.875,10.712054965646471,17.141429285357322,
paper_pair|t0.0075|max15|min0,2.4,218,433,3202,5005,,50.34642032332564,6.808244846970643,11.994497936726273,
paper_pair|t0.0075|max15|min0,3.6,27,43,3202,1227,,62.7906976744186,0.8432229856339788,1.6640986132511557,
paper_pair|t0.0075|max15|min0,5.0,5,5,3202,449,,100.0,0.1561524047470331,0.3118178983473651,
paper_pair|t0.0075|max15|min0,10.0,0,0,3202,25,,,0.0,0.0,
paper_pair|t0.0075|max195|min0,0.3,2478,31205,3202,0,,7.941035090530364,77.38913179262961,14.404045688377366,
paper_pair|t0.0075|max195|min0,0.45,2086,14697,3202,0,,14.19337279716949,65.14678326046221,23.308564724286274,
paper_pair|t0.0075|max195|min0,0.6,2157,16113,3202,0,,13.38670638614783,67.36414740787008,22.33497281905255,
paper_pair|t0.0075|max195|min0,0.9,1937,14037,3202,0,,13.799244852888794,60.493441599000626,22.472301177562503,
paper_pair|t0.0075|max195|min0,1.2,1764,11899,3202,0,,14.824775191192538,55.09056839475328,23.362691212502483,
paper_pair|t0.0075|max195|min0,1.8,1554,9223,3202,0,,16.849181394340235,48.53216739537789,25.014084507042252,
paper_pair|t0.0075|max195|min0,2.4,1028,5438,3202,0,,18.90400882677455,32.10493441599001,23.796296296296298,
paper_pair|t0.0075|max195|min0,3.6,266,1270,3202,0,,20.944881889763778,8.30730793254216,11.896243291592128,
paper_pair|t0.0075|max195|min0,5.0,74,454,3202,0,,16.29955947136564,2.31105559025609,4.048140043763676,
paper_pair|t0.0075|max195|min0,10.0,6,25,3202,0,,24.0,0.18738288569643974,0.37186241090796407,
paper_pair|t0.0075|max20|min0,0.3,1819,15732,3202,15473,,11.562420544113907,56.808244846970645,19.21411217914862,
paper_pair|t0.0075|max20|min0,0.45,1287,5241,3202,9456,,24.55638236977676,40.19362898188632,30.486793793675233,
paper_pair|t0.0075|max20|min0,0.6,1296,5671,3202,10442,,22.853112325868455,40.47470331043098,29.212216837597204,
paper_pair|t0.0075|max20|min0,0.9,1056,3969,3202,10068,,26.606198034769463,32.97938788257339,29.451959280435087,
paper_pair|t0.0075|max20|min0,1.2,901,2822,3202,9077,,31.927710843373493,28.138663335415366,29.9136786188579,
paper_pair|t0.0075|max20|min0,1.8,723,1971,3202,7252,,36.68188736681888,22.579637726420987,27.952832012371932,
paper_pair|t0.0075|max20|min0,2.4,477,1133,3202,4305,,42.10061782877317,14.896939412866958,22.006920415224915,
paper_pair|t0.0075|max20|min0,3.6,101,158,3202,1112,,63.924050632911396,3.1542785758900687,6.011904761904762,
paper_pair|t0.0075|max20|min0,5.0,11,13,3202,441,,84.61538461538461,0.3435352904434728,0.6842923794712286,
paper_pair|t0.0075|max20|min0,10.0,0,0,3202,25,,,0.0,0.0,
paper_pair|t0.0075|max30|min0,0.3,2363,22464,3202,8741,,10.519052706552706,73.79762648344784,18.41346528481259,
paper_pair|t0.0075|max30|min0,0.45,1930,9045,3202,5652,,21.337755666113875,60.27482823235478,31.517922756593453,
paper_pair|t0.0075|max30|min0,0.6,2000,9808,3202,6305,,20.391517128874387,62.46096189881324,30.745580322828594,
paper_pair|t0.0075|max30|min0,0.9,1755,7739,3202,6298,,22.67734849463755,54.80949406620862,32.08116259939676,
paper_pair|t0.0075|max30|min0,1.2,1576,5983,3202,5916,,26.341300350994484,49.219237976264836,34.31682090364725,
paper_pair|t0.0075|max30|min0,1.8,1358,4288,3202,4935,,31.669776119402986,42.41099312929419,36.26168224299065,
paper_pair|t0.0075|max30|min0,2.4,859,2337,3202,3101,,36.756525459991444,26.82698313554029,31.01642895829572,
paper_pair|t0.0075|max30|min0,3.6,205,382,3202,888,,53.66492146596859,6.402248594628357,11.439732142857142,
paper_pair|t0.0075|max30|min0,5.0,30,46,3202,408,,65.21739130434783,0.9369144284821986,1.8472906403940887,
paper_pair|t0.0075|max30|min0,10.0,3,4,3202,21,,75.0,0.09369144284821987,0.18714909544603867,
paper_pair|t0.0075|max60|min0,0.3,2464,27686,3202,3519,,8.899804955573213,76.95190505933792,15.954415954415955,
paper_pair|t0.0075|max60|min0,0.45,2071,12357,3202,2340,,16.759731326373714,64.67832604622112,26.62124815219487,
paper_pair|t0.0075|max60|min0,0.6,2144,13485,3202,2628,,15.899147200593251,66.9581511555278,25.69665008689399,
paper_pair|t0.0075|max60|min0,0.9,1923,11447,3202,2590,,16.799161352319384,60.05621486570893,26.25435183288962,
paper_pair|t0.0075|max60|min0,1.2,1744,9514,3202,2385,,18.33088080723145,54.465958775765145,27.43000943692985,
paper_pair|t0.0075|max60|min0,1.8,1535,7254,3202,1969,,21.160738902674385,47.93878825733916,29.36113236419281,
paper_pair|t0.0075|max60|min0,2.4,1014,4119,3202,1319,,24.617625637290605,31.667707682698314,27.70113372490097,
paper_pair|t0.0075|max60|min0,3.6,253,781,3202,489,,32.394366197183096,7.901311680199875,12.703991965854883,
paper_pair|t0.0075|max60|min0,5.0,66,182,3202,272,,36.26373626373626,2.061211742660837,3.900709219858156,
paper_pair|t0.0075|max60|min0,10.0,5,11,3202,14,,45.45454545454545,0.1561524047470331,0.3112356053532524,
paper_pair|t0.01|max15|min0,0.3,1111,7070,3202,16668,,15.714285714285714,34.69706433479075,21.631619937694705,
paper_pair|t0.01|max15|min0,0.45,553,1758,3202,8840,,31.456200227531287,17.27045596502186,22.298387096774192,
paper_pair|t0.01|max15|min0,0.6,576,1932,3202,10120,,29.81366459627329,17.988757026858213,22.438644331904946,
paper_pair|t0.01|max15|min0,0.9,425,1197,3202,9500,,35.50543024227235,13.272954403497813,19.32257331211639,
paper_pair|t0.01|max15|min0,1.2,351,836,3202,8205,,41.985645933014354,10.961898813241724,17.38484398216939,
paper_pair|t0.01|max15|min0,1.8,266,561,3202,6427,,47.415329768270944,8.30730793254216,14.137656125431837,
paper_pair|t0.01|max15|min0,2.4,172,314,3202,3721,,54.77707006369427,5.3716427232979385,9.783845278725824,
paper_pair|t0.01|max15|min0,3.6,25,34,3202,832,,73.52941176470588,0.7807620237351656,1.5451174289245984,
paper_pair|t0.01|max15|min0,5.0,3,3,3202,294,,100.0,0.09369144284821987,0.187207488299532,
paper_pair|t0.01|max15|min0,10.0,0,0,3202,13,,,0.0,0.0,
paper_pair|t0.01|max195|min0,0.3,2317,23738,3202,0,,9.76072120650434,72.36102435977514,17.20118782479584,
paper_pair|t0.01|max195|min0,0.45,1851,10598,3202,0,,17.46555953953576,57.80762023735166,26.82608695652174,
paper_pair|t0.01|max195|min0,0.6,1964,12052,3202,0,,16.296050448058413,61.336664584634605,25.750622787465584,
paper_pair|t0.01|max195|min0,0.9,1762,10697,3202,0,,16.471908011592035,55.02810743285447,25.35434203899561,
paper_pair|t0.01|max195|min0,1.2,1584,9041,3202,0,,17.520185820152637,49.46908182386009,25.87601078167116,
paper_pair|t0.01|max195|min0,1.8,1371,6988,3202,0,,19.61934745277619,42.816989381636475,26.90873405299313,
paper_pair|t0.01|max195|min0,2.4,881,4035,3202,0,,21.833952912019825,27.514053716427235,24.347105154069364,
paper_pair|t0.01|max195|min0,3.6,210,866,3202,0,,24.249422632794456,6.55840099937539,10.32448377581121,
paper_pair|t0.01|max195|min0,5.0,51,297,3202,0,,17.171717171717173,1.5927545284197377,2.9151186053158047,
paper_pair|t0.01|max195|min0,10.0,3,13,3202,0,,23.076923076923077,0.09369144284821987,0.18662519440124417,
paper_pair|t0.01|max20|min0,0.3,1640,11318,3202,12420,,14.49019261353596,51.21798875702686,22.58953168044077,
paper_pair|t0.01|max20|min0,0.45,1065,3561,3202,7037,,29.907329401853413,33.26046221111805,31.494898713588643,
paper_pair|t0.01|max20|min0,0.6,1092,3925,3202,8127,,27.821656050955415,34.10368519675203,30.6440297460362,
paper_pair|t0.01|max20|min0,0.9,888,2820,3202,7877,,31.48936170212766,27.73266708307308,29.491863168382597,
paper_pair|t0.01|max20|min0,1.2,748,2053,3202,6988,,36.434486117876276,23.36039975015615,28.46812559467174,
paper_pair|t0.01|max20|min0,1.8,607,1481,3202,5507,,40.98582039162728,18.956901936289817,25.92355327781337,
paper_pair|t0.01|max20|min0,2.4,413,890,3202,3145,,46.40449438202247,12.898188632104935,20.18572825024438,
paper_pair|t0.01|max20|min0,3.6,80,118,3202,748,,67.79661016949153,2.4984384759525295,4.819277108433735,
paper_pair|t0.01|max20|min0,5.0,6,7,3202,290,,85.71428571428571,0.18738288569643974,0.373948270489249,
paper_pair|t0.01|max20|min0,10.0,0,0,3202,13,,,0.0,0.0,
paper_pair|t0.01|max30|min0,0.3,2188,16712,3202,7026,,13.092388702728579,68.3322923173017,21.9744903083258,
paper_pair|t0.01|max30|min0,0.45,1686,6412,3202,4186,,26.294447910168433,52.654590880699566,35.073850634491365,
paper_pair|t0.01|max30|min0,0.6,1792,7166,3202,4886,,25.006977393245883,55.965021861336666,34.5679012345679,
paper_pair|t0.01|max30|min0,0.9,1579,5789,3202,4908,,27.275868025565728,49.312929419113054,35.12401290179068,
paper_pair|t0.01|max30|min0,1.2,1398,4490,3202,4551,,31.1358574610245,43.660212367270454,36.349453978159126,
paper_pair|t0.01|max30|min0,1.8,1185,3249,3202,3739,,36.472760849492154,37.00811992504685,36.73849015656487,
paper_pair|t0.01|max30|min0,2.4,739,1805,3202,2230,,40.94182825484764,23.079325421611493,29.51867385660076,
paper_pair|t0.01|max30|min0,3.6,162,275,3202,591,,58.90909090909091,5.059337913803873,9.318377911993098,
paper_pair|t0.01|max30|min0,5.0,20,31,3202,266,,64.51612903225806,0.6246096189881324,1.2372409526755335,
paper_pair|t0.01|max30|min0,10.0,2,3,3202,10,,66.66666666666667,0.06246096189881324,0.12480499219968799,
paper_pair|t0.01|max60|min0,0.3,2301,20894,3202,2844,,11.012730927539007,71.86133666458464,19.09860557768924,
paper_pair|t0.01|max60|min0,0.45,1835,8836,3202,1762,,20.767315527387957,57.30793254216115,30.486791825884698,
paper_pair|t0.01|max60|min0,0.6,1949,10029,3202,2023,,19.433642436932896,60.868207370393506,29.46111405033633,
paper_pair|t0.01|max60|min0,0.9,1747,8697,3202,2000,,20.08738645509946,54.55965021861336,29.363812085049165,
paper_pair|t0.01|max60|min0,1.2,1561,7248,3202,1793,,21.536975717439294,48.75078076202374,29.875598086124402,
paper_pair|t0.01|max60|min0,1.8,1354,5507,3202,1481,,24.58688941347376,42.28607120549656,31.094270295097026,
paper_pair|t0.01|max60|min0,2.4,870,3114,3202,921,,27.9383429672447,27.17051842598376,27.54908169727676,
paper_pair|t0.01|max60|min0,3.6,200,541,3202,325,,36.96857670979667,6.2460961898813245,10.686615014694096,
paper_pair|t0.01|max60|min0,5.0,43,117,3202,180,,36.75213675213675,1.3429106808244846,2.5911419102139197,
paper_pair|t0.01|max60|min0,10.0,2,6,3202,7,,33.333333333333336,0.06246096189881324,0.12468827930174564,
paper_pair|t0.02|max15|min0,0.3,664,2232,3202,8407,,29.74910394265233,20.737039350405997,24.438719175561282,
paper_pair|t0.02|max15|min0,0.45,232,479,3202,3424,,48.43423799582463,7.245471580262336,12.605270306981799,
paper_pair|t0.02|max15|min0,0.6,287,604,3202,4229,,47.51655629139073,8.963148032479701,15.081450341565949,
paper_pair|t0.02|max15|min0,0.9,241,448,3202,4342,,53.794642857142854,7.5265459088069955,13.205479452054794,
paper_pair|t0.02|max15|min0,1.2,188,324,3202,3606,,58.02469135802469,5.871330418488444,10.663641520136132,
paper_pair|t0.02|max15|min0,1.8,147,244,3202,2808,,60.24590163934426,4.590880699562773,8.53163087637841,
paper_pair|t0.02|max15|min0,2.4,92,135,3202,1629,,68.14814814814815,2.873204247345409,5.5139346718609525,
paper_pair|t0.02|max15|min0,3.6,7,9,3202,290,,77.77777777777777,0.21861336664584635,0.43600124571784493,
paper_pair|t0.02|max15|min0,5.0,1,1,3202,83,,100.0,0.03123048094940662,0.062441461130190445,
paper_pair|t0.02|max15|min0,10.0,0,0,3202,2,,,0.0,0.0,
paper_pair|t0.02|max195|min0,0.3,1820,10639,3202,0,,17.106870946517528,56.83947532792005,26.298677841196444,
paper_pair|t0.02|max195|min0,0.45,1171,3903,3202,0,,30.00256213169357,36.570893191755154,32.96270232230823,
paper_pair|t0.02|max195|min0,0.6,1321,4833,3202,0,,27.332919511690463,41.255465334166146,32.88114499066584,
paper_pair|t0.02|max195|min0,0.9,1237,4790,3202,0,,25.82463465553236,38.63210493441599,30.955955955955957,
paper_pair|t0.02|max195|min0,1.2,1060,3930,3202,0,,26.97201017811705,33.10430980637102,29.725182277061133,
paper_pair|t0.02|max195|min0,1.8,871,3052,3202,0,,28.538663171690693,27.201748906933165,27.854173329069397,
paper_pair|t0.02|max195|min0,2.4,575,1764,3202,0,,32.59637188208617,17.957526545908806,23.157470801449858,
paper_pair|t0.02|max195|min0,3.6,105,299,3202,0,,35.11705685618729,3.279200499687695,5.998286203941731,
paper_pair|t0.02|max195|min0,5.0,17,84,3202,0,,20.238095238095237,0.5309181761399125,1.0346926354230066,
paper_pair|t0.02|max195|min0,10.0,1,2,3202,0,,50.0,0.03123048094940662,0.062421972534332085,
paper_pair|t0.02|max20|min0,0.3,1140,4274,3202,6365,,26.67290594291062,35.602748282323546,30.497592295345104,
paper_pair|t0.02|max20|min0,0.45,567,1151,3202,2752,,49.26151172893137,17.707682698313555,26.050999310820124,
paper_pair|t0.02|max20|min0,0.6,657,1424,3202,3409,,46.1376404494382,20.51842598376015,28.404669260700388,
paper_pair|t0.02|max20|min0,0.9,589,1220,3202,3570,,48.278688524590166,18.3947532792005,26.63952962460425,
paper_pair|t0.02|max20|min0,1.2,477,925,3202,3005,,51.567567567567565,14.896939412866958,23.116064938211775,
paper_pair|t0.02|max20|min0,1.8,398,751,3202,2301,,52.99600532623169,12.429731417863835,20.136605110043007,
paper_pair|t0.02|max20|min0,2.4,288,472,3202,1292,,61.016949152542374,8.994378513429107,15.67773543821448,
paper_pair|t0.02|max20|min0,3.6,42,52,3202,247,,80.76923076923077,1.311680199875078,2.581438229870928,
paper_pair|t0.02|max20|min0,5.0,1,1,3202,83,,100.0,0.03123048094940662,0.062441461130190445,
paper_pair|t0.02|max20|min0,10.0,0,0,3202,2,,,0.0,0.0,
paper_pair|t0.02|max30|min0,0.3,1665,7083,3202,3556,,23.506988564167724,51.99875078076202,32.37724842002917,
paper_pair|t0.02|max30|min0,0.45,1012,2318,3202,1585,,43.65832614322692,31.6052467207995,36.666666666666664,
paper_pair|t0.02|max30|min0,0.6,1150,2848,3202,1985,,40.37921348314607,35.91505309181761,38.01652892561984,
paper_pair|t0.02|max30|min0,0.9,1070,2613,3202,2177,,40.94910065059319,33.416614615865086,36.80137575236458,
paper_pair|t0.02|max30|min0,1.2,904,2045,3202,1885,,44.205378973105134,28.232354778263584,34.457785401181624,
paper_pair|t0.02|max30|min0,1.8,738,1556,3202,1496,,47.4293059125964,23.048094940662086,31.021437578814627,
paper_pair|t0.02|max30|min0,2.4,490,902,3202,862,,54.32372505543237,15.302935665209244,23.879142300194932,
paper_pair|t0.02|max30|min0,3.6,81,114,3202,185,,71.05263157894737,2.5296689569019364,4.8854041013269,
paper_pair|t0.02|max30|min0,5.0,7,10,3202,74,,70.0,0.21861336664584635,0.43586550435865506,
paper_pair|t0.02|max30|min0,10.0,1,1,3202,1,,100.0,0.03123048094940662,0.062441461130190445,
paper_pair|t0.02|max60|min0,0.3,1793,9166,3202,1473,,19.561422648919923,55.99625234228607,28.994178525226392,
paper_pair|t0.02|max60|min0,0.45,1148,3211,3202,692,,35.75210214886328,35.852592129918804,35.80227662560424,
paper_pair|t0.02|max60|min0,0.6,1299,4035,3202,798,,32.193308550185876,40.5683947532792,35.89885311593201,
paper_pair|t0.02|max60|min0,0.9,1214,3984,3202,806,,30.471887550200805,37.913803872579635,33.7879209574172,
paper_pair|t0.02|max60|min0,1.2,1046,3231,3202,699,,32.37387805632931,32.667083073079326,32.519819679776155,
paper_pair|t0.02|max60|min0,1.8,855,2511,3202,541,,34.05017921146953,26.70206121174266,29.931734640294067,
paper_pair|t0.02|max60|min0,2.4,568,1419,3202,345,,40.02818886539817,17.738913179262962,24.58342350140662,
paper_pair|t0.02|max60|min0,3.6,100,205,3202,94,,48.78048780487805,3.1230480949406623,5.8702670971529205,
paper_pair|t0.02|max60|min0,5.0,14,28,3202,56,,50.0,0.4372267332916927,0.8668730650154799,
paper_pair|t0.02|max60|min0,10.0,1,2,3202,0,,50.0,0.03123048094940662,0.062421972534332085,
paper_pair|t0.05|max15|min0,0.3,221,397,3202,1961,,55.66750629722922,6.901936289818863,12.281189219227564,
paper_pair|t0.05|max15|min0,0.45,34,52,3202,461,,65.38461538461539,1.061836352279825,2.089735709895513,
paper_pair|t0.05|max15|min0,0.6,65,93,3202,710,,69.89247311827957,2.0299812617114306,3.945371775417299,
paper_pair|t0.05|max15|min0,0.9,73,102,3202,897,,71.56862745098039,2.2798251093066835,4.418886198547216,
paper_pair|t0.05|max15|min0,1.2,66,85,3202,824,,77.6470588235294,2.061211742660837,4.015819896562215,
paper_pair|t0.05|max15|min0,1.8,60,85,3202,712,,70.58823529411765,1.8738288569643973,3.650745360511104,
paper_pair|t0.05|max15|min0,2.4,28,41,3202,461,,68.29268292682927,0.8744534665833854,1.7267961763798951,
paper_pair|t0.05|max15|min0,3.6,0,1,3202,63,,0.0,0.0,0.0,
paper_pair|t0.05|max15|min0,5.0,0,0,3202,5,,,0.0,0.0,
paper_pair|t0.05|max15|min0,10.0,0,0,3202,1,,,0.0,0.0,
paper_pair|t0.05|max195|min0,0.3,892,2358,3202,0,,37.82866836301951,27.857589006870707,32.0863309352518,
paper_pair|t0.05|max195|min0,0.45,282,513,3202,0,,54.97076023391813,8.806995627732666,15.181695827725438,
paper_pair|t0.05|max195|min0,0.6,426,803,3202,0,,53.05105853051059,13.30418488444722,21.273408239700373,
paper_pair|t0.05|max195|min0,0.9,497,999,3202,0,,49.749749749749746,15.521549031855091,23.661033087360153,
paper_pair|t0.05|max195|min0,1.2,447,909,3202,0,,49.17491749174918,13.96002498438476,21.74653369009973,
paper_pair|t0.05|max195|min0,1.8,416,797,3202,0,,52.19573400250941,12.991880074953155,20.80520130032508,
paper_pair|t0.05|max195|min0,2.4,311,502,3202,0,,61.95219123505976,9.71267957526546,16.792656587473,
paper_pair|t0.05|max195|min0,3.6,35,64,3202,0,,54.6875,1.0930668332292317,2.1432945499081444,
paper_pair|t0.05|max195|min0,5.0,3,5,3202,0,,60.0,0.09369144284821987,0.18709073900841908,
paper_pair|t0.05|max195|min0,10.0,1,1,3202,0,,100.0,0.03123048094940662,0.062441461130190445,
paper_pair|t0.05|max20|min0,0.3,511,946,3202,1412,,54.0169133192389,15.958775765146783,24.63837994214079,
paper_pair|t0.05|max20|min0,0.45,136,179,3202,334,,75.97765363128492,4.2473454091193,8.044957113280095,
paper_pair|t0.05|max20|min0,0.6,217,295,3202,508,,73.55932203389831,6.777014366021237,12.410637689448098,
paper_pair|t0.05|max20|min0,0.9,263,341,3202,658,,77.12609970674487,8.21361648969394,14.846175557437201,
paper_pair|t0.05|max20|min0,1.2,247,324,3202,585,,76.23456790123457,7.713928794503436,14.010209869540557,
paper_pair|t0.05|max20|min0,1.8,236,314,3202,483,,75.1592356687898,7.370393504059963,13.424345847554038,
paper_pair|t0.05|max20|min0,2.4,166,203,3202,299,,81.77339901477832,5.184259837601499,9.7503671071953,
paper_pair|t0.05|max20|min0,3.6,10,11,3202,53,,90.9090909090909,0.3123048094940662,0.6224712107065048,
paper_pair|t0.05|max20|min0,5.0,0,0,3202,5,,,0.0,0.0,
paper_pair|t0.05|max20|min0,10.0,0,0,3202,1,,,0.0,0.0,
paper_pair|t0.05|max30|min0,0.3,777,1612,3202,746,,48.20099255583126,24.266083697688945,32.28084752804321,
paper_pair|t0.05|max30|min0,0.45,231,334,3202,179,,69.16167664670658,7.21424109931293,13.065610859728507,
paper_pair|t0.05|max30|min0,0.6,358,544,3202,259,,65.80882352941177,11.18051217988757,19.113721302722904,
paper_pair|t0.05|max30|min0,0.9,420,643,3202,356,,65.31881804043546,13.11680199875078,21.846553966189855,
paper_pair|t0.05|max30|min0,1.2,388,583,3202,326,,66.55231560891939,12.117426608369769,20.501981505944517,
paper_pair|t0.05|max30|min0,1.8,371,538,3202,259,,68.95910780669145,11.586508432229856,19.83957219251337,
paper_pair|t0.05|max30|min0,2.4,279,360,3202,142,,77.5,8.713304184884446,15.66535654126895,
paper_pair|t0.05|max30|min0,3.6,22,27,3202,37,,81.48148148148148,0.6870705808869456,1.362650975534221,
paper_pair|t0.05|max30|min0,5.0,2,2,3202,3,,100.0,0.06246096189881324,0.12484394506866417,
paper_pair|t0.05|max30|min0,10.0,1,1,3202,0,,100.0,0.03123048094940662,0.062441461130190445,
paper_pair|t0.05|max60|min0,0.3,866,2050,3202,308,,42.24390243902439,27.045596502186132,32.977913175932976,
paper_pair|t0.05|max60|min0,0.45,272,446,3202,67,,60.98654708520179,8.4946908182386,14.912280701754385,
paper_pair|t0.05|max60|min0,0.6,418,711,3202,92,,58.79043600562588,13.054341036851968,21.36468182979811,
paper_pair|t0.05|max60|min0,0.9,482,896,3202,103,,53.794642857142854,15.053091817613991,23.5236700829673,
paper_pair|t0.05|max60|min0,1.2,436,822,3202,87,,53.04136253041362,13.616489693941286,21.669980119284293,
paper_pair|t0.05|max60|min0,1.8,408,717,3202,80,,56.90376569037657,12.742036227357902,20.82163817300332,
paper_pair|t0.05|max60|min0,2.4,305,454,3202,48,,67.18061674008811,9.52529668956902,16.684901531728666,
paper_pair|t0.05|max60|min0,3.6,33,50,3202,14,,66.0,1.0306058713304185,2.029520295202952,
paper_pair|t0.05|max60|min0,5.0,2,4,3202,1,,50.0,0.06246096189881324,0.12476606363069245,
paper_pair|t0.05|max60|min0,10.0,1,1,3202,0,,100.0,0.03123048094940662,0.062441461130190445,
paper_pair|t0.1|max15|min0,0.3,48,62,3202,398,,77.41935483870968,1.499063085571518,2.9411764705882355,
paper_pair|t0.1|max15|min0,0.45,3,9,3202,35,,33.333333333333336,0.09369144284821987,0.18685767673621925,
paper_pair|t0.1|max15|min0,0.6,5,11,3202,84,,45.45454545454545,0.1561524047470331,0.3112356053532524,
paper_pair|t0.1|max15|min0,0.9,20,22,3202,207,,90.9090909090909,0.6246096189881324,1.2406947890818858,
paper_pair|t0.1|max15|min0,1.2,20,23,3202,210,,86.95652173913044,0.6246096189881324,1.2403100775193798,
paper_pair|t0.1|max15|min0,1.8,17,21,3202,260,,80.95238095238095,0.5309181761399125,1.0549177784672665,
paper_pair|t0.1|max15|min0,2.4,3,5,3202,156,,60.0,0.09369144284821987,0.18709073900841908,
paper_pair|t0.1|max15|min0,3.6,0,0,3202,12,,,0.0,0.0,
paper_pair|t0.1|max15|min0,5.0,0,0,3202,1,,,0.0,0.0,
paper_pair|t0.1|max15|min0,10.0,0,0,3202,0,,,0.0,0.0,
paper_pair|t0.1|max195|min0,0.3,292,460,3202,0,,63.47826086956522,9.119300437226734,15.947569634079738,
paper_pair|t0.1|max195|min0,0.45,26,44,3202,0,,59.09090909090909,0.8119925046845722,1.6019716574245224,
paper_pair|t0.1|max195|min0,0.6,70,95,3202,0,,73.6842105263158,2.1861336664584634,4.246284501061571,
paper_pair|t0.1|max195|min0,0.9,172,229,3202,0,,75.10917030567686,5.3716427232979385,10.02623141941125,
paper_pair|t0.1|max195|min0,1.2,182,233,3202,0,,78.11158798283262,5.683947532792005,10.596797671033478,
paper_pair|t0.1|max195|min0,1.8,219,281,3202,0,,77.93594306049822,6.8394753279200495,12.575366063738157,
paper_pair|t0.1|max195|min0,2.4,135,161,3202,0,,83.85093167701864,4.216114928169894,8.028545941123996,
paper_pair|t0.1|max195|min0,3.6,10,12,3202,0,,83.33333333333333,0.3123048094940662,0.6222775357809583,
paper_pair|t0.1|max195|min0,5.0,1,1,3202,0,,100.0,0.03123048094940662,0.062441461130190445,
paper_pair|t0.1|max195|min0,10.0,0,0,3202,0,,,0.0,0.0,
paper_pair|t0.1|max20|min0,0.3,168,213,3202,247,,78.87323943661971,5.246720799500312,9.838945827232797,
paper_pair|t0.1|max20|min0,0.45,10,19,3202,25,,52.63157894736842,0.3123048094940662,0.6209251785159888,
paper_pair|t0.1|max20|min0,0.6,29,39,3202,56,,74.35897435897436,0.905683947532792,1.7895711200246838,
paper_pair|t0.1|max20|min0,0.9,98,107,3202,122,,91.58878504672897,3.060587133041849,5.9232396494409185,
paper_pair|t0.1|max20|min0,1.2,103,114,3202,119,,90.35087719298245,3.216739537788882,6.212303980699638,
paper_pair|t0.1|max20|min0,1.8,127,144,3202,137,,88.19444444444444,3.966271080574641,7.591153616258219,
paper_pair|t0.1|max20|min0,2.4,66,70,3202,91,,94.28571428571429,2.061211742660837,4.034229828850855,
paper_pair|t0.1|max20|min0,3.6,2,2,3202,10,,100.0,0.06246096189881324,0.12484394506866417,
paper_pair|t0.1|max20|min0,5.0,0,0,3202,1,,,0.0,0.0,
paper_pair|t0.1|max20|min0,10.0,0,0,3202,0,,,0.0,0.0,
paper_pair|t0.1|max30|min0,0.3,256,348,3202,112,,73.5632183908046,7.995003123048095,14.422535211267606,
paper_pair|t0.1|max30|min0,0.45,18,30,3202,14,,60.0,0.5621486570893192,1.113861386138614,
paper_pair|t0.1|max30|min0,0.6,58,75,3202,20,,77.33333333333333,1.811367895065584,3.5398230088495577,
paper_pair|t0.1|max30|min0,0.9,151,187,3202,42,,80.74866310160428,4.7158026233604,8.911183239893774,
paper_pair|t0.1|max30|min0,1.2,163,192,3202,41,,84.89583333333333,5.090568394753279,9.605185621685328,
paper_pair|t0.1|max30|min0,1.8,204,237,3202,44,,86.07594936708861,6.371018113678951,11.863913928467579,
paper_pair|t0.1|max30|min0,2.4,123,134,3202,27,,91.7910447761194,3.841349156777014,7.374100719424461,
paper_pair|t0.1|max30|min0,3.6,5,5,3202,7,,100.0,0.1561524047470331,0.3118178983473651,
paper_pair|t0.1|max30|min0,5.0,0,0,3202,1,,,0.0,0.0,
paper_pair|t0.1|max30|min0,10.0,0,0,3202,0,,,0.0,0.0,
paper_pair|t0.1|max60|min0,0.3,282,417,3202,43,,67.62589928057554,8.806995627732666,15.584415584415584,
paper_pair|t0.1|max60|min0,0.45,24,39,3202,5,,61.53846153846154,0.749531542785759,1.4810243751928418,
paper_pair|t0.1|max60|min0,0.6,68,90,3202,5,,75.55555555555556,2.12367270455965,4.131227217496963,
paper_pair|t0.1|max60|min0,0.9,169,218,3202,11,,77.5229357798165,5.277951280449719,9.883040935672515,
paper_pair|t0.1|max60|min0,1.2,181,227,3202,6,,79.73568281938326,5.652717051842599,10.557013706620006,
paper_pair|t0.1|max60|min0,1.8,217,275,3202,6,,78.9090909090909,6.777014366021237,12.482024733966062,
paper_pair|t0.1|max60|min0,2.4,134,155,3202,6,,86.45161290322581,4.184884447220488,7.983318439082514,
paper_pair|t0.1|max60|min0,3.6,10,11,3202,1,,90.9090909090909,0.3123048094940662,0.6224712107065048,
paper_pair|t0.1|max60|min0,5.0,0,0,3202,1,,,0.0,0.0,
paper_pair|t0.1|max60|min0,10.0,0,0,3202,0,,,0.0,0.0,
paper_pair|t0.2|max15|min0,0.3,2,2,3202,18,,100.0,0.06246096189881324,0.12484394506866417,
paper_pair|t0.2|max15|min0,0.45,1,1,3202,2,,100.0,0.03123048094940662,0.062441461130190445,
paper_pair|t0.2|max15|min0,0.6,1,1,3202,1,,100.0,0.03123048094940662,0.062441461130190445,
paper_pair|t0.2|max15|min0,0.9,1,1,3202,7,,100.0,0.03123048094940662,0.062441461130190445,
paper_pair|t0.2|max15|min0,1.2,0,0,3202,18,,,0.0,0.0,
paper_pair|t0.2|max15|min0,1.8,1,1,3202,45,,100.0,0.03123048094940662,0.062441461130190445,
paper_pair|t0.2|max15|min0,2.4,0,0,3202,24,,,0.0,0.0,
paper_pair|t0.2|max15|min0,3.6,0,0,3202,2,,,0.0,0.0,
paper_pair|t0.2|max15|min0,5.0,0,0,3202,0,,,0.0,0.0,
paper_pair|t0.2|max15|min0,10.0,0,0,3202,0,,,0.0,0.0,
paper_pair|t0.2|max195|min0,0.3,16,20,3202,0,,80.0,0.49968769519050593,0.9931719428926132,
paper_pair|t0.2|max195|min0,0.45,2,3,3202,0,,66.66666666666667,0.06246096189881324,0.12480499219968799,
paper_pair|t0.2|max195|min0,0.6,2,2,3202,0,,100.0,0.06246096189881324,0.12484394506866417,
paper_pair|t0.2|max195|min0,0.9,8,8,3202,0,,100.0,0.24984384759525297,0.4984423676012461,
paper_pair|t0.2|max195|min0,1.2,18,18,3202,0,,100.0,0.5621486570893192,1.1180124223602483,
paper_pair|t0.2|max195|min0,1.8,44,46,3202,0,,95.65217391304348,1.3741411617738912,2.70935960591133,
paper_pair|t0.2|max195|min0,2.4,23,24,3202,0,,95.83333333333333,0.7183010618363522,1.425914445133292,
paper_pair|t0.2|max195|min0,3.6,1,2,3202,0,,50.0,0.03123048094940662,0.062421972534332085,
paper_pair|t0.2|max195|min0,5.0,0,0,3202,0,,,0.0,0.0,
paper_pair|t0.2|max195|min0,10.0,0,0,3202,0,,,0.0,0.0,
paper_pair|t0.2|max20|min0,0.3,8,11,3202,9,,72.72727272727273,0.24984384759525297,0.49797696856520385,
paper_pair|t0.2|max20|min0,0.45,2,3,3202,0,,66.66666666666667,0.06246096189881324,0.12480499219968799,
paper_pair|t0.2|max20|min0,0.6,2,2,3202,0,,100.0,0.06246096189881324,0.12484394506866417,
paper_pair|t0.2|max20|min0,0.9,3,3,3202,5,,100.0,0.09369144284821987,0.187207488299532,
paper_pair|t0.2|max20|min0,1.2,10,10,3202,8,,100.0,0.3123048094940662,0.6226650062266501,
paper_pair|t0.2|max20|min0,1.8,17,17,3202,29,,100.0,0.5309181761399125,1.056228642435539,
paper_pair|t0.2|max20|min0,2.4,12,12,3202,12,,100.0,0.3747657713928795,0.7467330429371499,
paper_pair|t0.2|max20|min0,3.6,0,0,3202,2,,,0.0,0.0,
paper_pair|t0.2|max20|min0,5.0,0,0,3202,0,,,0.0,0.0,
paper_pair|t0.2|max20|min0,10.0,0,0,3202,0,,,0.0,0.0,
paper_pair|t0.2|max30|min0,0.3,13,17,3202,3,,76.47058823529412,0.4059962523422861,0.8077042559801181,
paper_pair|t0.2|max30|min0,0.45,2,3,3202,0,,66.66666666666667,0.06246096189881324,0.12480499219968799,
paper_pair|t0.2|max30|min0,0.6,2,2,3202,0,,100.0,0.06246096189881324,0.12484394506866417,
paper_pair|t0.2|max30|min0,0.9,6,6,3202,2,,100.0,0.18738288569643974,0.3740648379052369,
paper_pair|t0.2|max30|min0,1.2,14,14,3202,4,,100.0,0.4372267332916927,0.8706467661691543,
paper_pair|t0.2|max30|min0,1.8,36,37,3202,9,,97.29729729729729,1.1242973141786383,2.2229083050324174,
paper_pair|t0.2|max30|min0,2.4,17,17,3202,7,,100.0,0.5309181761399125,1.056228642435539,
paper_pair|t0.2|max30|min0,3.6,1,1,3202,1,,100.0,0.03123048094940662,0.062441461130190445,
paper_pair|t0.2|max30|min0,5.0,0,0,3202,0,,,0.0,0.0,
paper_pair|t0.2|max30|min0,10.0,0,0,3202,0,,,0.0,0.0,
paper_pair|t0.2|max60|min0,0.3,16,20,3202,0,,80.0,0.49968769519050593,0.9931719428926132,
paper_pair|t0.2|max60|min0,0.45,2,3,3202,0,,66.66666666666667,0.06246096189881324,0.12480499219968799,
paper_pair|t0.2|max60|min0,0.6,2,2,3202,0,,100.0,0.06246096189881324,0.12484394506866417,
paper_pair|t0.2|max60|min0,0.9,8,8,3202,0,,100.0,0.24984384759525297,0.4984423676012461,
paper_pair|t0.2|max60|min0,1.2,18,18,3202,0,,100.0,0.5621486570893192,1.1180124223602483,
paper_pair|t0.2|max60|min0,1.8,44,46,3202,0,,95.65217391304348,1.3741411617738912,2.70935960591133,
paper_pair|t0.2|max60|min0,2.4,23,24,3202,0,,95.83333333333333,0.7183010618363522,1.425914445133292,
paper_pair|t0.2|max60|min0,3.6,1,2,3202,0,,50.0,0.03123048094940662,0.062421972534332085,
paper_pair|t0.2|max60|min0,5.0,0,0,3202,0,,,0.0,0.0,
paper_pair|t0.2|max60|min0,10.0,0,0,3202,0,,,0.0,0.0,
rooftop|t0.001|max15|min0,0.3,2275,79009,3202,73649,,2.879418800389829,71.04934415990006,5.534539173589909,
rooftop|t0.001|max15|min0,0.45,2097,53632,3202,61744,,3.9099791169451072,65.49031855090568,7.379385579054791,
rooftop|t0.001|max15|min0,0.6,2037,48905,3202,61802,,4.165218280339434,63.61648969394129,7.818527261212505,
rooftop|t0.001|max15|min0,0.9,1754,30291,3202,57148,,5.79049882803473,54.77826358525921,10.473830352610994,
rooftop|t0.001|max15|min0,1.2,1513,21428,3202,52875,,7.060854956132164,47.251717676452216,12.285830288266341,
rooftop|t0.001|max15|min0,1.8,1183,11932,3202,44161,,9.914515588333892,36.945658963148034,15.633672525439408,
rooftop|t0.001|max15|min0,2.4,792,5483,3202,32075,,14.444647091008571,24.734540911930043,18.238341968911918,
rooftop|t0.001|max15|min0,3.6,184,785,3202,14771,,23.43949044585987,5.746408494690818,9.229997491848508,
rooftop|t0.001|max15|min0,5.0,49,174,3202,7695,,28.160919540229884,1.5302935665209245,2.9028436018957344,
rooftop|t0.001|max15|min0,10.0,1,4,3202,1583,,25.0,0.03123048094940662,0.06238303181534623,
rooftop|t0.001|max195|min0,0.3,2959,152658,3202,0,,1.9383196425997982,92.4109931292942,3.7969973052739636,
rooftop|t0.001|max195|min0,0.45,2888,115376,3202,0,,2.5031202329773956,90.19362898188632,4.871055339101688,
rooftop|t0.001|max195|min0,0.6,2858,110707,3202,0,,2.5815892400661204,89.25671455340412,5.018040716712464,
rooftop|t0.001|max195|min0,0.9,2744,87439,3202,0,,3.1381877651848717,85.69643972517177,6.054655178120277,
rooftop|t0.001|max195|min0,1.2,2618,74303,3202,0,,3.5234108986178216,81.76139912554653,6.755693181085091,
rooftop|t0.001|max195|min0,1.8,2436,56093,3202,0,,4.342787870144225,76.07745159275453,8.216544396660764,
rooftop|t0.001|max195|min0,2.4,2163,37558,3202,0,,5.7590926034400125,67.55153029356651,10.613346418056919,
rooftop|t0.001|max195|min0,3.6,1272,15556,3202,0,,8.176909231164824,39.72517176764522,13.56221345559228,
rooftop|t0.001|max195|min0,5.0,617,7869,3202,0,,7.840894649891982,19.269206745783887,11.146237918887183,
rooftop|t0.001|max195|min0,10.0,109,1587,3202,0,,6.86830497794581,3.4041224234853216,4.552098559198162,
rooftop|t0.001|max20|min0,0.3,2727,98369,3202,54289,,2.772214823775783,85.16552154903185,5.3696429098856955,
rooftop|t0.001|max20|min0,0.45,2605,69660,3202,45716,,3.7395923054837783,81.35540287320424,7.150503691910735,
rooftop|t0.001|max20|min0,0.6,2563,64563,3202,46144,,3.9697659650264083,80.04372267332917,7.564376890725301,
rooftop|t0.001|max20|min0,0.9,2363,43205,3202,44234,,5.469274389538248,73.79762648344784,10.183808477169393,
rooftop|t0.001|max20|min0,1.2,2152,32275,3202,42028,,6.667699457784663,67.20799500312305,12.131803703808101,
rooftop|t0.001|max20|min0,1.8,1858,19744,3202,36349,,9.410453808752026,58.026233603997504,16.194543711322236,
rooftop|t0.001|max20|min0,2.4,1356,9683,3202,27875,,14.003924403593928,42.348532167395376,21.047729918509894,
rooftop|t0.001|max20|min0,3.6,474,1735,3202,13821,,27.319884726224785,14.803247970018738,19.201944500708933,
rooftop|t0.001|max20|min0,5.0,137,431,3202,7438,,31.786542923433874,4.278575890068707,7.5419763281034955,
rooftop|t0.001|max20|min0,10.0,3,20,3202,1567,,15.0,0.09369144284821987,0.186219739292365,
rooftop|t0.001|max30|min0,0.3,2916,120649,3202,32009,,2.416928445324868,91.06808244846971,4.708884062300668,
rooftop|t0.001|max30|min0,0.45,2830,87950,3202,27426,,3.2177373507674814,88.38226108682073,6.209408460593295,
rooftop|t0.001|max30|min0,0.6,2798,82974,3202,27733,,3.3721406705715045,87.38288569643973,6.493687337541775,
rooftop|t0.001|max30|min0,0.9,2675,60056,3202,27383,,4.454176102304515,83.54153653966272,8.457428309462834,
rooftop|t0.001|max30|min0,1.2,2533,47820,3202,26483,,5.296946884148892,79.10680824484697,9.929050213633335,
rooftop|t0.001|max30|min0,1.8,2327,32449,3202,23644,,7.171253351412987,72.67332916926921,13.05433227679448,
rooftop|t0.001|max30|min0,2.4,2005,17998,3202,19560,,11.140126680742304,62.61711430356028,18.91509433962264,
rooftop|t0.001|max30|min0,3.6,986,4072,3202,11484,,24.214145383104125,30.793254216114928,27.110255705251582,
rooftop|t0.001|max30|min0,5.0,366,1196,3202,6673,,30.60200668896321,11.430356027482823,16.64392905866303,
rooftop|t0.001|max30|min0,10.0,30,100,3202,1487,,30.0,0.9369144284821986,1.8170805572380375,
rooftop|t0.001|max60|min0,0.3,2954,139453,3202,13205,,2.1182764085390775,92.25484072454717,4.141460166135081,
rooftop|t0.001|max60|min0,0.45,2881,104056,3202,11320,,2.768701468440071,89.97501561524048,5.37209345689832,
rooftop|t0.001|max60|min0,0.6,2851,99372,3202,11335,,2.86901742945699,89.03810118675828,5.558913564840993,
rooftop|t0.001|max60|min0,0.9,2734,76398,3202,11041,,3.57862771276735,85.3841349156777,6.869346733668341,
rooftop|t0.001|max60|min0,1.2,2609,63643,3202,10660,,4.09942963090992,81.48032479700187,7.806118632657641,
rooftop|t0.001|max60|min0,1.8,2426,46708,3202,9385,,5.193971054209129,75.76514678326046,9.72149869765578,
rooftop|t0.001|max60|min0,2.4,2153,29375,3202,8183,,7.32936170212766,67.23922548407245,13.21791447954078,
rooftop|t0.001|max60|min0,3.6,1253,9614,3202,5942,,13.033076763053879,39.131792629606494,19.553682896379527,
rooftop|t0.001|max60|min0,5.0,594,3890,3202,3979,,15.269922879177377,18.550905683947533,16.751269035532996,
rooftop|t0.001|max60|min0,10.0,88,539,3202,1048,,16.3265306122449,2.7482823235477825,4.704624431970061,
rooftop|t0.002|max15|min0,0.3,2116,60914,3202,60317,,3.473749876875595,66.08369768894441,6.600536527543827,
rooftop|t0.002|max15|min0,0.45,1870,35205,3202,48631,,5.311745490697344,58.400999375390384,9.73780821204468,
rooftop|t0.002|max15|min0,0.6,1830,32065,3202,48878,,5.707157336659909,57.151780137414114,10.377973743159327,
rooftop|t0.002|max15|min0,0.9,1487,18644,3202,44709,,7.975756275477365,46.43972517176765,13.613476151240501,
rooftop|t0.002|max15|min0,1.2,1232,12780,3202,40917,,9.640062597809077,38.47595252966896,15.41734451257665,
rooftop|t0.002|max15|min0,1.8,930,6801,3202,33743,,13.674459638288488,29.044347282948156,18.59442167349795,
rooftop|t0.002|max15|min0,2.4,599,2927,3202,23423,,20.464639562692177,18.707058088694566,19.546418665361397,
rooftop|t0.002|max15|min0,3.6,99,324,3202,9526,,30.555555555555557,3.0918176139912554,5.615428247305729,
rooftop|t0.002|max15|min0,5.0,18,51,3202,4529,,35.294117647058826,0.5621486570893192,1.1066707654472794,
rooftop|t0.002|max15|min0,10.0,0,1,3202,726,,0.0,0.0,0.0,
rooftop|t0.002|max195|min0,0.3,2901,121231,3202,0,,2.3929522976796362,90.59962523422861,4.662750235066261,
rooftop|t0.002|max195|min0,0.45,2781,83836,3202,0,,3.317190705663438,86.85196752029981,6.39031227739608,
rooftop|t0.002|max195|min0,0.6,2769,80943,3202,0,,3.4209258366999,86.47720174890694,6.581496226751441,
rooftop|t0.002|max195|min0,0.9,2623,63353,3202,0,,4.140293277350717,81.91755153029357,7.882202689504921,
rooftop|t0.002|max195|min0,1.2,2494,53697,3202,0,,4.644579771681844,77.88881948782011,8.7664106574808,
rooftop|t0.002|max195|min0,1.8,2308,40544,3202,0,,5.69258089976322,72.07995003123048,10.551821880857679,
rooftop|t0.002|max195|min0,2.4,1982,26350,3202,0,,7.521821631878558,61.89881324172392,13.413643746616135,
rooftop|t0.002|max195|min0,3.6,909,9850,3202,0,,9.228426395939087,28.388507183010617,13.92889978547349,
rooftop|t0.002|max195|min0,5.0,348,4580,3202,0,,7.598253275109171,10.868207370393504,8.943716268311489,
rooftop|t0.002|max195|min0,10.0,59,727,3202,0,,8.11554332874828,1.8425983760149907,3.003308729956732,
rooftop|t0.002|max20|min0,0.3,2616,76985,3202,44246,,3.3980645580307853,81.69893816364772,6.524748400613566,
rooftop|t0.002|max20|min0,0.45,2413,47698,3202,36138,,5.058912323367856,75.35915053091817,9.481335952848722,
rooftop|t0.002|max20|min0,0.6,2390,44301,3202,36642,,5.394912078734114,74.64084946908183,10.0625223670084,
rooftop|t0.002|max20|min0,0.9,2144,28451,3202,34902,,7.535763242065305,66.9581511555278,13.546899188070642,
rooftop|t0.002|max20|min0,1.2,1920,20788,3202,32909,,9.236097748701173,59.96252342286071,16.006669445602334,
rooftop|t0.002|max20|min0,1.8,1618,12327,3202,28217,,13.125659122251967,50.53091817613991,20.83843132204263,
rooftop|t0.002|max20|min0,2.4,1105,5643,3202,20707,,19.581782739677475,34.509681449094316,24.985867721876765,
rooftop|t0.002|max20|min0,3.6,302,855,3202,8995,,35.32163742690059,9.4316052467208,14.887848163667735,
rooftop|t0.002|max20|min0,5.0,60,158,3202,4422,,37.9746835443038,1.8738288569643973,3.5714285714285716,
rooftop|t0.002|max20|min0,10.0,0,2,3202,725,,0.0,0.0,0.0,
rooftop|t0.002|max30|min0,0.3,2853,95492,3202,25739,,2.9876848322372553,89.10056214865709,5.781506474557724,
rooftop|t0.002|max30|min0,0.45,2715,62286,3202,21550,,4.358924959059821,84.79075577763898,8.291595406792084,
rooftop|t0.002|max30|min0,0.6,2701,59026,3202,21917,,4.575949581540338,84.35352904434728,8.680979623320692,
rooftop|t0.002|max30|min0,0.9,2543,41878,3202,21475,,6.0724007832274705,79.41911305434104,11.282165039929016,
rooftop|t0.002|max30|min0,1.2,2392,32920,3202,20777,,7.266099635479951,74.70331043098064,13.2440064226787,
rooftop|t0.002|max30|min0,1.8,2181,22007,3202,18537,,9.910483028127414,68.11367895065584,17.30334404379388,
rooftop|t0.002|max30|min0,2.4,1797,11414,3202,14936,,15.743823374802874,56.1211742660837,24.589490968801314,
rooftop|t0.002|max30|min0,3.6,664,2163,3202,7687,,30.698104484512253,20.737039350405997,24.753028890959925,
rooftop|t0.002|max30|min0,5.0,184,530,3202,4050,,34.716981132075475,5.746408494690818,9.860664523043944,
rooftop|t0.002|max30|min0,10.0,10,33,3202,694,,30.303030303030305,0.3123048094940662,0.6182380216383307,
rooftop|t0.002|max60|min0,0.3,2895,110832,3202,10399,,2.6120614984841923,90.41224234853216,5.077433046284441,
rooftop|t0.002|max60|min0,0.45,2773,75056,3202,8780,,3.6945747175442336,86.60212367270456,7.0868154054537555,
rooftop|t0.002|max60|min0,0.6,2761,72043,3202,8900,,3.832433407825882,86.22735790131168,7.3386936009037145,
rooftop|t0.002|max60|min0,0.9,2613,54636,3202,8717,,4.78256094882495,81.6052467207995,9.035582143227636,
rooftop|t0.002|max60|min0,1.2,2484,45297,3202,8400,,5.483806874627459,77.57651467832605,10.243510175467536,
rooftop|t0.002|max60|min0,1.8,2296,33056,3202,7488,,6.945788964181994,71.70518425983761,12.664791218489713,
rooftop|t0.002|max60|min0,2.4,1970,19963,3202,6387,,9.868256274107098,61.52404747033104,17.008417871789337,
rooftop|t0.002|max60|min0,3.6,884,5592,3202,4258,,15.80829756795422,27.607745159275453,20.104616784171025,
rooftop|t0.002|max60|min0,5.0,325,2011,3202,2569,,16.161113873694678,10.149906308557151,12.468827930174564,
rooftop|t0.002|max60|min0,10.0,44,215,3202,512,,20.46511627906977,1.3741411617738912,2.5753585016095992,
rooftop|t0.003|max15|min0,0.3,1991,49487,3202,52779,,4.023278840907713,62.17988757026858,7.557554707813775,
rooftop|t0.003|max15|min0,0.45,1702,25364,3202,41394,,6.710298060242864,53.15427857589007,11.916264090177133,
rooftop|t0.003|max15|min0,0.6,1651,23151,3202,41729,,7.1314414064187295,51.56152404747033,12.529882745797442,
rooftop|t0.003|max15|min0,0.9,1321,13215,3202,37836,,9.996216420734015,41.255465334166146,16.093074252299445,
rooftop|t0.003|max15|min0,1.2,1069,8826,3202,34527,,12.111941989576252,33.385384134915675,17.775191220485535,
rooftop|t0.003|max15|min0,1.8,784,4596,3202,27963,,17.058311575282854,24.484697064334792,20.107719928186714,
rooftop|t0.003|max15|min0,2.4,505,1941,3202,18866,,26.01751674394642,15.771392879450344,19.638343379350573,
rooftop|t0.003|max15|min0,3.6,67,190,3202,7067,,35.26315789473684,2.092442223610244,3.9504716981132075,
rooftop|t0.003|max15|min0,5.0,12,26,3202,3155,,46.15384615384615,0.3747657713928795,0.7434944237918215,
rooftop|t0.003|max15|min0,10.0,0,0,3202,445,,,0.0,0.0,
rooftop|t0.003|max195|min0,0.3,2853,102266,3202,0,,2.7897835057594897,89.10056214865709,5.410171805666174,
rooftop|t0.003|max195|min0,0.45,2717,66758,3202,0,,4.069924203840738,84.85321673953779,7.767295597484277,
rooftop|t0.003|max195|min0,0.6,2697,64880,3202,0,,4.156905055487053,84.22860712054965,7.922798977703358,
rooftop|t0.003|max195|min0,0.9,2545,51051,3202,0,,4.985210867563809,79.48157401623985,9.381969660663927,
rooftop|t0.003|max195|min0,1.2,2417,43353,3202,0,,5.575162041842549,75.4840724547158,10.383417463215551,
rooftop|t0.003|max195|min0,1.8,2197,32559,3202,0,,6.747750238029424,68.61336664584634,12.287128436005705,
rooftop|t0.003|max195|min0,2.4,1847,20807,3202,0,,8.876820300860288,57.68269831355403,15.385896955308427,
rooftop|t0.003|max195|min0,3.6,707,7257,3202,0,,9.742317762160672,22.07995003123048,13.519456927048475,
rooftop|t0.003|max195|min0,5.0,243,3181,3202,0,,7.639107198994027,7.589006870705809,7.6139746200845995,
rooftop|t0.003|max195|min0,10.0,39,445,3202,0,,8.764044943820224,1.2179887570268582,2.1387441732931176,
rooftop|t0.003|max20|min0,0.3,2519,63595,3202,38671,,3.961003223523862,78.66958151155528,7.542254891686753,
rooftop|t0.003|max20|min0,0.45,2275,35759,3202,30999,,6.362034732514891,71.04934415990006,11.678345011678346,
rooftop|t0.003|max20|min0,0.6,2255,33429,3202,31451,,6.745640013162224,70.42473454091193,12.311976195026071,
rooftop|t0.003|max20|min0,0.9,1990,21215,3202,29836,,9.380155550318172,62.14865708931917,16.300118769709627,
rooftop|t0.003|max20|min0,1.2,1755,15266,3202,28087,,11.496135202410585,54.80949406620862,19.005847953216374,
rooftop|t0.003|max20|min0,1.8,1450,8881,3202,23678,,16.326990203805877,45.284197376639604,24.000662087229994,
rooftop|t0.003|max20|min0,2.4,963,3964,3202,16843,,24.29364278506559,30.074953154278575,26.876918783142617,
rooftop|t0.003|max20|min0,3.6,211,530,3202,6727,,39.81132075471698,6.589631480324797,11.307609860664524,
rooftop|t0.003|max20|min0,5.0,31,80,3202,3101,,38.75,0.9681449094316052,1.8890920170627665,
rooftop|t0.003|max20|min0,10.0,0,1,3202,444,,0.0,0.0,0.0,
rooftop|t0.003|max30|min0,0.3,2801,79850,3202,22416,,3.5078271759549153,87.47657713928794,6.745171699658045,
rooftop|t0.003|max30|min0,0.45,2645,48296,3202,18462,,5.4766440284909725,82.60462211118052,10.27224358227504,
rooftop|t0.003|max30|min0,0.6,2626,46074,3202,18806,,5.699526848113904,82.01124297314179,10.658332656871499,
rooftop|t0.003|max30|min0,0.9,2452,32610,3202,18441,,7.519165900030665,76.57713928794503,13.69373394392941,
rooftop|t0.003|max30|min0,1.2,2297,25541,3202,17812,,8.993383187815668,71.73641474078701,15.983021953171207,
rooftop|t0.003|max30|min0,1.8,2063,16829,3202,15730,,12.258601224077486,64.42848219862586,20.598072986870353,
rooftop|t0.003|max30|min0,2.4,1646,8470,3202,12337,,19.433293978748523,51.405371642723296,28.20424948594928,
rooftop|t0.003|max30|min0,3.6,490,1421,3202,5836,,34.48275862068966,15.302935665209244,21.19835604585767,
rooftop|t0.003|max30|min0,5.0,119,304,3202,2877,,39.14473684210526,3.7164272329793877,6.7883628066172275,
rooftop|t0.003|max30|min0,10.0,6,16,3202,429,,37.5,0.18738288569643974,0.3729024238657551,
rooftop|t0.003|max60|min0,0.3,2847,93251,3202,9015,,3.0530503694330355,88.91317926296065,5.903393362570371,
rooftop|t0.003|max60|min0,0.45,2709,59221,3202,7537,,4.574390841086776,84.60337289194254,8.67949313554299,
rooftop|t0.003|max60|min0,0.6,2688,57252,3202,7628,,4.695032487948019,83.94753279200499,8.892711813941178,
rooftop|t0.003|max60|min0,0.9,2534,43531,3202,7520,,5.821138958443409,79.13803872579638,10.84458519675604,
rooftop|t0.003|max60|min0,1.2,2406,36119,3202,7234,,6.661313989866829,75.14053716427233,12.23773556115053,
rooftop|t0.003|max60|min0,1.8,2185,26146,3202,6413,,8.35691884035799,68.23860087445347,14.890282131661442,
rooftop|t0.003|max60|min0,2.4,1830,15407,3202,5400,,11.87771792042578,57.151780137414114,19.66790262776076,
rooftop|t0.003|max60|min0,3.6,679,3919,3202,3338,,17.32584843072212,21.205496564647095,19.070355287178767,
rooftop|t0.003|max60|min0,5.0,221,1271,3202,1910,,17.387883556254916,6.901936289818863,9.881511289961994,
rooftop|t0.003|max60|min0,10.0,27,132,3202,313,,20.454545454545453,0.8432229856339788,1.6196760647870425,
rooftop|t0.005|max15|min0,0.3,1811,35171,3202,43611,,5.1491285434022345,56.558400999375394,9.438928413207202,
rooftop|t0.005|max15|min0,0.45,1442,15059,3202,32741,,9.575669035128495,45.034353529044346,15.7932205246153,
rooftop|t0.005|max15|min0,0.6,1410,13939,3202,33128,,10.115503264222685,44.034978138663334,16.45178227641328,
rooftop|t0.005|max15|min0,0.9,1100,7910,3202,29964,,13.90644753476612,34.35352904434728,19.798416126709864,
rooftop|t0.005|max15|min0,1.2,889,5185,3202,26925,,17.145612343297977,27.763897564022486,21.19947537856206,
rooftop|t0.005|max15|min0,1.8,611,2597,3202,21463,,23.5271467077397,19.081823860087447,21.072598723917917,
rooftop|t0.005|max15|min0,2.4,349,1026,3202,13952,,34.01559454191033,10.899437851342912,16.50898770104068,
rooftop|t0.005|max15|min0,3.6,37,86,3202,4556,,43.02325581395349,1.155527795128045,2.2506082725060828,
rooftop|t0.005|max15|min0,5.0,7,13,3202,1903,,53.84615384615385,0.21861336664584635,0.4354587869362364,
rooftop|t0.005|max15|min0,10.0,0,0,3202,233,,,0.0,0.0,
rooftop|t0.005|max195|min0,0.3,2787,78782,3202,0,,3.537610113985428,87.03935040599625,6.798887587822014,
rooftop|t0.005|max195|min0,0.45,2602,47800,3202,0,,5.443514644351464,81.26171143035603,10.203521430532136,
rooftop|t0.005|max195|min0,0.6,2602,47067,3202,0,,5.528289459706376,81.26171143035603,10.3523046012453,
rooftop|t0.005|max195|min0,0.9,2440,37874,3202,0,,6.442414321170196,76.20237351655216,11.880416788392248,
rooftop|t0.005|max195|min0,1.2,2287,32110,3202,0,,7.122391778262224,71.42410993129295,12.953103760761215,
rooftop|t0.005|max195|min0,1.8,2061,24060,3202,0,,8.566084788029926,64.36602123672705,15.119947179223828,
rooftop|t0.005|max195|min0,2.4,1577,14978,3202,0,,10.528775537454933,49.25046845721424,17.34873487348735,
rooftop|t0.005|max195|min0,3.6,473,4642,3202,0,,10.189573459715639,14.772017489069333,12.060173380928099,
rooftop|t0.005|max195|min0,5.0,152,1916,3202,0,,7.933194154488517,4.747033104309806,5.939820242282141,
rooftop|t0.005|max195|min0,10.0,26,233,3202,0,,11.158798283261802,0.8119925046845722,1.5138282387190685,
rooftop|t0.005|max20|min0,0.3,2373,46765,3202,32017,,5.074307708756549,74.10993129294191,9.498268857445915,
rooftop|t0.005|max20|min0,0.45,2057,22945,3202,24855,,8.964916103726303,64.24109931292942,15.734118636937316,
rooftop|t0.005|max20|min0,0.6,2058,21755,3202,25312,,9.45989427717766,64.27232979387882,16.492366871018152,
rooftop|t0.005|max20|min0,0.9,1781,13880,3202,23994,,12.831412103746398,55.62148657089319,20.85235920852359,
rooftop|t0.005|max20|min0,1.2,1530,9811,3202,22299,,15.594740597288757,47.78263585259213,23.51494659186967,
rooftop|t0.005|max20|min0,1.8,1225,5549,3202,18511,,22.076049738691655,38.25733916302311,27.996800365672495,
rooftop|t0.005|max20|min0,2.4,762,2389,3202,12589,,31.89619087484303,23.797626483447846,27.25809336433554,
rooftop|t0.005|max20|min0,3.6,120,269,3202,4373,,44.60966542750929,3.7476577139287945,6.9144338807260155,
rooftop|t0.005|max20|min0,5.0,17,34,3202,1882,,50.0,0.5309181761399125,1.0506798516687268,
rooftop|t0.005|max20|min0,10.0,0,0,3202,233,,,0.0,0.0,
rooftop|t0.005|max30|min0,0.3,2724,60279,3202,18503,,4.518986711790176,85.07183010618364,8.5820954301287,
rooftop|t0.005|max30|min0,0.45,2516,32912,3202,14888,,7.644628099173554,78.57589006870705,13.933654538406158,
rooftop|t0.005|max30|min0,0.6,2518,31920,3202,15147,,7.888471177944862,78.63835103060588,14.338591196401117,
rooftop|t0.005|max30|min0,0.9,2326,22921,3202,14953,,10.147899306312988,72.6420986883198,17.808061861195114,
rooftop|t0.005|max30|min0,1.2,2145,17824,3202,14286,,12.034335727109514,66.9893816364772,20.403310187387046,
rooftop|t0.005|max30|min0,1.8,1900,11515,3202,12545,,16.500217108119845,59.33791380387258,25.820479717333697,
rooftop|t0.005|max30|min0,2.4,1362,5526,3202,9452,,24.647122692725297,42.53591505309182,31.209899175068745,
rooftop|t0.005|max30|min0,3.6,306,787,3202,3855,,38.88182973316391,9.556527170518425,15.342191025319629,
rooftop|t0.005|max30|min0,5.0,61,128,3202,1788,,47.65625,1.9050593379138039,3.6636636636636637,
rooftop|t0.005|max30|min0,10.0,1,5,3202,228,,20.0,0.03123048094940662,0.06236357966947303,
rooftop|t0.005|max60|min0,0.3,2781,71371,3202,7411,,3.896540611733057,86.85196752029981,7.458463518967991,
rooftop|t0.005|max60|min0,0.45,2594,41657,3202,6143,,6.2270446743644525,81.01186758276077,11.565126284580575,
rooftop|t0.005|max60|min0,0.6,2591,40872,3202,6195,,6.339303190448229,80.91817613991256,11.757498752098742,
rooftop|t0.005|max60|min0,0.9,2427,31743,3202,6131,,7.645780172006426,75.79637726420987,13.890399198740878,
rooftop|t0.005|max60|min0,1.2,2274,26270,3202,5840,,8.656261895698515,71.01811367895066,15.431596091205211,
rooftop|t0.005|max60|min0,1.8,2046,18860,3202,5200,,10.848356309650052,63.897564022485945,18.54772912700571,
rooftop|t0.005|max60|min0,2.4,1561,10711,3202,4267,,14.573802632807395,48.75078076202374,22.43944512326601,
rooftop|t0.005|max60|min0,3.6,444,2327,3202,2315,,19.08036097980232,13.86633354153654,16.060770482908303,
rooftop|t0.005|max60|min0,5.0,133,664,3202,1252,,20.03012048192771,4.15365396627108,6.880496637351268,
rooftop|t0.005|max60|min0,10.0,12,56,3202,177,,21.428571428571427,0.3747657713928795,0.7366482504604052,
rooftop|t0.0075|max15|min0,0.3,1644,24781,3202,36559,,6.6341148460514106,51.34291068082449,11.749991066004359,
rooftop|t0.0075|max15|min0,0.45,1202,9117,3202,26316,,13.184161456619503,37.53903810118676,19.51457098790486,
rooftop|t0.0075|max15|min0,0.6,1215,8718,3202,26748,,13.936682725395732,37.945034353529046,20.385906040268456,
rooftop|t0.0075|max15|min0,0.9,895,4889,3202,24090,,18.30640212722438,27.951280449718926,22.123346928686196,
rooftop|t0.0075|max15|min0,1.2,713,3123,3202,21470,,22.830611591418506,22.26733291692692,22.545454545454547,
rooftop|t0.0075|max15|min0,1.8,484,1550,3202,16877,,31.225806451612904,15.115552779512804,20.37037037037037,
rooftop|t0.0075|max15|min0,2.4,249,597,3202,10500,,41.70854271356784,7.776389756402248,13.108712819162937,
rooftop|t0.0075|max15|min0,3.6,27,47,3202,3024,,57.4468085106383,0.8432229856339788,1.6620498614958448,
rooftop|t0.0075|max15|min0,5.0,3,3,3202,1242,,100.0,0.09369144284821987,0.187207488299532,
rooftop|t0.0075|max15|min0,10.0,0,0,3202,130,,,0.0,0.0,
rooftop|t0.0075|max195|min0,0.3,2709,61340,3202,0,,4.4163677861102055,84.60337289194254,8.394533791949428,
rooftop|t0.0075|max195|min0,0.45,2481,35433,3202,0,,7.001947337228008,77.48282323547782,12.843276821534877,
rooftop|t0.0075|max195|min0,0.6,2490,35466,3202,0,,7.020808661816951,77.76389756402249,12.878866245991517,
rooftop|t0.0075|max195|min0,0.9,2318,28979,3202,0,,7.998895752096345,72.39225484072455,14.406015972157483,
rooftop|t0.0075|max195|min0,1.2,2128,24593,3202,0,,8.652868702476315,66.45846346033728,15.312106493973737,
rooftop|t0.0075|max195|min0,1.8,1903,18427,3202,0,,10.327237206273404,59.4316052467208,17.596745110730964,
rooftop|t0.0075|max195|min0,2.4,1355,11097,3202,0,,12.210507344327295,42.31730168644597,18.952374291908527,
rooftop|t0.0075|max195|min0,3.6,348,3071,3202,0,,11.331813741452295,10.868207370393504,11.095169775227165,
rooftop|t0.0075|max195|min0,5.0,105,1245,3202,0,,8.433734939759036,3.279200499687695,4.7222846863053745,
rooftop|t0.0075|max195|min0,10.0,14,130,3202,0,,10.76923076923077,0.4372267332916927,0.8403361344537815,
rooftop|t0.0075|max20|min0,0.3,2218,34387,3202,26953,,6.4501119609154625,69.26920674578389,11.801324855675862,
rooftop|t0.0075|max20|min0,0.45,1848,15144,3202,20289,,12.202852614896988,57.71392879450344,20.14608088956721,
rooftop|t0.0075|max20|min0,0.6,1853,14686,3202,20780,,12.617458804303418,57.87008119925047,20.717799642218246,
rooftop|t0.0075|max20|min0,0.9,1569,9368,3202,19611,,16.748505550811274,49.00062460961899,24.96420047732697,
rooftop|t0.0075|max20|min0,1.2,1319,6524,3202,18069,,20.217657878602086,41.19300437226733,27.12317499485914,
rooftop|t0.0075|max20|min0,1.8,1038,3681,3202,14746,,28.19885900570497,32.417239225484074,30.161266889437744,
rooftop|t0.0075|max20|min0,2.4,601,1558,3202,9539,,38.57509627727856,18.76951905059338,25.252100840336134,
rooftop|t0.0075|max20|min0,3.6,84,150,3202,2921,,56.0,2.623360399750156,5.011933174224343,
rooftop|t0.0075|max20|min0,5.0,5,11,3202,1234,,45.45454545454545,0.1561524047470331,0.3112356053532524,
rooftop|t0.0075|max20|min0,10.0,0,0,3202,130,,,0.0,0.0,
rooftop|t0.0075|max30|min0,0.3,2635,45795,3202,15545,,5.753903264548532,82.29231730168645,10.755760556768783,
rooftop|t0.0075|max30|min0,0.45,2382,23221,3202,12212,,10.257956160372077,74.39100562148657,18.02974681148999,
rooftop|t0.0075|max30|min0,0.6,2393,22952,3202,12514,,10.426106657371907,74.73454091193004,18.29930412174046,
rooftop|t0.0075|max30|min0,0.9,2184,16666,3202,12313,,13.104524180967239,68.20737039350406,21.98510167102879,
rooftop|t0.0075|max30|min0,1.2,1974,12916,3202,11677,,15.283369464230413,61.64896939412867,24.49435413823055,
rooftop|t0.0075|max30|min0,1.8,1727,8296,3202,10131,,20.817261330761813,53.93504059962523,30.04000695773178,
rooftop|t0.0075|max30|min0,2.4,1126,3783,3202,7314,,29.764736981231827,35.16552154903186,32.240515390121686,
rooftop|t0.0075|max30|min0,3.6,217,466,3202,2605,,46.566523605150216,6.777014366021237,11.83206106870229,
rooftop|t0.0075|max30|min0,5.0,33,64,3202,1181,,51.5625,1.0306058713304185,2.020820575627679,
rooftop|t0.0075|max30|min0,10.0,1,2,3202,128,,50.0,0.03123048094940662,0.062421972534332085,
rooftop|t0.0075|max60|min0,0.3,2703,55168,3202,6172,,4.8995794663573085,84.41599000624609,9.261606989892067,
rooftop|t0.0075|max60|min0,0.45,2472,30371,3202,5062,,8.139343452635739,77.20174890693316,14.726119202930926,
rooftop|t0.0075|max60|min0,0.6,2478,30320,3202,5146,,8.172823218997362,77.38913179262961,14.784320744585646,
rooftop|t0.0075|max60|min0,0.9,2305,23872,3202,5107,,9.655663538873995,71.98625858838226,17.02740636773288,
rooftop|t0.0075|max60|min0,1.2,2111,19760,3202,4833,,10.683198380566802,65.92754528419738,18.386900095810468,
rooftop|t0.0075|max60|min0,1.8,1888,14147,3202,4280,,13.345585636530712,58.9631480324797,21.76494322439334,
rooftop|t0.0075|max60|min0,2.4,1331,7725,3202,3372,,17.22977346278317,41.56777014366021,24.36167292028919,
rooftop|t0.0075|max60|min0,3.6,327,1430,3202,1641,,22.867132867132867,10.212367270455966,14.119170984455959,
rooftop|t0.0075|max60|min0,5.0,91,389,3202,856,,23.39331619537275,2.8419737663960025,5.0682261208577,
rooftop|t0.0075|max60|min0,10.0,7,23,3202,107,,30.434782608695652,0.21861336664584635,0.43410852713178294,
rooftop|t0.01|max15|min0,0.3,1512,18365,3202,31595,,8.233052001089028,47.22048719550281,14.021421616358325,
rooftop|t0.01|max15|min0,0.45,1039,6130,3202,21936,,16.949429037520392,32.44846970643348,22.26746678096871,
rooftop|t0.01|max15|min0,0.6,1042,5958,3202,22448,,17.489090298757972,32.5421611492817,22.75109170305677,
rooftop|t0.01|max15|min0,0.9,769,3341,3202,20088,,23.01706076025142,24.01623985009369,23.506036986092006,
rooftop|t0.01|max15|min0,1.2,578,2102,3202,17898,,27.497621313035204,18.051217988757028,21.794871794871796,
rooftop|t0.01|max15|min0,1.8,378,1018,3202,13966,,37.13163064833006,11.805121798875703,17.914691943127963,
rooftop|t0.01|max15|min0,2.4,188,380,3202,8313,,49.473684210526315,5.871330418488444,10.496929089893914,
rooftop|t0.01|max15|min0,3.6,18,32,3202,2182,,56.25,0.5621486570893192,1.1131725417439704,
rooftop|t0.01|max15|min0,5.0,2,2,3202,842,,100.0,0.06246096189881324,0.12484394506866417,
rooftop|t0.01|max15|min0,10.0,0,0,3202,83,,,0.0,0.0,
rooftop|t0.01|max195|min0,0.3,2638,49960,3202,0,,5.280224179343475,82.38600874453466,9.924382077423724,
rooftop|t0.01|max195|min0,0.45,2386,28066,3202,0,,8.501389581700279,74.5159275452842,15.261609313035692,
rooftop|t0.01|max195|min0,0.6,2388,28406,3202,0,,8.406674646201507,74.578388507183,15.110098709187547,
rooftop|t0.01|max195|min0,0.9,2207,23429,3202,0,,9.41994963506765,68.9256714553404,16.574668619278285,
rooftop|t0.01|max195|min0,1.2,2007,20000,3202,0,,10.035,62.679575265459086,17.30023273855702,
rooftop|t0.01|max195|min0,1.8,1775,14984,3202,0,,11.845969033635878,55.43410368519675,19.520510282634994,
rooftop|t0.01|max195|min0,2.4,1166,8693,3202,0,,13.413090992752789,36.41474078700812,19.604875998318622,
rooftop|t0.01|max195|min0,3.6,272,2214,3202,0,,12.285456187895212,8.4946908182386,10.044313146233383,
rooftop|t0.01|max195|min0,5.0,67,844,3202,0,,7.938388625592417,2.092442223610244,3.3119130004943154,
rooftop|t0.01|max195|min0,10.0,12,83,3202,0,,14.457831325301205,0.3747657713928795,0.730593607305936,
rooftop|t0.01|max20|min0,0.3,2088,26576,3202,23384,,7.856712823600241,65.20924422236102,14.023775941970582,
rooftop|t0.01|max20|min0,0.45,1677,10863,3202,17203,,15.43772438552886,52.3735165521549,23.846427301813012,
rooftop|t0.01|max20|min0,0.6,1684,10716,3202,17690,,15.714818962299365,52.59212991880075,24.19887914930306,
rooftop|t0.01|max20|min0,0.9,1405,6858,3202,16571,,20.487022455526393,43.8788257339163,27.932405566600398,
rooftop|t0.01|max20|min0,1.2,1184,4719,3202,15281,,25.090061453697817,36.97688944409744,29.895215250599673,
rooftop|t0.01|max20|min0,1.8,900,2670,3202,12314,,33.70786516853933,28.10743285446596,30.653950953678475,
rooftop|t0.01|max20|min0,2.4,507,1108,3202,7585,,45.75812274368231,15.833853841349157,23.526682134570766,
rooftop|t0.01|max20|min0,3.6,63,103,3202,2111,,61.16504854368932,1.9675202998126171,3.8124054462934946,
rooftop|t0.01|max20|min0,5.0,2,6,3202,838,,33.333333333333336,0.06246096189881324,0.12468827930174564,
rooftop|t0.01|max20|min0,10.0,0,0,3202,83,,,0.0,0.0,
rooftop|t0.01|max30|min0,0.3,2557,36511,3202,13449,,7.0033688477445155,79.85633978763273,12.877395311359,
rooftop|t0.01|max30|min0,0.45,2275,17645,3202,10421,,12.893170869934826,71.04934415990006,21.82568235237684,
rooftop|t0.01|max30|min0,0.6,2283,17688,3202,10718,,12.907055630936227,71.29918800749532,21.85734801340354,
rooftop|t0.01|max30|min0,0.9,2052,12933,3202,10496,,15.866388308977035,64.08494690818239,25.43538890610474,
rooftop|t0.01|max30|min0,1.2,1851,10012,3202,9988,,18.487814622453055,57.80762023735166,28.01574088088391,
rooftop|t0.01|max30|min0,1.8,1586,6424,3202,8560,,24.688667496886676,49.5315427857589,32.95242052773738,
rooftop|t0.01|max30|min0,2.4,958,2800,3202,5893,,34.214285714285715,29.918800749531542,31.922692435854714,
rooftop|t0.01|max30|min0,3.6,168,319,3202,1895,,52.66457680250784,5.246720799500312,9.542743538767395,
rooftop|t0.01|max30|min0,5.0,20,38,3202,806,,52.63157894736842,0.6246096189881324,1.2345679012345678,
rooftop|t0.01|max30|min0,10.0,1,1,3202,82,,100.0,0.03123048094940662,0.062441461130190445,
rooftop|t0.01|max60|min0,0.3,2631,44609,3202,5351,,5.89791297720191,82.16739537788882,11.005835477191441,
rooftop|t0.01|max60|min0,0.45,2376,23714,3202,4352,,10.01939782407017,74.20362273579013,17.65492643780651,
rooftop|t0.01|max60|min0,0.6,2376,23963,3202,4443,,9.915286066018446,74.20362273579013,17.493097736057425,
rooftop|t0.01|max60|min0,0.9,2196,19051,3202,4378,,11.526953965671094,68.58213616489694,19.73666471936368,
rooftop|t0.01|max60|min0,1.2,1988,15855,3202,4145,,12.538631346578367,62.086196127420365,20.863724615626804,
rooftop|t0.01|max60|min0,1.8,1761,11352,3202,3632,,15.512684989429175,54.99687695190506,24.199532774494983,
rooftop|t0.01|max60|min0,2.4,1144,5884,3202,2809,,19.442556084296395,35.727670206121175,25.181598062953995,
rooftop|t0.01|max60|min0,3.6,253,993,3202,1221,,25.478348439073514,7.901311680199875,12.061978545887962,
rooftop|t0.01|max60|min0,5.0,54,228,3202,616,,23.68421052631579,1.6864459712679576,3.1486880466472305,
rooftop|t0.01|max60|min0,10.0,5,16,3202,67,,31.25,0.1561524047470331,0.3107520198881293,
rooftop|t0.02|max15|min0,0.3,1128,7458,3202,20365,,15.124698310539019,35.227982510930666,21.163227016885553,
rooftop|t0.02|max15|min0,0.45,565,1858,3202,12564,,30.409041980624327,17.64522173641474,22.33201581027668,
rooftop|t0.02|max15|min0,0.6,590,1936,3202,13197,,30.475206611570247,18.425983760149908,22.966134682755936,
rooftop|t0.02|max15|min0,0.9,405,1079,3202,11736,,37.53475440222428,12.648344784509682,18.9208128941836,
rooftop|t0.02|max15|min0,1.2,291,660,3202,10408,,44.09090909090909,9.088069956277327,15.06991196271362,
rooftop|t0.02|max15|min0,1.8,175,333,3202,7733,,52.552552552552555,5.4653341661461585,9.900990099009901,
rooftop|t0.02|max15|min0,2.4,57,105,3202,4126,,54.285714285714285,1.7801374141161774,3.447233141820381,
rooftop|t0.02|max15|min0,3.6,4,5,3202,872,,80.0,0.12492192379762648,0.2494543186778921,
rooftop|t0.02|max15|min0,5.0,0,0,3202,323,,,0.0,0.0,
rooftop|t0.02|max15|min0,10.0,0,0,3202,14,,,0.0,0.0,
rooftop|t0.02|max195|min0,0.3,2387,27823,3202,0,,8.579233008661898,74.5471580262336,15.387590652699435,
rooftop|t0.02|max195|min0,0.45,1989,14422,3202,0,,13.791429760088754,62.11742660836977,22.57149341806627,
rooftop|t0.02|max195|min0,0.6,2049,15133,3202,0,,13.539945813784444,63.99125546533416,22.35069539132806,
rooftop|t0.02|max195|min0,0.9,1828,12815,3202,0,,14.26453374951229,57.0893191755153,22.825747643129176,
rooftop|t0.02|max195|min0,1.2,1614,11068,3202,0,,14.582580411998554,50.405996252342284,22.620882971268394,
rooftop|t0.02|max195|min0,1.8,1310,8066,3202,0,,16.24101165385569,40.91193004372267,23.251686190983314,
rooftop|t0.02|max195|min0,2.4,751,4231,3202,0,,17.749940912313875,23.454091193004373,20.20718417866272,
rooftop|t0.02|max195|min0,3.6,112,877,3202,0,,12.770809578107183,3.4978138663335416,5.491542044618779,
rooftop|t0.02|max195|min0,5.0,28,323,3202,0,,8.6687306501548,0.8744534665833854,1.5886524822695036,
rooftop|t0.02|max195|min0,10.0,4,14,3202,0,,28.571428571428573,0.12492192379762648,0.24875621890547264,
rooftop|t0.02|max20|min0,0.3,1704,12352,3202,15471,,13.795336787564766,53.21673953778888,21.91076250482191,
rooftop|t0.02|max20|min0,0.45,1169,4099,3202,10323,,28.51915101244206,36.50843222985634,32.02301054650048,
rooftop|t0.02|max20|min0,0.6,1199,4292,3202,10841,,27.93569431500466,37.445346658338536,31.998932479316785,
rooftop|t0.02|max20|min0,0.9,955,2832,3202,9983,,33.72175141242938,29.825109306683323,31.653960888299636,
rooftop|t0.02|max20|min0,1.2,775,1970,3202,9098,,39.34010152284264,24.20362273579013,29.969064191802012,
rooftop|t0.02|max20|min0,1.8,549,1102,3202,6964,,49.81851179673321,17.145534041224234,25.51115241635688,
rooftop|t0.02|max20|min0,2.4,269,443,3202,3788,,60.72234762979684,8.40099937539038,14.7599451303155,
rooftop|t0.02|max20|min0,3.6,24,31,3202,846,,77.41935483870968,0.749531542785759,1.4846891432106404,
rooftop|t0.02|max20|min0,5.0,0,0,3202,323,,,0.0,0.0,
rooftop|t0.02|max20|min0,10.0,0,0,3202,14,,,0.0,0.0,
rooftop|t0.02|max30|min0,0.3,2276,18986,3202,8837,,11.987780469819867,71.08057464084946,20.515594014782767,
rooftop|t0.02|max30|min0,0.45,1828,8002,3202,6420,,22.84428892776806,57.0893191755153,32.63120314173509,
rooftop|t0.02|max30|min0,0.6,1882,8381,3202,6752,,22.45555422980551,58.77576514678326,32.49589916256583,
rooftop|t0.02|max30|min0,0.9,1662,6383,3202,6432,,26.037913206955977,51.905059337913805,34.679186228482,
rooftop|t0.02|max30|min0,1.2,1443,4918,3202,6150,,29.341195607970718,45.065584009993756,35.54187192118226,
rooftop|t0.02|max30|min0,1.8,1106,3022,3202,5044,,36.59827928524156,34.54091193004372,35.53984575835476,
rooftop|t0.02|max30|min0,2.4,581,1214,3202,3017,,47.85831960461285,18.144909431605246,26.31340579710145,
rooftop|t0.02|max30|min0,3.6,65,100,3202,777,,65.0,2.0299812617114306,3.937007874015748,
rooftop|t0.02|max30|min0,5.0,5,6,3202,317,,83.33333333333333,0.1561524047470331,0.3117206982543641,
rooftop|t0.02|max30|min0,10.0,0,0,3202,14,,,0.0,0.0,
rooftop|t0.02|max60|min0,0.3,2376,24298,3202,3525,,9.778582599390896,74.20362273579013,17.28,
rooftop|t0.02|max60|min0,0.45,1974,11697,3202,2725,,16.87612208258528,61.64896939412867,26.498422712933753,
rooftop|t0.02|max60|min0,0.6,2034,12273,3202,2860,,16.572965045221217,63.522798251093064,26.2875605815832,
rooftop|t0.02|max60|min0,0.9,1812,10083,3202,2732,,17.97084201130616,56.5896314803248,27.27888596161084,
rooftop|t0.02|max60|min0,1.2,1597,8496,3202,2572,,18.79708097928437,49.87507807620237,27.30381261754146,
rooftop|t0.02|max60|min0,1.8,1294,5897,3202,2169,,21.94336103103273,40.41224234853217,28.442686009451588,
rooftop|t0.02|max60|min0,2.4,731,2739,3202,1492,,26.688572471705,22.82948157401624,24.608651742130956,
rooftop|t0.02|max60|min0,3.6,100,330,3202,547,,30.303030303030305,3.1230480949406623,5.662514156285391,
rooftop|t0.02|max60|min0,5.0,20,59,3202,264,,33.898305084745765,0.6246096189881324,1.226617601962588,
rooftop|t0.02|max60|min0,10.0,3,5,3202,9,,60.0,0.09369144284821987,0.18709073900841908,
rooftop|t0.05|max15|min0,0.3,515,1376,3202,8279,,37.42732558139535,16.083697688944408,22.49890782000874,
rooftop|t0.05|max15|min0,0.45,100,167,3202,3636,,59.880239520958085,3.1230480949406623,5.936479667557139,
rooftop|t0.05|max15|min0,0.6,121,206,3202,4132,,58.737864077669904,3.778888194878201,7.10093896713615,
rooftop|t0.05|max15|min0,0.9,87,130,3202,3775,,66.92307692307692,2.717051842598376,5.222088835534214,
rooftop|t0.05|max15|min0,1.2,51,79,3202,3121,,64.55696202531645,1.5927545284197377,3.1088082901554404,
rooftop|t0.05|max15|min0,1.8,23,27,3202,2201,,85.18518518518519,0.7183010618363522,1.4245896562403222,
rooftop|t0.05|max15|min0,2.4,7,8,3202,1004,,87.5,0.21861336664584635,0.43613707165109034,
rooftop|t0.05|max15|min0,3.6,1,1,3202,165,,100.0,0.03123048094940662,0.062441461130190445,
rooftop|t0.05|max15|min0,5.0,0,0,3202,45,,,0.0,0.0,
rooftop|t0.05|max15|min0,10.0,0,0,3202,1,,,0.0,0.0,
rooftop|t0.05|max195|min0,0.3,1726,9655,3202,0,,17.87674779906784,53.90381011867583,26.849187213191257,
rooftop|t0.05|max195|min0,0.45,1024,3803,3202,0,,26.92611096502761,31.98001249219238,29.236259814418272,
rooftop|t0.05|max195|min0,0.6,1121,4338,3202,0,,25.841401567542647,35.009369144284825,29.73474801061008,
rooftop|t0.05|max195|min0,0.9,1012,3905,3202,0,,25.91549295774648,31.6052467207995,28.478964401294498,
rooftop|t0.05|max195|min0,1.2,835,3200,3202,0,,26.09375,26.077451592754528,26.085598250546703,
rooftop|t0.05|max195|min0,1.8,575,2228,3202,0,,25.80789946140036,17.957526545908806,21.17863720073665,
rooftop|t0.05|max195|min0,2.4,289,1012,3202,0,,28.557312252964426,9.025608994378514,13.716184148077836,
rooftop|t0.05|max195|min0,3.6,34,166,3202,0,,20.481927710843372,1.061836352279825,2.019002375296912,
rooftop|t0.05|max195|min0,5.0,6,45,3202,0,,13.333333333333334,0.18738288569643974,0.3695719125346474,
rooftop|t0.05|max195|min0,10.0,0,1,3202,0,,0.0,0.0,0.0,
rooftop|t0.05|max20|min0,0.3,1016,3066,3202,6589,,33.13763861709067,31.73016864459713,32.418634333120615,
rooftop|t0.05|max20|min0,0.45,370,618,3202,3185,,59.8705501618123,11.55527795128045,19.3717277486911,
rooftop|t0.05|max20|min0,0.6,434,757,3202,3581,,57.331571994715986,13.554028732042473,21.92472846678454,
rooftop|t0.05|max20|min0,0.9,369,574,3202,3331,,64.28571428571429,11.524047470331043,19.54449152542373,
rooftop|t0.05|max20|min0,1.2,258,376,3202,2824,,68.61702127659575,8.057464084946908,14.42146450531023,
rooftop|t0.05|max20|min0,1.8,171,222,3202,2006,,77.02702702702703,5.340412242348532,9.988317757009346,
rooftop|t0.05|max20|min0,2.4,86,98,3202,914,,87.75510204081633,2.6858213616489692,5.212121212121212,
rooftop|t0.05|max20|min0,3.6,4,4,3202,162,,100.0,0.12492192379762648,0.2495321272613849,
rooftop|t0.05|max20|min0,5.0,0,0,3202,45,,,0.0,0.0,
rooftop|t0.05|max20|min0,10.0,0,0,3202,1,,,0.0,0.0,
rooftop|t0.05|max30|min0,0.3,1554,5793,3202,3862,,26.825479026411188,48.53216739537789,34.552529182879375,
rooftop|t0.05|max30|min0,0.45,857,1713,3202,2090,,50.02918855808523,26.764522173641474,34.872838250254325,
rooftop|t0.05|max30|min0,0.6,945,2021,3202,2317,,46.759030183077684,29.512804497189258,36.186099942561746,
rooftop|t0.05|max30|min0,0.9,838,1673,3202,2232,,50.08965929468022,26.17114303560275,34.37948717948718,
rooftop|t0.05|max30|min0,1.2,657,1215,3202,1985,,54.074074074074076,20.51842598376015,29.74869821145574,
rooftop|t0.05|max30|min0,1.8,447,718,3202,1510,,62.25626740947075,13.96002498438476,22.806122448979593,
rooftop|t0.05|max30|min0,2.4,214,277,3202,735,,77.25631768953069,6.683322923173017,12.302385743029607,
rooftop|t0.05|max30|min0,3.6,12,16,3202,150,,75.0,0.3747657713928795,0.7458048477315102,
rooftop|t0.05|max30|min0,5.0,0,0,3202,45,,,0.0,0.0,
rooftop|t0.05|max30|min0,10.0,0,0,3202,1,,,0.0,0.0,
rooftop|t0.05|max60|min0,0.3,1704,8062,3202,1593,,21.136194492681717,53.21673953778888,30.255681818181817,
rooftop|t0.05|max60|min0,0.45,1003,2775,3202,1028,,36.14414414414414,31.32417239225484,33.56198761920696,
rooftop|t0.05|max60|min0,0.6,1103,3265,3202,1073,,33.782542113323125,34.4472204871955,34.11164372970465,
rooftop|t0.05|max60|min0,0.9,996,2934,3202,971,,33.94683026584867,31.105559025608994,32.46414602346806,
rooftop|t0.05|max60|min0,1.2,822,2345,3202,855,,35.053304904051174,25.671455340412244,29.637641968631694,
rooftop|t0.05|max60|min0,1.8,561,1568,3202,660,,35.7780612244898,17.520299812617115,23.52201257861635,
rooftop|t0.05|max60|min0,2.4,281,634,3202,378,,44.321766561514195,8.775765146783261,14.65067778936392,
rooftop|t0.05|max60|min0,3.6,28,63,3202,103,,44.44444444444444,0.8744534665833854,1.7151607963246553,
rooftop|t0.05|max60|min0,5.0,2,2,3202,43,,100.0,0.06246096189881324,0.12484394506866417,
rooftop|t0.05|max60|min0,10.0,0,0,3202,1,,,0.0,0.0,
rooftop|t0.1|max15|min0,0.3,102,151,3202,2233,,67.54966887417218,3.1855090568394755,6.0841037876528485,
rooftop|t0.1|max15|min0,0.45,12,13,3202,639,,92.3076923076923,0.3747657713928795,0.7465007776049767,
rooftop|t0.1|max15|min0,0.6,14,16,3202,759,,87.5,0.4372267332916927,0.870105655686762,
rooftop|t0.1|max15|min0,0.9,7,9,3202,696,,77.77777777777777,0.21861336664584635,0.43600124571784493,
rooftop|t0.1|max15|min0,1.2,5,7,3202,573,,71.42857142857143,0.1561524047470331,0.3116235587410408,
rooftop|t0.1|max15|min0,1.8,1,1,3202,381,,100.0,0.03123048094940662,0.062441461130190445,
rooftop|t0.1|max15|min0,2.4,0,0,3202,177,,,0.0,0.0,
rooftop|t0.1|max15|min0,3.6,0,0,3202,30,,,0.0,0.0,
rooftop|t0.1|max15|min0,5.0,0,0,3202,6,,,0.0,0.0,
rooftop|t0.1|max15|min0,10.0,0,0,3202,0,,,0.0,0.0,
rooftop|t0.1|max195|min0,0.3,811,2384,3202,0,,34.01845637583892,25.32792004996877,29.03687790905836,
rooftop|t0.1|max195|min0,0.45,244,652,3202,0,,37.423312883435585,7.6202373516552155,12.662169174883239,
rooftop|t0.1|max195|min0,0.6,290,775,3202,0,,37.41935483870968,9.05683947532792,14.583857178777974,
rooftop|t0.1|max195|min0,0.9,252,705,3202,0,,35.744680851063826,7.8700811992504685,12.899923214742769,
rooftop|t0.1|max195|min0,1.2,198,580,3202,0,,34.13793103448276,6.183635227982511,10.47065044949762,
rooftop|t0.1|max195|min0,1.8,130,382,3202,0,,34.031413612565444,4.059962523422861,7.254464285714286,
rooftop|t0.1|max195|min0,2.4,47,177,3202,0,,26.55367231638418,1.467832604622111,2.7818881325836045,
rooftop|t0.1|max195|min0,3.6,11,30,3202,0,,36.666666666666664,0.3435352904434728,0.6806930693069307,
rooftop|t0.1|max195|min0,5.0,1,6,3202,0,,16.666666666666668,0.03123048094940662,0.06234413965087282,
rooftop|t0.1|max195|min0,10.0,0,0,3202,0,,,0.0,0.0,
rooftop|t0.1|max20|min0,0.3,342,529,3202,1855,,64.65028355387524,10.680824484697064,18.332886625569554,
rooftop|t0.1|max20|min0,0.45,49,59,3202,593,,83.05084745762711,1.5302935665209245,3.005213124808341,
rooftop|t0.1|max20|min0,0.6,64,79,3202,696,,81.0126582278481,1.9987507807620237,3.901249619018592,
rooftop|t0.1|max20|min0,0.9,49,57,3202,648,,85.96491228070175,1.5302935665209245,3.0070573795642837,
rooftop|t0.1|max20|min0,1.2,38,49,3202,531,,77.55102040816327,1.1867582760774515,2.337742233159028,
rooftop|t0.1|max20|min0,1.8,29,31,3202,351,,93.54838709677419,0.905683947532792,1.7939993813795236,
rooftop|t0.1|max20|min0,2.4,4,4,3202,173,,100.0,0.12492192379762648,0.2495321272613849,
rooftop|t0.1|max20|min0,3.6,1,1,3202,29,,100.0,0.03123048094940662,0.062441461130190445,
rooftop|t0.1|max20|min0,5.0,0,0,3202,6,,,0.0,0.0,
rooftop|t0.1|max20|min0,10.0,0,0,3202,0,,,0.0,0.0,
rooftop|t0.1|max30|min0,0.3,670,1226,3202,1158,,54.64926590538336,20.924422236102437,30.26196928635953,
rooftop|t0.1|max30|min0,0.45,139,189,3202,463,,73.54497354497354,4.34103685196752,8.198171630787378,
rooftop|t0.1|max30|min0,0.6,182,257,3202,518,,70.8171206225681,5.683947532792005,10.523272622145129,
rooftop|t0.1|max30|min0,0.9,158,230,3202,475,,68.69565217391305,4.934415990006246,9.207459207459207,
rooftop|t0.1|max30|min0,1.2,110,153,3202,427,,71.89542483660131,3.4353529044347284,6.557377049180328,
rooftop|t0.1|max30|min0,1.8,77,91,3202,291,,84.61538461538461,2.40474703310431,4.67658669905861,
rooftop|t0.1|max30|min0,2.4,17,19,3202,158,,89.47368421052632,0.5309181761399125,1.055572803477181,
rooftop|t0.1|max30|min0,3.6,2,2,3202,28,,100.0,0.06246096189881324,0.12484394506866417,
rooftop|t0.1|max30|min0,5.0,0,0,3202,6,,,0.0,0.0,
rooftop|t0.1|max30|min0,10.0,0,0,3202,0,,,0.0,0.0,
rooftop|t0.1|max60|min0,0.3,789,1829,3202,555,,43.13832695462001,24.640849469081825,31.365533691115086,
rooftop|t0.1|max60|min0,0.45,226,372,3202,280,,60.75268817204301,7.058088694565896,12.646894236149972,
rooftop|t0.1|max60|min0,0.6,274,489,3202,286,,56.032719836400815,8.557151780137414,14.846924952587374,
rooftop|t0.1|max60|min0,0.9,237,475,3202,230,,49.89473684210526,7.401623985009369,12.89094370410661,
rooftop|t0.1|max60|min0,1.2,187,381,3202,199,,49.08136482939633,5.840099937539038,10.438180295841473,
rooftop|t0.1|max60|min0,1.8,121,238,3202,144,,50.84033613445378,3.778888194878201,7.034883720930233,
rooftop|t0.1|max60|min0,2.4,39,80,3202,97,,48.75,1.2179887570268582,2.376599634369287,
rooftop|t0.1|max60|min0,3.6,7,8,3202,22,,87.5,0.21861336664584635,0.43613707165109034,
rooftop|t0.1|max60|min0,5.0,0,0,3202,6,,,0.0,0.0,
rooftop|t0.1|max60|min0,10.0,0,0,3202,0,,,0.0,0.0,
rooftop|t0.2|max15|min0,0.3,2,2,3202,194,,100.0,0.06246096189881324,0.12484394506866417,
rooftop|t0.2|max15|min0,0.45,0,0,3202,44,,,0.0,0.0,
rooftop|t0.2|max15|min0,0.6,0,0,3202,44,,,0.0,0.0,
rooftop|t0.2|max15|min0,0.9,0,0,3202,39,,,0.0,0.0,
rooftop|t0.2|max15|min0,1.2,0,0,3202,29,,,0.0,0.0,
rooftop|t0.2|max15|min0,1.8,0,0,3202,22,,,0.0,0.0,
rooftop|t0.2|max15|min0,2.4,0,0,3202,18,,,0.0,0.0,
rooftop|t0.2|max15|min0,3.6,0,0,3202,2,,,0.0,0.0,
rooftop|t0.2|max15|min0,5.0,0,0,3202,0,,,0.0,0.0,
rooftop|t0.2|max15|min0,10.0,0,0,3202,0,,,0.0,0.0,
rooftop|t0.2|max195|min0,0.3,95,196,3202,0,,48.46938775510204,2.966895690193629,5.591524426133019,
rooftop|t0.2|max195|min0,0.45,18,44,3202,0,,40.90909090909091,0.5621486570893192,1.1090573012939002,
rooftop|t0.2|max195|min0,0.6,19,44,3202,0,,43.18181818181818,0.5933791380387258,1.170671595810228,
rooftop|t0.2|max195|min0,0.9,22,39,3202,0,,56.41025641025641,0.6870705808869456,1.3576056772601048,
rooftop|t0.2|max195|min0,1.2,15,29,3202,0,,51.724137931034484,0.4684572142410993,0.9285051067780873,
rooftop|t0.2|max195|min0,1.8,10,22,3202,0,,45.45454545454545,0.3123048094940662,0.6203473945409429,
rooftop|t0.2|max195|min0,2.4,8,18,3202,0,,44.44444444444444,0.24984384759525297,0.4968944099378882,
rooftop|t0.2|max195|min0,3.6,2,2,3202,0,,100.0,0.06246096189881324,0.12484394506866417,
rooftop|t0.2|max195|min0,5.0,0,0,3202,0,,,0.0,0.0,
rooftop|t0.2|max195|min0,10.0,0,0,3202,0,,,0.0,0.0,
rooftop|t0.2|max20|min0,0.3,14,20,3202,176,,70.0,0.4372267332916927,0.8690254500310366,
rooftop|t0.2|max20|min0,0.45,0,1,3202,43,,0.0,0.0,0.0,
rooftop|t0.2|max20|min0,0.6,0,0,3202,44,,,0.0,0.0,
rooftop|t0.2|max20|min0,0.9,0,0,3202,39,,,0.0,0.0,
rooftop|t0.2|max20|min0,1.2,0,0,3202,29,,,0.0,0.0,
rooftop|t0.2|max20|min0,1.8,0,0,3202,22,,,0.0,0.0,
rooftop|t0.2|max20|min0,2.4,0,0,3202,18,,,0.0,0.0,
rooftop|t0.2|max20|min0,3.6,0,0,3202,2,,,0.0,0.0,
rooftop|t0.2|max20|min0,5.0,0,0,3202,0,,,0.0,0.0,
rooftop|t0.2|max20|min0,10.0,0,0,3202,0,,,0.0,0.0,
rooftop|t0.2|max30|min0,0.3,41,52,3202,144,,78.84615384615384,1.2804497189256714,2.519975414874001,
rooftop|t0.2|max30|min0,0.45,4,5,3202,39,,80.0,0.12492192379762648,0.2494543186778921,
rooftop|t0.2|max30|min0,0.6,1,1,3202,43,,100.0,0.03123048094940662,0.062441461130190445,
rooftop|t0.2|max30|min0,0.9,3,3,3202,36,,100.0,0.09369144284821987,0.187207488299532,
rooftop|t0.2|max30|min0,1.2,2,2,3202,27,,100.0,0.06246096189881324,0.12484394506866417,
rooftop|t0.2|max30|min0,1.8,0,0,3202,22,,,0.0,0.0,
rooftop|t0.2|max30|min0,2.4,0,0,3202,18,,,0.0,0.0,
rooftop|t0.2|max30|min0,3.6,0,0,3202,2,,,0.0,0.0,
rooftop|t0.2|max30|min0,5.0,0,0,3202,0,,,0.0,0.0,
rooftop|t0.2|max30|min0,10.0,0,0,3202,0,,,0.0,0.0,
rooftop|t0.2|max60|min0,0.3,82,119,3202,77,,68.90756302521008,2.5608994378513428,4.938271604938271,
rooftop|t0.2|max60|min0,0.45,12,18,3202,26,,66.66666666666667,0.3747657713928795,0.7453416149068323,
rooftop|t0.2|max60|min0,0.6,13,18,3202,26,,72.22222222222223,0.4059962523422861,0.8074534161490683,
rooftop|t0.2|max60|min0,0.9,18,24,3202,15,,75.0,0.5621486570893192,1.115933044017359,
rooftop|t0.2|max60|min0,1.2,13,14,3202,15,,92.85714285714286,0.4059962523422861,0.8084577114427861,
rooftop|t0.2|max60|min0,1.8,7,8,3202,14,,87.5,0.21861336664584635,0.43613707165109034,
rooftop|t0.2|max60|min0,2.4,4,5,3202,13,,80.0,0.12492192379762648,0.2494543186778921,
rooftop|t0.2|max60|min0,3.6,1,1,3202,1,,100.0,0.03123048094940662,0.062441461130190445,
rooftop|t0.2|max60|min0,5.0,0,0,3202,0,,,0.0,0.0,
rooftop|t0.2|max60|min0,10.0,0,0,3202,0,,,0.0,0.0,
