config,level,matches,predictions,references,removed,chance_matches,precision,recall,f1,chance_f1
aerial_view|t0.001|max15|min0,0.3,1622,17245,3202,20009,,9.405624818788054,50.65584009993754,15.865408128331785,
aerial_view|t0.001|max15|min0,0.45,1582,15041,3202,20734,,10.517917691642843,49.40662086196127,17.34363865592282,
aerial_view|t0.001|max15|min0,0.6,1524,13888,3202,21231,,10.973502304147466,47.59525296689569,17.83499122293739,
aerial_view|t0.001|max15|min0,0.9,1386,10475,3202,21494,,13.231503579952268,43.28544659587757,20.267602544417635,
aerial_view|t0.001|max15|min0,1.2,1182,8194,3202,20535,,14.42518916280205,36.91442848219862,20.744120744120742,
aerial_view|t0.001|max15|min0,1.8,749,4373,3202,15894,,17.12782986508118,23.39163023110556,19.775577557755774,
aerial_view|t0.001|max15|min0,2.4,393,1612,3202,9708,,24.379652605459057,12.273579013116802,16.32737847943498,
aerial_view|t0.001|max15|min0,3.6,31,101,3202,2654,,30.693069306930692,0.9681449094316052,1.8770814411141388,
aerial_view|t0.001|max15|min0,5.0,0,0,3202,1009,,,0.0,0.0,
aerial_view|t0.001|max15|min0,10.0,0,0,3202,341,,,0.0,0.0,
aerial_view|t0.001|max195|min0,0.3,2610,37254,3202,0,,7.0059590916411665,81.51155527795127,12.902906861775756,
aerial_view|t0.001|max195|min0,0.45,2575,35775,3202,0,,7.197763801537387,80.41848844472204,13.21292044025964,
aerial_view|t0.001|max195|min0,0.6,2568,35119,3202,0,,7.312281101398104,80.1998750780762,13.402573001748388,
aerial_view|t0.001|max195|min0,0.9,2502,31969,3202,0,,7.826331758891426,78.13866333541536,14.227630718489666,
aerial_view|t0.001|max195|min0,1.2,2417,28729,3202,0,,8.413101743882487,75.4840724547158,15.138893238545615,
aerial_view|t0.001|max195|min0,1.8,2100,20267,3202,0,,10.36167168303153,65.58400999375391,17.89594784609485,
aerial_view|t0.001|max195|min0,2.4,1579,11320,3202,0,,13.948763250883392,49.312929419113054,21.74631593444429,
aerial_view|t0.001|max195|min0,3.6,427,2755,3202,0,,15.499092558983666,13.335415365396628,14.336075205640423,
aerial_view|t0.001|max195|min0,5.0,115,1009,3202,0,,11.397423191278493,3.5915053091817613,5.461885537876989,
aerial_view|t0.001|max195|min0,10.0,12,341,3202,0,,3.5190615835777126,0.3747657713928795,0.6773920406435224,
aerial_view|t0.001|max20|min0,0.3,2269,23999,3202,13255,,9.454560606691945,70.86196127420362,16.683210176096466,
aerial_view|t0.001|max20|min0,0.45,2218,22050,3202,13725,,10.058956916099774,69.26920674578389,17.566925392048155,
aerial_view|t0.001|max20|min0,0.6,2214,20924,3202,14195,,10.58115083158096,69.14428482198626,18.353643372295448,
aerial_view|t0.001|max20|min0,0.9,2086,17091,3202,14878,,12.205254227371132,65.14678326046221,20.558813383925493,
aerial_view|t0.001|max20|min0,1.2,1936,13954,3202,14775,,13.874157947541924,60.462211118051215,22.56936348799254,
aerial_view|t0.001|max20|min0,1.8,1445,7925,3202,12342,,18.233438485804417,45.128044971892564,25.972858811898984,
aerial_view|t0.001|max20|min0,2.4,839,3125,3202,8195,,26.848,26.202373516552154,26.52125810020547,
aerial_view|t0.001|max20|min0,3.6,104,245,3202,2510,,42.44897959183673,3.2479700187382887,6.034232666086452,
aerial_view|t0.001|max20|min0,5.0,7,18,3202,991,,38.888888888888886,0.21861336664584635,0.43478260869565216,
aerial_view|t0.001|max20|min0,10.0,0,1,3202,340,,0.0,0.0,0.0,
aerial_view|t0.001|max30|min0,0.3,2512,29809,3202,7445,,8.426985138716494,78.45096814490944,15.219169367786495,
aerial_view|t0.001|max30|min0,0.45,2480,28166,3202,7609,,8.804942128807783,77.45159275452842,15.812292782453456,
aerial_view|t0.001|max30|min0,0.6,2485,27234,3202,7885,,9.124623632224425,77.60774515927545,16.329346826126955,
aerial_view|t0.001|max30|min0,0.9,2402,23682,3202,8287,,10.142724432058102,75.0156152404747,17.869364677875318,
aerial_view|t0.001|max30|min0,1.2,2310,20360,3202,8369,,11.345776031434184,72.14241099312929,19.607843137254903,
aerial_view|t0.001|max30|min0,1.8,1948,12676,3202,7591,,15.367623856106027,60.836976889444095,24.537095352059453,
aerial_view|t0.001|max30|min0,2.4,1367,5601,3202,5719,,24.40635600785574,42.69206745783885,31.05759400204476,
aerial_view|t0.001|max30|min0,3.6,262,590,3202,2165,,44.40677966101695,8.182386008744535,13.818565400843882,
aerial_view|t0.001|max30|min0,5.0,37,74,3202,935,,50.0,1.155527795128045,2.258852258852259,
aerial_view|t0.001|max30|min0,10.0,1,6,3202,335,,16.666666666666668,0.03123048094940662,0.06234413965087282,
aerial_view|t0.001|max60|min0,0.3,2597,33564,3202,3690,,7.737456798951257,81.105559025609,14.127182723168145,
aerial_view|t0.001|max60|min0,0.45,2564,32084,3202,3691,,7.991522254083032,80.07495315427857,14.532675848778553,
aerial_view|t0.001|max60|min0,0.6,2554,31252,3202,3867,,8.172276974273647,79.76264834478451,14.825564520810357,
aerial_view|t0.001|max60|min0,0.9,2492,28010,3202,3959,,8.896822563370225,77.8263585259213,15.968217352300398,
aerial_view|t0.001|max60|min0,1.2,2396,24817,3202,3912,,9.654672200507717,74.82823235477827,17.102680324065812,
aerial_view|t0.001|max60|min0,1.8,2081,16660,3202,3607,,12.490996398559425,64.99063085571518,20.954586647870304,
aerial_view|t0.001|max60|min0,2.4,1560,8371,3202,2949,,18.635766336160554,48.719550281074326,26.959301823209195,
aerial_view|t0.001|max60|min0,3.6,408,1355,3202,1400,,30.11070110701107,12.742036227357902,17.906517445687953,
aerial_view|t0.001|max60|min0,5.0,95,282,3202,727,,33.687943262411345,2.966895690193629,5.453501722158439,
aerial_view|t0.001|max60|min0,10.0,5,25,3202,316,,20.0,0.1561524047470331,0.3098853424233034,
aerial_view|t0.002|max15|min0,0.3,1427,10951,3202,14664,,13.030773445347457,44.56589631480325,20.16533597117219,
aerial_view|t0.002|max15|min0,0.45,1356,9189,3202,15147,,14.756774404178909,42.348532167395376,21.886853361310628,
aerial_view|t0.002|max15|min0,0.6,1290,8229,3202,15254,,15.676266861100984,40.28732042473454,22.570203831685767,
aerial_view|t0.002|max15|min0,0.9,1070,5532,3202,14789,,19.342010122921184,33.416614615865086,24.501946416304097,
aerial_view|t0.002|max15|min0,1.2,834,4056,3202,13837,,20.562130177514792,26.04622111180512,22.981537613667676,
aerial_view|t0.002|max15|min0,1.8,475,1814,3202,9196,,26.185226019845643,14.834478450968145,18.939393939393938,
aerial_view|t0.002|max15|min0,2.4,186,506,3202,4661,,36.758893280632414,5.8088694565896315,10.032362459546926,
aerial_view|t0.002|max15|min0,3.6,10,19,3202,879,,52.63157894736842,0.3123048094940662,0.6209251785159888,
aerial_view|t0.002|max15|min0,5.0,0,0,3202,252,,,0.0,0.0,
aerial_view|t0.002|max15|min0,10.0,0,0,3202,100,,,0.0,0.0,
aerial_view|t0.002|max195|min0,0.3,2527,25615,3202,0,,9.865313292992388,78.91942535915054,17.538258666759205,
aerial_view|t0.002|max195|min0,0.45,2479,24336,3202,0,,10.186554898093359,77.42036227357902,18.004212361101025,
aerial_view|t0.002|max195|min0,0.6,2467,23483,3202,0,,10.505472043606012,77.04559650218613,18.489788270563988,
aerial_view|t0.002|max195|min0,0.9,2367,20321,3202,0,,11.648048816495251,73.92254840724547,20.124984058155846,
aerial_view|t0.002|max195|min0,1.2,2223,17893,3202,0,,12.423852903370033,69.42535915053092,21.076084380184877,
aerial_view|t0.002|max195|min0,1.8,1776,11010,3202,0,,16.130790190735695,55.46533416614616,24.992963692654094,
aerial_view|t0.002|max195|min0,2.4,1083,5167,3202,0,,20.959938068511708,33.82261086820737,25.881228342693273,
aerial_view|t0.002|max195|min0,3.6,158,898,3202,0,,17.59465478841871,4.934415990006246,7.7073170731707314,
aerial_view|t0.002|max195|min0,5.0,20,252,3202,0,,7.936507936507937,0.6246096189881324,1.1580775911986103,
aerial_view|t0.002|max195|min0,10.0,5,100,3202,0,,5.0,0.1561524047470331,0.30284675953967294,
aerial_view|t0.002|max20|min0,0.3,2110,16023,3202,9592,,13.168570180365725,65.89631480324798,21.950585175552664,
aerial_view|t0.002|max20|min0,0.45,2051,14355,3202,9981,,14.287704632532218,64.05371642723298,23.36390043857151,
aerial_view|t0.002|max20|min0,0.6,2038,13317,3202,10166,,15.303747090185476,63.647720174890694,24.6746171075731,
aerial_view|t0.002|max20|min0,0.9,1827,9963,3202,10358,,18.33785004516712,57.058088694565896,27.755412077478162,
aerial_view|t0.002|max20|min0,1.2,1620,7783,3202,10110,,20.814595914171914,50.59337913803873,29.494765589440146,
aerial_view|t0.002|max20|min0,1.8,1034,3659,3202,7351,,28.259087182290244,32.292317301686445,30.141378807753973,
aerial_view|t0.002|max20|min0,2.4,468,1164,3202,4003,,40.20618556701031,14.615865084322298,21.438387540082456,
aerial_view|t0.002|max20|min0,3.6,23,43,3202,855,,53.48837209302326,0.7183010618363522,1.4175654853620956,
aerial_view|t0.002|max20|min0,5.0,0,0,3202,252,,,0.0,0.0,
aerial_view|t0.002|max20|min0,10.0,0,0,3202,100,,,0.0,0.0,
aerial_view|t0.002|max30|min0,0.3,2417,20389,3202,5226,,11.85443131100103,75.4840724547158,20.490865160442542,
aerial_view|t0.002|max30|min0,0.45,2373,18998,3202,5338,,12.490788504053059,74.10993129294191,21.37837837837838,
aerial_view|t0.002|max30|min0,0.6,2361,18040,3202,5443,,13.087583148558759,73.73516552154904,22.22954524056115,
aerial_view|t0.002|max30|min0,0.9,2249,14693,3202,5628,,15.306608589124073,70.23735165521549,25.13551271304834,
aerial_view|t0.002|max30|min0,1.2,2095,12236,3202,5657,,17.121608368747957,65.42785758900688,27.140821349915793,
aerial_view|t0.002|max30|min0,1.8,1593,6487,3202,4523,,24.55680591953137,49.75015615240475,32.88265042832078,
aerial_view|t0.002|max30|min0,2.4,873,2329,3202,2838,,37.483898668956634,27.26420986883198,31.567528475863316,
aerial_view|t0.002|max30|min0,3.6,70,125,3202,773,,56.0,2.1861336664584634,4.207995190862639,
aerial_view|t0.002|max30|min0,5.0,2,3,3202,249,,66.66666666666667,0.06246096189881324,0.12480499219968799,
aerial_view|t0.002|max30|min0,10.0,0,0,3202,100,,,0.0,0.0,
aerial_view|t0.002|max60|min0,0.3,2511,23049,3202,2566,,10.894181960171808,78.41973766396002,19.130699782865413,
aerial_view|t0.002|max60|min0,0.45,2468,21795,3202,2541,,11.323698095893553,77.07682698313555,19.74636956434772,
aerial_view|t0.002|max60|min0,0.6,2451,20874,3202,2609,,11.741879850531761,76.54590880699563,20.360525004153512,
aerial_view|t0.002|max60|min0,0.9,2351,17721,3202,2600,,13.266745668980306,73.42286071205497,22.47287673851742,
aerial_view|t0.002|max60|min0,1.2,2205,15305,3202,2588,,14.40705651747795,68.8632104934416,23.82882152698979,
aerial_view|t0.002|max60|min0,1.8,1752,8906,3202,2104,,19.672131147540984,54.715802623360396,28.93954410307235,
aerial_view|t0.002|max60|min0,2.4,1067,3724,3202,1443,,28.651987110633726,33.32292317301687,30.811435171816346,
aerial_view|t0.002|max60|min0,3.6,137,364,3202,534,,37.637362637362635,4.278575890068707,7.683679192372406,
aerial_view|t0.002|max60|min0,5.0,11,32,3202,220,,34.375,0.3435352904434728,0.6802721088435374,
aerial_view|t0.002|max60|min0,10.0,0,0,3202,100,,,0.0,0.0,
aerial_view|t0.003|max15|min0,0.3,1211,7077,3202,11347,,17.11177052423343,37.82011242973142,23.562603366086194,
aerial_view|t0.003|max15|min0,0.45,1123,5690,3202,11799,,19.736379613356767,35.07183010618363,25.258659469185783,
aerial_view|t0.003|max15|min0,0.6,1028,5000,3202,11796,,20.56,32.10493441599001,25.067056815410876,
aerial_view|t0.003|max15|min0,0.9,785,3186,3202,11093,,24.6390458254865,24.515927545284196,24.577332498434565,
aerial_view|t0.003|max15|min0,1.2,604,2293,3202,10026,,26.341037941561275,18.8632104934416,21.983621474067334,
aerial_view|t0.003|max15|min0,1.8,324,922,3202,6032,,35.140997830802604,10.118675827607746,15.712900096993211,
aerial_view|t0.003|max15|min0,2.4,100,218,3202,2604,,45.87155963302752,3.1230480949406623,5.847953216374269,
aerial_view|t0.003|max15|min0,3.6,3,4,3202,403,,75.0,0.09369144284821987,0.18714909544603867,
aerial_view|t0.003|max15|min0,5.0,0,0,3202,104,,,0.0,0.0,
aerial_view|t0.003|max15|min0,10.0,0,0,3202,38,,,0.0,0.0,
aerial_view|t0.003|max195|min0,0.3,2433,18424,3202,0,,13.205601389491967,75.9837601499063,22.50069360954407,
aerial_view|t0.003|max195|min0,0.45,2381,17489,3202,0,,13.614271828006176,74.35977514053717,23.014837368904356,
aerial_view|t0.003|max195|min0,0.6,2358,16796,3202,0,,14.039056918313884,73.64147407870081,23.582358235823584,
aerial_view|t0.003|max195|min0,0.9,2196,14279,3202,0,,15.379228237271517,68.58213616489694,25.124420799725417,
aerial_view|t0.003|max195|min0,1.2,2033,12319,3202,0,,16.502962902833023,63.49156777014366,26.19676567231493,
aerial_view|t0.003|max195|min0,1.8,1490,6954,3202,0,,21.426517112453265,46.53341661461587,29.34226073257188,
aerial_view|t0.003|max195|min0,2.4,746,2822,3202,0,,26.435152374202694,23.29793878825734,24.767596281540506,
aerial_view|t0.003|max195|min0,3.6,68,407,3202,0,,16.707616707616708,2.12367270455965,3.7683568855638683,
aerial_view|t0.003|max195|min0,5.0,7,104,3202,0,,6.730769230769231,0.21861336664584635,0.42347247428917123,
aerial_view|t0.003|max195|min0,10.0,2,38,3202,0,,5.2631578947368425,0.06246096189881324,0.12345679012345678,
aerial_view|t0.003|max20|min0,0.3,1922,10970,3202,7454,,17.520510483135826,60.02498438475953,27.123906294101044,
aerial_view|t0.003|max20|min0,0.45,1867,9622,3202,7867,,19.40345042610684,58.30730793254216,29.117280099812852,
aerial_view|t0.003|max20|min0,0.6,1820,8801,3202,7995,,20.6794682422452,56.83947532792005,30.325751895359492,
aerial_view|t0.003|max20|min0,0.9,1552,6371,3202,7908,,24.360382985402605,48.469706433479075,32.42452731641074,
aerial_view|t0.003|max20|min0,1.2,1328,4800,3202,7519,,27.666666666666668,41.474078700811994,33.19170207448138,
aerial_view|t0.003|max20|min0,1.8,766,2050,3202,4904,,37.36585365853659,23.922548407245472,29.169840060929168,
aerial_view|t0.003|max20|min0,2.4,270,537,3202,2285,,50.279329608938546,8.432229856339788,14.442364268520995,
aerial_view|t0.003|max20|min0,3.6,7,14,3202,393,,50.0,0.21861336664584635,0.43532338308457713,
aerial_view|t0.003|max20|min0,5.0,0,0,3202,104,,,0.0,0.0,
aerial_view|t0.003|max20|min0,10.0,0,0,3202,38,,,0.0,0.0,
aerial_view|t0.003|max30|min0,0.3,2306,14465,3202,3959,,15.94192879363982,72.01748906933167,26.105167827022132,
aerial_view|t0.003|max30|min0,0.45,2254,13391,3202,4098,,16.832200731834813,70.39350405996252,27.168082926535288,
aerial_view|t0.003|max30|min0,0.6,2233,12598,3202,4198,,17.72503571995555,69.73766396002499,28.265822784810126,
aerial_view|t0.003|max30|min0,0.9,2061,10051,3202,4228,,20.50542234603522,64.36602123672705,31.102391911265375,
aerial_view|t0.003|max30|min0,1.2,1888,8149,3202,4170,,23.16848693091177,58.9631480324797,33.26579156021496,
aerial_view|t0.003|max30|min0,1.8,1301,3977,3202,2977,,32.713100326879555,40.630855715178015,36.24460231229976,
aerial_view|t0.003|max30|min0,2.4,562,1189,3202,1633,,47.266610597140456,17.551530293566522,25.59781370986108,
aerial_view|t0.003|max30|min0,3.6,18,38,3202,369,,47.36842105263158,0.5621486570893192,1.1111111111111112,
aerial_view|t0.003|max30|min0,5.0,0,1,3202,103,,0.0,0.0,0.0,
aerial_view|t0.003|max30|min0,10.0,0,0,3202,38,,,0.0,0.0,
aerial_view|t0.003|max60|min0,0.3,2416,16549,3202,1875,,14.59906943017705,75.4528419737664,24.464584071692574,
aerial_view|t0.003|max60|min0,0.45,2367,15608,3202,1881,,15.1652998462327,73.92254840724547,25.167464114832537,
aerial_view|t0.003|max60|min0,0.6,2340,14867,3202,1929,,15.739557409026704,73.07932542161149,25.900713929935247,
aerial_view|t0.003|max60|min0,0.9,2177,12391,3202,1888,,17.569203454119926,67.98875702685821,27.922785865452447,
aerial_view|t0.003|max60|min0,1.2,2013,10464,3202,1855,,19.237385321100916,62.86695815115553,29.459973657251574,
aerial_view|t0.003|max60|min0,1.8,1468,5632,3202,1322,,26.06534090909091,45.84634603372892,33.235227529997736,
aerial_view|t0.003|max60|min0,2.4,729,2015,3202,807,,36.178660049627794,22.767020612117427,27.947096032202417,
aerial_view|t0.003|max60|min0,3.6,48,145,3202,262,,33.10344827586207,1.499063085571518,2.868240215118016,
aerial_view|t0.003|max60|min0,5.0,1,8,3202,96,,12.5,0.03123048094940662,0.06230529595015576,
aerial_view|t0.003|max60|min0,10.0,0,0,3202,38,,,0.0,0.0,
aerial_view|t0.005|max15|min0,0.3,826,3284,3202,7546,,25.15225334957369,25.79637726420987,25.470243601603453,
aerial_view|t0.005|max15|min0,0.45,729,2566,3202,7753,,28.409976617303197,22.767020612117427,25.27739251040222,
aerial_view|t0.005|max15|min0,0.6,651,2166,3202,7662,,30.05540166204986,20.33104309806371,24.2548435171386,
aerial_view|t0.005|max15|min0,0.9,476,1279,3202,6830,,37.21657544956998,14.86570893191755,21.245257754965408,
aerial_view|t0.005|max15|min0,1.2,344,875,3202,5831,,39.31428571428572,10.743285446595877,16.87515329899436,
aerial_view|t0.005|max15|min0,1.8,151,293,3202,3004,,51.5358361774744,4.7158026233604,8.640915593705293,
aerial_view|t0.005|max15|min0,2.4,29,47,3202,1043,,61.702127659574465,0.905683947532792,1.7851646660510927,
aerial_view|t0.005|max15|min0,3.6,1,1,3202,122,,100.0,0.03123048094940662,0.062441461130190445,
aerial_view|t0.005|max15|min0,5.0,0,0,3202,30,,,0.0,0.0,
aerial_view|t0.005|max15|min0,10.0,0,0,3202,3,,,0.0,0.0,
aerial_view|t0.005|max195|min0,0.3,2221,10830,3202,0,,20.507848568790397,69.3628981886321,31.656214367160775,
aerial_view|t0.005|max195|min0,0.45,2135,10319,3202,0,,20.689989340052332,66.67707682698314,31.580504400562088,
aerial_view|t0.005|max195|min0,0.6,2101,9828,3202,0,,21.377696377696378,65.61524047470331,32.24865694551036,
aerial_view|t0.005|max195|min0,0.9,1911,8109,3202,0,,23.566407695153533,59.68144909431605,33.79011581646185,
aerial_view|t0.005|max195|min0,1.2,1722,6706,3202,0,,25.678496868475992,53.7788881948782,34.75979006863141,
aerial_view|t0.005|max195|min0,1.8,1030,3297,3202,0,,31.24052168638156,32.167395377888816,31.697184182181875,
aerial_view|t0.005|max195|min0,2.4,366,1090,3202,0,,33.57798165137615,11.430356027482823,17.05498602050326,
aerial_view|t0.005|max195|min0,3.6,23,123,3202,0,,18.69918699186992,0.7183010618363522,1.3834586466165413,
aerial_view|t0.005|max195|min0,5.0,5,30,3202,0,,16.666666666666668,0.1561524047470331,0.3094059405940594,
aerial_view|t0.005|max195|min0,10.0,0,3,3202,0,,0.0,0.0,0.0,
aerial_view|t0.005|max20|min0,0.3,1573,5750,3202,5080,,27.356521739130436,49.12554653341662,35.14298480786417,
aerial_view|t0.005|max20|min0,0.45,1457,5010,3202,5309,,29.08183632734531,45.502810743285444,35.484656600097416,
aerial_view|t0.005|max20|min0,0.6,1395,4454,3202,5374,,31.32016165244724,43.566520924422235,36.442006269592476,
aerial_view|t0.005|max20|min0,0.9,1134,3022,3202,5087,,37.524818001323624,35.41536539662711,36.43958868894602,
aerial_view|t0.005|max20|min0,1.2,902,2186,3202,4520,,41.262580054894784,28.169893816364773,33.48181143281366,
aerial_view|t0.005|max20|min0,1.8,424,796,3202,2501,,53.266331658291456,13.241723922548408,21.210605302651327,
aerial_view|t0.005|max20|min0,2.4,104,161,3202,929,,64.59627329192547,3.2479700187382887,6.184953910199227,
aerial_view|t0.005|max20|min0,3.6,2,2,3202,121,,100.0,0.06246096189881324,0.12484394506866417,
aerial_view|t0.005|max20|min0,5.0,0,0,3202,30,,,0.0,0.0,
aerial_view|t0.005|max20|min0,10.0,0,0,3202,3,,,0.0,0.0,
aerial_view|t0.005|max30|min0,0.3,2064,8266,3202,2564,,24.969755625453665,64.45971267957526,35.99581444018138,
aerial_view|t0.005|max30|min0,0.45,1985,7644,3202,2675,,25.96807953950811,61.99250468457214,36.60335607597271,
aerial_view|t0.005|max30|min0,0.6,1953,7114,3202,2714,,27.452909755411863,60.99312929419113,37.863512989530825,
aerial_view|t0.005|max30|min0,0.9,1756,5504,3202,2605,,31.90406976744186,54.840724547158025,40.33999540546749,
aerial_view|t0.005|max30|min0,1.2,1546,4298,3202,2408,,35.97021870637506,48.28232354778264,41.22666666666667,
aerial_view|t0.005|max30|min0,1.8,855,1813,3202,1484,,47.15940430226144,26.70206121174266,34.097706879361915,
aerial_view|t0.005|max30|min0,2.4,265,424,3202,666,,62.5,8.276077451592755,14.61665747380033,
aerial_view|t0.005|max30|min0,3.6,4,6,3202,117,,66.66666666666667,0.12492192379762648,0.24937655860349128,
aerial_view|t0.005|max30|min0,5.0,0,0,3202,30,,,0.0,0.0,
aerial_view|t0.005|max30|min0,10.0,0,0,3202,3,,,0.0,0.0,
aerial_view|t0.005|max60|min0,0.3,2202,9720,3202,1110,,22.65432098765432,68.76951905059337,34.08141154620028,
aerial_view|t0.005|max60|min0,0.45,2121,9189,3202,1130,,23.08194580476657,66.23985009369144,34.23452505851021,
aerial_view|t0.005|max60|min0,0.6,2081,8674,3202,1154,,23.991238183075858,64.99063085571518,35.04546985517009,
aerial_view|t0.005|max60|min0,0.9,1891,7031,3202,1078,,26.895178495235385,59.05683947532792,36.9588585947425,
aerial_view|t0.005|max60|min0,1.2,1693,5723,3202,983,,29.58238686003844,52.873204247345406,37.938375350140056,
aerial_view|t0.005|max60|min0,1.8,1010,2700,3202,597,,37.407407407407405,31.54278575890069,34.22568620806506,
aerial_view|t0.005|max60|min0,2.4,350,766,3202,324,,45.69190600522193,10.930668332292317,17.641129032258064,
aerial_view|t0.005|max60|min0,3.6,17,39,3202,84,,43.58974358974359,0.5309181761399125,1.0490589324282629,
aerial_view|t0.005|max60|min0,5.0,0,1,3202,29,,0.0,0.0,0.0,
aerial_view|t0.005|max60|min0,10.0,0,0,3202,3,,,0.0,0.0,
aerial_view|t0.0075|max15|min0,0.3,510,1454,3202,4999,,35.075653370013754,15.927545284197377,21.90721649484536,
aerial_view|t0.0075|max15|min0,0.45,411,1077,3202,5055,,38.16155988857939,12.835727670206122,19.21009581677962,
aerial_view|t0.0075|max15|min0,0.6,372,910,3202,4966,,40.879120879120876,11.617738913179263,18.09338521400778,
aerial_view|t0.0075|max15|min0,0.9,239,507,3202,4154,,47.14003944773175,7.464084946908183,12.887570773793476,
aerial_view|t0.0075|max15|min0,1.2,164,305,3202,3327,,53.77049180327869,5.1217988757026855,9.352723125178215,
aerial_view|t0.0075|max15|min0,1.8,57,87,3202,1446,,65.51724137931035,1.7801374141161774,3.466099118273031,
aerial_view|t0.0075|max15|min0,2.4,7,11,3202,420,,63.63636363636363,0.21861336664584635,0.4357298474945534,
aerial_view|t0.0075|max15|min0,3.6,0,0,3202,35,,,0.0,0.0,
aerial_view|t0.0075|max15|min0,5.0,0,0,3202,9,,,0.0,0.0,
aerial_view|t0.0075|max15|min0,10.0,0,0,3202,0,,,0.0,0.0,
aerial_view|t0.0075|max195|min0,0.3,1923,6453,3202,0,,29.8000929800093,60.05621486570893,39.834282755049195,
aerial_view|t0.0075|max195|min0,0.45,1840,6132,3202,0,,30.00652315720809,57.46408494690818,39.42575530319263,
aerial_view|t0.0075|max195|min0,0.6,1792,5876,3202,0,,30.496936691626956,55.965021861336666,39.48006168759639,
aerial_view|t0.0075|max195|min0,0.9,1553,4661,3202,0,,33.31903025101909,48.50093691442848,39.501462546102,
aerial_view|t0.0075|max195|min0,1.2,1296,3632,3202,0,,35.68281938325991,40.47470331043098,37.92800702370501,
aerial_view|t0.0075|max195|min0,1.8,622,1533,3202,0,,40.57403783431181,19.42535915053092,26.27243928194298,
aerial_view|t0.0075|max195|min0,2.4,167,431,3202,0,,38.74709976798144,5.215490318550906,9.193503991191852,
aerial_view|t0.0075|max195|min0,3.6,4,35,3202,0,,11.428571428571429,0.12492192379762648,0.2471424158171146,
aerial_view|t0.0075|max195|min0,5.0,1,9,3202,0,,11.11111111111111,0.03123048094940662,0.06228589224540641,
aerial_view|t0.0075|max195|min0,10.0,0,0,3202,0,,,0.0,0.0,
aerial_view|t0.0075|max20|min0,0.3,1164,2974,3202,3479,,39.13920645595158,36.352279825109306,37.69430051813472,
aerial_view|t0.0075|max20|min0,0.45,1050,2526,3202,3606,,41.56769596199525,32.792004996876955,36.66201117318436,
aerial_view|t0.0075|max20|min0,0.6,985,2244,3202,3632,,43.894830659536545,30.76202373516552,36.1733382298935,
aerial_view|t0.0075|max20|min0,0.9,736,1437,3202,3224,,51.217814892136396,22.98563397876327,31.7309765035568,
aerial_view|t0.0075|max20|min0,1.2,539,963,3202,2669,,55.97092419522326,16.83322923173017,25.88235294117647,
aerial_view|t0.0075|max20|min0,1.8,197,299,3202,1234,,65.88628762541806,6.1524047470331045,11.2539274493002,
aerial_view|t0.0075|max20|min0,2.4,34,42,3202,389,,80.95238095238095,1.061836352279825,2.096177558569667,
aerial_view|t0.0075|max20|min0,3.6,0,0,3202,35,,,0.0,0.0,
aerial_view|t0.0075|max20|min0,5.0,0,0,3202,9,,,0.0,0.0,
aerial_view|t0.0075|max20|min0,10.0,0,0,3202,0,,,0.0,0.0,
aerial_view|t0.0075|max30|min0,0.3,1750,4755,3202,1698,,36.80336487907466,54.65334166146159,43.986427045368856,
aerial_view|t0.0075|max30|min0,0.45,1666,4386,3202,1746,,37.98449612403101,52.02998126171143,43.91143911439114,
aerial_view|t0.0075|max30|min0,0.6,1623,4105,3202,1771,,39.53714981729598,50.687070580886946,44.423155877925275,
aerial_view|t0.0075|max30|min0,0.9,1390,3053,3202,1608,,45.52898788077301,43.4103685196752,44.44444444444444,
aerial_view|t0.0075|max30|min0,1.2,1128,2237,3202,1395,,50.42467590523022,35.227982510930666,41.478212906784336,
aerial_view|t0.0075|max30|min0,1.8,481,794,3202,739,,60.57934508816121,15.021861336664585,24.074074074074073,
aerial_view|t0.0075|max30|min0,2.4,98,141,3202,290,,69.50354609929079,3.060587133041849,5.862997307807358,
aerial_view|t0.0075|max30|min0,3.6,0,1,3202,34,,0.0,0.0,0.0,
aerial_view|t0.0075|max30|min0,5.0,0,0,3202,9,,,0.0,0.0,
aerial_view|t0.0075|max30|min0,10.0,0,0,3202,0,,,0.0,0.0,
aerial_view|t0.0075|max60|min0,0.3,1905,5768,3202,685,,33.027045769764214,59.494066208619614,42.474916387959865,
aerial_view|t0.0075|max60|min0,0.45,1821,5467,3202,665,,33.30894457655021,56.87070580886946,42.01176606298304,
aerial_view|t0.0075|max60|min0,0.6,1772,5188,3202,688,,34.15574402467232,55.340412242348535,42.24076281287247,
aerial_view|t0.0075|max60|min0,0.9,1531,4039,3202,622,,37.90542213419163,47.81386633354153,42.28697693688717,
aerial_view|t0.0075|max60|min0,1.2,1277,3126,3202,506,,40.850927703135,39.881324172392254,40.36030341340076,
aerial_view|t0.0075|max60|min0,1.8,604,1233,3202,300,,48.986212489862126,18.8632104934416,27.237880496054114,
aerial_view|t0.0075|max60|min0,2.4,155,292,3202,139,,53.082191780821915,4.840724547158026,8.872352604464798,
aerial_view|t0.0075|max60|min0,3.6,1,7,3202,28,,14.285714285714286,0.03123048094940662,0.06232471174820817,
aerial_view|t0.0075|max60|min0,5.0,0,0,3202,9,,,0.0,0.0,
aerial_view|t0.0075|max60|min0,10.0,0,0,3202,0,,,0.0,0.0,
aerial_view|t0.01|max15|min0,0.3,299,650,3202,3380,,46.0,9.33791380387258,15.524402907580477,
aerial_view|t0.01|max15|min0,0.45,238,469,3202,3424,,50.74626865671642,7.432854465958775,12.966494143285209,
aerial_view|t0.01|max15|min0,0.6,213,408,3202,3302,,52.205882352941174,6.65209244222361,11.800554016620499,
aerial_view|t0.01|max15|min0,0.9,119,204,3202,2640,,58.333333333333336,3.7164272329793877,6.987668819729889,
aerial_view|t0.01|max15|min0,1.2,69,119,3202,1963,,57.983193277310924,2.154903185509057,4.155374887082204,
aerial_view|t0.01|max15|min0,1.8,13,23,3202,763,,56.52173913043478,0.4059962523422861,0.8062015503875969,
aerial_view|t0.01|max15|min0,2.4,1,2,3202,178,,50.0,0.03123048094940662,0.062421972534332085,
aerial_view|t0.01|max15|min0,3.6,0,0,3202,14,,,0.0,0.0,
aerial_view|t0.01|max15|min0,5.0,0,0,3202,5,,,0.0,0.0,
aerial_view|t0.01|max15|min0,10.0,0,0,3202,0,,,0.0,0.0,
aerial_view|t0.01|max195|min0,0.3,1566,4030,3202,0,,38.858560794044664,48.90693316677077,43.307522123893804,
aerial_view|t0.01|max195|min0,0.45,1516,3893,3202,0,,38.94169021320319,47.345409119300434,42.73431994362227,
aerial_view|t0.01|max195|min0,0.6,1467,3710,3202,0,,39.54177897574124,45.81511555277951,42.447916666666664,
aerial_view|t0.01|max195|min0,0.9,1207,2844,3202,0,,42.440225035161745,37.695190505933795,39.927224611313264,
aerial_view|t0.01|max195|min0,1.2,933,2082,3202,0,,44.81268011527378,29.138038725796378,35.31415594246783,
aerial_view|t0.01|max195|min0,1.8,362,786,3202,0,,46.0559796437659,11.305434103685197,18.154463390170513,
aerial_view|t0.01|max195|min0,2.4,79,180,3202,0,,43.888888888888886,2.467207995003123,4.671791839148433,
aerial_view|t0.01|max195|min0,3.6,3,14,3202,0,,21.428571428571427,0.09369144284821987,0.1865671641791045,
aerial_view|t0.01|max195|min0,5.0,1,5,3202,0,,20.0,0.03123048094940662,0.06236357966947303,
aerial_view|t0.01|max195|min0,10.0,0,0,3202,0,,,0.0,0.0,
aerial_view|t0.01|max20|min0,0.3,791,1558,3202,2472,,50.770218228498074,24.703310430980636,33.23529411764706,
aerial_view|t0.01|max20|min0,0.45,728,1348,3202,2545,,54.00593471810089,22.73579013116802,32.0,
aerial_view|t0.01|max20|min0,0.6,678,1216,3202,2494,,55.75657894736842,21.174266083697688,30.692621095518334,
aerial_view|t0.01|max20|min0,0.9,448,726,3202,2118,,61.70798898071625,13.991255465334167,22.810590631364562,
aerial_view|t0.01|max20|min0,1.2,302,458,3202,1624,,65.93886462882097,9.4316052467208,16.502732240437158,
aerial_view|t0.01|max20|min0,1.8,85,110,3202,676,,77.27272727272727,2.654590880699563,5.132850241545894,
aerial_view|t0.01|max20|min0,2.4,6,9,3202,171,,66.66666666666667,0.18738288569643974,0.3737153534724385,
aerial_view|t0.01|max20|min0,3.6,0,0,3202,14,,,0.0,0.0,
aerial_view|t0.01|max20|min0,5.0,0,0,3202,5,,,0.0,0.0,
aerial_view|t0.01|max20|min0,10.0,0,0,3202,0,,,0.0,0.0,
aerial_view|t0.01|max30|min0,0.3,1376,2834,3202,1196,,48.553281580804516,42.97314178638351,45.593108018555334,
aerial_view|t0.01|max30|min0,0.45,1337,2676,3202,1217,,49.9626307922272,41.75515302935665,45.491663831235115,
aerial_view|t0.01|max30|min0,0.6,1292,2516,3202,1194,,51.351351351351354,40.34978138663335,45.190626093039526,
aerial_view|t0.01|max30|min0,0.9,1031,1803,3202,1041,,57.182473655019415,32.19862585883823,41.1988011988012,
aerial_view|t0.01|max30|min0,1.2,766,1232,3202,850,,62.175324675324674,23.922548407245472,34.55119530897609,
aerial_view|t0.01|max30|min0,1.8,257,390,3202,396,,65.8974358974359,8.026233603997502,14.309576837416481,
aerial_view|t0.01|max30|min0,2.4,33,48,3202,132,,68.75,1.0306058713304185,2.0307692307692307,
aerial_view|t0.01|max30|min0,3.6,0,0,3202,14,,,0.0,0.0,
aerial_view|t0.01|max30|min0,5.0,0,0,3202,5,,,0.0,0.0,
aerial_view|t0.01|max30|min0,10.0,0,0,3202,0,,,0.0,0.0,
aerial_view|t0.01|max60|min0,0.3,1547,3588,3202,442,,43.11594202898551,48.31355402873204,45.56701030927835,
aerial_view|t0.01|max60|min0,0.45,1501,3460,3202,433,,43.38150289017341,46.876951905059336,45.061543080156106,
aerial_view|t0.01|max60|min0,0.6,1451,3285,3202,425,,44.17047184170472,45.31542785758901,44.73562509634654,
aerial_view|t0.01|max60|min0,0.9,1187,2478,3202,366,,47.901533494753835,37.070580886945656,41.79577464788732,
aerial_view|t0.01|max60|min0,1.2,918,1787,3202,295,,51.371012870733075,28.66958151155528,36.80096211665664,
aerial_view|t0.01|max60|min0,1.8,344,626,3202,160,,54.95207667731629,10.743285446595877,17.972831765935215,
aerial_view|t0.01|max60|min0,2.4,71,128,3202,52,,55.46875,2.2173641474078702,4.2642642642642645,
aerial_view|t0.01|max60|min0,3.6,0,2,3202,12,,0.0,0.0,0.0,
aerial_view|t0.01|max60|min0,5.0,0,0,3202,5,,,0.0,0.0,
aerial_view|t0.01|max60|min0,10.0,0,0,3202,0,,,0.0,0.0,
aerial_view|t0.02|max15|min0,0.3,29,36,3202,862,,80.55555555555556,0.905683947532792,1.7912291537986411,
aerial_view|t0.02|max15|min0,0.45,22,26,3202,796,,84.61538461538461,0.6870705808869456,1.3630731102850062,
aerial_view|t0.02|max15|min0,0.6,15,19,3202,703,,78.94736842105263,0.4684572142410993,0.9313877677739832,
aerial_view|t0.02|max15|min0,0.9,6,7,3202,440,,85.71428571428571,0.18738288569643974,0.373948270489249,
aerial_view|t0.02|max15|min0,1.2,0,0,3202,250,,,0.0,0.0,
aerial_view|t0.02|max15|min0,1.8,0,0,3202,66,,,0.0,0.0,
aerial_view|t0.02|max15|min0,2.4,0,0,3202,15,,,0.0,0.0,
aerial_view|t0.02|max15|min0,3.6,0,0,3202,0,,,0.0,0.0,
aerial_view|t0.02|max15|min0,5.0,0,0,3202,0,,,0.0,0.0,
aerial_view|t0.02|max15|min0,10.0,0,0,3202,0,,,0.0,0.0,
aerial_view|t0.02|max195|min0,0.3,565,898,3202,0,,62.91759465478842,17.64522173641474,27.5609756097561,
aerial_view|t0.02|max195|min0,0.45,520,822,3202,0,,63.26034063260341,16.239850093691444,25.84493041749503,
aerial_view|t0.02|max195|min0,0.6,460,722,3202,0,,63.71191135734072,14.366021236727045,23.44546381243629,
aerial_view|t0.02|max195|min0,0.9,271,447,3202,0,,60.62639821029083,8.463460337289193,14.853384488901069,
aerial_view|t0.02|max195|min0,1.2,163,250,3202,0,,65.2,5.090568394753279,9.44380069524913,
aerial_view|t0.02|max195|min0,1.8,44,66,3202,0,,66.66666666666667,1.3741411617738912,2.692778457772338,
aerial_view|t0.02|max195|min0,2.4,9,15,3202,0,,60.0,0.2810743285446596,0.5595275101025801,
aerial_view|t0.02|max195|min0,3.6,0,0,3202,0,,,0.0,0.0,
aerial_view|t0.02|max195|min0,5.0,0,0,3202,0,,,0.0,0.0,
aerial_view|t0.02|max195|min0,10.0,0,0,3202,0,,,0.0,0.0,
aerial_view|t0.02|max20|min0,0.3,162,190,3202,708,,85.26315789473684,5.059337913803873,9.55188679245283,
aerial_view|t0.02|max20|min0,0.45,127,148,3202,674,,85.8108108108108,3.966271080574641,7.582089552238806,
aerial_view|t0.02|max20|min0,0.6,101,120,3202,602,,84.16666666666667,3.1542785758900687,6.080674292594822,
aerial_view|t0.02|max20|min0,0.9,41,47,3202,400,,87.23404255319149,1.2804497189256714,2.523853493382579,
aerial_view|t0.02|max20|min0,1.2,15,17,3202,233,,88.23529411764706,0.4684572142410993,0.9319664492078286,
aerial_view|t0.02|max20|min0,1.8,1,1,3202,65,,100.0,0.03123048094940662,0.062441461130190445,
aerial_view|t0.02|max20|min0,2.4,0,0,3202,15,,,0.0,0.0,
aerial_view|t0.02|max20|min0,3.6,0,0,3202,0,,,0.0,0.0,
aerial_view|t0.02|max20|min0,5.0,0,0,3202,0,,,0.0,0.0,
aerial_view|t0.02|max20|min0,10.0,0,0,3202,0,,,0.0,0.0,
aerial_view|t0.02|max30|min0,0.3,438,548,3202,350,,79.92700729927007,13.678950655840099,23.36,
aerial_view|t0.02|max30|min0,0.45,402,501,3202,321,,80.23952095808383,12.554653341661462,21.712125303807724,
aerial_view|t0.02|max30|min0,0.6,354,438,3202,284,,80.82191780821918,11.055590256089944,19.45054945054945,
aerial_view|t0.02|max30|min0,0.9,198,248,3202,199,,79.83870967741936,6.183635227982511,11.478260869565217,
aerial_view|t0.02|max30|min0,1.2,92,118,3202,132,,77.96610169491525,2.873204247345409,5.542168674698795,
aerial_view|t0.02|max30|min0,1.8,15,18,3202,48,,83.33333333333333,0.4684572142410993,0.9316770186335404,
aerial_view|t0.02|max30|min0,2.4,0,0,3202,15,,,0.0,0.0,
aerial_view|t0.02|max30|min0,3.6,0,0,3202,0,,,0.0,0.0,
aerial_view|t0.02|max30|min0,5.0,0,0,3202,0,,,0.0,0.0,
aerial_view|t0.02|max30|min0,10.0,0,0,3202,0,,,0.0,0.0,
aerial_view|t0.02|max60|min0,0.3,546,770,3202,128,,70.9090909090909,17.051842598376016,27.492447129909365,
aerial_view|t0.02|max60|min0,0.45,499,707,3202,115,,70.57991513437058,15.584009993753904,25.530826298286005,
aerial_view|t0.02|max60|min0,0.6,444,618,3202,104,,71.84466019417475,13.86633354153654,23.24607329842932,
aerial_view|t0.02|max60|min0,0.9,261,382,3202,65,,68.32460732984293,8.151155527795128,14.564732142857142,
aerial_view|t0.02|max60|min0,1.2,151,214,3202,36,,70.5607476635514,4.7158026233604,8.840749414519907,
aerial_view|t0.02|max60|min0,1.8,37,50,3202,16,,74.0,1.155527795128045,2.275522755227552,
aerial_view|t0.02|max60|min0,2.4,6,10,3202,5,,60.0,0.18738288569643974,0.37359900373599003,
aerial_view|t0.02|max60|min0,3.6,0,0,3202,0,,,0.0,0.0,
aerial_view|t0.02|max60|min0,5.0,0,0,3202,0,,,0.0,0.0,
aerial_view|t0.02|max60|min0,10.0,0,0,3202,0,,,0.0,0.0,
aerial_view|t0.05|max15|min0,0.3,0,0,3202,18,,,0.0,0.0,
aerial_view|t0.05|max15|min0,0.45,0,0,3202,14,,,0.0,0.0,
aerial_view|t0.05|max15|min0,0.6,0,0,3202,12,,,0.0,0.0,
aerial_view|t0.05|max15|min0,0.9,0,0,3202,3,,,0.0,0.0,
aerial_view|t0.05|max15|min0,1.2,0,0,3202,1,,,0.0,0.0,
aerial_view|t0.05|max15|min0,1.8,0,0,3202,0,,,0.0,0.0,
aerial_view|t0.05|max15|min0,2.4,0,0,3202,0,,,0.0,0.0,
aerial_view|t0.05|max15|min0,3.6,0,0,3202,0,,,0.0,0.0,
aerial_view|t0.05|max15|min0,5.0,0,0,3202,0,,,0.0,0.0,
aerial_view|t0.05|max15|min0,10.0,0,0,3202,0,,,0.0,0.0,
aerial_view|t0.05|max195|min0,0.3,10,18,3202,0,,55.55555555555556,0.3123048094940662,0.6211180124223602,
aerial_view|t0.05|max195|min0,0.45,9,14,3202,0,,64.28571428571429,0.2810743285446596,0.5597014925373134,
aerial_view|t0.05|max195|min0,0.6,10,12,3202,0,,83.33333333333333,0.3123048094940662,0.6222775357809583,
aerial_view|t0.05|max195|min0,0.9,3,3,3202,0,,100.0,0.09369144284821987,0.187207488299532,
aerial_view|t0.05|max195|min0,1.2,1,1,3202,0,,100.0,0.03123048094940662,0.062441461130190445,
aerial_view|t0.05|max195|min0,1.8,0,0,3202,0,,,0.0,0.0,
aerial_view|t0.05|max195|min0,2.4,0,0,3202,0,,,0.0,0.0,
aerial_view|t0.05|max195|min0,3.6,0,0,3202,0,,,0.0,0.0,
aerial_view|t0.05|max195|min0,5.0,0,0,3202,0,,,0.0,0.0,
aerial_view|t0.05|max195|min0,10.0,0,0,3202,0,,,0.0,0.0,
aerial_view|t0.05|max20|min0,0.3,0,0,3202,18,,,0.0,0.0,
aerial_view|t0.05|max20|min0,0.45,0,0,3202,14,,,0.0,0.0,
aerial_view|t0.05|max20|min0,0.6,0,0,3202,12,,,0.0,0.0,
aerial_view|t0.05|max20|min0,0.9,0,0,3202,3,,,0.0,0.0,
aerial_view|t0.05|max20|min0,1.2,0,0,3202,1,,,0.0,0.0,
aerial_view|t0.05|max20|min0,1.8,0,0,3202,0,,,0.0,0.0,
aerial_view|t0.05|max20|min0,2.4,0,0,3202,0,,,0.0,0.0,
aerial_view|t0.05|max20|min0,3.6,0,0,3202,0,,,0.0,0.0,
aerial_view|t0.05|max20|min0,5.0,0,0,3202,0,,,0.0,0.0,
aerial_view|t0.05|max20|min0,10.0,0,0,3202,0,,,0.0,0.0,
aerial_view|t0.05|max30|min0,0.3,2,2,3202,16,,100.0,0.06246096189881324,0.12484394506866417,
aerial_view|t0.05|max30|min0,0.45,2,2,3202,12,,100.0,0.06246096189881324,0.12484394506866417,
aerial_view|t0.05|max30|min0,0.6,1,1,3202,11,,100.0,0.03123048094940662,0.062441461130190445,
aerial_view|t0.05|max30|min0,0.9,1,1,3202,2,,100.0,0.03123048094940662,0.062441461130190445,
aerial_view|t0.05|max30|min0,1.2,0,0,3202,1,,,0.0,0.0,
aerial_view|t0.05|max30|min0,1.8,0,0,3202,0,,,0.0,0.0,
aerial_view|t0.05|max30|min0,2.4,0,0,3202,0,,,0.0,0.0,
aerial_view|t0.05|max30|min0,3.6,0,0,3202,0,,,0.0,0.0,
aerial_view|t0.05|max30|min0,5.0,0,0,3202,0,,,0.0,0.0,
aerial_view|t0.05|max30|min0,10.0,0,0,3202,0,,,0.0,0.0,
aerial_view|t0.05|max60|min0,0.3,7,8,3202,10,,87.5,0.21861336664584635,0.43613707165109034,
aerial_view|t0.05|max60|min0,0.45,6,6,3202,8,,100.0,0.18738288569643974,0.3740648379052369,
aerial_view|t0.05|max60|min0,0.6,5,5,3202,7,,100.0,0.1561524047470331,0.3118178983473651,
aerial_view|t0.05|max60|min0,0.9,2,2,3202,1,,100.0,0.06246096189881324,0.12484394506866417,
aerial_view|t0.05|max60|min0,1.2,1,1,3202,0,,100.0,0.03123048094940662,0.062441461130190445,
aerial_view|t0.05|max60|min0,1.8,0,0,3202,0,,,0.0,0.0,
aerial_view|t0.05|max60|min0,2.4,0,0,3202,0,,,0.0,0.0,
aerial_view|t0.05|max60|min0,3.6,0,0,3202,0,,,0.0,0.0,
aerial_view|t0.05|max60|min0,5.0,0,0,3202,0,,,0.0,0.0,
aerial_view|t0.05|max60|min0,10.0,0,0,3202,0,,,0.0,0.0,
aerial_view|t0.1|max15|min0,0.3,0,0,3202,2,,,0.0,0.0,
aerial_view|t0.1|max15|min0,0.45,0,0,3202,2,,,0.0,0.0,
aerial_view|t0.1|max15|min0,0.6,0,0,3202,2,,,0.0,0.0,
aerial_view|t0.1|max15|min0,0.9,0,0,3202,0,,,0.0,0.0,
aerial_view|t0.1|max15|min0,1.2,0,0,3202,0,,,0.0,0.0,
aerial_view|t0.1|max15|min0,1.8,0,0,3202,0,,,0.0,0.0,
aerial_view|t0.1|max15|min0,2.4,0,0,3202,0,,,0.0,0.0,
aerial_view|t0.1|max15|min0,3.6,0,0,3202,0,,,0.0,0.0,
aerial_view|t0.1|max15|min0,5.0,0,0,3202,0,,,0.0,0.0,
aerial_view|t0.1|max15|min0,10.0,0,0,3202,0,,,0.0,0.0,
aerial_view|t0.1|max195|min0,0.3,2,2,3202,0,,100.0,0.06246096189881324,0.12484394506866417,
aerial_view|t0.1|max195|min0,0.45,2,2,3202,0,,100.0,0.06246096189881324,0.12484394506866417,
aerial_view|t0.1|max195|min0,0.6,2,2,3202,0,,100.0,0.06246096189881324,0.12484394506866417,
aerial_view|t0.1|max195|min0,0.9,0,0,3202,0,,,0.0,0.0,
aerial_view|t0.1|max195|min0,1.2,0,0,3202,0,,,0.0,0.0,
aerial_view|t0.1|max195|min0,1.8,0,0,3202,0,,,0.0,0.0,
aerial_view|t0.1|max195|min0,2.4,0,0,3202,0,,,0.0,0.0,
aerial_view|t0.1|max195|min0,3.6,0,0,3202,0,,,0.0,0.0,
aerial_view|t0.1|max195|min0,5.0,0,0,3202,0,,,0.0,0.0,
aerial_view|t0.1|max195|min0,10.0,0,0,3202,0,,,0.0,0.0,
aerial_view|t0.1|max20|min0,0.3,0,0,3202,2,,,0.0,0.0,
aerial_view|t0.1|max20|min0,0.45,0,0,3202,2,,,0.0,0.0,
aerial_view|t0.1|max20|min0,0.6,0,0,3202,2,,,0.0,0.0,
aerial_view|t0.1|max20|min0,0.9,0,0,3202,0,,,0.0,0.0,
aerial_view|t0.1|max20|min0,1.2,0,0,3202,0,,,0.0,0.0,
aerial_view|t0.1|max20|min0,1.8,0,0,3202,0,,,0.0,0.0,
aerial_view|t0.1|max20|min0,2.4,0,0,3202,0,,,0.0,0.0,
aerial_view|t0.1|max20|min0,3.6,0,0,3202,0,,,0.0,0.0,
aerial_view|t0.1|max20|min0,5.0,0,0,3202,0,,,0.0,0.0,
aerial_view|t0.1|max20|min0,10.0,0,0,3202,0,,,0.0,0.0,
aerial_view|t0.1|max30|min0,0.3,0,0,3202,2,,,0.0,0.0,
aerial_view|t0.1|max30|min0,0.45,0,0,3202,2,,,0.0,0.0,
aerial_view|t0.1|max30|min0,0.6,0,0,3202,2,,,0.0,0.0,
aerial_view|t0.1|max30|min0,0.9,0,0,3202,0,,,0.0,0.0,
aerial_view|t0.1|max30|min0,1.2,0,0,3202,0,,,0.0,0.0,
aerial_view|t0.1|max30|min0,1.8,0,0,3202,0,,,0.0,0.0,
aerial_view|t0.1|max30|min0,2.4,0,0,3202,0,,,0.0,0.0,
aerial_view|t0.1|max30|min0,3.6,0,0,3202,0,,,0.0,0.0,
aerial_view|t0.1|max30|min0,5.0,0,0,3202,0,,,0.0,0.0,
aerial_view|t0.1|max30|min0,10.0,0,0,3202,0,,,0.0,0.0,
aerial_view|t0.1|max60|min0,0.3,0,0,3202,2,,,0.0,0.0,
aerial_view|t0.1|max60|min0,0.45,0,0,3202,2,,,0.0,0.0,
aerial_view|t0.1|max60|min0,0.6,0,0,3202,2,,,0.0,0.0,
aerial_view|t0.1|max60|min0,0.9,0,0,3202,0,,,0.0,0.0,
aerial_view|t0.1|max60|min0,1.2,0,0,3202,0,,,0.0,0.0,
aerial_view|t0.1|max60|min0,1.8,0,0,3202,0,,,0.0,0.0,
aerial_view|t0.1|max60|min0,2.4,0,0,3202,0,,,0.0,0.0,
aerial_view|t0.1|max60|min0,3.6,0,0,3202,0,,,0.0,0.0,
aerial_view|t0.1|max60|min0,5.0,0,0,3202,0,,,0.0,0.0,
aerial_view|t0.1|max60|min0,10.0,0,0,3202,0,,,0.0,0.0,
aerial_view|t0.2|max15|min0,0.3,0,0,3202,1,,,0.0,0.0,
aerial_view|t0.2|max15|min0,0.45,0,0,3202,0,,,0.0,0.0,
aerial_view|t0.2|max15|min0,0.6,0,0,3202,0,,,0.0,0.0,
aerial_view|t0.2|max15|min0,0.9,0,0,3202,0,,,0.0,0.0,
aerial_view|t0.2|max15|min0,1.2,0,0,3202,0,,,0.0,0.0,
aerial_view|t0.2|max15|min0,1.8,0,0,3202,0,,,0.0,0.0,
aerial_view|t0.2|max15|min0,2.4,0,0,3202,0,,,0.0,0.0,
aerial_view|t0.2|max15|min0,3.6,0,0,3202,0,,,0.0,0.0,
aerial_view|t0.2|max15|min0,5.0,0,0,3202,0,,,0.0,0.0,
aerial_view|t0.2|max15|min0,10.0,0,0,3202,0,,,0.0,0.0,
aerial_view|t0.2|max195|min0,0.3,1,1,3202,0,,100.0,0.03123048094940662,0.062441461130190445,
aerial_view|t0.2|max195|min0,0.45,0,0,3202,0,,,0.0,0.0,
aerial_view|t0.2|max195|min0,0.6,0,0,3202,0,,,0.0,0.0,
aerial_view|t0.2|max195|min0,0.9,0,0,3202,0,,,0.0,0.0,
aerial_view|t0.2|max195|min0,1.2,0,0,3202,0,,,0.0,0.0,
aerial_view|t0.2|max195|min0,1.8,0,0,3202,0,,,0.0,0.0,
aerial_view|t0.2|max195|min0,2.4,0,0,3202,0,,,0.0,0.0,
aerial_view|t0.2|max195|min0,3.6,0,0,3202,0,,,0.0,0.0,
aerial_view|t0.2|max195|min0,5.0,0,0,3202,0,,,0.0,0.0,
aerial_view|t0.2|max195|min0,10.0,0,0,3202,0,,,0.0,0.0,
aerial_view|t0.2|max20|min0,0.3,0,0,3202,1,,,0.0,0.0,
aerial_view|t0.2|max20|min0,0.45,0,0,3202,0,,,0.0,0.0,
aerial_view|t0.2|max20|min0,0.6,0,0,3202,0,,,0.0,0.0,
aerial_view|t0.2|max20|min0,0.9,0,0,3202,0,,,0.0,0.0,
aerial_view|t0.2|max20|min0,1.2,0,0,3202,0,,,0.0,0.0,
aerial_view|t0.2|max20|min0,1.8,0,0,3202,0,,,0.0,0.0,
aerial_view|t0.2|max20|min0,2.4,0,0,3202,0,,,0.0,0.0,
aerial_view|t0.2|max20|min0,3.6,0,0,3202,0,,,0.0,0.0,
aerial_view|t0.2|max20|min0,5.0,0,0,3202,0,,,0.0,0.0,
aerial_view|t0.2|max20|min0,10.0,0,0,3202,0,,,0.0,0.0,
aerial_view|t0.2|max30|min0,0.3,0,0,3202,1,,,0.0,0.0,
aerial_view|t0.2|max30|min0,0.45,0,0,3202,0,,,0.0,0.0,
aerial_view|t0.2|max30|min0,0.6,0,0,3202,0,,,0.0,0.0,
aerial_view|t0.2|max30|min0,0.9,0,0,3202,0,,,0.0,0.0,
aerial_view|t0.2|max30|min0,1.2,0,0,3202,0,,,0.0,0.0,
aerial_view|t0.2|max30|min0,1.8,0,0,3202,0,,,0.0,0.0,
aerial_view|t0.2|max30|min0,2.4,0,0,3202,0,,,0.0,0.0,
aerial_view|t0.2|max30|min0,3.6,0,0,3202,0,,,0.0,0.0,
aerial_view|t0.2|max30|min0,5.0,0,0,3202,0,,,0.0,0.0,
aerial_view|t0.2|max30|min0,10.0,0,0,3202,0,,,0.0,0.0,
aerial_view|t0.2|max60|min0,0.3,0,0,3202,1,,,0.0,0.0,
aerial_view|t0.2|max60|min0,0.45,0,0,3202,0,,,0.0,0.0,
aerial_view|t0.2|max60|min0,0.6,0,0,3202,0,,,0.0,0.0,
aerial_view|t0.2|max60|min0,0.9,0,0,3202,0,,,0.0,0.0,
aerial_view|t0.2|max60|min0,1.2,0,0,3202,0,,,0.0,0.0,
aerial_view|t0.2|max60|min0,1.8,0,0,3202,0,,,0.0,0.0,
aerial_view|t0.2|max60|min0,2.4,0,0,3202,0,,,0.0,0.0,
aerial_view|t0.2|max60|min0,3.6,0,0,3202,0,,,0.0,0.0,
aerial_view|t0.2|max60|min0,5.0,0,0,3202,0,,,0.0,0.0,
aerial_view|t0.2|max60|min0,10.0,0,0,3202,0,,,0.0,0.0,
all_generic|t0.001|max15|min0,0.3,1658,18471,3202,21117,,8.976233013913703,51.780137414116176,15.300143035112812,
all_generic|t0.001|max15|min0,0.45,1624,16252,3202,21836,,9.992616293379276,50.71830106183635,16.69579520921147,
all_generic|t0.001|max15|min0,0.6,1563,14984,3202,22336,,10.431126534970636,48.81324172392255,17.18904651930056,
all_generic|t0.001|max15|min0,0.9,1433,11420,3202,22668,,12.54816112084063,44.75327920049969,19.600601832854604,
all_generic|t0.001|max15|min0,1.2,1227,8953,3202,21835,,13.704903384340444,38.319800124921926,20.18922254216372,
all_generic|t0.001|max15|min0,1.8,819,5021,3202,17370,,16.3114917347142,25.577763897564022,19.919737322145203,
all_generic|t0.001|max15|min0,2.4,473,2018,3202,11401,,23.439048562933596,14.772017489069333,18.122605363984675,
all_generic|t0.001|max15|min0,3.6,62,200,3202,3947,,31.0,1.9362898188632105,3.6449147560258672,
all_generic|t0.001|max15|min0,5.0,0,7,3202,1640,,0.0,0.0,0.0,
all_generic|t0.001|max15|min0,10.0,0,1,3202,601,,0.0,0.0,0.0,
all_generic|t0.001|max195|min0,0.3,2627,39588,3202,0,,6.63584924724664,82.0424734540912,12.278569759289553,
all_generic|t0.001|max195|min0,0.45,2599,38088,3202,0,,6.823671497584541,81.1680199875078,12.58900460159845,
all_generic|t0.001|max195|min0,0.6,2589,37320,3202,0,,6.937299035369775,80.85571517801374,12.778243916884655,
all_generic|t0.001|max195|min0,0.9,2528,34088,3202,0,,7.416099507157944,78.95065584009994,13.55859479753285,
all_generic|t0.001|max195|min0,1.2,2441,30788,3202,0,,7.928413667662726,76.23360399750156,14.363047955280965,
all_generic|t0.001|max195|min0,1.8,2179,22391,3202,0,,9.73158858469921,68.05121798875703,17.02809361934904,
all_generic|t0.001|max195|min0,2.4,1690,13419,3202,0,,12.594083016618228,52.77951280449719,20.335719872450515,
all_generic|t0.001|max195|min0,3.6,599,4147,3202,0,,14.44417651314203,18.707058088694566,16.301537624166553,
all_generic|t0.001|max195|min0,5.0,194,1647,3202,0,,11.77899210686096,6.058713304184884,8.001649824706124,
all_generic|t0.001|max195|min0,10.0,30,602,3202,0,,4.983388704318937,0.9369144284821986,1.5772870662460567,
all_generic|t0.001|max20|min0,0.3,2300,25498,3202,14090,,9.020315318848537,71.83010618363522,16.027874564459932,
all_generic|t0.001|max20|min0,0.45,2263,23531,3202,14557,,9.617100845692915,70.67457838850719,16.93038566565668,
all_generic|t0.001|max20|min0,0.6,2253,22320,3202,15000,,10.094086021505376,70.36227357901312,17.655356163310085,
all_generic|t0.001|max20|min0,0.9,2128,18302,3202,15786,,11.627144574363458,66.45846346033728,19.791666666666668,
all_generic|t0.001|max20|min0,1.2,1976,14992,3202,15796,,13.180362860192103,61.711430356027485,21.72144663075739,
all_generic|t0.001|max20|min0,1.8,1547,8891,3202,13500,,17.399617590822178,48.31355402873204,25.585049202017697,
all_generic|t0.001|max20|min0,2.4,966,3832,3202,9587,,25.20876826722338,30.168644597126796,27.466590844469717,
all_generic|t0.001|max20|min0,3.6,187,460,3202,3687,,40.65217391304348,5.840099937539038,10.212998361551065,
all_generic|t0.001|max20|min0,5.0,14,41,3202,1606,,34.146341463414636,0.4372267332916927,0.8633980881899476,
all_generic|t0.001|max20|min0,10.0,0,4,3202,598,,0.0,0.0,0.0,
all_generic|t0.001|max30|min0,0.3,2537,31572,3202,8016,,8.035601165589764,79.2317301686446,14.591361361937079,
all_generic|t0.001|max30|min0,0.45,2512,29875,3202,8213,,8.40836820083682,78.45096814490944,15.18880188650724,
all_generic|t0.001|max30|min0,0.6,2510,28858,3202,8462,,8.69776145263012,78.38850718301062,15.658140985651903,
all_generic|t0.001|max30|min0,0.9,2434,25162,3202,8926,,9.673316906446228,76.01499063085572,17.162600479481032,
all_generic|t0.001|max30|min0,1.2,2340,21667,3202,9121,,10.79983384871002,73.07932542161149,18.81860951385259,
all_generic|t0.001|max30|min0,1.8,2034,13942,3202,8449,,14.589011619566776,63.522798251093064,23.728418105459635,
all_generic|t0.001|max30|min0,2.4,1491,6643,3202,6776,,22.44467860906217,46.56464709556527,30.289487049263585,
all_generic|t0.001|max30|min0,3.6,402,997,3202,3150,,40.320962888665996,12.554653341661462,19.147416051440818,
all_generic|t0.001|max30|min0,5.0,86,164,3202,1483,,52.4390243902439,2.6858213616489692,5.109922756981581,
all_generic|t0.001|max30|min0,10.0,4,18,3202,584,,22.22222222222222,0.12492192379762648,0.2484472049689441,
all_generic|t0.001|max60|min0,0.3,2614,35570,3202,4018,,7.348889513635085,81.6364772017489,13.483957495099556,
all_generic|t0.001|max60|min0,0.45,2588,34044,3202,4044,,7.60192691810598,80.82448469706434,13.896794286634806,
all_generic|t0.001|max60|min0,0.6,2576,33129,3202,4191,,7.775664825379577,80.44971892567146,14.180727202664391,
all_generic|t0.001|max60|min0,0.9,2519,29702,3202,4386,,8.48091037640563,78.66958151155528,15.311208363724775,
all_generic|t0.001|max60|min0,1.2,2421,26361,3202,4427,,9.184021850460908,75.60899437851343,16.37858133477658,
all_generic|t0.001|max60|min0,1.8,2163,18201,3202,4190,,11.883962419647272,67.55153029356651,20.21211979629024,
all_generic|t0.001|max60|min0,2.4,1675,9763,3202,3656,,17.156611697224214,52.31105559025609,25.838796760509062,
all_generic|t0.001|max60|min0,3.6,579,2094,3202,2053,,27.650429799426934,18.082448469706435,21.865558912386707,
all_generic|t0.001|max60|min0,5.0,175,512,3202,1135,,34.1796875,5.4653341661461585,9.42380183091007,
all_generic|t0.001|max60|min0,10.0,18,78,3202,524,,23.076923076923077,0.5621486570893192,1.0975609756097562,
all_generic|t0.002|max15|min0,0.3,1484,12306,3202,15335,,12.059158134243459,46.34603372891942,19.138509156564353,
all_generic|t0.002|max15|min0,0.45,1413,10325,3202,15778,,13.685230024213075,44.12866958151155,20.891550232867598,
all_generic|t0.002|max15|min0,0.6,1342,9196,3202,15861,,14.5933014354067,41.91130543410369,21.648653008549765,
all_generic|t0.002|max15|min0,0.9,1125,6163,3202,15420,,18.254097030666884,35.13429106808245,24.02562733582488,
all_generic|t0.002|max15|min0,1.2,888,4510,3202,14401,,19.68957871396896,27.73266708307308,23.029045643153527,
all_generic|t0.002|max15|min0,1.8,514,2087,3202,9958,,24.628653569717297,16.052467207995004,19.436566458687842,
all_generic|t0.002|max15|min0,2.4,217,623,3202,5293,,34.831460674157306,6.777014366021237,11.34640522875817,
all_generic|t0.002|max15|min0,3.6,17,31,3202,1278,,54.83870967741935,0.5309181761399125,1.0516548097742036,
all_generic|t0.002|max15|min0,5.0,0,0,3202,460,,,0.0,0.0,
all_generic|t0.002|max15|min0,10.0,0,0,3202,204,,,0.0,0.0,
all_generic|t0.002|max195|min0,0.3,2561,27641,3202,0,,9.26522195289606,79.98126171143035,16.606685471581883,
all_generic|t0.002|max195|min0,0.45,2506,26103,3202,0,,9.600429069455618,78.26358525921299,17.102883466985155,
all_generic|t0.002|max195|min0,0.6,2494,25057,3202,0,,9.953306461268308,77.88881948782011,17.65101383629994,
all_generic|t0.002|max195|min0,0.9,2400,21583,3202,0,,11.119862855024788,74.9531542785759,19.366552350211823,
all_generic|t0.002|max195|min0,1.2,2270,18911,3202,0,,12.003595790809582,70.89319175515303,20.53090941979831,
all_generic|t0.002|max195|min0,1.8,1850,12045,3202,0,,15.359070153590702,57.776389756402246,24.2670689315931,
all_generic|t0.002|max195|min0,2.4,1177,5916,3202,0,,19.895199459093984,36.75827607745159,25.81706514586532,
all_generic|t0.002|max195|min0,3.6,226,1309,3202,0,,17.26508785332315,7.058088694565896,10.01995123032587,
all_generic|t0.002|max195|min0,5.0,43,460,3202,0,,9.347826086956522,1.3429106808244846,2.3484434735117423,
all_generic|t0.002|max195|min0,10.0,5,204,3202,0,,2.450980392156863,0.1561524047470331,0.29359953024075164,
all_generic|t0.002|max20|min0,0.3,2168,17589,3202,10052,,12.325885496617204,67.70768269831355,20.855177721129333,
all_generic|t0.002|max20|min0,0.45,2097,15707,3202,10396,,13.350735340930795,65.49031855090568,22.179914326511184,
all_generic|t0.002|max20|min0,0.6,2091,14495,3202,10562,,14.425664022076578,65.30293566520925,23.631123919308358,
all_generic|t0.002|max20|min0,0.9,1886,10794,3202,10789,,17.47267000185288,58.90068707058089,26.95055730208631,
all_generic|t0.002|max20|min0,1.2,1681,8404,3202,10507,,20.002379819133747,52.49843847595253,28.967775288643804,
all_generic|t0.002|max20|min0,1.8,1124,4127,3202,7918,,27.235279864308215,35.103060587133044,30.672670214217494,
all_generic|t0.002|max20|min0,2.4,535,1374,3202,4542,,38.93740902474527,16.708307307932543,23.382867132867133,
all_generic|t0.002|max20|min0,3.6,45,78,3202,1231,,57.69230769230769,1.4053716427232978,2.7439024390243905,
all_generic|t0.002|max20|min0,5.0,1,4,3202,456,,25.0,0.03123048094940662,0.06238303181534623,
all_generic|t0.002|max20|min0,10.0,0,0,3202,204,,,0.0,0.0,
all_generic|t0.002|max30|min0,0.3,2455,22111,3202,5530,,11.103070869702863,76.67083073079326,19.397147710662505,
all_generic|t0.002|max30|min0,0.45,2399,20496,3202,5607,,11.70472287275566,74.92192379762648,20.246434298253018,
all_generic|t0.002|max30|min0,0.6,2394,19356,3202,5701,,12.368257904525729,74.76577139287944,21.22528592960369,
all_generic|t0.002|max30|min0,0.9,2288,15667,3202,5916,,14.60394459692347,71.45534041224235,24.251417669192858,
all_generic|t0.002|max30|min0,1.2,2141,12976,3202,5935,,16.49969173859433,66.86445971267958,26.468043021387068,
all_generic|t0.002|max30|min0,1.8,1677,7146,3202,4899,,23.467674223341728,52.3735165521549,32.41206030150754,
all_generic|t0.002|max30|min0,2.4,962,2659,3202,3257,,36.17901466716811,30.04372267332917,32.827162600238864,
all_generic|t0.002|max30|min0,3.6,120,210,3202,1099,,57.142857142857146,3.7476577139287945,7.033997655334115,
all_generic|t0.002|max30|min0,5.0,9,16,3202,444,,56.25,0.2810743285446596,0.5593536357986327,
all_generic|t0.002|max30|min0,10.0,0,0,3202,204,,,0.0,0.0,
all_generic|t0.002|max60|min0,0.3,2546,24920,3202,2721,,10.21669341894061,79.51280449718925,18.106820283052414,
all_generic|t0.002|max60|min0,0.45,2495,23417,3202,2686,,10.654652602809925,77.92004996876952,18.74600849017619,
all_generic|t0.002|max60|min0,0.6,2479,22288,3202,2769,,11.122577171572146,77.42036227357902,19.450765005884662,
all_generic|t0.002|max60|min0,0.9,2385,18804,3202,2779,,12.683471601786854,74.4846970643348,21.6759065709352,
all_generic|t0.002|max60|min0,1.2,2251,16135,3202,2776,,13.951038115897118,70.2998126171143,23.281791384392616,
all_generic|t0.002|max60|min0,1.8,1826,9685,3202,2360,,18.853897780072277,57.02685821361649,28.338635834561963,
all_generic|t0.002|max60|min0,2.4,1161,4201,3202,1715,,27.636277076886454,36.25858838226109,31.36566256922869,
all_generic|t0.002|max60|min0,3.6,205,533,3202,776,,38.46153846153846,6.402248594628357,10.977242302543507,
all_generic|t0.002|max60|min0,5.0,30,79,3202,381,,37.9746835443038,0.9369144284821986,1.828710758914965,
all_generic|t0.002|max60|min0,10.0,0,3,3202,201,,0.0,0.0,0.0,
all_generic|t0.003|max15|min0,0.3,1285,8105,3202,11874,,15.854410857495374,40.131168019987506,22.729282745202088,
all_generic|t0.003|max15|min0,0.45,1190,6462,3202,12247,,18.415351284432063,37.16427232979388,24.62748344370861,
all_generic|t0.003|max15|min0,0.6,1089,5634,3202,12265,,19.329073482428115,34.00999375390381,24.649162516976006,
all_generic|t0.003|max15|min0,0.9,836,3540,3202,11538,,23.615819209039547,26.108682073703935,24.799762681696826,
all_generic|t0.003|max15|min0,1.2,647,2566,3202,10509,,25.214341387373345,20.206121174266084,22.434119278779473,
all_generic|t0.003|max15|min0,1.8,355,1083,3202,6459,,32.77931671283472,11.08682073703935,16.569428238039674,
all_generic|t0.003|max15|min0,2.4,116,256,3202,2989,,45.3125,3.622735790131168,6.70908039329092,
all_generic|t0.003|max15|min0,3.6,4,8,3202,585,,50.0,0.12492192379762648,0.24922118380062305,
all_generic|t0.003|max15|min0,5.0,0,0,3202,191,,,0.0,0.0,
all_generic|t0.003|max15|min0,10.0,0,0,3202,70,,,0.0,0.0,
all_generic|t0.003|max195|min0,0.3,2472,19979,3202,0,,12.372991641223285,77.20174890693316,21.32781156982011,
all_generic|t0.003|max195|min0,0.45,2419,18709,3202,0,,12.929606071943985,75.54653341661462,22.080233672584548,
all_generic|t0.003|max195|min0,0.6,2392,17899,3202,0,,13.363875076819934,74.70331043098064,22.671911283825413,
all_generic|t0.003|max195|min0,0.9,2243,15078,3202,0,,14.875978246451783,70.04996876951905,24.54048140043764,
all_generic|t0.003|max195|min0,1.2,2092,13075,3202,0,,16.0,65.33416614615865,25.70498249063095,
all_generic|t0.003|max195|min0,1.8,1557,7542,3202,0,,20.644391408114558,48.62585883822611,28.98361876396128,
all_generic|t0.003|max195|min0,2.4,835,3245,3202,0,,25.731895223420647,26.077451592754528,25.90352101752753,
all_generic|t0.003|max195|min0,3.6,104,593,3202,0,,17.537942664418214,3.2479700187382887,5.480895915678524,
all_generic|t0.003|max195|min0,5.0,15,191,3202,0,,7.853403141361256,0.4684572142410993,0.8841732979664014,
all_generic|t0.003|max195|min0,10.0,4,70,3202,0,,5.714285714285714,0.12492192379762648,0.24449877750611246,
all_generic|t0.003|max20|min0,0.3,1993,12203,3202,7776,,16.33204949602557,62.2423485321674,25.874716001298278,
all_generic|t0.003|max20|min0,0.45,1923,10566,3202,8143,,18.199886428165815,60.05621486570893,27.93434049970947,
all_generic|t0.003|max20|min0,0.6,1877,9602,3202,8297,,19.54801083107686,58.619612742036225,29.318962824117463,
all_generic|t0.003|max20|min0,0.9,1616,6865,3202,8213,,23.539694100509834,50.4684572142411,32.104897188834805,
all_generic|t0.003|max20|min0,1.2,1401,5231,3202,7844,,26.782641942267254,43.75390381011868,33.226609747420845,
all_generic|t0.003|max20|min0,1.8,813,2291,3202,5251,,35.48668703622872,25.390381011867582,29.601310759148006,
all_generic|t0.003|max20|min0,2.4,321,642,3202,2603,,50.0,10.024984384759525,16.701352757544225,
all_generic|t0.003|max20|min0,3.6,10,22,3202,571,,45.45454545454545,0.3123048094940662,0.6203473945409429,
all_generic|t0.003|max20|min0,5.0,0,0,3202,191,,,0.0,0.0,
all_generic|t0.003|max20|min0,10.0,0,0,3202,70,,,0.0,0.0,
all_generic|t0.003|max30|min0,0.3,2353,15812,3202,4167,,14.881102959777385,73.48532167395378,24.750184074892186,
all_generic|t0.003|max30|min0,0.45,2300,14440,3202,4269,,15.92797783933518,71.83010618363522,26.074141253826095,
all_generic|t0.003|max30|min0,0.6,2273,13511,3202,4388,,16.823329139219894,70.98688319800125,27.200382935439478,
all_generic|t0.003|max30|min0,0.9,2112,10651,3202,4427,,19.82912402591306,65.95877576514678,30.491590269255756,
all_generic|t0.003|max30|min0,1.2,1951,8693,3202,4382,,22.44334522029219,60.93066833229232,32.80369903320723,
all_generic|t0.003|max30|min0,1.8,1366,4332,3202,3210,,31.532779316712833,42.66083697688944,36.26227767454208,
all_generic|t0.003|max30|min0,2.4,645,1380,3202,1865,,46.73913043478261,20.14366021236727,28.153644696639024,
all_generic|t0.003|max30|min0,3.6,34,61,3202,532,,55.73770491803279,1.061836352279825,2.083971805087343,
all_generic|t0.003|max30|min0,5.0,2,3,3202,188,,66.66666666666667,0.06246096189881324,0.12480499219968799,
all_generic|t0.003|max30|min0,10.0,0,0,3202,70,,,0.0,0.0,
all_generic|t0.003|max60|min0,0.3,2456,17985,3202,1994,,13.655824298026133,76.70206121174266,23.18402794166234,
all_generic|t0.003|max60|min0,0.45,2406,16739,3202,1970,,14.373618495728538,75.14053716427233,24.131187001654883,
all_generic|t0.003|max60|min0,0.6,2374,15862,3202,2037,,14.966586811247005,74.14116177389131,24.905581200167855,
all_generic|t0.003|max60|min0,0.9,2225,13070,3202,2008,,17.02371843917368,69.48782011242973,27.347590953785645,
all_generic|t0.003|max60|min0,1.2,2073,11093,3202,1982,,18.687460560713962,64.74078700811992,29.00314795383001,
all_generic|t0.003|max60|min0,1.8,1535,6082,3202,1460,,25.23840841828346,47.93878825733916,33.067643257216716,
all_generic|t0.003|max60|min0,2.4,818,2290,3202,955,,35.72052401746725,25.546533416614615,29.788783685360524,
all_generic|t0.003|max60|min0,3.6,82,197,3202,396,,41.6243654822335,2.5608994378513428,4.824948514268903,
all_generic|t0.003|max60|min0,5.0,6,16,3202,175,,37.5,0.18738288569643974,0.3729024238657551,
all_generic|t0.003|max60|min0,10.0,0,1,3202,69,,0.0,0.0,0.0,
all_generic|t0.005|max15|min0,0.3,902,3837,3202,7953,,23.507948918425853,28.169893816364773,25.62864043187953,
all_generic|t0.005|max15|min0,0.45,788,2943,3202,8080,,26.775399252463473,24.609618988132418,25.64686737184703,
all_generic|t0.005|max15|min0,0.6,698,2463,3202,7963,,28.33942346731628,21.798875702685823,24.642541924095323,
all_generic|t0.005|max15|min0,0.9,508,1435,3202,7108,,35.400696864111495,15.865084322298564,21.91071813672633,
all_generic|t0.005|max15|min0,1.2,369,982,3202,6108,,37.57637474541752,11.524047470331043,17.63862332695985,
all_generic|t0.005|max15|min0,1.8,168,347,3202,3296,,48.414985590778095,5.246720799500312,9.467455621301776,
all_generic|t0.005|max15|min0,2.4,36,63,3202,1249,,57.142857142857146,1.1242973141786383,2.2052067381316998,
all_generic|t0.005|max15|min0,3.6,1,1,3202,192,,100.0,0.03123048094940662,0.062441461130190445,
all_generic|t0.005|max15|min0,5.0,0,0,3202,47,,,0.0,0.0,
all_generic|t0.005|max15|min0,10.0,0,0,3202,8,,,0.0,0.0,
all_generic|t0.005|max195|min0,0.3,2277,11790,3202,0,,19.31297709923664,71.11180512179888,30.376200640341516,
all_generic|t0.005|max195|min0,0.45,2194,11023,3202,0,,19.903837430826453,68.51967520299813,30.847100175746924,
all_generic|t0.005|max195|min0,0.6,2144,10426,3202,0,,20.563974678687895,66.9581511555278,31.464631640739654,
all_generic|t0.005|max195|min0,0.9,1956,8543,3202,0,,22.89593819501346,61.08682073703935,33.30779054916986,
all_generic|t0.005|max195|min0,1.2,1757,7090,3202,0,,24.78138222849083,54.871955028107436,34.143023707734166,
all_generic|t0.005|max195|min0,1.8,1102,3643,3202,0,,30.24979412572056,34.4159900062461,32.19868517165814,
all_generic|t0.005|max195|min0,2.4,437,1312,3202,0,,33.30792682926829,13.647720174890694,19.361984935755427,
all_generic|t0.005|max195|min0,3.6,29,193,3202,0,,15.025906735751295,0.905683947532792,1.7083946980854197,
all_generic|t0.005|max195|min0,5.0,5,47,3202,0,,10.638297872340425,0.1561524047470331,0.3077870113881194,
all_generic|t0.005|max195|min0,10.0,1,8,3202,0,,12.5,0.03123048094940662,0.06230529595015576,
all_generic|t0.005|max20|min0,0.3,1656,6451,3202,5339,,25.67043869167571,51.71767645221736,34.31057702268725,
all_generic|t0.005|max20|min0,0.45,1528,5506,3202,5517,,27.751543770432257,47.720174890693315,35.094166283876895,
all_generic|t0.005|max20|min0,0.6,1458,4857,3202,5569,,30.018529956763434,45.534041224234855,36.183149274103485,
all_generic|t0.005|max20|min0,0.9,1181,3274,3202,5269,,36.072083078802684,36.88319800124922,36.47313156269302,
all_generic|t0.005|max20|min0,1.2,943,2373,3202,4717,,39.73872734934682,29.450343535290443,33.82959641255606,
all_generic|t0.005|max20|min0,1.8,456,891,3202,2752,,51.178451178451176,14.24109931292942,22.28194478377718,
all_generic|t0.005|max20|min0,2.4,122,198,3202,1114,,61.61616161616162,3.8101186758276078,7.176470588235294,
all_generic|t0.005|max20|min0,3.6,2,4,3202,189,,50.0,0.06246096189881324,0.12476606363069245,
all_generic|t0.005|max20|min0,5.0,0,0,3202,47,,,0.0,0.0,
all_generic|t0.005|max20|min0,10.0,0,0,3202,8,,,0.0,0.0,
all_generic|t0.005|max30|min0,0.3,2129,9085,3202,2705,,23.434232250963127,66.4896939412867,34.65451289981281,
all_generic|t0.005|max30|min0,0.45,2049,8227,3202,2796,,24.905797982253556,63.99125546533416,35.85615539417272,
all_generic|t0.005|max30|min0,0.6,1999,7593,3202,2833,,26.32688002107204,62.429731417863835,37.03566465956461,
all_generic|t0.005|max30|min0,0.9,1799,5818,3202,2725,,30.921278789962187,56.18363522798251,39.889135254988915,
all_generic|t0.005|max30|min0,1.2,1584,4564,3202,2526,,34.70639789658195,49.46908182386009,40.79320113314448,
all_generic|t0.005|max30|min0,1.8,914,2002,3202,1641,,45.654345654345654,28.54465958775765,35.126825518831666,
all_generic|t0.005|max30|min0,2.4,311,501,3202,811,,62.075848303393215,9.71267957526546,16.797191466378614,
all_generic|t0.005|max30|min0,3.6,5,11,3202,182,,45.45454545454545,0.1561524047470331,0.3112356053532524,
all_generic|t0.005|max30|min0,5.0,0,0,3202,47,,,0.0,0.0,
all_generic|t0.005|max30|min0,10.0,0,0,3202,8,,,0.0,0.0,
all_generic|t0.005|max60|min0,0.3,2259,10613,3202,1177,,21.285216244228778,70.54965646470956,32.70358306188925,
all_generic|t0.005|max60|min0,0.45,2179,9835,3202,1188,,22.15556685307575,68.05121798875703,33.42793587481783,
all_generic|t0.005|max60|min0,0.6,2124,9205,3202,1221,,23.07441607821836,66.33354153653966,34.23873619730797,
all_generic|t0.005|max60|min0,0.9,1937,7398,3202,1145,,26.182752095160854,60.493441599000626,36.54716981132076,
all_generic|t0.005|max60|min0,1.2,1730,6042,3202,1048,,28.6329030122476,54.02873204247346,37.42968411942882,
all_generic|t0.005|max60|min0,1.8,1080,2968,3202,675,,36.38814016172507,33.72891942535915,35.00810372771475,
all_generic|t0.005|max60|min0,2.4,421,897,3202,415,,46.93422519509476,13.148032479700188,20.54159551110027,
all_generic|t0.005|max60|min0,3.6,20,51,3202,142,,39.21568627450981,0.6246096189881324,1.2296341838303104,
all_generic|t0.005|max60|min0,5.0,0,1,3202,46,,0.0,0.0,0.0,
all_generic|t0.005|max60|min0,10.0,0,0,3202,8,,,0.0,0.0,
all_generic|t0.0075|max15|min0,0.3,586,1793,3202,5306,,32.68265476854434,18.30106183635228,23.463463463463462,
all_generic|t0.0075|max15|min0,0.45,470,1285,3202,5323,,36.57587548638132,14.678326046221112,20.949409404947627,
all_generic|t0.0075|max15|min0,0.6,416,1068,3202,5204,,38.951310861423224,12.991880074953155,19.484777517564403,
all_generic|t0.0075|max15|min0,0.9,266,573,3202,4333,,46.42233856893543,8.30730793254216,14.092715231788079,
all_generic|t0.0075|max15|min0,1.2,183,360,3202,3496,,50.833333333333336,5.715178013741411,10.275126333520495,
all_generic|t0.0075|max15|min0,1.8,61,99,3202,1609,,61.61616161616162,1.9050593379138039,3.695849742502272,
all_generic|t0.0075|max15|min0,2.4,7,12,3202,519,,58.333333333333336,0.21861336664584635,0.4355942750466708,
all_generic|t0.0075|max15|min0,3.6,0,0,3202,58,,,0.0,0.0,
all_generic|t0.0075|max15|min0,5.0,0,0,3202,14,,,0.0,0.0,
all_generic|t0.0075|max15|min0,10.0,0,0,3202,3,,,0.0,0.0,
all_generic|t0.0075|max195|min0,0.3,1998,7099,3202,0,,28.144809128046205,62.39850093691443,38.79235025725658,
all_generic|t0.0075|max195|min0,0.45,1903,6608,3202,0,,28.798426150121067,59.4316052467208,38.79714576962284,
all_generic|t0.0075|max195|min0,0.6,1855,6272,3202,0,,29.575892857142858,57.93254216114928,39.15980578425164,
all_generic|t0.0075|max195|min0,0.9,1605,4906,3202,0,,32.7150428047289,50.12492192379763,39.590527873704985,
all_generic|t0.0075|max195|min0,1.2,1350,3856,3202,0,,35.010373443983404,42.16114928169894,38.25446302068575,
all_generic|t0.0075|max195|min0,1.8,679,1708,3202,0,,39.75409836065574,21.205496564647095,27.65784114052953,
all_generic|t0.0075|max195|min0,2.4,197,531,3202,0,,37.099811676082865,6.1524047470331045,10.554513795874632,
all_generic|t0.0075|max195|min0,3.6,7,58,3202,0,,12.068965517241379,0.21861336664584635,0.4294478527607362,
all_generic|t0.0075|max195|min0,5.0,2,14,3202,0,,14.285714285714286,0.06246096189881324,0.12437810945273632,
all_generic|t0.0075|max195|min0,10.0,0,3,3202,0,,0.0,0.0,0.0,
all_generic|t0.0075|max20|min0,0.3,1260,3439,3202,3660,,36.63855772026752,39.35040599625234,37.94609245595543,
all_generic|t0.0075|max20|min0,0.45,1127,2836,3202,3772,,39.73906911142454,35.19675202998126,37.33024180192117,
all_generic|t0.0075|max20|min0,0.6,1050,2482,3202,3790,,42.30459307010475,32.792004996876955,36.94581280788177,
all_generic|t0.0075|max20|min0,0.9,777,1545,3202,3361,,50.29126213592233,24.266083697688945,32.73646513587529,
all_generic|t0.0075|max20|min0,1.2,576,1055,3202,2801,,54.59715639810427,17.988757026858213,27.061310782241016,
all_generic|t0.0075|max20|min0,1.8,217,338,3202,1370,,64.20118343195266,6.777014366021237,12.259887005649718,
all_generic|t0.0075|max20|min0,2.4,38,51,3202,480,,74.50980392156863,1.1867582760774515,2.33630494927759,
all_generic|t0.0075|max20|min0,3.6,0,0,3202,58,,,0.0,0.0,
all_generic|t0.0075|max20|min0,5.0,0,0,3202,14,,,0.0,0.0,
all_generic|t0.0075|max20|min0,10.0,0,0,3202,3,,,0.0,0.0,
all_generic|t0.0075|max30|min0,0.3,1834,5300,3202,1799,,34.60377358490566,57.27670206121174,43.142789931780754,
all_generic|t0.0075|max30|min0,0.45,1732,4771,3202,1837,,36.302661915740934,54.091193004372265,43.446632384297004,
all_generic|t0.0075|max30|min0,0.6,1683,4414,3202,1858,,38.128681468056186,52.56089943785134,44.19642857142857,
all_generic|t0.0075|max30|min0,0.9,1437,3220,3202,1686,,44.62732919254658,44.87820112429731,44.75241357832451,
all_generic|t0.0075|max30|min0,1.2,1173,2387,3202,1469,,49.141181399245916,36.63335415365397,41.97530864197531,
all_generic|t0.0075|max30|min0,1.8,529,882,3202,826,,59.97732426303855,16.520924422236103,25.905974534769832,
all_generic|t0.0075|max30|min0,2.4,119,175,3202,356,,68.0,3.7164272329793877,7.047675451584246,
all_generic|t0.0075|max30|min0,3.6,0,1,3202,57,,0.0,0.0,0.0,
all_generic|t0.0075|max30|min0,5.0,0,0,3202,14,,,0.0,0.0,
all_generic|t0.0075|max30|min0,10.0,0,0,3202,3,,,0.0,0.0,
all_generic|t0.0075|max60|min0,0.3,1980,6373,3202,726,,31.068570531931588,61.83635227982511,41.35770234986945,
all_generic|t0.0075|max60|min0,0.45,1885,5905,3202,703,,31.922099915325994,58.86945658963148,41.3967277918085,
all_generic|t0.0075|max60|min0,0.6,1833,5546,3202,726,,33.05084745762712,57.24547158026233,41.906721536351164,
all_generic|t0.0075|max60|min0,0.9,1582,4239,3202,667,,37.320122670441144,49.40662086196127,42.5211665098777,
all_generic|t0.0075|max60|min0,1.2,1330,3306,3202,550,,40.229885057471265,41.53653966271081,40.872771972956365,
all_generic|t0.0075|max60|min0,1.8,660,1361,3202,347,,48.49375459221161,20.61211742660837,28.928336620644313,
all_generic|t0.0075|max60|min0,2.4,184,346,3202,185,,53.179190751445084,5.746408494690818,10.372040586245772,
all_generic|t0.0075|max60|min0,3.6,3,9,3202,49,,33.333333333333336,0.09369144284821987,0.18685767673621925,
all_generic|t0.0075|max60|min0,5.0,0,0,3202,14,,,0.0,0.0,
all_generic|t0.0075|max60|min0,10.0,0,0,3202,3,,,0.0,0.0,
all_generic|t0.01|max15|min0,0.3,345,805,3202,3654,,42.857142857142854,10.774515927545284,17.219865235837286,
all_generic|t0.01|max15|min0,0.45,274,567,3202,3631,,48.32451499118166,8.557151780137414,14.53966569381799,
all_generic|t0.01|max15|min0,0.6,243,489,3202,3468,,49.693251533742334,7.589006870705809,13.167163370360337,
all_generic|t0.01|max15|min0,0.9,135,241,3202,2767,,56.016597510373444,4.216114928169894,7.841998257333721,
all_generic|t0.01|max15|min0,1.2,78,139,3202,2102,,56.115107913669064,2.4359775140537163,4.669260700389105,
all_generic|t0.01|max15|min0,1.8,17,29,3202,869,,58.62068965517241,0.5309181761399125,1.0523057876818322,
all_generic|t0.01|max15|min0,2.4,1,2,3202,239,,50.0,0.03123048094940662,0.062421972534332085,
all_generic|t0.01|max15|min0,3.6,0,0,3202,18,,,0.0,0.0,
all_generic|t0.01|max15|min0,5.0,0,0,3202,6,,,0.0,0.0,
all_generic|t0.01|max15|min0,10.0,0,0,3202,2,,,0.0,0.0,
all_generic|t0.01|max195|min0,0.3,1648,4459,3202,0,,36.958959407939,51.46783260462211,43.023104033416004,
all_generic|t0.01|max195|min0,0.45,1584,4198,3202,0,,37.732253454025724,49.46908182386009,42.810810810810814,
all_generic|t0.01|max195|min0,0.6,1523,3957,3202,0,,38.48875410664645,47.56402248594628,42.54784187735717,
all_generic|t0.01|max195|min0,0.9,1248,3008,3202,0,,41.48936170212766,38.97564022485946,40.193236714975846,
all_generic|t0.01|max195|min0,1.2,979,2241,3202,0,,43.685854529228024,30.57464084946908,35.97280911262172,
all_generic|t0.01|max195|min0,1.8,407,898,3202,0,,45.32293986636971,12.710805746408495,19.853658536585368,
all_generic|t0.01|max195|min0,2.4,103,241,3202,0,,42.738589211618255,3.216739537788882,5.983154225965728,
all_generic|t0.01|max195|min0,3.6,4,18,3202,0,,22.22222222222222,0.12492192379762648,0.2484472049689441,
all_generic|t0.01|max195|min0,5.0,1,6,3202,0,,16.666666666666668,0.03123048094940662,0.06234413965087282,
all_generic|t0.01|max195|min0,10.0,0,2,3202,0,,0.0,0.0,0.0,
all_generic|t0.01|max20|min0,0.3,874,1820,3202,2639,,48.02197802197802,27.295440349781387,34.806849860613305,
all_generic|t0.01|max20|min0,0.45,787,1523,3202,2675,,51.674326986211426,24.57838850718301,33.31216931216931,
all_generic|t0.01|max20|min0,0.6,729,1350,3202,2607,,54.0,22.767020612117427,32.0298769771529,
all_generic|t0.01|max20|min0,0.9,477,799,3202,2209,,59.69962453066333,14.896939412866958,23.844038990252436,
all_generic|t0.01|max20|min0,1.2,329,507,3202,1734,,64.89151873767258,10.274828232354778,17.74063089781612,
all_generic|t0.01|max20|min0,1.8,96,133,3202,765,,72.18045112781955,2.998126171143036,5.75712143928036,
all_generic|t0.01|max20|min0,2.4,11,14,3202,227,,78.57142857142857,0.3435352904434728,0.6840796019900498,
all_generic|t0.01|max20|min0,3.6,0,0,3202,18,,,0.0,0.0,
all_generic|t0.01|max20|min0,5.0,0,0,3202,6,,,0.0,0.0,
all_generic|t0.01|max20|min0,10.0,0,0,3202,2,,,0.0,0.0,
all_generic|t0.01|max30|min0,0.3,1465,3171,3202,1288,,46.19993692841375,45.7526545908807,45.97520790836341,
all_generic|t0.01|max30|min0,0.45,1405,2915,3202,1283,,48.19897084048027,43.8788257339163,45.93755108713422,
all_generic|t0.01|max30|min0,0.6,1347,2703,3202,1254,,49.833518312985575,42.06745783885072,45.62235393734124,
all_generic|t0.01|max30|min0,0.9,1077,1914,3202,1094,,56.26959247648903,33.63522798251093,42.10320562939797,
all_generic|t0.01|max30|min0,1.2,808,1324,3202,917,,61.027190332326285,25.23422860712055,35.704816615112684,
all_generic|t0.01|max30|min0,1.8,290,449,3202,449,,64.5879732739421,9.05683947532792,15.886058614078335,
all_generic|t0.01|max30|min0,2.4,46,65,3202,176,,70.76923076923077,1.4366021236727045,2.8160391796755433,
all_generic|t0.01|max30|min0,3.6,0,0,3202,18,,,0.0,0.0,
all_generic|t0.01|max30|min0,5.0,0,0,3202,6,,,0.0,0.0,
all_generic|t0.01|max30|min0,10.0,0,0,3202,2,,,0.0,0.0,
all_generic|t0.01|max60|min0,0.3,1630,3973,3202,486,,41.02693178957966,50.90568394753279,45.43554006968641,
all_generic|t0.01|max60|min0,0.45,1569,3735,3202,463,,42.00803212851405,49.00062460961899,45.235692662534234,
all_generic|t0.01|max60|min0,0.6,1504,3507,3202,450,,42.88565725691474,46.970643347907554,44.83529587121777,
all_generic|t0.01|max60|min0,0.9,1228,2616,3202,392,,46.94189602446483,38.35103060587133,42.21381918184943,
all_generic|t0.01|max60|min0,1.2,960,1915,3202,326,,50.130548302872064,29.981261711430356,37.52198553840141,
all_generic|t0.01|max60|min0,1.8,387,707,3202,191,,54.73833097595474,12.086196127420362,19.80046047582502,
all_generic|t0.01|max60|min0,2.4,94,161,3202,80,,58.38509316770186,2.935665209244222,5.590246803449301,
all_generic|t0.01|max60|min0,3.6,1,3,3202,15,,33.333333333333336,0.03123048094940662,0.062402496099843996,
all_generic|t0.01|max60|min0,5.0,0,0,3202,6,,,0.0,0.0,
all_generic|t0.01|max60|min0,10.0,0,0,3202,2,,,0.0,0.0,
all_generic|t0.02|max15|min0,0.3,44,59,3202,975,,74.57627118644068,1.3741411617738912,2.698558724317694,
all_generic|t0.02|max15|min0,0.45,30,38,3202,892,,78.94736842105263,0.9369144284821986,1.8518518518518519,
all_generic|t0.02|max15|min0,0.6,24,29,3202,797,,82.75862068965517,0.749531542785759,1.4856081708449396,
all_generic|t0.02|max15|min0,0.9,6,8,3202,495,,75.0,0.18738288569643974,0.37383177570093457,
all_generic|t0.02|max15|min0,1.2,0,1,3202,275,,0.0,0.0,0.0,
all_generic|t0.02|max15|min0,1.8,0,0,3202,86,,,0.0,0.0,
all_generic|t0.02|max15|min0,2.4,0,0,3202,16,,,0.0,0.0,
all_generic|t0.02|max15|min0,3.6,0,0,3202,1,,,0.0,0.0,
all_generic|t0.02|max15|min0,5.0,0,0,3202,0,,,0.0,0.0,
all_generic|t0.02|max15|min0,10.0,0,0,3202,0,,,0.0,0.0,
all_generic|t0.02|max195|min0,0.3,632,1034,3202,0,,61.12185686653772,19.737663960024985,29.83947119924457,
all_generic|t0.02|max195|min0,0.45,576,930,3202,0,,61.935483870967744,17.988757026858213,27.87996127783156,
all_generic|t0.02|max195|min0,0.6,519,826,3202,0,,62.832929782082324,16.208619612742037,25.76961271102284,
all_generic|t0.02|max195|min0,0.9,302,503,3202,0,,60.03976143141153,9.4316052467208,16.30229419703104,
all_generic|t0.02|max195|min0,1.2,179,276,3202,0,,64.85507246376811,5.590256089943785,10.293271995399655,
all_generic|t0.02|max195|min0,1.8,57,86,3202,0,,66.27906976744185,1.7801374141161774,3.4671532846715327,
all_generic|t0.02|max195|min0,2.4,9,16,3202,0,,56.25,0.2810743285446596,0.5593536357986327,
all_generic|t0.02|max195|min0,3.6,1,1,3202,0,,100.0,0.03123048094940662,0.062441461130190445,
all_generic|t0.02|max195|min0,5.0,0,0,3202,0,,,0.0,0.0,
all_generic|t0.02|max195|min0,10.0,0,0,3202,0,,,0.0,0.0,
all_generic|t0.02|max20|min0,0.3,188,235,3202,799,,80.0,5.871330418488444,10.93977305789933,
all_generic|t0.02|max20|min0,0.45,149,181,3202,749,,82.32044198895028,4.653341661461586,8.808749630505469,
all_generic|t0.02|max20|min0,0.6,124,149,3202,677,,83.22147651006712,3.872579637726421,7.400775887794688,
all_generic|t0.02|max20|min0,0.9,49,57,3202,446,,85.96491228070175,1.5302935665209245,3.0070573795642837,
all_generic|t0.02|max20|min0,1.2,18,21,3202,255,,85.71428571428571,0.5621486570893192,1.1169717654359292,
all_generic|t0.02|max20|min0,1.8,2,2,3202,84,,100.0,0.06246096189881324,0.12484394506866417,
all_generic|t0.02|max20|min0,2.4,0,0,3202,16,,,0.0,0.0,
all_generic|t0.02|max20|min0,3.6,0,0,3202,1,,,0.0,0.0,
all_generic|t0.02|max20|min0,5.0,0,0,3202,0,,,0.0,0.0,
all_generic|t0.02|max20|min0,10.0,0,0,3202,0,,,0.0,0.0,
all_generic|t0.02|max30|min0,0.3,493,643,3202,391,,76.67185069984448,15.396627108057464,25.64369310793238,
all_generic|t0.02|max30|min0,0.45,450,575,3202,355,,78.26086956521739,14.05371642723298,23.828435266084195,
all_generic|t0.02|max30|min0,0.6,400,506,3202,320,,79.05138339920948,12.492192379762649,21.57497303128371,
all_generic|t0.02|max30|min0,0.9,218,278,3202,225,,78.41726618705036,6.808244846970643,12.528735632183908,
all_generic|t0.02|max30|min0,1.2,102,134,3202,142,,76.11940298507463,3.1855090568394755,6.115107913669065,
all_generic|t0.02|max30|min0,1.8,25,30,3202,56,,83.33333333333333,0.7807620237351656,1.547029702970297,
all_generic|t0.02|max30|min0,2.4,0,1,3202,15,,0.0,0.0,0.0,
all_generic|t0.02|max30|min0,3.6,0,0,3202,1,,,0.0,0.0,
all_generic|t0.02|max30|min0,5.0,0,0,3202,0,,,0.0,0.0,
all_generic|t0.02|max30|min0,10.0,0,0,3202,0,,,0.0,0.0,
all_generic|t0.02|max60|min0,0.3,612,893,3202,141,,68.53303471444569,19.11305434103685,29.89010989010989,
all_generic|t0.02|max60|min0,0.45,555,804,3202,126,,69.02985074626865,17.332916926920674,27.708437343984023,
all_generic|t0.02|max60|min0,0.6,502,715,3202,111,,70.20979020979021,15.677701436602124,25.631861118202707,
all_generic|t0.02|max60|min0,0.9,291,431,3202,72,,67.51740139211137,9.088069956277327,16.01981833195706,
all_generic|t0.02|max60|min0,1.2,167,239,3202,37,,69.8744769874477,5.215490318550906,9.70648067422261,
all_generic|t0.02|max60|min0,1.8,50,67,3202,19,,74.6268656716418,1.5615240474703311,3.059039461609055,
all_generic|t0.02|max60|min0,2.4,6,11,3202,5,,54.54545454545455,0.18738288569643974,0.3734827264239029,
all_generic|t0.02|max60|min0,3.6,0,0,3202,1,,,0.0,0.0,
all_generic|t0.02|max60|min0,5.0,0,0,3202,0,,,0.0,0.0,
all_generic|t0.02|max60|min0,10.0,0,0,3202,0,,,0.0,0.0,
all_generic|t0.05|max15|min0,0.3,0,0,3202,31,,,0.0,0.0,
all_generic|t0.05|max15|min0,0.45,0,0,3202,19,,,0.0,0.0,
all_generic|t0.05|max15|min0,0.6,0,0,3202,16,,,0.0,0.0,
all_generic|t0.05|max15|min0,0.9,0,0,3202,3,,,0.0,0.0,
all_generic|t0.05|max15|min0,1.2,0,0,3202,1,,,0.0,0.0,
all_generic|t0.05|max15|min0,1.8,0,0,3202,0,,,0.0,0.0,
all_generic|t0.05|max15|min0,2.4,0,0,3202,0,,,0.0,0.0,
all_generic|t0.05|max15|min0,3.6,0,0,3202,0,,,0.0,0.0,
all_generic|t0.05|max15|min0,5.0,0,0,3202,0,,,0.0,0.0,
all_generic|t0.05|max15|min0,10.0,0,0,3202,0,,,0.0,0.0,
all_generic|t0.05|max195|min0,0.3,15,31,3202,0,,48.38709677419355,0.4684572142410993,0.9279307145066502,
all_generic|t0.05|max195|min0,0.45,13,19,3202,0,,68.42105263157895,0.4059962523422861,0.8072027320707855,
all_generic|t0.05|max195|min0,0.6,13,16,3202,0,,81.25,0.4059962523422861,0.8079552517091361,
all_generic|t0.05|max195|min0,0.9,3,3,3202,0,,100.0,0.09369144284821987,0.187207488299532,
all_generic|t0.05|max195|min0,1.2,1,1,3202,0,,100.0,0.03123048094940662,0.062441461130190445,
all_generic|t0.05|max195|min0,1.8,0,0,3202,0,,,0.0,0.0,
all_generic|t0.05|max195|min0,2.4,0,0,3202,0,,,0.0,0.0,
all_generic|t0.05|max195|min0,3.6,0,0,3202,0,,,0.0,0.0,
all_generic|t0.05|max195|min0,5.0,0,0,3202,0,,,0.0,0.0,
all_generic|t0.05|max195|min0,10.0,0,0,3202,0,,,0.0,0.0,
all_generic|t0.05|max20|min0,0.3,0,0,3202,31,,,0.0,0.0,
all_generic|t0.05|max20|min0,0.45,0,0,3202,19,,,0.0,0.0,
all_generic|t0.05|max20|min0,0.6,0,0,3202,16,,,0.0,0.0,
all_generic|t0.05|max20|min0,0.9,0,0,3202,3,,,0.0,0.0,
all_generic|t0.05|max20|min0,1.2,0,0,3202,1,,,0.0,0.0,
all_generic|t0.05|max20|min0,1.8,0,0,3202,0,,,0.0,0.0,
all_generic|t0.05|max20|min0,2.4,0,0,3202,0,,,0.0,0.0,
all_generic|t0.05|max20|min0,3.6,0,0,3202,0,,,0.0,0.0,
all_generic|t0.05|max20|min0,5.0,0,0,3202,0,,,0.0,0.0,
all_generic|t0.05|max20|min0,10.0,0,0,3202,0,,,0.0,0.0,
all_generic|t0.05|max30|min0,0.3,4,4,3202,27,,100.0,0.12492192379762648,0.2495321272613849,
all_generic|t0.05|max30|min0,0.45,3,3,3202,16,,100.0,0.09369144284821987,0.187207488299532,
all_generic|t0.05|max30|min0,0.6,3,3,3202,13,,100.0,0.09369144284821987,0.187207488299532,
all_generic|t0.05|max30|min0,0.9,1,1,3202,2,,100.0,0.03123048094940662,0.062441461130190445,
all_generic|t0.05|max30|min0,1.2,0,0,3202,1,,,0.0,0.0,
all_generic|t0.05|max30|min0,1.8,0,0,3202,0,,,0.0,0.0,
all_generic|t0.05|max30|min0,2.4,0,0,3202,0,,,0.0,0.0,
all_generic|t0.05|max30|min0,3.6,0,0,3202,0,,,0.0,0.0,
all_generic|t0.05|max30|min0,5.0,0,0,3202,0,,,0.0,0.0,
all_generic|t0.05|max30|min0,10.0,0,0,3202,0,,,0.0,0.0,
all_generic|t0.05|max60|min0,0.3,11,14,3202,17,,78.57142857142857,0.3435352904434728,0.6840796019900498,
all_generic|t0.05|max60|min0,0.45,9,9,3202,10,,100.0,0.2810743285446596,0.5605730302086578,
all_generic|t0.05|max60|min0,0.6,8,8,3202,8,,100.0,0.24984384759525297,0.4984423676012461,
all_generic|t0.05|max60|min0,0.9,2,2,3202,1,,100.0,0.06246096189881324,0.12484394506866417,
all_generic|t0.05|max60|min0,1.2,1,1,3202,0,,100.0,0.03123048094940662,0.062441461130190445,
all_generic|t0.05|max60|min0,1.8,0,0,3202,0,,,0.0,0.0,
all_generic|t0.05|max60|min0,2.4,0,0,3202,0,,,0.0,0.0,
all_generic|t0.05|max60|min0,3.6,0,0,3202,0,,,0.0,0.0,
all_generic|t0.05|max60|min0,5.0,0,0,3202,0,,,0.0,0.0,
all_generic|t0.05|max60|min0,10.0,0,0,3202,0,,,0.0,0.0,
all_generic|t0.1|max15|min0,0.3,0,0,3202,6,,,0.0,0.0,
all_generic|t0.1|max15|min0,0.45,0,0,3202,4,,,0.0,0.0,
all_generic|t0.1|max15|min0,0.6,0,0,3202,3,,,0.0,0.0,
all_generic|t0.1|max15|min0,0.9,0,0,3202,0,,,0.0,0.0,
all_generic|t0.1|max15|min0,1.2,0,0,3202,0,,,0.0,0.0,
all_generic|t0.1|max15|min0,1.8,0,0,3202,0,,,0.0,0.0,
all_generic|t0.1|max15|min0,2.4,0,0,3202,0,,,0.0,0.0,
all_generic|t0.1|max15|min0,3.6,0,0,3202,0,,,0.0,0.0,
all_generic|t0.1|max15|min0,5.0,0,0,3202,0,,,0.0,0.0,
all_generic|t0.1|max15|min0,10.0,0,0,3202,0,,,0.0,0.0,
all_generic|t0.1|max195|min0,0.3,4,6,3202,0,,66.66666666666667,0.12492192379762648,0.24937655860349128,
all_generic|t0.1|max195|min0,0.45,2,4,3202,0,,50.0,0.06246096189881324,0.12476606363069245,
all_generic|t0.1|max195|min0,0.6,2,3,3202,0,,66.66666666666667,0.06246096189881324,0.12480499219968799,
all_generic|t0.1|max195|min0,0.9,0,0,3202,0,,,0.0,0.0,
all_generic|t0.1|max195|min0,1.2,0,0,3202,0,,,0.0,0.0,
all_generic|t0.1|max195|min0,1.8,0,0,3202,0,,,0.0,0.0,
all_generic|t0.1|max195|min0,2.4,0,0,3202,0,,,0.0,0.0,
all_generic|t0.1|max195|min0,3.6,0,0,3202,0,,,0.0,0.0,
all_generic|t0.1|max195|min0,5.0,0,0,3202,0,,,0.0,0.0,
all_generic|t0.1|max195|min0,10.0,0,0,3202,0,,,0.0,0.0,
all_generic|t0.1|max20|min0,0.3,0,0,3202,6,,,0.0,0.0,
all_generic|t0.1|max20|min0,0.45,0,0,3202,4,,,0.0,0.0,
all_generic|t0.1|max20|min0,0.6,0,0,3202,3,,,0.0,0.0,
all_generic|t0.1|max20|min0,0.9,0,0,3202,0,,,0.0,0.0,
all_generic|t0.1|max20|min0,1.2,0,0,3202,0,,,0.0,0.0,
all_generic|t0.1|max20|min0,1.8,0,0,3202,0,,,0.0,0.0,
all_generic|t0.1|max20|min0,2.4,0,0,3202,0,,,0.0,0.0,
all_generic|t0.1|max20|min0,3.6,0,0,3202,0,,,0.0,0.0,
all_generic|t0.1|max20|min0,5.0,0,0,3202,0,,,0.0,0.0,
all_generic|t0.1|max20|min0,10.0,0,0,3202,0,,,0.0,0.0,
all_generic|t0.1|max30|min0,0.3,0,0,3202,6,,,0.0,0.0,
all_generic|t0.1|max30|min0,0.45,0,0,3202,4,,,0.0,0.0,
all_generic|t0.1|max30|min0,0.6,0,0,3202,3,,,0.0,0.0,
all_generic|t0.1|max30|min0,0.9,0,0,3202,0,,,0.0,0.0,
all_generic|t0.1|max30|min0,1.2,0,0,3202,0,,,0.0,0.0,
all_generic|t0.1|max30|min0,1.8,0,0,3202,0,,,0.0,0.0,
all_generic|t0.1|max30|min0,2.4,0,0,3202,0,,,0.0,0.0,
all_generic|t0.1|max30|min0,3.6,0,0,3202,0,,,0.0,0.0,
all_generic|t0.1|max30|min0,5.0,0,0,3202,0,,,0.0,0.0,
all_generic|t0.1|max30|min0,10.0,0,0,3202,0,,,0.0,0.0,
all_generic|t0.1|max60|min0,0.3,2,2,3202,4,,100.0,0.06246096189881324,0.12484394506866417,
all_generic|t0.1|max60|min0,0.45,0,0,3202,4,,,0.0,0.0,
all_generic|t0.1|max60|min0,0.6,0,0,3202,3,,,0.0,0.0,
all_generic|t0.1|max60|min0,0.9,0,0,3202,0,,,0.0,0.0,
all_generic|t0.1|max60|min0,1.2,0,0,3202,0,,,0.0,0.0,
all_generic|t0.1|max60|min0,1.8,0,0,3202,0,,,0.0,0.0,
all_generic|t0.1|max60|min0,2.4,0,0,3202,0,,,0.0,0.0,
all_generic|t0.1|max60|min0,3.6,0,0,3202,0,,,0.0,0.0,
all_generic|t0.1|max60|min0,5.0,0,0,3202,0,,,0.0,0.0,
all_generic|t0.1|max60|min0,10.0,0,0,3202,0,,,0.0,0.0,
all_generic|t0.2|max15|min0,0.3,0,0,3202,1,,,0.0,0.0,
all_generic|t0.2|max15|min0,0.45,0,0,3202,0,,,0.0,0.0,
all_generic|t0.2|max15|min0,0.6,0,0,3202,0,,,0.0,0.0,
all_generic|t0.2|max15|min0,0.9,0,0,3202,0,,,0.0,0.0,
all_generic|t0.2|max15|min0,1.2,0,0,3202,0,,,0.0,0.0,
all_generic|t0.2|max15|min0,1.8,0,0,3202,0,,,0.0,0.0,
all_generic|t0.2|max15|min0,2.4,0,0,3202,0,,,0.0,0.0,
all_generic|t0.2|max15|min0,3.6,0,0,3202,0,,,0.0,0.0,
all_generic|t0.2|max15|min0,5.0,0,0,3202,0,,,0.0,0.0,
all_generic|t0.2|max15|min0,10.0,0,0,3202,0,,,0.0,0.0,
all_generic|t0.2|max195|min0,0.3,1,1,3202,0,,100.0,0.03123048094940662,0.062441461130190445,
all_generic|t0.2|max195|min0,0.45,0,0,3202,0,,,0.0,0.0,
all_generic|t0.2|max195|min0,0.6,0,0,3202,0,,,0.0,0.0,
all_generic|t0.2|max195|min0,0.9,0,0,3202,0,,,0.0,0.0,
all_generic|t0.2|max195|min0,1.2,0,0,3202,0,,,0.0,0.0,
all_generic|t0.2|max195|min0,1.8,0,0,3202,0,,,0.0,0.0,
all_generic|t0.2|max195|min0,2.4,0,0,3202,0,,,0.0,0.0,
all_generic|t0.2|max195|min0,3.6,0,0,3202,0,,,0.0,0.0,
all_generic|t0.2|max195|min0,5.0,0,0,3202,0,,,0.0,0.0,
all_generic|t0.2|max195|min0,10.0,0,0,3202,0,,,0.0,0.0,
all_generic|t0.2|max20|min0,0.3,0,0,3202,1,,,0.0,0.0,
all_generic|t0.2|max20|min0,0.45,0,0,3202,0,,,0.0,0.0,
all_generic|t0.2|max20|min0,0.6,0,0,3202,0,,,0.0,0.0,
all_generic|t0.2|max20|min0,0.9,0,0,3202,0,,,0.0,0.0,
all_generic|t0.2|max20|min0,1.2,0,0,3202,0,,,0.0,0.0,
all_generic|t0.2|max20|min0,1.8,0,0,3202,0,,,0.0,0.0,
all_generic|t0.2|max20|min0,2.4,0,0,3202,0,,,0.0,0.0,
all_generic|t0.2|max20|min0,3.6,0,0,3202,0,,,0.0,0.0,
all_generic|t0.2|max20|min0,5.0,0,0,3202,0,,,0.0,0.0,
all_generic|t0.2|max20|min0,10.0,0,0,3202,0,,,0.0,0.0,
all_generic|t0.2|max30|min0,0.3,0,0,3202,1,,,0.0,0.0,
all_generic|t0.2|max30|min0,0.45,0,0,3202,0,,,0.0,0.0,
all_generic|t0.2|max30|min0,0.6,0,0,3202,0,,,0.0,0.0,
all_generic|t0.2|max30|min0,0.9,0,0,3202,0,,,0.0,0.0,
all_generic|t0.2|max30|min0,1.2,0,0,3202,0,,,0.0,0.0,
all_generic|t0.2|max30|min0,1.8,0,0,3202,0,,,0.0,0.0,
all_generic|t0.2|max30|min0,2.4,0,0,3202,0,,,0.0,0.0,
all_generic|t0.2|max30|min0,3.6,0,0,3202,0,,,0.0,0.0,
all_generic|t0.2|max30|min0,5.0,0,0,3202,0,,,0.0,0.0,
all_generic|t0.2|max30|min0,10.0,0,0,3202,0,,,0.0,0.0,
all_generic|t0.2|max60|min0,0.3,0,0,3202,1,,,0.0,0.0,
all_generic|t0.2|max60|min0,0.45,0,0,3202,0,,,0.0,0.0,
all_generic|t0.2|max60|min0,0.6,0,0,3202,0,,,0.0,0.0,
all_generic|t0.2|max60|min0,0.9,0,0,3202,0,,,0.0,0.0,
all_generic|t0.2|max60|min0,1.2,0,0,3202,0,,,0.0,0.0,
all_generic|t0.2|max60|min0,1.8,0,0,3202,0,,,0.0,0.0,
all_generic|t0.2|max60|min0,2.4,0,0,3202,0,,,0.0,0.0,
all_generic|t0.2|max60|min0,3.6,0,0,3202,0,,,0.0,0.0,
all_generic|t0.2|max60|min0,5.0,0,0,3202,0,,,0.0,0.0,
all_generic|t0.2|max60|min0,10.0,0,0,3202,0,,,0.0,0.0,
generic_paper|t0.001|max15|min0,0.3,1652,18374,3202,20543,,8.9909654947208,51.59275452841974,15.313311086392288,
generic_paper|t0.001|max15|min0,0.45,1622,16114,3202,21150,,10.065781308179224,50.65584009993754,16.794367363843445,
generic_paper|t0.001|max15|min0,0.6,1557,14808,3202,21580,,10.514586709886547,48.62585883822611,17.290394225430315,
generic_paper|t0.001|max15|min0,0.9,1426,11183,3202,21593,,12.75149780917464,44.53466583385384,19.826207855404935,
generic_paper|t0.001|max15|min0,1.2,1222,8703,3202,20488,,14.04113524072159,38.16364772017489,20.529189416211675,
generic_paper|t0.001|max15|min0,1.8,804,4819,3202,15870,,16.68395932766134,25.109306683322924,20.047375638947763,
generic_paper|t0.001|max15|min0,2.4,429,1826,3202,9731,,23.49397590361446,13.39787632729544,17.064439140811455,
generic_paper|t0.001|max15|min0,3.6,49,144,3202,2724,,34.02777777777778,1.5302935665209245,2.928870292887029,
generic_paper|t0.001|max15|min0,5.0,0,3,3202,1050,,0.0,0.0,0.0,
generic_paper|t0.001|max15|min0,10.0,0,0,3202,314,,,0.0,0.0,
generic_paper|t0.001|max195|min0,0.3,2625,38917,3202,0,,6.74512423876455,81.98001249219239,12.464683397041716,
generic_paper|t0.001|max195|min0,0.45,2596,37264,3202,0,,6.966509231429798,81.0743285446596,12.830524390846637,
generic_paper|t0.001|max195|min0,0.6,2587,36388,3202,0,,7.1094866439485545,80.79325421611493,13.068956807274564,
generic_paper|t0.001|max195|min0,0.9,2523,32776,3202,0,,7.6977056382719065,78.79450343535291,14.025237645227639,
generic_paper|t0.001|max195|min0,1.2,2437,29191,3202,0,,8.348463567537939,76.10868207370393,15.046460655079802,
generic_paper|t0.001|max195|min0,1.8,2158,20689,3202,0,,10.43066363768186,67.39537788881948,18.06538026872044,
generic_paper|t0.001|max195|min0,2.4,1638,11557,3202,0,,14.173228346456693,51.155527795128044,22.19662578765499,
generic_paper|t0.001|max195|min0,3.6,502,2868,3202,0,,17.503486750348674,15.677701436602124,16.540362438220757,
generic_paper|t0.001|max195|min0,5.0,157,1053,3202,0,,14.909781576448243,4.90318550905684,7.3795534665099884,
generic_paper|t0.001|max195|min0,10.0,21,314,3202,0,,6.687898089171974,0.655840099937539,1.1945392491467577,
generic_paper|t0.001|max20|min0,0.3,2295,25322,3202,13595,,9.06326514493326,71.67395377888819,16.091712242322256,
generic_paper|t0.001|max20|min0,0.45,2258,23291,3202,13973,,9.69473187067966,70.51842598376015,17.046012154153928,
generic_paper|t0.001|max20|min0,0.6,2249,22022,3202,14366,,10.212514757969304,70.23735165521549,17.83222327941643,
generic_paper|t0.001|max20|min0,0.9,2118,17881,3202,14895,,11.8449751132487,66.14615865084322,20.0920172650951,
generic_paper|t0.001|max20|min0,1.2,1969,14535,3202,14656,,13.546611627106984,61.49281698938164,22.202176241754525,
generic_paper|t0.001|max20|min0,1.8,1518,8473,3202,12216,,17.915732326212677,47.40787008119925,26.004282655246254,
generic_paper|t0.001|max20|min0,2.4,916,3467,3202,8090,,26.420536486876262,28.607120549656464,27.47038536512221,
generic_paper|t0.001|max20|min0,3.6,131,326,3202,2542,,40.1840490797546,4.0911930043722675,7.426303854875283,
generic_paper|t0.001|max20|min0,5.0,11,31,3202,1022,,35.483870967741936,0.3435352904434728,0.6804825239715434,
generic_paper|t0.001|max20|min0,10.0,0,1,3202,313,,0.0,0.0,0.0,
generic_paper|t0.001|max30|min0,0.3,2535,31288,3202,7629,,8.10214778828944,79.16926920674578,14.699913018266164,
generic_paper|t0.001|max30|min0,0.45,2508,29514,3202,7750,,8.497662126448466,78.32604622111181,15.331947670864409,
generic_paper|t0.001|max30|min0,0.6,2508,28420,3202,7968,,8.824771287825476,78.32604622111181,15.862374296375942,
generic_paper|t0.001|max30|min0,0.9,2428,24536,3202,8240,,9.895663514835343,75.82760774515927,17.50666955079674,
generic_paper|t0.001|max30|min0,1.2,2332,20946,3202,8245,,11.133390623508069,72.82948157401624,19.314228921649825,
generic_paper|t0.001|max30|min0,1.8,2011,13238,3202,7451,,15.191116482852395,62.804497189256715,24.464720194647203,
generic_paper|t0.001|max30|min0,2.4,1437,5991,3202,5566,,23.985978968452677,44.87820112429731,31.262917437180462,
generic_paper|t0.001|max30|min0,3.6,320,738,3202,2130,,43.360433604336045,9.993753903810118,16.243654822335024,
generic_paper|t0.001|max30|min0,5.0,64,119,3202,934,,53.78151260504202,1.9987507807620237,3.8542607648298706,
generic_paper|t0.001|max30|min0,10.0,4,10,3202,304,,40.0,0.12492192379762648,0.24906600249066002,
generic_paper|t0.001|max60|min0,0.3,2612,35176,3202,3741,,7.425517398226063,81.5740162398501,13.611965188389181,
generic_paper|t0.001|max60|min0,0.45,2585,33546,3202,3718,,7.705836761461874,80.73079325421611,14.068792859475346,
generic_paper|t0.001|max60|min0,0.6,2574,32552,3202,3836,,7.907348242811501,80.38725796377264,14.398388991441516,
generic_paper|t0.001|max60|min0,0.9,2514,28901,3202,3875,,8.698660945988028,78.51342910680825,15.662087655359311,
generic_paper|t0.001|max60|min0,1.2,2417,25384,3202,3807,,9.52174598172077,75.4840724547158,16.91037570838872,
generic_paper|t0.001|max60|min0,1.8,2142,17194,3202,3495,,12.45783412818425,66.89569019362898,21.00411845459894,
generic_paper|t0.001|max60|min0,2.4,1622,8733,3202,2824,,18.573227985800983,50.65584009993754,27.18056137410976,
generic_paper|t0.001|max60|min0,3.6,481,1545,3202,1323,,31.132686084142396,15.021861336664585,20.265430798398988,
generic_paper|t0.001|max60|min0,5.0,136,363,3202,690,,37.46556473829201,4.2473454091193,7.629733520336606,
generic_paper|t0.001|max60|min0,10.0,13,41,3202,273,,31.70731707317073,0.4059962523422861,0.8017267961763799,
generic_paper|t0.002|max15|min0,0.3,1480,12146,3202,14806,,12.185081508315495,46.2211118051218,19.28590044305447,
generic_paper|t0.002|max15|min0,0.45,1405,10121,3202,15126,,13.882027467641537,43.8788257339163,21.091345792989568,
generic_paper|t0.002|max15|min0,0.6,1327,8979,3202,15130,,14.77892861120392,41.44284821986258,21.788030539364584,
generic_paper|t0.002|max15|min0,0.9,1111,5960,3202,14465,,18.640939597315437,34.69706433479075,24.25234664920323,
generic_paper|t0.002|max15|min0,1.2,872,4354,3202,13408,,20.027560863573726,27.232979387882573,23.080995235574377,
generic_paper|t0.002|max15|min0,1.8,501,1982,3202,9052,,25.27749747729566,15.646470955652717,19.328703703703702,
generic_paper|t0.002|max15|min0,2.4,209,593,3202,4578,,35.24451939291737,6.527170518425984,11.014492753623188,
generic_paper|t0.002|max15|min0,3.6,11,22,3202,908,,50.0,0.3435352904434728,0.6823821339950372,
generic_paper|t0.002|max15|min0,5.0,0,0,3202,268,,,0.0,0.0,
generic_paper|t0.002|max15|min0,10.0,0,0,3202,67,,,0.0,0.0,
generic_paper|t0.002|max195|min0,0.3,2561,26952,3202,0,,9.502077767883645,79.98126171143035,16.98613782582742,
generic_paper|t0.002|max195|min0,0.45,2503,25247,3202,0,,9.914049193963638,78.16989381636478,17.596400576470174,
generic_paper|t0.002|max195|min0,0.6,2490,24109,3202,0,,10.328093243187192,77.76389756402249,18.23441104316942,
generic_paper|t0.002|max195|min0,0.9,2391,20425,3202,0,,11.7062423500612,74.67207995003123,20.239556439666483,
generic_paper|t0.002|max195|min0,1.2,2258,17762,3202,0,,12.712532372480576,70.51842598376015,21.541690517076894,
generic_paper|t0.002|max195|min0,1.8,1819,11034,3202,0,,16.485408736632227,56.808244846970645,25.554931160438326,
generic_paper|t0.002|max195|min0,2.4,1152,5171,3202,0,,22.27808934442081,35.977514053716426,27.517018989609458,
generic_paper|t0.002|max195|min0,3.6,190,930,3202,0,,20.43010752688172,5.933791380387258,9.19651500484027,
generic_paper|t0.002|max195|min0,5.0,33,268,3202,0,,12.313432835820896,1.0306058713304185,1.9020172910662825,
generic_paper|t0.002|max195|min0,10.0,5,67,3202,0,,7.462686567164179,0.1561524047470331,0.3059039461609055,
generic_paper|t0.002|max20|min0,0.3,2164,17306,3202,9646,,12.50433375707847,67.58276077451593,21.10395943046616,
generic_paper|t0.002|max20|min0,0.45,2091,15330,3202,9917,,13.639921722113503,65.30293566520925,22.56637168141593,
generic_paper|t0.002|max20|min0,0.6,2076,14086,3202,10023,,14.738037767996593,64.83447845096815,24.016658954187875,
generic_paper|t0.002|max20|min0,0.9,1872,10405,3202,10020,,17.99135031234983,58.46346033728919,27.5152495039318,
generic_paper|t0.002|max20|min0,1.2,1659,8048,3202,9714,,20.613817097415506,51.81136789506559,29.493333333333332,
generic_paper|t0.002|max20|min0,1.8,1095,3882,3202,7152,,28.207109737248842,34.19737663960025,30.914737436476567,
generic_paper|t0.002|max20|min0,2.4,517,1287,3202,3884,,40.17094017094017,16.146158650843223,23.034083314769436,
generic_paper|t0.002|max20|min0,3.6,29,55,3202,875,,52.72727272727273,0.905683947532792,1.7807798587657353,
generic_paper|t0.002|max20|min0,5.0,1,4,3202,264,,25.0,0.03123048094940662,0.06238303181534623,
generic_paper|t0.002|max20|min0,10.0,0,0,3202,67,,,0.0,0.0,
generic_paper|t0.002|max30|min0,0.3,2455,21726,3202,5226,,11.299825094356992,76.67083073079326,19.696726572528885,
generic_paper|t0.002|max30|min0,0.45,2396,19991,3202,5256,,11.985393427042169,74.82823235477827,20.66140645884534,
generic_paper|t0.002|max30|min0,0.6,2388,18782,3202,5327,,12.714300926418911,74.578388507183,21.724890829694324,
generic_paper|t0.002|max30|min0,0.9,2278,15036,3202,5389,,15.150305932428838,71.14303560274828,24.98080929926527,
generic_paper|t0.002|max30|min0,1.2,2128,12366,3202,5396,,17.208474850396247,66.45846346033728,27.33812949640288,
generic_paper|t0.002|max30|min0,1.8,1647,6710,3202,4324,,24.545454545454547,51.43660212367271,33.232445520581116,
generic_paper|t0.002|max30|min0,2.4,938,2470,3202,2701,,37.97570850202429,29.29419113054341,33.07475317348378,
generic_paper|t0.002|max30|min0,3.6,92,164,3202,766,,56.09756097560975,2.873204247345409,5.466428995840761,
generic_paper|t0.002|max30|min0,5.0,6,11,3202,257,,54.54545454545455,0.18738288569643974,0.3734827264239029,
generic_paper|t0.002|max30|min0,10.0,0,0,3202,67,,,0.0,0.0,
generic_paper|t0.002|max60|min0,0.3,2546,24422,3202,2530,,10.425026615346818,79.51280449718925,18.433246452360265,
generic_paper|t0.002|max60|min0,0.45,2492,22785,3202,2462,,10.937019969278033,77.8263585259213,19.17882017932043,
generic_paper|t0.002|max60|min0,0.6,2474,21598,3202,2511,,11.454764330030558,77.26420986883198,19.951612903225808,
generic_paper|t0.002|max60|min0,0.9,2375,18001,3202,2424,,13.193711460474418,74.17239225484073,22.402490213649013,
generic_paper|t0.002|max60|min0,1.2,2239,15348,3202,2414,,14.588219963513161,69.92504684572143,24.140161725067387,
generic_paper|t0.002|max60|min0,1.8,1796,9072,3202,1962,,19.797178130511465,56.08994378513429,29.26511324751507,
generic_paper|t0.002|max60|min0,2.4,1134,3849,3202,1322,,29.46219797349961,35.41536539662711,32.16565026237413,
generic_paper|t0.002|max60|min0,3.6,167,431,3202,499,,38.74709976798144,5.215490318550906,9.193503991191852,
generic_paper|t0.002|max60|min0,5.0,21,57,3202,211,,36.8421052631579,0.655840099937539,1.2887388769561214,
generic_paper|t0.002|max60|min0,10.0,0,0,3202,67,,,0.0,0.0,
generic_paper|t0.003|max15|min0,0.3,1277,7952,3202,11340,,16.058853118712275,39.881324172392254,22.897615205307513,
generic_paper|t0.003|max15|min0,0.45,1182,6300,3202,11555,,18.761904761904763,36.91442848219862,24.87897284782151,
generic_paper|t0.003|max15|min0,0.6,1074,5424,3202,11530,,19.800884955752213,33.54153653966271,24.90146070020867,
generic_paper|t0.003|max15|min0,0.9,817,3394,3202,10627,,24.071891573364763,25.515302935665208,24.772589448150395,
generic_paper|t0.003|max15|min0,1.2,626,2442,3202,9529,,25.634725634725633,19.550281074328545,22.18284904323175,
generic_paper|t0.003|max15|min0,1.8,344,1031,3202,5765,,33.365664403491756,10.743285446595877,16.253248287266715,
generic_paper|t0.003|max15|min0,2.4,108,239,3202,2560,,45.18828451882845,3.372891942535915,6.2772449869224065,
generic_paper|t0.003|max15|min0,3.6,4,7,3202,402,,57.142857142857146,0.12492192379762648,0.24929884699283267,
generic_paper|t0.003|max15|min0,5.0,0,0,3202,108,,,0.0,0.0,
generic_paper|t0.003|max15|min0,10.0,0,0,3202,20,,,0.0,0.0,
generic_paper|t0.003|max195|min0,0.3,2467,19292,3202,0,,12.787684014099108,77.04559650218613,21.934738152396193,
generic_paper|t0.003|max195|min0,0.45,2414,17855,3202,0,,13.520022402688323,75.39038101186759,22.928242389704135,
generic_paper|t0.003|max195|min0,0.6,2380,16954,3202,0,,14.037985136251033,74.32854465958776,23.615796785076405,
generic_paper|t0.003|max195|min0,0.9,2219,14021,3202,0,,15.82626060908637,69.3004372267333,25.76786854787203,
generic_paper|t0.003|max195|min0,1.2,2071,11971,3202,0,,17.300142009857154,64.67832604622112,27.298490740130497,
generic_paper|t0.003|max195|min0,1.8,1521,6796,3202,0,,22.380812242495587,47.50156152404747,30.426085217043408,
generic_paper|t0.003|max195|min0,2.4,800,2799,3202,0,,28.5816362986781,24.984384759525298,26.662222962839525,
generic_paper|t0.003|max195|min0,3.6,89,409,3202,0,,21.760391198044008,2.7795128044971893,4.929382442536693,
generic_paper|t0.003|max195|min0,5.0,13,108,3202,0,,12.037037037037036,0.4059962523422861,0.7854984894259819,
generic_paper|t0.003|max195|min0,10.0,1,20,3202,0,,5.0,0.03123048094940662,0.06207324643078833,
generic_paper|t0.003|max20|min0,0.3,1986,11931,3202,7361,,16.645712848881065,62.02373516552155,26.24727416903456,
generic_paper|t0.003|max20|min0,0.45,1913,10247,3202,7608,,18.668878696203766,59.743910056214865,28.448211762956355,
generic_paper|t0.003|max20|min0,0.6,1858,9219,3202,7735,,20.1540297212279,58.026233603997504,29.917075919813218,
generic_paper|t0.003|max20|min0,0.9,1583,6510,3202,7511,,24.316436251920123,49.43785134291068,32.59884678747941,
generic_paper|t0.003|max20|min0,1.2,1366,4931,3202,7040,,27.702291624416954,42.66083697688944,33.59154063691135,
generic_paper|t0.003|max20|min0,1.8,789,2166,3202,4630,,36.42659279778393,24.640849469081825,29.396423248882265,
generic_paper|t0.003|max20|min0,2.4,299,599,3202,2200,,49.91652754590985,9.33791380387258,15.732701920547225,
generic_paper|t0.003|max20|min0,3.6,9,19,3202,390,,47.36842105263158,0.2810743285446596,0.55883266066439,
generic_paper|t0.003|max20|min0,5.0,0,0,3202,108,,,0.0,0.0,
generic_paper|t0.003|max20|min0,10.0,0,0,3202,20,,,0.0,0.0,
generic_paper|t0.003|max30|min0,0.3,2348,15423,3202,3869,,15.224016079880698,73.32916926920674,25.213422818791948,
generic_paper|t0.003|max30|min0,0.45,2294,13957,3202,3898,,16.43619689044924,71.64272329793879,26.738154904131942,
generic_paper|t0.003|max30|min0,0.6,2260,12962,3202,3992,,17.435580928869,70.58088694565896,27.963375402128186,
generic_paper|t0.003|max30|min0,0.9,2090,10094,3202,3927,,20.705369526451356,65.27170518425984,31.438026474127557,
generic_paper|t0.003|max30|min0,1.2,1926,8151,3202,3820,,23.629002576370997,60.14990630855715,33.92935787897472,
generic_paper|t0.003|max30|min0,1.8,1329,4049,3202,2747,,32.82291923931835,41.5053091817614,36.65701282581713,
generic_paper|t0.003|max30|min0,2.4,611,1270,3202,1529,,48.110236220472444,19.081823860087447,27.325581395348838,
generic_paper|t0.003|max30|min0,3.6,26,48,3202,361,,54.166666666666664,0.8119925046845722,1.6,
generic_paper|t0.003|max30|min0,5.0,2,3,3202,105,,66.66666666666667,0.06246096189881324,0.12480499219968799,
generic_paper|t0.003|max30|min0,10.0,0,0,3202,20,,,0.0,0.0,
generic_paper|t0.003|max60|min0,0.3,2451,17499,3202,1793,,14.006514657980455,76.54590880699563,23.680015458190425,
generic_paper|t0.003|max60|min0,0.45,2401,16129,3202,1726,,14.886229772459545,74.9843847595253,24.840929077647303,
generic_paper|t0.003|max60|min0,0.6,2362,15185,3202,1769,,15.554823839315114,73.76639600249844,25.692065045956383,
generic_paper|t0.003|max60|min0,0.9,2201,12325,3202,1696,,17.858012170385397,68.73828856964397,28.350615057641527,
generic_paper|t0.003|max60|min0,1.2,2051,10360,3202,1611,,19.7972972972973,64.05371642723298,30.24627636041882,
generic_paper|t0.003|max60|min0,1.8,1499,5621,3202,1175,,26.667852695249955,46.81449094316052,33.97937209565907,
generic_paper|t0.003|max60|min0,2.4,782,2077,3202,722,,37.65045739046702,24.422236102435978,29.626823261981436,
generic_paper|t0.003|max60|min0,3.6,70,167,3202,242,,41.91616766467066,2.1861336664584634,4.155535767289997,
generic_paper|t0.003|max60|min0,5.0,6,15,3202,93,,40.0,0.18738288569643974,0.3730183400683867,
generic_paper|t0.003|max60|min0,10.0,0,0,3202,20,,,0.0,0.0,
generic_paper|t0.005|max15|min0,0.3,890,3730,3202,7490,,23.86058981233244,27.795128044971893,25.67801500288517,
generic_paper|t0.005|max15|min0,0.45,765,2838,3202,7515,,26.955602536997887,23.891317926296065,25.33112582781457,
generic_paper|t0.005|max15|min0,0.6,675,2345,3202,7330,,28.784648187633262,21.08057464084947,24.3374797187669,
generic_paper|t0.005|max15|min0,0.9,483,1356,3202,6412,,35.61946902654867,15.084322298563398,21.193505923650726,
generic_paper|t0.005|max15|min0,1.2,354,926,3202,5411,,38.22894168466523,11.055590256089944,17.151162790697676,
generic_paper|t0.005|max15|min0,1.8,157,322,3202,2911,,48.75776397515528,4.90318550905684,8.91032917139614,
generic_paper|t0.005|max15|min0,2.4,35,58,3202,1040,,60.3448275862069,1.0930668332292317,2.147239263803681,
generic_paper|t0.005|max15|min0,3.6,0,0,3202,125,,,0.0,0.0,
generic_paper|t0.005|max15|min0,5.0,0,0,3202,30,,,0.0,0.0,
generic_paper|t0.005|max15|min0,10.0,0,0,3202,2,,,0.0,0.0,
generic_paper|t0.005|max195|min0,0.3,2256,11220,3202,0,,20.106951871657753,70.45596502186133,31.285535986687005,
generic_paper|t0.005|max195|min0,0.45,2167,10353,3202,0,,20.9311310731189,67.67645221736414,31.97344153448912,
generic_paper|t0.005|max195|min0,0.6,2111,9675,3202,0,,21.819121447028422,65.92754528419738,32.78713986176905,
generic_paper|t0.005|max195|min0,0.9,1915,7768,3202,0,,24.652420185375902,59.80637101811368,34.91340018231541,
generic_paper|t0.005|max195|min0,1.2,1709,6337,3202,0,,26.968597127978537,53.372891942535915,35.83184820211762,
generic_paper|t0.005|max195|min0,1.8,1064,3233,3202,0,,32.91060934116919,33.22923173016864,33.06915306915307,
generic_paper|t0.005|max195|min0,2.4,407,1098,3202,0,,37.06739526411658,12.710805746408495,18.930232558139537,
generic_paper|t0.005|max195|min0,3.6,28,125,3202,0,,22.4,0.8744534665833854,1.6831980763450556,
generic_paper|t0.005|max195|min0,5.0,5,30,3202,0,,16.666666666666668,0.1561524047470331,0.3094059405940594,
generic_paper|t0.005|max195|min0,10.0,0,2,3202,0,,0.0,0.0,0.0,
generic_paper|t0.005|max20|min0,0.3,1631,6250,3202,4970,,26.096,50.9369144284822,34.511214557765555,
generic_paper|t0.005|max20|min0,0.45,1495,5253,3202,5100,,28.459927660384544,46.6895690193629,35.363690124186874,
generic_paper|t0.005|max20|min0,0.6,1423,4608,3202,5067,,30.88107638888889,44.440974391005625,36.4404609475032,
generic_paper|t0.005|max20|min0,0.9,1137,3045,3202,4723,,37.33990147783251,35.50905683947533,36.40147270689931,
generic_paper|t0.005|max20|min0,1.2,902,2195,3202,4142,,41.09339407744875,28.169893816364773,33.42597739484899,
generic_paper|t0.005|max20|min0,1.8,433,825,3202,2408,,52.484848484848484,13.522798251093066,21.50484231437795,
generic_paper|t0.005|max20|min0,2.4,112,182,3202,916,,61.53846153846154,3.4978138663335416,6.619385342789598,
generic_paper|t0.005|max20|min0,3.6,1,2,3202,123,,50.0,0.03123048094940662,0.062421972534332085,
generic_paper|t0.005|max20|min0,5.0,0,0,3202,30,,,0.0,0.0,
generic_paper|t0.005|max20|min0,10.0,0,0,3202,2,,,0.0,0.0,
generic_paper|t0.005|max30|min0,0.3,2109,8763,3202,2457,,24.06710030811366,65.86508432229856,35.25282072712077,
generic_paper|t0.005|max30|min0,0.45,2024,7845,3202,2508,,25.799872530274058,63.210493441599,36.64343260613741,
generic_paper|t0.005|max30|min0,0.6,1967,7188,3202,2487,,27.36505286588759,61.43035602748282,37.86333012512031,
generic_paper|t0.005|max30|min0,0.9,1759,5401,3202,2367,,32.56804295500833,54.934415990006244,40.89271184470534,
generic_paper|t0.005|max30|min0,1.2,1538,4185,3202,2152,,36.75029868578255,48.03247970018738,41.64072018410722,
generic_paper|t0.005|max30|min0,1.8,880,1847,3202,1386,,47.6448294531673,27.482823235477827,34.85838779956427,
generic_paper|t0.005|max30|min0,2.4,287,456,3202,642,,62.93859649122807,8.963148032479701,15.691634773100054,
generic_paper|t0.005|max30|min0,3.6,4,9,3202,116,,44.44444444444444,0.12492192379762648,0.24914356898162565,
generic_paper|t0.005|max30|min0,5.0,0,0,3202,30,,,0.0,0.0,
generic_paper|t0.005|max30|min0,10.0,0,0,3202,2,,,0.0,0.0,
generic_paper|t0.005|max60|min0,0.3,2239,10194,3202,1026,,21.963900333529526,69.92504684572143,33.42788892206629,
generic_paper|t0.005|max60|min0,0.45,2152,9343,3202,1010,,23.033286952798885,67.20799500312305,34.308489438023116,
generic_paper|t0.005|max60|min0,0.6,2091,8663,3202,1012,,24.137134941706105,65.30293566520925,35.24652338811631,
generic_paper|t0.005|max60|min0,0.9,1897,6821,3202,947,,27.811171382495235,59.24422236102436,37.8529382420433,
generic_paper|t0.005|max60|min0,1.2,1684,5516,3202,821,,30.529369108049313,52.59212991880075,38.63271392521221,
generic_paper|t0.005|max60|min0,1.8,1043,2700,3202,533,,38.629629629629626,32.57339163023111,35.34395120298204,
generic_paper|t0.005|max60|min0,2.4,392,805,3202,293,,48.69565217391305,12.242348532167396,19.565759920139755,
generic_paper|t0.005|max60|min0,3.6,18,42,3202,83,,42.857142857142854,0.5621486570893192,1.1097410604192355,
generic_paper|t0.005|max60|min0,5.0,0,1,3202,29,,0.0,0.0,0.0,
generic_paper|t0.005|max60|min0,10.0,0,0,3202,2,,,0.0,0.0,
generic_paper|t0.0075|max15|min0,0.3,562,1715,3202,4930,,32.76967930029154,17.551530293566522,22.859467154769167,
generic_paper|t0.0075|max15|min0,0.45,444,1199,3202,4859,,37.03085904920767,13.86633354153654,20.177232447171097,
generic_paper|t0.0075|max15|min0,0.6,393,994,3202,4671,,39.53722334004024,12.273579013116802,18.73212583412774,
generic_paper|t0.0075|max15|min0,0.9,242,515,3202,3814,,46.99029126213592,7.557776389756402,13.021253699219802,
generic_paper|t0.0075|max15|min0,1.2,166,325,3202,3030,,51.07692307692308,5.184259837601499,9.413098950949816,
generic_paper|t0.0075|max15|min0,1.8,56,89,3202,1384,,62.92134831460674,1.7489069331667708,3.403220905499848,
generic_paper|t0.0075|max15|min0,2.4,7,12,3202,415,,58.333333333333336,0.21861336664584635,0.4355942750466708,
generic_paper|t0.0075|max15|min0,3.6,0,0,3202,35,,,0.0,0.0,
generic_paper|t0.0075|max15|min0,5.0,0,0,3202,7,,,0.0,0.0,
generic_paper|t0.0075|max15|min0,10.0,0,0,3202,0,,,0.0,0.0,
generic_paper|t0.0075|max195|min0,0.3,1952,6645,3202,0,,29.375470278404816,60.961898813241724,39.646592870925154,
generic_paper|t0.0075|max195|min0,0.45,1854,6058,3202,0,,30.604159788709143,57.901311680199875,40.043196544276455,
generic_paper|t0.0075|max195|min0,0.6,1781,5665,3202,0,,31.43865842894969,55.62148657089319,40.17142212698771,
generic_paper|t0.0075|max195|min0,0.9,1524,4329,3202,0,,35.20443520443521,47.59525296689569,40.47271278714646,
generic_paper|t0.0075|max195|min0,1.2,1278,3355,3202,0,,38.092399403874815,39.91255465334166,38.98124142138173,
generic_paper|t0.0075|max195|min0,1.8,627,1473,3202,0,,42.56619144602851,19.581511555277952,26.823529411764707,
generic_paper|t0.0075|max195|min0,2.4,183,427,3202,0,,42.857142857142854,5.715178013741411,10.085422981537613,
generic_paper|t0.0075|max195|min0,3.6,5,35,3202,0,,14.285714285714286,0.1561524047470331,0.3089280197713933,
generic_paper|t0.0075|max195|min0,5.0,1,7,3202,0,,14.285714285714286,0.03123048094940662,0.06232471174820817,
generic_paper|t0.0075|max195|min0,10.0,0,0,3202,0,,,0.0,0.0,
generic_paper|t0.0075|max20|min0,0.3,1217,3254,3202,3391,,37.400122925629994,38.00749531542786,37.70136307311029,
generic_paper|t0.0075|max20|min0,0.45,1081,2643,3202,3415,,40.90049186530458,33.760149906308556,36.98887938408897,
generic_paper|t0.0075|max20|min0,0.6,993,2289,3202,3376,,43.381389252948885,31.011867582760775,36.16827535967948,
generic_paper|t0.0075|max20|min0,0.9,716,1385,3202,2944,,51.69675090252708,22.36102435977514,31.218661434488773,
generic_paper|t0.0075|max20|min0,1.2,531,945,3202,2410,,56.19047619047619,16.583385384134914,25.608873884735953,
generic_paper|t0.0075|max20|min0,1.8,195,298,3202,1175,,65.43624161073825,6.089943785134291,11.142857142857142,
generic_paper|t0.0075|max20|min0,2.4,34,46,3202,381,,73.91304347826087,1.061836352279825,2.0935960591133007,
generic_paper|t0.0075|max20|min0,3.6,0,0,3202,35,,,0.0,0.0,
generic_paper|t0.0075|max20|min0,5.0,0,0,3202,7,,,0.0,0.0,
generic_paper|t0.0075|max20|min0,10.0,0,0,3202,0,,,0.0,0.0,
generic_paper|t0.0075|max30|min0,0.3,1790,5018,3202,1627,,35.67158230370666,55.90256089943785,43.552311435523116,
generic_paper|t0.0075|max30|min0,0.45,1686,4447,3202,1611,,37.91319991005172,52.654590880699566,44.08419401228919,
generic_paper|t0.0075|max30|min0,0.6,1614,4067,3202,1598,,39.68527169904106,50.405996252342284,44.40775897647544,
generic_paper|t0.0075|max30|min0,0.9,1361,2899,3202,1430,,46.947223180407036,42.50468457214241,44.615636780855596,
generic_paper|t0.0075|max30|min0,1.2,1099,2134,3202,1221,,51.49953139643861,34.32229856339788,41.19190404797601,
generic_paper|t0.0075|max30|min0,1.8,488,796,3202,677,,61.30653266331658,15.240474703310431,24.412206103051524,
generic_paper|t0.0075|max30|min0,2.4,109,156,3202,271,,69.87179487179488,3.4041224234853216,6.491959499702204,
generic_paper|t0.0075|max30|min0,3.6,0,1,3202,34,,0.0,0.0,0.0,
generic_paper|t0.0075|max30|min0,5.0,0,0,3202,7,,,0.0,0.0,
generic_paper|t0.0075|max30|min0,10.0,0,0,3202,0,,,0.0,0.0,
generic_paper|t0.0075|max60|min0,0.3,1934,6016,3202,629,,32.14760638297872,60.39975015615241,41.961379908873944,
generic_paper|t0.0075|max60|min0,0.45,1837,5482,3202,576,,33.509668004377964,57.37039350405996,42.30769230769231,
generic_paper|t0.0075|max60|min0,0.6,1759,5069,3202,596,,34.70112448214638,54.934415990006244,42.53415548301294,
generic_paper|t0.0075|max60|min0,0.9,1503,3790,3202,539,,39.656992084432716,46.93941286695815,42.99199084668192,
generic_paper|t0.0075|max60|min0,1.2,1258,2923,3202,432,,43.037974683544306,39.28794503435353,41.077551020408166,
generic_paper|t0.0075|max60|min0,1.8,607,1215,3202,258,,49.958847736625515,18.956901936289817,27.484718134480417,
generic_paper|t0.0075|max60|min0,2.4,172,304,3202,123,,56.578947368421055,5.3716427232979385,9.811751283513976,
generic_paper|t0.0075|max60|min0,3.6,2,8,3202,27,,25.0,0.06246096189881324,0.12461059190031153,
generic_paper|t0.0075|max60|min0,5.0,0,0,3202,7,,,0.0,0.0,
generic_paper|t0.0075|max60|min0,10.0,0,0,3202,0,,,0.0,0.0,
generic_paper|t0.01|max15|min0,0.3,333,759,3202,3357,,43.873517786561266,10.399750156152404,16.813935874779098,
generic_paper|t0.01|max15|min0,0.45,262,525,3202,3266,,49.904761904761905,8.182386008744535,14.059565334048832,
generic_paper|t0.01|max15|min0,0.6,225,442,3202,3068,,50.90497737556561,7.02685821361649,12.349066959385292,
generic_paper|t0.01|max15|min0,0.9,126,218,3202,2339,,57.79816513761468,3.9350405996252342,7.368421052631579,
generic_paper|t0.01|max15|min0,1.2,70,119,3202,1755,,58.8235294117647,2.1861336664584634,4.215597711532671,
generic_paper|t0.01|max15|min0,1.8,14,24,3202,717,,58.333333333333336,0.4372267332916927,0.8679479231246126,
generic_paper|t0.01|max15|min0,2.4,0,1,3202,191,,0.0,0.0,0.0,
generic_paper|t0.01|max15|min0,3.6,0,0,3202,12,,,0.0,0.0,
generic_paper|t0.01|max15|min0,5.0,0,0,3202,2,,,0.0,0.0,
generic_paper|t0.01|max15|min0,10.0,0,0,3202,0,,,0.0,0.0,
generic_paper|t0.01|max195|min0,0.3,1596,4116,3202,0,,38.775510204081634,49.84384759525297,43.61847499316753,
generic_paper|t0.01|max195|min0,0.45,1514,3791,3202,0,,39.9366921656555,47.28294815740163,43.3004433004433,
generic_paper|t0.01|max195|min0,0.6,1425,3510,3202,0,,40.598290598290596,44.50343535290443,42.461263408820024,
generic_paper|t0.01|max195|min0,0.9,1142,2557,3202,0,,44.66171294485726,35.66520924422236,39.659663135961104,
generic_paper|t0.01|max195|min0,1.2,878,1874,3202,0,,46.85165421558165,27.420362273579013,34.594168636721825,
generic_paper|t0.01|max195|min0,1.8,356,741,3202,0,,48.043184885290145,11.118051217988757,18.057316763885368,
generic_paper|t0.01|max195|min0,2.4,97,192,3202,0,,50.520833333333336,3.029356652092442,5.715969357690041,
generic_paper|t0.01|max195|min0,3.6,3,12,3202,0,,25.0,0.09369144284821987,0.18668326073428748,
generic_paper|t0.01|max195|min0,5.0,1,2,3202,0,,50.0,0.03123048094940662,0.062421972534332085,
generic_paper|t0.01|max195|min0,10.0,0,0,3202,0,,,0.0,0.0,
generic_paper|t0.01|max20|min0,0.3,848,1719,3202,2397,,49.331006399069224,26.483447845096816,34.46453972769762,
generic_paper|t0.01|max20|min0,0.45,744,1400,3202,2391,,53.142857142857146,23.235477826358526,32.333767926988266,
generic_paper|t0.01|max20|min0,0.6,668,1210,3202,2300,,55.20661157024794,20.861961274203622,30.28105167724388,
generic_paper|t0.01|max20|min0,0.9,427,690,3202,1867,,61.88405797101449,13.335415365396628,21.942446043165468,
generic_paper|t0.01|max20|min0,1.2,287,427,3202,1447,,67.21311475409836,8.963148032479701,15.81702948470653,
generic_paper|t0.01|max20|min0,1.8,78,111,3202,630,,70.27027027027027,2.4359775140537163,4.708723211590703,
generic_paper|t0.01|max20|min0,2.4,10,13,3202,179,,76.92307692307692,0.3123048094940662,0.6220839813374806,
generic_paper|t0.01|max20|min0,3.6,0,0,3202,12,,,0.0,0.0,
generic_paper|t0.01|max20|min0,5.0,0,0,3202,2,,,0.0,0.0,
generic_paper|t0.01|max20|min0,10.0,0,0,3202,0,,,0.0,0.0,
generic_paper|t0.01|max30|min0,0.3,1419,2975,3202,1141,,47.69747899159664,44.316052467207996,45.944633317144245,
generic_paper|t0.01|max30|min0,0.45,1338,2666,3202,1125,,50.187546886721684,41.78638351030606,45.603271983640084,
generic_paper|t0.01|max30|min0,0.6,1254,2421,3202,1089,,51.79677819083024,39.163023110555905,44.602525342343945,
generic_paper|t0.01|max30|min0,0.9,983,1666,3202,891,,59.00360144057623,30.69956277326671,40.38619556285949,
generic_paper|t0.01|max30|min0,1.2,720,1135,3202,739,,63.436123348017624,22.485946283572765,33.20267465990316,
generic_paper|t0.01|max30|min0,1.8,254,387,3202,354,,65.63307493540051,7.932542161149282,14.154360546113123,
generic_paper|t0.01|max30|min0,2.4,44,60,3202,132,,73.33333333333333,1.3741411617738912,2.69773145309626,
generic_paper|t0.01|max30|min0,3.6,0,0,3202,12,,,0.0,0.0,
generic_paper|t0.01|max30|min0,5.0,0,0,3202,2,,,0.0,0.0,
generic_paper|t0.01|max30|min0,10.0,0,0,3202,0,,,0.0,0.0,
generic_paper|t0.01|max60|min0,0.3,1578,3702,3202,414,,42.62560777957861,49.28169893816365,45.71263035921205,
generic_paper|t0.01|max60|min0,0.45,1500,3397,3202,394,,44.156608772446276,46.84572142410993,45.46143355053796,
generic_paper|t0.01|max60|min0,0.6,1407,3129,3202,381,,44.966442953020135,43.941286695815116,44.447954509556155,
generic_paper|t0.01|max60|min0,0.9,1123,2249,3202,308,,49.93330369052912,35.07183010618363,41.20344890845716,
generic_paper|t0.01|max60|min0,1.2,860,1622,3202,252,,53.0209617755857,26.858213616489692,35.65505804311775,
generic_paper|t0.01|max60|min0,1.8,340,607,3202,134,,56.01317957166392,10.618363522798251,17.85245471252297,
generic_paper|t0.01|max60|min0,2.4,90,143,3202,49,,62.93706293706294,2.8107432854465957,5.381165919282512,
generic_paper|t0.01|max60|min0,3.6,1,3,3202,9,,33.333333333333336,0.03123048094940662,0.062402496099843996,
generic_paper|t0.01|max60|min0,5.0,0,0,3202,2,,,0.0,0.0,
generic_paper|t0.01|max60|min0,10.0,0,0,3202,0,,,0.0,0.0,
generic_paper|t0.02|max15|min0,0.3,41,56,3202,856,,73.21428571428571,1.2804497189256714,2.516881522406384,
generic_paper|t0.02|max15|min0,0.45,24,31,3202,734,,77.41935483870968,0.749531542785759,1.4846891432106404,
generic_paper|t0.02|max15|min0,0.6,19,24,3202,672,,79.16666666666667,0.5933791380387258,1.1779293242405455,
generic_paper|t0.02|max15|min0,0.9,2,4,3202,393,,50.0,0.06246096189881324,0.12476606363069245,
generic_paper|t0.02|max15|min0,1.2,0,1,3202,220,,0.0,0.0,0.0,
generic_paper|t0.02|max15|min0,1.8,0,0,3202,76,,,0.0,0.0,
generic_paper|t0.02|max15|min0,2.4,0,0,3202,10,,,0.0,0.0,
generic_paper|t0.02|max15|min0,3.6,0,0,3202,1,,,0.0,0.0,
generic_paper|t0.02|max15|min0,5.0,0,0,3202,0,,,0.0,0.0,
generic_paper|t0.02|max15|min0,10.0,0,0,3202,0,,,0.0,0.0,
generic_paper|t0.02|max195|min0,0.3,561,912,3202,0,,61.51315789473684,17.520299812617115,27.272727272727273,
generic_paper|t0.02|max195|min0,0.45,486,765,3202,0,,63.529411764705884,15.178013741411618,24.50214267708596,
generic_paper|t0.02|max195|min0,0.6,442,696,3202,0,,63.50574712643678,13.803872579637726,22.67829656233966,
generic_paper|t0.02|max195|min0,0.9,244,397,3202,0,,61.46095717884131,7.6202373516552155,13.559322033898304,
generic_paper|t0.02|max195|min0,1.2,150,221,3202,0,,67.87330316742081,4.684572142410993,8.76424189307625,
generic_paper|t0.02|max195|min0,1.8,54,76,3202,0,,71.05263157894737,1.6864459712679576,3.294691885295912,
generic_paper|t0.02|max195|min0,2.4,5,10,3202,0,,50.0,0.1561524047470331,0.31133250311332505,
generic_paper|t0.02|max195|min0,3.6,1,1,3202,0,,100.0,0.03123048094940662,0.062441461130190445,
generic_paper|t0.02|max195|min0,5.0,0,0,3202,0,,,0.0,0.0,
generic_paper|t0.02|max195|min0,10.0,0,0,3202,0,,,0.0,0.0,
generic_paper|t0.02|max20|min0,0.3,165,208,3202,704,,79.32692307692308,5.153029356652093,9.67741935483871,
generic_paper|t0.02|max20|min0,0.45,120,147,3202,618,,81.63265306122449,3.7476577139287945,7.166318303971335,
generic_paper|t0.02|max20|min0,0.6,101,123,3202,573,,82.11382113821138,3.1542785758900687,6.075187969924812,
generic_paper|t0.02|max20|min0,0.9,35,42,3202,355,,83.33333333333333,1.0930668332292317,2.157829839704069,
generic_paper|t0.02|max20|min0,1.2,13,16,3202,205,,81.25,0.4059962523422861,0.8079552517091361,
generic_paper|t0.02|max20|min0,1.8,2,2,3202,74,,100.0,0.06246096189881324,0.12484394506866417,
generic_paper|t0.02|max20|min0,2.4,0,0,3202,10,,,0.0,0.0,
generic_paper|t0.02|max20|min0,3.6,0,0,3202,1,,,0.0,0.0,
generic_paper|t0.02|max20|min0,5.0,0,0,3202,0,,,0.0,0.0,
generic_paper|t0.02|max20|min0,10.0,0,0,3202,0,,,0.0,0.0,
generic_paper|t0.02|max30|min0,0.3,433,563,3202,349,,76.90941385435168,13.522798251093066,23.00132802124834,
generic_paper|t0.02|max30|min0,0.45,373,467,3202,298,,79.87152034261241,11.64896939412867,20.33251567184519,
generic_paper|t0.02|max30|min0,0.6,334,420,3202,276,,79.52380952380952,10.430980637101811,18.442849254555494,
generic_paper|t0.02|max30|min0,0.9,163,206,3202,191,,79.12621359223301,5.090568394753279,9.565727699530516,
generic_paper|t0.02|max30|min0,1.2,82,105,3202,116,,78.0952380952381,2.5608994378513428,4.9591775022679165,
generic_paper|t0.02|max30|min0,1.8,25,30,3202,46,,83.33333333333333,0.7807620237351656,1.547029702970297,
generic_paper|t0.02|max30|min0,2.4,0,1,3202,9,,0.0,0.0,0.0,
generic_paper|t0.02|max30|min0,3.6,0,0,3202,1,,,0.0,0.0,
generic_paper|t0.02|max30|min0,5.0,0,0,3202,0,,,0.0,0.0,
generic_paper|t0.02|max30|min0,10.0,0,0,3202,0,,,0.0,0.0,
generic_paper|t0.02|max60|min0,0.3,542,779,3202,133,,69.57637997432606,16.926920674578387,27.229339361969355,
generic_paper|t0.02|max60|min0,0.45,466,654,3202,111,,71.25382262996942,14.553404122423485,24.1701244813278,
generic_paper|t0.02|max60|min0,0.6,425,597,3202,99,,71.1892797319933,13.272954403497813,22.374309028691762,
generic_paper|t0.02|max60|min0,0.9,234,337,3202,60,,69.43620178041543,7.307932542161149,13.224074597343883,
generic_paper|t0.02|max60|min0,1.2,139,190,3202,31,,73.15789473684211,4.34103685196752,8.195754716981131,
generic_paper|t0.02|max60|min0,1.8,47,60,3202,16,,78.33333333333333,1.467832604622111,2.8816676885346415,
generic_paper|t0.02|max60|min0,2.4,4,7,3202,3,,57.142857142857146,0.12492192379762648,0.24929884699283267,
generic_paper|t0.02|max60|min0,3.6,0,0,3202,1,,,0.0,0.0,
generic_paper|t0.02|max60|min0,5.0,0,0,3202,0,,,0.0,0.0,
generic_paper|t0.02|max60|min0,10.0,0,0,3202,0,,,0.0,0.0,
generic_paper|t0.05|max15|min0,0.3,0,0,3202,30,,,0.0,0.0,
generic_paper|t0.05|max15|min0,0.45,0,0,3202,18,,,0.0,0.0,
generic_paper|t0.05|max15|min0,0.6,0,0,3202,14,,,0.0,0.0,
generic_paper|t0.05|max15|min0,0.9,0,0,3202,3,,,0.0,0.0,
generic_paper|t0.05|max15|min0,1.2,0,0,3202,1,,,0.0,0.0,
generic_paper|t0.05|max15|min0,1.8,0,0,3202,0,,,0.0,0.0,
generic_paper|t0.05|max15|min0,2.4,0,0,3202,0,,,0.0,0.0,
generic_paper|t0.05|max15|min0,3.6,0,0,3202,0,,,0.0,0.0,
generic_paper|t0.05|max15|min0,5.0,0,0,3202,0,,,0.0,0.0,
generic_paper|t0.05|max15|min0,10.0,0,0,3202,0,,,0.0,0.0,
generic_paper|t0.05|max195|min0,0.3,15,30,3202,0,,50.0,0.4684572142410993,0.9282178217821783,
generic_paper|t0.05|max195|min0,0.45,12,18,3202,0,,66.66666666666667,0.3747657713928795,0.7453416149068323,
generic_paper|t0.05|max195|min0,0.6,11,14,3202,0,,78.57142857142857,0.3435352904434728,0.6840796019900498,
generic_paper|t0.05|max195|min0,0.9,3,3,3202,0,,100.0,0.09369144284821987,0.187207488299532,
generic_paper|t0.05|max195|min0,1.2,1,1,3202,0,,100.0,0.03123048094940662,0.062441461130190445,
generic_paper|t0.05|max195|min0,1.8,0,0,3202,0,,,0.0,0.0,
generic_paper|t0.05|max195|min0,2.4,0,0,3202,0,,,0.0,0.0,
generic_paper|t0.05|max195|min0,3.6,0,0,3202,0,,,0.0,0.0,
generic_paper|t0.05|max195|min0,5.0,0,0,3202,0,,,0.0,0.0,
generic_paper|t0.05|max195|min0,10.0,0,0,3202,0,,,0.0,0.0,
generic_paper|t0.05|max20|min0,0.3,0,0,3202,30,,,0.0,0.0,
generic_paper|t0.05|max20|min0,0.45,0,0,3202,18,,,0.0,0.0,
generic_paper|t0.05|max20|min0,0.6,0,0,3202,14,,,0.0,0.0,
generic_paper|t0.05|max20|min0,0.9,0,0,3202,3,,,0.0,0.0,
generic_paper|t0.05|max20|min0,1.2,0,0,3202,1,,,0.0,0.0,
generic_paper|t0.05|max20|min0,1.8,0,0,3202,0,,,0.0,0.0,
generic_paper|t0.05|max20|min0,2.4,0,0,3202,0,,,0.0,0.0,
generic_paper|t0.05|max20|min0,3.6,0,0,3202,0,,,0.0,0.0,
generic_paper|t0.05|max20|min0,5.0,0,0,3202,0,,,0.0,0.0,
generic_paper|t0.05|max20|min0,10.0,0,0,3202,0,,,0.0,0.0,
generic_paper|t0.05|max30|min0,0.3,4,4,3202,26,,100.0,0.12492192379762648,0.2495321272613849,
generic_paper|t0.05|max30|min0,0.45,3,3,3202,15,,100.0,0.09369144284821987,0.187207488299532,
generic_paper|t0.05|max30|min0,0.6,3,3,3202,11,,100.0,0.09369144284821987,0.187207488299532,
generic_paper|t0.05|max30|min0,0.9,1,1,3202,2,,100.0,0.03123048094940662,0.062441461130190445,
generic_paper|t0.05|max30|min0,1.2,0,0,3202,1,,,0.0,0.0,
generic_paper|t0.05|max30|min0,1.8,0,0,3202,0,,,0.0,0.0,
generic_paper|t0.05|max30|min0,2.4,0,0,3202,0,,,0.0,0.0,
generic_paper|t0.05|max30|min0,3.6,0,0,3202,0,,,0.0,0.0,
generic_paper|t0.05|max30|min0,5.0,0,0,3202,0,,,0.0,0.0,
generic_paper|t0.05|max30|min0,10.0,0,0,3202,0,,,0.0,0.0,
generic_paper|t0.05|max60|min0,0.3,11,14,3202,16,,78.57142857142857,0.3435352904434728,0.6840796019900498,
generic_paper|t0.05|max60|min0,0.45,8,8,3202,10,,100.0,0.24984384759525297,0.4984423676012461,
generic_paper|t0.05|max60|min0,0.6,7,7,3202,7,,100.0,0.21861336664584635,0.43627298223745714,
generic_paper|t0.05|max60|min0,0.9,2,2,3202,1,,100.0,0.06246096189881324,0.12484394506866417,
generic_paper|t0.05|max60|min0,1.2,1,1,3202,0,,100.0,0.03123048094940662,0.062441461130190445,
generic_paper|t0.05|max60|min0,1.8,0,0,3202,0,,,0.0,0.0,
generic_paper|t0.05|max60|min0,2.4,0,0,3202,0,,,0.0,0.0,
generic_paper|t0.05|max60|min0,3.6,0,0,3202,0,,,0.0,0.0,
generic_paper|t0.05|max60|min0,5.0,0,0,3202,0,,,0.0,0.0,
generic_paper|t0.05|max60|min0,10.0,0,0,3202,0,,,0.0,0.0,
generic_paper|t0.1|max15|min0,0.3,0,0,3202,6,,,0.0,0.0,
generic_paper|t0.1|max15|min0,0.45,0,0,3202,4,,,0.0,0.0,
generic_paper|t0.1|max15|min0,0.6,0,0,3202,3,,,0.0,0.0,
generic_paper|t0.1|max15|min0,0.9,0,0,3202,0,,,0.0,0.0,
generic_paper|t0.1|max15|min0,1.2,0,0,3202,0,,,0.0,0.0,
generic_paper|t0.1|max15|min0,1.8,0,0,3202,0,,,0.0,0.0,
generic_paper|t0.1|max15|min0,2.4,0,0,3202,0,,,0.0,0.0,
generic_paper|t0.1|max15|min0,3.6,0,0,3202,0,,,0.0,0.0,
generic_paper|t0.1|max15|min0,5.0,0,0,3202,0,,,0.0,0.0,
generic_paper|t0.1|max15|min0,10.0,0,0,3202,0,,,0.0,0.0,
generic_paper|t0.1|max195|min0,0.3,4,6,3202,0,,66.66666666666667,0.12492192379762648,0.24937655860349128,
generic_paper|t0.1|max195|min0,0.45,2,4,3202,0,,50.0,0.06246096189881324,0.12476606363069245,
generic_paper|t0.1|max195|min0,0.6,2,3,3202,0,,66.66666666666667,0.06246096189881324,0.12480499219968799,
generic_paper|t0.1|max195|min0,0.9,0,0,3202,0,,,0.0,0.0,
generic_paper|t0.1|max195|min0,1.2,0,0,3202,0,,,0.0,0.0,
generic_paper|t0.1|max195|min0,1.8,0,0,3202,0,,,0.0,0.0,
generic_paper|t0.1|max195|min0,2.4,0,0,3202,0,,,0.0,0.0,
generic_paper|t0.1|max195|min0,3.6,0,0,3202,0,,,0.0,0.0,
generic_paper|t0.1|max195|min0,5.0,0,0,3202,0,,,0.0,0.0,
generic_paper|t0.1|max195|min0,10.0,0,0,3202,0,,,0.0,0.0,
generic_paper|t0.1|max20|min0,0.3,0,0,3202,6,,,0.0,0.0,
generic_paper|t0.1|max20|min0,0.45,0,0,3202,4,,,0.0,0.0,
generic_paper|t0.1|max20|min0,0.6,0,0,3202,3,,,0.0,0.0,
generic_paper|t0.1|max20|min0,0.9,0,0,3202,0,,,0.0,0.0,
generic_paper|t0.1|max20|min0,1.2,0,0,3202,0,,,0.0,0.0,
generic_paper|t0.1|max20|min0,1.8,0,0,3202,0,,,0.0,0.0,
generic_paper|t0.1|max20|min0,2.4,0,0,3202,0,,,0.0,0.0,
generic_paper|t0.1|max20|min0,3.6,0,0,3202,0,,,0.0,0.0,
generic_paper|t0.1|max20|min0,5.0,0,0,3202,0,,,0.0,0.0,
generic_paper|t0.1|max20|min0,10.0,0,0,3202,0,,,0.0,0.0,
generic_paper|t0.1|max30|min0,0.3,0,0,3202,6,,,0.0,0.0,
generic_paper|t0.1|max30|min0,0.45,0,0,3202,4,,,0.0,0.0,
generic_paper|t0.1|max30|min0,0.6,0,0,3202,3,,,0.0,0.0,
generic_paper|t0.1|max30|min0,0.9,0,0,3202,0,,,0.0,0.0,
generic_paper|t0.1|max30|min0,1.2,0,0,3202,0,,,0.0,0.0,
generic_paper|t0.1|max30|min0,1.8,0,0,3202,0,,,0.0,0.0,
generic_paper|t0.1|max30|min0,2.4,0,0,3202,0,,,0.0,0.0,
generic_paper|t0.1|max30|min0,3.6,0,0,3202,0,,,0.0,0.0,
generic_paper|t0.1|max30|min0,5.0,0,0,3202,0,,,0.0,0.0,
generic_paper|t0.1|max30|min0,10.0,0,0,3202,0,,,0.0,0.0,
generic_paper|t0.1|max60|min0,0.3,2,2,3202,4,,100.0,0.06246096189881324,0.12484394506866417,
generic_paper|t0.1|max60|min0,0.45,0,0,3202,4,,,0.0,0.0,
generic_paper|t0.1|max60|min0,0.6,0,0,3202,3,,,0.0,0.0,
generic_paper|t0.1|max60|min0,0.9,0,0,3202,0,,,0.0,0.0,
generic_paper|t0.1|max60|min0,1.2,0,0,3202,0,,,0.0,0.0,
generic_paper|t0.1|max60|min0,1.8,0,0,3202,0,,,0.0,0.0,
generic_paper|t0.1|max60|min0,2.4,0,0,3202,0,,,0.0,0.0,
generic_paper|t0.1|max60|min0,3.6,0,0,3202,0,,,0.0,0.0,
generic_paper|t0.1|max60|min0,5.0,0,0,3202,0,,,0.0,0.0,
generic_paper|t0.1|max60|min0,10.0,0,0,3202,0,,,0.0,0.0,
generic_paper|t0.2|max15|min0,0.3,0,0,3202,1,,,0.0,0.0,
generic_paper|t0.2|max15|min0,0.45,0,0,3202,0,,,0.0,0.0,
generic_paper|t0.2|max15|min0,0.6,0,0,3202,0,,,0.0,0.0,
generic_paper|t0.2|max15|min0,0.9,0,0,3202,0,,,0.0,0.0,
generic_paper|t0.2|max15|min0,1.2,0,0,3202,0,,,0.0,0.0,
generic_paper|t0.2|max15|min0,1.8,0,0,3202,0,,,0.0,0.0,
generic_paper|t0.2|max15|min0,2.4,0,0,3202,0,,,0.0,0.0,
generic_paper|t0.2|max15|min0,3.6,0,0,3202,0,,,0.0,0.0,
generic_paper|t0.2|max15|min0,5.0,0,0,3202,0,,,0.0,0.0,
generic_paper|t0.2|max15|min0,10.0,0,0,3202,0,,,0.0,0.0,
generic_paper|t0.2|max195|min0,0.3,1,1,3202,0,,100.0,0.03123048094940662,0.062441461130190445,
generic_paper|t0.2|max195|min0,0.45,0,0,3202,0,,,0.0,0.0,
generic_paper|t0.2|max195|min0,0.6,0,0,3202,0,,,0.0,0.0,
generic_paper|t0.2|max195|min0,0.9,0,0,3202,0,,,0.0,0.0,
generic_paper|t0.2|max195|min0,1.2,0,0,3202,0,,,0.0,0.0,
generic_paper|t0.2|max195|min0,1.8,0,0,3202,0,,,0.0,0.0,
generic_paper|t0.2|max195|min0,2.4,0,0,3202,0,,,0.0,0.0,
generic_paper|t0.2|max195|min0,3.6,0,0,3202,0,,,0.0,0.0,
generic_paper|t0.2|max195|min0,5.0,0,0,3202,0,,,0.0,0.0,
generic_paper|t0.2|max195|min0,10.0,0,0,3202,0,,,0.0,0.0,
generic_paper|t0.2|max20|min0,0.3,0,0,3202,1,,,0.0,0.0,
generic_paper|t0.2|max20|min0,0.45,0,0,3202,0,,,0.0,0.0,
generic_paper|t0.2|max20|min0,0.6,0,0,3202,0,,,0.0,0.0,
generic_paper|t0.2|max20|min0,0.9,0,0,3202,0,,,0.0,0.0,
generic_paper|t0.2|max20|min0,1.2,0,0,3202,0,,,0.0,0.0,
generic_paper|t0.2|max20|min0,1.8,0,0,3202,0,,,0.0,0.0,
generic_paper|t0.2|max20|min0,2.4,0,0,3202,0,,,0.0,0.0,
generic_paper|t0.2|max20|min0,3.6,0,0,3202,0,,,0.0,0.0,
generic_paper|t0.2|max20|min0,5.0,0,0,3202,0,,,0.0,0.0,
generic_paper|t0.2|max20|min0,10.0,0,0,3202,0,,,0.0,0.0,
generic_paper|t0.2|max30|min0,0.3,0,0,3202,1,,,0.0,0.0,
generic_paper|t0.2|max30|min0,0.45,0,0,3202,0,,,0.0,0.0,
generic_paper|t0.2|max30|min0,0.6,0,0,3202,0,,,0.0,0.0,
generic_paper|t0.2|max30|min0,0.9,0,0,3202,0,,,0.0,0.0,
generic_paper|t0.2|max30|min0,1.2,0,0,3202,0,,,0.0,0.0,
generic_paper|t0.2|max30|min0,1.8,0,0,3202,0,,,0.0,0.0,
generic_paper|t0.2|max30|min0,2.4,0,0,3202,0,,,0.0,0.0,
generic_paper|t0.2|max30|min0,3.6,0,0,3202,0,,,0.0,0.0,
generic_paper|t0.2|max30|min0,5.0,0,0,3202,0,,,0.0,0.0,
generic_paper|t0.2|max30|min0,10.0,0,0,3202,0,,,0.0,0.0,
generic_paper|t0.2|max60|min0,0.3,0,0,3202,1,,,0.0,0.0,
generic_paper|t0.2|max60|min0,0.45,0,0,3202,0,,,0.0,0.0,
generic_paper|t0.2|max60|min0,0.6,0,0,3202,0,,,0.0,0.0,
generic_paper|t0.2|max60|min0,0.9,0,0,3202,0,,,0.0,0.0,
generic_paper|t0.2|max60|min0,1.2,0,0,3202,0,,,0.0,0.0,
generic_paper|t0.2|max60|min0,1.8,0,0,3202,0,,,0.0,0.0,
generic_paper|t0.2|max60|min0,2.4,0,0,3202,0,,,0.0,0.0,
generic_paper|t0.2|max60|min0,3.6,0,0,3202,0,,,0.0,0.0,
generic_paper|t0.2|max60|min0,5.0,0,0,3202,0,,,0.0,0.0,
generic_paper|t0.2|max60|min0,10.0,0,0,3202,0,,,0.0,0.0,
house|t0.001|max15|min0,0.3,1422,11587,3202,13712,,12.272374212479503,44.409743910056214,19.23050916221516,
house|t0.001|max15|min0,0.45,1372,10223,3202,14516,,13.420717988848674,42.848219862585886,20.439478584729983,
house|t0.001|max15|min0,0.6,1281,9089,3202,14590,,14.093959731543624,40.006246096189884,20.844520380766415,
house|t0.001|max15|min0,0.9,1107,6473,3202,14272,,17.101807508110614,34.57214241099313,22.88372093023256,
house|t0.001|max15|min0,1.2,894,4856,3202,13382,,18.410214168039538,27.92004996876952,22.189128816083397,
house|t0.001|max15|min0,1.8,562,2529,3202,9876,,22.22222222222222,17.551530293566522,19.612633048333624,
house|t0.001|max15|min0,2.4,343,1162,3202,6537,,29.518072289156628,10.712054965646471,15.719523373052246,
house|t0.001|max15|min0,3.6,43,128,3202,2362,,33.59375,1.3429106808244846,2.5825825825825826,
house|t0.001|max15|min0,5.0,0,4,3202,1022,,0.0,0.0,0.0,
house|t0.001|max15|min0,10.0,0,1,3202,468,,0.0,0.0,0.0,
house|t0.001|max195|min0,0.3,2548,25299,3202,0,,10.071544329815408,79.57526545908807,17.88007438335497,
house|t0.001|max195|min0,0.45,2499,24739,3202,0,,10.101459234407212,78.04497189256715,17.88769192226477,
house|t0.001|max195|min0,0.6,2477,23679,3202,0,,10.460745808522319,77.3579013116802,18.429373907220715,
house|t0.001|max195|min0,0.9,2356,20745,3202,0,,11.356953482766931,73.579013116802,19.676786236271766,
house|t0.001|max195|min0,1.2,2238,18238,3202,0,,12.271082355521438,69.89381636477202,20.87686567164179,
house|t0.001|max195|min0,1.8,1830,12405,3202,0,,14.752116082224909,57.151780137414114,23.451015569936565,
house|t0.001|max195|min0,2.4,1315,7699,3202,0,,17.080140277958176,41.06808244846971,24.126226951655813,
house|t0.001|max195|min0,3.6,422,2490,3202,0,,16.947791164658636,13.179262960649593,14.82782853127196,
house|t0.001|max195|min0,5.0,126,1026,3202,0,,12.280701754385966,3.9350405996252342,5.960264900662252,
house|t0.001|max195|min0,10.0,23,469,3202,0,,4.904051172707889,0.7183010618363522,1.2530645600653774,
house|t0.001|max20|min0,0.3,2115,16607,3202,8692,,12.735593424459566,66.05246720799501,21.353930031803724,
house|t0.001|max20|min0,0.45,2061,15466,3202,9273,,13.32600543126859,64.36602123672705,22.080565673880436,
house|t0.001|max20|min0,0.6,2039,14236,3202,9443,,14.322843495363866,63.6789506558401,23.385709370340635,
house|t0.001|max20|min0,0.9,1838,11085,3202,9660,,16.580965268380695,57.40162398500937,25.729684328410443,
house|t0.001|max20|min0,1.2,1648,8767,3202,9471,,18.79776434356108,51.46783260462211,27.53780599883031,
house|t0.001|max20|min0,1.8,1169,4868,3202,7537,,24.013968775677895,36.50843222985634,28.971499380421314,
house|t0.001|max20|min0,2.4,714,2317,3202,5382,,30.815709969788518,22.29856339787633,25.87425258198949,
house|t0.001|max20|min0,3.6,143,320,3202,2170,,44.6875,4.465958775765147,8.12038614423623,
house|t0.001|max20|min0,5.0,10,27,3202,999,,37.03703703703704,0.3123048094940662,0.6193868070610096,
house|t0.001|max20|min0,10.0,0,4,3202,465,,0.0,0.0,0.0,
house|t0.001|max30|min0,0.3,2429,20797,3202,4502,,11.67956916863009,75.85883822610869,20.24251010458769,
house|t0.001|max30|min0,0.45,2382,19979,3202,4760,,11.922518644576806,74.39100562148657,20.551313575773264,
house|t0.001|max30|min0,0.6,2367,18841,3202,4838,,12.563027440157104,73.92254840724547,21.476205598149072,
house|t0.001|max30|min0,0.9,2240,15715,3202,5030,,14.25389755011136,69.95627732667083,23.68240207221018,
house|t0.001|max30|min0,1.2,2108,13098,3202,5140,,16.09406016185677,65.83385384134915,25.865030674846626,
house|t0.001|max30|min0,1.8,1668,8013,3202,4392,,20.816173717708722,52.09244222361024,29.745876058849756,
house|t0.001|max30|min0,2.4,1126,4118,3202,3581,,27.34337056823701,35.16552154903186,30.76502732240437,
house|t0.001|max30|min0,3.6,282,653,3202,1837,,43.18529862174579,8.806995627732666,14.630350194552529,
house|t0.001|max30|min0,5.0,52,100,3202,926,,52.0,1.6239850093691444,3.1496062992125986,
house|t0.001|max30|min0,10.0,3,16,3202,453,,18.75,0.09369144284821987,0.18645121193287756,
house|t0.001|max60|min0,0.3,2532,23230,3202,2069,,10.899698665518725,79.07557776389757,19.15859564164649,
house|t0.001|max60|min0,0.45,2486,22592,3202,2147,,11.003895184135978,77.63897564022486,19.27580057377685,
house|t0.001|max60|min0,0.6,2460,21491,3202,2188,,11.446652086920107,76.82698313554029,19.924675009111894,
house|t0.001|max60|min0,0.9,2338,18543,3202,2202,,12.608531521328803,73.01686445971268,21.503793975626582,
house|t0.001|max60|min0,1.2,2214,15973,3202,2265,,13.860890252300758,69.14428482198626,23.092568448500653,
house|t0.001|max60|min0,1.8,1807,10446,3202,1959,,17.298487459314572,56.433479075577765,26.480070339976553,
house|t0.001|max60|min0,2.4,1290,5994,3202,1705,,21.52152152152152,40.28732042473454,28.055676381035234,
house|t0.001|max60|min0,3.6,402,1380,3202,1110,,29.130434782608695,12.554653341661462,17.546922741161065,
house|t0.001|max60|min0,5.0,107,330,3202,696,,32.42424242424242,3.3416614615865083,6.058890147225368,
house|t0.001|max60|min0,10.0,12,60,3202,409,,20.0,0.3747657713928795,0.7357449417535254,
house|t0.002|max15|min0,0.3,889,4425,3202,7303,,20.09039548022599,27.763897564022486,23.311918185393996,
house|t0.002|max15|min0,0.45,830,3706,3202,7847,,22.396114409066378,25.921299188007495,24.030110017371165,
house|t0.002|max15|min0,0.6,738,3139,3202,7654,,23.510672188595095,23.048094940662086,23.277085633180885,
house|t0.002|max15|min0,0.9,571,1943,3202,6952,,29.387545033453424,17.83260462211118,22.196307094266277,
house|t0.002|max15|min0,1.2,427,1370,3202,5947,,31.16788321167883,13.335415365396628,18.678915135608047,
house|t0.002|max15|min0,1.8,244,633,3202,3716,,38.54660347551343,7.6202373516552155,12.72490221642764,
house|t0.002|max15|min0,2.4,104,228,3202,2039,,45.6140350877193,3.2479700187382887,6.0641399416909625,
house|t0.002|max15|min0,3.6,12,17,3202,534,,70.58823529411765,0.3747657713928795,0.7455731593662628,
house|t0.002|max15|min0,5.0,0,0,3202,207,,,0.0,0.0,
house|t0.002|max15|min0,10.0,0,0,3202,116,,,0.0,0.0,
house|t0.002|max195|min0,0.3,2203,11728,3202,0,,18.784106412005457,68.80074953154279,29.511051574012058,
house|t0.002|max195|min0,0.45,2157,11553,3202,0,,18.67047520124643,67.36414740787008,29.237546594374788,
house|t0.002|max195|min0,0.6,2095,10793,3202,0,,19.410729176317982,65.42785758900688,29.93926402286531,
house|t0.002|max195|min0,0.9,1928,8895,3202,0,,21.675098369870714,60.212367270455964,31.87567165412912,
house|t0.002|max195|min0,1.2,1732,7317,3202,0,,23.670903375700423,54.091193004372265,32.930886966441676,
house|t0.002|max195|min0,1.8,1200,4349,3202,0,,27.592550011496897,37.47657713928795,31.783869686134288,
house|t0.002|max195|min0,2.4,681,2267,3202,0,,30.03970004411116,21.26795752654591,24.90400438837082,
house|t0.002|max195|min0,3.6,117,551,3202,0,,21.234119782214155,3.6539662710805745,6.235011990407674,
house|t0.002|max195|min0,5.0,23,207,3202,0,,11.11111111111111,0.7183010618363522,1.349369316515107,
house|t0.002|max195|min0,10.0,5,116,3202,0,,4.310344827586207,0.1561524047470331,0.3013863773357444,
house|t0.002|max20|min0,0.3,1587,7039,3202,4689,,22.545816167069187,49.562773266708305,30.993067083292647,
house|t0.002|max20|min0,0.45,1532,6425,3202,5128,,23.844357976653697,47.845096814490944,31.827152799418304,
house|t0.002|max20|min0,0.6,1451,5671,3202,5122,,25.5863163463234,45.31542785758901,32.7059619069086,
house|t0.002|max20|min0,0.9,1223,3969,3202,4926,,30.813807004283195,38.1948782011243,34.109608143912986,
house|t0.002|max20|min0,1.2,990,2940,3202,4377,,33.673469387755105,30.918176139912553,32.23705633344188,
house|t0.002|max20|min0,1.8,611,1429,3202,2920,,42.75717284814556,19.081823860087447,26.387389332757504,
house|t0.002|max20|min0,2.4,289,569,3202,1698,,50.790861159929705,9.025608994378514,15.327499337045877,
house|t0.002|max20|min0,3.6,34,52,3202,499,,65.38461538461539,1.061836352279825,2.089735709895513,
house|t0.002|max20|min0,5.0,1,3,3202,204,,33.333333333333336,0.03123048094940662,0.062402496099843996,
house|t0.002|max20|min0,10.0,0,0,3202,116,,,0.0,0.0,
house|t0.002|max30|min0,0.3,2061,9469,3202,2259,,21.765761960080262,64.36602123672705,32.53097624496883,
house|t0.002|max30|min0,0.45,2002,9065,3202,2488,,22.084942084942085,62.52342286071205,32.6404173799625,
house|t0.002|max30|min0,0.6,1951,8319,3202,2474,,23.452338021396802,60.93066833229232,33.86858779619825,
house|t0.002|max30|min0,0.9,1779,6488,3202,2407,,27.419852034525277,55.559025608994375,36.71826625386997,
house|t0.002|max30|min0,1.2,1575,5116,3202,2201,,30.78577013291634,49.188007495315425,37.869680211589326,
house|t0.002|max30|min0,1.8,1037,2713,3202,1636,,38.22336896424622,32.386008744534664,35.06339814032122,
house|t0.002|max30|min0,2.4,540,1138,3202,1129,,47.45166959578207,16.864459712679576,24.88479262672811,
house|t0.002|max30|min0,3.6,68,110,3202,441,,61.81818181818182,2.12367270455965,4.106280193236715,
house|t0.002|max30|min0,5.0,6,12,3202,195,,50.0,0.18738288569643974,0.37336652146857496,
house|t0.002|max30|min0,10.0,0,0,3202,116,,,0.0,0.0,
house|t0.002|max60|min0,0.3,2185,10818,3202,910,,20.197818450730264,68.23860087445347,31.169757489301,
house|t0.002|max60|min0,0.45,2139,10531,3202,1022,,20.311461399677142,66.80199875078077,31.151241534988714,
house|t0.002|max60|min0,0.6,2073,9771,3202,1022,,21.21584280012281,64.74078700811992,31.958683419409542,
house|t0.002|max60|min0,0.9,1907,7928,3202,967,,24.0539858728557,59.55652717051843,34.26774483378257,
house|t0.002|max60|min0,1.2,1709,6444,3202,873,,26.520794537554313,53.372891942535915,35.4343769438109,
house|t0.002|max60|min0,1.8,1177,3678,3202,671,,32.001087547580205,36.75827607745159,34.21511627906977,
house|t0.002|max60|min0,2.4,667,1755,3202,512,,38.00569800569801,20.830730793254215,26.911438369981845,
house|t0.002|max60|min0,3.6,101,243,3202,308,,41.56378600823045,3.1542785758900687,5.863570391872279,
house|t0.002|max60|min0,5.0,12,35,3202,172,,34.285714285714285,0.3747657713928795,0.7414272474513438,
house|t0.002|max60|min0,10.0,0,3,3202,113,,0.0,0.0,0.0,
house|t0.003|max15|min0,0.3,504,1781,3202,4217,,28.298708590679393,15.740162398500937,20.228777844671885,
house|t0.003|max15|min0,0.45,487,1531,3202,4596,,31.809274983670804,15.209244222361024,20.578914008028736,
house|t0.003|max15|min0,0.6,409,1234,3202,4325,,33.14424635332253,12.773266708307307,18.44003606853021,
house|t0.003|max15|min0,0.9,297,730,3202,3654,,40.68493150684932,9.275452841973767,15.106815869786368,
house|t0.003|max15|min0,1.2,199,468,3202,2915,,42.52136752136752,6.214865708931917,10.844686648501362,
house|t0.003|max15|min0,1.8,100,191,3202,1598,,52.35602094240838,3.1230480949406623,5.894488653109343,
house|t0.003|max15|min0,2.4,34,60,3202,793,,56.666666666666664,1.061836352279825,2.0846106683016554,
house|t0.003|max15|min0,3.6,1,3,3202,152,,33.333333333333336,0.03123048094940662,0.062402496099843996,
house|t0.003|max15|min0,5.0,0,0,3202,66,,,0.0,0.0,
house|t0.003|max15|min0,10.0,0,0,3202,40,,,0.0,0.0,
house|t0.003|max195|min0,0.3,1753,5998,3202,0,,29.226408802934312,54.74703310430981,38.108695652173914,
house|t0.003|max195|min0,0.45,1778,6127,3202,0,,29.019095805451283,55.52779512804497,38.117697502411836,
house|t0.003|max195|min0,0.6,1678,5559,3202,0,,30.1852851232236,52.40474703310431,38.30612943727885,
house|t0.003|max195|min0,0.9,1487,4384,3202,0,,33.918795620437955,46.43972517176765,39.203796467176375,
house|t0.003|max195|min0,1.2,1226,3383,3202,0,,36.24002364765001,38.288569643972515,37.23614274867122,
house|t0.003|max195|min0,1.8,704,1789,3202,0,,39.351593068753495,21.98625858838226,28.210779402925265,
house|t0.003|max195|min0,2.4,330,853,3202,0,,38.68698710433763,10.306058713304186,16.27620221948212,
house|t0.003|max195|min0,3.6,32,155,3202,0,,20.64516129032258,0.9993753903810119,1.9064641048555258,
house|t0.003|max195|min0,5.0,6,66,3202,0,,9.090909090909092,0.18738288569643974,0.3671970624235006,
house|t0.003|max195|min0,10.0,2,40,3202,0,,5.0,0.06246096189881324,0.12338062924120913,
house|t0.003|max20|min0,0.3,1064,3132,3202,2866,,33.971902937420175,33.22923173016864,33.59646353015472,
house|t0.003|max20|min0,0.45,1061,2968,3202,3159,,35.74797843665768,33.135540287320424,34.392220421393844,
house|t0.003|max20|min0,0.6,958,2503,3202,3056,,38.274071114662405,29.918800749531542,33.58457493426818,
house|t0.003|max20|min0,0.9,752,1668,3202,2716,,45.08393285371702,23.485321673953777,30.882956878850102,
house|t0.003|max20|min0,1.2,568,1174,3202,2209,,48.38160136286201,17.738913179262962,25.95978062157221,
house|t0.003|max20|min0,1.8,280,500,3202,1289,,56.0,8.744534665833854,15.126958400864398,
house|t0.003|max20|min0,2.4,124,190,3202,663,,65.26315789473684,3.872579637726421,7.311320754716981,
house|t0.003|max20|min0,3.6,3,7,3202,148,,42.857142857142854,0.09369144284821987,0.1869741352446245,
house|t0.003|max20|min0,5.0,0,0,3202,66,,,0.0,0.0,
house|t0.003|max20|min0,10.0,0,0,3202,40,,,0.0,0.0,
house|t0.003|max30|min0,0.3,1589,4682,3202,1316,,33.938487825715505,49.62523422860712,40.309487569761544,
house|t0.003|max30|min0,0.45,1617,4686,3202,1441,,34.50704225352113,50.49968769519051,40.99898580121704,
house|t0.003|max30|min0,0.6,1523,4158,3202,1401,,36.628186628186626,47.56402248594628,41.38586956521739,
house|t0.003|max30|min0,0.9,1324,3119,3202,1265,,42.449503045848026,41.349156777014365,41.8921056794811,
house|t0.003|max30|min0,1.2,1062,2317,3202,1066,,45.83513163573586,33.16677076826983,38.48523283203479,
house|t0.003|max30|min0,1.8,586,1096,3202,693,,53.46715328467153,18.30106183635228,27.268496975337367,
house|t0.003|max30|min0,2.4,255,401,3202,452,,63.591022443890274,7.9637726420986885,14.154870940882597,
house|t0.003|max30|min0,3.6,11,18,3202,137,,61.111111111111114,0.3435352904434728,0.6832298136645962,
house|t0.003|max30|min0,5.0,0,0,3202,66,,,0.0,0.0,
house|t0.003|max30|min0,10.0,0,0,3202,40,,,0.0,0.0,
house|t0.003|max60|min0,0.3,1735,5526,3202,472,,31.397032211364458,54.18488444722049,39.75710357470211,
house|t0.003|max60|min0,0.45,1756,5605,3202,522,,31.329170383586085,54.840724547158025,39.877370273645965,
house|t0.003|max60|min0,0.6,1651,5034,3202,525,,32.79698053237982,51.56152404747033,40.09227780475959,
house|t0.003|max60|min0,0.9,1466,3916,3202,468,,37.43615934627171,45.783885071830106,41.19134588367519,
house|t0.003|max60|min0,1.2,1203,2996,3202,387,,40.15353805073431,37.570268582136165,38.8189738625363,
house|t0.003|max60|min0,1.8,685,1506,3202,283,,45.48472775564409,21.392879450343536,29.099405267629567,
house|t0.003|max60|min0,2.4,317,631,3202,222,,50.23771790808241,9.900062460961898,16.54056874510827,
house|t0.003|max60|min0,3.6,23,47,3202,108,,48.93617021276596,0.7183010618363522,1.4158202523853494,
house|t0.003|max60|min0,5.0,0,3,3202,63,,0.0,0.0,0.0,
house|t0.003|max60|min0,10.0,0,1,3202,39,,0.0,0.0,0.0,
house|t0.005|max15|min0,0.3,140,308,3202,1549,,45.45454545454545,4.372267332916927,7.977207977207978,
house|t0.005|max15|min0,0.45,133,276,3202,1702,,48.18840579710145,4.15365396627108,7.648073605520414,
house|t0.005|max15|min0,0.6,111,222,3202,1522,,50.0,3.466583385384135,6.483644859813084,
house|t0.005|max15|min0,0.9,73,120,3202,1149,,60.833333333333336,2.2798251093066835,4.394942805538832,
house|t0.005|max15|min0,1.2,31,65,3202,760,,47.69230769230769,0.9681449094316052,1.8977655341291706,
house|t0.005|max15|min0,1.8,6,11,3202,371,,54.54545454545455,0.18738288569643974,0.3734827264239029,
house|t0.005|max15|min0,2.4,3,5,3202,158,,60.0,0.09369144284821987,0.18709073900841908,
house|t0.005|max15|min0,3.6,0,0,3202,34,,,0.0,0.0,
house|t0.005|max15|min0,5.0,0,0,3202,13,,,0.0,0.0,
house|t0.005|max15|min0,10.0,0,0,3202,2,,,0.0,0.0,
house|t0.005|max195|min0,0.3,916,1857,3202,0,,49.32687129779214,28.607120549656464,36.2126902549911,
house|t0.005|max195|min0,0.45,953,1978,3202,0,,48.179979777553086,29.76264834478451,36.795366795366796,
house|t0.005|max195|min0,0.6,864,1744,3202,0,,49.54128440366973,26.98313554028732,34.937323089365144,
house|t0.005|max195|min0,0.9,697,1269,3202,0,,54.925137903861305,21.767645221736416,31.1787072243346,
house|t0.005|max195|min0,1.2,477,825,3202,0,,57.81818181818182,14.896939412866958,23.690091879811273,
house|t0.005|max195|min0,1.8,219,382,3202,0,,57.32984293193717,6.8394753279200495,12.220982142857142,
house|t0.005|max195|min0,2.4,79,163,3202,0,,48.466257668711656,2.467207995003123,4.695393759286776,
house|t0.005|max195|min0,3.6,7,34,3202,0,,20.58823529411765,0.21861336664584635,0.4326328800988875,
house|t0.005|max195|min0,5.0,3,13,3202,0,,23.076923076923077,0.09369144284821987,0.18662519440124417,
house|t0.005|max195|min0,10.0,0,2,3202,0,,0.0,0.0,0.0,
house|t0.005|max20|min0,0.3,395,706,3202,1151,,55.94900849858357,12.336039975015614,20.214943705220062,
house|t0.005|max20|min0,0.45,396,698,3202,1280,,56.73352435530086,12.367270455965022,20.307692307692307,
house|t0.005|max20|min0,0.6,331,564,3202,1180,,58.687943262411345,10.337289194253591,17.578332448220923,
house|t0.005|max20|min0,0.9,237,335,3202,934,,70.74626865671642,7.401623985009369,13.401187446988974,
house|t0.005|max20|min0,1.2,149,215,3202,610,,69.30232558139535,4.653341661461586,8.721100380450688,
house|t0.005|max20|min0,1.8,60,73,3202,309,,82.1917808219178,1.8738288569643973,3.66412213740458,
house|t0.005|max20|min0,2.4,21,30,3202,133,,70.0,0.655840099937539,1.2995049504950495,
house|t0.005|max20|min0,3.6,0,1,3202,33,,0.0,0.0,0.0,
house|t0.005|max20|min0,5.0,0,0,3202,13,,,0.0,0.0,
house|t0.005|max20|min0,10.0,0,0,3202,2,,,0.0,0.0,
house|t0.005|max30|min0,0.3,775,1346,3202,511,,57.57800891530461,24.20362273579013,34.08091468777484,
house|t0.005|max30|min0,0.45,814,1411,3202,567,,57.68958185683912,25.42161149281699,35.29156730977672,
house|t0.005|max30|min0,0.6,728,1216,3202,528,,59.86842105263158,22.73579013116802,32.95608872793119,
house|t0.005|max30|min0,0.9,577,847,3202,422,,68.12278630460449,18.01998750780762,28.500864410965672,
house|t0.005|max30|min0,1.2,381,538,3202,287,,70.817843866171,11.898813241723923,20.37433155080214,
house|t0.005|max30|min0,1.8,162,211,3202,171,,76.77725118483413,5.059337913803873,9.493114561968943,
house|t0.005|max30|min0,2.4,52,69,3202,94,,75.3623188405797,1.6239850093691444,3.179455823907062,
house|t0.005|max30|min0,3.6,0,1,3202,33,,0.0,0.0,0.0,
house|t0.005|max30|min0,5.0,0,0,3202,13,,,0.0,0.0,
house|t0.005|max30|min0,10.0,0,0,3202,2,,,0.0,0.0,
house|t0.005|max60|min0,0.3,899,1682,3202,175,,53.44827586206897,28.07620237351655,36.814086814086814,
house|t0.005|max60|min0,0.45,936,1781,3202,197,,52.55474452554745,29.231730168644596,37.567730282962074,
house|t0.005|max60|min0,0.6,845,1552,3202,192,,54.4458762886598,26.389756402248594,35.5490113588557,
house|t0.005|max60|min0,0.9,676,1122,3202,147,,60.249554367201426,21.111805121798877,31.267345050878816,
house|t0.005|max60|min0,1.2,463,712,3202,113,,65.02808988764045,14.459712679575265,23.658661216147163,
house|t0.005|max60|min0,1.8,203,304,3202,78,,66.77631578947368,6.339787632729544,11.580148317170565,
house|t0.005|max60|min0,2.4,71,108,3202,55,,65.74074074074075,2.2173641474078702,4.290030211480363,
house|t0.005|max60|min0,3.6,0,5,3202,29,,0.0,0.0,0.0,
house|t0.005|max60|min0,5.0,0,0,3202,13,,,0.0,0.0,
house|t0.005|max60|min0,10.0,0,0,3202,2,,,0.0,0.0,
house|t0.0075|max15|min0,0.3,22,37,3202,418,,59.45945945945946,0.6870705808869456,1.3584439641864774,
house|t0.0075|max15|min0,0.45,18,32,3202,495,,56.25,0.5621486570893192,1.1131725417439704,
house|t0.0075|max15|min0,0.6,15,24,3202,435,,62.5,0.4684572142410993,0.9299442033477991,
house|t0.0075|max15|min0,0.9,6,9,3202,285,,66.66666666666667,0.18738288569643974,0.3737153534724385,
house|t0.0075|max15|min0,1.2,1,1,3202,160,,100.0,0.03123048094940662,0.062441461130190445,
house|t0.0075|max15|min0,1.8,0,0,3202,70,,,0.0,0.0,
house|t0.0075|max15|min0,2.4,0,0,3202,32,,,0.0,0.0,
house|t0.0075|max15|min0,3.6,0,0,3202,11,,,0.0,0.0,
house|t0.0075|max15|min0,5.0,0,0,3202,3,,,0.0,0.0,
house|t0.0075|max15|min0,10.0,0,0,3202,2,,,0.0,0.0,
house|t0.0075|max195|min0,0.3,279,455,3202,0,,61.31868131868132,8.713304184884446,15.258408531583266,
house|t0.0075|max195|min0,0.45,329,527,3202,0,,62.428842504743834,10.274828232354778,17.64548136229552,
house|t0.0075|max195|min0,0.6,284,459,3202,0,,61.87363834422658,8.869456589631481,15.514886642993718,
house|t0.0075|max195|min0,0.9,204,294,3202,0,,69.38775510204081,6.371018113678951,11.670480549199084,
house|t0.0075|max195|min0,1.2,110,161,3202,0,,68.32298136645963,3.4353529044347284,6.541778174249182,
house|t0.0075|max195|min0,1.8,43,70,3202,0,,61.42857142857143,1.3429106808244846,2.628361858190709,
house|t0.0075|max195|min0,2.4,14,32,3202,0,,43.75,0.4372267332916927,0.8658008658008658,
house|t0.0075|max195|min0,3.6,2,11,3202,0,,18.181818181818183,0.06246096189881324,0.12449424214130096,
house|t0.0075|max195|min0,5.0,2,3,3202,0,,66.66666666666667,0.06246096189881324,0.12480499219968799,
house|t0.0075|max195|min0,10.0,0,2,3202,0,,0.0,0.0,0.0,
house|t0.0075|max20|min0,0.3,73,106,3202,349,,68.86792452830188,2.2798251093066835,4.41354292623942,
house|t0.0075|max20|min0,0.45,83,109,3202,418,,76.14678899082568,2.5921299188007496,5.013591060102688,
house|t0.0075|max20|min0,0.6,69,92,3202,367,,75.0,2.154903185509057,4.18943533697632,
house|t0.0075|max20|min0,0.9,45,52,3202,242,,86.53846153846153,1.4053716427232978,2.765826674861709,
house|t0.0075|max20|min0,1.2,25,27,3202,134,,92.5925925925926,0.7807620237351656,1.548467017652524,
house|t0.0075|max20|min0,1.8,7,7,3202,63,,100.0,0.21861336664584635,0.43627298223745714,
house|t0.0075|max20|min0,2.4,1,1,3202,31,,100.0,0.03123048094940662,0.062441461130190445,
house|t0.0075|max20|min0,3.6,0,0,3202,11,,,0.0,0.0,
house|t0.0075|max20|min0,5.0,0,0,3202,3,,,0.0,0.0,
house|t0.0075|max20|min0,10.0,0,0,3202,2,,,0.0,0.0,
house|t0.0075|max30|min0,0.3,212,283,3202,172,,74.91166077738517,6.620861961274204,12.166427546628407,
house|t0.0075|max30|min0,0.45,261,336,3202,191,,77.67857142857143,8.151155527795128,14.754098360655737,
house|t0.0075|max30|min0,0.6,219,278,3202,181,,78.77697841726619,6.8394753279200495,12.586206896551724,
house|t0.0075|max30|min0,0.9,155,186,3202,108,,83.33333333333333,4.840724547158026,9.149940968122786,
house|t0.0075|max30|min0,1.2,72,86,3202,75,,83.72093023255815,2.2485946283572766,4.37956204379562,
house|t0.0075|max30|min0,1.8,25,28,3202,42,,89.28571428571429,0.7807620237351656,1.5479876160990713,
house|t0.0075|max30|min0,2.4,4,5,3202,27,,80.0,0.12492192379762648,0.2494543186778921,
house|t0.0075|max30|min0,3.6,0,0,3202,11,,,0.0,0.0,
house|t0.0075|max30|min0,5.0,0,0,3202,3,,,0.0,0.0,
house|t0.0075|max30|min0,10.0,0,0,3202,2,,,0.0,0.0,
house|t0.0075|max60|min0,0.3,264,378,3202,77,,69.84126984126983,8.244846970643348,14.748603351955307,
house|t0.0075|max60|min0,0.45,317,455,3202,72,,69.67032967032966,9.900062460961898,17.33661471151217,
house|t0.0075|max60|min0,0.6,272,388,3202,71,,70.10309278350516,8.4946908182386,15.153203342618385,
house|t0.0075|max60|min0,0.9,195,248,3202,46,,78.62903225806451,6.089943785134291,11.304347826086957,
house|t0.0075|max60|min0,1.2,102,123,3202,38,,82.92682926829268,3.1855090568394755,6.135338345864661,
house|t0.0075|max60|min0,1.8,37,43,3202,27,,86.04651162790698,1.155527795128045,2.280431432973806,
house|t0.0075|max60|min0,2.4,9,11,3202,21,,81.81818181818181,0.2810743285446596,0.5602240896358543,
house|t0.0075|max60|min0,3.6,0,0,3202,11,,,0.0,0.0,
house|t0.0075|max60|min0,5.0,0,0,3202,3,,,0.0,0.0,
house|t0.0075|max60|min0,10.0,0,0,3202,2,,,0.0,0.0,
house|t0.01|max15|min0,0.3,6,9,3202,122,,66.66666666666667,0.18738288569643974,0.3737153534724385,
house|t0.01|max15|min0,0.45,5,8,3202,149,,62.5,0.1561524047470331,0.3115264797507788,
house|t0.01|max15|min0,0.6,5,7,3202,138,,71.42857142857143,0.1561524047470331,0.3116235587410408,
house|t0.01|max15|min0,0.9,0,0,3202,85,,,0.0,0.0,
house|t0.01|max15|min0,1.2,0,0,3202,48,,,0.0,0.0,
house|t0.01|max15|min0,1.8,0,0,3202,23,,,0.0,0.0,
house|t0.01|max15|min0,2.4,0,0,3202,11,,,0.0,0.0,
house|t0.01|max15|min0,3.6,0,0,3202,2,,,0.0,0.0,
house|t0.01|max15|min0,5.0,0,0,3202,2,,,0.0,0.0,
house|t0.01|max15|min0,10.0,0,0,3202,0,,,0.0,0.0,
house|t0.01|max195|min0,0.3,72,131,3202,0,,54.961832061068705,2.2485946283572766,4.32043204320432,
house|t0.01|max195|min0,0.45,90,157,3202,0,,57.32484076433121,2.8107432854465957,5.358737719559393,
house|t0.01|max195|min0,0.6,89,145,3202,0,,61.37931034482759,2.7795128044971893,5.318195398864655,
house|t0.01|max195|min0,0.9,60,85,3202,0,,70.58823529411765,1.8738288569643973,3.650745360511104,
house|t0.01|max195|min0,1.2,29,48,3202,0,,60.416666666666664,0.905683947532792,1.7846153846153847,
house|t0.01|max195|min0,1.8,11,23,3202,0,,47.82608695652174,0.3435352904434728,0.6821705426356589,
house|t0.01|max195|min0,2.4,4,11,3202,0,,36.36363636363637,0.12492192379762648,0.24898848428260192,
house|t0.01|max195|min0,3.6,1,2,3202,0,,50.0,0.03123048094940662,0.062421972534332085,
house|t0.01|max195|min0,5.0,1,2,3202,0,,50.0,0.03123048094940662,0.062421972534332085,
house|t0.01|max195|min0,10.0,0,0,3202,0,,,0.0,0.0,
house|t0.01|max20|min0,0.3,11,16,3202,115,,68.75,0.3435352904434728,0.6836544437538844,
house|t0.01|max20|min0,0.45,16,23,3202,134,,69.56521739130434,0.49968769519050593,0.9922480620155039,
house|t0.01|max20|min0,0.6,11,15,3202,130,,73.33333333333333,0.3435352904434728,0.6838669567920422,
house|t0.01|max20|min0,0.9,4,4,3202,81,,100.0,0.12492192379762648,0.2495321272613849,
house|t0.01|max20|min0,1.2,1,1,3202,47,,100.0,0.03123048094940662,0.062441461130190445,
house|t0.01|max20|min0,1.8,1,1,3202,22,,100.0,0.03123048094940662,0.062441461130190445,
house|t0.01|max20|min0,2.4,0,0,3202,11,,,0.0,0.0,
house|t0.01|max20|min0,3.6,0,0,3202,2,,,0.0,0.0,
house|t0.01|max20|min0,5.0,0,0,3202,2,,,0.0,0.0,
house|t0.01|max20|min0,10.0,0,0,3202,0,,,0.0,0.0,
house|t0.01|max30|min0,0.3,43,55,3202,76,,78.18181818181819,1.3429106808244846,2.6404666871354006,
house|t0.01|max30|min0,0.45,59,77,3202,80,,76.62337662337663,1.8425983760149907,3.5986581274778895,
house|t0.01|max30|min0,0.6,55,65,3202,80,,84.61538461538461,1.7176764522173642,3.367003367003367,
house|t0.01|max30|min0,0.9,35,38,3202,47,,92.10526315789474,1.0930668332292317,2.1604938271604937,
house|t0.01|max30|min0,1.2,12,15,3202,33,,80.0,0.3747657713928795,0.7460366801367734,
house|t0.01|max30|min0,1.8,3,4,3202,19,,75.0,0.09369144284821987,0.18714909544603867,
house|t0.01|max30|min0,2.4,0,0,3202,11,,,0.0,0.0,
house|t0.01|max30|min0,3.6,0,0,3202,2,,,0.0,0.0,
house|t0.01|max30|min0,5.0,0,0,3202,2,,,0.0,0.0,
house|t0.01|max30|min0,10.0,0,0,3202,0,,,0.0,0.0,
house|t0.01|max60|min0,0.3,64,87,3202,44,,73.5632183908046,1.9987507807620237,3.891760413499544,
house|t0.01|max60|min0,0.45,83,120,3202,37,,69.16666666666667,2.5921299188007496,4.996989765201686,
house|t0.01|max60|min0,0.6,80,101,3202,44,,79.20792079207921,2.4984384759525295,4.844081138359067,
house|t0.01|max60|min0,0.9,53,59,3202,26,,89.83050847457628,1.655215490318551,3.250536645200859,
house|t0.01|max60|min0,1.2,23,26,3202,22,,88.46153846153847,0.7183010618363522,1.4250309789343247,
house|t0.01|max60|min0,1.8,6,7,3202,16,,85.71428571428571,0.18738288569643974,0.373948270489249,
house|t0.01|max60|min0,2.4,1,1,3202,10,,100.0,0.03123048094940662,0.062441461130190445,
house|t0.01|max60|min0,3.6,0,0,3202,2,,,0.0,0.0,
house|t0.01|max60|min0,5.0,0,0,3202,2,,,0.0,0.0,
house|t0.01|max60|min0,10.0,0,0,3202,0,,,0.0,0.0,
house|t0.02|max15|min0,0.3,0,0,3202,20,,,0.0,0.0,
house|t0.02|max15|min0,0.45,0,0,3202,18,,,0.0,0.0,
house|t0.02|max15|min0,0.6,0,0,3202,16,,,0.0,0.0,
house|t0.02|max15|min0,0.9,0,0,3202,2,,,0.0,0.0,
house|t0.02|max15|min0,1.2,0,0,3202,1,,,0.0,0.0,
house|t0.02|max15|min0,1.8,0,0,3202,2,,,0.0,0.0,
house|t0.02|max15|min0,2.4,0,0,3202,1,,,0.0,0.0,
house|t0.02|max15|min0,3.6,0,0,3202,0,,,0.0,0.0,
house|t0.02|max15|min0,5.0,0,0,3202,0,,,0.0,0.0,
house|t0.02|max15|min0,10.0,0,0,3202,0,,,0.0,0.0,
house|t0.02|max195|min0,0.3,11,20,3202,0,,55.0,0.3435352904434728,0.6828057107386716,
house|t0.02|max195|min0,0.45,10,18,3202,0,,55.55555555555556,0.3123048094940662,0.6211180124223602,
house|t0.02|max195|min0,0.6,10,16,3202,0,,62.5,0.3123048094940662,0.6215040397762586,
house|t0.02|max195|min0,0.9,2,2,3202,0,,100.0,0.06246096189881324,0.12484394506866417,
house|t0.02|max195|min0,1.2,1,1,3202,0,,100.0,0.03123048094940662,0.062441461130190445,
house|t0.02|max195|min0,1.8,1,2,3202,0,,50.0,0.03123048094940662,0.062421972534332085,
house|t0.02|max195|min0,2.4,1,1,3202,0,,100.0,0.03123048094940662,0.062441461130190445,
house|t0.02|max195|min0,3.6,0,0,3202,0,,,0.0,0.0,
house|t0.02|max195|min0,5.0,0,0,3202,0,,,0.0,0.0,
house|t0.02|max195|min0,10.0,0,0,3202,0,,,0.0,0.0,
house|t0.02|max20|min0,0.3,0,0,3202,20,,,0.0,0.0,
house|t0.02|max20|min0,0.45,0,0,3202,18,,,0.0,0.0,
house|t0.02|max20|min0,0.6,0,0,3202,16,,,0.0,0.0,
house|t0.02|max20|min0,0.9,0,0,3202,2,,,0.0,0.0,
house|t0.02|max20|min0,1.2,0,0,3202,1,,,0.0,0.0,
house|t0.02|max20|min0,1.8,0,0,3202,2,,,0.0,0.0,
house|t0.02|max20|min0,2.4,0,0,3202,1,,,0.0,0.0,
house|t0.02|max20|min0,3.6,0,0,3202,0,,,0.0,0.0,
house|t0.02|max20|min0,5.0,0,0,3202,0,,,0.0,0.0,
house|t0.02|max20|min0,10.0,0,0,3202,0,,,0.0,0.0,
house|t0.02|max30|min0,0.3,0,0,3202,20,,,0.0,0.0,
house|t0.02|max30|min0,0.45,1,1,3202,17,,100.0,0.03123048094940662,0.062441461130190445,
house|t0.02|max30|min0,0.6,2,2,3202,14,,100.0,0.06246096189881324,0.12484394506866417,
house|t0.02|max30|min0,0.9,0,0,3202,2,,,0.0,0.0,
house|t0.02|max30|min0,1.2,0,0,3202,1,,,0.0,0.0,
house|t0.02|max30|min0,1.8,0,0,3202,2,,,0.0,0.0,
house|t0.02|max30|min0,2.4,0,0,3202,1,,,0.0,0.0,
house|t0.02|max30|min0,3.6,0,0,3202,0,,,0.0,0.0,
house|t0.02|max30|min0,5.0,0,0,3202,0,,,0.0,0.0,
house|t0.02|max30|min0,10.0,0,0,3202,0,,,0.0,0.0,
house|t0.02|max60|min0,0.3,5,6,3202,14,,83.33333333333333,0.1561524047470331,0.3117206982543641,
house|t0.02|max60|min0,0.45,5,5,3202,13,,100.0,0.1561524047470331,0.3118178983473651,
house|t0.02|max60|min0,0.6,5,5,3202,11,,100.0,0.1561524047470331,0.3118178983473651,
house|t0.02|max60|min0,0.9,0,0,3202,2,,,0.0,0.0,
house|t0.02|max60|min0,1.2,0,0,3202,1,,,0.0,0.0,
house|t0.02|max60|min0,1.8,0,0,3202,2,,,0.0,0.0,
house|t0.02|max60|min0,2.4,0,0,3202,1,,,0.0,0.0,
house|t0.02|max60|min0,3.6,0,0,3202,0,,,0.0,0.0,
house|t0.02|max60|min0,5.0,0,0,3202,0,,,0.0,0.0,
house|t0.02|max60|min0,10.0,0,0,3202,0,,,0.0,0.0,
house|t0.05|max15|min0,0.3,0,0,3202,3,,,0.0,0.0,
house|t0.05|max15|min0,0.45,0,0,3202,2,,,0.0,0.0,
house|t0.05|max15|min0,0.6,0,0,3202,2,,,0.0,0.0,
house|t0.05|max15|min0,0.9,0,0,3202,0,,,0.0,0.0,
house|t0.05|max15|min0,1.2,0,0,3202,0,,,0.0,0.0,
house|t0.05|max15|min0,1.8,0,0,3202,0,,,0.0,0.0,
house|t0.05|max15|min0,2.4,0,0,3202,0,,,0.0,0.0,
house|t0.05|max15|min0,3.6,0,0,3202,0,,,0.0,0.0,
house|t0.05|max15|min0,5.0,0,0,3202,0,,,0.0,0.0,
house|t0.05|max15|min0,10.0,0,0,3202,0,,,0.0,0.0,
house|t0.05|max195|min0,0.3,2,3,3202,0,,66.66666666666667,0.06246096189881324,0.12480499219968799,
house|t0.05|max195|min0,0.45,1,2,3202,0,,50.0,0.03123048094940662,0.062421972534332085,
house|t0.05|max195|min0,0.6,1,2,3202,0,,50.0,0.03123048094940662,0.062421972534332085,
house|t0.05|max195|min0,0.9,0,0,3202,0,,,0.0,0.0,
house|t0.05|max195|min0,1.2,0,0,3202,0,,,0.0,0.0,
house|t0.05|max195|min0,1.8,0,0,3202,0,,,0.0,0.0,
house|t0.05|max195|min0,2.4,0,0,3202,0,,,0.0,0.0,
house|t0.05|max195|min0,3.6,0,0,3202,0,,,0.0,0.0,
house|t0.05|max195|min0,5.0,0,0,3202,0,,,0.0,0.0,
house|t0.05|max195|min0,10.0,0,0,3202,0,,,0.0,0.0,
house|t0.05|max20|min0,0.3,0,0,3202,3,,,0.0,0.0,
house|t0.05|max20|min0,0.45,0,0,3202,2,,,0.0,0.0,
house|t0.05|max20|min0,0.6,0,0,3202,2,,,0.0,0.0,
house|t0.05|max20|min0,0.9,0,0,3202,0,,,0.0,0.0,
house|t0.05|max20|min0,1.2,0,0,3202,0,,,0.0,0.0,
house|t0.05|max20|min0,1.8,0,0,3202,0,,,0.0,0.0,
house|t0.05|max20|min0,2.4,0,0,3202,0,,,0.0,0.0,
house|t0.05|max20|min0,3.6,0,0,3202,0,,,0.0,0.0,
house|t0.05|max20|min0,5.0,0,0,3202,0,,,0.0,0.0,
house|t0.05|max20|min0,10.0,0,0,3202,0,,,0.0,0.0,
house|t0.05|max30|min0,0.3,0,0,3202,3,,,0.0,0.0,
house|t0.05|max30|min0,0.45,0,0,3202,2,,,0.0,0.0,
house|t0.05|max30|min0,0.6,0,0,3202,2,,,0.0,0.0,
house|t0.05|max30|min0,0.9,0,0,3202,0,,,0.0,0.0,
house|t0.05|max30|min0,1.2,0,0,3202,0,,,0.0,0.0,
house|t0.05|max30|min0,1.8,0,0,3202,0,,,0.0,0.0,
house|t0.05|max30|min0,2.4,0,0,3202,0,,,0.0,0.0,
house|t0.05|max30|min0,3.6,0,0,3202,0,,,0.0,0.0,
house|t0.05|max30|min0,5.0,0,0,3202,0,,,0.0,0.0,
house|t0.05|max30|min0,10.0,0,0,3202,0,,,0.0,0.0,
house|t0.05|max60|min0,0.3,0,0,3202,3,,,0.0,0.0,
house|t0.05|max60|min0,0.45,0,0,3202,2,,,0.0,0.0,
house|t0.05|max60|min0,0.6,0,0,3202,2,,,0.0,0.0,
house|t0.05|max60|min0,0.9,0,0,3202,0,,,0.0,0.0,
house|t0.05|max60|min0,1.2,0,0,3202,0,,,0.0,0.0,
house|t0.05|max60|min0,1.8,0,0,3202,0,,,0.0,0.0,
house|t0.05|max60|min0,2.4,0,0,3202,0,,,0.0,0.0,
house|t0.05|max60|min0,3.6,0,0,3202,0,,,0.0,0.0,
house|t0.05|max60|min0,5.0,0,0,3202,0,,,0.0,0.0,
house|t0.05|max60|min0,10.0,0,0,3202,0,,,0.0,0.0,
house|t0.1|max15|min0,0.3,0,0,3202,0,,,0.0,0.0,
house|t0.1|max15|min0,0.45,0,0,3202,0,,,0.0,0.0,
house|t0.1|max15|min0,0.6,0,0,3202,0,,,0.0,0.0,
house|t0.1|max15|min0,0.9,0,0,3202,0,,,0.0,0.0,
house|t0.1|max15|min0,1.2,0,0,3202,0,,,0.0,0.0,
house|t0.1|max15|min0,1.8,0,0,3202,0,,,0.0,0.0,
house|t0.1|max15|min0,2.4,0,0,3202,0,,,0.0,0.0,
house|t0.1|max15|min0,3.6,0,0,3202,0,,,0.0,0.0,
house|t0.1|max15|min0,5.0,0,0,3202,0,,,0.0,0.0,
house|t0.1|max15|min0,10.0,0,0,3202,0,,,0.0,0.0,
house|t0.1|max195|min0,0.3,0,0,3202,0,,,0.0,0.0,
house|t0.1|max195|min0,0.45,0,0,3202,0,,,0.0,0.0,
house|t0.1|max195|min0,0.6,0,0,3202,0,,,0.0,0.0,
house|t0.1|max195|min0,0.9,0,0,3202,0,,,0.0,0.0,
house|t0.1|max195|min0,1.2,0,0,3202,0,,,0.0,0.0,
house|t0.1|max195|min0,1.8,0,0,3202,0,,,0.0,0.0,
house|t0.1|max195|min0,2.4,0,0,3202,0,,,0.0,0.0,
house|t0.1|max195|min0,3.6,0,0,3202,0,,,0.0,0.0,
house|t0.1|max195|min0,5.0,0,0,3202,0,,,0.0,0.0,
house|t0.1|max195|min0,10.0,0,0,3202,0,,,0.0,0.0,
house|t0.1|max20|min0,0.3,0,0,3202,0,,,0.0,0.0,
house|t0.1|max20|min0,0.45,0,0,3202,0,,,0.0,0.0,
house|t0.1|max20|min0,0.6,0,0,3202,0,,,0.0,0.0,
house|t0.1|max20|min0,0.9,0,0,3202,0,,,0.0,0.0,
house|t0.1|max20|min0,1.2,0,0,3202,0,,,0.0,0.0,
house|t0.1|max20|min0,1.8,0,0,3202,0,,,0.0,0.0,
house|t0.1|max20|min0,2.4,0,0,3202,0,,,0.0,0.0,
house|t0.1|max20|min0,3.6,0,0,3202,0,,,0.0,0.0,
house|t0.1|max20|min0,5.0,0,0,3202,0,,,0.0,0.0,
house|t0.1|max20|min0,10.0,0,0,3202,0,,,0.0,0.0,
house|t0.1|max30|min0,0.3,0,0,3202,0,,,0.0,0.0,
house|t0.1|max30|min0,0.45,0,0,3202,0,,,0.0,0.0,
house|t0.1|max30|min0,0.6,0,0,3202,0,,,0.0,0.0,
house|t0.1|max30|min0,0.9,0,0,3202,0,,,0.0,0.0,
house|t0.1|max30|min0,1.2,0,0,3202,0,,,0.0,0.0,
house|t0.1|max30|min0,1.8,0,0,3202,0,,,0.0,0.0,
house|t0.1|max30|min0,2.4,0,0,3202,0,,,0.0,0.0,
house|t0.1|max30|min0,3.6,0,0,3202,0,,,0.0,0.0,
house|t0.1|max30|min0,5.0,0,0,3202,0,,,0.0,0.0,
house|t0.1|max30|min0,10.0,0,0,3202,0,,,0.0,0.0,
house|t0.1|max60|min0,0.3,0,0,3202,0,,,0.0,0.0,
house|t0.1|max60|min0,0.45,0,0,3202,0,,,0.0,0.0,
house|t0.1|max60|min0,0.6,0,0,3202,0,,,0.0,0.0,
house|t0.1|max60|min0,0.9,0,0,3202,0,,,0.0,0.0,
house|t0.1|max60|min0,1.2,0,0,3202,0,,,0.0,0.0,
house|t0.1|max60|min0,1.8,0,0,3202,0,,,0.0,0.0,
house|t0.1|max60|min0,2.4,0,0,3202,0,,,0.0,0.0,
house|t0.1|max60|min0,3.6,0,0,3202,0,,,0.0,0.0,
house|t0.1|max60|min0,5.0,0,0,3202,0,,,0.0,0.0,
house|t0.1|max60|min0,10.0,0,0,3202,0,,,0.0,0.0,
house|t0.2|max15|min0,0.3,0,0,3202,0,,,0.0,0.0,
house|t0.2|max15|min0,0.45,0,0,3202,0,,,0.0,0.0,
house|t0.2|max15|min0,0.6,0,0,3202,0,,,0.0,0.0,
house|t0.2|max15|min0,0.9,0,0,3202,0,,,0.0,0.0,
house|t0.2|max15|min0,1.2,0,0,3202,0,,,0.0,0.0,
house|t0.2|max15|min0,1.8,0,0,3202,0,,,0.0,0.0,
house|t0.2|max15|min0,2.4,0,0,3202,0,,,0.0,0.0,
house|t0.2|max15|min0,3.6,0,0,3202,0,,,0.0,0.0,
house|t0.2|max15|min0,5.0,0,0,3202,0,,,0.0,0.0,
house|t0.2|max15|min0,10.0,0,0,3202,0,,,0.0,0.0,
house|t0.2|max195|min0,0.3,0,0,3202,0,,,0.0,0.0,
house|t0.2|max195|min0,0.45,0,0,3202,0,,,0.0,0.0,
house|t0.2|max195|min0,0.6,0,0,3202,0,,,0.0,0.0,
house|t0.2|max195|min0,0.9,0,0,3202,0,,,0.0,0.0,
house|t0.2|max195|min0,1.2,0,0,3202,0,,,0.0,0.0,
house|t0.2|max195|min0,1.8,0,0,3202,0,,,0.0,0.0,
house|t0.2|max195|min0,2.4,0,0,3202,0,,,0.0,0.0,
house|t0.2|max195|min0,3.6,0,0,3202,0,,,0.0,0.0,
house|t0.2|max195|min0,5.0,0,0,3202,0,,,0.0,0.0,
house|t0.2|max195|min0,10.0,0,0,3202,0,,,0.0,0.0,
house|t0.2|max20|min0,0.3,0,0,3202,0,,,0.0,0.0,
house|t0.2|max20|min0,0.45,0,0,3202,0,,,0.0,0.0,
house|t0.2|max20|min0,0.6,0,0,3202,0,,,0.0,0.0,
house|t0.2|max20|min0,0.9,0,0,3202,0,,,0.0,0.0,
house|t0.2|max20|min0,1.2,0,0,3202,0,,,0.0,0.0,
house|t0.2|max20|min0,1.8,0,0,3202,0,,,0.0,0.0,
house|t0.2|max20|min0,2.4,0,0,3202,0,,,0.0,0.0,
house|t0.2|max20|min0,3.6,0,0,3202,0,,,0.0,0.0,
house|t0.2|max20|min0,5.0,0,0,3202,0,,,0.0,0.0,
house|t0.2|max20|min0,10.0,0,0,3202,0,,,0.0,0.0,
house|t0.2|max30|min0,0.3,0,0,3202,0,,,0.0,0.0,
house|t0.2|max30|min0,0.45,0,0,3202,0,,,0.0,0.0,
house|t0.2|max30|min0,0.6,0,0,3202,0,,,0.0,0.0,
house|t0.2|max30|min0,0.9,0,0,3202,0,,,0.0,0.0,
house|t0.2|max30|min0,1.2,0,0,3202,0,,,0.0,0.0,
house|t0.2|max30|min0,1.8,0,0,3202,0,,,0.0,0.0,
house|t0.2|max30|min0,2.4,0,0,3202,0,,,0.0,0.0,
house|t0.2|max30|min0,3.6,0,0,3202,0,,,0.0,0.0,
house|t0.2|max30|min0,5.0,0,0,3202,0,,,0.0,0.0,
house|t0.2|max30|min0,10.0,0,0,3202,0,,,0.0,0.0,
house|t0.2|max60|min0,0.3,0,0,3202,0,,,0.0,0.0,
house|t0.2|max60|min0,0.45,0,0,3202,0,,,0.0,0.0,
house|t0.2|max60|min0,0.6,0,0,3202,0,,,0.0,0.0,
house|t0.2|max60|min0,0.9,0,0,3202,0,,,0.0,0.0,
house|t0.2|max60|min0,1.2,0,0,3202,0,,,0.0,0.0,
house|t0.2|max60|min0,1.8,0,0,3202,0,,,0.0,0.0,
house|t0.2|max60|min0,2.4,0,0,3202,0,,,0.0,0.0,
house|t0.2|max60|min0,3.6,0,0,3202,0,,,0.0,0.0,
house|t0.2|max60|min0,5.0,0,0,3202,0,,,0.0,0.0,
house|t0.2|max60|min0,10.0,0,0,3202,0,,,0.0,0.0,
paper_pair|t0.001|max15|min0,0.3,1297,7762,3202,12112,,16.709610925019327,40.505933791380386,23.659248449470997,
paper_pair|t0.001|max15|min0,0.45,1212,6257,3202,12546,,19.370305258110914,37.85134291068083,25.62638756739613,
paper_pair|t0.001|max15|min0,0.6,1107,5402,3202,12376,,20.492410218437616,34.57214241099313,25.732217573221757,
paper_pair|t0.001|max15|min0,0.9,880,3379,3202,11727,,26.043208049718853,27.482823235477827,26.74365597933445,
paper_pair|t0.001|max15|min0,1.2,688,2459,3202,10781,,27.978853192354617,21.486570893191754,24.306659600777248,
paper_pair|t0.001|max15|min0,1.8,345,910,3202,6813,,37.91208791208791,10.774515927545284,16.780155642023345,
paper_pair|t0.001|max15|min0,2.4,115,221,3202,3413,,52.036199095022624,3.5915053091817613,6.719252118025124,
paper_pair|t0.001|max15|min0,3.6,6,8,3202,975,,75.0,0.18738288569643974,0.37383177570093457,
paper_pair|t0.001|max15|min0,5.0,0,0,3202,412,,,0.0,0.0,
paper_pair|t0.001|max15|min0,10.0,0,0,3202,162,,,0.0,0.0,
paper_pair|t0.001|max195|min0,0.3,2477,19874,3202,0,,12.46352017711583,77.3579013116802,21.468192061015774,
paper_pair|t0.001|max195|min0,0.45,2409,18803,3202,0,,12.811785353401053,75.23422860712056,21.895023858214042,
paper_pair|t0.001|max195|min0,0.6,2383,17778,3202,0,,13.404207447406908,74.42223610243597,22.716873212583412,
paper_pair|t0.001|max195|min0,0.9,2238,15106,3202,0,,14.81530517675096,69.89381636477202,24.448328599519336,
paper_pair|t0.001|max195|min0,1.2,2091,13240,3202,0,,15.793051359516616,65.30293566520925,25.43486193893687,
paper_pair|t0.001|max195|min0,1.8,1621,7723,3202,0,,20.98925288100479,50.62460961898813,29.675057208237988,
paper_pair|t0.001|max195|min0,2.4,965,3634,3202,0,,26.55476059438635,30.13741411617739,28.23288472791106,
paper_pair|t0.001|max195|min0,3.6,184,983,3202,0,,18.71820956256358,5.746408494690818,8.793309438470729,
paper_pair|t0.001|max195|min0,5.0,38,412,3202,0,,9.223300970873787,1.1867582760774515,2.102933038184837,
paper_pair|t0.001|max195|min0,10.0,4,162,3202,0,,2.4691358024691357,0.12492192379762648,0.23781212841854935,
paper_pair|t0.001|max20|min0,0.3,2031,11874,3202,8000,,17.104598281960588,63.429106808244846,26.943486335898115,
paper_pair|t0.001|max20|min0,0.45,1944,10403,3202,8400,,18.68691723541286,60.71205496564647,28.577728776185225,
paper_pair|t0.001|max20|min0,0.6,1904,9366,3202,8412,,20.328849028400597,59.4628357276702,30.299172501591343,
paper_pair|t0.001|max20|min0,0.9,1650,6705,3202,8401,,24.60850111856823,51.530293566520925,33.309780962955486,
paper_pair|t0.001|max20|min0,1.2,1430,5148,3202,8092,,27.77777777777778,44.659587757651465,34.25149700598802,
paper_pair|t0.001|max20|min0,1.8,859,2147,3202,5576,,40.0093153237075,26.82698313554029,32.11815292578052,
paper_pair|t0.001|max20|min0,2.4,352,653,3202,2981,,53.905053598774884,10.99312929419113,18.261997405966277,
paper_pair|t0.001|max20|min0,3.6,35,46,3202,937,,76.08695652173913,1.0930668332292317,2.1551724137931036,
paper_pair|t0.001|max20|min0,5.0,2,2,3202,410,,100.0,0.06246096189881324,0.12484394506866417,
paper_pair|t0.001|max20|min0,10.0,0,0,3202,162,,,0.0,0.0,
paper_pair|t0.001|max30|min0,0.3,2358,15520,3202,4354,,15.193298969072165,73.64147407870081,25.18961649396432,
paper_pair|t0.001|max30|min0,0.45,2287,14300,3202,4503,,15.993006993006993,71.42410993129295,26.13415609644612,
paper_pair|t0.001|max30|min0,0.6,2266,13270,3202,4508,,17.07611152976639,70.7682698313554,27.51335599805731,
paper_pair|t0.001|max30|min0,0.9,2110,10511,3202,4595,,20.07420797260013,65.89631480324798,30.77371836943047,
paper_pair|t0.001|max30|min0,1.2,1951,8642,3202,4598,,22.575792640592457,60.93066833229232,32.94495103005741,
paper_pair|t0.001|max30|min0,1.8,1423,4250,3202,3473,,33.48235294117647,44.440974391005625,38.191089640365,
paper_pair|t0.001|max30|min0,2.4,757,1516,3202,2118,,49.934036939313984,23.641474078700814,32.08986858838491,
paper_pair|t0.001|max30|min0,3.6,96,143,3202,840,,67.13286713286713,2.998126171143036,5.739910313901345,
paper_pair|t0.001|max30|min0,5.0,12,19,3202,393,,63.1578947368421,0.3747657713928795,0.7451102142191866,
paper_pair|t0.001|max30|min0,10.0,0,0,3202,162,,,0.0,0.0,
paper_pair|t0.001|max60|min0,0.3,2461,17741,3202,2133,,13.871822332450256,76.85821361648969,23.501886071718474,
paper_pair|t0.001|max60|min0,0.45,2397,16644,3202,2159,,14.401586157173757,74.85946283572767,24.1560012093117,
paper_pair|t0.001|max60|min0,0.6,2366,15618,3202,2160,,15.149186835702395,73.89131792629607,25.14346439957492,
paper_pair|t0.001|max60|min0,0.9,2221,12975,3202,2131,,17.11753371868979,69.3628981886321,27.45873771403845,
paper_pair|t0.001|max60|min0,1.2,2069,11092,3202,2148,,18.653083303281644,64.6158650843223,28.949209458514062,
paper_pair|t0.001|max60|min0,1.8,1594,6021,3202,1702,,26.474007639926924,49.78138663335415,34.565759514257834,
paper_pair|t0.001|max60|min0,2.4,942,2461,3202,1173,,38.27712312068265,29.419113054341036,33.26858555535935,
paper_pair|t0.001|max60|min0,3.6,158,348,3202,635,,45.40229885057471,4.934415990006246,8.901408450704226,
paper_pair|t0.001|max60|min0,5.0,26,58,3202,354,,44.827586206896555,0.8119925046845722,1.5950920245398772,
paper_pair|t0.001|max60|min0,10.0,0,2,3202,160,,0.0,0.0,0.0,
paper_pair|t0.002|max15|min0,0.3,762,2536,3202,6857,,30.047318611987382,23.797626483447846,26.559776925758104,
paper_pair|t0.002|max15|min0,0.45,649,1890,3202,6882,,34.33862433862434,20.2685821361649,25.49096622152396,
paper_pair|t0.002|max15|min0,0.6,586,1603,3202,6708,,36.55645664379289,18.30106183635228,24.391259105098854,
paper_pair|t0.002|max15|min0,0.9,415,953,3202,5921,,43.546694648478486,12.960649594003748,19.975932611311674,
paper_pair|t0.002|max15|min0,1.2,280,607,3202,5077,,46.12850082372323,8.744534665833854,14.702021527960094,
paper_pair|t0.002|max15|min0,1.8,106,183,3202,2667,,57.923497267759565,3.310430980637102,6.262924667651403,
paper_pair|t0.002|max15|min0,2.4,24,31,3202,1100,,77.41935483870968,0.749531542785759,1.4846891432106404,
paper_pair|t0.002|max15|min0,3.6,2,2,3202,245,,100.0,0.06246096189881324,0.12484394506866417,
paper_pair|t0.002|max15|min0,5.0,0,0,3202,108,,,0.0,0.0,
paper_pair|t0.002|max15|min0,10.0,0,0,3202,37,,,0.0,0.0,
paper_pair|t0.002|max195|min0,0.3,2147,9393,3202,0,,22.857447035026084,67.05184259837601,34.09289400555776,
paper_pair|t0.002|max195|min0,0.45,2072,8772,3202,0,,23.620611035111718,64.70955652717052,34.60831802238183,
paper_pair|t0.002|max195|min0,0.6,2012,8311,3202,0,,24.20887979785826,62.83572767020612,34.95179362459828,
paper_pair|t0.002|max195|min0,0.9,1826,6874,3202,0,,26.5638638347396,57.02685821361649,36.24454148471616,
paper_pair|t0.002|max195|min0,1.2,1643,5684,3202,0,,28.90570021111893,51.31168019987508,36.97951834346163,
paper_pair|t0.002|max195|min0,1.8,1002,2850,3202,0,,35.1578947368421,31.292941911305434,33.11302048909452,
paper_pair|t0.002|max195|min0,2.4,419,1131,3202,0,,37.04686118479222,13.085571517801375,19.339949226863606,
paper_pair|t0.002|max195|min0,3.6,40,247,3202,0,,16.194331983805668,1.2492192379762648,2.319512902290519,
paper_pair|t0.002|max195|min0,5.0,10,108,3202,0,,9.25925925925926,0.3123048094940662,0.6042296072507553,
paper_pair|t0.002|max195|min0,10.0,3,37,3202,0,,8.108108108108109,0.09369144284821987,0.18524235875270145,
paper_pair|t0.002|max20|min0,0.3,1502,4731,3202,4662,,31.748044810822236,46.90818238600875,37.86713727467541,
paper_pair|t0.002|max20|min0,0.45,1383,3955,3202,4817,,34.96839443742098,43.191755153029355,38.64747799357273,
paper_pair|t0.002|max20|min0,0.6,1306,3492,3202,4819,,37.399770904925546,40.78700811992505,39.020017926501346,
paper_pair|t0.002|max20|min0,0.9,1050,2396,3202,4478,,43.82303839732888,32.792004996876955,37.51339764201501,
paper_pair|t0.002|max20|min0,1.2,852,1729,3202,3955,,49.27703875072296,26.60836976889444,34.55688501318191,
paper_pair|t0.002|max20|min0,1.8,389,634,3202,2216,,61.35646687697161,12.148657089319176,20.281543274244004,
paper_pair|t0.002|max20|min0,2.4,117,147,3202,984,,79.59183673469387,3.6539662710805745,6.987160346372051,
paper_pair|t0.002|max20|min0,3.6,4,5,3202,242,,80.0,0.12492192379762648,0.2494543186778921,
paper_pair|t0.002|max20|min0,5.0,0,0,3202,108,,,0.0,0.0,
paper_pair|t0.002|max20|min0,10.0,0,0,3202,37,,,0.0,0.0,
paper_pair|t0.002|max30|min0,0.3,1990,6989,3202,2404,,28.47331520961511,62.14865708931917,39.05406731429693,
paper_pair|t0.002|max30|min0,0.45,1918,6296,3202,2476,,30.463786531130875,59.9000624609619,40.38744998947147,
paper_pair|t0.002|max30|min0,0.6,1858,5826,3202,2485,,31.8915207689667,58.026233603997504,41.160832964111655,
paper_pair|t0.002|max30|min0,0.9,1661,4535,3202,2339,,36.626240352811465,51.873828856964394,42.936538710094354,
paper_pair|t0.002|max30|min0,1.2,1471,3528,3202,2156,,41.69501133786848,45.94003747657714,43.7147102526003,
paper_pair|t0.002|max30|min0,1.8,822,1497,3202,1353,,54.90981963927856,25.671455340412244,34.986167269631835,
paper_pair|t0.002|max30|min0,2.4,309,419,3202,712,,73.74701670644392,9.650218613366645,17.06710853355427,
paper_pair|t0.002|max30|min0,3.6,14,18,3202,229,,77.77777777777777,0.4372267332916927,0.8695652173913043,
paper_pair|t0.002|max30|min0,5.0,2,2,3202,106,,100.0,0.06246096189881324,0.12484394506866417,
paper_pair|t0.002|max30|min0,10.0,0,0,3202,37,,,0.0,0.0,
paper_pair|t0.002|max60|min0,0.3,2130,8305,3202,1088,,25.64720048163757,66.5209244222361,37.02094377335535,
paper_pair|t0.002|max60|min0,0.45,2057,7679,3202,1093,,26.787342101836177,64.24109931292942,37.8090249057991,
paper_pair|t0.002|max60|min0,0.6,1991,7196,3202,1115,,27.66814897165092,62.17988757026858,38.29582612040777,
paper_pair|t0.002|max60|min0,0.9,1802,5827,3202,1047,,30.925004290372403,56.27732667083073,39.91582678037435,
paper_pair|t0.002|max60|min0,1.2,1618,4704,3202,980,,34.39625850340136,50.53091817613991,40.930938527700484,
paper_pair|t0.002|max60|min0,1.8,981,2221,3202,629,,44.16929311121117,30.637101811367895,36.1792365849161,
paper_pair|t0.002|max60|min0,2.4,401,720,3202,411,,55.69444444444444,12.523422860712055,20.44875063742988,
paper_pair|t0.002|max60|min0,3.6,31,55,3202,192,,56.36363636363637,0.9681449094316052,1.9035922628185447,
paper_pair|t0.002|max60|min0,5.0,4,6,3202,102,,66.66666666666667,0.12492192379762648,0.24937655860349128,
paper_pair|t0.002|max60|min0,10.0,0,0,3202,37,,,0.0,0.0,
paper_pair|t0.003|max15|min0,0.3,443,993,3202,4396,,44.6122860020141,13.835103060587134,21.120381406436234,
paper_pair|t0.003|max15|min0,0.45,355,732,3202,4354,,48.49726775956284,11.08682073703935,18.047788510421963,
paper_pair|t0.003|max15|min0,0.6,304,622,3202,4175,,48.87459807073955,9.494066208619612,15.899581589958158,
paper_pair|t0.003|max15|min0,0.9,189,338,3202,3461,,55.917159763313606,5.902560899437852,10.677966101694915,
paper_pair|t0.003|max15|min0,1.2,130,215,3202,2873,,60.46511627906977,4.059962523422861,7.609013754755634,
paper_pair|t0.003|max15|min0,1.8,41,55,3202,1271,,74.54545454545455,1.2804497189256714,2.5176542830825914,
paper_pair|t0.003|max15|min0,2.4,9,9,3202,443,,100.0,0.2810743285446596,0.5605730302086578,
paper_pair|t0.003|max15|min0,3.6,1,1,3202,90,,100.0,0.03123048094940662,0.062441461130190445,
paper_pair|t0.003|max15|min0,5.0,0,0,3202,31,,,0.0,0.0,
paper_pair|t0.003|max15|min0,10.0,0,0,3202,4,,,0.0,0.0,
paper_pair|t0.003|max195|min0,0.3,1812,5389,3202,0,,33.62404898868065,56.5896314803248,42.18368059597253,
paper_pair|t0.003|max195|min0,0.45,1730,5086,3202,0,,34.01494298073142,54.02873204247346,41.74710424710425,
paper_pair|t0.003|max195|min0,0.6,1656,4797,3202,0,,34.52157598499062,51.71767645221736,41.40517564695587,
paper_pair|t0.003|max195|min0,0.9,1435,3799,3202,0,,37.773098183732564,44.8157401623985,40.99414369375803,
paper_pair|t0.003|max195|min0,1.2,1240,3088,3202,0,,40.15544041450777,38.72579637726421,39.42766295707472,
paper_pair|t0.003|max195|min0,1.8,606,1326,3202,0,,45.70135746606335,18.925671455340414,26.766784452296818,
paper_pair|t0.003|max195|min0,2.4,190,452,3202,0,,42.0353982300885,5.933791380387258,10.399562123700054,
paper_pair|t0.003|max195|min0,3.6,15,91,3202,0,,16.483516483516482,0.4684572142410993,0.9110233829334953,
paper_pair|t0.003|max195|min0,5.0,4,31,3202,0,,12.903225806451612,0.12492192379762648,0.24744819053510672,
paper_pair|t0.003|max195|min0,10.0,0,4,3202,0,,0.0,0.0,0.0,
paper_pair|t0.003|max20|min0,0.3,1064,2257,3202,3132,,47.142224191404516,33.22923173016864,38.98149844293827,
paper_pair|t0.003|max20|min0,0.45,957,1888,3202,3198,,50.688559322033896,29.887570268582135,37.60314341846758,
paper_pair|t0.003|max20|min0,0.6,882,1675,3202,3122,,52.656716417910445,27.54528419737664,36.16977650194792,
paper_pair|t0.003|max20|min0,0.9,649,1086,3202,2713,,59.76058931860037,20.2685821361649,30.270522388059703,
paper_pair|t0.003|max20|min0,1.2,499,781,3202,2307,,63.892445582586426,15.584009993753904,25.05649008285212,
paper_pair|t0.003|max20|min0,1.8,195,243,3202,1083,,80.24691358024691,6.089943785134291,11.320754716981131,
paper_pair|t0.003|max20|min0,2.4,46,49,3202,403,,93.87755102040816,1.4366021236727045,2.8298984927714548,
paper_pair|t0.003|max20|min0,3.6,1,1,3202,90,,100.0,0.03123048094940662,0.062441461130190445,
paper_pair|t0.003|max20|min0,5.0,0,0,3202,31,,,0.0,0.0,
paper_pair|t0.003|max20|min0,10.0,0,0,3202,4,,,0.0,0.0,
paper_pair|t0.003|max30|min0,0.3,1627,3827,3202,1562,,42.513718317219755,50.811992504684575,46.2939251671646,
paper_pair|t0.003|max30|min0,0.45,1554,3493,3202,1593,,44.48897795591182,48.53216739537789,46.42270351008215,
paper_pair|t0.003|max30|min0,0.6,1488,3237,3202,1560,,45.968489341983314,46.47095565271705,46.21835688771549,
paper_pair|t0.003|max30|min0,0.9,1265,2409,3202,1390,,52.51141552511415,39.506558400999374,45.09000178221351,
paper_pair|t0.003|max30|min0,1.2,1056,1873,3202,1215,,56.380138814735716,32.97938788257339,41.61576354679803,
paper_pair|t0.003|max30|min0,1.8,475,686,3202,640,,69.24198250728863,14.834478450968145,24.43415637860082,
paper_pair|t0.003|max30|min0,2.4,136,167,3202,285,,81.437125748503,4.2473454091193,8.073612347877708,
paper_pair|t0.003|max30|min0,3.6,3,3,3202,88,,100.0,0.09369144284821987,0.187207488299532,
paper_pair|t0.003|max30|min0,5.0,0,0,3202,31,,,0.0,0.0,
paper_pair|t0.003|max30|min0,10.0,0,0,3202,4,,,0.0,0.0,
paper_pair|t0.003|max60|min0,0.3,1794,4729,3202,660,,37.936138718545145,56.02748282323548,45.240196696507375,
paper_pair|t0.003|max60|min0,0.45,1708,4426,3202,660,,38.5901491188432,53.34166146158651,44.78238070267436,
paper_pair|t0.003|max60|min0,0.6,1631,4137,3202,660,,39.424703891708965,50.9369144284822,44.44747240768497,
paper_pair|t0.003|max60|min0,0.9,1411,3198,3202,601,,44.1213258286429,44.066208619612745,44.09375,
paper_pair|t0.003|max60|min0,1.2,1217,2579,3202,509,,47.18883288096161,38.00749531542786,42.10344231101885,
paper_pair|t0.003|max60|min0,1.8,585,1019,3202,307,,57.409224730127576,18.26983135540287,27.718550106609808,
paper_pair|t0.003|max60|min0,2.4,181,287,3202,165,,63.066202090592334,5.652717051842599,10.375465749498424,
paper_pair|t0.003|max60|min0,3.6,10,17,3202,74,,58.8235294117647,0.3123048094940662,0.6213109661385523,
paper_pair|t0.003|max60|min0,5.0,0,0,3202,31,,,0.0,0.0,
paper_pair|t0.003|max60|min0,10.0,0,0,3202,4,,,0.0,0.0,
paper_pair|t0.005|max15|min0,0.3,151,235,3202,2100,,64.25531914893617,4.7158026233604,8.786732615653186,
paper_pair|t0.005|max15|min0,0.45,115,174,3202,2009,,66.0919540229885,3.5915053091817613,6.812796208530806,
paper_pair|t0.005|max15|min0,0.6,104,149,3202,1921,,69.79865771812081,3.2479700187382887,6.207102357505223,
paper_pair|t0.005|max15|min0,0.9,56,75,3202,1513,,74.66666666666667,1.7489069331667708,3.417760146475435,
paper_pair|t0.005|max15|min0,1.2,22,30,3202,1077,,73.33333333333333,0.6870705808869456,1.3613861386138615,
paper_pair|t0.005|max15|min0,1.8,5,5,3202,370,,100.0,0.1561524047470331,0.3118178983473651,
paper_pair|t0.005|max15|min0,2.4,1,1,3202,98,,100.0,0.03123048094940662,0.062441461130190445,
paper_pair|t0.005|max15|min0,3.6,0,0,3202,18,,,0.0,0.0,
paper_pair|t0.005|max15|min0,5.0,0,0,3202,7,,,0.0,0.0,
paper_pair|t0.005|max15|min0,10.0,0,0,3202,1,,,0.0,0.0,
paper_pair|t0.005|max195|min0,0.3,1199,2335,3202,0,,51.349036402569595,37.445346658338536,43.30865089398591,
paper_pair|t0.005|max195|min0,0.45,1114,2183,3202,0,,51.03069170865781,34.79075577763898,41.37418755803157,
paper_pair|t0.005|max195|min0,0.6,1070,2070,3202,0,,51.690821256038646,33.416614615865086,40.591805766312596,
paper_pair|t0.005|max195|min0,0.9,883,1588,3202,0,,55.604534005037785,27.576514678326046,36.86847599164927,
paper_pair|t0.005|max195|min0,1.2,662,1107,3202,0,,59.80126467931346,20.674578388507182,30.72638663262938,
paper_pair|t0.005|max195|min0,1.8,220,375,3202,0,,58.666666666666664,6.870705808869457,12.300810735253005,
paper_pair|t0.005|max195|min0,2.4,43,99,3202,0,,43.43434343434343,1.3429106808244846,2.605271129960618,
paper_pair|t0.005|max195|min0,3.6,3,18,3202,0,,16.666666666666668,0.09369144284821987,0.18633540372670807,
paper_pair|t0.005|max195|min0,5.0,2,7,3202,0,,28.571428571428573,0.06246096189881324,0.12464942349641633,
paper_pair|t0.005|max195|min0,10.0,0,1,3202,0,,0.0,0.0,0.0,
paper_pair|t0.005|max20|min0,0.3,501,700,3202,1635,,71.57142857142857,15.646470955652717,25.679138903126603,
paper_pair|t0.005|max20|min0,0.45,436,598,3202,1585,,72.90969899665552,13.616489693941286,22.94736842105263,
paper_pair|t0.005|max20|min0,0.6,391,529,3202,1541,,73.91304347826087,12.211118051217989,20.959528276601446,
paper_pair|t0.005|max20|min0,0.9,275,343,3202,1245,,80.17492711370262,8.58838226108682,15.514809590973202,
paper_pair|t0.005|max20|min0,1.2,175,210,3202,897,,83.33333333333333,5.4653341661461585,10.25791324736225,
paper_pair|t0.005|max20|min0,1.8,42,46,3202,329,,91.30434782608695,1.311680199875078,2.586206896551724,
paper_pair|t0.005|max20|min0,2.4,4,4,3202,95,,100.0,0.12492192379762648,0.2495321272613849,
paper_pair|t0.005|max20|min0,3.6,0,0,3202,18,,,0.0,0.0,
paper_pair|t0.005|max20|min0,5.0,0,0,3202,7,,,0.0,0.0,
paper_pair|t0.005|max20|min0,10.0,0,0,3202,1,,,0.0,0.0,
paper_pair|t0.005|max30|min0,0.3,1018,1556,3202,779,,65.4241645244216,31.79262960649594,42.79108869272804,
paper_pair|t0.005|max30|min0,0.45,946,1416,3202,767,,66.80790960451978,29.544034978138665,40.97011693373755,
paper_pair|t0.005|max30|min0,0.6,913,1342,3202,728,,68.0327868852459,28.513429106808246,40.184859154929576,
paper_pair|t0.005|max30|min0,0.9,727,995,3202,593,,73.06532663316582,22.704559650218613,34.64379318560877,
paper_pair|t0.005|max30|min0,1.2,524,676,3202,431,,77.51479289940828,16.36477201748907,27.02423929860753,
paper_pair|t0.005|max30|min0,1.8,160,196,3202,179,,81.63265306122449,4.996876951905059,9.417304296645085,
paper_pair|t0.005|max30|min0,2.4,20,25,3202,74,,80.0,0.6246096189881324,1.2395413696932136,
paper_pair|t0.005|max30|min0,3.6,0,0,3202,18,,,0.0,0.0,
paper_pair|t0.005|max30|min0,5.0,0,0,3202,7,,,0.0,0.0,
paper_pair|t0.005|max30|min0,10.0,0,0,3202,1,,,0.0,0.0,
paper_pair|t0.005|max60|min0,0.3,1177,2041,3202,294,,57.66780989710926,36.75827607745159,44.89795918367347,
paper_pair|t0.005|max60|min0,0.45,1094,1891,3202,292,,57.852987837123216,34.16614615865085,42.960926762222655,
paper_pair|t0.005|max60|min0,0.6,1051,1782,3202,288,,58.978675645342314,32.82323547782636,42.17495987158909,
paper_pair|t0.005|max60|min0,0.9,863,1366,3202,222,,63.17715959004392,26.951905059337914,37.784588441330996,
paper_pair|t0.005|max60|min0,1.2,643,947,3202,160,,67.89862724392819,20.081199250468458,30.995420583273077,
paper_pair|t0.005|max60|min0,1.8,208,282,3202,93,,73.75886524822695,6.4959400374765774,11.940298507462687,
paper_pair|t0.005|max60|min0,2.4,38,52,3202,47,,73.07692307692308,1.1867582760774515,2.3355869698832206,
paper_pair|t0.005|max60|min0,3.6,0,0,3202,18,,,0.0,0.0,
paper_pair|t0.005|max60|min0,5.0,0,0,3202,7,,,0.0,0.0,
paper_pair|t0.005|max60|min0,10.0,0,0,3202,1,,,0.0,0.0,
paper_pair|t0.0075|max15|min0,0.3,42,51,3202,968,,82.3529411764706,1.311680199875078,2.582231786043652,
paper_pair|t0.0075|max15|min0,0.45,28,34,3202,877,,82.3529411764706,0.8744534665833854,1.73053152039555,
paper_pair|t0.0075|max15|min0,0.6,20,25,3202,820,,80.0,0.6246096189881324,1.2395413696932136,
paper_pair|t0.0075|max15|min0,0.9,12,13,3202,568,,92.3076923076923,0.3747657713928795,0.7465007776049767,
paper_pair|t0.0075|max15|min0,1.2,4,4,3202,350,,100.0,0.12492192379762648,0.2495321272613849,
paper_pair|t0.0075|max15|min0,1.8,0,0,3202,84,,,0.0,0.0,
paper_pair|t0.0075|max15|min0,2.4,0,0,3202,23,,,0.0,0.0,
paper_pair|t0.0075|max15|min0,3.6,0,0,3202,7,,,0.0,0.0,
paper_pair|t0.0075|max15|min0,5.0,0,0,3202,1,,,0.0,0.0,
paper_pair|t0.0075|max15|min0,10.0,0,0,3202,0,,,0.0,0.0,
paper_pair|t0.0075|max195|min0,0.3,646,1019,3202,0,,63.3954857703631,20.174890693316677,30.608860459606728,
paper_pair|t0.0075|max195|min0,0.45,592,911,3202,0,,64.98353457738749,18.48844472204872,28.786773644541697,
paper_pair|t0.0075|max195|min0,0.6,540,845,3202,0,,63.905325443786985,16.864459712679576,26.686434395848778,
paper_pair|t0.0075|max195|min0,0.9,398,581,3202,0,,68.50258175559381,12.429731417863835,21.041501453872588,
paper_pair|t0.0075|max195|min0,1.2,252,354,3202,0,,71.1864406779661,7.8700811992504685,14.173228346456693,
paper_pair|t0.0075|max195|min0,1.8,57,84,3202,0,,67.85714285714286,1.7801374141161774,3.4692635423006695,
paper_pair|t0.0075|max195|min0,2.4,10,23,3202,0,,43.47826086956522,0.3123048094940662,0.6201550387596899,
paper_pair|t0.0075|max195|min0,3.6,1,7,3202,0,,14.285714285714286,0.03123048094940662,0.06232471174820817,
paper_pair|t0.0075|max195|min0,5.0,0,1,3202,0,,0.0,0.0,0.0,
paper_pair|t0.0075|max195|min0,10.0,0,0,3202,0,,,0.0,0.0,
paper_pair|t0.0075|max20|min0,0.3,200,226,3202,793,,88.49557522123894,6.2460961898813245,11.668611435239207,
paper_pair|t0.0075|max20|min0,0.45,163,179,3202,732,,91.06145251396649,5.090568394753279,9.642117716651878,
paper_pair|t0.0075|max20|min0,0.6,144,159,3202,686,,90.56603773584905,4.497189256714553,8.568878310026777,
paper_pair|t0.0075|max20|min0,0.9,88,94,3202,487,,93.61702127659575,2.7482823235477825,5.339805825242719,
paper_pair|t0.0075|max20|min0,1.2,56,61,3202,293,,91.80327868852459,1.7489069331667708,3.4324241495556236,
paper_pair|t0.0075|max20|min0,1.8,5,5,3202,79,,100.0,0.1561524047470331,0.3118178983473651,
paper_pair|t0.0075|max20|min0,2.4,0,0,3202,23,,,0.0,0.0,
paper_pair|t0.0075|max20|min0,3.6,0,0,3202,7,,,0.0,0.0,
paper_pair|t0.0075|max20|min0,5.0,0,0,3202,1,,,0.0,0.0,
paper_pair|t0.0075|max20|min0,10.0,0,0,3202,0,,,0.0,0.0,
paper_pair|t0.0075|max30|min0,0.3,514,634,3202,385,,81.07255520504732,16.052467207995004,26.798748696558917,
paper_pair|t0.0075|max30|min0,0.45,471,571,3202,340,,82.48686514886164,14.709556527170518,24.96686986482905,
paper_pair|t0.0075|max30|min0,0.6,441,532,3202,313,,82.89473684210526,13.77264209868832,23.620782003213712,
paper_pair|t0.0075|max30|min0,0.9,320,371,3202,210,,86.2533692722372,9.993753903810118,17.912118667786174,
paper_pair|t0.0075|max30|min0,1.2,187,218,3202,136,,85.77981651376147,5.840099937539038,10.935672514619883,
paper_pair|t0.0075|max30|min0,1.8,33,36,3202,48,,91.66666666666667,1.0306058713304185,2.038295243977764,
paper_pair|t0.0075|max30|min0,2.4,1,2,3202,21,,50.0,0.03123048094940662,0.062421972534332085,
paper_pair|t0.0075|max30|min0,3.6,0,0,3202,7,,,0.0,0.0,
paper_pair|t0.0075|max30|min0,5.0,0,0,3202,1,,,0.0,0.0,
paper_pair|t0.0075|max30|min0,10.0,0,0,3202,0,,,0.0,0.0,
paper_pair|t0.0075|max60|min0,0.3,624,863,3202,156,,72.30590961761298,19.48782011242973,30.70110701107011,
paper_pair|t0.0075|max60|min0,0.45,570,775,3202,136,,73.54838709677419,17.801374141161773,28.664822730701534,
paper_pair|t0.0075|max60|min0,0.6,521,713,3202,132,,73.07152875175315,16.27108057464085,26.615581098339717,
paper_pair|t0.0075|max60|min0,0.9,385,500,3202,81,,77.0,12.023735165521549,20.799567801188548,
paper_pair|t0.0075|max60|min0,1.2,244,303,3202,51,,80.52805280528052,7.6202373516552155,13.922967189728958,
paper_pair|t0.0075|max60|min0,1.8,50,58,3202,26,,86.20689655172414,1.5615240474703311,3.067484662576687,
paper_pair|t0.0075|max60|min0,2.4,6,8,3202,15,,75.0,0.18738288569643974,0.37383177570093457,
paper_pair|t0.0075|max60|min0,3.6,0,0,3202,7,,,0.0,0.0,
paper_pair|t0.0075|max60|min0,5.0,0,0,3202,1,,,0.0,0.0,
paper_pair|t0.0075|max60|min0,10.0,0,0,3202,0,,,0.0,0.0,
paper_pair|t0.01|max15|min0,0.3,10,11,3202,418,,90.9090909090909,0.3123048094940662,0.6224712107065048,
paper_pair|t0.01|max15|min0,0.45,9,10,3202,390,,90.0,0.2810743285446596,0.5603985056039851,
paper_pair|t0.01|max15|min0,0.6,8,10,3202,349,,80.0,0.24984384759525297,0.49813200498132004,
paper_pair|t0.01|max15|min0,0.9,3,3,3202,216,,100.0,0.09369144284821987,0.187207488299532,
paper_pair|t0.01|max15|min0,1.2,1,1,3202,116,,100.0,0.03123048094940662,0.062441461130190445,
paper_pair|t0.01|max15|min0,1.8,0,0,3202,24,,,0.0,0.0,
paper_pair|t0.01|max15|min0,2.4,0,0,3202,9,,,0.0,0.0,
paper_pair|t0.01|max15|min0,3.6,0,0,3202,2,,,0.0,0.0,
paper_pair|t0.01|max15|min0,5.0,0,0,3202,1,,,0.0,0.0,
paper_pair|t0.01|max15|min0,10.0,0,0,3202,0,,,0.0,0.0,
paper_pair|t0.01|max195|min0,0.3,305,429,3202,0,,71.0955710955711,9.52529668956902,16.799779675020655,
paper_pair|t0.01|max195|min0,0.45,283,400,3202,0,,70.75,8.838226108682074,15.713492504164353,
paper_pair|t0.01|max195|min0,0.6,251,359,3202,0,,69.91643454038997,7.838850718301062,14.097163718056725,
paper_pair|t0.01|max195|min0,0.9,159,219,3202,0,,72.6027397260274,4.965646470955653,9.2955276235019,
paper_pair|t0.01|max195|min0,1.2,92,117,3202,0,,78.63247863247864,2.873204247345409,5.543838505573968,
paper_pair|t0.01|max195|min0,1.8,17,24,3202,0,,70.83333333333333,0.5309181761399125,1.0539367637941723,
paper_pair|t0.01|max195|min0,2.4,5,9,3202,0,,55.55555555555556,0.1561524047470331,0.3114294612270321,
paper_pair|t0.01|max195|min0,3.6,1,2,3202,0,,50.0,0.03123048094940662,0.062421972534332085,
paper_pair|t0.01|max195|min0,5.0,0,1,3202,0,,0.0,0.0,0.0,
paper_pair|t0.01|max195|min0,10.0,0,0,3202,0,,,0.0,0.0,
paper_pair|t0.01|max20|min0,0.3,76,80,3202,349,,95.0,2.373516552154903,4.631322364411944,
paper_pair|t0.01|max20|min0,0.45,69,70,3202,330,,98.57142857142857,2.154903185509057,4.21760391198044,
paper_pair|t0.01|max20|min0,0.6,62,65,3202,294,,95.38461538461539,1.9362898188632105,3.795531068258341,
paper_pair|t0.01|max20|min0,0.9,28,30,3202,189,,93.33333333333333,0.8744534665833854,1.7326732673267327,
paper_pair|t0.01|max20|min0,1.2,12,13,3202,104,,92.3076923076923,0.3747657713928795,0.7465007776049767,
paper_pair|t0.01|max20|min0,1.8,0,0,3202,24,,,0.0,0.0,
paper_pair|t0.01|max20|min0,2.4,0,0,3202,9,,,0.0,0.0,
paper_pair|t0.01|max20|min0,3.6,0,0,3202,2,,,0.0,0.0,
paper_pair|t0.01|max20|min0,5.0,0,0,3202,1,,,0.0,0.0,
paper_pair|t0.01|max20|min0,10.0,0,0,3202,0,,,0.0,0.0,
paper_pair|t0.01|max30|min0,0.3,228,256,3202,173,,89.0625,7.12054965646471,13.186813186813186,
paper_pair|t0.01|max30|min0,0.45,221,248,3202,152,,89.11290322580645,6.901936289818863,12.81159420289855,
paper_pair|t0.01|max30|min0,0.6,193,220,3202,139,,87.72727272727273,6.027482823235478,11.279953243717124,
paper_pair|t0.01|max30|min0,0.9,117,130,3202,89,,90.0,3.6539662710805745,7.02280912364946,
paper_pair|t0.01|max30|min0,1.2,62,70,3202,47,,88.57142857142857,1.9362898188632105,3.7897310513447433,
paper_pair|t0.01|max30|min0,1.8,6,7,3202,17,,85.71428571428571,0.18738288569643974,0.373948270489249,
paper_pair|t0.01|max30|min0,2.4,0,0,3202,9,,,0.0,0.0,
paper_pair|t0.01|max30|min0,3.6,0,0,3202,2,,,0.0,0.0,
paper_pair|t0.01|max30|min0,5.0,0,0,3202,1,,,0.0,0.0,
paper_pair|t0.01|max30|min0,10.0,0,0,3202,0,,,0.0,0.0,
paper_pair|t0.01|max60|min0,0.3,291,356,3202,73,,81.74157303370787,9.088069956277327,16.357504215851602,
paper_pair|t0.01|max60|min0,0.45,269,333,3202,67,,80.78078078078079,8.40099937539038,15.21923620933522,
paper_pair|t0.01|max60|min0,0.6,236,293,3202,66,,80.54607508532423,7.370393504059963,13.505007153075823,
paper_pair|t0.01|max60|min0,0.9,153,182,3202,37,,84.06593406593407,4.778263585259213,9.042553191489361,
paper_pair|t0.01|max60|min0,1.2,88,104,3202,13,,84.61538461538461,2.7482823235477825,5.323653962492438,
paper_pair|t0.01|max60|min0,1.8,13,14,3202,10,,92.85714285714286,0.4059962523422861,0.8084577114427861,
paper_pair|t0.01|max60|min0,2.4,3,4,3202,5,,75.0,0.09369144284821987,0.18714909544603867,
paper_pair|t0.01|max60|min0,3.6,0,0,3202,2,,,0.0,0.0,
paper_pair|t0.01|max60|min0,5.0,0,0,3202,1,,,0.0,0.0,
paper_pair|t0.01|max60|min0,10.0,0,0,3202,0,,,0.0,0.0,
paper_pair|t0.02|max15|min0,0.3,0,0,3202,25,,,0.0,0.0,
paper_pair|t0.02|max15|min0,0.45,0,0,3202,20,,,0.0,0.0,
paper_pair|t0.02|max15|min0,0.6,0,0,3202,15,,,0.0,0.0,
paper_pair|t0.02|max15|min0,0.9,0,0,3202,6,,,0.0,0.0,
paper_pair|t0.02|max15|min0,1.2,0,0,3202,2,,,0.0,0.0,
paper_pair|t0.02|max15|min0,1.8,0,0,3202,0,,,0.0,0.0,
paper_pair|t0.02|max15|min0,2.4,0,0,3202,0,,,0.0,0.0,
paper_pair|t0.02|max15|min0,3.6,0,0,3202,0,,,0.0,0.0,
paper_pair|t0.02|max15|min0,5.0,0,0,3202,0,,,0.0,0.0,
paper_pair|t0.02|max15|min0,10.0,0,0,3202,0,,,0.0,0.0,
paper_pair|t0.02|max195|min0,0.3,11,25,3202,0,,44.0,0.3435352904434728,0.6817477533312675,
paper_pair|t0.02|max195|min0,0.45,10,20,3202,0,,50.0,0.3123048094940662,0.6207324643078833,
paper_pair|t0.02|max195|min0,0.6,8,15,3202,0,,53.333333333333336,0.24984384759525297,0.4973577867578489,
paper_pair|t0.02|max195|min0,0.9,5,6,3202,0,,83.33333333333333,0.1561524047470331,0.3117206982543641,
paper_pair|t0.02|max195|min0,1.2,2,2,3202,0,,100.0,0.06246096189881324,0.12484394506866417,
paper_pair|t0.02|max195|min0,1.8,0,0,3202,0,,,0.0,0.0,
paper_pair|t0.02|max195|min0,2.4,0,0,3202,0,,,0.0,0.0,
paper_pair|t0.02|max195|min0,3.6,0,0,3202,0,,,0.0,0.0,
paper_pair|t0.02|max195|min0,5.0,0,0,3202,0,,,0.0,0.0,
paper_pair|t0.02|max195|min0,10.0,0,0,3202,0,,,0.0,0.0,
paper_pair|t0.02|max20|min0,0.3,0,0,3202,25,,,0.0,0.0,
paper_pair|t0.02|max20|min0,0.45,0,0,3202,20,,,0.0,0.0,
paper_pair|t0.02|max20|min0,0.6,0,0,3202,15,,,0.0,0.0,
paper_pair|t0.02|max20|min0,0.9,0,0,3202,6,,,0.0,0.0,
paper_pair|t0.02|max20|min0,1.2,0,0,3202,2,,,0.0,0.0,
paper_pair|t0.02|max20|min0,1.8,0,0,3202,0,,,0.0,0.0,
paper_pair|t0.02|max20|min0,2.4,0,0,3202,0,,,0.0,0.0,
paper_pair|t0.02|max20|min0,3.6,0,0,3202,0,,,0.0,0.0,
paper_pair|t0.02|max20|min0,5.0,0,0,3202,0,,,0.0,0.0,
paper_pair|t0.02|max20|min0,10.0,0,0,3202,0,,,0.0,0.0,
paper_pair|t0.02|max30|min0,0.3,4,4,3202,21,,100.0,0.12492192379762648,0.2495321272613849,
paper_pair|t0.02|max30|min0,0.45,3,3,3202,17,,100.0,0.09369144284821987,0.187207488299532,
paper_pair|t0.02|max30|min0,0.6,3,3,3202,12,,100.0,0.09369144284821987,0.187207488299532,
paper_pair|t0.02|max30|min0,0.9,2,2,3202,4,,100.0,0.06246096189881324,0.12484394506866417,
paper_pair|t0.02|max30|min0,1.2,0,0,3202,2,,,0.0,0.0,
paper_pair|t0.02|max30|min0,1.8,0,0,3202,0,,,0.0,0.0,
paper_pair|t0.02|max30|min0,2.4,0,0,3202,0,,,0.0,0.0,
paper_pair|t0.02|max30|min0,3.6,0,0,3202,0,,,0.0,0.0,
paper_pair|t0.02|max30|min0,5.0,0,0,3202,0,,,0.0,0.0,
paper_pair|t0.02|max30|min0,10.0,0,0,3202,0,,,0.0,0.0,
paper_pair|t0.02|max60|min0,0.3,7,9,3202,16,,77.77777777777777,0.21861336664584635,0.43600124571784493,
paper_pair|t0.02|max60|min0,0.45,5,7,3202,13,,71.42857142857143,0.1561524047470331,0.3116235587410408,
paper_pair|t0.02|max60|min0,0.6,5,6,3202,9,,83.33333333333333,0.1561524047470331,0.3117206982543641,
paper_pair|t0.02|max60|min0,0.9,3,3,3202,3,,100.0,0.09369144284821987,0.187207488299532,
paper_pair|t0.02|max60|min0,1.2,1,1,3202,1,,100.0,0.03123048094940662,0.062441461130190445,
paper_pair|t0.02|max60|min0,1.8,0,0,3202,0,,,0.0,0.0,
paper_pair|t0.02|max60|min0,2.4,0,0,3202,0,,,0.0,0.0,
paper_pair|t0.02|max60|min0,3.6,0,0,3202,0,,,0.0,0.0,
paper_pair|t0.02|max60|min0,5.0,0,0,3202,0,,,0.0,0.0,
paper_pair|t0.02|max60|min0,10.0,0,0,3202,0,,,0.0,0.0,
paper_pair|t0.05|max15|min0,0.3,0,0,3202,2,,,0.0,0.0,
paper_pair|t0.05|max15|min0,0.45,0,0,3202,2,,,0.0,0.0,
paper_pair|t0.05|max15|min0,0.6,0,0,3202,2,,,0.0,0.0,
paper_pair|t0.05|max15|min0,0.9,0,0,3202,0,,,0.0,0.0,
paper_pair|t0.05|max15|min0,1.2,0,0,3202,0,,,0.0,0.0,
paper_pair|t0.05|max15|min0,1.8,0,0,3202,0,,,0.0,0.0,
paper_pair|t0.05|max15|min0,2.4,0,0,3202,0,,,0.0,0.0,
paper_pair|t0.05|max15|min0,3.6,0,0,3202,0,,,0.0,0.0,
paper_pair|t0.05|max15|min0,5.0,0,0,3202,0,,,0.0,0.0,
paper_pair|t0.05|max15|min0,10.0,0,0,3202,0,,,0.0,0.0,
paper_pair|t0.05|max195|min0,0.3,2,2,3202,0,,100.0,0.06246096189881324,0.12484394506866417,
paper_pair|t0.05|max195|min0,0.45,2,2,3202,0,,100.0,0.06246096189881324,0.12484394506866417,
paper_pair|t0.05|max195|min0,0.6,2,2,3202,0,,100.0,0.06246096189881324,0.12484394506866417,
paper_pair|t0.05|max195|min0,0.9,0,0,3202,0,,,0.0,0.0,
paper_pair|t0.05|max195|min0,1.2,0,0,3202,0,,,0.0,0.0,
paper_pair|t0.05|max195|min0,1.8,0,0,3202,0,,,0.0,0.0,
paper_pair|t0.05|max195|min0,2.4,0,0,3202,0,,,0.0,0.0,
paper_pair|t0.05|max195|min0,3.6,0,0,3202,0,,,0.0,0.0,
paper_pair|t0.05|max195|min0,5.0,0,0,3202,0,,,0.0,0.0,
paper_pair|t0.05|max195|min0,10.0,0,0,3202,0,,,0.0,0.0,
paper_pair|t0.05|max20|min0,0.3,0,0,3202,2,,,0.0,0.0,
paper_pair|t0.05|max20|min0,0.45,0,0,3202,2,,,0.0,0.0,
paper_pair|t0.05|max20|min0,0.6,0,0,3202,2,,,0.0,0.0,
paper_pair|t0.05|max20|min0,0.9,0,0,3202,0,,,0.0,0.0,
paper_pair|t0.05|max20|min0,1.2,0,0,3202,0,,,0.0,0.0,
paper_pair|t0.05|max20|min0,1.8,0,0,3202,0,,,0.0,0.0,
paper_pair|t0.05|max20|min0,2.4,0,0,3202,0,,,0.0,0.0,
paper_pair|t0.05|max20|min0,3.6,0,0,3202,0,,,0.0,0.0,
paper_pair|t0.05|max20|min0,5.0,0,0,3202,0,,,0.0,0.0,
paper_pair|t0.05|max20|min0,10.0,0,0,3202,0,,,0.0,0.0,
paper_pair|t0.05|max30|min0,0.3,0,0,3202,2,,,0.0,0.0,
paper_pair|t0.05|max30|min0,0.45,0,0,3202,2,,,0.0,0.0,
paper_pair|t0.05|max30|min0,0.6,0,0,3202,2,,,0.0,0.0,
paper_pair|t0.05|max30|min0,0.9,0,0,3202,0,,,0.0,0.0,
paper_pair|t0.05|max30|min0,1.2,0,0,3202,0,,,0.0,0.0,
paper_pair|t0.05|max30|min0,1.8,0,0,3202,0,,,0.0,0.0,
paper_pair|t0.05|max30|min0,2.4,0,0,3202,0,,,0.0,0.0,
paper_pair|t0.05|max30|min0,3.6,0,0,3202,0,,,0.0,0.0,
paper_pair|t0.05|max30|min0,5.0,0,0,3202,0,,,0.0,0.0,
paper_pair|t0.05|max30|min0,10.0,0,0,3202,0,,,0.0,0.0,
paper_pair|t0.05|max60|min0,0.3,0,0,3202,2,,,0.0,0.0,
paper_pair|t0.05|max60|min0,0.45,0,0,3202,2,,,0.0,0.0,
paper_pair|t0.05|max60|min0,0.6,0,0,3202,2,,,0.0,0.0,
paper_pair|t0.05|max60|min0,0.9,0,0,3202,0,,,0.0,0.0,
paper_pair|t0.05|max60|min0,1.2,0,0,3202,0,,,0.0,0.0,
paper_pair|t0.05|max60|min0,1.8,0,0,3202,0,,,0.0,0.0,
paper_pair|t0.05|max60|min0,2.4,0,0,3202,0,,,0.0,0.0,
paper_pair|t0.05|max60|min0,3.6,0,0,3202,0,,,0.0,0.0,
paper_pair|t0.05|max60|min0,5.0,0,0,3202,0,,,0.0,0.0,
paper_pair|t0.05|max60|min0,10.0,0,0,3202,0,,,0.0,0.0,
paper_pair|t0.1|max15|min0,0.3,0,0,3202,1,,,0.0,0.0,
paper_pair|t0.1|max15|min0,0.45,0,0,3202,0,,,0.0,0.0,
paper_pair|t0.1|max15|min0,0.6,0,0,3202,0,,,0.0,0.0,
paper_pair|t0.1|max15|min0,0.9,0,0,3202,0,,,0.0,0.0,
paper_pair|t0.1|max15|min0,1.2,0,0,3202,0,,,0.0,0.0,
paper_pair|t0.1|max15|min0,1.8,0,0,3202,0,,,0.0,0.0,
paper_pair|t0.1|max15|min0,2.4,0,0,3202,0,,,0.0,0.0,
paper_pair|t0.1|max15|min0,3.6,0,0,3202,0,,,0.0,0.0,
paper_pair|t0.1|max15|min0,5.0,0,0,3202,0,,,0.0,0.0,
paper_pair|t0.1|max15|min0,10.0,0,0,3202,0,,,0.0,0.0,
paper_pair|t0.1|max195|min0,0.3,1,1,3202,0,,100.0,0.03123048094940662,0.062441461130190445,
paper_pair|t0.1|max195|min0,0.45,0,0,3202,0,,,0.0,0.0,
paper_pair|t0.1|max195|min0,0.6,0,0,3202,0,,,0.0,0.0,
paper_pair|t0.1|max195|min0,0.9,0,0,3202,0,,,0.0,0.0,
paper_pair|t0.1|max195|min0,1.2,0,0,3202,0,,,0.0,0.0,
paper_pair|t0.1|max195|min0,1.8,0,0,3202,0,,,0.0,0.0,
paper_pair|t0.1|max195|min0,2.4,0,0,3202,0,,,0.0,0.0,
paper_pair|t0.1|max195|min0,3.6,0,0,3202,0,,,0.0,0.0,
paper_pair|t0.1|max195|min0,5.0,0,0,3202,0,,,0.0,0.0,
paper_pair|t0.1|max195|min0,10.0,0,0,3202,0,,,0.0,0.0,
paper_pair|t0.1|max20|min0,0.3,0,0,3202,1,,,0.0,0.0,
paper_pair|t0.1|max20|min0,0.45,0,0,3202,0,,,0.0,0.0,
paper_pair|t0.1|max20|min0,0.6,0,0,3202,0,,,0.0,0.0,
paper_pair|t0.1|max20|min0,0.9,0,0,3202,0,,,0.0,0.0,
paper_pair|t0.1|max20|min0,1.2,0,0,3202,0,,,0.0,0.0,
paper_pair|t0.1|max20|min0,1.8,0,0,3202,0,,,0.0,0.0,
paper_pair|t0.1|max20|min0,2.4,0,0,3202,0,,,0.0,0.0,
paper_pair|t0.1|max20|min0,3.6,0,0,3202,0,,,0.0,0.0,
paper_pair|t0.1|max20|min0,5.0,0,0,3202,0,,,0.0,0.0,
paper_pair|t0.1|max20|min0,10.0,0,0,3202,0,,,0.0,0.0,
paper_pair|t0.1|max30|min0,0.3,0,0,3202,1,,,0.0,0.0,
paper_pair|t0.1|max30|min0,0.45,0,0,3202,0,,,0.0,0.0,
paper_pair|t0.1|max30|min0,0.6,0,0,3202,0,,,0.0,0.0,
paper_pair|t0.1|max30|min0,0.9,0,0,3202,0,,,0.0,0.0,
paper_pair|t0.1|max30|min0,1.2,0,0,3202,0,,,0.0,0.0,
paper_pair|t0.1|max30|min0,1.8,0,0,3202,0,,,0.0,0.0,
paper_pair|t0.1|max30|min0,2.4,0,0,3202,0,,,0.0,0.0,
paper_pair|t0.1|max30|min0,3.6,0,0,3202,0,,,0.0,0.0,
paper_pair|t0.1|max30|min0,5.0,0,0,3202,0,,,0.0,0.0,
paper_pair|t0.1|max30|min0,10.0,0,0,3202,0,,,0.0,0.0,
paper_pair|t0.1|max60|min0,0.3,0,0,3202,1,,,0.0,0.0,
paper_pair|t0.1|max60|min0,0.45,0,0,3202,0,,,0.0,0.0,
paper_pair|t0.1|max60|min0,0.6,0,0,3202,0,,,0.0,0.0,
paper_pair|t0.1|max60|min0,0.9,0,0,3202,0,,,0.0,0.0,
paper_pair|t0.1|max60|min0,1.2,0,0,3202,0,,,0.0,0.0,
paper_pair|t0.1|max60|min0,1.8,0,0,3202,0,,,0.0,0.0,
paper_pair|t0.1|max60|min0,2.4,0,0,3202,0,,,0.0,0.0,
paper_pair|t0.1|max60|min0,3.6,0,0,3202,0,,,0.0,0.0,
paper_pair|t0.1|max60|min0,5.0,0,0,3202,0,,,0.0,0.0,
paper_pair|t0.1|max60|min0,10.0,0,0,3202,0,,,0.0,0.0,
paper_pair|t0.2|max15|min0,0.3,0,0,3202,0,,,0.0,0.0,
paper_pair|t0.2|max15|min0,0.45,0,0,3202,0,,,0.0,0.0,
paper_pair|t0.2|max15|min0,0.6,0,0,3202,0,,,0.0,0.0,
paper_pair|t0.2|max15|min0,0.9,0,0,3202,0,,,0.0,0.0,
paper_pair|t0.2|max15|min0,1.2,0,0,3202,0,,,0.0,0.0,
paper_pair|t0.2|max15|min0,1.8,0,0,3202,0,,,0.0,0.0,
paper_pair|t0.2|max15|min0,2.4,0,0,3202,0,,,0.0,0.0,
paper_pair|t0.2|max15|min0,3.6,0,0,3202,0,,,0.0,0.0,
paper_pair|t0.2|max15|min0,5.0,0,0,3202,0,,,0.0,0.0,
paper_pair|t0.2|max15|min0,10.0,0,0,3202,0,,,0.0,0.0,
paper_pair|t0.2|max195|min0,0.3,0,0,3202,0,,,0.0,0.0,
paper_pair|t0.2|max195|min0,0.45,0,0,3202,0,,,0.0,0.0,
paper_pair|t0.2|max195|min0,0.6,0,0,3202,0,,,0.0,0.0,
paper_pair|t0.2|max195|min0,0.9,0,0,3202,0,,,0.0,0.0,
paper_pair|t0.2|max195|min0,1.2,0,0,3202,0,,,0.0,0.0,
paper_pair|t0.2|max195|min0,1.8,0,0,3202,0,,,0.0,0.0,
paper_pair|t0.2|max195|min0,2.4,0,0,3202,0,,,0.0,0.0,
paper_pair|t0.2|max195|min0,3.6,0,0,3202,0,,,0.0,0.0,
paper_pair|t0.2|max195|min0,5.0,0,0,3202,0,,,0.0,0.0,
paper_pair|t0.2|max195|min0,10.0,0,0,3202,0,,,0.0,0.0,
paper_pair|t0.2|max20|min0,0.3,0,0,3202,0,,,0.0,0.0,
paper_pair|t0.2|max20|min0,0.45,0,0,3202,0,,,0.0,0.0,
paper_pair|t0.2|max20|min0,0.6,0,0,3202,0,,,0.0,0.0,
paper_pair|t0.2|max20|min0,0.9,0,0,3202,0,,,0.0,0.0,
paper_pair|t0.2|max20|min0,1.2,0,0,3202,0,,,0.0,0.0,
paper_pair|t0.2|max20|min0,1.8,0,0,3202,0,,,0.0,0.0,
paper_pair|t0.2|max20|min0,2.4,0,0,3202,0,,,0.0,0.0,
paper_pair|t0.2|max20|min0,3.6,0,0,3202,0,,,0.0,0.0,
paper_pair|t0.2|max20|min0,5.0,0,0,3202,0,,,0.0,0.0,
paper_pair|t0.2|max20|min0,10.0,0,0,3202,0,,,0.0,0.0,
paper_pair|t0.2|max30|min0,0.3,0,0,3202,0,,,0.0,0.0,
paper_pair|t0.2|max30|min0,0.45,0,0,3202,0,,,0.0,0.0,
paper_pair|t0.2|max30|min0,0.6,0,0,3202,0,,,0.0,0.0,
paper_pair|t0.2|max30|min0,0.9,0,0,3202,0,,,0.0,0.0,
paper_pair|t0.2|max30|min0,1.2,0,0,3202,0,,,0.0,0.0,
paper_pair|t0.2|max30|min0,1.8,0,0,3202,0,,,0.0,0.0,
paper_pair|t0.2|max30|min0,2.4,0,0,3202,0,,,0.0,0.0,
paper_pair|t0.2|max30|min0,3.6,0,0,3202,0,,,0.0,0.0,
paper_pair|t0.2|max30|min0,5.0,0,0,3202,0,,,0.0,0.0,
paper_pair|t0.2|max30|min0,10.0,0,0,3202,0,,,0.0,0.0,
paper_pair|t0.2|max60|min0,0.3,0,0,3202,0,,,0.0,0.0,
paper_pair|t0.2|max60|min0,0.45,0,0,3202,0,,,0.0,0.0,
paper_pair|t0.2|max60|min0,0.6,0,0,3202,0,,,0.0,0.0,
paper_pair|t0.2|max60|min0,0.9,0,0,3202,0,,,0.0,0.0,
paper_pair|t0.2|max60|min0,1.2,0,0,3202,0,,,0.0,0.0,
paper_pair|t0.2|max60|min0,1.8,0,0,3202,0,,,0.0,0.0,
paper_pair|t0.2|max60|min0,2.4,0,0,3202,0,,,0.0,0.0,
paper_pair|t0.2|max60|min0,3.6,0,0,3202,0,,,0.0,0.0,
paper_pair|t0.2|max60|min0,5.0,0,0,3202,0,,,0.0,0.0,
paper_pair|t0.2|max60|min0,10.0,0,0,3202,0,,,0.0,0.0,
rooftop|t0.001|max15|min0,0.3,1339,10599,3202,15518,,12.633267289366922,41.81761399125546,19.404390986160422,
rooftop|t0.001|max15|min0,0.45,1292,9054,3202,16339,,14.26993593991606,40.34978138663335,21.08355091383812,
rooftop|t0.001|max15|min0,0.6,1201,7914,3202,16491,,15.17563810967905,37.50780762023735,21.608492263404102,
rooftop|t0.001|max15|min0,0.9,1006,5610,3202,16790,,17.932263814616757,31.41786383510306,22.83250113481616,
rooftop|t0.001|max15|min0,1.2,810,4310,3202,16238,,18.79350348027842,25.296689569019364,21.56549520766773,
rooftop|t0.001|max15|min0,1.8,503,2138,3202,12171,,23.5266604303087,15.70893191755153,18.83895131086142,
rooftop|t0.001|max15|min0,2.4,214,726,3202,7680,,29.47658402203857,6.683322923173017,10.896130346232178,
rooftop|t0.001|max15|min0,3.6,18,67,3202,2648,,26.865671641791046,0.5621486570893192,1.1012542061792596,
rooftop|t0.001|max15|min0,5.0,0,1,3202,1106,,0.0,0.0,0.0,
rooftop|t0.001|max15|min0,10.0,0,0,3202,408,,,0.0,0.0,
rooftop|t0.001|max195|min0,0.3,2482,26117,3202,0,,9.503388597465252,77.51405371642723,16.931000375183327,
rooftop|t0.001|max195|min0,0.45,2444,25393,3202,0,,9.624699720395384,76.32729544034979,17.09389753453401,
rooftop|t0.001|max195|min0,0.6,2427,24405,3202,0,,9.944683466502767,75.79637726420987,17.58249719274097,
rooftop|t0.001|max195|min0,0.9,2326,22400,3202,0,,10.383928571428571,72.6420986883198,18.170455433169284,
rooftop|t0.001|max195|min0,1.2,2203,20548,3202,0,,10.721238076698462,68.80074953154279,18.55157894736842,
rooftop|t0.001|max195|min0,1.8,1830,14309,3202,0,,12.78915367950241,57.151780137414114,20.901147849922907,
rooftop|t0.001|max195|min0,2.4,1227,8406,3202,0,,14.596716630977873,38.319800124921926,21.140592694693314,
rooftop|t0.001|max195|min0,3.6,321,2715,3202,0,,11.823204419889503,10.024984384759525,10.850092952509717,
rooftop|t0.001|max195|min0,5.0,104,1107,3202,0,,9.39476061427281,3.2479700187382887,4.827106057089812,
rooftop|t0.001|max195|min0,10.0,20,408,3202,0,,4.901960784313726,0.6246096189881324,1.10803324099723,
rooftop|t0.001|max20|min0,0.3,2044,15655,3202,10462,,13.056531459597572,63.83510306058713,21.678952113273585,
rooftop|t0.001|max20|min0,0.45,1999,14261,3202,11132,,14.017249842227052,62.429731417863835,22.8941189944454,
rooftop|t0.001|max20|min0,0.6,1977,13003,3202,11402,,15.20418364992694,61.74266083697689,24.399876581302067,
rooftop|t0.001|max20|min0,0.9,1760,10203,3202,12197,,17.249828481819073,54.965646470955654,26.258858634837747,
rooftop|t0.001|max20|min0,1.2,1586,8236,3202,12312,,19.25692083535697,49.5315427857589,27.732121000174857,
rooftop|t0.001|max20|min0,1.8,1099,4272,3202,10037,,25.725655430711612,34.32229856339788,29.408616537329408,
rooftop|t0.001|max20|min0,2.4,555,1609,3202,6797,,34.49347420758235,17.332916926920674,23.072126377052587,
rooftop|t0.001|max20|min0,3.6,59,157,3202,2558,,37.5796178343949,1.8425983760149907,3.5129502828222687,
rooftop|t0.001|max20|min0,5.0,3,10,3202,1097,,30.0,0.09369144284821987,0.18679950186799502,
rooftop|t0.001|max20|min0,10.0,0,0,3202,408,,,0.0,0.0,
rooftop|t0.001|max30|min0,0.3,2365,20223,3202,5894,,11.694605152549078,73.86008744534666,20.192102454642477,
rooftop|t0.001|max30|min0,0.45,2330,19166,3202,6227,,12.156944589377021,72.76702061211742,20.833333333333332,
rooftop|t0.001|max30|min0,0.6,2318,17938,3202,6467,,12.9222878804772,72.39225484072455,21.92999053926206,
rooftop|t0.001|max30|min0,0.9,2204,15283,3202,7117,,14.421252371916509,68.8319800124922,23.84636191506627,
rooftop|t0.001|max30|min0,1.2,2068,13155,3202,7393,,15.72025845686051,64.58463460337289,25.285810356422328,
rooftop|t0.001|max30|min0,1.8,1653,7587,3202,6722,,21.787267694741004,51.62398500936914,30.6423208823802,
rooftop|t0.001|max30|min0,2.4,1009,3203,3202,5203,,31.50171714018108,31.51155527795128,31.506635441061672,
rooftop|t0.001|max30|min0,3.6,174,407,3202,2308,,42.75184275184275,5.434103685196752,9.642560266001663,
rooftop|t0.001|max30|min0,5.0,26,55,3202,1052,,47.27272727272727,0.8119925046845722,1.5965612526865214,
rooftop|t0.001|max30|min0,10.0,1,5,3202,403,,20.0,0.03123048094940662,0.06236357966947303,
rooftop|t0.001|max60|min0,0.3,2467,23042,3202,3075,,10.706535890981685,77.04559650218613,18.800487730528882,
rooftop|t0.001|max60|min0,0.45,2433,22199,3202,3194,,10.95995315104284,75.9837601499063,19.15672611314515,
rooftop|t0.001|max60|min0,0.6,2412,21022,3202,3383,,11.473694225097518,75.32792004996877,19.914134742404226,
rooftop|t0.001|max60|min0,0.9,2308,18704,3202,3696,,12.339606501283148,72.07995003123048,21.071852460513103,
rooftop|t0.001|max60|min0,1.2,2184,16732,3202,3816,,13.052832895051399,68.20737039350406,21.912310625062705,
rooftop|t0.001|max60|min0,1.8,1806,10731,3202,3578,,16.829745596868886,56.402248594628354,25.924065169023184,
rooftop|t0.001|max60|min0,2.4,1206,5372,3202,3034,,22.449739389426657,37.663960024984384,28.13156053184045,
rooftop|t0.001|max60|min0,3.6,299,1067,3202,1648,,28.02249297094658,9.33791380387258,14.007964394471774,
rooftop|t0.001|max60|min0,5.0,83,242,3202,865,,34.29752066115702,2.5921299188007496,4.819976771196283,
rooftop|t0.001|max60|min0,10.0,10,31,3202,377,,32.25806451612903,0.3123048094940662,0.6186204763377667,
rooftop|t0.002|max15|min0,0.3,757,2960,3202,8129,,25.574324324324323,23.641474078700814,24.56994482310938,
rooftop|t0.002|max15|min0,0.45,668,2338,3202,8554,,28.571428571428573,20.861961274203622,24.115523465703973,
rooftop|t0.002|max15|min0,0.6,575,1896,3202,8391,,30.327004219409282,17.957526545908806,22.557865829737153,
rooftop|t0.002|max15|min0,0.9,436,1234,3202,8084,,35.3322528363047,13.616489693941286,19.657348963029758,
rooftop|t0.002|max15|min0,1.2,315,885,3202,7460,,35.59322033898305,9.837601499063085,15.414729630535845,
rooftop|t0.002|max15|min0,1.8,145,355,3202,4733,,40.84507042253521,4.52841973766396,8.152937868990723,
rooftop|t0.002|max15|min0,2.4,43,91,3202,2477,,47.252747252747255,1.3429106808244846,2.611600364409353,
rooftop|t0.002|max15|min0,3.6,2,3,3202,729,,66.66666666666667,0.06246096189881324,0.12480499219968799,
rooftop|t0.002|max15|min0,5.0,0,0,3202,311,,,0.0,0.0,
rooftop|t0.002|max15|min0,10.0,0,0,3202,168,,,0.0,0.0,
rooftop|t0.002|max195|min0,0.3,2145,11089,3202,0,,19.343493552168816,66.9893816364772,30.018893009586453,
rooftop|t0.002|max195|min0,0.45,2067,10892,3202,0,,18.977230995225852,64.55340412242349,29.331630481055768,
rooftop|t0.002|max195|min0,0.6,2019,10287,3202,0,,19.626713327500728,63.054341036851966,29.93550300244644,
rooftop|t0.002|max195|min0,0.9,1870,9318,3202,0,,20.068684267010088,58.400999375390384,29.87220447284345,
rooftop|t0.002|max195|min0,1.2,1716,8345,3202,0,,20.563211503894546,53.59150530918176,29.72200571577033,
rooftop|t0.002|max195|min0,1.8,1143,5088,3202,0,,22.464622641509433,35.696439725171764,27.575392038600725,
rooftop|t0.002|max195|min0,2.4,550,2568,3202,0,,21.417445482866043,17.17676452217364,19.064124783362217,
rooftop|t0.002|max195|min0,3.6,83,732,3202,0,,11.33879781420765,2.5921299188007496,4.219623792577529,
rooftop|t0.002|max195|min0,5.0,17,311,3202,0,,5.466237942122186,0.5309181761399125,0.9678337603188158,
rooftop|t0.002|max195|min0,10.0,4,168,3202,0,,2.380952380952381,0.12492192379762648,0.23738872403560832,
rooftop|t0.002|max20|min0,0.3,1478,5367,3202,5722,,27.538662194894727,46.158650843222986,34.496440658186486,
rooftop|t0.002|max20|min0,0.45,1373,4741,3202,6151,,28.96013499261759,42.87945034353529,34.57132065970036,
rooftop|t0.002|max20|min0,0.6,1286,4115,3202,6172,,31.251518833535844,40.162398500936916,35.15101817684844,
rooftop|t0.002|max20|min0,0.9,1094,3022,3202,6296,,36.20119126406353,34.16614615865085,35.15424164524421,
rooftop|t0.002|max20|min0,1.2,895,2286,3202,6059,,39.15135608048994,27.951280449718926,32.616618075801746,
rooftop|t0.002|max20|min0,1.8,456,969,3202,4119,,47.05882352941177,14.24109931292942,21.865260129465355,
rooftop|t0.002|max20|min0,2.4,158,283,3202,2285,,55.830388692579504,4.934415990006246,9.067431850789097,
rooftop|t0.002|max20|min0,3.6,2,7,3202,725,,28.571428571428573,0.06246096189881324,0.12464942349641633,
rooftop|t0.002|max20|min0,5.0,0,0,3202,311,,,0.0,0.0,
rooftop|t0.002|max20|min0,10.0,0,0,3202,168,,,0.0,0.0,
rooftop|t0.002|max30|min0,0.3,1983,7910,3202,3179,,25.06953223767383,61.93004372267333,35.69114470842332,
rooftop|t0.002|max30|min0,0.45,1918,7491,3202,3401,,25.604058203177146,59.9000624609619,35.87393621995698,
rooftop|t0.002|max30|min0,0.6,1865,6805,3202,3482,,27.406318883174137,58.24484697064335,37.27390826421505,
rooftop|t0.002|max30|min0,0.9,1709,5636,3202,3682,,30.32292405961675,53.372891942535915,38.673908124009955,
rooftop|t0.002|max30|min0,1.2,1550,4612,3202,3733,,33.60797918473547,48.40724547158026,39.672382902482724,
rooftop|t0.002|max30|min0,1.8,938,2222,3202,2866,,42.21422142214222,29.29419113054341,34.58702064896755,
rooftop|t0.002|max30|min0,2.4,388,740,3202,1828,,52.432432432432435,12.117426608369769,19.685438863521057,
rooftop|t0.002|max30|min0,3.6,20,39,3202,693,,51.282051282051285,0.6246096189881324,1.234186979327368,
rooftop|t0.002|max30|min0,5.0,1,2,3202,309,,50.0,0.03123048094940662,0.062421972534332085,
rooftop|t0.002|max30|min0,10.0,0,0,3202,168,,,0.0,0.0,
rooftop|t0.002|max60|min0,0.3,2126,9479,3202,1610,,22.428526215845555,66.39600249843848,33.53047866887469,
rooftop|t0.002|max60|min0,0.45,2050,9181,3202,1711,,22.32872236139854,64.02248594628357,33.10990874586126,
rooftop|t0.002|max60|min0,0.6,1998,8518,3202,1769,,23.45621037802301,62.39850093691443,34.09556313993174,
rooftop|t0.002|max60|min0,0.9,1849,7431,3202,1887,,24.882250033642848,57.74515927545284,34.778519702812,
rooftop|t0.002|max60|min0,1.2,1694,6419,3202,1926,,26.390403489640132,52.90443472829482,35.21463465336244,
rooftop|t0.002|max60|min0,1.8,1117,3486,3202,1602,,32.04245553643144,34.884447220487196,33.40311004784689,
rooftop|t0.002|max60|min0,2.4,529,1430,3202,1138,,36.99300699300699,16.520924422236103,22.841105354058723,
rooftop|t0.002|max60|min0,3.6,62,179,3202,553,,34.63687150837989,1.9362898188632105,3.6675539781129842,
rooftop|t0.002|max60|min0,5.0,7,24,3202,287,,29.166666666666668,0.21861336664584635,0.4339739615623063,
rooftop|t0.002|max60|min0,10.0,0,1,3202,167,,0.0,0.0,0.0,
rooftop|t0.003|max15|min0,0.3,323,829,3202,4569,,38.96260554885404,10.087445346658338,16.02580004961548,
rooftop|t0.003|max15|min0,0.45,269,643,3202,4652,,41.835147744945566,8.40099937539038,13.992197659297789,
rooftop|t0.003|max15|min0,0.6,222,502,3202,4494,,44.223107569721115,6.93316677076827,11.987041036717063,
rooftop|t0.003|max15|min0,0.9,144,296,3202,4207,,48.648648648648646,4.497189256714553,8.23327615780446,
rooftop|t0.003|max15|min0,1.2,96,197,3202,3708,,48.73096446700507,2.998126171143036,5.648720211827008,
rooftop|t0.003|max15|min0,1.8,36,65,3202,2058,,55.38461538461539,1.1242973141786383,2.203856749311295,
rooftop|t0.003|max15|min0,2.4,8,10,3202,955,,80.0,0.24984384759525297,0.49813200498132004,
rooftop|t0.003|max15|min0,3.6,0,0,3202,305,,,0.0,0.0,
rooftop|t0.003|max15|min0,5.0,0,0,3202,136,,,0.0,0.0,
rooftop|t0.003|max15|min0,10.0,0,0,3202,38,,,0.0,0.0,
rooftop|t0.003|max195|min0,0.3,1628,5398,3202,0,,30.159318266024453,50.84322298563398,37.86046511627907,
rooftop|t0.003|max195|min0,0.45,1578,5295,3202,0,,29.80169971671388,49.28169893816365,37.14252088972579,
rooftop|t0.003|max195|min0,0.6,1507,4996,3202,0,,30.164131305044034,47.06433479075578,36.76506464991461,
rooftop|t0.003|max195|min0,0.9,1347,4503,3202,0,,29.913391072618253,42.06745783885072,34.964308890330955,
rooftop|t0.003|max195|min0,1.2,1151,3905,3202,0,,29.47503201024328,35.94628357276702,32.39060081609681,
rooftop|t0.003|max195|min0,1.8,594,2123,3202,0,,27.979274611398964,18.550905683947533,22.309859154929576,
rooftop|t0.003|max195|min0,2.4,207,965,3202,0,,21.45077720207254,6.46470955652717,9.935205183585314,
rooftop|t0.003|max195|min0,3.6,25,305,3202,0,,8.19672131147541,0.7807620237351656,1.42571998859424,
rooftop|t0.003|max195|min0,5.0,7,136,3202,0,,5.147058823529412,0.21861336664584635,0.4194128220491312,
rooftop|t0.003|max195|min0,10.0,3,38,3202,0,,7.894736842105263,0.09369144284821987,0.18518518518518517,
rooftop|t0.003|max20|min0,0.3,862,1970,3202,3428,,43.756345177664976,26.920674578388507,33.333333333333336,
rooftop|t0.003|max20|min0,0.45,798,1749,3202,3546,,45.62607204116638,24.921923797626484,32.235911936982426,
rooftop|t0.003|max20|min0,0.6,721,1466,3202,3530,,49.18144611186903,22.517176764522173,30.891173950299915,
rooftop|t0.003|max20|min0,0.9,538,1015,3202,3488,,53.004926108374384,16.80199875078076,25.515769504387006,
rooftop|t0.003|max20|min0,1.2,424,744,3202,3161,,56.98924731182796,13.241723922548408,21.490116573745563,
rooftop|t0.003|max20|min0,1.8,167,267,3202,1856,,62.546816479400746,5.215490318550906,9.628134909195733,
rooftop|t0.003|max20|min0,2.4,33,56,3202,909,,58.92857142857143,1.0306058713304185,2.0257826887661143,
rooftop|t0.003|max20|min0,3.6,0,0,3202,305,,,0.0,0.0,
rooftop|t0.003|max20|min0,5.0,0,0,3202,136,,,0.0,0.0,
rooftop|t0.003|max20|min0,10.0,0,0,3202,38,,,0.0,0.0,
rooftop|t0.003|max30|min0,0.3,1452,3513,3202,1885,,41.33219470538002,45.34665833853841,43.246463142218914,
rooftop|t0.003|max30|min0,0.45,1403,3335,3202,1960,,42.06896551724138,43.81636477201749,42.92488909285605,
rooftop|t0.003|max30|min0,0.6,1339,2998,3202,1998,,44.66310873915944,41.81761399125546,43.193548387096776,
rooftop|t0.003|max30|min0,0.9,1171,2425,3202,2078,,48.28865979381443,36.570893191755154,41.620757064154965,
rooftop|t0.003|max30|min0,1.2,959,1902,3202,2003,,50.42060988433228,29.95003123048095,37.578369905956116,
rooftop|t0.003|max30|min0,1.8,451,806,3202,1317,,55.955334987593055,14.084946908182387,22.50499001996008,
rooftop|t0.003|max30|min0,2.4,116,189,3202,776,,61.37566137566137,3.622735790131168,6.841639634326158,
rooftop|t0.003|max30|min0,3.6,3,5,3202,300,,60.0,0.09369144284821987,0.18709073900841908,
rooftop|t0.003|max30|min0,5.0,0,0,3202,136,,,0.0,0.0,
rooftop|t0.003|max30|min0,10.0,0,0,3202,38,,,0.0,0.0,
rooftop|t0.003|max60|min0,0.3,1610,4466,3202,932,,36.05015673981191,50.28107432854466,41.992696922274384,
rooftop|t0.003|max60|min0,0.45,1562,4334,3202,961,,36.04060913705584,48.78201124297314,41.45435244161359,
rooftop|t0.003|max60|min0,0.6,1484,3976,3202,1020,,37.32394366197183,46.34603372891942,41.34856505990527,
rooftop|t0.003|max60|min0,0.9,1326,3448,3202,1055,,38.45707656612529,41.41161773891318,39.8796992481203,
rooftop|t0.003|max60|min0,1.2,1127,2872,3202,1033,,39.240947075208915,35.19675202998126,37.10898913401383,
rooftop|t0.003|max60|min0,1.8,572,1344,3202,779,,42.55952380952381,17.863835103060588,25.164980202375716,
rooftop|t0.003|max60|min0,2.4,195,444,3202,521,,43.91891891891892,6.089943785134291,10.696653867251783,
rooftop|t0.003|max60|min0,3.6,17,39,3202,266,,43.58974358974359,0.5309181761399125,1.0490589324282629,
rooftop|t0.003|max60|min0,5.0,0,2,3202,134,,0.0,0.0,0.0,
rooftop|t0.003|max60|min0,10.0,0,0,3202,38,,,0.0,0.0,
rooftop|t0.005|max15|min0,0.3,40,71,3202,1385,,56.33802816901409,1.2492192379762648,2.444240757714635,
rooftop|t0.005|max15|min0,0.45,41,61,3202,1455,,67.21311475409836,1.2804497189256714,2.513024823781796,
rooftop|t0.005|max15|min0,0.6,31,45,3202,1376,,68.88888888888889,0.9681449094316052,1.9094548814290113,
rooftop|t0.005|max15|min0,0.9,21,28,3202,1269,,75.0,0.655840099937539,1.3003095975232197,
rooftop|t0.005|max15|min0,1.2,4,7,3202,1007,,57.142857142857146,0.12492192379762648,0.24929884699283267,
rooftop|t0.005|max15|min0,1.8,1,3,3202,519,,33.333333333333336,0.03123048094940662,0.062402496099843996,
rooftop|t0.005|max15|min0,2.4,0,0,3202,271,,,0.0,0.0,
rooftop|t0.005|max15|min0,3.6,0,0,3202,88,,,0.0,0.0,
rooftop|t0.005|max15|min0,5.0,0,0,3202,30,,,0.0,0.0,
rooftop|t0.005|max15|min0,10.0,0,0,3202,6,,,0.0,0.0,
rooftop|t0.005|max195|min0,0.3,637,1456,3202,0,,43.75,19.893816364772018,27.35079433233147,
rooftop|t0.005|max195|min0,0.45,630,1516,3202,0,,41.556728232189975,19.67520299812617,26.706231454005934,
rooftop|t0.005|max195|min0,0.6,572,1421,3202,0,,40.2533427163969,17.863835103060588,24.74583603720528,
rooftop|t0.005|max195|min0,0.9,483,1297,3202,0,,37.23978411719352,15.084322298563398,21.47143809735497,
rooftop|t0.005|max195|min0,1.2,361,1014,3202,0,,35.60157790927022,11.27420362273579,17.125237191650854,
rooftop|t0.005|max195|min0,1.8,139,522,3202,0,,26.628352490421456,4.34103685196752,7.465091299677765,
rooftop|t0.005|max195|min0,2.4,49,271,3202,0,,18.081180811808117,1.5302935665209245,2.8217679239850275,
rooftop|t0.005|max195|min0,3.6,3,88,3202,0,,3.409090909090909,0.09369144284821987,0.182370820668693,
rooftop|t0.005|max195|min0,5.0,1,30,3202,0,,3.3333333333333335,0.03123048094940662,0.06188118811881188,
rooftop|t0.005|max195|min0,10.0,1,6,3202,0,,16.666666666666668,0.03123048094940662,0.06234413965087282,
rooftop|t0.005|max20|min0,0.3,192,292,3202,1164,,65.75342465753425,5.996252342286072,10.990269032627362,
rooftop|t0.005|max20|min0,0.45,190,281,3202,1235,,67.61565836298932,5.933791380387258,10.910134941142694,
rooftop|t0.005|max20|min0,0.6,158,226,3202,1195,,69.91150442477876,4.934415990006246,9.218203033838973,
rooftop|t0.005|max20|min0,0.9,120,158,3202,1139,,75.9493670886076,3.7476577139287945,7.142857142857143,
rooftop|t0.005|max20|min0,1.2,65,85,3202,929,,76.47058823529412,2.0299812617114306,3.9549741405536962,
rooftop|t0.005|max20|min0,1.8,14,20,3202,502,,70.0,0.4372267332916927,0.8690254500310366,
rooftop|t0.005|max20|min0,2.4,0,2,3202,269,,0.0,0.0,0.0,
rooftop|t0.005|max20|min0,3.6,0,0,3202,88,,,0.0,0.0,
rooftop|t0.005|max20|min0,5.0,0,0,3202,30,,,0.0,0.0,
rooftop|t0.005|max20|min0,10.0,0,0,3202,6,,,0.0,0.0,
rooftop|t0.005|max30|min0,0.3,497,761,3202,695,,65.30880420499344,15.521549031855091,25.082008579359073,
rooftop|t0.005|max30|min0,0.45,501,765,3202,751,,65.49019607843137,15.646470955652717,25.25838164860096,
rooftop|t0.005|max30|min0,0.6,459,675,3202,746,,68.0,14.33479075577764,23.67810162496776,
rooftop|t0.005|max30|min0,0.9,369,519,3202,778,,71.09826589595376,11.524047470331043,19.833378124160173,
rooftop|t0.005|max30|min0,1.2,251,353,3202,661,,71.10481586402267,7.838850718301062,14.120956399437413,
rooftop|t0.005|max30|min0,1.8,75,112,3202,410,,66.96428571428571,2.3422860712054967,4.526252263126132,
rooftop|t0.005|max30|min0,2.4,15,22,3202,249,,68.18181818181819,0.4684572142410993,0.9305210918114144,
rooftop|t0.005|max30|min0,3.6,0,0,3202,88,,,0.0,0.0,
rooftop|t0.005|max30|min0,5.0,0,0,3202,30,,,0.0,0.0,
rooftop|t0.005|max30|min0,10.0,0,0,3202,6,,,0.0,0.0,
rooftop|t0.005|max60|min0,0.3,618,1074,3202,382,,57.54189944134078,19.30043722673329,28.90551917680075,
rooftop|t0.005|max60|min0,0.45,612,1100,3202,416,,55.63636363636363,19.11305434103685,28.451882845188283,
rooftop|t0.005|max60|min0,0.6,553,998,3202,423,,55.410821643286575,17.27045596502186,26.333333333333332,
rooftop|t0.005|max60|min0,0.9,470,844,3202,453,,55.687203791469194,14.678326046221112,23.23282254078102,
rooftop|t0.005|max60|min0,1.2,346,623,3202,391,,55.53772070626003,10.805746408494691,18.091503267973856,
rooftop|t0.005|max60|min0,1.8,126,242,3202,280,,52.06611570247934,3.9350405996252342,7.317073170731708,
rooftop|t0.005|max60|min0,2.4,40,71,3202,200,,56.33802816901409,1.2492192379762648,2.444240757714635,
rooftop|t0.005|max60|min0,3.6,0,1,3202,87,,0.0,0.0,0.0,
rooftop|t0.005|max60|min0,5.0,0,0,3202,30,,,0.0,0.0,
rooftop|t0.005|max60|min0,10.0,0,0,3202,6,,,0.0,0.0,
rooftop|t0.0075|max15|min0,0.3,3,5,3202,359,,60.0,0.09369144284821987,0.18709073900841908,
rooftop|t0.0075|max15|min0,0.45,3,4,3202,370,,75.0,0.09369144284821987,0.18714909544603867,
rooftop|t0.0075|max15|min0,0.6,1,1,3202,357,,100.0,0.03123048094940662,0.062441461130190445,
rooftop|t0.0075|max15|min0,0.9,0,0,3202,327,,,0.0,0.0,
rooftop|t0.0075|max15|min0,1.2,0,0,3202,264,,,0.0,0.0,
rooftop|t0.0075|max15|min0,1.8,0,0,3202,174,,,0.0,0.0,
rooftop|t0.0075|max15|min0,2.4,0,0,3202,85,,,0.0,0.0,
rooftop|t0.0075|max15|min0,3.6,0,0,3202,26,,,0.0,0.0,
rooftop|t0.0075|max15|min0,5.0,0,0,3202,7,,,0.0,0.0,
rooftop|t0.0075|max15|min0,10.0,0,0,3202,2,,,0.0,0.0,
rooftop|t0.0075|max195|min0,0.3,130,364,3202,0,,35.714285714285715,4.059962523422861,7.291082445316881,
rooftop|t0.0075|max195|min0,0.45,134,374,3202,0,,35.82887700534759,4.184884447220488,7.494407158836689,
rooftop|t0.0075|max195|min0,0.6,117,358,3202,0,,32.68156424581006,3.6539662710805745,6.573033707865169,
rooftop|t0.0075|max195|min0,0.9,100,327,3202,0,,30.581039755351682,3.1230480949406623,5.667327854916407,
rooftop|t0.0075|max195|min0,1.2,79,264,3202,0,,29.924242424242426,2.467207995003123,4.558568955568378,
rooftop|t0.0075|max195|min0,1.8,37,174,3202,0,,21.264367816091955,1.155527795128045,2.191943127962085,
rooftop|t0.0075|max195|min0,2.4,16,85,3202,0,,18.823529411764707,0.49968769519050593,0.9735320961362945,
rooftop|t0.0075|max195|min0,3.6,2,26,3202,0,,7.6923076923076925,0.06246096189881324,0.12391573729863693,
rooftop|t0.0075|max195|min0,5.0,0,7,3202,0,,0.0,0.0,0.0,
rooftop|t0.0075|max195|min0,10.0,0,2,3202,0,,0.0,0.0,0.0,
rooftop|t0.0075|max20|min0,0.3,16,23,3202,341,,69.56521739130434,0.49968769519050593,0.9922480620155039,
rooftop|t0.0075|max20|min0,0.45,18,20,3202,354,,90.0,0.5621486570893192,1.1173184357541899,
rooftop|t0.0075|max20|min0,0.6,13,16,3202,342,,81.25,0.4059962523422861,0.8079552517091361,
rooftop|t0.0075|max20|min0,0.9,8,9,3202,318,,88.88888888888889,0.24984384759525297,0.4982871379632513,
rooftop|t0.0075|max20|min0,1.2,2,2,3202,262,,100.0,0.06246096189881324,0.12484394506866417,
rooftop|t0.0075|max20|min0,1.8,0,0,3202,174,,,0.0,0.0,
rooftop|t0.0075|max20|min0,2.4,0,0,3202,85,,,0.0,0.0,
rooftop|t0.0075|max20|min0,3.6,0,0,3202,26,,,0.0,0.0,
rooftop|t0.0075|max20|min0,5.0,0,0,3202,7,,,0.0,0.0,
rooftop|t0.0075|max20|min0,10.0,0,0,3202,2,,,0.0,0.0,
rooftop|t0.0075|max30|min0,0.3,73,100,3202,264,,73.0,2.2798251093066835,4.421562689279225,
rooftop|t0.0075|max30|min0,0.45,78,100,3202,274,,78.0,2.4359775140537163,4.724409448818897,
rooftop|t0.0075|max30|min0,0.6,70,93,3202,265,,75.26881720430107,2.1861336664584634,4.24886191198786,
rooftop|t0.0075|max30|min0,0.9,50,73,3202,254,,68.4931506849315,1.5615240474703311,3.053435114503817,
rooftop|t0.0075|max30|min0,1.2,35,41,3202,223,,85.36585365853658,1.0930668332292317,2.158495220474869,
rooftop|t0.0075|max30|min0,1.8,14,16,3202,158,,87.5,0.4372267332916927,0.870105655686762,
rooftop|t0.0075|max30|min0,2.4,2,2,3202,83,,100.0,0.06246096189881324,0.12484394506866417,
rooftop|t0.0075|max30|min0,3.6,0,0,3202,26,,,0.0,0.0,
rooftop|t0.0075|max30|min0,5.0,0,0,3202,7,,,0.0,0.0,
rooftop|t0.0075|max30|min0,10.0,0,0,3202,2,,,0.0,0.0,
rooftop|t0.0075|max60|min0,0.3,117,183,3202,181,,63.9344262295082,3.6539662710805745,6.912850812407681,
rooftop|t0.0075|max60|min0,0.45,119,185,3202,189,,64.32432432432432,3.7164272329793877,7.026867434307647,
rooftop|t0.0075|max60|min0,0.6,105,168,3202,190,,62.5,3.279200499687695,6.231454005934718,
rooftop|t0.0075|max60|min0,0.9,92,149,3202,178,,61.74496644295302,2.873204247345409,5.490898239331543,
rooftop|t0.0075|max60|min0,1.2,71,107,3202,157,,66.35514018691589,2.2173641474078702,4.291326684799033,
rooftop|t0.0075|max60|min0,1.8,29,45,3202,129,,64.44444444444444,0.905683947532792,1.7862642439174623,
rooftop|t0.0075|max60|min0,2.4,11,14,3202,71,,78.57142857142857,0.3435352904434728,0.6840796019900498,
rooftop|t0.0075|max60|min0,3.6,0,0,3202,26,,,0.0,0.0,
rooftop|t0.0075|max60|min0,5.0,0,0,3202,7,,,0.0,0.0,
rooftop|t0.0075|max60|min0,10.0,0,0,3202,2,,,0.0,0.0,
rooftop|t0.01|max15|min0,0.3,1,1,3202,133,,100.0,0.03123048094940662,0.062441461130190445,
rooftop|t0.01|max15|min0,0.45,0,0,3202,150,,,0.0,0.0,
rooftop|t0.01|max15|min0,0.6,0,0,3202,138,,,0.0,0.0,
rooftop|t0.01|max15|min0,0.9,0,0,3202,120,,,0.0,0.0,
rooftop|t0.01|max15|min0,1.2,0,0,3202,99,,,0.0,0.0,
rooftop|t0.01|max15|min0,1.8,0,0,3202,71,,,0.0,0.0,
rooftop|t0.01|max15|min0,2.4,0,0,3202,25,,,0.0,0.0,
rooftop|t0.01|max15|min0,3.6,0,0,3202,6,,,0.0,0.0,
rooftop|t0.01|max15|min0,5.0,0,0,3202,3,,,0.0,0.0,
rooftop|t0.01|max15|min0,10.0,0,0,3202,2,,,0.0,0.0,
rooftop|t0.01|max195|min0,0.3,33,134,3202,0,,24.62686567164179,1.0306058713304185,1.9784172661870503,
rooftop|t0.01|max195|min0,0.45,36,150,3202,0,,24.0,1.1242973141786383,2.1479713603818618,
rooftop|t0.01|max195|min0,0.6,31,138,3202,0,,22.463768115942027,0.9681449094316052,1.8562874251497006,
rooftop|t0.01|max195|min0,0.9,28,120,3202,0,,23.333333333333332,0.8744534665833854,1.6857314870559903,
rooftop|t0.01|max195|min0,1.2,22,99,3202,0,,22.22222222222222,0.6870705808869456,1.3329294153286884,
rooftop|t0.01|max195|min0,1.8,13,71,3202,0,,18.309859154929576,0.4059962523422861,0.7943782462572564,
rooftop|t0.01|max195|min0,2.4,4,25,3202,0,,16.0,0.12492192379762648,0.2479082739386427,
rooftop|t0.01|max195|min0,3.6,1,6,3202,0,,16.666666666666668,0.03123048094940662,0.06234413965087282,
rooftop|t0.01|max195|min0,5.0,0,3,3202,0,,0.0,0.0,0.0,
rooftop|t0.01|max195|min0,10.0,0,2,3202,0,,0.0,0.0,0.0,
rooftop|t0.01|max20|min0,0.3,2,2,3202,132,,100.0,0.06246096189881324,0.12484394506866417,
rooftop|t0.01|max20|min0,0.45,2,2,3202,148,,100.0,0.06246096189881324,0.12484394506866417,
rooftop|t0.01|max20|min0,0.6,2,2,3202,136,,100.0,0.06246096189881324,0.12484394506866417,
rooftop|t0.01|max20|min0,0.9,0,0,3202,120,,,0.0,0.0,
rooftop|t0.01|max20|min0,1.2,0,0,3202,99,,,0.0,0.0,
rooftop|t0.01|max20|min0,1.8,0,0,3202,71,,,0.0,0.0,
rooftop|t0.01|max20|min0,2.4,0,0,3202,25,,,0.0,0.0,
rooftop|t0.01|max20|min0,3.6,0,0,3202,6,,,0.0,0.0,
rooftop|t0.01|max20|min0,5.0,0,0,3202,3,,,0.0,0.0,
rooftop|t0.01|max20|min0,10.0,0,0,3202,2,,,0.0,0.0,
rooftop|t0.01|max30|min0,0.3,9,12,3202,122,,75.0,0.2810743285446596,0.5600497822028625,
rooftop|t0.01|max30|min0,0.45,10,13,3202,137,,76.92307692307692,0.3123048094940662,0.6220839813374806,
rooftop|t0.01|max30|min0,0.6,10,13,3202,125,,76.92307692307692,0.3123048094940662,0.6220839813374806,
rooftop|t0.01|max30|min0,0.9,10,12,3202,108,,83.33333333333333,0.3123048094940662,0.6222775357809583,
rooftop|t0.01|max30|min0,1.2,5,5,3202,94,,100.0,0.1561524047470331,0.3118178983473651,
rooftop|t0.01|max30|min0,1.8,3,3,3202,68,,100.0,0.09369144284821987,0.187207488299532,
rooftop|t0.01|max30|min0,2.4,0,0,3202,25,,,0.0,0.0,
rooftop|t0.01|max30|min0,3.6,0,0,3202,6,,,0.0,0.0,
rooftop|t0.01|max30|min0,5.0,0,0,3202,3,,,0.0,0.0,
rooftop|t0.01|max30|min0,10.0,0,0,3202,2,,,0.0,0.0,
rooftop|t0.01|max60|min0,0.3,25,35,3202,99,,71.42857142857143,0.7807620237351656,1.5446400988569664,
rooftop|t0.01|max60|min0,0.45,26,37,3202,113,,70.27027027027027,0.8119925046845722,1.6054337758567458,
rooftop|t0.01|max60|min0,0.6,23,34,3202,104,,67.6470588235294,0.7183010618363522,1.4215080346106304,
rooftop|t0.01|max60|min0,0.9,22,29,3202,91,,75.86206896551724,0.6870705808869456,1.3618074899411947,
rooftop|t0.01|max60|min0,1.2,18,23,3202,76,,78.26086956521739,0.5621486570893192,1.1162790697674418,
rooftop|t0.01|max60|min0,1.8,8,12,3202,59,,66.66666666666667,0.24984384759525297,0.49782202862476665,
rooftop|t0.01|max60|min0,2.4,2,2,3202,23,,100.0,0.06246096189881324,0.12484394506866417,
rooftop|t0.01|max60|min0,3.6,0,0,3202,6,,,0.0,0.0,
rooftop|t0.01|max60|min0,5.0,0,0,3202,3,,,0.0,0.0,
rooftop|t0.01|max60|min0,10.0,0,0,3202,2,,,0.0,0.0,
rooftop|t0.02|max15|min0,0.3,0,0,3202,8,,,0.0,0.0,
rooftop|t0.02|max15|min0,0.45,0,0,3202,5,,,0.0,0.0,
rooftop|t0.02|max15|min0,0.6,0,0,3202,4,,,0.0,0.0,
rooftop|t0.02|max15|min0,0.9,0,0,3202,0,,,0.0,0.0,
rooftop|t0.02|max15|min0,1.2,0,0,3202,0,,,0.0,0.0,
rooftop|t0.02|max15|min0,1.8,0,0,3202,0,,,0.0,0.0,
rooftop|t0.02|max15|min0,2.4,0,0,3202,0,,,0.0,0.0,
rooftop|t0.02|max15|min0,3.6,0,0,3202,0,,,0.0,0.0,
rooftop|t0.02|max15|min0,5.0,0,0,3202,0,,,0.0,0.0,
rooftop|t0.02|max15|min0,10.0,0,0,3202,0,,,0.0,0.0,
rooftop|t0.02|max195|min0,0.3,2,8,3202,0,,25.0,0.06246096189881324,0.12461059190031153,
rooftop|t0.02|max195|min0,0.45,2,5,3202,0,,40.0,0.06246096189881324,0.12472715933894606,
rooftop|t0.02|max195|min0,0.6,2,4,3202,0,,50.0,0.06246096189881324,0.12476606363069245,
rooftop|t0.02|max195|min0,0.9,0,0,3202,0,,,0.0,0.0,
rooftop|t0.02|max195|min0,1.2,0,0,3202,0,,,0.0,0.0,
rooftop|t0.02|max195|min0,1.8,0,0,3202,0,,,0.0,0.0,
rooftop|t0.02|max195|min0,2.4,0,0,3202,0,,,0.0,0.0,
rooftop|t0.02|max195|min0,3.6,0,0,3202,0,,,0.0,0.0,
rooftop|t0.02|max195|min0,5.0,0,0,3202,0,,,0.0,0.0,
rooftop|t0.02|max195|min0,10.0,0,0,3202,0,,,0.0,0.0,
rooftop|t0.02|max20|min0,0.3,0,0,3202,8,,,0.0,0.0,
rooftop|t0.02|max20|min0,0.45,0,0,3202,5,,,0.0,0.0,
rooftop|t0.02|max20|min0,0.6,0,0,3202,4,,,0.0,0.0,
rooftop|t0.02|max20|min0,0.9,0,0,3202,0,,,0.0,0.0,
rooftop|t0.02|max20|min0,1.2,0,0,3202,0,,,0.0,0.0,
rooftop|t0.02|max20|min0,1.8,0,0,3202,0,,,0.0,0.0,
rooftop|t0.02|max20|min0,2.4,0,0,3202,0,,,0.0,0.0,
rooftop|t0.02|max20|min0,3.6,0,0,3202,0,,,0.0,0.0,
rooftop|t0.02|max20|min0,5.0,0,0,3202,0,,,0.0,0.0,
rooftop|t0.02|max20|min0,10.0,0,0,3202,0,,,0.0,0.0,
rooftop|t0.02|max30|min0,0.3,0,0,3202,8,,,0.0,0.0,
rooftop|t0.02|max30|min0,0.45,0,0,3202,5,,,0.0,0.0,
rooftop|t0.02|max30|min0,0.6,0,0,3202,4,,,0.0,0.0,
rooftop|t0.02|max30|min0,0.9,0,0,3202,0,,,0.0,0.0,
rooftop|t0.02|max30|min0,1.2,0,0,3202,0,,,0.0,0.0,
rooftop|t0.02|max30|min0,1.8,0,0,3202,0,,,0.0,0.0,
rooftop|t0.02|max30|min0,2.4,0,0,3202,0,,,0.0,0.0,
rooftop|t0.02|max30|min0,3.6,0,0,3202,0,,,0.0,0.0,
rooftop|t0.02|max30|min0,5.0,0,0,3202,0,,,0.0,0.0,
rooftop|t0.02|max30|min0,10.0,0,0,3202,0,,,0.0,0.0,
rooftop|t0.02|max60|min0,0.3,0,0,3202,8,,,0.0,0.0,
rooftop|t0.02|max60|min0,0.45,0,0,3202,5,,,0.0,0.0,
rooftop|t0.02|max60|min0,0.6,0,0,3202,4,,,0.0,0.0,
rooftop|t0.02|max60|min0,0.9,0,0,3202,0,,,0.0,0.0,
rooftop|t0.02|max60|min0,1.2,0,0,3202,0,,,0.0,0.0,
rooftop|t0.02|max60|min0,1.8,0,0,3202,0,,,0.0,0.0,
rooftop|t0.02|max60|min0,2.4,0,0,3202,0,,,0.0,0.0,
rooftop|t0.02|max60|min0,3.6,0,0,3202,0,,,0.0,0.0,
rooftop|t0.02|max60|min0,5.0,0,0,3202,0,,,0.0,0.0,
rooftop|t0.02|max60|min0,10.0,0,0,3202,0,,,0.0,0.0,
rooftop|t0.05|max15|min0,0.3,0,0,3202,0,,,0.0,0.0,
rooftop|t0.05|max15|min0,0.45,0,0,3202,0,,,0.0,0.0,
rooftop|t0.05|max15|min0,0.6,0,0,3202,0,,,0.0,0.0,
rooftop|t0.05|max15|min0,0.9,0,0,3202,0,,,0.0,0.0,
rooftop|t0.05|max15|min0,1.2,0,0,3202,0,,,0.0,0.0,
rooftop|t0.05|max15|min0,1.8,0,0,3202,0,,,0.0,0.0,
rooftop|t0.05|max15|min0,2.4,0,0,3202,0,,,0.0,0.0,
rooftop|t0.05|max15|min0,3.6,0,0,3202,0,,,0.0,0.0,
rooftop|t0.05|max15|min0,5.0,0,0,3202,0,,,0.0,0.0,
rooftop|t0.05|max15|min0,10.0,0,0,3202,0,,,0.0,0.0,
rooftop|t0.05|max195|min0,0.3,0,0,3202,0,,,0.0,0.0,
rooftop|t0.05|max195|min0,0.45,0,0,3202,0,,,0.0,0.0,
rooftop|t0.05|max195|min0,0.6,0,0,3202,0,,,0.0,0.0,
rooftop|t0.05|max195|min0,0.9,0,0,3202,0,,,0.0,0.0,
rooftop|t0.05|max195|min0,1.2,0,0,3202,0,,,0.0,0.0,
rooftop|t0.05|max195|min0,1.8,0,0,3202,0,,,0.0,0.0,
rooftop|t0.05|max195|min0,2.4,0,0,3202,0,,,0.0,0.0,
rooftop|t0.05|max195|min0,3.6,0,0,3202,0,,,0.0,0.0,
rooftop|t0.05|max195|min0,5.0,0,0,3202,0,,,0.0,0.0,
rooftop|t0.05|max195|min0,10.0,0,0,3202,0,,,0.0,0.0,
rooftop|t0.05|max20|min0,0.3,0,0,3202,0,,,0.0,0.0,
rooftop|t0.05|max20|min0,0.45,0,0,3202,0,,,0.0,0.0,
rooftop|t0.05|max20|min0,0.6,0,0,3202,0,,,0.0,0.0,
rooftop|t0.05|max20|min0,0.9,0,0,3202,0,,,0.0,0.0,
rooftop|t0.05|max20|min0,1.2,0,0,3202,0,,,0.0,0.0,
rooftop|t0.05|max20|min0,1.8,0,0,3202,0,,,0.0,0.0,
rooftop|t0.05|max20|min0,2.4,0,0,3202,0,,,0.0,0.0,
rooftop|t0.05|max20|min0,3.6,0,0,3202,0,,,0.0,0.0,
rooftop|t0.05|max20|min0,5.0,0,0,3202,0,,,0.0,0.0,
rooftop|t0.05|max20|min0,10.0,0,0,3202,0,,,0.0,0.0,
rooftop|t0.05|max30|min0,0.3,0,0,3202,0,,,0.0,0.0,
rooftop|t0.05|max30|min0,0.45,0,0,3202,0,,,0.0,0.0,
rooftop|t0.05|max30|min0,0.6,0,0,3202,0,,,0.0,0.0,
rooftop|t0.05|max30|min0,0.9,0,0,3202,0,,,0.0,0.0,
rooftop|t0.05|max30|min0,1.2,0,0,3202,0,,,0.0,0.0,
rooftop|t0.05|max30|min0,1.8,0,0,3202,0,,,0.0,0.0,
rooftop|t0.05|max30|min0,2.4,0,0,3202,0,,,0.0,0.0,
rooftop|t0.05|max30|min0,3.6,0,0,3202,0,,,0.0,0.0,
rooftop|t0.05|max30|min0,5.0,0,0,3202,0,,,0.0,0.0,
rooftop|t0.05|max30|min0,10.0,0,0,3202,0,,,0.0,0.0,
rooftop|t0.05|max60|min0,0.3,0,0,3202,0,,,0.0,0.0,
rooftop|t0.05|max60|min0,0.45,0,0,3202,0,,,0.0,0.0,
rooftop|t0.05|max60|min0,0.6,0,0,3202,0,,,0.0,0.0,
rooftop|t0.05|max60|min0,0.9,0,0,3202,0,,,0.0,0.0,
rooftop|t0.05|max60|min0,1.2,0,0,3202,0,,,0.0,0.0,
rooftop|t0.05|max60|min0,1.8,0,0,3202,0,,,0.0,0.0,
rooftop|t0.05|max60|min0,2.4,0,0,3202,0,,,0.0,0.0,
rooftop|t0.05|max60|min0,3.6,0,0,3202,0,,,0.0,0.0,
rooftop|t0.05|max60|min0,5.0,0,0,3202,0,,,0.0,0.0,
rooftop|t0.05|max60|min0,10.0,0,0,3202,0,,,0.0,0.0,
rooftop|t0.1|max15|min0,0.3,0,0,3202,0,,,0.0,0.0,
rooftop|t0.1|max15|min0,0.45,0,0,3202,0,,,0.0,0.0,
rooftop|t0.1|max15|min0,0.6,0,0,3202,0,,,0.0,0.0,
rooftop|t0.1|max15|min0,0.9,0,0,3202,0,,,0.0,0.0,
rooftop|t0.1|max15|min0,1.2,0,0,3202,0,,,0.0,0.0,
rooftop|t0.1|max15|min0,1.8,0,0,3202,0,,,0.0,0.0,
rooftop|t0.1|max15|min0,2.4,0,0,3202,0,,,0.0,0.0,
rooftop|t0.1|max15|min0,3.6,0,0,3202,0,,,0.0,0.0,
rooftop|t0.1|max15|min0,5.0,0,0,3202,0,,,0.0,0.0,
rooftop|t0.1|max15|min0,10.0,0,0,3202,0,,,0.0,0.0,
rooftop|t0.1|max195|min0,0.3,0,0,3202,0,,,0.0,0.0,
rooftop|t0.1|max195|min0,0.45,0,0,3202,0,,,0.0,0.0,
rooftop|t0.1|max195|min0,0.6,0,0,3202,0,,,0.0,0.0,
rooftop|t0.1|max195|min0,0.9,0,0,3202,0,,,0.0,0.0,
rooftop|t0.1|max195|min0,1.2,0,0,3202,0,,,0.0,0.0,
rooftop|t0.1|max195|min0,1.8,0,0,3202,0,,,0.0,0.0,
rooftop|t0.1|max195|min0,2.4,0,0,3202,0,,,0.0,0.0,
rooftop|t0.1|max195|min0,3.6,0,0,3202,0,,,0.0,0.0,
rooftop|t0.1|max195|min0,5.0,0,0,3202,0,,,0.0,0.0,
rooftop|t0.1|max195|min0,10.0,0,0,3202,0,,,0.0,0.0,
rooftop|t0.1|max20|min0,0.3,0,0,3202,0,,,0.0,0.0,
rooftop|t0.1|max20|min0,0.45,0,0,3202,0,,,0.0,0.0,
rooftop|t0.1|max20|min0,0.6,0,0,3202,0,,,0.0,0.0,
rooftop|t0.1|max20|min0,0.9,0,0,3202,0,,,0.0,0.0,
rooftop|t0.1|max20|min0,1.2,0,0,3202,0,,,0.0,0.0,
rooftop|t0.1|max20|min0,1.8,0,0,3202,0,,,0.0,0.0,
rooftop|t0.1|max20|min0,2.4,0,0,3202,0,,,0.0,0.0,
rooftop|t0.1|max20|min0,3.6,0,0,3202,0,,,0.0,0.0,
rooftop|t0.1|max20|min0,5.0,0,0,3202,0,,,0.0,0.0,
rooftop|t0.1|max20|min0,10.0,0,0,3202,0,,,0.0,0.0,
rooftop|t0.1|max30|min0,0.3,0,0,3202,0,,,0.0,0.0,
rooftop|t0.1|max30|min0,0.45,0,0,3202,0,,,0.0,0.0,
rooftop|t0.1|max30|min0,0.6,0,0,3202,0,,,0.0,0.0,
rooftop|t0.1|max30|min0,0.9,0,0,3202,0,,,0.0,0.0,
rooftop|t0.1|max30|min0,1.2,0,0,3202,0,,,0.0,0.0,
rooftop|t0.1|max30|min0,1.8,0,0,3202,0,,,0.0,0.0,
rooftop|t0.1|max30|min0,2.4,0,0,3202,0,,,0.0,0.0,
rooftop|t0.1|max30|min0,3.6,0,0,3202,0,,,0.0,0.0,
rooftop|t0.1|max30|min0,5.0,0,0,3202,0,,,0.0,0.0,
rooftop|t0.1|max30|min0,10.0,0,0,3202,0,,,0.0,0.0,
rooftop|t0.1|max60|min0,0.3,0,0,3202,0,,,0.0,0.0,
rooftop|t0.1|max60|min0,0.45,0,0,3202,0,,,0.0,0.0,
rooftop|t0.1|max60|min0,0.6,0,0,3202,0,,,0.0,0.0,
rooftop|t0.1|max60|min0,0.9,0,0,3202,0,,,0.0,0.0,
rooftop|t0.1|max60|min0,1.2,0,0,3202,0,,,0.0,0.0,
rooftop|t0.1|max60|min0,1.8,0,0,3202,0,,,0.0,0.0,
rooftop|t0.1|max60|min0,2.4,0,0,3202,0,,,0.0,0.0,
rooftop|t0.1|max60|min0,3.6,0,0,3202,0,,,0.0,0.0,
rooftop|t0.1|max60|min0,5.0,0,0,3202,0,,,0.0,0.0,
rooftop|t0.1|max60|min0,10.0,0,0,3202,0,,,0.0,0.0,
rooftop|t0.2|max15|min0,0.3,0,0,3202,0,,,0.0,0.0,
rooftop|t0.2|max15|min0,0.45,0,0,3202,0,,,0.0,0.0,
rooftop|t0.2|max15|min0,0.6,0,0,3202,0,,,0.0,0.0,
rooftop|t0.2|max15|min0,0.9,0,0,3202,0,,,0.0,0.0,
rooftop|t0.2|max15|min0,1.2,0,0,3202,0,,,0.0,0.0,
rooftop|t0.2|max15|min0,1.8,0,0,3202,0,,,0.0,0.0,
rooftop|t0.2|max15|min0,2.4,0,0,3202,0,,,0.0,0.0,
rooftop|t0.2|max15|min0,3.6,0,0,3202,0,,,0.0,0.0,
rooftop|t0.2|max15|min0,5.0,0,0,3202,0,,,0.0,0.0,
rooftop|t0.2|max15|min0,10.0,0,0,3202,0,,,0.0,0.0,
rooftop|t0.2|max195|min0,0.3,0,0,3202,0,,,0.0,0.0,
rooftop|t0.2|max195|min0,0.45,0,0,3202,0,,,0.0,0.0,
rooftop|t0.2|max195|min0,0.6,0,0,3202,0,,,0.0,0.0,
rooftop|t0.2|max195|min0,0.9,0,0,3202,0,,,0.0,0.0,
rooftop|t0.2|max195|min0,1.2,0,0,3202,0,,,0.0,0.0,
rooftop|t0.2|max195|min0,1.8,0,0,3202,0,,,0.0,0.0,
rooftop|t0.2|max195|min0,2.4,0,0,3202,0,,,0.0,0.0,
rooftop|t0.2|max195|min0,3.6,0,0,3202,0,,,0.0,0.0,
rooftop|t0.2|max195|min0,5.0,0,0,3202,0,,,0.0,0.0,
rooftop|t0.2|max195|min0,10.0,0,0,3202,0,,,0.0,0.0,
rooftop|t0.2|max20|min0,0.3,0,0,3202,0,,,0.0,0.0,
rooftop|t0.2|max20|min0,0.45,0,0,3202,0,,,0.0,0.0,
rooftop|t0.2|max20|min0,0.6,0,0,3202,0,,,0.0,0.0,
rooftop|t0.2|max20|min0,0.9,0,0,3202,0,,,0.0,0.0,
rooftop|t0.2|max20|min0,1.2,0,0,3202,0,,,0.0,0.0,
rooftop|t0.2|max20|min0,1.8,0,0,3202,0,,,0.0,0.0,
rooftop|t0.2|max20|min0,2.4,0,0,3202,0,,,0.0,0.0,
rooftop|t0.2|max20|min0,3.6,0,0,3202,0,,,0.0,0.0,
rooftop|t0.2|max20|min0,5.0,0,0,3202,0,,,0.0,0.0,
rooftop|t0.2|max20|min0,10.0,0,0,3202,0,,,0.0,0.0,
rooftop|t0.2|max30|min0,0.3,0,0,3202,0,,,0.0,0.0,
rooftop|t0.2|max30|min0,0.45,0,0,3202,0,,,0.0,0.0,
rooftop|t0.2|max30|min0,0.6,0,0,3202,0,,,0.0,0.0,
rooftop|t0.2|max30|min0,0.9,0,0,3202,0,,,0.0,0.0,
rooftop|t0.2|max30|min0,1.2,0,0,3202,0,,,0.0,0.0,
rooftop|t0.2|max30|min0,1.8,0,0,3202,0,,,0.0,0.0,
rooftop|t0.2|max30|min0,2.4,0,0,3202,0,,,0.0,0.0,
rooftop|t0.2|max30|min0,3.6,0,0,3202,0,,,0.0,0.0,
rooftop|t0.2|max30|min0,5.0,0,0,3202,0,,,0.0,0.0,
rooftop|t0.2|max30|min0,10.0,0,0,3202,0,,,0.0,0.0,
rooftop|t0.2|max60|min0,0.3,0,0,3202,0,,,0.0,0.0,
rooftop|t0.2|max60|min0,0.45,0,0,3202,0,,,0.0,0.0,
rooftop|t0.2|max60|min0,0.6,0,0,3202,0,,,0.0,0.0,
rooftop|t0.2|max60|min0,0.9,0,0,3202,0,,,0.0,0.0,
rooftop|t0.2|max60|min0,1.2,0,0,3202,0,,,0.0,0.0,
rooftop|t0.2|max60|min0,1.8,0,0,3202,0,,,0.0,0.0,
rooftop|t0.2|max60|min0,2.4,0,0,3202,0,,,0.0,0.0,
rooftop|t0.2|max60|min0,3.6,0,0,3202,0,,,0.0,0.0,
rooftop|t0.2|max60|min0,5.0,0,0,3202,0,,,0.0,0.0,
rooftop|t0.2|max60|min0,10.0,0,0,3202,0,,,0.0,0.0,
